trial,slope,temperature,beta,lr,polyak_alpha,polyak_beta,init_dist,init_C_m,init_g_L,init_v_reset,init_v_T,init_E_L,init_delta_T,final_loss,min_loss,gamma,n_spikes_sim,elapsed_s
0,7.852582461281652,0.027998300896645015,8.584587719258248,0.04554516527685851,0.0,0.0,2.7052035041882716,0.3957509705081966,60.174312449037245,11.30342160448495,-53.15984678940154,-55.83409642428814,-108.02637724619377,9.352160130725435,16.13725471496582,16.056324005126953,nan,0,1.3770990371704102
1,4.669345177644497,0.14289599204558903,5.017505429293386,0.015423820910732921,0.0,0.0,0.5178824474922269,0.2353471576521727,188.02553977826054,11.206238684593142,-55.43413978548931,-49.92901650016579,-99.42745046361186,11.10379802240758,15.875728607177734,15.780465126037598,nan,0,1.144413948059082
2,8.656680239158133,0.047418716582792106,9.576776454040932,0.0030882289821812423,0.0,0.0,5.055169376775171,0.3674523552362046,57.004109562315286,11.809829575880526,-73.1061740414183,-52.71841833214146,-87.20548497546476,10.247488748726404,0.734993040561676,0.6810157299041748,-0.005602240896358641,8,1.147968053817749
3,7.124996276063957,0.054174745945696955,6.857151307459631,0.030999165397996867,0.0,0.0,0.30335720936452126,0.2675482306431605,148.19535657361675,9.499556803999337,-47.818434202146804,-39.00164764507029,-70.43989469435127,12.960814856665314,3.1466028690338135,3.1081583499908447,0.019047619047619067,5,1.1584999561309814
4,1.3946848049326706,0.19336201577876094,2.043089787873245,0.0014755767083059436,0.0,0.0,1.1934026013488372,0.14930745678475463,156.05182064798547,10.87358946972759,-64.77905459524904,-51.94734997331843,-83.35987006480083,1.4851049056305559,2.7602286338806152,2.6792187690734863,0.2,5,1.1252200603485107
5,9.768412340549181,0.12394894355536763,8.965836894041207,0.035386341866157835,0.0,0.0,0.23349545654650458,0.38277594368937,11.714979227474698,12.81313461037399,-78.37515843278322,-46.88012124166455,-82.32555066726597,4.765253362826277,3.4621527194976807,3.420738458633423,-0.25235404896421837,9,1.1432452201843262
6,7.730827168908354,0.27733721054494853,5.40338671747718,0.015134582479138504,0.0,0.0,0.978591034905104,0.2907900768027892,216.0180928009841,7.520766173987,-49.04197544216639,-40.92524326667412,-99.16656709141127,3.864139159245777,15.72203254699707,15.72203254699707,nan,0,1.1726148128509521
7,7.967610900131061,0.10255538343634031,2.2747507117561447,0.0016653312696078744,0.0,0.0,0.2018055091299442,0.505136963596159,82.73352334283408,9.183604530162198,-71.39753632253768,-35.02771128113942,-99.66564486921885,16.78206171267428,15.692670822143555,15.692670822143555,nan,0,1.2032830715179443
8,1.717079510417686,0.2205922372313313,2.3742112045727866,0.00144215229753275,0.0,0.0,0.21045403108634034,0.32832155301814286,46.59708183080874,13.841957002207579,-72.10667896009203,-49.45778613041019,-84.86461699544421,3.285428587965773,5.814966678619385,5.814966678619385,0.24660397074190177,2,1.1513729095458984
9,4.7786664100078875,0.1437188347449232,7.187805415988846,0.03174480523473066,0.0,0.0,1.6766667583489032,0.12543655636081166,197.8686155201933,8.19748426144664,-60.77555344394177,-46.259154732668826,-82.88117064533968,2.054233743961979,3.7427589893341064,3.7121918201446533,0.2745861733203505,4,1.1256771087646484
10,4.022581230209521,0.20138587732749083,1.426352560565408,0.003853645961016733,0.0,0.0,0.33695513903329444,0.34520621125222944,48.78231522126061,7.289537943386914,-69.42820592044518,-56.3771460785415,-68.51354056515696,10.746134559714713,6.454468250274658,6.426348686218262,0.5624999999999993,23,1.1373209953308105
11,9.304267394061718,0.1839116534476372,3.5793438842243193,0.06006254100868838,0.0,0.0,0.22117419391453255,0.2810177253378525,153.42228397161742,8.859905403184968,-70.3313850638131,-47.42057074419468,-96.75546613243249,7.529272588865521,15.853599548339844,15.69133186340332,nan,0,1.2231862545013428
12,6.616718640766313,0.14710735210010947,2.258088314228813,0.03343074401171801,0.0,0.0,7.236632199838556,0.23488044150531992,114.13270108229715,10.045869497474843,-45.549009587635645,-54.41693529595149,-88.04107258028088,3.8407230502974397,nan,20.45964813232422,nan,0,1.1402840614318848
13,8.316235326072885,0.2855177174410867,4.969696866555558,0.02491038784792473,0.0,0.0,0.1219007847593164,0.30034982245747416,90.49982352283371,11.738485749651234,-73.89382496837989,-45.46621731124892,-91.24845393943967,1.9800113436849869,15.849250793457031,15.782307624816895,nan,0,1.1304237842559814
14,4.7124348888596455,0.1093869563989372,4.7291839479492515,0.003607547891891605,0.0,0.0,1.3498833026877992,0.1085606547911303,224.60730554004226,9.308825122343091,-52.56257124870918,-49.59216278170499,-67.81878552895469,6.5189363541490515,1.4555970430374146,1.4555970430374146,0.06156716417910444,7,1.1337978839874268
15,2.6587678569553805,0.06139829536228904,5.696887912199704,0.02617514149618766,0.0,0.0,1.2489000519353772,0.2670308033861732,104.81304942817027,12.07091392207429,-67.97164396517,-50.89107321662052,-65.23295719635995,11.556675988116687,1.4279179573059082,0.8891014456748962,0.15490196078431379,11,1.129045009613037
16,5.76855547665043,0.20664727765515017,3.516726961922772,0.07875812513031102,0.0,0.0,0.31711570355779306,0.2514839679116163,168.55750434413406,11.147697873228879,-51.022654849519974,-38.45437251395642,-84.65347403883607,6.596565424361588,15.832901000976562,15.67820930480957,nan,0,1.190925121307373
17,1.1062639329896655,0.25534219277929354,1.2883923044035948,0.0015244727605248898,0.0,0.0,0.8045323103398394,0.3541267354338729,15.244056942242976,10.915226008514562,-51.10859083570332,-48.73650486220851,-102.5882236779111,6.473559385777177,15.959522247314453,15.955403327941895,nan,0,1.2022452354431152
18,8.362496133929529,0.02167358458257789,6.529474958816672,0.004490816234879587,0.0,0.0,0.14978749787545897,0.3901139367543102,127.29745378772886,12.693449751821333,-73.98863988760527,-44.696253107262145,-76.09841237222545,18.78490288636164,3.5066332817077637,3.5043907165527344,0.08958130477117816,4,1.1386637687683105
19,6.500811791659616,0.14039347964257734,4.363462025941162,0.002946758404901701,0.0,0.0,2.770386050937687,0.4697018559750386,36.841849086137664,13.41113307331646,-58.94863626889322,-40.83246031419285,-107.580138069415,10.616814957171307,16.190898895263672,16.188541412353516,nan,0,1.1316018104553223
20,7.701833530811052,0.2688214300093246,6.862014988660418,0.006116461815255745,0.0,0.0,0.277583915039224,0.18249230016238638,153.20482503858256,8.454670718982722,-64.89224271645615,-46.14254661801005,-85.13534271021591,1.7953689827299235,3.7792842388153076,3.7792842388153076,0.08958130477117816,4,1.1547341346740723
21,3.8679966972337496,0.22738939948763157,1.9780027372384161,0.030525677364042367,0.0,0.0,0.24365241462693443,0.3748810809380636,111.08080631314525,7.710545238337847,-47.91567226701276,-35.585500246916645,-96.51588966415689,4.328522547770116,15.691241264343262,15.691241264343262,nan,0,1.1282448768615723
22,9.721631231751582,0.2976242377843122,1.123996197646453,0.008881476333040345,0.0,0.0,0.42634085965404056,0.30350728985127456,60.48595471811891,9.822018042823629,-49.392304031038755,-47.49909462655901,-107.5073572228116,1.7578264515497362,16.007488250732422,15.992376327514648,nan,0,1.1874327659606934
23,8.984650652560878,0.1641100053632007,3.2346482309676348,0.013850364798604122,0.0,0.0,6.378812557589439,0.42637152262266015,62.29991749325517,12.74217022087543,-58.24818048626996,-45.92605365534271,-95.6463683337811,18.659082695877558,8.068998336791992,8.006210327148438,-0.1504702194357367,2,1.226701021194458
24,7.894643222200738,0.20139875845233385,5.10892590694647,0.00424922547163841,0.0,0.0,3.9168171396385008,0.235015385978113,86.17099634129046,12.679555301223573,-48.64337687084406,-47.91662466959658,-69.75698287336658,6.259262460429895,4.979564666748047,4.662049293518066,0.18390804597701163,20,1.1341702938079834
25,2.349067724593692,0.09771928152999915,4.546647767516205,0.0019168076508278371,0.0,0.0,7.830411441873998,0.2986711459937996,161.43968802215343,6.70370998819509,-63.41230250676622,-54.566704946041305,-107.17565249312287,1.070784653474794,5.755746364593506,5.7340569496154785,-0.02610441767068273,3,1.1471750736236572
26,4.933849535406825,0.28478532390313777,8.292722997461198,0.003418749639447994,0.0,0.0,2.0133750944588287,0.30860696998969,84.69298678138593,10.716244756294103,-64.06693783220949,-52.4557675370126,-65.3959986150687,18.850975759613878,2.716975212097168,2.558215379714966,0.2156448202959831,13,1.1725950241088867
27,0.9161357749786734,0.11623729168139552,4.400538797735416,0.052403537194515945,0.0,0.0,2.1175955812729494,0.392543248955874,38.90026057262428,9.320859413347957,-57.29035731022362,-41.66273006175158,-93.51325302907293,15.179354441971606,1.1208150386810303,0.9490472674369812,-0.005602240896358641,8,1.1433899402618408
28,1.9657501746417043,0.2241681066791223,5.77397061642771,0.016026324213851282,0.0,0.0,0.9121410451586837,0.20685368101760918,38.554502969456,8.654501002061638,-54.924838848543324,-44.35793024349062,-72.32554033122553,1.8902834306759466,9.499841690063477,9.499841690063477,-1.0,33,1.1543488502502441
29,6.988965055803319,0.12691065919453376,6.34164033197973,0.005701345322306465,0.0,0.0,6.462084709216414,0.4659560756578194,50.11009509930116,6.387956658175732,-73.27600215127761,-59.892929734176626,-87.31053642445102,11.037973515796853,3.496473789215088,3.496473789215088,-0.015483870967742206,16,1.159332036972046
30,7.575240481124263,0.1729274897182698,1.1964825248123043,0.038002482130709746,0.0,0.0,1.051366896272231,0.4717790455366557,161.3151097233788,9.079299577608348,-79.88773082601855,-43.152721139809074,-107.55690105134393,17.457238185537136,15.895515441894531,15.748978614807129,nan,0,1.1617741584777832
31,9.691342458124995,0.2187369351562484,5.6362003916157,0.001345596549845844,0.0,0.0,0.5130032796591848,0.3636992555680505,15.210417172825593,10.24380098605306,-48.67787411650677,-45.687760605280495,-82.62124640552315,13.950606118410708,16.099536895751953,15.7904634475708,-1.0,51,1.2229599952697754
32,3.5953409023124436,0.15759090400789272,4.1034813345895405,0.0032194536414401976,0.0,0.0,1.9087542622051603,0.4070532763565424,38.15403497800741,11.399416806484476,-49.187579129551466,-35.64447917911709,-90.06266002887438,7.54559218187339,15.73736572265625,15.726168632507324,nan,0,1.16168212890625
33,4.019367207331254,0.2730550348037575,4.7915211491492915,0.0028854018646532714,0.0,0.0,1.2367416498397532,0.3066607606870601,183.26121158715293,10.342994304762517,-70.99433709407393,-55.696052875757424,-102.33963647332654,9.724363695516889,60946.55078125,60946.1015625,nan,0,1.1643712520599365
34,4.960780207120175,0.13159728649906496,1.9025865864572524,0.09348224301927581,0.0,0.0,0.17702704932179422,0.5131812439686086,49.12861329159953,6.157751552091886,-78.17689287606085,-36.75288640117586,-106.71673964779389,2.3904331210382317,15.704706192016602,15.704706192016602,nan,0,1.211942195892334
35,2.299977911300714,0.1976508214615643,8.045385090837806,0.02583432773720876,0.0,0.0,0.6101699673875925,0.39252534540642664,113.77334247271246,7.9608022586802605,-46.30571517396258,-37.225354012554895,-91.78655380979298,9.525898868908925,5.446545600891113,5.446545600891113,-0.02610441767068273,3,1.1447958946228027
36,1.7342543006869806,0.10928510565701569,9.481638257276703,0.017201719944258936,0.0,0.0,0.42330248907310924,0.4701511432284271,96.27614020738115,6.302928933145026,-69.7503606260852,-56.9331632597004,-105.39333514931948,11.656369885791369,3.8143601417541504,3.2718749046325684,0.4595910418695229,4,1.155357837677002
37,5.01919679914637,0.12836543378699378,1.2004193856664,0.0010232221446100842,0.0,0.0,4.939324397339651,0.3523612519637762,32.71591727411932,6.823450590362109,-63.1820199813228,-48.942940871934034,-103.80643466904338,1.084531471368397,3.010427713394165,3.010427713394165,0.2156448202959831,13,1.1287951469421387
38,2.6556388159833992,0.1376145313877302,6.412354865302131,0.002336791714918843,0.0,0.0,0.5723808746392444,0.4032792108485062,54.38412160660408,7.887138033456326,-51.99130447368963,-37.114041236819624,-91.73250211304136,8.695507803518579,3.2311434745788574,3.2311434745788574,-0.09542356377799423,4,1.1794748306274414
39,6.863232949483848,0.04648403531056272,7.874596605595222,0.01866734637525033,0.0,0.0,4.396534295736217,0.32345726508299205,173.87069526476935,11.015376125637513,-73.55509346573068,-57.307771942603466,-90.30746492052272,11.731738900092497,6.042264461517334,5.81146240234375,0.355421686746988,3,1.1408820152282715
40,4.652943229287142,0.03659986692711194,3.563268297849005,0.005746966333202757,0.0,0.0,0.7669714321174357,0.39733261984010726,41.90274872652613,8.346187947267556,-69.29199512492988,-53.4675449743959,-89.26574301686941,13.408208102075033,2.7908596992492676,2.7907402515411377,0.3589743589743589,14,1.287757158279419
41,8.410442862549456,0.20357207771255978,8.08800026376895,0.07056035666151485,0.0,0.0,3.2136688773383537,0.330305861073124,127.15967323167824,7.611652497978754,-76.397133353341,-39.45323842753249,-88.43128927769965,2.180644498543667,3.049044370651245,3.049044370651245,0.380952380952381,5,1.1471869945526123
42,7.152518469021366,0.20010014411948515,6.691195456896711,0.033841409118701656,0.0,0.0,0.1864506308072774,0.3546743637756197,69.36794491939834,12.43227022707324,-53.68957863292575,-38.104584177565556,-82.90604782992385,9.035212752803044,15.712368965148926,15.67825698852539,nan,0,1.1740150451660156
43,3.46748309312939,0.20224381712092762,9.362463690439629,0.00784816537087742,0.0,0.0,7.068063446801649,0.4133006703452852,108.12604943752365,7.55200035594355,-57.222036346874134,-45.37328109767865,-103.03110148570238,17.827595480862122,8.581390380859375,8.54582405090332,-0.1504702194357367,2,1.1373229026794434
44,8.40646811325441,0.015732269149380584,9.829043302183955,0.03155222244524123,0.0,0.0,0.9143653953663601,0.3573769575797425,94.74768676143732,6.397910124168548,-68.52416777270757,-38.2535821322106,-68.7369536362197,10.317569927933036,2.0359067916870117,1.6233376264572144,-0.0488262910798122,6,1.140449047088623
45,8.145261396219619,0.10469858437481618,1.3811150259883433,0.08929119755115857,0.0,0.0,0.3308236060583199,0.395452497416983,229.95818621688613,13.001934473695808,-51.11692490152711,-38.50724838294485,-92.81560645240295,15.37290987435533,16.02876091003418,15.77053451538086,nan,0,1.1430442333221436
46,4.181044600786658,0.0673648557051671,5.004439849243056,0.008355292331358427,0.0,0.0,0.3040739478843189,0.2615577461151394,142.78797070751432,11.757472013922452,-73.77748623467289,-41.71515220562645,-66.90834046126227,6.750603125247162,3.367182731628418,3.363097906112671,-0.09542356377799423,4,1.132849931716919
47,3.239116987337319,0.23566391253776356,5.922890088203964,0.01927754722809806,0.0,0.0,0.33896478140274083,0.2673968085680976,236.81710450979423,9.027008118442968,-73.00967760426386,-57.19284425499404,-74.676713902032,11.541682607154799,3.9900925159454346,3.9900925159454346,0.08958130477117816,4,1.1377229690551758
48,6.983707287762267,0.25958281640487774,2.3206890988688724,0.06875894905872836,0.0,0.0,0.5413128613261028,0.26899894862665746,80.64019754226663,10.867602958350062,-68.37645842556483,-48.791056066788535,-71.1801143411109,13.69516306032413,1.1352019309997559,0.6303078532218933,0.416044776119403,7,1.150641918182373
49,1.8276485942884433,0.08153730939558272,4.026572473846255,0.003143035773214243,0.0,0.0,2.722946229602908,0.22252005171182285,185.35242313208477,10.66794841175661,-45.30106828900327,-53.96474834272768,-98.19689776765334,2.7586198360283247,15.848265647888184,15.835039138793945,nan,0,1.208984136581421
50,2.399127923513529,0.20367625606591602,9.888827029808155,0.05930834802107499,0.0,0.0,7.9287748545317385,0.33393349240039,137.4244854762634,10.906873891266944,-54.591344948541305,-51.61385185126847,-109.44844391607377,13.01236120467808,16.136863708496094,16.025100708007812,nan,0,1.2202317714691162
51,0.5699415626345523,0.047515213002899584,1.146074107082243,0.0015670736696265632,0.0,0.0,2.1780851810908097,0.26711399410029085,239.69996327968803,8.356394830319939,-73.56229416358431,-52.95582605434117,-90.85630363503287,5.767345650098729,27.577390670776367,27.42732810974121,-0.1504702194357367,2,1.3515219688415527
52,7.9757815862703145,0.08979423242449686,5.072571383719456,0.019810541249048397,0.0,0.0,1.2426034122943208,0.4364977859073096,89.80080583453187,11.1056539086349,-67.92402046050849,-50.098526380408636,-108.19859317403312,18.440907530834526,15.973538398742676,15.907418251037598,nan,0,1.1382238864898682
53,6.816083137624306,0.05020980390769166,8.583891595463765,0.036785470068681866,0.0,0.0,0.78921551804991,0.23397837430223686,103.58377078041634,8.625148128278354,-76.97305313141155,-44.14541961512041,-71.12787723813102,1.7819108009956057,1.1014655828475952,0.9048094153404236,-0.07344632768361573,9,1.1428632736206055
54,7.199071096950184,0.09222102231377646,3.9151113644735958,0.016951668016268285,0.0,0.0,4.5330335572394995,0.3873745212135604,43.41266749418816,7.171118631089659,-58.92038006282725,-36.96923743204078,-90.30042348205207,7.532322515683163,1.6920273303985596,0.9230297803878784,0.307981220657277,6,1.17519211769104
55,7.916925794708695,0.20567359873129057,5.31818652479638,0.00979646989710687,0.0,0.0,5.003966630516821,0.3629758215699712,186.143357687239,11.94055249404521,-71.36353512529766,-55.97934094230285,-93.89854854130897,15.736464452305993,8.778982162475586,8.778982162475586,0.048066875653082534,2,1.138042688369751
56,4.859699867614229,0.2739948039537232,9.80241171209182,0.01716699180611025,0.0,0.0,0.3855452428737991,0.19668356399515316,169.86457968044502,11.326829650849643,-50.970000394287865,-53.071742191465155,-94.71423235387205,1.8044495615743439,15.869763374328613,15.817588806152344,nan,0,1.1605651378631592
57,5.90304136155249,0.06873149829801392,5.273891528281335,0.0020106080524254864,0.0,0.0,8.06938612666904,0.2746177476284107,209.8115284348127,10.659437879377425,-69.56571978407074,-58.26458671376586,-77.44657235768932,15.226012871432161,3.6456127166748047,3.640939712524414,0.2745861733203505,4,1.1293702125549316
58,1.8280714822127457,0.16720292013570856,2.1782918093184915,0.0026986180487571228,0.0,0.0,0.6169226655915754,0.3205624820328963,163.22108998645518,7.630247767573836,-48.03743795219883,-41.17104952447809,-80.40096543872134,13.367934545013963,4.637073040008545,4.637073040008545,0.2745861733203505,4,1.162208080291748
59,1.5880356985917476,0.21340341936059534,1.4654934249975196,0.0034657616191859837,0.0,0.0,3.982503245370954,0.30796391160893166,218.00227102107746,13.42645706477699,-59.152690369641604,-49.58326472593629,-93.63197091982627,16.562497980533728,15.942831993103027,15.942831993103027,nan,0,1.1272070407867432
60,6.849828137009481,0.28634751586081403,9.508749151959536,0.015687678530681134,0.0,0.0,8.583012720314233,0.4157297512715814,158.25922816189671,6.618128242029229,-75.02348954447405,-37.49535262237884,-70.19758333529747,19.08481652525191,5.11469841003418,5.086021423339844,0.1646586345381526,3,1.1445388793945312
61,4.975413958359759,0.1869175400372804,3.392284719475591,0.007652479017864714,0.0,0.0,2.5545605536240976,0.44236659168206227,108.40572248551446,12.272487261125658,-51.012124043998746,-52.10757735404517,-103.4598029947786,19.943500871144284,60508.34765625,60508.34765625,-0.07912087912087915,1,1.1305959224700928
62,5.869743011571294,0.08398100999794039,5.536575159080958,0.0030828449663212842,0.0,0.0,0.21042699481072263,0.41647377822217374,16.950416862810478,10.778687349691545,-57.24257040364019,-42.95526645075879,-98.49675152139096,14.710005641678165,60242.9375,60242.9375,0.12967032967032968,1,1.189851999282837
63,7.7674891454522434,0.1913886655050415,1.8163158948097173,0.05829330305252877,0.0,0.0,1.4868731202993055,0.31444600118746013,59.771899554691075,12.63230604601346,-72.33091640703779,-42.58234927309806,-74.74639313747109,4.589969258781586,1.908320665359497,1.051899790763855,0.1295774647887324,6,1.7939999103546143
64,6.529824040005613,0.10294243688662469,4.812896084955446,0.0055955615929854634,0.0,0.0,0.17280418106327888,0.4883206740982817,64.73689215549864,12.232829909874935,-76.99003599277665,-55.23097618833339,-89.50110922145382,18.67345664615064,1.0733253955841064,0.883094072341919,0.17180205415499525,8,1.2430651187896729
65,5.759004306250961,0.2930772333005952,9.370949673251117,0.0077994403053958964,0.0,0.0,3.7869021171631134,0.26736800440576697,139.2319020253924,9.101422785665804,-45.75704222221332,-48.40721734446779,-90.48192618406331,8.821242020866746,3.758201837539673,3.757308006286621,0.019047619047619067,5,1.3901891708374023
66,5.812468027081429,0.1259060791974547,5.521716942678445,0.006597845675140809,0.0,0.0,0.36528374589133344,0.24371453176910354,81.80141669956313,8.605558477900676,-55.92570290246757,-58.979110066452975,-79.31824734591565,4.822885464391583,9.968544960021973,9.968544960021973,-1.0,35,1.1677191257476807
67,3.3875259315948156,0.2087740390206941,9.74021636622095,0.0023114574890048057,0.0,0.0,2.4571385528585297,0.3075881869389053,98.36784073703336,7.172311780482656,-60.65371345746356,-41.76623887619651,-94.0404990774636,4.1049149732649965,4.922443866729736,4.922443866729736,-0.21686746987951808,3,1.148493766784668
68,0.7927694283954243,0.01673599888055996,3.329520735136597,0.029057217945651165,0.0,0.0,6.609663473784708,0.39118500618620194,62.09628384417037,12.544903348204581,-70.63229427290517,-40.63243517471932,-95.0960266937205,4.585918532516288,15.966665267944336,15.90201187133789,nan,0,1.158390998840332
69,4.648815197707442,0.12601781937907905,5.540907157335434,0.007887085058951564,0.0,0.0,0.23015462224121852,0.38823013423043773,177.28096871430913,9.748360235801654,-78.90529620538177,-36.001439516390036,-103.35109497175516,7.714732552608736,15.904959678649902,15.884538650512695,nan,0,1.7105388641357422
70,2.5385543917855276,0.2637812078635284,8.735777126283928,0.0010777405407840649,0.0,0.0,0.610542185844551,0.2732642966763437,98.50276604901268,9.915439194067307,-52.50945921830403,-59.84774300812183,-68.03875768987663,13.273799743857213,5.726539134979248,5.726539134979248,0.5624999999999993,23,1.2020890712738037
71,4.381022115384043,0.18696595888564127,5.034271190983694,0.0847280877316502,0.0,0.0,1.968963095335731,0.3106801984448497,228.6492422042552,12.539116299331887,-47.525662367087406,-44.974986226608046,-93.92109577052713,9.41536719915847,16.042943954467773,15.821610450744629,nan,0,1.1757140159606934
72,8.607329196047578,0.13874343705483314,3.5153863621317063,0.04280822525304228,0.0,0.0,0.6907441024601114,0.14380590429770945,161.34743138834597,9.41545487813069,-54.39145257862738,-57.70379959799926,-72.65060079568,4.8795841531980795,7.255964279174805,4.7388434410095215,-1.0,29,1.156303882598877
73,2.7224251157207373,0.2814218748363605,8.699278270760935,0.02799746485704662,0.0,0.0,0.22368552605107112,0.3549855163736488,227.10795019068618,7.244366399498143,-75.47925313641608,-39.70309723531518,-73.15841775336435,15.036428977743698,8.572419166564941,8.540262222290039,0.048066875653082534,2,1.1593480110168457
74,1.0538760460461272,0.25765546908269643,4.509005219853481,0.054724744302830176,0.0,0.0,0.11432553130068202,0.22573322885774938,230.92200669808207,8.164317029483328,-51.067294135339935,-51.19898674891448,-85.81706184937967,9.466400564325246,2.963850498199463,2.963850498199463,-0.0488262910798122,6,1.1588468551635742
75,3.1731469742089673,0.10344254540865208,5.776509619542106,0.06510502458113507,0.0,0.0,0.6504235948644608,0.2932693560799711,11.345505214929664,10.595697548313261,-53.837293928261644,-55.63619041061822,-68.07548621481332,11.077591248951572,nan,51.35667037963867,nan,0,1.1533660888671875
76,3.2891406987834944,0.16791903659198848,9.78874359773631,0.004731288303010754,0.0,0.0,1.9880076587071847,0.3047568078126753,50.99658072475151,11.167580567335083,-73.28270520196295,-58.41166629261659,-79.1608140911341,3.103202782804395,6.4380621910095215,6.4380621910095215,-1.0,24,1.1732361316680908
77,6.788206889905503,0.15204903426681418,2.6783496528027753,0.016669299773896206,0.0,0.0,1.4059452742434755,0.35407557085164804,34.43001312658012,11.919548505454507,-78.0679218377175,-39.75577052380113,-74.17330586084776,3.686475133477554,2.0823116302490234,1.6307281255722046,-0.10536980749746706,12,1.183450698852539
78,5.791805447242144,0.19333872503331007,3.712605730481671,0.016505003410678922,0.0,0.0,0.20534421840143066,0.21047362006265194,129.22754887370283,6.773003927751539,-57.86000730749045,-58.42674967573634,-67.49836146547638,4.946883972022051,5.44437313079834,5.407495498657227,0.5806451612903231,22,1.1657941341400146
79,7.947032986510928,0.10689226741803912,1.2796264006285596,0.0034245170878703574,0.0,0.0,0.7968689185598311,0.37447498571928234,167.06577086818837,7.02633139501688,-72.66412430856282,-48.72625877791573,-84.21067363963176,19.978401567441978,5.26975154876709,5.26975154876709,-0.02610441767068273,3,1.2613251209259033
80,6.810978633110182,0.08081945022210758,4.526539389190475,0.002779102103215469,0.0,0.0,0.5482038640447029,0.4128161493968266,15.963032460917152,6.002515357152696,-67.73715168497682,-50.8460908049395,-70.22732437556158,18.33906840624874,15.579549789428711,15.579549789428711,-1.0,52,1.175940990447998
81,4.36067518368067,0.27467483222410544,2.8016508752637357,0.0016897190860733228,0.0,0.0,0.3535125242387942,0.3600825492841235,212.52074456264333,7.145430003888382,-65.57633076866243,-41.35287094262442,-95.93250194970913,13.601522541700474,124328.828125,124328.765625,-0.07912087912087915,1,1.4666712284088135
82,8.23319365432733,0.2779236048545668,7.120314418671023,0.020827080316903664,0.0,0.0,2.874368783935713,0.24598953334055862,64.54285853395116,8.587354063686465,-49.884962272803065,-53.73727409777512,-66.60541609018117,6.818931657800092,12.677718162536621,12.38558292388916,-1.0,43,1.1738948822021484
83,2.086242739123187,0.2545636368709739,2.6318931288926715,0.03646178971643405,0.0,0.0,0.4162019015141132,0.49357358605008567,15.411465259353792,8.039207230420564,-74.0078270214801,-47.329325844561254,-104.92777701524629,12.894928667662784,3.3131279945373535,2.746978521347046,0.1471571906354514,14,1.1553127765655518
84,0.7157646947716745,0.29367928492172274,7.073314771652827,0.033258752788210104,0.0,0.0,1.2030506294393168,0.21469584997532434,211.22678622799376,8.900151054429886,-74.10275482431085,-49.999375105389674,-74.63149303472179,12.238265807512317,4.989436626434326,4.989436626434326,0.1646586345381526,3,1.1478149890899658
85,1.3554546773685967,0.22604754247610967,3.371278853703859,0.004290923327230406,0.0,0.0,7.021777608958333,0.45045222302071924,33.26293906534872,10.297497234616266,-63.61701164905424,-51.822193599470964,-105.04277317760045,19.64112677678522,1.0544456243515015,0.9358299970626831,-0.11567164179104483,7,1.1426749229431152
86,7.362413830666278,0.2317534962829799,4.1969605070907985,0.0025734735024334965,0.0,0.0,1.1982624899544603,0.3754379064152075,50.48996357544879,7.541943126325964,-74.90460577642175,-45.74517403252655,-90.03486914827849,5.741586458504563,0.7306820750236511,0.7178587913513184,-0.005602240896358641,8,1.1643390655517578
87,4.88783368738818,0.2311511266691658,4.139745868417577,0.008076595950916664,0.0,0.0,1.7141381484366736,0.36006536687529594,108.76737809495148,11.388174808493744,-70.14048139754794,-37.11885559924049,-96.21441932700324,4.765401585634212,15.883099555969238,15.861784934997559,nan,0,1.1582040786743164
88,2.0320819008192172,0.1493762129732689,7.450765751472485,0.012405861274968859,0.0,0.0,0.14011736848716616,0.3050171190649795,229.55060478074734,12.484484880945434,-67.99018313047871,-38.9642037214031,-86.653358788079,7.588297466960193,15.734184265136719,15.688993453979492,nan,0,1.1544420719146729
89,5.259925363481954,0.14237113640913876,5.198583368245088,0.06889286660292797,0.0,0.0,0.22712675049039968,0.22902384547071405,203.1106655940193,12.017320534915523,-69.5743805074913,-44.833037118550656,-93.37743994160913,1.0199874786473746,15.992632865905762,15.834102630615234,nan,0,1.1532809734344482
90,1.9469649757751,0.07966562008321092,4.251690089674147,0.056188353822921186,0.0,0.0,0.15918509413723544,0.16517530123833807,231.21762052206427,10.397032608582695,-59.05485894169759,-45.00271435806763,-85.22113426312687,6.510909050698276,60245.32421875,60244.68359375,0.12967032967032968,1,1.1622750759124756
91,7.115043563238492,0.19699756636419422,8.673604471355048,0.06793861085893187,0.0,0.0,3.3855239988394894,0.16284086030447534,233.46250872885292,10.97334730012228,-56.51775238061135,-48.63018106707376,-97.04623697791479,2.2226306613236577,16.006595611572266,15.846088409423828,nan,0,1.190986156463623
92,4.738484617953292,0.09390283946967701,6.147555630770825,0.05017931983262706,0.0,0.0,4.69723363289135,0.36311085538061305,90.55294521061383,7.408779434147137,-56.826910611004585,-38.024902879932014,-96.37603137894564,7.324769882866884,15.683396339416504,15.683396339416504,nan,0,1.1707179546356201
93,4.1197016479165836,0.08476443881368277,2.92447739150198,0.08494980941630266,0.0,0.0,0.23599923021688463,0.2922020174112776,164.1838358806727,7.194171473929891,-47.46969006628053,-50.90383047436292,-105.44602493329513,4.3189960934921885,3.9819552898406982,3.6000401973724365,0.27963525835866265,12,1.2025890350341797
94,3.364364846904827,0.17992879848785587,9.100821503293144,0.00853100102895747,0.0,0.0,0.2745007288036642,0.3597443032218353,224.53159748171535,7.97695430695216,-56.82059186590497,-56.09586941154337,-101.265423844305,17.705526159099573,9.45458698272705,9.45458698272705,-0.1504702194357367,2,1.1618010997772217
95,6.48768463462944,0.12889489258526252,4.083852664302766,0.0012443627294866145,0.0,0.0,0.44301107044657106,0.3979661228604319,44.04764062358922,6.150004693890233,-62.45683836658033,-38.43182966842663,-95.3304029562969,3.4350831422684998,0.8826841711997986,0.8799629807472229,-0.005602240896358641,8,1.1692249774932861
96,3.937219800257209,0.07346841655044334,1.3508143978358835,0.0014693459637009087,0.0,0.0,1.5210911302956696,0.23828651355370242,235.91309080009668,11.413909035915307,-50.225827881814524,-41.196543191776904,-78.57909767048645,8.306717275487486,60244.9765625,60244.96484375,0.12967032967032968,1,1.1696009635925293
97,1.3326742335029595,0.24665624485832102,5.451402015770077,0.00603326336389807,0.0,0.0,1.7522351480907343,0.31994235345805677,84.59819843683705,11.735668767155794,-54.915044713796945,-36.23529039877267,-84.4103081968255,6.5978010099657975,15.708327293395996,15.708327293395996,nan,0,1.1453399658203125
98,1.6210560701448955,0.25956527659536904,2.1154424899679003,0.003276228489487316,0.0,0.0,2.36324048006126,0.23178637571066896,122.59162384600981,10.909710533807353,-65.06445701480806,-40.221671916011296,-83.6924054502873,1.1792788249253605,15.762266159057617,15.762266159057617,nan,0,1.3115499019622803
99,9.638027813220388,0.058632860706556475,3.146197993441683,0.002187163162913942,0.0,0.0,6.462276147129609,0.23784157537549303,141.06317429336195,11.068830287534887,-47.96585619595753,-49.656958158395284,-84.14895533278887,10.024951563573104,2.6707093715667725,2.6680190563201904,0.1295774647887324,6,1.1437749862670898
100,9.131516561722266,0.012177039511999962,7.7239978541867,0.08061345761786295,0.0,0.0,0.38911706812209906,0.3918340419994983,132.28097854784363,6.538432565351972,-48.595071636341444,-37.23969150420936,-85.33731755708153,11.574554798697966,3.2309296131134033,3.2309296131134033,0.2,5,1.1707358360290527
101,7.147217771202121,0.10747769087351837,2.176766320386867,0.002459456676420422,0.0,0.0,2.077389721135558,0.47916079644994714,23.237888267109543,10.783604104958055,-64.97968735422931,-42.27390924413907,-107.87937875319925,14.506865971860305,16.024364471435547,16.018877029418945,nan,0,1.4966928958892822
102,3.025764633865436,0.24127814234741823,8.26249801918632,0.08293895223412581,0.0,0.0,1.3165752649339384,0.3494901092580307,75.9855794814322,11.213642643624864,-58.050590864075694,-54.32896288419418,-90.179644465268,16.877031922013167,4.159982681274414,0.25199267268180847,0.054750402576489825,18,1.3106839656829834
103,9.707175584803377,0.25336042120795405,9.432165593178583,0.03324127556964356,0.0,0.0,0.40895401922939795,0.28913728695773067,149.286078026798,6.549906415827292,-64.49819090377096,-52.205713530552075,-81.12594444897653,12.676714884609956,2.7229042053222656,2.719902515411377,0.019047619047619067,5,1.20194411277771
104,7.898133587675049,0.05011543033365427,6.458788903671502,0.019137770589424816,0.0,0.0,6.528755026170492,0.4132220964844289,12.391563347332323,10.861564075347705,-54.28026211052721,-40.781749189960614,-107.34609033245175,6.76950992508751,16.087190628051758,16.05854606628418,nan,0,1.2039899826049805
105,7.310456797010458,0.23455741134308483,7.393232728205463,0.022492509893488936,0.0,0.0,0.15522684264781714,0.4422474165890031,106.89291892685048,7.4381736623592944,-65.27431450922465,-58.22176160436019,-104.90522226468268,13.70520049402497,4.256589412689209,3.855149984359741,-0.09542356377799423,4,1.3887159824371338
106,4.7689342703659925,0.04355420851973454,7.4222794891667565,0.004602021542575664,0.0,0.0,2.6546181149350336,0.45997772245159435,70.39166606683564,11.691246779836579,-78.31620151941662,-45.932423673912425,-92.38481013859219,16.14245644639384,7.822673320770264,5.416741847991943,0.048066875653082534,2,4.927628040313721
107,3.0862948375290107,0.12311815114539347,9.935271615434004,0.019627006943614758,0.0,0.0,2.855929128967319,0.11366657453858632,190.30886344727924,9.004477139660064,-58.20500950693,-54.3112782795128,-83.88169237188109,2.5440291850029264,0.9556387662887573,0.9501703977584839,-0.5378151260504204,8,1.6768710613250732
108,1.4157141404582432,0.2995967593534556,4.073844359814606,0.002362567560627425,0.0,0.0,6.771003766466354,0.269055163997657,109.95898534728032,7.461821452304873,-49.0816586267967,-48.87747955082921,-83.41518131131093,7.847255346270198,0.8348879218101501,0.8348879218101501,-0.1435406698564593,10,1.2706432342529297
109,9.074722767166495,0.06585133873696385,2.4657089611843226,0.07506039837802041,0.0,0.0,1.0893343154819437,0.49448551942420566,76.41043810515467,7.623358264492269,-48.08449460665431,-40.01335543932618,-104.0032485006036,15.187772649544167,15.830930709838867,15.676247596740723,nan,0,1.2761948108673096
110,4.829874753419305,0.05464943894751166,5.672505114228893,0.004014086065667248,0.0,0.0,0.4397893178198251,0.4307801918178125,106.26207871843023,6.123173239684559,-61.50714378683223,-56.748838997878345,-100.55295591078824,14.224778267057767,3.2388181686401367,2.5139987468719482,0.2,5,1.2097430229187012
111,2.422451965554688,0.1326120964385701,5.799248288485374,0.003238717176686274,0.0,0.0,4.523570255437848,0.4186053831032103,69.1426685424751,13.135105614734533,-56.999058455154056,-39.19291287722977,-82.31647077514171,17.5081422294183,3.505368947982788,3.505368947982788,-0.09542356377799423,4,1.1666579246520996
112,3.4065879294311987,0.1897038725312598,2.6012123946653003,0.02644390549344523,0.0,0.0,3.480331110492836,0.3965695431849723,93.18747525509454,10.393124615084638,-61.94383598444833,-37.40523229805074,-102.5788066126124,11.983154500547156,15.971711158752441,15.900188446044922,nan,0,1.2863149642944336
113,6.0025859049480115,0.2805412268998434,6.517984770947256,0.020554051300085596,0.0,0.0,1.0014545148969929,0.28576637269642474,183.51917467220548,8.960398084269283,-49.63464663844083,-50.674630823056646,-102.20110580468378,12.096918752695604,60299.99609375,60299.984375,0.12967032967032968,1,1.335433006286621
114,2.179341437922701,0.2944381322045799,1.1271226012914157,0.007990939391139377,0.0,0.0,3.433323698721219,0.43545856068847894,106.73064230858186,6.121520837456036,-77.55564926272739,-55.11807049483525,-75.38015182168314,17.948750804641218,0.49933570623397827,0.49933570623397827,0.06156716417910444,7,1.7073960304260254
115,8.637835698877566,0.030195784611504444,9.349015622087993,0.018403162856879873,0.0,0.0,0.3433611889841115,0.26708606690603776,135.49740102327115,6.844523700112988,-61.29533667153539,-38.609863485076374,-76.27350668948347,6.530865110250124,3.8857719898223877,3.770292043685913,0.08958130477117816,4,1.7850298881530762
116,7.705935533434496,0.050019280030892545,3.3811685003913547,0.002084424376975077,0.0,0.0,1.5101241775463707,0.2974125763021795,38.494840136322296,13.205453598097943,-50.106893867872614,-58.657115871369356,-72.93464795789461,2.8470401179138505,143.67124938964844,143.67124938964844,-1.0,464,1.5775790214538574
117,7.3348980815338995,0.2393140124298382,1.3560418755117263,0.02221552672925792,0.0,0.0,5.374856943008245,0.3216430585350449,24.555235682468513,12.068807177170076,-61.229128232626465,-49.63629939774203,-69.32620118107901,16.94676786928732,16.77900505065918,13.901263236999512,-1.0,50,1.618485927581787
118,4.604883877863485,0.08848332415854952,1.9742449732737133,0.0034771337019015723,0.0,0.0,0.4324829684344553,0.317711636202386,23.253398455823017,10.928697935529378,-52.97064088773896,-46.2377355056262,-65.76475254157153,14.034902588303417,nan,15.336864471435547,nan,0,1.7892708778381348
119,6.4594339866732104,0.2666062272568446,3.1622405345167754,0.0035129498774766578,0.0,0.0,0.9270431833980001,0.4427206930852121,33.95289292031582,7.586384095999628,-51.08140325801883,-35.0810831713925,-105.57473299074246,2.9062570390559195,15.75926685333252,15.752259254455566,nan,0,1.7930090427398682
120,6.048930704670988,0.20240144459643514,3.465155517454407,0.002110376148790087,0.0,0.0,7.9815953895352605,0.41075735227760185,185.5790224529552,6.5148342537323165,-77.60039593773034,-37.77958792475844,-73.9797584456697,17.749700797423262,8.435068130493164,8.430757522583008,0.048066875653082534,2,1.4363090991973877
121,6.6735427147707895,0.04243499269039638,1.295289995479558,0.004621194737130692,0.0,0.0,3.9484230989784446,0.36320037648608333,159.61808249053334,8.580291375510868,-48.27903833835231,-52.5319118756392,-97.60201222453178,17.841607964662654,81.3482894897461,81.12316131591797,0.1646586345381526,3,1.1860260963439941
122,1.3022210508289462,0.25143349262796205,3.5141933097435625,0.004597292333437546,0.0,0.0,5.943989596967965,0.40957559719258047,166.5891962734378,13.165376677673942,-74.54345487611097,-36.19258005585922,-82.42660294848528,13.692665837775126,15.841739654541016,15.841739654541016,nan,0,1.4022572040557861
123,4.450170320620791,0.061143350202341996,2.736475628441339,0.008097631761401452,0.0,0.0,0.5895139978807622,0.24733536987797813,220.23393347508386,9.04602379755703,-54.81487518564482,-43.9914844718879,-74.55112765103179,18.04191304483284,5.680319786071777,5.680319786071777,0.1646586345381526,3,1.156769037246704
124,0.8953346516879785,0.1328136644570996,4.407588346910667,0.0024034716806113424,0.0,0.0,9.840349402868483,0.42872318846944063,166.41399674892176,6.541116436024515,-73.5900878952577,-36.1505454433229,-66.41072869802483,19.380852960268886,nan,5.091220855712891,nan,0,2.3621792793273926
125,5.19291278282293,0.17013362928220568,4.466509636203723,0.0024322884208929705,0.0,0.0,0.20189762461331778,0.458443959887947,18.463862092027135,9.059585343595346,-53.41145536042014,-41.17785490855423,-106.13409927725186,12.58028885470086,15.860444068908691,15.852479934692383,nan,0,2.337620258331299
126,3.6336815171614605,0.15522218323328069,4.051069665425912,0.012119289039620418,0.0,0.0,1.0902878350141667,0.5154772325422479,42.86001226439721,9.945674662942347,-71.61100047056075,-58.670970706631806,-106.39912585130257,18.306966044868254,0.7706839442253113,0.6783702373504639,-0.6101694915254237,9,1.189791202545166
127,1.8729797942274455,0.2089872455283936,3.951314951776336,0.0018103177486958587,0.0,0.0,0.9089641705613173,0.29654934712922515,181.26857176635284,13.454591854183604,-63.550352368325655,-49.66768752617989,-93.8716718374057,12.70983482498971,15.72930908203125,15.706989288330078,nan,0,1.1771419048309326
128,1.4823281933642405,0.199279153112084,1.8075814996712611,0.02386679022729967,0.0,0.0,3.952431770598758,0.4149782872658075,90.85865900340673,11.97018587185605,-51.95389358244483,-38.10388516426548,-99.07395813896252,11.013418936555132,15.991870880126953,15.931580543518066,nan,0,1.1597039699554443
129,6.082623435688264,0.2976921816031359,1.2268445241354595,0.07724924646034037,0.0,0.0,6.565012313957349,0.24887910128334445,61.39226184786293,6.300446587362729,-55.22611435405568,-46.27546815162189,-77.42327242011123,2.664835316724205,6.680721759796143,6.165231227874756,-0.2949308755760362,22,1.1706809997558594
130,2.120633201100418,0.29983235367501443,2.8190287014081994,0.007138241606338085,0.0,0.0,2.899203857325363,0.43727883718304117,238.97102118424664,13.954788535576256,-63.725006107377055,-38.3485321204041,-99.03941498874994,15.013757063242643,16.008373260498047,15.992762565612793,nan,0,1.1520049571990967
131,9.288641124579573,0.15977322676433586,7.809844846749538,0.06341772031056714,0.0,0.0,1.7932154510440883,0.22016777055254125,212.22194706712014,12.517330128646229,-51.58790726155949,-48.42433419777837,-73.10045234995522,14.123391447404709,6.170795440673828,4.219446659088135,-0.1504702194357367,2,1.143409252166748
132,6.020080827153752,0.03760773521865055,9.917287889960098,0.001572653994049319,0.0,0.0,0.7159099223729578,0.44540148900802007,40.463821573167,6.913475232516161,-52.98272524228761,-44.363397780676905,-86.62807472638802,18.237974026127734,3.328005313873291,3.299617052078247,0.07142857142857144,15,1.2397189140319824
133,3.7952631430809523,0.22107455670092832,9.35673557551596,0.0012187517568552104,0.0,0.0,1.0487013670882392,0.22176152799655768,161.7057820803803,9.169173960706402,-65.51238671383356,-44.868890979560376,-75.78761218911433,11.722712832033357,4.536072254180908,4.536072254180908,0.08958130477117816,4,1.4044160842895508
134,6.113697169073459,0.2932325826828108,5.537974199839918,0.027716459647654283,0.0,0.0,1.0437599448977657,0.42998739910868583,127.01500291041133,11.815205621233455,-55.31574075325373,-39.241328984660974,-107.18516961752175,15.3440905095576,16.111711502075195,16.067861557006836,nan,0,1.8493609428405762
135,0.7166367747821263,0.10231465241241589,5.786414702001408,0.03326926037479219,0.0,0.0,0.10983403719800418,0.3685068828639217,128.1649037188887,6.597544960265215,-56.23464901406681,-42.08649514995143,-86.4367773704892,16.082180575345493,nan,4.333066940307617,nan,0,3.5834908485412598
136,9.606312525793731,0.1437505768928964,3.831234121322583,0.048541867663328325,0.0,0.0,1.0141252817763617,0.3496105441504514,79.05706498473934,7.615257748251489,-67.72431168898525,-49.74873716760056,-78.6829878919024,17.064878819686324,0.5813153386116028,0.53289794921875,0.1054613935969869,9,1.6745660305023193
137,5.081882650957552,0.13318530819648222,7.965454947738906,0.001299078385215027,0.0,0.0,5.151593663576214,0.22213780438286956,175.8111837180956,7.391900472556812,-67.18240203199099,-56.03965716380555,-79.09741101988769,5.715265686120988,1.7311614751815796,1.729708194732666,-0.0488262910798122,6,1.2600960731506348
138,7.935984658877719,0.024911554821509512,7.882810191393838,0.035794319469167904,0.0,0.0,2.621488894783201,0.3155464280796403,130.83899455592476,12.334638745557474,-56.51712537774347,-52.540650233371686,-95.02099622226466,13.413921445457603,15.842700958251953,8.865074157714844,nan,0,1.2370851039886475
139,1.2859349992631663,0.20495668505479897,8.598451218242001,0.005663402987827913,0.0,0.0,3.903167997131636,0.2665991269739691,136.37758234818716,6.771147899760355,-49.410294375425885,-47.18466879865928,-88.69875440611406,4.770347396012984,1.3778215646743774,1.3778215646743774,0.3492063492063492,8,1.8517670631408691
140,5.123254142962523,0.11246793156985566,9.05954119477196,0.004042734915882472,0.0,0.0,0.6039068830692466,0.40078170510013056,96.70857836322358,8.662598898520793,-70.52425110097006,-45.81483563383067,-89.19760878738731,17.89475602097868,3.6085832118988037,3.605767011642456,0.2745861733203505,4,2.5985987186431885
141,5.161716446367949,0.23836452364313562,4.9091432340276615,0.0022184407938970305,0.0,0.0,1.142737485348643,0.371088024707634,226.509114720847,7.755787433824727,-76.49630999314763,-40.36656121280627,-65.2312368362626,17.40840132722893,6.368645668029785,6.368645668029785,-0.02610441767068273,3,1.2541837692260742
142,9.409351322262337,0.25131482183177595,7.901880112964778,0.0981819176255861,0.0,0.0,0.11667213307590427,0.4709505678473547,15.450402487308986,8.010108405651728,-78.48302030355576,-39.480515573970834,-83.83668606684577,10.760652282174023,1.5642988681793213,1.5642988681793213,0.17180205415499525,8,1.2636449337005615
143,5.931416497572716,0.24815692811337517,8.257588559162908,0.0013406863220323075,0.0,0.0,0.5834395751888359,0.306688552157778,137.52347285920135,8.019610069572728,-58.9426570801398,-59.23332553839925,-80.92947242131221,14.954242773397786,0.7962662577629089,0.7962662577629089,-0.18300653594771255,8,1.283200979232788
144,4.998149310041061,0.13083313943156524,3.7761366024797516,0.045083334387718985,0.0,0.0,0.8888573946524649,0.28954714428780753,164.79604065372024,8.656940146497762,-51.080797970536004,-42.11140007206295,-104.22662046840749,4.707740190227986,15.918039321899414,15.811737060546875,nan,0,1.9768900871276855
145,3.036268799372989,0.10324824784986085,9.36318019605535,0.019010295644410737,0.0,0.0,0.3239051097063974,0.3836938233303793,156.5349350309949,8.315329068448209,-75.8198470493817,-56.1257751712527,-102.54722687568197,10.078027229549262,8.260897636413574,8.260897636413574,0.048066875653082534,2,2.1934609413146973
146,3.6499054747542456,0.2271580261034459,1.8490735237568992,0.029523027327466065,0.0,0.0,0.11547340122507836,0.24890159919162638,149.69865428878438,7.41121819883532,-55.06261863728726,-52.97468481246179,-95.97988377227176,5.246473800408044,2.6578238010406494,2.6578238010406494,-0.0488262910798122,6,1.1954760551452637
147,5.446387823479609,0.24240293581438965,9.948422612469546,0.026511496298974473,0.0,0.0,2.4033455497251195,0.28807897943527655,190.59741126693393,13.678510663495016,-62.76250529626675,-58.9492339642002,-98.27438076085359,4.002955531258075,16.051250457763672,15.997698783874512,nan,0,1.1899709701538086
148,4.669658872897943,0.15246465945349616,7.930816463429824,0.052103748652940166,0.0,0.0,0.7416098709353404,0.3540180124875332,203.83532551596412,6.678831899465641,-46.173331575906566,-45.28715558438435,-86.70170958166266,17.09966182596455,4.858956813812256,4.761816501617432,-0.16190476190476188,5,1.1689918041229248
149,0.705314758863139,0.26897899566552785,1.8394381479189452,0.0023312247203241035,0.0,0.0,0.6781978149668334,0.3994413432740645,16.335952897034918,12.217221995256077,-75.91885840510191,-38.9805475264892,-86.18707013429622,2.161458644841744,15.713156700134277,15.706889152526855,nan,0,1.1702630519866943
150,8.3497732798464,0.0517335218627819,6.9060668329450055,0.001003804720504328,0.0,0.0,0.316208476726304,0.43677401919187514,201.64635892430462,6.218512936570013,-75.15702574872388,-40.05438690433428,-89.0807994263949,17.746385382741842,60244.93359375,60244.93359375,0.12967032967032968,1,1.148606777191162
151,9.013527332477784,0.26492994610109843,1.3076146983543415,0.01574189379673944,0.0,0.0,1.19031196185855,0.17354864153209407,156.1487327419492,10.988230034963264,-69.77177128537949,-56.65798691120666,-66.74724240964929,2.991156093724508,2.52485990524292,1.994919776916504,-0.10536980749746706,12,1.4244179725646973
152,1.8323663454868022,0.03786761756184557,7.931682544997646,0.005101727744883858,0.0,0.0,0.7517155991222592,0.3165045709166847,131.67243801692055,8.180548726678243,-70.75507677464908,-45.13534451742967,-74.0929647269509,15.766410173794295,2.894075393676758,2.894075393676758,-0.3428571428571428,5,1.1595139503479004
153,5.76334336362097,0.05452240139583803,8.193006294931498,0.0017683762040280916,0.0,0.0,0.8870925787976333,0.1991733778905359,209.8243885145173,8.343221903298936,-63.69870163997242,-59.76663566949938,-76.39140695886356,6.744519130703377,1.1998931169509888,1.1943151950836182,-0.11567164179104483,7,1.1607868671417236
154,1.5314695407867136,0.1648136038494485,6.421692277823029,0.0023565546089293087,0.0,0.0,1.4512515509370705,0.20358733250830977,139.1435126521429,7.3544022561556055,-51.3210172502985,-39.56819451804306,-70.51461883611701,1.872802945027734,0.24270102381706238,0.24040964245796204,1.0,9,1.7844018936157227
155,6.886280883878211,0.029580359254350354,8.711743527249133,0.004607853097300283,0.0,0.0,0.10295543893241582,0.3349633866376412,238.26550324825317,7.982235315517556,-69.16982098834276,-53.766606770238845,-97.96102857350604,11.500565765969286,60244.78125,60244.7734375,0.12967032967032968,1,1.196796178817749
156,3.171720946470579,0.025314059406032003,1.8809495219337373,0.0013818685784961243,0.0,0.0,6.537200527472664,0.31556751878817213,65.1564251898693,9.150170491203237,-57.053769614487464,-39.09934491055683,-78.82663248799042,12.292134050959142,22039.93359375,22013.00390625,0.06156716417910444,7,1.1720328330993652
157,6.764515029573067,0.010150435808054602,3.483314578367319,0.0012996499794420138,0.0,0.0,0.13873140796493594,0.5280343735765104,43.9775693844458,12.52892481233026,-78.69537892024364,-53.395208419117445,-107.43234873806175,13.68115053610479,16.08008575439453,16.077192306518555,nan,0,1.1529052257537842
158,7.406448835725385,0.1365318313113363,4.727597694334035,0.06792857587154644,0.0,0.0,0.7977181889917089,0.23083739353382596,94.72534899650833,11.216387865638934,-67.85391642437433,-48.606481730012646,-89.39175454252187,1.8660324196833473,15.900483131408691,15.73406982421875,nan,0,1.1767399311065674
159,7.802151173217742,0.23464092557474664,1.3821215754528846,0.004209257541857979,0.0,0.0,0.25986377942314565,0.23687071477977972,108.95210105958081,11.128514904921621,-60.88817138735982,-58.11790584304282,-79.9374806440963,6.868392343389958,2.8631160259246826,2.625481367111206,-0.27647714604236356,14,1.1635899543762207
160,1.5235389865810174,0.020103121581175543,5.033944788140495,0.09214279780538094,0.0,0.0,1.1157444590286203,0.29319908010616774,13.320004639175082,7.244764456673962,-62.58541199392042,-52.23995852424828,-78.75276438109022,5.572416035749525,nan,26.460613250732422,nan,0,1.1875927448272705
161,9.202112528807275,0.19915470587509806,3.386921105013094,0.08486605543015173,0.0,0.0,0.3634630089465063,0.19714951754463697,187.74311874928878,8.29181745115184,-58.269770234545454,-40.0195904937205,-92.6499742110313,1.8892938944939388,15.816585540771484,15.67969036102295,nan,0,1.1992790699005127
162,2.6870329135013677,0.24870692205069406,4.5346151089157765,0.0019281577603547098,0.0,0.0,5.248231651822521,0.28849356220100153,133.1524698435426,13.963272492356001,-46.08528467680802,-54.47444515139579,-75.99365707590864,7.554084804581253,nan,6.132934093475342,nan,0,1.147557258605957
163,0.8554192836737079,0.05872024608758262,4.825923687930758,0.026905967036739864,0.0,0.0,0.6204683997513182,0.24067845953915215,46.86267044211104,11.327317604819946,-62.46959446656309,-46.519236058608065,-72.76733019940212,7.394329841861039,1.827524185180664,1.827524185180664,0.34117647058823536,11,1.2031798362731934
164,5.7710984592190915,0.05259048309820723,8.914705601389166,0.0159077874014747,0.0,0.0,1.8945719868517945,0.2320682720190659,163.4317946978025,8.929531735701001,-78.50466361968498,-50.549622316591275,-67.24844915581394,10.181987159679924,2.283189296722412,2.1997344493865967,-0.16190476190476188,5,1.17348313331604
165,4.023761696693168,0.25963228234995545,3.4330687347487516,0.02405991818548674,0.0,0.0,0.3146005346088377,0.3981689555390599,34.89300047247968,11.502614635009806,-46.28172275985175,-37.30136883639357,-84.26176229863376,8.149334142622093,15.67611026763916,15.67611026763916,nan,0,1.1574952602386475
166,8.383002559757925,0.24870613688552745,9.043688158446448,0.0015573348417192005,0.0,0.0,0.10934836682020964,0.2854148449452047,143.55586375712528,12.527448497593996,-49.8566930293541,-39.52890287643897,-89.5035629701218,3.2583018018343695,15.788960456848145,15.784926414489746,nan,0,1.2001159191131592
167,8.178388984610867,0.1662931122166142,4.8337386833156435,0.0023829786824418066,0.0,0.0,0.6431452570444559,0.3836327993588861,140.90988814991857,7.251430624266922,-77.86645831357504,-47.533304164278476,-80.50819474790174,17.22879882172147,4.387758731842041,4.387758731842041,0.08958130477117816,4,1.149033784866333
168,3.5128194818157956,0.24756796499525427,3.9502694862458743,0.0014232373188400448,0.0,0.0,1.1829679516734064,0.3812417845149361,190.05217740948981,12.857924102052387,-53.39759302126883,-42.419015077346515,-109.54380938866852,12.895943924374999,16.18691635131836,16.185707092285156,nan,0,1.1557929515838623
169,9.552544253162576,0.03689926245310348,5.522608444016314,0.01615356599923864,0.0,0.0,0.8300309805305448,0.5139282966673858,37.710814951997065,6.4693370586603285,-74.52557467630206,-39.41769596395624,-76.52677731049904,19.026675698899034,2.7988712787628174,2.3383893966674805,0.0871327254305978,12,1.1539649963378906
170,3.2637194623311268,0.12439964020223877,4.759689577265557,0.0940117531779728,0.0,0.0,8.395155168127728,0.3981512403391059,235.1645394895944,13.146271890991857,-75.34758821580503,-38.04043147687549,-72.26132893451096,17.55063133733425,8.482987403869629,8.482987403869629,0.24660397074190177,2,1.1846461296081543
171,5.393042727701288,0.22396129127084813,3.3163508174963146,0.022078475138491024,0.0,0.0,2.5922587416880334,0.41710679031717635,44.887691936793026,6.93433462218654,-47.666689214557145,-55.65433377163739,-93.41202210308295,9.663712140387146,nan,10.809804916381836,nan,0,1.2193610668182373
172,2.931668360392226,0.08466106820394938,5.524113923164602,0.026395085312856992,0.0,0.0,9.802562076982177,0.3797611595794624,38.62178140079982,6.165074304260379,-45.20683355815093,-38.08356887912597,-68.94479317922132,6.406698316170251,10.741860389709473,8.529921531677246,-1.0,37,1.3345708847045898
173,9.392413915465152,0.2281753851857303,2.3662155977094814,0.09314725973845765,0.0,0.0,0.3891528188460785,0.3839071136422933,60.623361731450984,9.406932465403413,-64.13382208576976,-59.860014028393984,-74.93360993480752,19.936673724698327,7.880592346191406,5.0228729248046875,-1.0,28,2.9338109493255615
174,2.0637742670291725,0.156211795273336,4.167369487206695,0.022699856321713802,0.0,0.0,3.7853545140976763,0.3368513457995772,131.59890012348055,9.106069560099609,-66.25368373725789,-57.598071695697485,-98.02271817361947,10.540522984057992,3.832672595977783,3.8111250400543213,0.2745861733203505,4,2.0880472660064697
175,0.9266508842271254,0.22757713650498756,6.092111974366815,0.0012032701559222694,0.0,0.0,1.2915669850889373,0.2850260766906204,109.32504026098039,10.360277965944881,-50.28270229769077,-54.3689424325097,-108.75511185921596,1.7262834603720743,16.054162979125977,16.05245018005371,nan,0,1.742987871170044
176,4.63342207002886,0.14475709497862557,4.720674199508727,0.054201487035549896,0.0,0.0,1.673095414374156,0.33885130286397563,40.85882522057743,10.563863878435221,-51.713531648672635,-37.82985151798421,-81.41990591112629,8.659721796566975,6.908798694610596,1.0186399221420288,0.12967032967032968,1,3.6446967124938965
177,9.927567858530452,0.1166922586643271,8.415211249457169,0.005362367580464343,0.0,0.0,9.369283945665568,0.3520116528213895,45.53838287591391,9.211346715547833,-68.36547031322758,-38.24935297857156,-88.09762801652268,5.297722099136047,6.794640064239502,4.3270745277404785,-0.1504702194357367,2,1.7153050899505615
178,8.970934029421683,0.07356487277880337,3.310495853816496,0.00102029848791997,0.0,0.0,2.032237212458873,0.42448064905616656,76.42424536762937,7.091761316341512,-47.84950928258041,-58.74135384408829,-109.42191881498476,4.476789737010506,22.979793548583984,22.641830444335938,-1.0,69,1.1856701374053955
179,7.611776184841018,0.07043000901615436,9.72794420947909,0.010338757648540824,0.0,0.0,6.2752897688747575,0.28456894631757007,196.5010241194439,10.18773429304865,-58.09548494180548,-51.05670811460663,-106.90949065028735,17.267005087351194,15.795636177062988,15.721741676330566,nan,0,1.1899898052215576
180,8.962528663345987,0.22793233506570482,8.062498187662163,0.07482211870337153,0.0,0.0,2.8281371680417275,0.502430674278177,54.135682588843714,6.2644736043609175,-59.95535524233822,-57.91776949038497,-105.69071666630747,16.207163598167977,1.4114428758621216,0.3231469392776489,-0.29291044776119407,7,1.1797938346862793
181,8.9877430771297,0.04448400092984854,9.70833723397725,0.003270855621422818,0.0,0.0,0.17979277826695772,0.348089780021635,123.07020554313895,7.932067617977144,-67.79807518241684,-41.76897552892071,-107.01406348595292,3.2131317027309882,15.811524391174316,15.805355072021484,nan,0,1.1542530059814453
182,5.429154423671266,0.034934881532174084,8.543228993472738,0.009616706155448209,0.0,0.0,2.505228943961127,0.3324758413867338,151.74026804783102,10.855773875736858,-45.96382354126199,-50.63626296861376,-107.07150677701179,11.21321126214293,16.01690673828125,15.989127159118652,nan,0,1.628915786743164
183,3.5013259923925335,0.06112449585641774,2.278935332664784,0.002226146675473333,0.0,0.0,0.930317471976945,0.2754614066993248,156.81976670521178,7.116822286289993,-60.649830926268116,-55.05582195854338,-71.98714739535193,16.868068419892765,2.376636028289795,2.1854870319366455,0.1295774647887324,6,3.32924485206604
184,7.834118105054387,0.06085048832163734,5.7381408157151235,0.0013043235729758552,0.0,0.0,6.880119570545148,0.4256695638537487,108.81469207964162,13.733945524102431,-45.70791439425904,-56.76872277630951,-93.45287878253896,12.406107930886247,3.1483778953552246,3.1423213481903076,0.014799154334038014,13,1.417250156402588
185,6.785782000093731,0.2487012106140009,2.5298066907620713,0.0014490717619032435,0.0,0.0,4.108363804851869,0.4942309257175436,29.512696203732208,9.061244030513096,-70.85897705941932,-36.1987444758324,-91.47863797258383,15.490746312402738,2.5767033100128174,1.7497448921203613,-0.16190476190476188,5,1.5220551490783691
186,4.049748424300246,0.12556692080752158,8.364046173645315,0.028446039707042157,0.0,0.0,0.16153601884243726,0.43107225819019307,98.94223360779996,7.054496563350684,-49.78969644437034,-59.9895770774224,-107.48266067114974,7.923303712043822,4.331528663635254,4.325985908508301,0.054750402576489825,18,1.1688361167907715
187,1.397433346584395,0.2972126526345399,6.257459342649663,0.053474771992001166,0.0,0.0,0.1852811711945693,0.2721704653260714,167.9865987693094,8.733634362326207,-77.67905138326587,-52.05399915664628,-98.9758613454427,1.1029761965457612,15.867100715637207,15.74144172668457,nan,0,1.1665728092193604
188,7.594501307815747,0.04979126475927759,3.371043829212152,0.0019346289330221126,0.0,0.0,0.13779136537917103,0.2719168910948157,133.0044400314924,6.9331673179534885,-69.93762989211669,-43.97025424443964,-77.36979400296603,6.005656910264428,2.9885313510894775,2.9682836532592773,-0.3428571428571428,5,1.1951532363891602
189,2.9933749012672144,0.19952654945115655,9.366390748064543,0.003772568512570931,0.0,0.0,0.9693703892976528,0.397648915704296,85.71454434500382,7.975273905019722,-46.50889898893328,-55.23700682531493,-101.75687283648456,9.455670620799108,2.895921230316162,2.8775150775909424,0.1471571906354514,14,1.2693309783935547
190,9.399724930070903,0.14013155708836267,2.036674479828346,0.002455042050927316,0.0,0.0,0.1450586122791721,0.43787887115529084,53.5404626161309,7.253667650284865,-76.64421618046201,-43.99571879729376,-82.45629852941468,13.35309494568136,1.0726596117019653,0.9867076873779297,0.1054613935969869,9,1.7856740951538086
191,2.789220462554005,0.12394627124215143,6.0747616312418256,0.0011316485045589364,0.0,0.0,2.801280983991377,0.2669994561693435,187.85900184216115,8.610864102340607,-47.85516932358274,-41.6698847232811,-73.7881135138466,14.698281112707512,4.450695991516113,4.450695991516113,0.08958130477117816,4,1.1736466884613037
192,1.6662003579091174,0.26377441772568383,7.489364992000529,0.012789770153017927,0.0,0.0,1.2726739738823951,0.2734536341101115,92.44479844948921,8.26425990450108,-65.2119025647345,-57.57424098666604,-89.69237742953239,1.819678678809557,2.4625205993652344,2.4587981700897217,-0.06465997770345608,14,1.1854257583618164
193,8.395570385186609,0.2929227372902359,1.529636835991886,0.025109862830985447,0.0,0.0,4.696453590841148,0.42365760004253455,10.907570806254734,13.451991515797541,-55.87320987942375,-45.953826323350775,-94.6504082259624,11.840222279016409,15.950315475463867,15.8648681640625,nan,0,1.186824083328247
194,1.9562010079326935,0.26312909804451184,6.380704298855832,0.01975854506203393,0.0,0.0,0.36273676653299725,0.248878380093739,215.0624285578163,11.219041071550917,-58.91313007162735,-48.49488742570805,-94.4436336207114,14.272395164512524,15.694857597351074,15.694857597351074,nan,0,1.1682417392730713
195,2.2030489274985214,0.06576719692018858,8.343110939167847,0.005971825303199007,0.0,0.0,1.0921481848794719,0.31599235052600827,235.62561643363728,9.398061548164721,-66.27281785950298,-49.29716319087394,-90.85052143776254,19.821870694001408,60244.97265625,60244.97265625,-0.07912087912087915,1,1.15826416015625
196,6.194136519448013,0.07403139715059087,1.6077458297624805,0.012883103382766395,0.0,0.0,0.1717747684621318,0.31255862561214814,172.55899922714835,8.873475593684734,-66.99741691606471,-49.23007688139861,-108.34795155887976,11.028511638403751,15.875134468078613,15.81963062286377,nan,0,1.1616039276123047
197,8.808339387955913,0.20026142493756835,5.6101867399596435,0.0015424056707506809,0.0,0.0,5.877870388244071,0.21879942344220485,196.61761885023589,11.284542345660086,-73.05527036334604,-41.79914396554075,-77.62436271505864,5.988245097330944,9.65710163116455,9.62817096710205,0.048066875653082534,2,1.1646990776062012
198,2.366129324288446,0.09383423867507559,3.32701460333866,0.00203520160961006,0.0,0.0,0.22387722988319633,0.31944892090597576,153.26117107709507,10.887592264975488,-50.60743316503365,-56.598192204163965,-101.23226729698148,10.233420571588299,9.442097663879395,9.442097663879395,0.048066875653082534,2,1.1863322257995605
199,3.4480748925509004,0.22307028792636815,6.9663200638322875,0.07304478903502544,0.0,0.0,0.16022286849090156,0.4405597726432437,20.153384245230615,9.324753580813653,-52.41233353000968,-56.282140150400046,-89.30230683785638,19.805615434266446,nan,16.205995559692383,nan,0,1.3415172100067139
200,7.885345963291186,0.17426198873479695,2.0680963037096043,0.0333438309639616,0.0,0.0,0.2570994792841286,0.32867744164333135,126.3616030877188,9.986590592976725,-60.442224569654115,-55.34989074168147,-103.3776252791325,13.86973795318706,9.380512237548828,8.441699028015137,-0.1504702194357367,2,1.2024130821228027
201,9.73235104757919,0.16976354286221684,9.433462876034563,0.07006130002933068,0.0,0.0,4.096971826310595,0.5395925654017523,101.02636627832715,8.319253025723807,-78.90129330280358,-38.848737570537935,-108.54520103698253,15.249679357583068,15.96357536315918,15.788961410522461,nan,0,1.158872127532959
202,5.257041268922252,0.2502786082032479,9.052557235432586,0.06813347958837608,0.0,0.0,0.16279049936000017,0.3611278289562864,97.85736856967362,10.7895024840372,-71.33126997584432,-56.11500834419817,-85.99753996242737,14.216736204128729,3.8184306621551514,1.5962563753128052,0.08958130477117816,4,1.1450529098510742
203,1.8670262742368824,0.21605450380537655,2.6737697788813826,0.019896891615530984,0.0,0.0,1.6937721578504454,0.2465525956359481,54.96345783738371,9.490871579460514,-64.43707603980116,-54.60052127301343,-84.5727749186541,3.7727780488523126,4.960454940795898,4.524781703948975,-0.25287356321839055,20,1.166074275970459
204,0.6323947332279147,0.017707551849214593,3.9093929592859418,0.07185835917343338,0.0,0.0,3.1071527299843167,0.2920161023301756,127.2423098632734,6.907452090927996,-63.00601569007019,-52.21002362811108,-89.64891685633093,9.241237829420308,0.6830538511276245,0.2698543071746826,0.28436911487758953,9,1.17507004737854
205,2.681732284989125,0.024343149772344547,6.2887147718773875,0.006814095346621604,0.0,0.0,3.1780616741518886,0.16924159077909565,218.82461824827635,9.919484799651702,-51.352538364309396,-54.358690177207116,-94.15627424145835,2.4266982320306276,5.438255786895752,4.991091251373291,-0.0488262910798122,6,1.1663818359375
206,1.7523110689719499,0.18445195121224453,7.4625610297082545,0.0010167928638946109,0.0,0.0,0.23995056297472547,0.2205002140129482,106.77199280894352,11.349599096599448,-50.664153806171136,-45.85212720502112,-81.19672986831146,4.368074474722015,2.1501944065093994,2.117812156677246,0.1295774647887324,6,1.166368007659912
207,6.937757399322146,0.15099570193045989,4.983904136442324,0.0013339582327207581,0.0,0.0,0.13281526610668215,0.46841599436542003,18.557388793691057,12.333505161418529,-74.15366273955497,-57.72076161168119,-67.8096955592032,19.306905917124354,17.633045196533203,17.585281372070312,-1.0,61,1.1946732997894287
208,1.6574087939710456,0.0854535500494675,2.4066218976487757,0.0016556733234598376,0.0,0.0,0.7899739449308883,0.24917047113360036,151.73917706857378,9.029098181498348,-50.83661606625818,-54.88200101661469,-90.67734526566431,7.783328681011433,1.7049028873443604,1.7026698589324951,0.17180205415499525,8,1.1861510276794434
209,5.310134350396013,0.13141026532129246,1.9373634442258443,0.001551339699268681,0.0,0.0,0.254080122707714,0.23622628226150613,219.92099787058677,13.35821932289819,-57.218992578671674,-57.2314964931827,-88.30132446537638,5.661238958257078,5.769084453582764,5.769084453582764,0.1646586345381526,3,1.1672041416168213
210,7.095493138607422,0.22979399243252954,9.997888032229096,0.005051318835235889,0.0,0.0,2.503465541614649,0.4200753694139654,213.53060253243083,7.107222392129615,-78.09914034487524,-42.389274161248046,-89.60212662643312,16.928932864458606,60244.78125,60244.78125,-0.07912087912087915,1,1.2100799083709717
211,6.020607787598572,0.24971733055079967,5.098169092991386,0.025266298009072548,0.0,0.0,0.5168750861836949,0.4353221616107877,27.164815168941704,12.40860906086274,-78.69328365045446,-59.298249702151075,-89.24079117210367,5.2045345039323845,5.302306652069092,5.186025142669678,0.6428571428571429,19,1.1777007579803467
212,2.3978686907705473,0.1727546896881128,8.852785742336483,0.03813270495708374,0.0,0.0,0.7919684523978833,0.4848984847990119,146.55530261150204,6.2065359536917635,-78.76136601729576,-41.82128759570149,-100.54256768784597,13.471925349553938,60245.19921875,60244.68359375,-0.07912087912087915,1,1.1947920322418213
213,8.139182998731496,0.12175714944855986,5.34138404166203,0.015150485450605563,0.0,0.0,0.1686436006902958,0.22049091354410444,182.48209714517446,6.4746493257997395,-53.05861159375163,-53.28946955096785,-92.47043188101132,2.6461446536110174,2.142906904220581,2.0737953186035156,-0.3253588516746411,10,1.1949129104614258
214,7.296367731350116,0.08850206083358103,9.30121874691403,0.001962783276988426,0.0,0.0,1.3648991807690747,0.35971060187890586,202.88489617391613,10.485830290606112,-62.33671527534897,-35.78612972743111,-94.94724080266981,17.924806443057225,15.748373985290527,15.748373985290527,nan,0,1.1828229427337646
215,7.520348037197647,0.1613563565230835,1.7898344449439554,0.03131866232452251,0.0,0.0,0.23498945783482164,0.4842974317537387,175.52821264485897,13.42822508681791,-48.22692815331391,-35.22425487434826,-104.0745461583279,16.124311449740304,16.128076553344727,16.086435317993164,nan,0,1.2649259567260742
216,1.7450486397944758,0.10127738938367048,2.0261727220109584,0.005123937671578548,0.0,0.0,2.2801914970300237,0.3687059036873357,195.03370163792573,11.154988225427894,-70.23986646166293,-35.871293209292126,-100.80100379494057,10.491932188810342,15.932601928710938,15.918537139892578,nan,0,1.5354909896850586
217,1.6756611346782737,0.17358758974369465,9.366689689518019,0.0010616630374327713,0.0,0.0,0.13878343905071866,0.3399392926389222,129.94203594841284,7.294634758688311,-54.71149121833657,-57.778320895494005,-78.81059995189801,17.1236944295221,0.277055025100708,0.2763434052467346,1.0,9,3.671476364135742
218,9.311844234561823,0.2062291909277949,9.527437405403065,0.0036406358476184612,0.0,0.0,8.949302426239578,0.29451044768862356,90.36117776895189,11.675366468793602,-74.51290971482526,-38.85127496367804,-67.15857356510489,3.901180176495761,1.7232234477996826,1.7196272611618042,-0.0488262910798122,6,2.708312749862671
219,4.276992841336936,0.0291629711666245,3.83245702718827,0.004583540871166839,0.0,0.0,2.3391278361393852,0.24857726617807852,169.1276790136364,10.046648772452206,-61.39752338586675,-42.33775703498279,-88.00667752986033,12.406201448336619,60244.8671875,60244.76171875,0.12967032967032968,1,2.635284900665283
220,3.3590125719189277,0.0103095648565967,4.196483982944846,0.003535827509822471,0.0,0.0,0.2309187168724173,0.2777358102860318,63.10723446461675,9.028052771909042,-49.71658774749743,-57.25243720879036,-83.10911325798621,4.501454182462914,nan,68.78707122802734,nan,0,3.1030659675598145
221,5.141548430839567,0.07156037026381545,5.072052113512822,0.04204751230871797,0.0,0.0,0.10670611074989599,0.30536991736302505,204.70410752237555,10.6323516308284,-65.89329260654051,-53.75438315870455,-90.34198853646645,19.194634192513103,9.024357795715332,8.635880470275879,-0.1504702194357367,2,1.5452122688293457
222,6.797210021254033,0.26940833433844646,4.745455120605618,0.03310189030767745,0.0,0.0,0.4665796407747937,0.2053040901345963,127.11813664103273,9.755916253598881,-53.88041652748918,-50.523823229202335,-90.76592225536427,7.402006899860762,4.523891925811768,4.083785057067871,0.2745861733203505,4,1.506526231765747
223,9.578420941946215,0.19742432133628215,2.71040694363637,0.024609572007687847,0.0,0.0,0.2021280229490406,0.34104445404861544,44.71154372576002,11.710473713621205,-49.44391801407317,-37.36018376893086,-70.36386778829991,9.583892246321865,1.7802073955535889,1.7802073955535889,0.0871327254305978,12,3.7397351264953613
224,3.2212391553795228,0.05986850206173663,9.085378455454372,0.0018967502807751082,0.0,0.0,0.27341520727602975,0.3938909947145644,75.33522420673515,11.103389996806587,-46.58532808328889,-41.823733795784875,-87.73181472844296,14.087362915755516,4.070028781890869,3.8887779712677,-0.28042843232716663,4,1.4868407249450684
225,9.285680078464258,0.2681765489288494,3.2797684063507937,0.04127316934589761,0.0,0.0,5.565452966305064,0.28386427377294526,187.6837198645113,13.354154090624565,-53.28744861097461,-49.17023610910236,-97.68770666905321,10.497751629862234,16.041213989257812,15.92993450164795,nan,0,1.7993190288543701
226,0.736165168169435,0.14628722268332858,7.347451685298864,0.02261267408522506,0.0,0.0,1.6084565000315423,0.37680060129463566,85.48092725925851,13.542116741502511,-62.22119547925132,-48.19859160089979,-94.33117018303118,13.148732815540406,15.904674530029297,15.792889595031738,nan,0,2.1200859546661377
227,5.774381402104835,0.14806660943681157,1.604401099614756,0.002452874752072364,0.0,0.0,0.2253799644535216,0.26132604029412465,129.611794082818,7.032391383186052,-49.57772662093269,-51.02467919640504,-90.53397065188307,4.907674076608003,1.7415045499801636,1.7107676267623901,0.15490196078431379,11,2.1394548416137695
228,6.522763560970309,0.28130716371437,1.3487619837558653,0.019778249928342623,0.0,0.0,1.2981318374417123,0.3018932037163598,137.28158775211452,11.616440499428663,-49.159213778092116,-58.709808375693434,-66.20006406352798,14.372537098386777,5.731046199798584,5.140020847320557,0.6206896551724137,20,1.2265920639038086
229,1.5060253356321562,0.027251140733168606,6.883574253192286,0.009268795109486796,0.0,0.0,0.3247590833009746,0.4422018416637224,75.388697414649,7.6357980401117285,-69.63692284708907,-38.10685620833894,-96.88744220618223,9.793601556587479,8.014389991760254,8.014389991760254,-0.1504702194357367,2,1.2818140983581543
230,1.83322617210717,0.07240169964232837,4.051142718159343,0.007563104893475038,0.0,0.0,8.961933741666707,0.40263100627486564,172.3197524757135,12.975918909791083,-56.950009317886355,-41.172270086639436,-102.200294166682,17.670748726131638,15.993661880493164,15.974749565124512,nan,0,1.2569348812103271
231,4.481586033504886,0.1798736842948695,6.8991345344800115,0.0016758931542524525,0.0,0.0,0.11628252684805661,0.4656081308545872,73.41541223216545,7.027025312452126,-45.83144983807657,-54.95900186364597,-103.85066134649107,12.894397101933945,2.5876243114471436,2.4685704708099365,0.2156448202959831,13,1.269486904144287
232,9.679203165360226,0.06669108777878117,1.8461908195194732,0.010879490359710474,0.0,0.0,2.9149884904966576,0.24314694619492916,83.33852438410192,7.0667936414439465,-58.96076089744434,-41.02536931944411,-74.30607316067795,3.9547394192331753,0.6801807284355164,0.6801807284355164,-0.6889952153110047,10,2.3491811752319336
233,6.162404255726542,0.20706283267059775,9.54866241924277,0.0015843955645509125,0.0,0.0,3.515556259780948,0.4335300822574928,138.07942562618672,12.509426965451684,-74.36195460015351,-54.80794370573313,-109.8914871155745,10.968048971510473,16.16339874267578,16.16145896911621,nan,0,1.2975351810455322
234,9.363720605202007,0.07208676390764886,7.736630202037858,0.0021306238026335624,0.0,0.0,0.13624655436708302,0.2965882555117156,54.77679027824871,11.793940605815193,-46.322515053383796,-54.781112775023246,-80.79063447064104,5.024854767711716,30.554349899291992,30.294626235961914,-1.0,98,1.1736750602722168
235,8.141428698323223,0.03875552147365616,8.886405097232194,0.001841164652613088,0.0,0.0,0.2206676796971711,0.37790703366093464,14.14157756533192,12.068433553716678,-64.80983631721875,-36.33032846213367,-85.95713530354675,3.9921745105379953,15.697920799255371,15.692669868469238,nan,0,1.1876580715179443
236,4.94012521477527,0.07002569629584353,2.228234986400598,0.08094994502314679,0.0,0.0,0.5869665037668299,0.3727700955025121,113.44812161337391,7.623134358448132,-49.268975455969894,-42.72742047781188,-94.64425379053834,11.028586133335669,15.728663444519043,5.913562297821045,nan,0,1.188704013824463
237,7.9552527678957805,0.13259286993889804,3.8814487200358245,0.003713037888677476,0.0,0.0,5.448910230416946,0.4136951307673283,163.98044328899655,12.262861733163401,-77.19484765453105,-59.43702895011883,-104.84962862735496,8.504929893278696,16.01822853088379,16.004642486572266,nan,0,1.1760039329528809
238,0.6694494477813835,0.06108010676019316,4.315097477857097,0.005133441854209302,0.0,0.0,1.1857684118911465,0.4376311832865367,117.34252031888117,7.091693041710787,-65.60964017351381,-48.959430340954235,-105.0909516345131,18.416539243718947,8.584498405456543,8.556647300720215,-0.1504702194357367,2,1.1836681365966797
239,1.536867969274482,0.04906068722777072,5.834553834941367,0.004407184303446258,0.0,0.0,2.044625156897875,0.18380226282893264,147.80356334517273,9.108284243650257,-62.25824857847277,-52.145062838279834,-71.55510357599331,11.92528578980157,1.0676840543746948,1.0481383800506592,0.06156716417910444,7,1.1715037822723389
240,8.379571841385996,0.25948174700349286,3.6718163695667285,0.06258941470789323,0.0,0.0,3.6815073419166358,0.35467632058171916,123.82603731051499,13.287083224764782,-50.67071056180763,-39.67995271435377,-99.84758580956701,3.909339117898779,16.11920738220215,16.031818389892578,nan,0,1.2525949478149414
241,8.069762339089037,0.10291518904321927,1.5456766797046462,0.013363857087652045,0.0,0.0,4.531537483284403,0.2347851554472842,168.72219953393196,9.749138050731167,-56.070055046510475,-40.98431919722209,-96.71089216948621,6.408358229333365,15.787543296813965,15.737123489379883,nan,0,1.1919450759887695
242,2.71008704868112,0.11462001909029354,4.319905426637236,0.06891595803384577,0.0,0.0,0.8965387931104517,0.3391964165915775,122.89126023938225,8.188394508211978,-56.64466533943302,-41.33173885298208,-88.758247427604,14.752195546374221,1.7850639820098877,1.41219961643219,-0.005602240896358641,8,1.2095911502838135
243,5.542311110691008,0.026028418755356015,3.2909438316455395,0.003979695203600664,0.0,0.0,1.0413249581433202,0.27645105494339967,127.40064088627852,11.702973775736073,-72.12611132714962,-41.52892385167395,-77.8194189444342,6.065508433934375,8.030245780944824,8.012750625610352,-0.1504702194357367,2,1.2455291748046875
244,6.257150296650104,0.1136371908155957,4.473291623168934,0.0016969511826951658,0.0,0.0,2.729051392207448,0.369857394672971,137.87332793924026,12.842493342995212,-71.26670735596464,-41.60050539963309,-67.07149772839009,17.458596475393733,2.9172348976135254,2.9172348976135254,-0.3428571428571428,5,1.2611141204833984
245,8.743520060872106,0.08679408142325809,2.7726358835802363,0.012954984730827838,0.0,0.0,0.3362673624577896,0.30741213908562076,102.34961901646352,10.857661863905108,-45.288045301155364,-45.78906471560704,-104.8237578906335,1.8631843407964572,16.029335021972656,16.005809783935547,nan,0,1.2120051383972168
246,6.229517994717893,0.18704066952911866,3.357067371082619,0.004909915111453993,0.0,0.0,5.116576510690083,0.18172706794767482,191.77233724112654,9.38902660321477,-71.3615488279782,-51.30819923347632,-75.91822100540965,9.839699377042754,4.225110054016113,4.1903791427612305,-0.09542356377799423,4,1.1814117431640625
247,4.419429908099963,0.06956318632499793,6.6425710638904185,0.04016184604294062,0.0,0.0,0.11004584484940723,0.39200899073395684,209.75488328095162,11.879404710221594,-45.90950473441012,-37.78740583025392,-98.54537546962959,13.522125423248513,15.995126724243164,15.882156372070312,nan,0,1.1904239654541016
248,4.054748412368236,0.26762598138822374,4.493384511202586,0.057391399842944966,0.0,0.0,0.246344689430542,0.3460965685475894,14.724897941473092,13.928853795436787,-70.86478619190912,-43.3801226594104,-71.78808704601957,4.048828591831457,6.667449951171875,6.626750946044922,-1.0,24,1.1626880168914795
249,4.545879820548344,0.27960332006667094,4.108450538525428,0.008813471851833208,0.0,0.0,3.984739051874578,0.30278832941639355,205.01224884641022,6.097965326326579,-64.53080016701074,-48.19905943672154,-93.16591790335688,12.141310179709496,8.915974617004395,8.915974617004395,0.048066875653082534,2,1.156303882598877
250,6.693344743009755,0.038951006581269154,5.805150694501356,0.08764316411367791,0.0,0.0,0.47919957453413303,0.15272202549305244,220.41374020160538,8.615912914402312,-59.725903949175155,-38.06343685641693,-75.21520722043799,1.7739320313044238,8.938297271728516,5.731812953948975,0.048066875653082534,2,1.2607128620147705
251,8.741161001647086,0.04114685732368739,7.946744867595331,0.0127651526522816,0.0,0.0,0.19937268854851672,0.16392226815795938,226.84187574936232,6.373175234068902,-59.393453396898465,-45.61615949212088,-74.61243961839578,3.8204179851305753,3.9590811729431152,3.8366150856018066,-0.28042843232716663,4,1.1960079669952393
252,4.8120203797248475,0.04344466705218651,4.409811607131615,0.003482096372831551,0.0,0.0,0.2363249155777032,0.3671977414893514,51.25519017442187,12.016855461906884,-74.76733366559313,-48.26387182335901,-77.07583594050806,13.373596646870942,2.181854009628296,1.7579171657562256,0.0871327254305978,12,1.5913078784942627
253,2.854475848037902,0.18967508432999047,6.2876754330025655,0.00950497613298659,0.0,0.0,1.1521600273129142,0.3686635565864212,58.43896280601189,8.431682069488684,-46.085878386563564,-48.7832344961279,-107.99941356036288,5.1721130898603205,15.896604537963867,15.87600326538086,nan,0,2.164262294769287
254,2.748292448477021,0.045370999620790636,9.695823628313587,0.0011874643628021404,0.0,0.0,4.92451039686987,0.3482610701377689,88.76007062222266,13.995915234356687,-69.40579583830785,-59.34010378043637,-86.91852901000988,2.5885023145055643,0.4600083827972412,0.45554864406585693,0.526610644257703,8,1.5479481220245361
255,7.587135662312741,0.2571908721997772,5.6978210270624565,0.040551070217098265,0.0,0.0,0.13845270066789256,0.33816851649573104,73.03554770001602,13.939065408751514,-55.3376518374446,-58.73333426792824,-89.80909766336919,4.261112739948136,6.826285362243652,5.9871506690979,-1.0,26,2.677637815475464
256,8.25740325252715,0.2287387393319888,9.1881781886579,0.0015954018881794705,0.0,0.0,0.11506992187847097,0.24224290909040083,38.27727097248789,10.696523306790416,-62.30204386259245,-41.428335392112295,-69.84621972956631,5.686955291201577,4.59080696105957,4.59080696105957,0.054750402576489825,18,2.421082019805908
257,1.5001417586141872,0.24774456888902696,8.143053618307842,0.004144736990004495,0.0,0.0,0.8517973246081261,0.3817759867603554,222.2881569307413,10.143934180432764,-70.94077786352089,-38.855354047434766,-108.40115368869398,11.63067817198625,16.008989334106445,16.00063705444336,nan,0,1.2791059017181396
258,1.1323091410741926,0.16255755279694606,1.5284681348513474,0.01350930771049813,0.0,0.0,8.172874500412863,0.1323419418352787,175.97295305689232,8.239821497249146,-49.77778288528737,-53.992885916050376,-72.20565727707174,2.4923543128166874,nan,11.940498352050781,nan,0,1.5537071228027344
259,6.147119805686292,0.2990363913405545,4.861889843223311,0.001218849970896595,0.0,0.0,0.3614261793587043,0.24277068276857347,46.7833461297392,9.047876671215265,-50.10805705206373,-56.38536587183044,-70.60527920925914,5.364899005643081,27.497467041015625,27.43425941467285,-1.0,90,3.1256120204925537
260,1.8886458198306337,0.022810779853806768,7.284865670817293,0.001440899857349002,0.0,0.0,8.285926529527421,0.4440015626147365,114.07693167674161,8.821875234082702,-75.86558206849168,-36.3922565120215,-90.2819769161504,14.116293965767696,60244.58203125,60244.5703125,-0.07912087912087915,1,2.3251988887786865
261,8.334309809335242,0.12636683961397285,9.880407212033798,0.024673611101563523,0.0,0.0,5.961593410503644,0.23871605360492598,142.31156563272717,10.01372733481766,-58.41978317551028,-37.54144234493928,-78.53094309376507,11.117121509649202,8.622995376586914,8.488309860229492,0.048066875653082534,2,1.326704740524292
262,3.448179402278707,0.10394163399191449,5.125386620453613,0.0013917274272768857,0.0,0.0,0.36835803941727757,0.3096352325382699,158.39277095317456,10.851154244072173,-64.84075773797905,-44.38089974673874,-90.03935899261263,15.394673179566334,60244.6875,60244.68359375,-0.07912087912087915,1,1.2405259609222412
263,1.866783363225855,0.2851071946266659,1.835069087140655,0.008998409071598127,0.0,0.0,4.304236524897589,0.21026462608985788,232.84987121012568,13.678922859977835,-51.274247475125684,-44.95602757351287,-76.28006053681668,4.382917609893534,9.445358276367188,9.254685401916504,0.24660397074190177,2,1.2010269165039062
264,9.249219488630777,0.17728967796430192,6.0580825724158105,0.004757636603894149,0.0,0.0,2.353610566451881,0.37794752048503594,120.17424518220218,8.058438119930916,-79.87767566117286,-35.8315606331981,-71.12681471666714,10.76027375092861,4.347814559936523,4.278932571411133,-0.09542356377799423,4,1.2268421649932861
265,2.0725513659851424,0.2437953799789703,2.1390741291156425,0.0028586357186183224,0.0,0.0,1.0559534605999603,0.29485166764678855,68.45502626737157,11.543801681593894,-64.78196204075253,-39.91626166443251,-65.02168504185728,7.6325695423075315,1.1934282779693604,1.1934282779693604,0.40191387559808617,10,1.1884818077087402
266,3.204840782210388,0.05939894616097047,7.763676042514541,0.002385381219874618,0.0,0.0,0.701184465825932,0.3814513708775702,66.21269999995098,8.139059910358066,-76.73288140117648,-50.14884508749611,-109.21587262773909,3.1735155906242367,15.883667945861816,15.879712104797363,nan,0,1.204921007156372
267,1.959327254324557,0.29380390173112725,5.569092977156001,0.03363741299641092,0.0,0.0,4.2756831260284835,0.24731483700482218,72.49002187271417,7.278902207275846,-54.37443151747462,-57.359880228302494,-71.03026527389639,5.201175570508105,nan,12.13591194152832,nan,0,1.1780190467834473
268,1.5971556048208722,0.15460546859413138,7.510882315395579,0.07999896832117402,0.0,0.0,3.856193918585576,0.31263021273449837,34.97584190346057,6.080853155450068,-54.967824848724874,-53.58458135153645,-87.07256276880014,3.1207048867709593,nan,15.309640884399414,nan,0,1.2006652355194092
269,0.7009061551961804,0.15316490211848727,8.824256441906714,0.0019070386035171093,0.0,0.0,3.2649209593922337,0.3434102297859764,236.61806234433732,7.003077912559642,-65.58259256753426,-38.70876244163835,-98.98008731838169,6.072463921577294,15.865575790405273,15.865575790405273,nan,0,1.1780288219451904
270,1.026256387060471,0.29155657127826395,6.6605321544649945,0.0830543604499224,0.0,0.0,9.920005259893271,0.4385626675829952,195.95488865486857,8.186717257536102,-79.89950411168155,-49.30215698775125,-109.43591556446863,18.28605339275797,15.891082763671875,15.69163990020752,nan,0,1.3513672351837158
271,2.1590939738906005,0.12041238475297206,6.511953963278634,0.01547123585735147,0.0,0.0,0.9057845776335998,0.20228039031500034,157.61704156122082,10.664114129769938,-72.94436711981729,-42.50134536428409,-79.52354103447445,2.148807904581934,8.283211708068848,7.982942581176758,0.048066875653082534,2,1.20271635055542
272,1.0071283599581662,0.12528225712094795,7.791132658956681,0.019200865733581544,0.0,0.0,4.110039120575161,0.3086355668219712,212.59470208643168,10.635306903438444,-52.26365916364864,-53.427148196778894,-104.50784901109456,14.346541890548908,15.866869926452637,15.720495223999023,nan,0,1.3352162837982178
273,6.115866253054227,0.1795782838134316,8.582095013074007,0.026293763738804325,0.0,0.0,5.3083155818071734,0.3564165433441393,192.59301783868727,9.08826826895433,-79.17077036392911,-39.54364938365339,-100.72577421513017,7.441606896052276,15.847637176513672,15.762779235839844,nan,0,1.269838809967041
274,6.966788004595311,0.04713525705885821,8.821484076493025,0.025599871226344165,0.0,0.0,0.26497515990276127,0.30254587617714185,154.49313178873996,6.799637753690422,-77.4801481851538,-59.357405710618146,-68.75120628922451,6.916272141104457,1.4946622848510742,1.4257197380065918,-0.005602240896358641,8,1.432420253753662
275,4.239489339904268,0.10311483165943791,1.3278717611459498,0.04361362814112123,0.0,0.0,0.12137601763046671,0.2521486793581464,161.95152747694033,13.913881992141938,-56.56922222533198,-46.8726301035955,-86.55860299172427,8.161425820655483,15.86349105834961,15.682106018066406,nan,0,1.4113881587982178
276,3.5209154210444695,0.06603041350908785,6.005712671180103,0.009266960304350556,0.0,0.0,0.6449065745032723,0.37602365380076425,147.94932086966963,13.670331116365634,-52.418458820559145,-49.394334574169065,-95.039982693536,17.787099062839307,15.857410430908203,15.857410430908203,nan,0,1.7095937728881836
277,5.292999251711186,0.039952208941044384,2.946423788177963,0.011660500046803052,0.0,0.0,5.169795555855479,0.3726739228824374,41.230739894116574,12.796682055714413,-71.07231335301837,-42.10926910560205,-73.72007386513265,10.06293382800598,1.5314948558807373,1.4634606838226318,0.7655502392344499,10,1.4335927963256836
278,8.812546951228782,0.2611819358359958,8.74311301703605,0.004442771783207434,0.0,0.0,0.3786226252218401,0.34671348592823886,54.225314512723095,12.758141947699002,-67.13720792313399,-51.982993487937016,-87.04927179409522,9.266638580974437,0.7187255024909973,0.653324544429779,-0.005602240896358641,8,2.042125940322876
279,8.585750454810958,0.18090603817696804,6.83557916683025,0.0016237351325846937,0.0,0.0,2.512003893101204,0.4079922417523718,167.10200991890656,7.097582466981323,-64.75086210832444,-37.7074547193699,-108.37717807521236,9.689428329913202,15.681560516357422,15.677361488342285,nan,0,1.4898180961608887
280,0.9130130891215235,0.11401510954309424,4.782002311291944,0.021344224581247826,0.0,0.0,0.10344184977879398,0.3298185462110315,161.92235226859833,13.101688696335883,-59.21748205733885,-39.38789321901679,-99.97890414683211,7.703379288329331,16.057357788085938,16.02004623413086,nan,0,1.9092049598693848
281,2.224234891166979,0.12851411943634672,2.6929380530921616,0.0011674006703924233,0.0,0.0,0.5137228279978436,0.18201779903843948,226.6904230034498,13.08780090474149,-60.47164560589534,-48.11279155512887,-89.70196738454936,2.1170035697733045,15.814092636108398,15.811217308044434,nan,0,1.4580771923065186
282,2.7490762754917624,0.13514051106933284,4.051212633278438,0.0035585256629456453,0.0,0.0,1.7022893791208307,0.21563620939368847,215.2467339100104,12.545196067322685,-64.03120993452465,-53.01400068201316,-94.56857271080612,3.3400511315849,15.885875701904297,15.875066757202148,nan,0,1.2573308944702148
283,2.869181970406012,0.1936132628219657,7.333999250862021,0.001543333307014635,0.0,0.0,0.18176672408002237,0.15642425524833237,176.0116405003162,10.45335885243886,-71.80638020112868,-44.424860698057756,-65.93464035852614,3.3255075740474047,2.371263027191162,2.364245653152466,0.380952380952381,5,1.3182520866394043
284,5.9267101915563405,0.27876312353180804,2.839235906904749,0.002406879315467696,0.0,0.0,6.211747935147933,0.22573702348852517,115.45155244382539,9.953270567377015,-74.16209751616691,-46.71049472506713,-82.73102336533594,3.989546237551411,3.698664426803589,3.649909019470215,-0.09542356377799423,4,2.8002607822418213
285,4.454493044180326,0.28050608970052493,1.8422465080453547,0.018943569942785184,0.0,0.0,0.20537517865497235,0.43731404366259574,45.58649677204157,12.850789725070047,-69.10143971654843,-44.241665323034226,-81.79521159461537,16.944246636070066,1.566162109375,0.6444810628890991,0.583732057416268,10,1.1889917850494385
286,0.9679141393121429,0.12353267406389237,8.992258824047958,0.01806979644992953,0.0,0.0,6.600655853665055,0.21688385224218865,180.17576518325038,12.724611467506222,-58.1174823622267,-48.76357098715015,-92.28950654091165,8.20156556656728,15.857818603515625,15.767361640930176,nan,0,1.1774611473083496
287,4.04933431536593,0.10548611328335317,7.8778931462210515,0.006952001001286709,0.0,0.0,0.2708810457387755,0.3450615264623467,106.2304125191063,7.0344740172301625,-65.16145701488915,-50.26387731993447,-108.44427515067959,6.22748435120046,60244.203125,9.552943229675293,-0.07912087912087915,1,1.1820669174194336
288,5.475653012817554,0.14080348505372395,2.7981543759231933,0.0015147604349942836,0.0,0.0,9.739963913683555,0.20844171830408068,182.93860419024986,10.623564571277003,-51.784137613538945,-46.432798890480875,-71.56623055361297,16.125274892432618,3.075037956237793,3.0747978687286377,0.2,5,1.224794864654541
289,1.4658830775853018,0.17470092682426283,3.6308038908699247,0.007357797531089616,0.0,0.0,1.6199343949656237,0.39851845241181066,32.60545113271684,13.816050944127939,-79.4838393584535,-45.07904905175954,-74.3369820807457,7.305988657167165,2.8510618209838867,2.8510618209838867,-0.06465997770345608,14,1.3438029289245605
290,8.417856260991318,0.143927194320427,9.748631594177972,0.00507562752303019,0.0,0.0,0.14746528309011783,0.36078240696701797,147.67105222834633,8.896980246779586,-77.87847587473743,-59.78846202276673,-105.73120864499653,2.869782288280889,9.315152168273926,9.315152168273926,0.048066875653082534,2,1.356072187423706
291,0.9936377314184904,0.20103848884684325,7.373660380832057,0.027600586181410036,0.0,0.0,0.1350686219499921,0.2994177780726682,150.50464880056248,10.206921847700105,-64.05878449394002,-42.70196310993956,-109.24282383443982,6.148686146898887,16.08266830444336,16.04549789428711,nan,0,1.2964229583740234
292,9.28599775567159,0.17077571678013145,6.494698037924422,0.014389748926518016,0.0,0.0,0.14120282725143624,0.3150201979887294,188.8003281961544,13.279816852136948,-64.65821913168465,-57.96290049653834,-74.05720673471804,17.818238232181937,1.7951921224594116,1.7172341346740723,0.307981220657277,6,1.745441198348999
293,1.4415748450088173,0.10300750854128206,3.7686563688171733,0.009619035657912898,0.0,0.0,1.5128138594275036,0.34849851039960833,105.14186225955548,7.946842031362216,-78.46099161219692,-45.2229294526286,-69.05587292468753,13.879872484886189,2.1338937282562256,1.6157715320587158,0.1295774647887324,6,3.194478988647461
294,8.51396204017865,0.11026193367116345,3.6921262974987004,0.009418118806182305,0.0,0.0,4.160623374807014,0.22324536962551042,82.9671775157889,11.143106594319736,-50.87760573931911,-48.10424851626355,-73.11131795009726,8.446283856660727,3.1562628746032715,2.8018698692321777,0.07142857142857144,15,2.096395969390869
295,9.075204867312362,0.11979190839232196,1.3557125682120743,0.0856236573627811,0.0,0.0,0.6396250788839242,0.33443445841198677,90.15630607702725,10.663909007028433,-63.735975380693155,-35.57220198847292,-86.76247594123214,8.31826854940441,15.873937606811523,15.686695098876953,nan,0,1.2849209308624268
296,9.80592146557263,0.03744553279232272,7.556336802117382,0.03255280700417452,0.0,0.0,0.7756602190884929,0.3192330208832686,100.83471491956334,10.383519604904933,-67.57807866971316,-41.9273349508766,-92.87016825342616,8.298743343979618,15.815470695495605,15.682075500488281,nan,0,1.2751789093017578
297,8.119245862599138,0.058158163400052205,1.3885770255119607,0.009861866539191895,0.0,0.0,1.5086045295093435,0.3137511212523599,151.90384735666507,6.48677498156808,-57.062577865969885,-47.375694571032824,-89.61382485710112,14.665806823451076,5.472843170166016,5.470153331756592,0.1646586345381526,3,1.4099769592285156
298,7.905036637327624,0.21970300262216197,1.0437160399955112,0.00908751677979339,0.0,0.0,1.1643437319622403,0.2407571201695641,184.39882986111803,12.770086907299675,-66.88189077138935,-51.82405769366547,-77.85460543274662,12.054292323668472,5.1198410987854,4.397690296173096,-0.21686746987951808,3,3.3212170600891113
299,6.603591121957702,0.1228380463414032,7.565455790748812,0.0011296871860331464,0.0,0.0,2.3775160980257146,0.17375599825996402,155.3143556609178,10.444183256846681,-52.95574418786509,-55.24897778769617,-84.99295402663715,4.003933989928966,2.39140248298645,2.350377082824707,0.014799154334038014,13,1.4186069965362549
300,7.900465368492226,0.07221630204244166,9.539863814342128,0.07673942250598258,0.0,0.0,0.8781555295435806,0.24380835787588204,103.66794603692814,11.3119505873286,-62.74249370900404,-50.51021158319547,-70.17634993629773,15.68368857545209,0.7868762612342834,0.6971161961555481,0.17180205415499525,8,1.4139618873596191
301,1.7782459799248973,0.1731749990667086,7.808527429545794,0.004348584800397555,0.0,0.0,2.6774500047737613,0.38270699019534865,131.04688055008623,13.600425245403903,-65.14721486977521,-40.29817681029735,-102.44286920893619,6.430057065101343,16.102373123168945,16.096708297729492,nan,0,1.6263649463653564
302,5.5926463415025545,0.2291064673172939,5.244761715619408,0.0032499611073680537,0.0,0.0,9.876918839260114,0.26814181365283435,87.75968370680961,6.846566021636186,-62.43683147233762,-55.19349664683761,-81.46163497476536,4.611754831887348,3.087562322616577,3.087562322616577,0.07142857142857144,15,1.5101759433746338
303,5.385117266808938,0.0846524850801577,5.374407246047857,0.09972817020983281,0.0,0.0,0.501875140839714,0.3593362385848676,38.406439188033325,13.752693820791396,-56.96158929661128,-36.58872713228779,-87.95504936030456,1.6346467982041106,16.009077072143555,15.812633514404297,nan,0,1.5870552062988281
304,8.646935369164297,0.24976906575788588,4.925227803841948,0.02737658944010687,0.0,0.0,0.10578666498211378,0.39097672311065185,142.10536919923211,10.466631094685667,-79.47585379221921,-38.46894888995421,-82.10131937226089,15.149132218146775,8.302528381347656,8.302528381347656,0.048066875653082534,2,1.5258119106292725
305,4.896593973138401,0.2789764092912644,3.921793003993003,0.0012437341139353284,0.0,0.0,0.17834054566224605,0.33221525251925393,123.60185441622836,10.947219503266105,-70.98855373700165,-35.65605580578382,-91.96759966035506,4.084205805414953,15.751766204833984,15.747965812683105,nan,0,1.5094361305236816
306,4.1583502129533585,0.1832444134314138,5.6954279276725615,0.0013297529242611561,0.0,0.0,1.2794648815485823,0.4802828436886266,22.860546226164285,11.08937546468297,-45.58170520882405,-37.60513757884296,-78.40529446311139,19.821360650864357,7.675063133239746,7.506166934967041,-1.0,26,1.5284390449523926
307,6.575851076752546,0.20399482110755807,4.880358614270036,0.0011246130737417326,0.0,0.0,0.4881076050222351,0.27395154662523374,176.2505002696845,8.714008987211168,-58.957365342893944,-58.00583393786096,-100.02428793998567,8.933264482641352,6.007598876953125,5.957019329071045,0.1646586345381526,3,1.4933288097381592
308,3.0314015162580374,0.02524703719368606,6.383510920366972,0.015821140926576358,0.0,0.0,7.585167706836948,0.3347764517276637,56.41825351950041,13.628008118625365,-45.15408656393727,-50.726601996958365,-78.08469562652606,8.74764388260157,nan,9.690218925476074,nan,0,1.4859421253204346
309,1.8277999040625903,0.2842007683963529,9.08308072450985,0.00139036555539599,0.0,0.0,1.7984243752580287,0.34172552574730347,42.08711700882747,8.695414781616869,-71.8319905449518,-51.79804448981451,-100.32402402210276,3.1345572621066817,1.6297531127929688,1.556160569190979,0.1295774647887324,6,1.4321157932281494
310,5.039834103225585,0.1238205729368337,9.955084755914292,0.07358286844080067,0.0,0.0,1.098273164165002,0.38255478994101266,60.00853875335497,13.246056254638741,-77.0172413478215,-51.88108390611914,-86.21975474738142,7.735740467388779,1.4520800113677979,0.8084486126899719,0.583732057416268,10,1.621938943862915
311,4.460449001651408,0.2779311161581747,1.708689608946254,0.07478475583174142,0.0,0.0,3.945290643616818,0.2785142779219289,129.04963185434406,6.347360481874832,-57.30006283224678,-45.913029961098495,-79.35651803653889,11.777898500717503,1.4924261569976807,1.4924261569976807,0.2388059701492537,7,1.4182298183441162
312,2.7094144350243,0.17790348217757032,4.462151253952072,0.012362552060785004,0.0,0.0,0.32898776135411584,0.363115247123933,110.71782395790254,8.801132338352659,-72.07476834650784,-47.49830682983468,-108.82763964301219,7.236575733887189,15.938666343688965,15.911076545715332,nan,0,1.5118498802185059
313,3.991362196093716,0.011339451664565008,2.6263557619012854,0.017111097376143733,0.0,0.0,4.359905544495235,0.4329440066937778,165.91062751984177,6.869736317490874,-77.7988065188165,-43.69553486771587,-92.10013754859423,16.23467569443824,124328.1015625,124328.1015625,0.12967032967032968,1,1.6975550651550293
314,3.9807282733493503,0.021177179803796357,4.169084265329803,0.003835206944260773,0.0,0.0,0.10141967388223463,0.2937921081186096,225.5815999134045,13.656323629860616,-65.10425011370373,-53.391819393124194,-82.61238175658849,12.935665592636491,8.732421875,8.535582542419434,-0.1504702194357367,2,1.486025333404541
315,3.6112078619191816,0.20732145364427737,3.587257166935807,0.001342595183428354,0.0,0.0,1.735220717569377,0.32375274795968084,153.13933529745623,8.57422890975105,-77.7686892253944,-54.749879029360024,-103.05112573899949,3.354106569882894,61008.09375,61008.046875,-0.07912087912087915,1,1.8104510307312012
316,4.104908757405825,0.17317372401126058,2.570834184641095,0.029848388612266852,0.0,0.0,7.4048165243033734,0.3606397458784942,223.0451638464618,6.110781167791743,-58.93497912672874,-36.31315510649658,-93.79760926276424,11.014863694276787,60805.9609375,60805.703125,0.12967032967032968,1,1.695828914642334
317,7.014561781831481,0.01769440678976156,7.8766844807916145,0.001597982347621449,0.0,0.0,3.764609241872444,0.2967511576232283,170.0302425992867,8.53735755726591,-63.28218043024628,-39.5724287416812,-76.45899506238814,16.360538818363974,5.727576732635498,5.727576732635498,0.355421686746988,3,1.5706689357757568
318,3.32032650842721,0.22560338875449173,5.466598685463123,0.0014829116669136271,0.0,0.0,5.096457234411671,0.25362609686488735,237.08823763436087,8.962619799489431,-53.85180579724794,-44.930385822450425,-80.00278547504617,15.057604191825755,8.926250457763672,8.926250457763672,0.24660397074190177,2,1.508167028427124
319,9.514150303795734,0.2571221477500627,9.273210239955032,0.004192240781473427,0.0,0.0,0.6221704641928005,0.3575612469631946,182.4382028976524,13.085961194358557,-67.77374136673807,-43.662966097202236,-97.38693057814149,12.296805397222528,15.9291353225708,15.91530704498291,nan,0,1.8349990844726562
320,9.20530618561269,0.15396106990739938,1.2933319892231303,0.0010590862256114168,0.0,0.0,4.4512080342875535,0.2257539761010159,182.7702822395434,12.328008689293123,-65.29564239538071,-47.281994419966004,-94.97675669734222,4.211690584252979,15.882336616516113,15.879457473754883,nan,0,1.6004443168640137
321,5.068649068850746,0.14506965770360394,1.6028021181879093,0.007380252686120639,0.0,0.0,1.2637562896349164,0.5316530146906563,69.91900319428241,13.297096039198596,-69.18606601567394,-35.631016661359745,-99.13348616530783,14.738350662139851,15.999037742614746,15.982507705688477,nan,0,1.6340432167053223
322,3.6194314475445437,0.01158720156204197,4.629462246373097,0.026023267151646413,0.0,0.0,1.7261577123829746,0.21644748179528783,141.9977575215222,11.574960396198389,-57.461471868678665,-42.33128541006027,-69.25038282040434,11.705920425187147,2.6890814304351807,2.6890814304351807,0.019047619047619067,5,1.6245219707489014
323,5.58663050338503,0.23812841662314377,1.7224958836363342,0.04005879330361603,0.0,0.0,0.13116884024821182,0.3409034502809964,25.605220067918896,8.166603475575197,-55.21233568569326,-47.64813430060816,-85.31516078211409,12.335028652225539,8.103261947631836,8.103261947631836,-1.0,27,4.265735864639282
324,8.561324643349433,0.10590765935637057,3.3645663677335014,0.016166447922707928,0.0,0.0,0.2529900228946454,0.3563202022840137,98.00473278645109,12.191164200702842,-54.676279063620804,-42.14251469517215,-77.81104216842749,17.91680203143071,1.9454060792922974,1.9347163438796997,-0.0488262910798122,6,4.394603967666626
325,6.699579735320969,0.26484144973693646,9.874267687689613,0.04940244077937122,0.0,0.0,1.264529108798086,0.33927587871836046,146.94033927195312,13.736577595975668,-75.82825604632767,-44.20102558515339,-77.7383054328892,10.06718780813283,8.36330509185791,8.166711807250977,0.048066875653082534,2,2.882099151611328
326,8.141722365497236,0.11818757039183538,2.8806364673615263,0.006501362883624487,0.0,0.0,0.13109982611061843,0.3360059553724731,76.28792888509538,10.400299621688792,-67.23383118982541,-37.27189822330459,-93.94434143600353,4.338432861340452,15.775550842285156,15.755208015441895,nan,0,2.2512900829315186
327,5.5608616226245315,0.1738725940829046,2.7830596727088164,0.0498361139443054,0.0,0.0,3.0401402073693267,0.25380480752557116,142.56950223805416,9.167940731042954,-76.64356493197056,-45.878941225052294,-85.79691149754343,4.290744646030707,8.425871849060059,6.408414363861084,-0.1504702194357367,2,2.7290749549865723
328,6.512717478042397,0.08839911857780498,6.162766019161381,0.010302594837782092,0.0,0.0,4.787557654651781,0.33633278321592835,147.45677886076388,10.538871790859911,-52.92355819354432,-50.96075175393414,-98.80582143513624,19.073177852444736,8.991449356079102,8.991449356079102,-0.1504702194357367,2,3.7173900604248047
329,3.237478334733386,0.056570610649626416,5.48198461713841,0.0027930084909924702,0.0,0.0,6.929864175718984,0.3147491814879643,139.08003024004128,6.217119671073442,-51.27509105608899,-55.08104847702648,-74.62836570593704,14.39808611596333,0.6294912099838257,0.5644694566726685,1.0,9,3.192656993865967
330,7.481485041947763,0.23472329198058509,6.223944674825603,0.0773199017179219,0.0,0.0,0.15978533530672753,0.41291943624437044,232.82715658052618,13.72463441275621,-70.3956281370484,-40.83876046941454,-95.74152113990343,12.954760837762292,16.080148696899414,15.913140296936035,nan,0,4.549073219299316
331,2.422843634694324,0.15401123886542165,4.39061750387692,0.0035476580097283804,0.0,0.0,7.576009246408418,0.4342317956407992,147.4815995395564,6.436348124969317,-79.81863875576248,-58.55589963512976,-104.24260786107165,5.8953973356077,5.619351863861084,5.5834221839904785,-0.02610441767068273,3,1.6717190742492676
332,7.100582223775733,0.1655814978881527,8.440861239054524,0.001128243833098582,0.0,0.0,0.13653374894711504,0.19980539003593814,218.59970134578936,10.14906140277349,-52.1087891405724,-39.0422061973198,-76.92756056342564,8.436317363990867,9.443992614746094,9.404913902282715,0.048066875653082534,2,1.6805341243743896
333,8.676831149095994,0.2899706265097033,2.2472249629821657,0.003057370606129194,0.0,0.0,0.8873857121909083,0.2770241333475618,208.68766058342604,11.936398026567364,-53.98969948082316,-37.460641820860765,-83.06014373940424,11.042914169281357,15.881749153137207,15.881749153137207,nan,0,1.5487890243530273
334,1.7549769543646674,0.28943817454442455,4.85553381257319,0.005412216020864516,0.0,0.0,4.791837051452999,0.33367110583555015,214.73738824732732,9.635693825313574,-51.5950256389905,-58.65384098887981,-109.9419524994655,11.03755730248278,15.84598445892334,15.809959411621094,nan,0,1.672485113143921
335,6.336607535148238,0.258136215293697,7.207856635996784,0.005043120747232538,0.0,0.0,0.1382363560405567,0.6217770977693425,26.93073557776745,13.812344107624508,-79.80745890860705,-42.04625908753384,-99.04768868962007,19.383488100169068,15.92461109161377,15.91032886505127,nan,0,1.5927648544311523
336,1.4034096081843788,0.06440669490185974,8.814127962546097,0.011203017616390504,0.0,0.0,0.10875823375316676,0.44953932679300923,97.75457964441611,6.218267410110921,-79.0572482106926,-46.165665706882784,-65.59796094359234,19.615697165868667,1.9090418815612793,1.4229538440704346,0.06156716417910444,7,1.5719890594482422
337,7.3942984685785555,0.18233908134745816,4.326144457210819,0.05837861186681657,0.0,0.0,0.11217483448841441,0.27400336505224815,87.57278362653113,9.861629193511176,-76.48404679707643,-46.94557860020671,-83.01342804282771,5.7701716466151,4.000502586364746,2.281221866607666,0.08958130477117816,4,1.4842379093170166
338,1.3026855788234422,0.26466275315010585,6.109710391843775,0.0038430537106332948,0.0,0.0,1.0532718538611177,0.36042859046570536,150.78632026048996,13.19754201357003,-79.96656333017818,-54.276655642301385,-100.55361965042279,3.3538378576427137,16.046112060546875,16.039600372314453,nan,0,2.583109140396118
339,9.391428315655947,0.11859454157019193,1.6222595050653537,0.011003762695248031,0.0,0.0,4.199460389175574,0.4210215633588397,48.20327892953343,11.0073003629231,-76.4056963447275,-41.536709774481956,-70.08398342487274,18.60516675938901,1.9087598323822021,1.8841391801834106,-0.2978723404255319,12,1.560081958770752
340,1.8053753353591206,0.03932078812131964,2.5328717930064606,0.004789364683107491,0.0,0.0,0.17982635530259997,0.36042442508207345,161.84043729353118,7.579171285068928,-77.01461985610322,-54.19937615482501,-66.71192663967308,19.28455883326353,2.3887147903442383,2.2889485359191895,0.019047619047619067,5,1.691431999206543
341,9.609362336136265,0.24517924164957733,1.6222434621950304,0.04400946800376405,0.0,0.0,0.17750905344587084,0.18410211003244878,97.84134330121867,8.606332328780404,-62.149629620932714,-52.70779771331498,-65.91518967549965,5.20320641046697,3.2766637802124023,3.2766637802124023,0.75,15,1.6225650310516357
342,8.108399672808417,0.14971142989502978,7.550928027986697,0.0020663459177777217,0.0,0.0,1.3711776007495042,0.1946905947758724,94.90281690203678,9.434967005601425,-75.62275919215932,-50.429379330746755,-71.4471175954112,3.6668590276784103,1.0097010135650635,1.0097010135650635,0.22009569377990437,10,1.4730911254882812
343,6.139979042430364,0.17367387730416178,3.5925397184992662,0.0016107218000871288,0.0,0.0,0.29416513742051126,0.300978228798321,144.32504869002307,9.253097104480133,-74.03121458588909,-59.691595888769854,-97.69955134295449,2.1747502532620366,3.950739860534668,3.950739860534668,0.2745861733203505,4,1.7656970024108887
344,7.934928993980695,0.29482184593217486,7.51370761172654,0.010138892222322423,0.0,0.0,2.886871614538843,0.4191781960214341,96.65674839824909,12.481678845594764,-54.811015869283565,-36.31540720745583,-90.78430621983189,14.448226573245202,15.76459789276123,15.722732543945312,nan,0,1.5430552959442139
345,8.053590970339316,0.1860913148432809,1.597584511389471,0.022068619741975392,0.0,0.0,7.929955977123649,0.23332168556608682,163.02859608346466,7.7363704252660765,-69.37461231685695,-46.75426166505599,-74.15042064473352,9.77444195479572,3.602919578552246,3.600264072418213,0.08958130477117816,4,1.7530920505523682
346,9.487257096764639,0.13324402184316939,8.762930203674928,0.03899872441415453,0.0,0.0,3.4046056317398747,0.5044661968590921,62.38055332037128,13.947725522242958,-75.9547417776216,-36.1027773127168,-73.59291702062801,16.938976866849185,2.5867738723754883,1.8594090938568115,0.2,5,4.507181167602539
347,2.9071418614722786,0.11729546667568735,8.519771782999825,0.015109486529108141,0.0,0.0,5.6800313503027215,0.17431601363071822,192.83104411104486,7.665367530436976,-57.85961679116654,-41.08125468872671,-76.44413935542569,6.159742040337474,5.301040172576904,5.301040172576904,-0.02610441767068273,3,1.5678761005401611
348,6.105721005903937,0.13110959486967322,1.800358687452544,0.03529388958074859,0.0,0.0,1.0943899977812344,0.31794890923803293,51.65745918564673,8.624983871316394,-63.205443186791285,-45.65548132340809,-72.33723369563778,15.611650326387705,3.1938588619232178,2.9941024780273438,0.1471571906354514,14,1.6114799976348877
349,1.4029673768618116,0.044335734121813936,1.2138085581146787,0.006101268213498108,0.0,0.0,4.6199641808965195,0.2161748535538717,165.51462090329872,8.107914343542085,-63.23918253727698,-51.61410314680097,-99.42823192022597,1.1946618472861097,54.706565856933594,54.706565856933594,0.24660397074190177,2,1.4793980121612549
350,6.353574150229153,0.24047766194109582,1.5065993168379206,0.00116341682602628,0.0,0.0,0.23217014251884688,0.2918512384491613,88.07625323125885,8.048930141716973,-59.98341855616142,-58.44245574290719,-97.82661814804095,1.8506203097798917,4.902015686035156,4.899338722229004,-0.07142857142857151,19,1.4320030212402344
351,2.127267388881494,0.2529378888742419,8.682671558320605,0.0017068628097407338,0.0,0.0,0.136992181261178,0.23290120465990516,157.5261180380903,10.545516468549,-68.18819919239344,-56.31663498911141,-66.89360752540692,12.103456500383654,1.1560968160629272,1.138335943222046,0.17180205415499525,8,1.5913231372833252
352,5.867030808988198,0.09247516902628856,3.1123314014670616,0.0011952127089964108,0.0,0.0,2.0507193071827077,0.33270604840275375,166.19607431157561,10.250790026155615,-51.77133633238282,-37.59049876129696,-92.77802553810666,14.110480932381602,15.799308776855469,15.799308776855469,nan,0,1.5029358863830566
353,5.938089883321572,0.09810101933888378,5.934459860723698,0.004548700064552373,0.0,0.0,0.12702962251144923,0.37552294407600567,62.8741214456713,11.214840377296309,-66.02955295082066,-59.83046001496738,-67.00124592098207,17.50038936523566,5.67239236831665,5.67239236831665,0.5806451612903231,22,1.5400550365447998
354,4.92685895332166,0.2635569343370958,4.83619782862051,0.009794509290914985,0.0,0.0,6.094847426037498,0.28214838266294756,76.89240657958653,13.982058513862885,-68.90053139052131,-48.52889533852313,-71.69334382215123,6.787330675232776,1.0958173274993896,0.9356118440628052,-0.6889952153110047,10,1.4833061695098877
355,5.465001867374666,0.016951403103107082,8.159729736057418,0.005159824939596842,0.0,0.0,2.4160632207555155,0.3775349600321541,113.62426540912502,11.324697336986045,-75.43363558296501,-49.441240782707055,-96.07655281872681,13.858711811431542,60244.3203125,60244.2890625,0.12967032967032968,1,1.4922890663146973
356,7.757272205062585,0.160932658692496,5.400084713236035,0.013219010578628761,0.0,0.0,8.024194568918166,0.40184754376860315,41.27295971388551,7.861851832807499,-55.1018328686631,-56.09439075689713,-91.00913319920497,14.544733719759757,6.505983352661133,6.302529811859131,-1.0,25,1.503242015838623
357,8.092824806864632,0.14446595725763528,5.505947565951427,0.009145728335972289,0.0,0.0,0.4243979843940009,0.37898324149608803,186.05772841890123,6.759049429373348,-50.18015367031826,-41.900692471750844,-94.73174350880088,15.512254194274561,9.639410972595215,9.639410972595215,0.24660397074190177,2,1.5473761558532715
358,5.1754555479665765,0.21013676317775332,9.901827455499122,0.02269267031988787,0.0,0.0,0.9382457771138674,0.206627457489953,177.50873902835158,10.807129812067085,-60.453158930795446,-41.63241277751036,-65.03330442325455,11.992492737001822,3.7234947681427,3.7120654582977295,-0.09542356377799423,4,2.031219005584717
359,6.1961376944648165,0.05738359304334179,2.351166010743314,0.02157368469551266,0.0,0.0,3.043552027234402,0.3086730626329051,196.00511050531702,11.954189738524663,-50.0467059288161,-36.13687846539654,-101.31125566426331,4.14373309150721,16.03278350830078,15.991888999938965,nan,0,1.8759191036224365
360,9.346744239055967,0.20381591483059458,8.476335448713382,0.004326416181069836,0.0,0.0,0.3058848523477208,0.19232356212827476,144.8609205354272,9.594360503092036,-60.024705747829074,-40.04893163786229,-68.07284839778391,8.930900678772604,4.034883499145508,3.008981227874756,-0.28042843232716663,4,3.5337538719177246
361,1.6374690907606668,0.11925286228371416,1.4657477104349632,0.004925257156540955,0.0,0.0,1.2125443720887656,0.293568837751169,175.12450847503362,7.574393502731275,-61.290681772591675,-59.454880555487,-87.33122447901064,11.361392723384498,2.7735557556152344,2.7445411682128906,0.1295774647887324,6,3.148448944091797
362,1.6124838760510498,0.18942728566919617,5.298838926156737,0.014801156248518948,0.0,0.0,2.0841767653007617,0.43306704905648813,179.15242722901618,11.195878321655933,-67.45611429929694,-59.85672748217197,-104.8031356869673,19.488152416831593,9.343663215637207,9.343663215637207,-0.1504702194357367,2,2.6646840572357178
363,1.3332356131522998,0.021627552863105016,8.977013415397211,0.015590675623136836,0.0,0.0,9.07020930287362,0.1967387956729035,222.13662641252034,8.600745304649163,-70.94014710266393,-49.089592657749066,-78.95269866745673,7.7797257805015,5.632815361022949,5.632815361022949,-0.21686746987951808,3,1.4622211456298828
364,6.749701207885014,0.14390088718350771,6.986925690437092,0.004259904149090946,0.0,0.0,3.0860757965382914,0.43853176213747264,25.477584978165776,9.222360739555171,-70.87938519314989,-51.876749719719705,-102.6669239395713,13.517961319467302,1.837406873703003,1.7048804759979248,0.40191387559808617,10,1.4311277866363525
365,4.476778857508605,0.16145275925488792,7.166931574295196,0.004577578193088342,0.0,0.0,0.17229064646678446,0.28204607052154657,131.12511464640173,8.166904938362833,-60.61481315428155,-47.68230382081905,-74.18113145452874,19.16370111746383,1.882331371307373,1.8481783866882324,-0.0488262910798122,6,1.4398751258850098
366,7.856053453347511,0.07215465682794611,3.36985554030837,0.024439371121803284,0.0,0.0,0.8926205947565858,0.3756622649544022,40.05421706509087,13.071307831263862,-55.33210716002843,-42.68616136755238,-93.15645962858875,7.534255713833499,15.93657398223877,15.87376594543457,nan,0,1.5310919284820557
367,6.87669842643163,0.050490859711945,4.767173122253088,0.019716128760722176,0.0,0.0,1.5050175559417784,0.28071186305110857,11.297081509178904,13.857638997098462,-58.772295866943296,-49.94178440190186,-85.53040301485197,1.7700136478289867,5.950702667236328,5.6312031745910645,-0.2272300469483568,6,1.4633369445800781
368,3.6695587041182627,0.0646575478735674,4.299229571491455,0.0018625228493524065,0.0,0.0,0.19644740021330684,0.3426884572474142,49.93971971708383,10.98687939970722,-62.0008394610733,-40.323129426809174,-80.35657892995984,12.427277843608357,1.171268343925476,1.171268343925476,0.06156716417910444,7,1.4251399040222168
369,9.03448219993459,0.10980091263837093,5.6929888914219475,0.0076222600106841945,0.0,0.0,0.7310248055947486,0.2628679374270502,197.51111199022208,6.546104844415205,-55.81896212490501,-42.11023216777461,-97.61764026439951,4.717343093260494,60245.15625,60244.9921875,0.12967032967032968,1,1.3777320384979248
370,7.744055397171197,0.038074943298441716,5.160051371293013,0.061011563911617564,0.0,0.0,0.36983808584073163,0.2608843752344485,59.186069354879805,7.585126907455954,-61.66762331837419,-56.60934221585429,-80.33213623612923,2.996486920026621,9.028413772583008,7.264770030975342,-1.0,34,1.4136261940002441
371,3.0700819386466693,0.28472274076158527,3.942085166892904,0.0011819833317834993,0.0,0.0,0.17284430892443514,0.4601009882273164,16.184617271358928,8.554321939566968,-73.28490966934356,-35.28344861474794,-96.36516647222521,5.219217634484761,15.689104080200195,15.689104080200195,nan,0,1.4260962009429932
372,3.9598241688345133,0.127448277833787,3.7493255113405306,0.05132487412949353,0.0,0.0,1.057021611726918,0.3762973464577349,55.25705940481935,8.990823238427922,-58.79528866339478,-40.45136812384294,-93.59406885156193,12.893448620812999,4.441211700439453,3.222491979598999,0.355421686746988,3,1.409116268157959
373,3.4871798119404973,0.2446011847269572,3.2576760248960994,0.0021200998442436696,0.0,0.0,0.214420429709132,0.302149154135984,120.8737766042591,12.771962770027187,-60.08353779945477,-52.75270820302249,-78.33857342697848,16.58122527243692,1.2696691751480103,1.2696691751480103,0.06156716417910444,7,1.407693862915039
374,1.9973106619374967,0.2925809657015655,4.285425221962826,0.010339445894409128,0.0,0.0,1.517311736643925,0.3253111669549226,117.05135105571196,13.897577911058551,-49.23160922830403,-55.07613325836272,-74.59598575296933,12.418073642645556,3.1641647815704346,2.8534488677978516,0.07142857142857144,15,1.5371098518371582
375,1.9039420391508206,0.03341323120079434,2.3494733014065456,0.0070578570490814774,0.0,0.0,0.2184710341660152,0.18264688740539944,133.00659849580197,10.111508692636548,-50.130610002614986,-44.728180277413784,-85.80323067258199,1.9283382284029325,5.182734489440918,5.018187046051025,0.355421686746988,3,1.4478061199188232
376,9.393210902069569,0.19898414570114825,8.848938718032164,0.0010477524250261097,0.0,0.0,2.8002051319657095,0.3328282034488765,113.1096600444682,13.264332496364062,-55.08921447293834,-58.726150548596166,-70.2203473032031,16.706677206164027,3.845304250717163,3.7337121963500977,0.47483870967741926,16,1.3949220180511475
377,4.660088353388156,0.262708635154952,6.419074526500846,0.06773199601918022,0.0,0.0,0.24574418277339252,0.38555633493131847,135.73736866099142,6.179243721458252,-60.314963368816976,-58.63527375183935,-95.58294681631338,12.94928275915204,2.7375762462615967,2.2486519813537598,0.1295774647887324,6,1.3861770629882812
378,4.141538316385393,0.1939279858503512,2.204077830344699,0.008125506735960004,0.0,0.0,6.202548966833047,0.33891418700837256,219.9700092929001,8.86236509807583,-49.899167599079135,-37.04097473998709,-109.05302537942086,5.549128917298098,15.944215774536133,15.930408477783203,nan,0,1.3857789039611816
379,7.43201423243509,0.13441757519364966,7.2447340078810125,0.08100961226518037,0.0,0.0,0.11282847366980567,0.30497509094692726,173.26832882232472,12.054744344636386,-66.2654102424031,-43.58113468067862,-82.45286221870842,15.05572427042014,15.739762306213379,9.054190635681152,nan,0,1.379244089126587
380,5.75343411990255,0.1350121437150021,8.62899821198176,0.003745310274246644,0.0,0.0,1.1066104679441526,0.36060901358630976,175.29143838137801,6.686966383922891,-74.46124366709786,-56.6818213185171,-68.03839685707315,18.357310318706794,2.5066182613372803,2.4385766983032227,0.5619047619047619,5,1.3728582859039307
381,9.39332987496539,0.02041067694213408,3.13782104847033,0.05401962273722691,0.0,0.0,0.4367264865490181,0.23566501797182204,193.4048220073031,6.9337484854076745,-59.9004985528145,-55.319234347753714,-93.4227228098539,6.074734256110846,3.809828758239746,3.138975143432617,0.08958130477117816,4,1.389883041381836
382,7.912864192139226,0.16503421787388983,2.355405349035375,0.06994861954473684,0.0,0.0,0.2819376344510644,0.1980552074926857,200.65412574211717,7.155611196154186,-57.38372909864735,-35.40263340559583,-79.08254375358649,2.5054362911322343,8.919730186462402,6.255283832550049,0.048066875653082534,2,1.437021017074585
383,5.054010859183133,0.2981274690681857,1.0775553142037686,0.012991665577792199,0.0,0.0,0.8774160175187828,0.1818558930036431,218.80538545138072,11.14463742151677,-64.02911571381787,-43.50768803647203,-70.44300512873134,10.065417330389737,5.389956951141357,5.389956951141357,-0.21686746987951808,3,1.5132379531860352
384,4.075414998067849,0.2880251825318609,1.425253049708366,0.0025430539620418966,0.0,0.0,4.831022638764886,0.3982972967091116,132.20394104681273,9.619579193743629,-77.45930007867172,-40.32324682681604,-104.31147153611725,8.496830195477896,15.89734172821045,15.890308380126953,nan,0,1.4105830192565918
385,9.87299967678106,0.02171577636422732,7.860262134731604,0.023469015090269277,0.0,0.0,6.769465995930665,0.3001131112197993,98.96925448977771,8.240326336693904,-65.91225059369536,-44.54977224043929,-95.98757095065297,4.277726816267252,8.16016960144043,7.9678826332092285,0.048066875653082534,2,1.411546230316162
386,7.318722242034613,0.21468113105255154,9.884676988375244,0.0125301460484622,0.0,0.0,0.40410780289889225,0.26904465760686,209.9545274166713,13.766661198857083,-63.94956616432878,-51.82450719138536,-107.86330649997969,1.7001792715910096,16.216686248779297,16.211271286010742,nan,0,1.3921349048614502
387,9.53634927003649,0.09751181134210993,1.4039229022864894,0.077456760913548,0.0,0.0,0.20346384349204602,0.24526642262303303,100.36285899844248,13.441936146407727,-54.42520098094524,-51.268264528230624,-66.43791086680726,9.146400161858883,1.9789143800735474,1.9789143800735474,0.2156448202959831,13,1.3818011283874512
388,1.625546483561893,0.27186685448777964,7.732638631719034,0.007560388687703489,0.0,0.0,2.75601067321224,0.44311015060487996,73.66233111416851,9.410825957794858,-72.59598705556586,-37.8590307449801,-93.74720103120394,13.501410325392106,15.811004638671875,15.811004638671875,nan,0,1.3784489631652832
389,8.580069952312435,0.023083276255690774,1.6467594925686404,0.003443715737346854,0.0,0.0,1.4588056978017252,0.42447723211607086,99.48085573024761,13.2138513437117,-57.516673689952945,-47.79370274296751,-104.05356638683976,18.136416594191882,15.996238708496094,15.986985206604004,nan,0,1.3921759128570557
390,6.552201897916472,0.2814034895832134,6.329195424133001,0.0018904883395104207,0.0,0.0,0.252366844418412,0.35802349082558577,135.76787970250732,8.28042378369134,-49.27255878641535,-58.6389893151398,-95.86653872016927,11.199739622840804,1.8951719999313354,1.8944674730300903,-0.1435406698564593,10,1.4011497497558594
391,1.6582559441835696,0.25286796569845527,7.804677541854141,0.024961296404776522,0.0,0.0,3.3158248056433486,0.35012669777399114,88.1572972899574,9.813874043030863,-70.74893116841557,-56.74792272667757,-108.34156376224168,3.9952847333306964,16.04241943359375,15.9989013671875,nan,0,1.474883794784546
392,6.088450999707597,0.04407627085325444,4.232839575409639,0.0887603973926529,0.0,0.0,1.0910907412985278,0.10444113244863466,229.1776982257067,10.603225066693907,-62.886395615271695,-50.391904017357284,-78.12109343074766,3.6839300422157732,8.701167106628418,4.6375508308410645,0.048066875653082534,2,1.4995489120483398
393,7.017915468501764,0.027349057822016763,1.0984124899959737,0.0011394297149478858,0.0,0.0,2.026704347077703,0.33407012982819495,73.50986956011259,11.247216957310023,-63.232747239517025,-40.74768652602278,-69.6300570219506,16.644079236042465,18574834.0,18574834.0,0.1054613935969869,9,1.3661839962005615
394,0.616875515941727,0.2520652226548114,6.356704169128833,0.030261517995188256,0.0,0.0,0.5232124479733994,0.46513833595349174,52.367774279968366,6.731761884215828,-74.0695789809233,-40.41173270999423,-68.87760097282802,18.583528486373293,nan,2.261162757873535,nan,0,1.400705099105835
395,4.816020637496592,0.05516972458262802,9.92120165326025,0.0714267229367782,0.0,0.0,0.7554315565570511,0.30285432906717147,78.58963155520249,12.722731024108466,-61.23175627422662,-39.430203791294815,-85.32358209289995,3.7719711758032455,15.883246421813965,15.709890365600586,nan,0,1.3939037322998047
396,8.341295356365052,0.16512046436300243,3.3185568055464616,0.001411117144693506,0.0,0.0,0.2294479578724382,0.3858705697581992,28.220496746812405,13.657753193674717,-65.09691052489474,-51.236983877567056,-93.96636118542604,8.199753818033969,15.882268905639648,15.876453399658203,nan,0,1.3760440349578857
397,3.3059107407688537,0.27556600878482573,2.705421494684942,0.0016608870167770283,0.0,0.0,3.258605118047447,0.3117919195337892,227.34927041569776,6.501636699225407,-75.83285494161953,-40.25871211295377,-85.27657288969375,3.4421984012580875,9.44843864440918,9.44843864440918,0.24660397074190177,2,1.3833942413330078
398,4.856206777086236,0.17455995292930376,2.1153330347816346,0.02420550773840386,0.0,0.0,0.20607373771930326,0.5299043068845696,17.925831459017367,7.793874786233819,-70.87162418014051,-59.64467426063395,-100.27592577482629,15.028059802095594,10.211328506469727,9.735468864440918,-1.0,33,1.3871221542358398
399,4.701984207144985,0.12519765742711897,5.997300579100505,0.019766362320692423,0.0,0.0,3.602509954222625,0.26241784403375484,206.74974861651086,13.185886638157744,-66.35300885747598,-52.01465685241106,-65.00626183064506,15.617468567510187,2.419114351272583,2.419114351272583,0.5619047619047619,5,1.510444164276123
400,3.36831021870367,0.13905465590765773,6.36800589424246,0.001372950345264338,0.0,0.0,3.944715710690204,0.22372544520205465,133.59097860873752,8.038171461515173,-68.75430914902134,-47.11589127926532,-85.60626860941622,1.2598942411998786,2.7502264976501465,2.6354448795318604,0.2,5,1.5346779823303223
401,9.225198007397765,0.028303979504122594,8.130437534533622,0.04664934006686408,0.0,0.0,3.113163486734959,0.2075660129569817,230.66201961243914,10.604849978812508,-59.379461445680334,-54.713221656154516,-75.57557695394385,15.008025881745011,3.9799325466156006,3.937774181365967,0.4595910418695229,4,1.6978752613067627
402,7.922293336599401,0.29093817319486365,7.777659462584587,0.011139038261053821,0.0,0.0,0.10935674528368938,0.4664857957565733,31.886333883095734,10.759954978079362,-56.963218913454206,-39.11079563565307,-100.72589694870302,17.675061139321713,15.844611167907715,15.800456047058105,nan,0,3.7552568912506104
403,1.5505899044630498,0.100089713673514,9.032873453155783,0.06522209530020122,0.0,0.0,0.35177617732717364,0.4238567378853156,116.14064649274701,6.772188954445158,-76.30325724711935,-55.05488865817076,-97.27621823066112,10.431710284736193,1.7784910202026367,1.7784910202026367,0.2388059701492537,7,1.5360701084136963
404,9.971829249456944,0.0649154125851276,8.251954285080712,0.05701403289740516,0.0,0.0,0.8643218370809745,0.3598313448343759,182.21277548124877,7.493807216155458,-45.25718719251622,-55.96195170574219,-83.02799145250336,18.64986828155546,2.141852617263794,2.121840476989746,0.06156716417910444,7,1.4148640632629395
405,8.85240023092358,0.09295371753371463,3.225403747715,0.04217115910708819,0.0,0.0,1.5527043061094339,0.2946281083456664,201.47670726167024,11.183113613305279,-54.957745112318555,-56.64485933236589,-109.56516258078884,9.248826902847082,16.139392852783203,16.069379806518555,nan,0,1.4384589195251465
406,3.19713015970837,0.28966822651852886,6.00289664388185,0.010759641280871857,0.0,0.0,6.893570139597093,0.4291891641862528,30.589353057809703,8.862020495302595,-72.16900222505919,-37.09133194048143,-70.3974800446374,16.55991412208916,4.201344013214111,3.8295745849609375,-0.015483870967742206,16,1.39149808883667
407,8.450517506778914,0.03734295551152203,3.67670763184222,0.0031872878228239795,0.0,0.0,0.5639127892284939,0.309264341125266,174.20718863521714,7.232575432832216,-78.3071400830297,-43.65280355363269,-81.09838382712053,8.019061410335139,6.589768886566162,6.569948673248291,-0.02610441767068273,3,1.4733262062072754
408,1.5109855527781373,0.2615178817453426,3.968068415963522,0.010279003355282661,0.0,0.0,5.624017165372673,0.30996239515918295,118.71793328018732,9.913195105903915,-71.60251535387228,-52.14583470231035,-91.17247004014243,12.460401568320206,3.837273359298706,3.837273359298706,0.08958130477117816,4,1.6047978401184082
409,9.991494939505268,0.21527472937641984,9.387499323069967,0.0015908262756351738,0.0,0.0,0.21225531608891376,0.34228071642815455,229.83841738400025,10.30787687615232,-54.409263165987944,-39.82497244011117,-104.89213454111508,13.409368683524878,15.919897079467773,15.915072441101074,nan,0,1.4926199913024902
410,6.8240049930121005,0.25070556195611815,7.137063145603662,0.020782237179512292,0.0,0.0,0.5527910144463912,0.27097038730238227,120.88546565851763,10.579447537983137,-78.65540724808343,-37.34460658631537,-67.12471326910475,1.0661565500076233,1.8495266437530518,1.8495266437530518,-0.0488262910798122,6,1.395021915435791
411,6.676187647808572,0.29301028670668994,9.771313719259952,0.001853337180858504,0.0,0.0,0.12722252817089455,0.459468156759195,58.9420661695475,7.4415533896716,-52.6543418952052,-45.047998522204495,-102.01998515164708,16.465448151058347,2.596816062927246,2.593398094177246,-0.16190476190476188,5,1.3750929832458496
412,1.3591869063492612,0.2542248500998928,4.7522128304687,0.010528001181331967,0.0,0.0,3.0547704588785964,0.25084984698168983,91.29922051532213,9.686855010344818,-66.44426881377741,-46.96549483896926,-88.39358890270736,6.21709605058641,3.346107244491577,3.346107244491577,-0.28042843232716663,4,2.572877883911133
413,9.02181728951794,0.2835808818705773,5.836938160185789,0.0012845882591264988,0.0,0.0,0.20012692153706155,0.4178132211307454,107.64788862358327,13.2666971988344,-62.39870522322642,-37.09033973944061,-85.24428284819159,15.607528572019017,15.816543579101562,15.816543579101562,nan,0,1.8663678169250488
414,0.7754952804424595,0.04681122446936673,5.3840387792477955,0.003972143965210525,0.0,0.0,0.3266179369458957,0.38779127174607186,77.52600122173398,12.323307920355262,-70.7487435455255,-59.51125070892567,-102.76719755700381,1.4114046256086998,16.053932189941406,16.047250747680664,nan,0,1.8383560180664062
415,2.7878665513908967,0.2407786838984213,1.9655835177135423,0.0029117958406999164,0.0,0.0,3.5519472249991684,0.2912807588077308,227.8244076350286,13.999816163341553,-53.321940773316776,-57.296795906210306,-69.54745428503077,15.131747482055983,0.7882773876190186,0.7683987617492676,-0.005602240896358641,8,1.654742956161499
416,1.8587078140830324,0.16824595128350384,3.13031795073943,0.01738053279260062,0.0,0.0,1.1733658246604133,0.3287282701737438,86.41623854248022,10.018223294471458,-56.838423055831086,-59.39873810816822,-87.43065895550471,14.915513231844717,2.2691783905029297,2.200423240661621,-0.06465997770345608,14,1.671165943145752
417,7.879295436576077,0.1676137225731596,5.74872724544034,0.037460487429758556,0.0,0.0,0.1066462131341066,0.3328144122421571,53.29183553615655,9.550324587834664,-61.36144547852734,-41.61086570101919,-66.59958301431017,17.117235412081538,3.6106250286102295,3.1216073036193848,0.22967741935483849,16,1.5275061130523682
418,2.38294015852253,0.27068725713294894,1.6063687461970562,0.0013019847849594565,0.0,0.0,0.10103466585607736,0.32232723559265536,152.94923665288854,10.669125398678474,-58.888465742456525,-46.370533933505655,-107.32867038834844,14.267631497175895,15.966131210327148,15.962076187133789,nan,0,1.423415184020996
419,9.15106315774341,0.29182310740754625,9.383157363780004,0.05018424217427685,0.0,0.0,1.0503191007254908,0.19927415910459378,174.7574640298087,10.09984289813622,-49.53643381091099,-43.189079931083036,-93.68009039643424,1.3741927183740508,15.869585990905762,15.721597671508789,nan,0,1.420701265335083
420,6.734555873611156,0.21440311368252246,2.1145931374903375,0.052666613026103704,0.0,0.0,0.407296827676554,0.36531039909080304,23.607178694466416,8.81438609313429,-63.8263136180461,-55.82822201228937,-101.48022621098156,5.37401581680739,4.477703094482422,4.077579021453857,-0.1196581196581198,17,1.7088720798492432
421,0.843545749699614,0.15005213294681732,2.781826717752164,0.004836577470983329,0.0,0.0,0.22941557141642085,0.26710129273261946,189.5180681025427,12.170302727614171,-66.59713551051775,-55.69089046039011,-105.00912267214389,2.6554569288962915,16.085695266723633,16.07859992980957,nan,0,1.6970219612121582
422,0.5515834242226544,0.14235711879153515,7.887891015447729,0.02079735628718331,0.0,0.0,1.6872827846622136,0.4828553762423582,99.99422770685558,6.364339466568955,-68.32277370057827,-35.96166893647157,-87.16229229754826,16.63024847986859,nan,5.189548492431641,nan,0,5.4253129959106445
423,0.9907502116367898,0.12203902259472271,1.8724108761038234,0.006385958081146252,0.0,0.0,0.2863340152705807,0.4045238846518299,39.73116755594179,8.144630259277639,-46.87087444095969,-50.41120257664941,-80.8217242198255,19.546408804089197,7.531614303588867,7.329810619354248,-1.0,26,1.465937852859497
424,6.2562891876534135,0.11486371857607217,9.102502896538684,0.0020341443295929865,0.0,0.0,1.5290239897657,0.2889864188236785,136.68118395606916,8.442767593829888,-61.38180404167782,-58.634070016728515,-104.9433556658289,1.1362509959931284,3.753877878189087,3.753877878189087,-0.16190476190476188,5,1.411604881286621
425,8.114077203164445,0.1235369840884851,7.531308736502821,0.011411029736724195,0.0,0.0,0.5734979913880154,0.3018660886238766,213.36830955995097,11.370243431196766,-69.55845822035381,-54.470964519817386,-79.2615529478999,18.471109230920366,5.141148090362549,5.141148090362549,-0.02610441767068273,3,1.3963239192962646
426,2.7662517959601907,0.036028438222846626,1.6175877139797301,0.0014883989295372383,0.0,0.0,0.23631562366919412,0.28168402926485986,78.80199094198545,8.572472875094254,-50.101574618217946,-37.66560460290619,-68.86835449265996,6.569929952127201,83.36125183105469,83.3609848022461,0.22009569377990437,10,1.3818092346191406
427,8.569384007769193,0.03245646472552708,7.226623551570876,0.057140536115575125,0.0,0.0,0.18889022143988599,0.5026588141571965,37.671890547160245,9.519980575988336,-69.64822972005867,-37.903333329704104,-108.35142761884048,13.043728923089175,16.063661575317383,15.956345558166504,nan,0,1.4466369152069092
428,1.0437034314559737,0.2361622547229704,6.68465687954186,0.07056340330014879,0.0,0.0,0.2976604995346288,0.3746871828490213,218.4217141220662,13.813362934448527,-57.24542902456849,-36.251926074440505,-106.59532418187197,7.826288573928555,16.221879959106445,16.186147689819336,nan,0,1.4123327732086182
429,8.109156609595924,0.13936113894686555,7.816144894659267,0.0439770682965566,0.0,0.0,0.11472662453055395,0.5216254464868356,12.004380385148748,13.849470177526548,-48.40457324316553,-59.29868609379496,-109.18403072931054,7.972420388020957,16.248943328857422,16.231700897216797,nan,0,1.4049248695373535
430,9.314056586636664,0.27989850167793995,8.453780672404022,0.013336941355273819,0.0,0.0,0.4132890739550562,0.405401189388268,69.46373236190742,12.775458217940017,-74.38304588548482,-40.23376343247857,-85.04931350042015,8.170443656694768,15.712459564208984,15.677491188049316,nan,0,1.5224840641021729
431,7.835029791491615,0.1875440924922462,7.465155068558396,0.01303758588185484,0.0,0.0,6.366626613830374,0.43314733749759354,43.51554519867711,13.981530447677368,-58.37048576774622,-49.01544418580014,-93.29925995512707,18.20883638198625,1.579335331916809,1.2769756317138672,0.019047619047619067,5,1.4838781356811523
432,7.1321474477970535,0.020201034833481728,6.2755866574387476,0.09315684105482508,0.0,0.0,4.599644338930828,0.3428492579977964,198.87411588387502,12.489486306945789,-58.43305344631625,-37.80108543260496,-96.53247325450683,14.370416568102497,16.08194923400879,15.860711097717285,nan,0,1.3735170364379883
433,8.460812077226139,0.055681768982069044,3.9021698672359992,0.0031318674970849734,0.0,0.0,0.5546353082506413,0.39554102017416976,103.02298075013528,10.799990468477537,-45.06464497855575,-35.38688048311704,-86.93214425896483,11.903405591131667,15.823765754699707,15.823765754699707,nan,0,1.4193999767303467
434,0.881437345697131,0.06968773997377219,7.275462956469362,0.001418720132922175,0.0,0.0,1.4179706353370793,0.4086503927905669,216.38400690157923,13.885085700110839,-52.74872690808721,-58.37038855103423,-95.48121195452612,18.03468445848585,6.780778884887695,6.780778884887695,0.355421686746988,3,1.6436591148376465
435,2.4169300518310264,0.29296344707300154,9.612744261677015,0.01330092507945012,0.0,0.0,1.363707151536177,0.2660886084020669,186.72107634561053,11.937864568195417,-56.622686933615064,-49.618403759190414,-91.85414058448842,16.36971726422522,60245.69921875,60245.60546875,0.12967032967032968,1,1.6748087406158447
436,1.6867749534036092,0.07342422558397411,6.287696024759868,0.0045453904549408565,0.0,0.0,4.544384589040323,0.4195987679574009,77.56946710596631,11.478654981607788,-54.58270168016152,-38.88610026596178,-95.6051484181843,15.09589606992584,15.777193069458008,15.75590991973877,nan,0,1.4558141231536865
437,5.293044406833372,0.15956914612353487,6.979103815908285,0.004412427124034999,0.0,0.0,0.29687949530020696,0.42426976769539476,34.492676443097984,7.104493831615238,-65.39323859393095,-58.61935559111882,-67.35357553405977,18.13602039967785,9.789706230163574,9.789706230163574,-1.0,33,1.5140140056610107
438,7.579287219124023,0.2814913101756569,4.934152379798206,0.0010331674335750832,0.0,0.0,0.3915389551883193,0.3439042922440267,21.254749970943923,12.706493775138231,-62.189403906849115,-42.450927790661254,-70.08809738158158,11.962515254476273,9.17444896697998,9.139366149902344,-1.0,32,1.6620960235595703
439,6.485112523475788,0.2933858916751636,7.80508728768767,0.01557682063525501,0.0,0.0,0.4013939917599653,0.4207729751019032,36.75523306546477,6.02062888389269,-62.60774637119937,-36.269196696891,-84.23201577740619,8.085843623676356,2.279560089111328,2.274996519088745,0.014799154334038014,13,1.5129101276397705
440,8.585745447738383,0.07854452626122792,9.979006531047723,0.0033733966130201787,0.0,0.0,0.12070909101767548,0.368706632491052,17.112063928610073,13.319835338225602,-68.54951686996853,-42.380564967122595,-78.75932590498408,5.82378006600621,3.023423194885254,3.023423194885254,0.014799154334038014,13,1.5274338722229004
441,1.9745234281903634,0.024244116687511637,2.443503916609625,0.002375292494113813,0.0,0.0,0.42596677569422386,0.2879876861115135,24.668826485966825,9.080003029374748,-68.900414515698,-42.49359002819185,-73.10978769530725,5.226462930441818,51.111263275146484,50.922664642333984,-1.0,27,1.5235679149627686
442,7.478900373384035,0.054544531435949964,2.8216475155338605,0.0012046582599429777,0.0,0.0,5.699379201076182,0.39209803387023934,131.49314604858174,6.324866779105293,-72.50104619732883,-40.95595986694792,-74.29707557799173,15.751684805584262,3.580322265625,3.574659824371338,-0.09542356377799423,4,1.414842128753662
443,2.333894163254589,0.028365258823741843,5.854939827979505,0.00535455215333197,0.0,0.0,6.6676883896569885,0.4415787670339893,42.74922274730213,10.408277819747338,-65.2052054944816,-35.21284258012274,-80.56685589237487,18.768839736518853,1.2330386638641357,0.8201152682304382,-0.005602240896358641,8,1.3787481784820557
444,3.0722081375191026,0.06658602991677755,5.332378575354924,0.057271392772933194,0.0,0.0,0.1656802310516218,0.270082134679774,43.43057015194065,9.606986184801833,-52.9937339962946,-50.803556799239935,-81.5371176730859,10.722341275099552,nan,5.599122524261475,nan,0,1.3905749320983887
445,7.244094624172387,0.17488521726408326,6.144128060560469,0.004713479419894693,0.0,0.0,0.8243603277517266,0.2828640600744938,238.14376412013823,7.390980320523932,-47.26279566344553,-49.96072615491758,-88.94031651302174,11.0434357901096,6.685752868652344,6.579912185668945,-0.02610441767068273,3,1.4021689891815186
446,9.811945456537478,0.2746101509257361,1.4416664295184574,0.022811215126079937,0.0,0.0,0.5790256505378586,0.43423298768798557,71.03430636972337,13.709259540886343,-48.09794781678237,-35.67737249471593,-65.13861925057147,13.72620180843847,1.9931144714355469,1.1392195224761963,0.40191387559808617,10,1.4058749675750732
447,6.3096642567821615,0.1657934762713586,4.638488106974041,0.03259071787790078,0.0,0.0,0.9521785488484382,0.4627495450791374,113.88766403532128,12.805871211970437,-79.16682927572815,-39.13989888216241,-87.6221289105047,13.791180514584937,15.778268814086914,15.679931640625,nan,0,1.4447968006134033
448,1.017752992417308,0.1915369714427334,6.2468043585900475,0.0045310788346317275,0.0,0.0,1.2865866719116554,0.309459277315372,96.03059410877675,8.948985230934527,-78.88989965161893,-49.405264239274665,-91.62406120613015,5.271030935493354,4.398438453674316,4.398438453674316,0.08958130477117816,4,1.487135887145996
449,6.354935214311562,0.06854150296676692,6.2667221617446645,0.04398265785082493,0.0,0.0,0.10977855755573297,0.45107871802219934,66.88435291414652,10.673116643540094,-68.8779995111174,-39.24370227456776,-104.987670191432,11.975253984925828,16.065185546875,15.973400115966797,nan,0,1.4178900718688965
450,0.9023302400115873,0.24216924999541653,6.916005655915362,0.024196877138928107,0.0,0.0,4.835979997182446,0.3218188553746693,46.810287241993535,10.22592501536527,-60.660893956738846,-43.94255783685677,-90.76587737271979,10.680019017455834,1.2650350332260132,0.696223258972168,-0.1435406698564593,10,1.4055488109588623
451,8.899384257984764,0.18915878346661913,7.481944261023974,0.013136644804911562,0.0,0.0,8.857846425318135,0.3974280620434864,51.61910169869746,9.704122797890637,-66.94393638169983,-43.34672238363976,-90.43302244265813,15.807491368624184,1.46817147731781,1.4270052909851074,0.1295774647887324,6,1.4245178699493408
452,7.240993708455897,0.26059968046589016,6.773924830067709,0.00100458092636609,0.0,0.0,2.0267940655517944,0.4168567587893713,107.97818267194918,7.886169383791669,-70.42089483644953,-58.86786937270909,-85.70365352295904,16.786736794106115,1.0325233936309814,1.0278149843215942,0.06156716417910444,7,1.4000499248504639
453,2.144714541013781,0.2851645010316774,8.112188398504916,0.0011753887559831932,0.0,0.0,2.0936519067467696,0.3656367168648355,186.89569256804114,9.502315730707771,-73.13578756994207,-38.41288891756368,-107.44485346797192,8.585231778847387,15.947265625,15.94469165802002,nan,0,1.475126028060913
454,1.3713495553298816,0.11089122496941176,6.6228457121613244,0.09588080865772552,0.0,0.0,1.1375217665519384,0.1950602886366384,207.02148274830876,9.145413499233571,-75.8743585235064,-53.351262491355094,-82.99867512156732,3.8886822461968467,60244.56640625,4.813222408294678,0.12967032967032968,1,1.4344229698181152
455,2.24356567436303,0.036267926975277406,5.83756896283484,0.03669170110264388,0.0,0.0,0.46617268566761644,0.18264123620934888,160.63512517374184,9.505295449593966,-68.29636747128174,-53.97686298692091,-72.95015063644807,8.53680500180463,1.8469784259796143,1.5970715284347534,0.1295774647887324,6,1.392899990081787
456,9.810258205764828,0.07551939779586692,6.455767859990298,0.07501196072235511,0.0,0.0,0.1985892100893762,0.2518124064715283,179.85023108943236,9.522841541099076,-76.78464845896272,-48.98735062081849,-87.15404991189062,9.69900167637416,60246.66796875,8.586621284484863,nan,0,1.8200562000274658
457,4.856326103355653,0.13697405404599278,1.9107403007799912,0.06376853060836281,0.0,0.0,1.4727420443713373,0.2835181870295583,197.73559370210268,13.286810792344234,-52.46274636761381,-45.43045244472601,-85.63475177502991,13.247704572349521,15.836076736450195,15.700459480285645,nan,0,5.175311803817749
458,7.948769009243375,0.28425115902909726,3.45840886652968,0.0010987173087891053,0.0,0.0,0.12299368314945763,0.3368655927294899,76.20096818105614,12.49477476918948,-50.010313783871865,-53.31957092045424,-69.3731806336965,17.12592175584168,5.6705641746521,5.548841953277588,0.5806451612903231,22,3.951448917388916
459,6.54587925002388,0.11970984848829042,5.746598025923181,0.038343749574006346,0.0,0.0,4.456615181614114,0.4574287416429676,107.63195652097735,13.272001616741964,-75.78463521659721,-59.30033601977749,-94.34599284826756,11.743278277719556,3.311230421066284,3.311230421066284,-0.28042843232716663,4,1.4910929203033447
460,5.937924924607055,0.2335242319629573,8.856884938615364,0.007985304619096339,0.0,0.0,0.6947417510745854,0.2853648090889218,90.83180134255922,13.536541869370875,-71.08514198306992,-52.96966516018303,-81.43275743548152,1.073413764492456,0.9445799589157104,0.8815080523490906,-0.005602240896358641,8,1.3803489208221436
461,1.878737419317972,0.16673824072951893,7.1114640065919374,0.03794166699347292,0.0,0.0,0.6753181908217957,0.2897207694627916,177.33812204155782,9.019755864745257,-45.77882463248464,-42.714560174256285,-107.65032702129456,2.759928366097499,15.985567092895508,15.91778564453125,nan,0,1.3977861404418945
462,9.487232308801904,0.0630145434249832,1.813672706247078,0.001031410547531981,0.0,0.0,0.4511715613007732,0.4638402659869853,30.278664592556467,13.62097807913555,-56.05819605738443,-49.30984981777661,-100.97827895539861,17.59915518228026,15.9153470993042,15.911319732666016,nan,0,1.4109561443328857
463,3.3627550088898204,0.10301289449650096,6.33047455399964,0.0037704970245143994,0.0,0.0,8.68375930800676,0.2709398240889996,56.3578633644083,11.65343373180654,-53.28364734591289,-52.63359777861479,-87.2788368273211,5.236796364049484,3.6074697971343994,3.586338758468628,0.1509971509971509,17,1.4600529670715332
464,5.991163550171651,0.1994256466566174,2.9956418887338905,0.031816144584727195,0.0,0.0,0.2237865110928987,0.3263616650409837,97.15382121476456,13.721075186240071,-55.740168787094944,-38.83464484523712,-85.67301928399665,5.541755100875767,15.830472946166992,15.756608963012695,nan,0,1.4094929695129395
465,7.147871473596128,0.20512748445861909,7.606149038098506,0.03855152632214915,0.0,0.0,0.20073155222895253,0.2524460763891908,173.9623670334545,10.004543686324531,-73.81028961625294,-49.68925275954474,-81.43219014426623,14.971305276962527,6.478878021240234,5.413662433624268,-0.02610441767068273,3,1.4585509300231934
466,6.667714974830434,0.13608032657462338,8.446967672578724,0.01735518320071722,0.0,0.0,0.21432014927580784,0.46367594874591506,65.9407830547809,13.00797871479465,-66.71571125238627,-53.22158205268129,-101.21959750458238,16.2792553536565,15.91583251953125,15.800432205200195,nan,0,1.512265920639038
467,9.435646892107425,0.07630722477201324,6.34110645330976,0.004004168814318103,0.0,0.0,2.0751761417786403,0.2625025301977777,91.45785224219436,9.867192223103476,-72.20130617526435,-42.847723220776714,-74.85349666014099,7.44907973011349,1.8798044919967651,1.8122659921646118,-0.0488262910798122,6,1.43088698387146
468,1.910170404240551,0.21935296605867613,6.322263487765388,0.004175660511951196,0.0,0.0,9.633644976614788,0.27638843559158427,227.36825863542245,6.244884876481889,-75.34699138540859,-45.28032421098773,-78.43669120782292,5.762976800672121,6.567708969116211,6.567708969116211,0.1646586345381526,3,1.4346632957458496
469,5.329351015245949,0.05897318206768728,4.047322988897326,0.0858080291757027,0.0,0.0,0.2957674253356212,0.21240398650927542,137.43635228501014,8.547089976342502,-60.60687640324434,-43.51680805589369,-66.22363758939241,9.65824034040249,2.7497003078460693,1.7779905796051025,-0.3428571428571428,5,1.532515048980713
470,4.338326712037277,0.2816342106408867,5.016250190451784,0.00755830405088845,0.0,0.0,6.4749257730177305,0.1611775304610679,159.08968926241752,10.624313983359455,-68.88557871393495,-53.67339670755699,-65.54581752148744,4.930194872328792,1.120810866355896,0.9778777956962585,-0.005602240896358641,8,1.5637602806091309
471,5.0046029300848724,0.06449203792057824,8.77697518433811,0.00783882737277427,0.0,0.0,0.3607722445748683,0.2484832548302404,191.76331142707446,7.172699128166088,-51.847705572356226,-55.3567889252613,-66.47795101927248,14.033765474915828,0.7869405746459961,0.7859209775924683,0.17180205415499525,8,1.4517238140106201
472,1.6325664988785737,0.04112058522143092,7.509882978704409,0.012725225892599862,0.0,0.0,1.9760586946821737,0.3851387242222996,30.727196045440643,11.545416955672087,-58.873273302645686,-51.56134383265104,-98.26688010094784,14.65645485321489,1.3109759092330933,1.2868280410766602,0.28436911487758953,9,1.4286079406738281
473,1.7738987937912707,0.15431783368595983,5.677782937262588,0.006591809890866544,0.0,0.0,0.12050301242494907,0.3337681544655348,180.51311577846914,8.617646791620292,-49.33205112061737,-53.27931952778772,-106.8561008311335,12.397489051723994,16.064682006835938,16.064682006835938,nan,0,1.3999686241149902
474,3.141717684921945,0.16066938345181125,4.314091476235339,0.012745096532261463,0.0,0.0,0.980184767611778,0.4169706858360769,34.62623175127171,8.213312514131882,-62.24847624330467,-52.84100944106756,-100.325164591098,14.360522883207434,2.7221720218658447,2.3061797618865967,0.1471571906354514,14,1.4273741245269775
475,3.3946937357278975,0.157375945285691,1.453417644596989,0.007322693313300225,0.0,0.0,2.037698531903696,0.3527824570802471,135.80984852252797,12.718089986002244,-59.65661418705828,-47.91381970565554,-98.24346417751453,16.049251626734648,15.823631286621094,15.769838333129883,nan,0,1.5442380905151367
476,4.565080529972825,0.13663357190826345,2.2870666119374663,0.04502252409836986,0.0,0.0,1.1820600899671452,0.2884872798275379,55.280331969804465,7.937827287785282,-50.54439911364255,-41.47018685676972,-82.42069299592157,1.739490084944895,2.3898143768310547,2.3898143768310547,0.2156448202959831,13,1.5916948318481445
477,6.304381696847969,0.2984963189205864,2.7372267058543356,0.06578123754105691,0.0,0.0,0.2989997118323205,0.313995753557708,39.26925220548709,9.999659681500876,-53.87813767809882,-48.397478395204416,-109.22181390133476,4.501129974669612,16.12203598022461,16.03969383239746,nan,0,1.4490728378295898
478,6.528976615473498,0.15102137767446874,4.360451889328073,0.07315104247460198,0.0,0.0,4.539352371150288,0.3402995948100431,145.41634091265016,11.55373647750393,-78.83000905508335,-58.91670616348749,-98.24104480446367,2.586532212344734,16.057464599609375,15.902148246765137,nan,0,1.386890172958374
479,4.412203517562917,0.14860450841455097,9.497292823686472,0.013445978474380981,0.0,0.0,8.71511299878476,0.33911918759380644,134.64763340447388,6.989615855653444,-57.312323278450215,-40.56936701731033,-66.3267501311552,19.01973227111657,1.966713786125183,1.8664265871047974,0.1295774647887324,6,1.4040460586547852
480,4.383439539572622,0.13231215818722278,5.546380553728738,0.0076612055556496556,0.0,0.0,0.8286901779215634,0.46118671552933527,72.87398455411399,6.235276820985383,-68.47057243608812,-42.28799703218367,-107.30894558273573,7.834540495757145,8.157414436340332,8.058588981628418,0.24660397074190177,2,1.4298901557922363
481,2.567471003621139,0.02937946886342424,3.1135614693330798,0.02573238956391448,0.0,0.0,1.8699867546208586,0.3928168266546485,78.5479459357886,7.754765086551814,-55.285423584438966,-43.52257487439065,-85.90276576845454,18.304718153950354,0.40528351068496704,0.31136271357536316,0.8210922787193973,9,1.4323029518127441
482,6.088909359885578,0.18195742303338863,1.9517512371536268,0.04749492241718173,0.0,0.0,3.8091365074984718,0.31674723094871543,33.721936127962664,7.197513795825047,-66.57926122732054,-43.60294870342749,-83.71643184895646,2.4068110618907075,4.770143985748291,4.349916934967041,-0.07142857142857151,19,1.411707878112793
483,3.51188865751376,0.0761106539447229,4.044749721426676,0.013364862164978914,0.0,0.0,0.30407318367463704,0.24780582222030736,230.4377048616875,8.440518531691133,-67.43595851759171,-44.40925502391441,-67.46755171431194,13.591076542962169,5.1471757888793945,5.1471757888793945,0.355421686746988,3,1.4460418224334717
484,0.8425684256349552,0.19490660426642445,8.341575719959511,0.025116669079096557,0.0,0.0,5.3567424214453645,0.26152369386604635,229.59786579597196,7.500728950563832,-58.34165248594728,-39.27802770309288,-87.09389892853187,7.881299840757468,60245.56640625,60245.0234375,-0.07912087912087915,1,1.5207722187042236
485,4.474800419490173,0.024741703965058374,4.450085140694571,0.0315833869684253,0.0,0.0,0.363414131173321,0.3580070444910579,236.49446190733175,7.127898723173284,-65.61746653649702,-38.165656185983494,-69.47836640723357,19.62725992963571,8.649022102355957,8.608485221862793,0.048066875653082534,2,1.4540958404541016
486,5.004260413356618,0.2946022593633705,7.952552254201722,0.02253136761435829,0.0,0.0,3.561735025046513,0.236013310745022,213.51494622080773,6.4076562030993,-47.45817251303791,-49.29582021483037,-80.6771365644538,8.491241514175263,3.797037363052368,3.6767518520355225,0.019047619047619067,5,1.3774919509887695
487,2.643132247940004,0.14601147291367492,8.22434478514191,0.031064696250842676,0.0,0.0,0.16757084700443986,0.267198485910695,197.1436576211162,10.607354210582129,-50.40593751060985,-55.15571321198082,-101.6757607360294,9.367159230110953,15.933663368225098,15.706720352172852,nan,0,1.391003131866455
488,5.938350364660099,0.2700590577613025,1.9973869272883373,0.002613910209937495,0.0,0.0,0.37737524399543737,0.40681725371612526,11.092855341370523,11.542823639170065,-69.63811952671962,-46.067516344638754,-106.84983977926188,4.242242828271185,16.093822479248047,16.090179443359375,nan,0,1.3937740325927734
489,5.874833054103249,0.14791274023755108,6.477937773641053,0.009925424588938109,0.0,0.0,1.1674542429219104,0.3711428398688939,153.25760910504454,8.445301016888344,-72.48473200950282,-54.2788374798058,-100.3331285873527,12.834168039180415,8.472262382507324,8.472262382507324,-0.1504702194357367,2,1.4050939083099365
490,7.169020720548528,0.0274959373865243,9.631864570339996,0.015015407025925938,0.0,0.0,1.1216159883107188,0.24309321597864178,48.568979327975136,8.901650873439124,-55.92395970422917,-47.158223566308735,-83.12236081510322,5.767232609811222,3.652735948562622,3.4813146591186523,0.1509971509971509,17,1.3998231887817383
491,6.655510580911495,0.248441928367204,4.619242674131986,0.001011476650479865,0.0,0.0,5.0218341878565855,0.3055993170267135,224.5244208279973,9.311033986530685,-69.95626221856828,-37.391845398538194,-80.51196731310259,12.66497139963056,60844.83984375,60844.8359375,0.12967032967032968,1,1.4473340511322021
492,6.6981140369498,0.19797328160346894,1.4584968010272004,0.05151396963382043,0.0,0.0,9.823234582333727,0.286949285799924,213.94896999821867,6.468322290171075,-50.68121707973469,-43.05339089237248,-93.80032423489418,5.870675507953257,64445.12109375,9.655077934265137,0.12967032967032968,1,1.639214038848877
493,3.5040344423284093,0.23670954379644407,9.309724212320907,0.016597742282137617,0.0,0.0,0.16384066111320456,0.44081309744265385,34.10535697275826,13.52859336197352,-75.03307638346624,-53.51403660672789,-78.90017691937386,14.492896319833859,6.133303642272949,5.320789813995361,0.5806451612903231,22,1.4796161651611328
494,7.980606108866562,0.13416926041757327,8.952996534152346,0.0018124776645510282,0.0,0.0,0.34896049609989815,0.3929325548483285,46.97680205859661,12.513049286125021,-62.139945578827316,-38.78858304712227,-106.0721574568605,1.8137699827801037,16.126602172851562,16.124479293823242,nan,0,1.4249441623687744
495,5.716871644196955,0.195001655831527,5.699273024881016,0.04292537967172343,0.0,0.0,0.5190347321771969,0.3307407701738357,156.50778774370045,7.200190376878535,-61.6267833993345,-59.64728101788728,-74.90318327533099,18.09107323339153,1.3435341119766235,1.1508034467697144,-0.11567164179104483,7,1.4451582431793213
496,4.598472854208956,0.25830641110101615,5.970278083096087,0.027171519934181595,0.0,0.0,0.9074794843944698,0.35396395540668507,202.94303525178626,13.666822505203346,-48.39164858694236,-48.89954954274087,-92.07433062003591,18.02748969145932,15.708796501159668,15.708796501159668,nan,0,1.4067049026489258
497,6.447118568940042,0.19300897843284737,2.905669924985124,0.03285481960214355,0.0,0.0,0.9723429872240221,0.31033664976236386,223.1959229321622,13.782687586544295,-53.108896780502604,-54.95027925146549,-67.47706387501749,18.99568786950817,1.3711103200912476,1.3711103200912476,0.06156716417910444,7,1.3925950527191162
498,3.9262446772774156,0.11082535410241195,8.375056799901735,0.006082539301179184,0.0,0.0,5.156916818974642,0.4558404036019419,163.21021369998343,12.858242130795878,-60.35882525926167,-36.39682636470693,-105.7728621533559,17.415310233210644,16.09166717529297,16.082860946655273,nan,0,1.5433430671691895
499,5.3710228237642035,0.20213358236619794,5.487400345529138,0.05109813076646988,0.0,0.0,3.476310863279662,0.509990114161451,22.76583467854205,8.712856417744163,-75.26360250846584,-48.02162268842719,-99.54892289033886,19.089375207345945,2.4372470378875732,1.793066382408142,-0.3253588516746411,10,1.4621520042419434
500,7.498704040581092,0.20483771469807951,1.3049001562830087,0.006730621434867509,0.0,0.0,0.1090694587732967,0.3586686208292236,138.6439067402842,13.181845890429798,-70.26795358320972,-59.35056100133598,-75.09552483422353,14.345175539467466,0.368726521730423,0.3514493405818939,0.17180205415499525,8,1.4570727348327637
501,8.920827423875224,0.2885702191269212,7.1471346080409806,0.013836246987304394,0.0,0.0,0.8129119749579929,0.28991226071777376,135.46307850506454,12.522741837833701,-50.597046957315364,-45.30241729954565,-66.53324936657283,14.674527004729217,1.486744999885559,0.7333115339279175,0.06156716417910444,7,3.017360210418701
502,9.25004337430432,0.11756457324708407,9.554466428224355,0.0010029622968044747,0.0,0.0,1.722454174739312,0.3092280035736288,165.68133651740462,8.891374340469163,-79.92094974899973,-53.97643315264555,-75.62357719334166,14.487553834306308,3.331712007522583,3.3294150829315186,-0.09542356377799423,4,1.4581670761108398
503,5.284512789239442,0.13327371257909804,8.462354413111752,0.019487055827953136,0.0,0.0,0.8332804143813072,0.26822870251019415,86.13509331092166,11.004663796307511,-73.1649382184402,-53.4093070182739,-67.36663577438766,8.850430885776296,1.9925724267959595,1.8643403053283691,0.0871327254305978,12,1.4339277744293213
504,5.442613590035406,0.24551565874424713,3.494783261894858,0.027311879285429275,0.0,0.0,0.18251161666915214,0.2962347941048961,66.34714668873654,9.896865974711933,-66.45444420744218,-41.76177406627236,-66.70477520791034,12.243011064696145,0.9205994009971619,0.8573985695838928,-0.6889952153110047,10,1.4737436771392822
505,8.098768902256447,0.15667107127539495,1.4799257644000658,0.013621305422726748,0.0,0.0,0.623660397786206,0.36932982492966665,145.96385299549047,8.918670869787864,-60.237917380864666,-52.016778340321544,-109.95085665594462,17.455827284691217,15.77385425567627,15.77385425567627,nan,0,1.5750319957733154
506,3.487281571569912,0.22360619700356257,9.463162712843625,0.009842776735650064,0.0,0.0,0.6657503298111095,0.4105461351408626,108.7721396699922,9.936707880431975,-77.07746796009252,-39.0722371648652,-102.33483183300844,8.801802016902002,15.904756546020508,15.876679420471191,nan,0,1.422086238861084
507,8.45513244227815,0.14331574469154168,9.433564523917314,0.04167474464324724,0.0,0.0,0.23737328766755575,0.27478087622524083,203.2610758246927,9.662263521708155,-47.40966825867377,-54.767142414482755,-77.8145226520353,19.581971947672823,2.6767578125,2.6767578125,0.1295774647887324,6,1.42342209815979
508,5.194345641915523,0.07249359112568313,5.791737877415825,0.023053954640290943,0.0,0.0,3.255473983201087,0.2876247470632185,136.4111365606715,11.537471189151944,-66.23706691396471,-41.21656650686328,-69.10066745643219,14.358055773960054,3.6050591468811035,3.6047680377960205,-0.09542356377799423,4,1.415842056274414
509,1.6006388811850498,0.22610911440649312,6.780856705043816,0.0035987201818587036,0.0,0.0,0.4393406217326521,0.22564722456612496,225.26360361762522,10.709221215938477,-59.8001895842163,-52.384315297271115,-78.06676289762963,17.75709791336695,4.631883144378662,4.631883144378662,0.08958130477117816,4,1.453150987625122
510,1.1845618971929652,0.04803499906356588,5.163400546397274,0.08282218354368112,0.0,0.0,1.506518888419914,0.1735950228587385,158.6527320096542,7.864313764788664,-60.95618098474097,-41.10156457621463,-67.72865083072612,3.975324940890525,0.4728138744831085,0.4728138744831085,0.46327683615819215,9,1.8195548057556152
511,8.4989355048749,0.06758926242407934,4.777888303888828,0.02597373398988622,0.0,0.0,1.0751284688770644,0.4690998281105125,39.32433092230894,9.303548241863247,-75.60360906880862,-35.48927718737204,-90.90630347228483,11.138599862290194,15.692275047302246,15.692275047302246,nan,0,1.456880807876587
512,1.02789521061534,0.1917792450074205,2.0750359233583033,0.09459710764417252,0.0,0.0,5.686619349227371,0.3607739372894107,62.2301896973374,9.593008988295434,-45.53571227985731,-47.78282121582576,-109.60292333879812,5.608023074761981,16.131216049194336,16.014022827148438,nan,0,9.539150953292847
513,3.165808643269731,0.22670824205570023,1.8707760852498643,0.08760373696803775,0.0,0.0,0.17540011094231006,0.4352614059819682,235.04461101005595,13.91254010728586,-72.6327418579903,-44.61839780390366,-106.53912512725636,11.971391206447954,16.226947784423828,16.170381546020508,nan,0,1.4559450149536133
514,3.6742353847646854,0.26945948719166635,3.0945893200856873,0.06883660542883917,0.0,0.0,0.16924896303649725,0.3387387782467705,38.9617613418806,12.549292189141262,-47.11487543392145,-55.67532979876293,-89.17795241323292,2.938816971018049,nan,117.15818786621094,nan,0,1.4293758869171143
515,2.143447229320141,0.08905008425060859,8.529766717658898,0.03241478030379357,0.0,0.0,0.39869366794149824,0.587786689095055,88.00220162678424,6.520782038084212,-70.74087151939005,-35.24440832276746,-107.99285297053692,17.320398262754743,60245.14453125,60244.9296875,0.12967032967032968,1,1.4332752227783203
516,3.4819870131188977,0.04211003499416076,2.3124907066211198,0.01655231478602509,0.0,0.0,0.7285006376692472,0.3837545115142981,27.81409288344412,10.231975448938881,-64.1758072650429,-36.71113349948388,-101.04275619717097,4.413958292213067,15.931733131408691,15.891060829162598,nan,0,1.425792932510376
517,7.555579383888314,0.28725353126156244,3.0402878672323963,0.0022097407640055944,0.0,0.0,0.3954435511464627,0.36062806131236025,182.2042403706014,11.80575578480283,-55.52863803275204,-59.346822095690484,-98.30181409737911,16.95800837923169,6.144002914428711,6.112155437469482,0.1646586345381526,3,1.4035100936889648
518,0.6394870138206723,0.0547826955264213,5.9375265338998675,0.01220963932084847,0.0,0.0,3.360269923702585,0.25544919824033774,148.1973679350577,10.817559365857452,-69.64291881083159,-53.495672786076305,-67.40503003917854,14.827350298211032,1.0768603086471558,1.0768603086471558,0.2388059701492537,7,1.390697956085205
519,8.358147532946521,0.06732342485384546,2.9361809627044697,0.03394322045395243,0.0,0.0,0.30940810520342044,0.40238151075908185,39.17920709442264,13.50165553715011,-59.61704468636808,-51.6659408260728,-92.12872491201807,14.782685696699746,1.3050463199615479,0.8660284876823425,-0.1435406698564593,10,1.4156079292297363
520,8.637206223958303,0.09448554153195506,2.468860162460084,0.011008149459254494,0.0,0.0,0.1477574833785281,0.19566766076116268,96.54270988779922,10.629958392948856,-55.13251761730583,-55.115625067350884,-67.50913311908528,7.767282657272786,5.38979434967041,5.365826606750488,0.5806451612903231,22,1.4140071868896484
521,4.036484945319708,0.16352349266762334,6.06984617528166,0.05451026041483354,0.0,0.0,0.6723565185752687,0.29241272010804376,106.45619412769028,11.588114942942564,-58.692521871428255,-48.99700407652052,-80.76160818646439,18.153737843868846,3.045273780822754,1.946575403213501,-0.16190476190476188,5,1.5351297855377197
522,1.9593225410760307,0.2660194141498826,4.312839438969539,0.00165695913760945,0.0,0.0,3.52175042980748,0.1805232043589271,194.0652318284463,12.594072079638188,-70.95570570014405,-49.51491626755906,-85.07813862556733,1.8396255640681756,61924.9296875,61924.68359375,-0.07912087912087915,1,1.4440548419952393
523,6.207983875478268,0.23055834659166138,6.635433572564223,0.0057793726196130775,0.0,0.0,5.024859085913704,0.268401261597147,187.05220148678464,8.587707395320711,-70.1091372685645,-53.51769976609634,-97.2479330560971,7.422281810998813,9.600130081176758,9.600130081176758,0.048066875653082534,2,1.3840827941894531
524,1.6368892807164963,0.21536569061436417,9.209848063678086,0.010278478627882883,0.0,0.0,2.92879987087778,0.16231426271475313,149.10964835751662,10.668522575200505,-71.05008862393436,-54.83939308566981,-72.81388144678894,2.7617434158509644,0.8466111421585083,0.8466111421585083,0.28436911487758953,9,1.4163358211517334
525,3.966733930243399,0.06080236467824106,2.358938182915609,0.00732235181947286,0.0,0.0,1.305489421362066,0.3433144772119678,127.94925347621331,10.16448699351421,-59.90521176159324,-37.85874710232161,-81.92387269573545,19.49904155871244,5.491999626159668,5.491999626159668,-0.21686746987951808,3,1.412400245666504
526,9.605077218559238,0.11372796314253251,9.220902938317575,0.0016488194263305732,0.0,0.0,2.807911422132036,0.295146310823303,210.41120917020734,7.717922075897692,-71.55858414211446,-51.380646602120734,-92.3818513213941,11.506907285846214,9.21508502960205,9.21508502960205,-0.1504702194357367,2,1.3947620391845703
527,9.956912489544553,0.1487374285651366,9.122409706806268,0.002027946941544021,0.0,0.0,2.3055740247228744,0.41911369396889286,63.47790556615793,7.778761448910125,-66.65135149211721,-43.1994221696812,-79.03434741067153,19.5462180607655,0.637273907661438,0.637273907661438,0.1054613935969869,9,1.4469048976898193
528,7.834996467868563,0.052753526510819895,8.461788250023126,0.047340690233608027,0.0,0.0,0.2942613783979818,0.35675866988282934,56.55554980201723,9.142873214855847,-46.23628757213289,-42.7497814333612,-83.34746638300913,11.253274976625592,0.7378648519515991,0.5024529099464417,0.22009569377990437,10,1.3931701183319092
529,3.454134344247279,0.08929461361673502,6.681573255754767,0.009306117215522016,0.0,0.0,1.2633328363655196,0.33455919670442286,27.367387431339008,13.146990470527282,-58.107317460471236,-45.70831480179915,-85.72248455051708,8.446369939101123,1.5017151832580566,1.5017151832580566,0.1295774647887324,6,1.4627268314361572
530,7.032817967077879,0.09941662914632482,6.581319917189926,0.0012515403429791965,0.0,0.0,3.4771118836313866,0.44626251290134444,68.57287901300533,12.042575882675873,-62.165136878341826,-59.15151169276949,-92.04074751025266,18.643469126233818,1.6726040840148926,1.6726040840148926,0.0871327254305978,12,1.5469059944152832
531,7.201360472098121,0.04691009751542138,6.752913939428514,0.0010789032912953361,0.0,0.0,0.43076590703325907,0.3271825699578888,95.99574915439845,9.30586406340459,-58.16136069307375,-39.95812990460294,-79.91924970328795,17.151039891335984,2.734827995300293,2.7238354682922363,0.019047619047619067,5,1.4484858512878418
532,4.184496104054673,0.1695695106533947,7.214459960960318,0.008850153513813401,0.0,0.0,2.032105697203185,0.32592268926349266,36.21323501936061,13.39674042654919,-48.36273236560149,-47.021285335360304,-81.88659929957595,5.043447953826633,2.6643807888031006,2.6643807888031006,0.0871327254305978,12,1.4115641117095947
533,6.588442028568514,0.21445817699201594,1.148339805365413,0.002131853966272852,0.0,0.0,0.9182498266662665,0.505525513084525,113.02791073571944,7.621626887358499,-79.23081623706432,-35.47742329682369,-98.33840679304078,12.26905786905887,16.030424118041992,16.030424118041992,nan,0,1.514610767364502
534,0.6019126272689244,0.03028017312828975,9.622833212445848,0.025718870518471465,0.0,0.0,1.0146533694077737,0.3517953187546714,79.0575882137085,8.964972961683479,-66.07834544962039,-51.62383171688106,-81.3170108297029,19.257789139283517,0.7429201006889343,0.5313289165496826,0.3492063492063492,8,1.7099149227142334
535,2.4860477567212937,0.14952569951131342,6.270433853190218,0.0389625098480132,0.0,0.0,0.1513944921798721,0.29653586640101887,108.5859695014336,13.786613792434121,-56.62709669293259,-44.821595124474776,-99.33032666904846,2.1954934120882355,16.09779930114746,16.04326820373535,nan,0,1.4381308555603027
536,5.488338878188981,0.23684124662766054,8.033192554621795,0.0028614978037390967,0.0,0.0,2.1499795577342513,0.33920799154634634,205.94499716712065,10.59184851155415,-65.49551481512914,-39.700816947787914,-96.02388278402066,15.888727863325258,15.698188781738281,15.698188781738281,nan,0,1.3664250373840332
537,2.0556373904538106,0.22691713739620958,4.395536551552269,0.015288113199820664,0.0,0.0,5.3873360995889,0.3071770997861733,85.4316821433333,13.36704949123331,-70.62115939401191,-56.56114706063572,-78.58564812427646,4.094097808230645,1.8236641883850098,1.8236641883850098,0.27963525835866265,12,1.3667500019073486
538,2.0761152448270694,0.24637119790343867,1.1115749252421636,0.002036522848554655,0.0,0.0,0.19180617117247192,0.24298925388194026,228.3535015664667,11.244440899110927,-71.9198768550416,-54.77952664286428,-68.42562323958103,12.549300344147927,3.451897144317627,3.4343652725219727,-0.09542356377799423,4,1.389733076095581
539,8.44489076022726,0.13998978361947603,5.587611938887996,0.004047299125681855,0.0,0.0,0.5397732082127004,0.23583413157635646,215.55928153465584,6.881801638766602,-47.611273154728835,-46.99876720014779,-79.92101376508923,8.084633959284332,3.901634454727173,3.860697031021118,0.2,5,1.4363257884979248
540,9.896763525494253,0.24796155396555958,5.564711073843361,0.059922646846850496,0.0,0.0,0.1251223549372148,0.2994121467519399,23.602274061340026,13.663779530734633,-45.189058481203126,-50.886328780988926,-67.52594316116091,4.18679952826972,69.24781036376953,65.55374145507812,-1.0,223,1.5651938915252686
541,5.78170956627026,0.07981839065213814,4.932903594803066,0.012251695176198518,0.0,0.0,0.11462088884917482,0.3772134977729938,45.577423421472375,6.584894720073372,-66.30557073455472,-58.69244374546002,-92.24042646741965,3.6294181443436964,8.860715866088867,7.737235069274902,-1.0,30,1.4722568988800049
542,8.471162443376278,0.11463506281107944,4.057453487458691,0.0591258490511396,0.0,0.0,9.534918677629328,0.16776349519012215,178.0213929817802,12.666901194691263,-55.92646002712992,-54.987646189096104,-75.491831319142,5.740503743632225,1.3877400159835815,0.5659410953521729,0.014799154334038014,13,1.421114206314087
543,9.908055811099588,0.06114311716116238,3.248434790287498,0.002821601050558183,0.0,0.0,0.9703826358618018,0.27679386494108066,184.68237730276132,10.539180599171127,-67.16506192980766,-57.91269054959856,-72.76207205868384,18.85340549516628,2.033726453781128,2.033726453781128,0.1295774647887324,6,1.381822109222412
544,1.8451609414033596,0.1455705164342858,5.747903870474645,0.004571394342686517,0.0,0.0,0.5140886755800075,0.2649986856105585,163.16108940014664,13.716332533547511,-47.30610033349531,-55.13478997990616,-77.09544431308039,7.6367915693161965,4.0844035148620605,3.785677433013916,0.2857142857142857,19,1.41290283203125
545,4.758333325916335,0.12369740650047853,4.377503257241447,0.008747909408229407,0.0,0.0,0.3546125922231483,0.3824617063080809,122.12899293009399,7.255723449190766,-45.882720017982166,-41.846565423089785,-97.98912606660643,8.057962113192637,8.956619262695312,8.956619262695312,-0.1504702194357367,2,1.3944828510284424
546,4.229440800498239,0.07986886376015054,9.729386947448278,0.009123472143975048,0.0,0.0,9.120639492301024,0.33063137559103023,107.17107317062042,11.980269793150722,-47.60059566306454,-51.96399667538571,-88.73749602738113,12.270943883859323,1.4351835250854492,1.4351835250854492,0.8814192343604108,8,1.398230791091919
547,1.2604681946387577,0.22801640567692663,2.556345769902383,0.09892269381947012,0.0,0.0,0.31952259233926,0.42370146063503294,100.46911825207259,10.033450586925483,-76.30023298429643,-55.808140306995845,-91.95044342509348,18.3838412236405,1.145279884338379,0.67014479637146,-0.6101694915254237,9,1.4111988544464111
548,7.6756366415500725,0.1010155639123775,3.876990108643783,0.001693911193737341,0.0,0.0,2.827592307422856,0.31069149262201257,90.35235052126572,7.998342468840109,-53.999822270275345,-36.27174584808477,-89.33943723214037,1.1634941557764789,60243.8359375,60243.76171875,-0.07912087912087915,1,1.3950560092926025
549,4.620900759564633,0.08911325574229235,3.645644238321139,0.050574322218769334,0.0,0.0,0.3694164168927932,0.26142996675262015,168.27434623939214,9.32048641292916,-56.42240621843247,-53.05708710426991,-109.8916335282367,7.545428156166471,16.054285049438477,15.953267097473145,nan,0,1.411107063293457
550,4.958605874808812,0.047958195946643564,5.889782586123613,0.05337821896024564,0.0,0.0,0.13834995133538058,0.15082122623122554,172.10223880097655,9.144906264073514,-72.3289051121371,-48.399828396647465,-76.14431645157265,3.2692286490538143,3.320195436477661,2.7954485416412354,-0.28042843232716663,4,1.457362174987793
551,1.9313932512257819,0.1372582935225651,5.493522312767331,0.012776069424647075,0.0,0.0,2.3256975160904263,0.2331991665651757,169.102967738729,11.338752190431578,-67.0241742110225,-35.74159521551264,-69.73826152338418,7.007068135239328,8.393909454345703,8.252824783325195,-0.02610441767068273,3,1.5583491325378418
552,2.2188031961932473,0.09785974236281758,6.7936641888184575,0.004876119456245783,0.0,0.0,0.10075386041541484,0.40089231997403596,17.15095148058391,8.466438453960613,-72.83473201106348,-46.31870214881018,-68.65650104680304,17.536412690712908,12.211396217346191,12.155718803405762,-1.0,42,1.4151458740234375
553,9.117484410484042,0.11708912398888088,9.55001593516787,0.010925773891847257,0.0,0.0,2.246451377600182,0.5065580834270297,80.34070580291015,9.428780268445095,-78.72102303221517,-46.395912308771265,-107.14844089771721,18.833517158352894,15.741585731506348,15.678254127502441,nan,0,1.3859550952911377
554,0.9241663452556494,0.07843920615996026,3.5669897694448065,0.00384534587938855,0.0,0.0,0.31677667645380925,0.17933809829897293,209.39478201602262,7.713501011500024,-55.52209620482841,-45.799490439166675,-73.93890293677177,10.037390028278878,4.163043022155762,4.163043022155762,-0.09542356377799423,4,1.3920261859893799
555,2.7120967069652093,0.23131509204777112,7.2349441232949685,0.03964741684207296,0.0,0.0,3.1060501543991568,0.4692544033872203,54.10755325312894,11.118747200982654,-77.19018855514193,-45.385300220789446,-100.42828375409941,14.013792305347645,15.978365898132324,15.83010196685791,nan,0,1.3782949447631836
556,3.2745636379880194,0.27970097073286804,1.2253618270466524,0.009921065511796433,0.0,0.0,3.463381515234471,0.3655556430969175,200.44992719746497,6.87619783425658,-65.99060067479927,-41.66196030560008,-102.63336223165136,11.763949730678549,15.99613094329834,15.99613094329834,nan,0,1.3998019695281982
557,5.156876652815071,0.15440023730877742,3.3614962546026206,0.07106967963548995,0.0,0.0,2.806819451951042,0.16060977746505156,164.52296583141631,8.838348857915058,-50.88062040290896,-47.23354537383216,-81.78523220267705,3.6765831373907956,3.4270102977752686,2.4438188076019287,0.019047619047619067,5,1.40985107421875
558,6.071229143640561,0.19646954276884143,5.173477551969335,0.017594733320372726,0.0,0.0,0.11193525241429954,0.3730745461756102,15.326840142513882,6.40598856659989,-48.36279481306244,-37.93394039379372,-73.65838523771708,4.792629733462355,20.1368350982666,19.908714294433594,-1.0,65,1.4200282096862793
559,5.186254770581333,0.2614799602159447,1.27895309633021,0.01068165793599863,0.0,0.0,2.555484430283629,0.17367084814719094,130.85548994838575,12.368936804386987,-56.38657865604792,-57.11197015810156,-69.70064600844093,4.052965462781283,8.235579490661621,8.090953826904297,-1.0,26,1.4639060497283936
560,1.2990956782903793,0.299660594826761,6.55902514498275,0.026432528427723707,0.0,0.0,9.556331973359423,0.41506007604585554,49.51300948506715,13.208069033365666,-63.03840713169194,-50.67770435108833,-85.08544659658746,19.646549323810117,0.71660315990448,0.5911755561828613,0.3492063492063492,8,1.4834260940551758
561,2.814840813529279,0.1879197805716513,7.104795475615374,0.010182769870274711,0.0,0.0,0.3056685360986328,0.4172797463110485,37.515004705439864,12.055590790336522,-68.29859482145554,-57.073768228809406,-91.01299900911776,11.426304676780148,4.0557637214660645,3.352973699569702,0.1509971509971509,17,1.5254268646240234
562,8.514089655244142,0.2680360452965619,7.72058543354242,0.06441881043677,0.0,0.0,0.35357141326202823,0.30798495419035743,57.37117667747379,9.242155672772821,-57.75133910846983,-45.58879950699445,-77.45777326753172,16.891686125810622,2.1256027221679688,0.8770528435707092,-0.16190476190476188,5,1.4597678184509277
563,6.557092654545361,0.27349639150113614,5.64917054358711,0.00233825526964861,0.0,0.0,4.236947660660561,0.30546366861435326,104.10227630695596,9.38373820369782,-62.61577529406964,-45.841165540467415,-105.12547965929488,6.9400717297007075,15.897461891174316,15.890861511230469,nan,0,1.4234600067138672
564,6.6669159762756065,0.23952093146421047,6.43550198480764,0.08844990432825094,0.0,0.0,0.209311750663779,0.3781114474548089,49.53511293671558,9.086822098753053,-45.93260745990872,-45.43172608297551,-90.67783160357541,11.752801009250467,3.7855963706970215,1.7242839336395264,0.22967741935483849,16,1.5325300693511963
565,6.866930925837872,0.14367010341120195,4.564587261506385,0.042109598801096486,0.0,0.0,2.094919556510665,0.33663249775476206,163.88760774825124,9.479627706323207,-64.33015685114894,-42.464971765457285,-107.26118375574345,11.261530797478539,16.011165618896484,15.911005973815918,nan,0,2.001755952835083
566,7.7475786808755265,0.0335346601229308,1.3712772925590628,0.05265828658086281,0.0,0.0,3.2363296717035657,0.29787689881378115,135.88539681007134,12.054018089027046,-45.60743366821697,-40.1061303303298,-87.32951243072894,4.219610412536392,15.85374641418457,15.711891174316406,nan,0,2.0669538974761963
567,1.0520305763537496,0.014583611077638815,1.8995667019706173,0.009243057712850597,0.0,0.0,0.11866463934779392,0.4435237423495913,145.30002347562925,12.674391093701487,-47.36550777241336,-39.367240512647484,-101.49641271368465,14.538941422637297,16.012331008911133,15.990156173706055,nan,0,2.466912031173706
568,3.9827796568598175,0.14838818365204812,6.894963317813177,0.047250139894831414,0.0,0.0,1.2809264352199745,0.14768161053966353,212.43563792174396,11.448135733015802,-55.99867856751247,-47.49594284372303,-81.33607000435227,6.593233665237401,9.170753479003906,6.559521675109863,0.048066875653082534,2,2.4791769981384277
569,5.625510634985948,0.15335121472503913,9.959997696271987,0.004107221901245774,0.0,0.0,1.4182556327036961,0.40537681602451187,30.426319960721397,12.621719237963203,-46.989949241296955,-38.57944161557639,-94.97389007986386,2.7770728748506377,15.914341926574707,15.904901504516602,nan,0,2.236354112625122
570,3.715336591324597,0.12813509248026195,1.1422291524696657,0.03341152950548581,0.0,0.0,0.4044695154836849,0.4212949466101694,74.4318291552235,12.7426830064792,-57.04649223283744,-35.83264389742657,-94.57935417033035,11.477970285541206,15.962191581726074,15.875262260437012,nan,0,2.0666511058807373
571,8.522549296228272,0.1747685318744957,6.018251471437445,0.0019094149419700912,0.0,0.0,5.658343893990551,0.28974043993672377,191.70879097679241,7.871935541854499,-46.2568508869117,-45.19005818770463,-109.6446096506156,1.4779122369322355,15.846796035766602,15.843940734863281,nan,0,2.003977060317993
572,5.084438831579292,0.17012718395828383,7.759078775943021,0.004112480312891003,0.0,0.0,0.21159209500475543,0.3223894098205535,212.9096837723669,11.16225222208862,-53.29246183276483,-40.3995999760773,-91.07931006871506,16.173613676703734,15.870101928710938,15.870101928710938,nan,0,1.7905619144439697
