scenario,method,delta,direction_idx,gamma,n_spikes_sim,n_spikes_gt,init_loss,final_loss,kept_source,n_iter,n_clipped,elapsed_s,param_err_C_m,param_err_g_L,param_err_E_L,param_err_v_T,param_err_delta_T,param_err_v_reset
tonic,grad_mse,0.02,0,0.8263888888888888,9,9,47.175846099853516,47.175846099853516,init,25,0,1.3561272621154785,0.0017864903579506923,0.009765576349289207,0.0015279091390188644,0.0011075429151762252,0.01597027920021098,0.006544539356471546
tonic,grad_guarino,0.02,0,1.0,9,9,0.6088206768035889,0.011911870911717415,training,25,0,1.1758410930633545,0.004821644658627717,0.011325716972351074,0.003228759765625,0.01143341064453125,0.015069384323923211,0.008116367885044643
tonic,grad_vanrossum,0.02,0,0.8858131487889275,8,9,1.8545812368392944,1.8532335758209229,training,25,0,0.9093732833862305,0.0014640476392663044,0.009610772132873535,0.0013373480902777778,0.00013275146484375,0.01607740552801835,0.00681304931640625
tonic,nm_guarino,0.02,0,-0.04166666666666662,9,9,0.5088833570480347,0.300138384103775,training,50,0,0.5081140995025635,0.006807837511137247,0.03128922367717357,0.02947752362596911,0.036441979020251834,0.01190117404867492,0.03220091904752727
tonic,grad_mse,0.02,1,0.1319444444444445,9,9,61.85034942626953,61.85034942626953,init,1,0,0.777461051940918,0.00037565429033426645,0.00597726159368972,0.015595478510644828,0.006854618010997911,0.0027308432823846276,0.00815285131773708
tonic,grad_guarino,0.02,1,0.5806451612903227,22,9,0.38052257895469666,0.3700660169124603,training,25,0,1.3625779151916504,0.10135126528532609,0.04775094985961914,0.04857279459635417,0.234307861328125,0.012672323929636102,0.0026511056082589284
tonic,grad_vanrossum,0.02,1,1.0,9,9,3.335925340652466,1.0767821073532104,training,25,0,0.9045019149780273,0.016135506007982338,0.0010493993759155273,0.007097032335069444,0.03231979370117188,0.005061814659520199,0.04427817208426339
tonic,nm_guarino,0.02,1,1.0,9,9,0.3804432153701782,0.016305264085531235,training,50,0,0.5154538154602051,0.043872697874416236,0.00597726159368972,0.015595478510644828,0.006854618010997911,0.0027308432823846276,0.00815285131773708
tonic,grad_mse,0.02,2,-0.02807017543859652,6,9,63.958221435546875,63.95821762084961,training,25,0,0.8455610275268555,0.004670914359714674,0.0014895200729370117,0.0033155653211805556,0.071724853515625,0.022836559697201376,0.09273136683872768
tonic,grad_guarino,0.02,2,0.020761245674740504,8,9,0.6236299276351929,0.5780764818191528,training,25,0,1.1215088367462158,0.0007678488026494566,0.005287289619445801,0.00033162434895833335,0.01578216552734375,0.01817403341594495,0.01618499755859375
tonic,grad_vanrossum,0.02,2,0.08333333333333325,7,9,3.307931661605835,3.150502920150757,training,25,0,0.9482009410858154,0.030727817701256793,0.013106703758239746,0.016959635416666667,0.003910064697265625,0.01651007250735634,0.19139142717633928
tonic,nm_guarino,0.02,2,1.0,9,9,0.5236877202987671,0.050916749984025955,training,50,0,0.5139191150665283,0.004660332206953191,0.007801071469311083,0.016573307634362777,0.011632562404302008,0.020119160069864788,0.001818842102773845
tonic,grad_mse,0.02,3,-1.0,43,9,59.152626037597656,59.15260314941406,training,25,0,0.9223449230194092,0.5034160116444464,0.20525085926055908,0.09976840549045139,0.39310638427734373,0.036912805155703894,0.2196467808314732
tonic,grad_guarino,0.02,3,1.0,9,9,0.6307563185691833,0.03178544342517853,training,25,0,1.1488702297210693,0.003253969938858696,0.012592315673828125,0.007051934136284722,0.007916259765625,0.00038244849757144327,0.004955182756696428
tonic,grad_vanrossum,0.02,3,0.07017543859649122,10,9,3.300042152404785,2.338196039199829,training,12,0,0.8727428913116455,0.006290336277173913,0.015479326248168945,0.0067555745442708336,0.02239227294921875,0.0011454757891203229,0.029652840750558036
tonic,nm_guarino,0.02,3,1.0,9,9,0.5308154225349426,0.04870773106813431,training,50,0,0.6008210182189941,0.014913573592470742,0.03817710757886017,0.021404649567957297,0.0019875330101308463,0.002304660534721389,0.002898443559566236
tonic,grad_mse,0.02,4,0.30555555555555564,9,9,56.624942779541016,56.624942779541016,init,25,0,0.909369707107544,0.00370400386562499,0.008970045409607774,0.008391656456349652,0.006100665090226585,0.0020786980802562096,0.01392334882058362
tonic,grad_guarino,0.02,4,0.30555555555555564,9,9,0.28638261556625366,0.28638261556625366,init,25,0,1.1321940422058105,0.00370400386562499,0.008970045409607774,0.008391656456349652,0.006100665090226585,0.0020786980802562096,0.01392334882058362
tonic,grad_vanrossum,0.02,4,0.30555555555555564,9,9,2.789785146713257,2.789785146713257,init,25,0,0.9337987899780273,0.00370400386562499,0.008970045409607774,0.008391656456349652,0.006100665090226585,0.0020786980802562096,0.01392334882058362
tonic,nm_guarino,0.02,4,1.0,9,9,0.2863038182258606,0.10621080547571182,training,50,0,0.5703799724578857,0.029025728123435016,0.03202964461049018,0.02265313401703174,0.014509609900738952,2.7291830160819668e-05,0.018745434596140698
tonic,grad_mse,0.02,5,0.8263888888888888,9,9,52.073936462402344,52.073936462402344,init,25,0,0.7599830627441406,0.001302258501023531,0.013064974055352563,0.0036403177579365496,0.0050803713146913764,0.007549991039935279,0.01146935590835361
tonic,grad_guarino,0.02,5,0.8263888888888888,9,9,0.1868990957736969,0.1868990957736969,init,25,0,1.1334669589996338,0.001302258501023531,0.013064974055352563,0.0036403177579365496,0.0050803713146913764,0.007549991039935279,0.01146935590835361
tonic,grad_vanrossum,0.02,5,0.19377162629757788,8,9,2.095951557159424,0.9334695935249329,training,25,0,0.90447998046875,0.0033999235733695654,0.011531829833984375,0.00380401611328125,0.02435028076171875,0.006019197012248792,0.05719517299107143
tonic,nm_guarino,0.02,5,1.0,9,9,0.1868227869272232,0.059183407574892044,training,50,0,0.6072700023651123,0.001302258501023531,0.04878177724187993,0.0036403177579365496,0.0050803713146913764,0.007549991039935279,0.01146935590835361
tonic,grad_mse,0.02,6,-0.10526315789473688,10,9,53.931617736816406,53.93103790283203,training,25,0,0.7708032131195068,0.032597616444463316,0.0015475749969482422,0.01638403998480903,0.04643173217773437,0.011057358039052863,0.040145220075334824
tonic,grad_guarino,0.02,6,0.6527777777777778,9,9,0.25089603662490845,0.20868055522441864,training,25,0,1.1422178745269775,0.009549878991168478,0.011393070220947266,0.0049245198567708336,0.004062042236328125,0.008911735133120888,0.0035287039620535716
tonic,grad_vanrossum,0.02,6,0.1319444444444445,9,9,2.5248348712921143,2.524834632873535,training,25,0,0.9107398986816406,0.008296535326086957,0.011573553085327148,0.004163953993055556,0.00311553955078125,0.008982068613955849,0.006595938546316964
tonic,nm_guarino,0.02,6,1.0,9,9,0.25081831216812134,0.08106552064418793,training,50,0,0.5484790802001953,0.022765679863954346,0.049916504262522476,0.013559735452328267,0.010776283817227466,0.007302275924094603,0.018045101911026505
tonic,grad_mse,0.02,7,0.32280701754385965,6,9,36.31754684448242,36.317481994628906,training,25,0,0.764336109161377,0.038828377101732335,0.013980984687805176,0.02777930365668403,0.12552719116210936,0.00926943201767771,0.03356672014508929
tonic,grad_guarino,0.02,7,1.0,9,9,0.04801512882113457,0.047983139753341675,training,25,0,1.3158206939697266,0.0032259733780570653,0.007176756858825684,0.0002844916449652778,0.005085296630859375,0.013395648253591437,0.011515699114118304
tonic,grad_vanrossum,0.02,7,-0.14285714285714288,5,9,0.6808069348335266,0.5736001133918762,training,25,0,0.9289147853851318,0.04719908341117527,0.02227044105529785,0.035487196180555555,0.18436294555664062,0.006912444767199065,0.011213248116629465
tonic,nm_guarino,0.02,7,1.0,9,9,0.04794056713581085,0.04794056713581085,init,50,0,0.5528137683868408,0.003322397832864656,0.007124381254412615,0.00022188942340430154,0.005375982354243547,0.013385839294899454,0.011404987924751099
tonic,grad_mse,0.02,8,-0.21527777777777773,9,9,64.74507904052734,64.74507904052734,init,25,0,0.7678050994873047,0.006669518067442195,0.004479655708868213,0.014368038888200848,0.0010474294624088997,0.011266708398007329,0.0009868360455318533
tonic,grad_guarino,0.02,8,1.0,9,9,0.514788031578064,0.13992710411548615,training,25,0,1.1580920219421387,0.0004240616508152174,0.007466435432434082,0.011406792534722222,0.01756561279296875,0.010549733513279966,0.005104718889508929
tonic,grad_vanrossum,0.02,8,-0.21527777777777773,9,9,3.739673614501953,3.739673614501953,init,25,0,0.9136230945587158,0.006669518067442195,0.004479655708868213,0.014368038888200848,0.0010474294624088997,0.011266708398007329,0.0009868360455318533
tonic,nm_guarino,0.02,8,1.0,9,9,0.5147066712379456,0.13732479512691498,training,50,0,0.5221450328826904,0.03647526689875089,0.004479655708868213,0.014368038888200848,0.0010474294624088997,0.011266708398007329,0.0009868360455318533
tonic,grad_mse,0.02,9,-1.0,180,9,63.115013122558594,63.11486053466797,training,11,0,0.7752842903137207,0.8260869565217391,0.49994730949401855,0.1111111111111111,0.4,0.05263156012484902,0.6285714285714286
tonic,grad_guarino,0.02,9,0.1319444444444445,9,9,0.6544430255889893,0.3419656455516815,training,25,0,1.1345207691192627,0.0001767365828804348,0.0036661624908447266,0.004764472113715278,0.003046417236328125,0.0065168957961233035,0.015439932686941965
tonic,grad_vanrossum,0.02,9,-0.007905138339921132,14,9,3.5977249145507812,3.597724676132202,training,25,0,0.9042360782623291,0.08332041864809783,0.02911818027496338,0.03827718098958333,0.16549453735351563,0.014454879258808336,0.08214590890066964
tonic,nm_guarino,0.02,9,1.0,9,9,0.6543588638305664,0.15195703506469727,training,50,0,0.5222969055175781,0.01880727592326549,0.037112831068203844,0.06639325512051705,0.0022945845937141483,0.005068857181775001,0.04087824907268234
tonic,grad_mse,0.02,10,-0.2637362637362637,4,9,48.97078323364258,42.93017578125,training,6,0,0.7996971607208252,0.09879641325577446,0.053902268409729004,0.06730600992838541,0.308719482421875,0.03397913982993678,0.22694309779575894
tonic,grad_guarino,0.02,10,1.0,9,9,0.16756029427051544,0.08025697618722916,training,25,0,1.1293730735778809,0.007210706627887228,0.008989334106445312,0.01410488552517361,0.012614898681640625,0.007326766064292506,0.018266514369419642
tonic,grad_vanrossum,0.02,10,1.0,9,9,1.9441941976547241,1.9441941976547241,init,25,0,0.8983361721038818,0.0011291805680320236,0.010992225106527309,0.010955330937244727,0.005105122246322083,0.007816669032990527,0.008409166105295794
tonic,nm_guarino,0.02,10,1.0,9,9,0.16748501360416412,0.04481421783566475,training,50,0,0.5080850124359131,0.0011291805680320236,0.0740418363618538,0.010955330937244727,0.005105122246322083,0.007816669032990527,0.008409166105295794
tonic,grad_mse,0.02,11,0.0,0,9,47.384090423583984,35.84976577758789,training,25,0,0.8474950790405273,0.17380682903787364,0.3761913776397705,0.877466328938802,0.5999884033203124,0.43089801386783,0.37127369471958704
tonic,grad_guarino,0.02,11,0.47916666666666674,9,9,0.2080119252204895,0.15788576006889343,training,25,0,1.1572480201721191,0.007897285793138586,0.001490473747253418,0.00044623480902777776,0.00185028076171875,0.00575290228191175,0.015760149274553572
tonic,grad_vanrossum,0.02,11,1.0,9,9,2.088008165359497,0.2892462909221649,training,25,0,0.9058401584625244,0.010920383619225543,0.00029921531677246094,0.0015648735894097222,0.01285308837890625,0.005243665293643349,0.015903145926339287
tonic,nm_guarino,0.02,11,1.0,9,9,0.2078923135995865,0.09295538812875748,training,50,0,0.509314775466919,0.008519374163479344,0.06132027922643757,3.419626404858415e-06,0.003720946196517616,0.005667793661638977,0.016738834379166737
tonic,grad_mse,0.02,12,1.0,9,9,31.72506332397461,31.72506332397461,init,2,0,0.7498738765716553,0.006961661807645585,0.0074055003501081185,0.0034420290668363248,0.008023120500390916,0.007942254158294573,0.012545772262592233
tonic,grad_guarino,0.02,12,0.19377162629757788,8,9,0.6080060005187988,0.5610480308532715,training,25,0,1.17136812210083,0.02850633704144022,0.01452493667602539,0.009717135959201388,0.013719482421875,0.008649851146497224,0.11412615094866072
tonic,grad_vanrossum,0.02,12,0.020761245674740504,8,9,0.9790948629379272,0.9790948033332825,training,25,0,0.8978860378265381,0.11798560101052989,0.038443803787231445,0.044615681966145834,0.089205322265625,0.01128428860714561,0.41539110456194195
tonic,nm_guarino,0.02,12,1.0,9,9,0.508112907409668,0.1314702033996582,training,50,0,0.5098512172698975,0.011838023053675041,0.0338931411227994,0.021851738019049095,0.022314138517272396,0.004707714562019934,0.05196202474956989
tonic,grad_mse,0.02,13,0.0,0,9,63.59930419921875,63.59885025024414,training,25,0,0.7657108306884766,0.17391304347826086,0.4977905750274658,0.8888887193467881,0.6,0.9465745624743009,0.012420000348772322
tonic,grad_guarino,0.02,13,-0.04166666666666662,9,9,0.43413999676704407,0.43413999676704407,init,25,0,1.193608045578003,0.012863193608985838,0.007442495561937212,0.00419349708051363,0.009621974571597889,0.006884307133935251,0.004646074994356297
tonic,grad_vanrossum,0.02,13,-0.04166666666666662,9,9,3.5140655040740967,3.5140655040740967,init,25,0,1.1501057147979736,0.012863193608985838,0.007442495561937212,0.00419349708051363,0.009621974571597889,0.006884307133935251,0.004646074994356297
tonic,nm_guarino,0.02,13,1.0,9,9,0.4340587854385376,0.04718552902340889,training,50,0,0.511674165725708,0.029971907580130124,0.007442495561937212,0.00419349708051363,0.009621974571597889,0.006884307133935251,0.004646074994356297
tonic,grad_mse,0.02,14,0.19377162629757788,8,9,34.103309631347656,34.10329818725586,training,25,0,0.777385950088501,0.22779468038807746,0.03992807865142822,0.06763102213541666,0.04544876098632813,0.0005022350110505757,0.6030713762555804
tonic,grad_guarino,0.02,14,1.0,9,9,0.05610741674900055,0.05610741674900055,init,25,0,1.1504058837890625,0.01340937548192706,0.00019579104089917365,0.011277003033832342,0.005413030698325088,0.003543146185602878,0.007150156039862006
tonic,grad_vanrossum,0.02,14,1.0,9,9,0.5971891283988953,0.5971890687942505,training,25,0,0.9924311637878418,0.011974102517832881,0.0005517005920410156,0.010565863715277778,0.005878448486328125,0.0035804698341771178,0.001411655970982143
tonic,nm_guarino,0.02,14,1.0,9,9,0.05621475726366043,0.05621475726366043,init,50,0,0.5062358379364014,0.01340937548192706,0.00019579104089917365,0.011277003033832342,0.005413030698325088,0.003543146185602878,0.007150156039862006
tonic,grad_mse,0.02,15,-1.0,180,9,60.20970916748047,60.209651947021484,training,10,0,0.7574770450592041,0.8260869565217391,0.4997594356536865,0.1111111111111111,0.4,0.052631302883750515,0.6285712105887277
tonic,grad_guarino,0.02,15,-0.04166666666666662,9,9,0.4280649423599243,0.4280649423599243,init,25,0,1.1248869895935059,0.0026720722265684287,0.009640392309536061,0.0005052086712361693,0.002458505546945844,0.006457554577927667,0.015872094054707225
tonic,grad_vanrossum,0.02,15,0.0,0,9,3.3124654293060303,3.312465190887451,training,25,0,0.8940987586975098,0.14470705778702445,0.13122200965881348,0.3069427490234375,0.5504708862304688,0.04800021020989669,0.2160168239048549
tonic,nm_guarino,0.02,15,1.0,9,9,0.4279842674732208,0.06322865188121796,training,50,0,0.5259771347045898,0.015156762894548346,0.003080650519202255,0.006467077128928306,0.002250481708626353,0.005935013178499766,0.012859431947215885
tonic,grad_mse,0.02,16,0.08333333333333325,7,9,61.04534912109375,53.73571014404297,training,16,0,0.7996890544891357,0.028197777789572012,0.02428722381591797,0.012734646267361111,0.0439263916015625,0.01845761349326686,0.0259307861328125
tonic,grad_guarino,0.02,16,0.020761245674740504,8,9,0.6259335875511169,0.6259335279464722,training,25,0,1.153898000717163,0.010089642068614131,0.006457686424255371,0.006980048285590278,0.00496124267578125,0.013427922600194028,0.0016457693917410715
tonic,grad_vanrossum,0.02,16,0.020761245674740504,8,9,3.3163864612579346,3.3163864612579346,init,25,0,0.9026288986206055,0.01010548131429269,0.006471588241228954,0.006991922902915349,0.004848287562919325,0.013436873420894467,0.0017479552454968176
tonic,nm_guarino,0.02,16,-0.04166666666666662,9,9,0.5259923934936523,0.24631600081920624,training,50,0,0.5165960788726807,0.00911704542445366,0.04577874929676473,0.0394357741418926,0.042657124163479526,0.010555811042491037,0.041033851908333724
tonic,grad_mse,0.02,17,-0.1522491349480969,8,9,28.516006469726562,28.515958786010742,training,4,0,0.7507851123809814,0.005618883215862772,0.009977579116821289,0.016080220540364582,0.04450973510742187,0.004177080957513107,0.01578281947544643
tonic,grad_guarino,0.02,17,1.0,9,9,0.0661562904715538,0.06600218266248703,training,25,0,1.2157988548278809,0.005103666886039402,0.0038063526153564453,0.008187357584635417,0.010117034912109375,0.0056518629977577615,0.011760602678571428
tonic,grad_vanrossum,0.02,17,1.0,9,9,0.49293044209480286,0.49293020367622375,training,25,0,0.9230086803436279,0.004840817658797555,0.0039288997650146484,0.008371988932291666,0.010644989013671875,0.005630204552098324,0.012345341273716517
tonic,nm_guarino,0.02,17,1.0,9,9,0.06603801250457764,0.06603801250457764,init,50,0,0.525296688079834,0.00490128499046507,0.0039032598703887533,0.008328988581599282,0.010571363698972505,0.0056325943499136825,0.012161006022012089
tonic,grad_mse,0.02,18,0.25694444444444436,7,9,28.44347381591797,28.443471908569336,training,25,0,0.7757959365844727,0.008105800462805707,0.012006878852844238,0.010730489095052084,0.033734588623046874,0.0010012450971101459,0.0302276611328125
tonic,grad_guarino,0.02,18,0.5397923875432526,8,9,1.005722999572754,0.5939374566078186,training,25,0,1.1750938892364502,0.004107666015625,0.015622973442077637,0.0077728271484375,0.00639801025390625,0.0004924786718268143,0.004140363420758929
tonic,grad_vanrossum,0.02,18,1.0,9,9,0.7707452774047852,0.7621678709983826,training,10,0,0.9384791851043701,0.0017741327700407609,0.016841411590576172,0.0061767578125,0.000319366455078125,0.0008496234291478208,0.006216648646763393
tonic,nm_guarino,0.02,18,1.0,9,9,0.9057865142822266,0.08228196948766708,training,50,0,0.515861988067627,0.022297245949441383,0.013148792739142268,0.01995557240334165,0.0346210923339558,0.0015663966493391314,0.037900418735313225
tonic,grad_mse,0.02,19,0.19377162629757788,8,9,52.44243240356445,52.44243240356445,init,25,0,0.780709981918335,0.01027841256096859,0.00874647301022935,0.0009094534355935164,0.009583061965250295,0.004072792760800017,0.010421306158734872
tonic,grad_guarino,0.02,19,0.19377162629757788,8,9,0.589556872844696,0.589556872844696,init,25,0,1.3922348022460938,0.01027841256096859,0.00874647301022935,0.0009094534355935164,0.009583061965250295,0.004072792760800017,0.010421306158734872
tonic,grad_vanrossum,0.02,19,0.19377162629757788,8,9,2.816389560699463,2.816389560699463,init,25,0,1.0308518409729004,0.01027841256096859,0.00874647301022935,0.0009094534355935164,0.009583061965250295,0.004072792760800017,0.010421306158734872
tonic,nm_guarino,0.02,19,1.0,9,9,0.4896167516708374,0.09190815687179565,training,50,0,0.5532500743865967,0.010592592610117272,0.025968672366928347,0.02594178474742187,0.0001525544158153025,0.00045889743160460784,0.017502453960098308
tonic,grad_mse,0.02,20,0.8858131487889275,8,9,42.97679138183594,42.97679138183594,init,25,0,0.9956951141357422,0.007998992310933897,0.006389870173152179,1.3071128079407874e-05,0.011054100774340724,0.009275746512376082,0.009324853512755941
tonic,grad_guarino,0.02,20,1.0,9,9,0.5758510231971741,0.04161734879016876,training,25,0,1.5279059410095215,0.003891920006793478,0.004116058349609375,0.0027940538194444445,0.00079986572265625,0.009741287482412238,0.01662139892578125
tonic,grad_vanrossum,0.02,20,0.8858131487889275,8,9,1.9942878484725952,1.9942878484725952,init,19,0,1.0615549087524414,0.007998992310933897,0.006389870173152179,1.3071128079407874e-05,0.011054100774340724,0.009275746512376082,0.009324853512755941
tonic,nm_guarino,0.02,20,1.0,9,9,0.475912868976593,0.08221840858459473,training,50,0,0.5151238441467285,0.006336698185899205,0.007830297718728119,0.008638498267122449,0.00019173847233730612,0.008946797403529784,0.02031840406483078
tonic,grad_mse,0.02,21,0.7128027681660901,8,9,46.29475021362305,46.29475021362305,init,10,0,0.7604742050170898,0.006055993600115219,0.013980632812646165,0.0064096577024299805,0.006318262383957176,0.0007909363630352825,0.009286394129483304
tonic,grad_guarino,0.02,21,0.8858131487889275,8,9,0.5847998857498169,0.5822691917419434,training,25,0,1.1931860446929932,0.005869326384171196,0.01394963264465332,0.00654449462890625,0.006168670654296875,0.0008028118233931692,0.007684762137276786
tonic,grad_vanrossum,0.02,21,0.7128027681660901,8,9,2.144592523574829,2.144592523574829,init,25,0,1.0161058902740479,0.006055993600115219,0.013980632812646165,0.0064096577024299805,0.006318262383957176,0.0007909363630352825,0.009286394129483304
tonic,nm_guarino,0.02,21,0.1319444444444445,9,9,0.4848599433898926,0.24572497606277466,training,50,0,0.5141561031341553,0.011052635540691145,0.05546665263472872,0.021682716106527285,0.028885053010590127,0.0026673502975454134,0.04840346128181758
tonic,grad_mse,0.02,22,0.8263888888888888,9,9,44.89408493041992,44.89408493041992,init,3,0,0.7596609592437744,0.008851755714249026,0.00429509219352564,0.010189495794081595,0.002518001867380519,0.013835405340610604,0.0012704349427033483
tonic,grad_guarino,0.02,22,1.0,9,9,0.5945978164672852,0.00979110412299633,training,25,0,1.141875982284546,0.00888778023097826,0.004588603973388672,0.010168965657552083,0.00609893798828125,0.013537682985004625,0.008903939383370536
tonic,grad_vanrossum,0.02,22,1.0,9,9,1.7904913425445557,0.6825757622718811,training,25,0,0.905128002166748,0.016536148734714675,0.0012401342391967773,0.00540924072265625,0.0090008544921875,0.01476119693956877,0.03705313546316964
tonic,nm_guarino,0.02,22,1.0,9,9,0.49465930461883545,0.08651834726333618,training,50,0,0.525841236114502,0.006252780781953442,0.0432222939134137,0.02440095179650699,0.02059782962047336,0.012710412213552074,0.018604073788884533
tonic,grad_mse,0.02,23,1.0,9,9,46.122894287109375,46.122894287109375,init,1,0,0.8030359745025635,0.010287273473831187,0.006818745399336246,0.005553950602059546,0.014307589548595843,0.001565325218495085,0.003110142542195961
tonic,grad_guarino,0.02,23,1.0,9,9,0.12646913528442383,0.12646913528442383,init,25,0,1.1548678874969482,0.010287273473831187,0.006818745399336246,0.005553950602059546,0.014307589548595843,0.001565325218495085,0.003110142542195961
tonic,grad_vanrossum,0.02,23,0.08333333333333325,7,9,1.523795485496521,1.1261790990829468,training,25,0,0.9153220653533936,0.021622035814368206,0.013596773147583008,0.0010406494140625,0.03740768432617188,0.0048626849525853204,0.02723933628627232
tonic,nm_guarino,0.02,23,1.0,9,9,0.12639352679252625,0.009930651634931564,training,50,0,0.516416072845459,0.010287273473831187,0.06965968266930322,0.005553950602059546,0.014307589548595843,0.001565325218495085,0.003110142542195961
tonic,grad_mse,0.02,24,0.035714285714285705,5,9,25.834630966186523,25.834558486938477,training,25,0,0.7914228439331055,0.04148805037788723,0.0071642398834228516,0.017496575249565972,0.15558624267578125,0.010166519566586143,0.007641710553850447
tonic,grad_guarino,0.02,24,1.0,9,9,0.05943536013364792,0.05943536013364792,init,25,0,1.2237660884857178,0.002429665235392458,0.01609205407213432,0.008362504926935167,0.0023025689646112824,0.0007313602176819423,0.007705473530264888
tonic,grad_vanrossum,0.02,24,1.0,9,9,0.41083836555480957,0.41083836555480957,init,25,0,0.9977729320526123,0.002429665235392458,0.01609205407213432,0.008362504926935167,0.0023025689646112824,0.0007313602176819423,0.007705473530264888
tonic,nm_guarino,0.02,24,1.0,9,9,0.0595523975789547,0.0595523975789547,init,50,0,0.5219941139221191,0.002429665235392458,0.01609205407213432,0.008362504926935167,0.0023025689646112824,0.0007313602176819423,0.007705473530264888
tonic,grad_mse,0.02,25,0.0,0,9,61.085445404052734,53.564056396484375,training,25,0,0.7784218788146973,0.12031740934952445,0.2989487648010254,0.2996571858723958,0.4563824462890625,0.01729950151945415,0.3266444614955357
tonic,grad_guarino,0.02,25,0.30555555555555564,9,9,0.46635401248931885,0.28849276900291443,training,25,0,1.189182996749878,0.005986354662024456,0.0017282962799072266,0.0007632785373263889,0.00190155029296875,0.003713469756276984,0.013576180594308035
tonic,grad_vanrossum,0.02,25,1.0,9,9,3.439884901046753,1.3783007860183716,training,25,0,0.9140810966491699,0.010609568720278533,0.0059773921966552734,0.010485670301649305,0.03729934692382812,0.002072723288285105,0.05351933070591518
tonic,nm_guarino,0.02,25,1.0,9,9,0.46627217531204224,0.03630867600440979,training,50,0,0.5234718322753906,0.0024933886050173045,0.01173522425818363,0.004934564250736015,0.005784228557900519,0.002878456755969673,0.0013436195600568064
tonic,grad_mse,0.02,26,0.0,0,9,52.76577377319336,52.7657585144043,training,25,0,0.8371038436889648,0.17381638236667799,0.3705601692199707,0.880604722764757,0.5999526977539062,0.45885296871787623,0.37141898018973213
tonic,grad_guarino,0.02,26,0.8263888888888888,9,9,0.1947503387928009,0.1947503387928009,init,12,0,1.1223959922790527,0.002340382238116327,0.0005477323732516748,0.003591327139528428,0.0167959794234082,0.0012387895104758403,0.009883594759037554
tonic,grad_vanrossum,0.02,26,0.1319444444444445,9,9,2.1385622024536133,1.9474653005599976,training,25,0,0.9075701236724854,0.013949518618376358,0.006770610809326172,0.007337443033854167,0.006018829345703125,0.0025603645726254114,0.05743386404854911
tonic,nm_guarino,0.02,26,1.0,9,9,0.19467361271381378,0.06899647414684296,training,50,0,0.5110280513763428,0.002340382238116327,0.06307511899191431,0.003591327139528428,0.0167959794234082,0.0012387895104758403,0.009883594759037554
tonic,grad_mse,0.02,27,0.0,0,9,62.21074295043945,53.15239334106445,training,25,0,0.7780537605285645,0.11687064792798912,0.3147125244140625,0.2991790771484375,0.5382882690429688,0.04554572858308491,0.015070125034877231
tonic,grad_guarino,0.02,27,-0.04166666666666662,9,9,0.42797791957855225,0.427966833114624,training,25,0,1.1640219688415527,0.017259348993716034,0.004730701446533203,0.003174506293402778,0.005951385498046875,0.002486981843647204,0.005721718924386161
tonic,grad_vanrossum,0.02,27,-0.32525951557093424,8,9,3.44789719581604,1.699625015258789,training,25,0,0.9688801765441895,0.010233738111413043,0.007809162139892578,0.01395229763454861,0.056571044921875,0.0006963830245168586,0.055226898193359374
tonic,nm_guarino,0.02,27,1.0,9,9,0.4278968870639801,0.05695617198944092,training,50,0,0.5111160278320312,0.02543137913310036,0.004700810925446275,0.0031385266702996105,0.005758187970779431,0.002476817363720559,0.005774971621912479
tonic,grad_mse,0.02,28,0.0,0,9,55.31065368652344,51.77933120727539,training,25,0,0.7800178527832031,0.0629288383152174,0.32112228870391846,0.29955851236979164,0.48861251831054686,0.007697582244873047,0.0677215576171875
tonic,grad_guarino,0.02,28,0.47916666666666674,9,9,0.2564498484134674,0.2564498484134674,init,25,0,1.1846678256988525,0.006577078792831205,0.006523040451897444,0.003997906769444942,0.010116963574479599,0.013950719832469444,0.0011104879410534555
tonic,grad_vanrossum,0.02,28,0.7128027681660901,8,9,2.5926976203918457,0.8980219960212708,training,25,0,0.9244401454925537,0.0037121316661005437,0.0013070106506347656,0.0022918701171875,0.037455902099609376,0.013095654939350328,0.014300646100725447
tonic,nm_guarino,0.02,28,1.0,9,9,0.25637325644493103,0.11464541405439377,training,50,0,0.5336959362030029,0.006577078792831205,0.05565080752550777,0.003997906769444942,0.010116963574479599,0.013950719832469444,0.0011104879410534555
tonic,grad_mse,0.02,29,0.0,0,9,49.68803405761719,49.688018798828125,training,25,0,0.7776570320129395,0.13511670983355978,0.14268732070922852,0.29141354031032984,0.5393110656738281,0.06649203049509149,0.14673396519252233
tonic,grad_guarino,0.02,29,0.5397923875432526,8,9,0.617484986782074,0.6162258982658386,training,25,0,1.2914230823516846,0.010561802076256793,0.010716676712036133,0.004684787326388889,0.007808685302734375,0.0023334151820132605,0.008885628836495536
tonic,grad_vanrossum,0.02,29,0.7128027681660901,8,9,2.394721269607544,2.394721269607544,init,25,0,0.9120562076568604,0.010496336916640713,0.010691490109182356,0.004683609836060201,0.0071745560294240816,0.002299108527887558,0.009839847317861533
tonic,nm_guarino,0.02,29,1.0,9,9,0.517546534538269,0.025335462763905525,training,50,0,0.5134923458099365,0.008258412898446898,0.02124714747293366,0.0072245664081401,0.007759768141835935,0.0018001664643711884,0.005660772464281243
tonic,grad_mse,0.05,0,0.035714285714285705,5,9,65.5088119506836,65.50859832763672,training,25,0,0.7988231182098389,0.041646874469259514,0.03129100799560547,0.024141099717881944,0.04417724609375,0.047296486402812754,0.32344534737723213
tonic,grad_guarino,0.05,0,0.1319444444444445,9,9,0.6368216872215271,0.3766624629497528,training,25,0,1.1460208892822266,0.007615993333899456,0.02660226821899414,0.0052907307942708336,0.025255126953125,0.03680276870727539,0.042552947998046875
tonic,grad_vanrossum,0.05,0,0.0,0,9,3.071378231048584,3.0634922981262207,training,25,0,0.9143240451812744,0.17160465406334918,0.16531920433044434,0.7504443698459201,0.11020477294921875,0.012812413667377672,0.37142857142857144
tonic,nm_guarino,0.05,0,1.0,9,9,0.5368812680244446,0.031299199908971786,training,50,0,0.516106128692627,0.0015487350120023196,0.011702609678695186,0.0234584186994062,0.02816741351110011,0.043697457185694184,0.007038968398671029
tonic,grad_mse,0.05,1,0.24561403508771928,10,9,58.59318542480469,58.59318542480469,init,25,0,0.8547220230102539,0.0009391357258356661,0.014943153984224189,0.03898869627661238,0.017136545027494777,0.006827108205961558,0.020382128294342498
tonic,grad_guarino,0.05,1,0.24561403508771928,10,9,0.8118109703063965,0.8118109703063965,init,2,0,1.1219267845153809,0.0009391357258356661,0.014943153984224189,0.03898869627661238,0.017136545027494777,0.006827108205961558,0.020382128294342498
tonic,grad_vanrossum,0.05,1,0.24561403508771928,10,9,3.2294399738311768,3.2294399738311768,init,25,0,0.9319210052490234,0.0009391357258356661,0.014943153984224189,0.03898869627661238,0.017136545027494777,0.006827108205961558,0.020382128294342498
tonic,nm_guarino,0.05,1,1.0,9,9,0.7117235064506531,0.08111965656280518,training,50,0,0.5166678428649902,0.0009391357258356661,0.014943153984224189,0.03683964668733495,0.017136545027494777,0.006827108205961558,0.020382128294342498
tonic,grad_mse,0.05,2,-1.0,609,9,71.31319427490234,71.31314849853516,training,2,0,0.7452120780944824,0.7583059062128482,0.2798515558242798,0.10749342176649306,0.39974777221679686,0.0477104061528256,0.03102569580078125
tonic,grad_guarino,0.05,2,1.0,9,9,1.5218505859375,0.0522099994122982,training,25,0,1.1379420757293701,0.020995363981827445,0.022924184799194336,0.0102020263671875,0.030086517333984375,0.036905301244635334,0.011320713588169643
tonic,grad_vanrossum,0.05,2,0.020761245674740504,8,9,3.3022654056549072,3.3022654056549072,init,25,0,0.9211587905883789,0.0027486651176303668,0.014183656635487374,6.359832199065194e-05,0.01973027580785299,0.04354040131413616,0.0024928597475962987
tonic,nm_guarino,0.05,2,0.47916666666666674,9,9,1.1218987703323364,0.14610739052295685,training,50,0,0.5873157978057861,0.014106101176579584,0.009846105596600374,0.10376306213756202,0.01877496882921605,0.046433803854308675,0.02968089020175577
tonic,grad_mse,0.05,3,0.19377162629757788,8,9,60.92279815673828,60.92279815673828,init,25,0,0.7771210670471191,0.021844703388728952,0.021663193170619488,0.029918468658665473,0.02558209912639768,0.0015565912360252685,0.0012383281642661765
tonic,grad_guarino,0.05,3,-0.04166666666666662,9,9,1.5465596914291382,0.13321799039840698,training,25,0,1.1412830352783203,0.002029684315557065,0.035706520080566406,0.00981869167751736,0.041712799072265626,0.0022345593101099916,0.017288643973214286
tonic,grad_vanrossum,0.05,3,0.19377162629757788,8,9,3.241514205932617,3.241514205932617,init,25,0,0.9071841239929199,0.021844703388728952,0.021663193170619488,0.029918468658665473,0.02558209912639768,0.0015565912360252685,0.0012383281642661765
tonic,nm_guarino,0.05,3,1.0,9,9,1.1466100215911865,0.08620058745145798,training,50,0,0.5110652446746826,0.021956962133270717,0.017293273036994794,0.0017825862600271117,0.05384504826226419,0.0030958288751010464,0.0489065734913938
tonic,grad_mse,0.05,4,0.4393939393939395,13,9,57.79109191894531,57.791038513183594,training,25,0,0.7820711135864258,0.09115341849949049,0.05170750617980957,0.04537760416666667,0.13582962036132812,0.012346198684290835,0.08280040196010045
tonic,grad_guarino,0.05,4,0.07017543859649122,10,9,0.6078587770462036,0.6078587770462036,init,25,0,1.1546649932861328,0.009260009664062537,0.022425113524019435,0.020979141140873972,0.015251662725566462,0.005196745200640518,0.03480837205145885
tonic,grad_vanrossum,0.05,4,0.07017543859649122,10,9,3.247572422027588,3.247572422027588,init,25,0,0.9751648902893066,0.009260009664062537,0.022425113524019435,0.020979141140873972,0.015251662725566462,0.005196745200640518,0.03480837205145885
tonic,nm_guarino,0.05,4,1.0,9,9,0.5077816843986511,0.14833104610443115,training,50,0,0.50636887550354,0.03149024199780411,0.04002498518492348,0.047120534666297925,0.014374499663632604,0.008628418624202739,0.014497446695762457
tonic,grad_mse,0.05,5,0.0,0,9,67.1357421875,54.70237731933594,training,25,0,0.7934808731079102,0.1678810451341712,0.26383090019226074,0.31996273464626734,0.5967062377929687,0.04682631241647821,0.3088134765625
tonic,grad_guarino,0.05,5,-0.21527777777777773,9,9,0.4754581153392792,0.42968761920928955,training,25,0,1.1354470252990723,0.003265845257302989,0.0326690673828125,0.0091278076171875,0.01267791748046875,0.01886765580428274,0.028944832938058034
tonic,grad_vanrossum,0.05,5,1.0,9,9,3.7487640380859375,0.4432260990142822,training,25,0,0.9112720489501953,0.004904639202615489,0.028799891471862793,0.004707675509982639,0.011235809326171875,0.01823936010661878,0.02032318115234375
tonic,nm_guarino,0.05,5,1.0,9,9,0.475378155708313,0.0952267125248909,training,50,0,0.513146162033081,0.04005983230437837,0.03266243513838152,0.00910079439484169,0.012700928286728584,0.01887497759983819,0.028673389770883823
tonic,grad_mse,0.05,6,-0.10526315789473688,10,9,59.021785736083984,59.021785736083984,init,3,0,0.7468328475952148,0.017086596996258994,0.030752229959252864,0.008355800086174743,0.018035211281922727,0.022036206292184918,0.019536272080548502
tonic,grad_guarino,0.05,6,1.0,9,9,0.665570080280304,0.1583547294139862,training,11,0,1.2777819633483887,0.006850134808084239,0.0366663932800293,0.0014790852864583334,0.06127166748046875,0.02123539071334036,0.05784868512834821
tonic,grad_vanrossum,0.05,6,-0.10526315789473688,10,9,3.4795284271240234,3.4795284271240234,init,25,0,0.908883810043335,0.017086596996258994,0.030752229959252864,0.008355800086174743,0.018035211281922727,0.022036206292184918,0.019536272080548502
tonic,nm_guarino,0.05,6,1.0,9,9,0.6654863953590393,0.12905214726924896,training,50,0,0.5155038833618164,0.01103284250005508,0.023191460434632383,0.03582630036609373,0.011814645995391402,0.020191838719873154,0.03448101138643835
tonic,grad_mse,0.05,7,1.0,9,9,51.34736633300781,51.34736633300781,init,25,0,0.7728238105773926,0.008305994582161578,0.017810953136031538,0.0005547235585109118,0.013439955885609152,0.033464598237248636,0.028512469811877647
tonic,grad_guarino,0.05,7,1.0,9,9,0.16779102385044098,0.16779102385044098,init,1,0,1.113511085510254,0.008305994582161578,0.017810953136031538,0.0005547235585109118,0.013439955885609152,0.033464598237248636,0.028512469811877647
tonic,grad_vanrossum,0.05,7,1.0,9,9,1.8899481296539307,1.8899481296539307,init,25,0,0.9044442176818848,0.008305994582161578,0.017810953136031538,0.0005547235585109118,0.013439955885609152,0.033464598237248636,0.028512469811877647
tonic,nm_guarino,0.05,7,1.0,9,9,0.16771550476551056,0.06554871052503586,training,50,0,0.5149648189544678,0.008305994582161578,0.007542711078831754,0.0005547235585109118,0.013439955885609152,0.0304729915848533,0.028512469811877647
tonic,grad_mse,0.05,8,0.0,0,9,60.11906051635742,60.11901092529297,training,25,0,0.7724039554595947,0.17391304347826086,0.49994635581970215,0.8888888888888888,0.6,0.9466488486842105,0.3714261736188616
tonic,grad_guarino,0.05,8,-0.09027777777777786,7,9,1.2333875894546509,1.2333874702453613,training,2,0,1.5660219192504883,0.028051492442255434,0.03110980987548828,0.02145317925347222,0.141871337890625,0.025949264827527498,0.025726754324776786
tonic,grad_vanrossum,0.05,8,0.035714285714285705,5,9,3.7521960735321045,3.7521958351135254,training,25,0,0.9180569648742676,0.06693878173828124,0.05297088623046875,0.0026129828559027777,0.2927093505859375,0.023274459336933336,0.050567626953125
tonic,nm_guarino,0.05,8,0.47916666666666674,9,9,1.133292555809021,0.2807508409023285,training,50,0,0.513563871383667,0.01008260570349117,0.017223576302788368,0.01498132772757496,0.013469627429145703,0.02816864784401099,0.020332374245414744
tonic,grad_mse,0.05,9,0.007142857142857149,11,9,55.760589599609375,55.760589599609375,init,25,0,0.8324379920959473,0.015728080265233757,0.0018725437521256438,0.020560941614953917,0.034355763580043684,0.018206129498952617,0.017736603634086887
tonic,grad_guarino,0.05,9,0.007142857142857149,11,9,1.672701120376587,1.672701120376587,init,25,0,1.2420051097869873,0.015728080265233757,0.0018725437521256438,0.020560941614953917,0.034355763580043684,0.018206129498952617,0.017736603634086887
tonic,grad_vanrossum,0.05,9,0.007142857142857149,11,9,3.5863852500915527,3.5863852500915527,init,25,0,2.2126951217651367,0.015728080265233757,0.0018725437521256438,0.020560941614953917,0.034355763580043684,0.018206129498952617,0.017736603634086887
tonic,nm_guarino,0.05,9,0.30555555555555564,9,9,1.2725988626480103,0.30145126581192017,training,50,0,1.2360401153564453,0.01030949741024657,0.0055292244599214335,0.001123636330436284,0.026023717315611636,0.018342995613495037,0.053115812549779665
tonic,grad_mse,0.05,10,-1.0,1757,9,65.0251235961914,65.02503204345703,training,4,0,1.1719398498535156,0.0029421599014945654,0.016367554664611816,0.005128309461805556,0.38264663696289064,0.031523321804247405,0.3712991986955915
tonic,grad_guarino,0.05,10,0.14736842105263157,6,9,0.4341472089290619,0.38184401392936707,training,25,0,1.348438024520874,0.006193011739979619,0.03014659881591797,0.030112711588541667,0.05322479248046875,0.026359282041850843,0.15625632149832588
tonic,grad_vanrossum,0.05,10,0.07017543859649122,10,9,3.6061902046203613,1.1104018688201904,training,25,0,0.9940619468688965,0.005253866444463315,0.025002479553222656,0.0286956787109375,0.0297998046875,0.017988217504400956,0.034044320242745535
tonic,nm_guarino,0.05,10,1.0,9,9,0.4340677261352539,0.04796009138226509,training,50,0,0.59433913230896,0.04051416187848111,0.027480562766318162,0.027388327343111505,0.012762805615805348,0.019541672582476306,0.021022915263239385
tonic,grad_mse,0.05,11,-0.04166666666666662,9,9,56.44243240356445,56.44243240356445,init,1,0,1.1390380859375,0.021298435408698302,0.0028088589846726464,8.549066012303936e-06,0.00930236549129404,0.014169484154097462,0.041847085947917154
tonic,grad_guarino,0.05,11,-0.04166666666666662,9,9,0.5386891961097717,0.5386891961097717,init,14,0,1.2584419250488281,0.021298435408698302,0.0028088589846726464,8.549066012303936e-06,0.00930236549129404,0.014169484154097462,0.041847085947917154
tonic,grad_vanrossum,0.05,11,-0.08333333333333323,15,9,3.2900521755218506,2.780299425125122,training,25,0,0.9171671867370605,0.003951230256453804,0.030217528343200684,0.023565504286024306,0.1180859375,0.018373953668694747,0.04603151593889509
tonic,nm_guarino,0.05,11,1.0,9,9,0.5385664701461792,0.045818667858839035,training,50,0,0.5338060855865479,0.04582230547291712,0.031524064343574576,0.03446766879152171,0.006935738216615733,0.011661839565089524,0.0026190941275211392
tonic,grad_mse,0.05,12,0.21153846153846156,17,9,43.0658073425293,43.065799713134766,training,25,0,0.954139232635498,0.23139980150305706,0.09073972702026367,0.06074490017361111,0.2707075500488281,0.027367867921528063,0.23698032924107143
tonic,grad_guarino,0.05,12,0.25694444444444436,7,9,0.5654345750808716,0.0831955298781395,training,25,0,1.4261927604675293,0.003980885381283967,0.01009058952331543,0.021111043294270833,0.07087387084960937,0.01865083292910927,0.007314300537109375
tonic,grad_vanrossum,0.05,12,0.7128027681660901,8,9,2.0192506313323975,1.6334389448165894,training,25,0,1.2816507816314697,0.017931863536005434,0.018714189529418945,0.00827602810329861,0.01907501220703125,0.01987127881301077,0.03252955845424107
tonic,nm_guarino,0.05,12,1.0,9,9,0.4655399024486542,0.14200139045715332,training,50,0,0.6132040023803711,0.025748350483396458,0.026426819038613214,0.007310938909894402,0.00027286067348967434,0.01856944229869631,0.050931240384060016
tonic,grad_mse,0.05,13,0.07017543859649122,10,9,57.610416412353516,57.610416412353516,init,3,0,1.1284539699554443,0.03215798402246472,0.018606238904843142,0.010483742701284073,0.024054936428995005,0.017210767834838114,0.011615187485890641
tonic,grad_guarino,0.05,13,0.2142857142857143,5,9,0.979945719242096,0.9321381449699402,training,25,0,1.9012799263000488,0.05764339281165082,0.018820881843566895,0.04306047227647569,0.20959686279296874,0.010012664292988024,0.09819706508091518
tonic,grad_vanrossum,0.05,13,0.07017543859649122,10,9,3.361640453338623,3.361640453338623,init,25,0,1.1208148002624512,0.03215798402246472,0.018606238904843142,0.010483742701284073,0.024054936428995005,0.017210767834838114,0.011615187485890641
tonic,nm_guarino,0.05,13,1.0,9,9,0.879855215549469,0.15245778858661652,training,50,0,0.5582520961761475,0.03215798402246472,0.018606238904843142,0.022062908912081347,0.024054936428995005,0.017210767834838114,0.059901010536490926
tonic,grad_mse,0.05,14,1.0,9,9,46.0304069519043,46.0304069519043,init,25,0,0.8618180751800537,0.033523438704817526,0.0004894776022481562,0.02819250758458054,0.013532576745812435,0.00885786546400716,0.017875390099655015
tonic,grad_guarino,0.05,14,0.7128027681660901,8,9,0.13235516846179962,0.0976313129067421,training,25,0,1.7173771858215332,0.03245252526324728,0.0011301040649414062,0.028010050455729168,0.020243072509765626,0.009356925362034849,0.02724609375
tonic,grad_vanrossum,0.05,14,1.0,9,9,1.4126206636428833,1.4126206636428833,init,25,0,2.309272050857544,0.033523438704817526,0.0004894776022481562,0.02819250758458054,0.013532576745812435,0.00885786546400716,0.017875390099655015
tonic,nm_guarino,0.05,14,1.0,9,9,0.13246344029903412,0.10410302132368088,training,50,0,0.6970181465148926,0.0592243765450976,0.014556629476884186,0.04482792524516823,0.02475957212062383,0.004920743601259048,0.025946204445859117
tonic,grad_mse,0.05,15,-0.10526315789473688,10,9,55.3141975402832,55.3141975402832,init,25,0,0.9390199184417725,0.006680180566421195,0.02410098077383993,0.0012630216780902654,0.006146263867364894,0.01614388644481918,0.039680235136767855
tonic,grad_guarino,0.05,15,0.18571428571428572,11,9,1.0342864990234375,1.034286379814148,training,25,0,1.2002251148223877,0.017391171662703805,0.0288848876953125,0.007081773546006944,0.03180557250976562,0.016897163893047133,0.027758353097098214
tonic,grad_vanrossum,0.05,15,0.08333333333333325,7,9,3.356661796569824,3.335005760192871,training,25,0,0.9913389682769775,0.03753337030825408,0.006329059600830078,0.02565578884548611,0.1108197021484375,0.012643186669600638,0.09411969866071429
tonic,nm_guarino,0.05,15,1.0,9,9,0.9341914057731628,0.045838844031095505,training,50,0,0.5476639270782471,0.011104437500440751,0.017284798954916747,0.035073850567602,0.00302799028992041,0.017021159859011654,0.0018665473161125386
tonic,grad_mse,0.05,16,-1.0,120,9,63.7189826965332,63.718772888183594,training,25,0,0.7989010810852051,0.6314625781515371,0.24355602264404297,0.10762905544704861,0.3993841552734375,0.04509184235020688,0.08798664637974331
tonic,grad_guarino,0.05,16,-0.1522491349480969,8,9,1.5495615005493164,0.6829324960708618,training,25,0,1.3435640335083008,0.022955653978430707,0.014594316482543945,0.015085517035590277,0.021109161376953126,0.03251304124530993,0.005734034946986607
tonic,grad_vanrossum,0.05,16,-0.24175824175824182,12,9,3.2181127071380615,2.0533015727996826,training,25,0,1.4444501399993896,0.013823136039402174,0.009358644485473633,0.015003458658854166,0.13817245483398438,0.018228079143323396,0.01725398472377232
tonic,nm_guarino,0.05,16,1.0,9,9,1.1496115922927856,0.06748216599225998,training,50,0,0.52736496925354,0.030247463092632026,0.038640583573423815,0.04444578042589013,0.05625396483602088,0.03543116578545057,0.028862332761505627
tonic,grad_mse,0.05,17,-1.0,180,9,35.44468688964844,35.444679260253906,training,1,0,0.7577171325683594,0.8260869067648183,0.4959144592285156,0.1111111111111111,0.4,0.05223230939162405,0.6285714285714286
tonic,grad_guarino,0.05,17,1.0,9,9,0.1715763807296753,0.14379002153873444,training,25,0,1.4449827671051025,0.01580863620923913,0.007439136505126953,0.01717681884765625,0.02021209716796875,0.014210751182154605,0.018972233363560267
tonic,grad_vanrossum,0.05,17,0.020761245674740504,8,9,1.156816840171814,1.1568166017532349,training,25,0,0.9102940559387207,0.012758802331012228,0.02295243740081787,0.04271358913845486,0.08238906860351562,0.012417316436767578,0.0730224609375
tonic,nm_guarino,0.05,17,1.0,9,9,0.17145666480064392,0.08077036589384079,training,50,0,0.5135769844055176,0.010951383507328733,0.01798608354960729,0.00710653015789799,0.03292497655944885,0.01019327850068649,0.02138036740381547
tonic,grad_mse,0.05,18,0.8858131487889275,8,9,43.651939392089844,43.651939392089844,init,25,0,0.7835848331451416,0.0018708256583554726,0.0434275821336112,0.013681749835058099,0.008234657993832571,0.002536968217093155,0.018684459928653245
tonic,grad_guarino,0.05,18,0.7128027681660901,8,9,0.5821605324745178,0.5785505771636963,training,25,0,1.135500192642212,0.002239326808763587,0.04316973686218262,0.013949924045138888,0.0064715576171875,0.0024432822277671413,0.019905526297433036
tonic,grad_vanrossum,0.05,18,0.14736842105263157,6,9,1.8965870141983032,1.693833351135254,training,25,0,0.9652578830718994,0.04233152970023777,0.019664764404296875,0.05165218777126736,0.12584213256835938,0.004946068713539525,0.02415618896484375
tonic,nm_guarino,0.05,18,1.0,9,9,0.48222264647483826,0.07965970784425735,training,50,0,0.8743071556091309,0.0007033160709292598,0.04156836887571291,0.002798921801941232,0.017902462226120974,0.0021567376372919143,0.03121971549008476
tonic,grad_mse,0.05,19,-1.0,180,9,61.04154586791992,61.04146957397461,training,25,0,0.8753538131713867,0.8260482953942341,0.48617446422576904,0.11111077202690972,0.4,0.052368615802965666,0.6285679408482143
tonic,grad_guarino,0.05,19,-0.04166666666666662,9,9,0.6274329423904419,0.455020546913147,training,25,0,1.2733218669891357,0.017539248259171195,0.012176752090454102,0.0060702853732638885,0.02568572998046875,0.01199684645000257,0.007150050571986607
tonic,grad_vanrossum,0.05,19,0.007142857142857149,11,9,3.3015034198760986,3.097104549407959,training,25,0,1.1737468242645264,0.013975126846976903,0.0048940181732177734,0.026085747612847224,0.108572998046875,0.015135313335217927,0.08890838623046875
tonic,nm_guarino,0.05,19,0.6527777777777778,9,9,0.527484118938446,0.15856629610061646,training,50,0,0.7626259326934814,0.040617052215650123,0.043063952234333014,0.07561782586824362,0.008976384171654672,0.008597295635454433,0.05410653410583239
tonic,grad_mse,0.05,20,-1.0,31,9,57.04133224487305,57.04103088378906,training,25,0,1.3336329460144043,0.3651197682256284,0.15947651863098145,0.09398634168836806,0.3872479248046875,0.037515841032329356,0.22064143589564733
tonic,grad_guarino,0.05,20,0.1319444444444445,9,9,0.5872222185134888,0.17725718021392822,training,25,0,1.2202661037445068,0.009866133980129076,0.008856892585754395,0.007487826877170139,0.01169921875,0.023960157444602566,0.031099373953683035
tonic,grad_vanrossum,0.05,20,-0.1522491349480969,8,9,3.271456480026245,3.115875244140625,training,25,0,0.9720578193664551,0.026631363578464674,0.011494159698486328,0.0012217203776041666,0.039660491943359376,0.02288062948929636,0.0177520751953125
tonic,nm_guarino,0.05,20,1.0,9,9,0.48727837204933167,0.12643179297447205,training,50,0,0.5602309703826904,0.030624274981477254,0.03576756841651174,0.03155614744944728,0.0073696103224304465,0.02186751482682614,0.04763596779243378
tonic,grad_mse,0.05,21,-1.0,29,9,61.344886779785156,61.3448600769043,training,25,0,0.9473471641540527,0.33706296837848165,0.14679265022277832,0.07653859456380209,0.3454627990722656,0.025845929196006374,0.16274228777204242
tonic,grad_guarino,0.05,21,0.020761245674740504,8,9,0.6032021045684814,0.6032021045684814,init,25,0,1.1479120254516602,0.015139984000287985,0.034951582031615525,0.01602414425607511,0.015795655959893226,0.0019773409075881944,0.02321598532370826
tonic,grad_vanrossum,0.05,21,0.19377162629757788,8,9,3.4457943439483643,2.5185086727142334,training,25,0,0.9356389045715332,0.04714561130689538,0.0430455207824707,0.0025792439778645833,0.0107574462890625,0.0031260001031975996,0.16026807512555805
tonic,nm_guarino,0.05,21,0.1319444444444445,9,9,0.5032578706741333,0.27618882060050964,training,50,0,0.539398193359375,0.02681817812310486,0.008592517553087653,0.011338063671877308,0.012569091276348558,0.00027158970792157415,0.023386335162214777
tonic,grad_mse,0.05,22,0.0,0,9,59.66588592529297,59.665863037109375,training,25,0,1.0468940734863281,0.17389181385869565,0.4209113121032715,0.8790476481119792,0.6,0.9432381077816612,0.032946995326450894
tonic,grad_guarino,0.05,22,0.19377162629757788,8,9,0.5997611880302429,0.5997611880302429,init,25,0,1.1821413040161133,0.022129389285622688,0.010737730483814323,0.025473739485203675,0.006295004668451156,0.03458851335152651,0.003176087356758168
tonic,grad_vanrossum,0.05,22,0.19377162629757788,8,9,2.9419503211975098,2.9419503211975098,init,16,0,0.9035768508911133,0.022129389285622688,0.010737730483814323,0.025473739485203675,0.006295004668451156,0.03458851335152651,0.003176087356758168
tonic,nm_guarino,0.05,22,1.0,9,9,0.4998198449611664,0.13102439045906067,training,50,0,0.5285711288452148,0.03720847735732763,0.017539331707046024,0.06188996101195509,0.046509638366474634,0.03784815947115495,0.0276813764877137
tonic,grad_mse,0.05,23,0.0,0,9,60.56877136230469,52.88134765625,training,25,0,0.7843658924102783,0.1339523978855299,0.31686699390411377,0.2996515909830729,0.5666011047363281,0.08936418985065661,0.08790566580636161
tonic,grad_guarino,0.05,23,0.1319444444444445,9,9,0.32513827085494995,0.32513827085494995,init,25,0,1.3990180492401123,0.02571818368457803,0.017046863498340503,0.013884876505148707,0.035768973871489605,0.003913313046237748,0.007775356355489903
tonic,grad_vanrossum,0.05,23,0.19377162629757788,8,9,3.046557903289795,2.970097064971924,training,25,0,0.9519548416137695,0.02959044083305027,0.020656943321228027,0.011958143446180555,0.0021221923828125,0.006379240437557823,0.052209908621651785
tonic,nm_guarino,0.05,23,1.0,9,9,0.3250592350959778,0.05820601060986519,training,50,0,0.553941011428833,0.07048235373837217,0.017046863498340503,0.013884876505148707,0.035768973871489605,0.003913313046237748,0.007775356355489903
tonic,grad_mse,0.05,24,0.25694444444444436,7,9,36.26016616821289,36.2601318359375,training,25,0,0.9340579509735107,0.022591366975203805,0.03167009353637695,0.012885538736979167,0.06421783447265625,0.005343851290251079,0.006530543736049107
tonic,grad_guarino,0.05,24,1.0,9,9,0.6542172431945801,0.049494072794914246,training,25,0,1.2198469638824463,0.012412361476732336,0.03794503211975098,0.017701890733506944,0.016198883056640623,0.0023703575134277344,0.011770847865513393
tonic,grad_vanrossum,0.05,24,1.0,9,9,1.0942606925964355,1.0934396982192993,training,25,0,1.1496610641479492,0.00609130859375,0.04021143913269043,0.020899793836805555,0.006011505126953125,0.0018446319981625205,0.019485691615513393
tonic,nm_guarino,0.05,24,0.1319444444444445,9,9,0.5543242692947388,0.29799994826316833,training,50,0,0.7538118362426758,0.010894617268286805,0.03357027002183033,0.0228652148902493,0.033248501699741556,0.0024179468368989987,0.035520560242233046
tonic,grad_mse,0.05,25,0.6000000000000001,21,9,57.67094039916992,57.6708869934082,training,25,0,0.954575777053833,0.2585075046705163,0.07980012893676758,0.06627994113498265,0.29214141845703123,0.023342320793553403,0.16876940046037947
tonic,grad_guarino,0.05,25,0.1319444444444445,9,9,1.1211920976638794,0.38308578729629517,training,25,0,1.2760729789733887,0.004288316809612772,4.1484832763671875e-05,0.003744167751736111,0.027651519775390626,0.008527209884242007,0.049154445103236605
tonic,grad_vanrossum,0.05,25,-0.2637362637362637,4,9,3.506603717803955,3.3834288120269775,training,12,0,1.0844299793243408,0.08386416227921195,0.04853415489196777,0.08403896755642361,0.28892425537109373,0.003679840188277395,0.17048012869698662
tonic,nm_guarino,0.05,25,1.0,9,9,1.0210975408554077,0.052442166954278946,training,50,0,0.8139548301696777,0.007025898907150092,0.005135023104112513,0.019729176581551478,0.00020938448589333803,0.009085677196245628,0.005393351723597967
tonic,grad_mse,0.05,26,-1.0,1007,9,67.4790267944336,67.47899627685547,training,4,0,0.9191160202026367,0.11206578793733016,0.24949383735656738,0.3805918375651042,0.4,0.05240708275845176,0.37142857142857144
tonic,grad_guarino,0.05,26,-0.21527777777777773,9,9,0.4728826880455017,0.4728826880455017,init,25,0,1.3412439823150635,0.005850955595290756,0.001369330933129076,0.00897831784882107,0.04198994855852021,0.0030969737761895773,0.024708986897593783
tonic,grad_vanrossum,0.05,26,-0.21527777777777773,9,9,3.7410614490509033,3.7410614490509033,init,25,0,1.0020086765289307,0.005850955595290756,0.001369330933129076,0.00897831784882107,0.04198994855852021,0.0030969737761895773,0.024708986897593783
tonic,nm_guarino,0.05,26,1.0,9,9,0.4728023409843445,0.0886794924736023,training,50,0,0.524259090423584,0.037334757494509964,0.001369330933129076,0.00897831784882107,0.04198994855852021,0.0030969737761895773,0.024708986897593783
tonic,grad_mse,0.05,27,0.0,0,9,57.227867126464844,57.22772979736328,training,25,0,0.8040039539337158,0.17391304347826086,0.5,0.8888888888888888,0.6,0.9473684210526315,0.34820665631975445
tonic,grad_guarino,0.05,27,0.07017543859649122,10,9,0.9752177000045776,0.9752177000045776,init,25,0,1.2043781280517578,0.04296876603920228,0.011752027313615798,0.007846316675748867,0.014395469926948862,0.006192043409301404,0.014437429054780994
tonic,grad_vanrossum,0.05,27,0.07017543859649122,10,9,3.331890344619751,3.331890344619751,init,25,0,0.9347119331359863,0.04296876603920228,0.011752027313615798,0.007846316675748867,0.014395469926948862,0.006192043409301404,0.014437429054780994
tonic,nm_guarino,0.05,27,1.0,9,9,0.8751248121261597,0.09941544383764267,training,50,0,0.6529889106750488,0.030880035539245624,0.011167933993891044,0.030790659485233126,0.01026888715421876,0.006569140775475896,0.024289494368710914
tonic,grad_mse,0.05,28,-1.0,180,9,60.4227180480957,60.42264938354492,training,25,0,0.9070250988006592,0.8260869565217391,0.5,0.1111111111111111,0.4,0.05263157894736842,0.6285714285714286
tonic,grad_guarino,0.05,28,-1.0,124,9,0.6929250359535217,0.6929243206977844,training,25,0,1.4683401584625244,0.7448022510694421,0.27815449237823486,0.10549791124131945,0.3993507385253906,0.04465414348401522,0.2404852730887277
tonic,grad_vanrossum,0.05,28,-1.0,180,9,3.590606689453125,3.590606451034546,training,13,0,1.237462043762207,0.8260869565217391,0.49999988079071045,0.1111111111111111,0.4,0.05263126523871171,0.6285681588309152
tonic,nm_guarino,0.05,28,1.0,9,9,0.6928420066833496,0.03963777422904968,training,50,0,0.6068191528320312,0.024297786293571794,0.02637806096882911,0.0005483128440080994,0.04647041673651927,0.03488253655474109,0.01621537271729291
tonic,grad_mse,0.05,29,-0.02807017543859652,6,9,66.59691619873047,66.5968017578125,training,25,0,0.8092660903930664,0.07165162459663722,0.006789565086364746,0.051544867621527775,0.0095208740234375,0.007132404728939659,0.5316356113978795
tonic,grad_guarino,0.05,29,-0.32525951557093424,8,9,0.6983646154403687,0.6983646154403687,init,25,0,1.3170769214630127,0.02624084229160172,0.026728725272956222,0.011709024590150661,0.017936390073560345,0.005747771319718896,0.02459961829465373
tonic,grad_vanrossum,0.05,29,0.46886446886446886,4,9,3.8438663482666016,3.671715021133423,training,25,0,0.9477341175079346,0.061674035113790764,0.05898737907409668,0.05557488335503472,0.210888671875,0.01897356384678891,0.002528599330357143
tonic,nm_guarino,0.05,29,1.0,9,9,0.5984213948249817,0.025841565802693367,training,50,0,0.5365772247314453,0.03723695528937002,0.022358304379582083,0.038792260997724134,0.016188760340788803,0.007698413814845227,0.012682974187009068
tonic,grad_mse,0.1,0,-1.0,122,9,83.50543212890625,83.50538635253906,training,1,0,0.7652747631072998,0.4921711797299592,0.15726208686828613,0.08780331081814235,0.3849430847167969,0.027584678248355265,0.016721343994140624
tonic,grad_guarino,0.1,0,-0.1522491349480969,8,9,0.6893149614334106,0.6893149614334106,init,25,0,1.2602770328521729,0.008932451789753462,0.0488278817464467,0.00763954569509369,0.005537714575881409,0.07985139600105487,0.03272269678235773
tonic,grad_vanrossum,0.1,0,0.05333333333333338,16,9,3.7724545001983643,3.00276780128479,training,25,0,1.1509191989898682,0.12048890487007473,0.07422876358032227,0.03869679768880208,0.19370330810546876,0.03618646922864412,0.0010479518345424107
tonic,nm_guarino,0.1,0,1.0,9,9,0.5893702507019043,0.06745675206184387,training,50,0,0.5401401519775391,0.017036148852189178,0.039651267586472194,0.06583862009946573,0.026850532371290682,0.0860124270309182,0.012900140532418293
tonic,grad_mse,0.1,1,-1.0,53,9,60.94939041137695,55.832759857177734,training,25,0,1.0808441638946533,0.09858106530230978,0.07858777046203613,0.08321024576822916,0.3011643981933594,0.013985282496402138,0.12802559988839285
tonic,grad_guarino,0.1,1,-0.05860805860805866,12,9,1.851620078086853,1.547263741493225,training,25,0,1.2072420120239258,0.0025779392408288044,0.03110480308532715,0.07826300726996528,0.0459051513671875,0.012570682324861226,0.03310176304408482
tonic,grad_vanrossum,0.1,1,0.020761245674740504,8,9,3.8844802379608154,3.34277081489563,training,25,0,0.9467117786407471,0.039483310865319296,0.015395522117614746,0.07499542236328124,0.11657196044921875,0.028604683123136822,0.06129150390625
tonic,nm_guarino,0.1,1,1.0,9,9,1.45151686668396,0.2298472374677658,training,50,0,0.6092438697814941,0.021243682314848873,0.0027726703677468656,0.04514232226428305,0.0003685385540731545,0.0162968247298489,0.00484473213192546
tonic,grad_mse,0.1,2,0.0,0,9,82.62589263916016,82.05587005615234,training,25,0,0.7986922264099121,0.1739129107931386,0.3505425453186035,0.8888346354166666,0.6,0.9472705439517373,0.3622779846191406
tonic,grad_guarino,0.1,2,0.08333333333333325,7,9,1.5954397916793823,1.5954397916793823,init,25,0,1.2271568775177002,0.0054973302352607336,0.028367313270974526,0.00012719664398161968,0.0394605516157057,0.08708080262827232,0.004985719495192597
tonic,grad_vanrossum,0.1,2,0.08333333333333325,7,9,3.6292221546173096,3.6292221546173096,init,25,0,1.065918207168579,0.0054973302352607336,0.028367313270974526,0.00012719664398161968,0.0394605516157057,0.08708080262827232,0.004985719495192597
tonic,nm_guarino,0.1,2,0.47916666666666674,9,9,1.1954761743545532,0.1768643707036972,training,50,0,0.7849390506744385,0.00044289159589279436,0.03921476236864141,0.10050198513538994,0.05944880439786601,0.08599343834008673,0.03749391858353976
tonic,grad_mse,0.1,3,0.0,0,9,62.75663757324219,56.62554168701172,training,25,0,0.9061610698699951,0.04272122590438179,0.29470133781433105,0.305743408203125,0.4104345703125,0.01698194052043714,0.0385329110281808
tonic,grad_guarino,0.1,3,0.08333333333333325,7,9,2.768784284591675,2.768784284591675,init,25,0,1.3648681640625,0.04368940677745802,0.043326386341238976,0.059836937317330946,0.05116419825279564,0.003113182472050537,0.00247665632853215
tonic,grad_vanrossum,0.1,3,-0.5625,9,9,3.5983681678771973,1.58230721950531,training,25,0,1.1629648208618164,0.01685319983440897,0.07852363586425781,0.006325276692708334,0.10901336669921875,0.006200087697882401,0.15417556762695311
tonic,nm_guarino,0.1,3,1.0,9,9,1.8688217401504517,0.07552136480808258,training,50,0,0.5203320980072021,0.013649803454872317,0.04351962597881398,0.06680676953077472,0.10544085927528385,0.004492033219005218,0.06792876142407149
tonic,grad_mse,0.1,4,-0.49826989619377166,8,9,55.799251556396484,55.79922866821289,training,25,0,0.7847959995269775,0.05117280379585598,0.018062353134155273,0.021205308702256946,0.18063079833984375,0.005003690719604492,0.19819096156529017
tonic,grad_guarino,0.1,4,0.18571428571428572,11,9,1.4956542253494263,1.490850567817688,training,25,0,1.3332552909851074,0.024493209175441576,0.04719138145446777,0.04319305419921875,0.013380126953125,0.011070891430503443,0.06916819981166294
tonic,grad_vanrossum,0.1,4,0.36678200692041524,8,9,3.494654417037964,2.586376905441284,training,25,0,1.0717802047729492,0.06946258544921875,0.05715012550354004,0.0529052734375,0.013597412109375,0.010176194341559159,0.15680127825055803
tonic,nm_guarino,0.1,4,1.0,9,9,1.095556378364563,0.15656326711177826,training,50,0,0.594947099685669,0.03403745532272304,0.02066458465031018,0.04417923199704792,0.07207843319962536,0.012203892890138119,0.003158817929912061
tonic,grad_mse,0.1,5,0.0,0,9,63.31415557861328,63.3140754699707,training,25,0,0.7990567684173584,0.1735526706861413,0.1737229824066162,0.8218670315212674,0.5909336853027344,0.029285914019534464,0.37142857142857144
tonic,grad_guarino,0.1,5,-0.10526315789473688,10,9,0.8549543619155884,0.8549543619155884,init,25,0,1.3197088241577148,0.006511292505117902,0.06532487027676304,0.018201588789683063,0.025401856573457452,0.03774995519967638,0.057346779541767645
tonic,grad_vanrossum,0.1,5,-0.10526315789473688,10,9,3.2716715335845947,3.2716715335845947,init,25,0,1.1574451923370361,0.006511292505117902,0.06532487027676304,0.018201588789683063,0.025401856573457452,0.03774995519967638,0.057346779541767645
tonic,nm_guarino,0.1,5,1.0,9,9,0.754868745803833,0.1289699673652649,training,50,0,0.5706648826599121,0.006511292505117902,0.06532487027676304,0.058666109548610734,0.025401856573457452,0.03774995519967638,0.057346779541767645
tonic,grad_mse,0.1,6,0.18571428571428572,11,9,53.315025329589844,53.315025329589844,init,25,0,0.9698209762573242,0.03417319399251799,0.06150445991850595,0.01671160017234917,0.03607042256384574,0.044072412584369836,0.039072544161097005
tonic,grad_guarino,0.1,6,0.18571428571428572,11,9,1.402974247932434,1.402974247932434,init,25,0,1.3332018852233887,0.03417319399251799,0.06150445991850595,0.01671160017234917,0.03607042256384574,0.044072412584369836,0.039072544161097005
tonic,grad_vanrossum,0.1,6,0.18571428571428572,11,9,3.3436686992645264,3.3436686992645264,init,25,0,1.0156819820404053,0.03417319399251799,0.06150445991850595,0.01671160017234917,0.03607042256384574,0.044072412584369836,0.039072544161097005
tonic,nm_guarino,0.1,6,1.0,9,9,1.0028841495513916,0.06511004269123077,training,50,0,0.5787210464477539,0.03808827087359754,0.07730129050427359,0.03072096138929857,0.039951923533738526,0.044558385689541014,0.010802051286412961
tonic,grad_mse,0.1,7,0.007142857142857149,11,9,49.15591812133789,48.824520111083984,training,25,1,0.8381979465484619,0.016328032120414403,0.05657052993774414,0.021846516927083334,0.08271163940429688,0.05253161254682039,0.10013929094587054
tonic,grad_guarino,0.1,7,1.0,9,9,0.13326714932918549,0.11910846829414368,training,25,1,1.308730125427246,0.01838995892068614,0.034677863121032715,0.00025770399305555556,0.0318084716796875,0.05253158117595472,0.05016697474888393
tonic,grad_vanrossum,0.1,7,0.0,0,9,1.2501462697982788,1.0322034358978271,training,25,1,0.9349708557128906,0.17140370244565217,0.2871363162994385,0.7992607964409723,0.5994415283203125,0.05253104787123831,0.36953517368861605
tonic,nm_guarino,0.1,7,1.0,9,9,0.133376806974411,0.133376806974411,init,50,1,0.517848014831543,0.016611989164323156,0.035621906272063075,0.0011094471170218236,0.026879911771218304,0.05263157894736842,0.057024939623755495
tonic,grad_mse,0.1,8,0.06060606060606066,13,9,58.54844665527344,58.54844665527344,init,25,1,0.785714864730835,0.0333475903372111,0.022398278544340844,0.07184019444100487,0.005237147312043931,0.05263157894736842,0.00493418022765886
tonic,grad_guarino,0.1,8,0.25000000000000006,13,9,3.6426920890808105,3.6283864974975586,training,25,1,1.2234482765197754,0.026164577318274457,0.02426624298095703,0.07126363118489583,0.00667877197265625,0.052531574901781584,0.026757267543247767
tonic,grad_vanrossum,0.1,8,0.25000000000000006,13,9,4.506941795349121,4.476715564727783,training,25,1,0.9649679660797119,0.02563874617866848,0.02440476417541504,0.07122056749131944,0.00757171630859375,0.052531574901781584,0.028341238839285715
tonic,nm_guarino,0.1,8,1.0,9,9,2.042574405670166,0.2501501441001892,training,50,1,0.550159215927124,0.019410629886309164,0.043604916520079584,0.04711160508909542,0.09502471005355886,0.05175438596491228,0.022602631054260972
tonic,grad_mse,0.1,9,0.5416666666666667,15,9,52.917579650878906,52.917579650878906,init,25,0,0.890416145324707,0.03145616053046739,0.0037450875042512877,0.041121883229908146,0.06871152716008737,0.036412258997905234,0.035473207268173976
tonic,grad_guarino,0.1,9,0.5416666666666667,15,9,6.3576741218566895,6.3576741218566895,init,25,0,1.5163688659667969,0.03145616053046739,0.0037450875042512877,0.041121883229908146,0.06871152716008737,0.036412258997905234,0.035473207268173976
tonic,grad_vanrossum,0.1,9,0.5416666666666667,15,9,5.941995143890381,5.941995143890381,init,25,0,1.0383408069610596,0.03145616053046739,0.0037450875042512877,0.041121883229908146,0.06871152716008737,0.036412258997905234,0.035473207268173976
tonic,nm_guarino,0.1,9,1.0,9,9,2.757540225982666,0.10191730409860611,training,50,0,0.5638482570648193,0.015159595535950974,0.028123464205722648,0.011674561823576192,0.06920257465058569,0.03507349151935576,0.003940741853944831
tonic,grad_mse,0.1,10,0.24561403508771928,10,9,64.00292205810547,64.00292205810547,init,25,0,0.8227760791778564,0.005645902840160241,0.054961125532636546,0.05477665468622301,0.025525611231610696,0.03908334516495261,0.04204583052647897
tonic,grad_guarino,0.1,10,0.47916666666666674,9,9,0.7768713235855103,0.2785494029521942,training,25,0,1.1530389785766602,0.0039246268894361416,0.05155491828918457,0.05474514431423611,0.005587615966796875,0.043897578590794614,0.02565155029296875
tonic,grad_vanrossum,0.1,10,0.24561403508771928,10,9,3.286339521408081,3.286339521408081,init,25,0,0.9496293067932129,0.005645902840160241,0.054961125532636546,0.05477665468622301,0.025525611231610696,0.03908334516495261,0.04204583052647897
tonic,nm_guarino,0.1,10,1.0,9,9,0.676785945892334,0.059594739228487015,training,50,0,0.5448389053344727,0.005645902840160241,0.054961125532636546,0.020262290357243588,0.025525611231610696,0.03908334516495261,0.04204583052647897
tonic,grad_mse,0.1,11,0.18571428571428572,11,9,48.29350280761719,48.29350280761719,init,25,0,0.818943977355957,0.04259687081739672,0.005617717969345293,1.7098132024292074e-05,0.018604730982588365,0.02833896830819491,0.0836941718958341
tonic,grad_guarino,0.1,11,0.18571428571428572,11,9,1.1611889600753784,1.1611889600753784,init,25,0,1.4505369663238525,0.04259687081739672,0.005617717969345293,1.7098132024292074e-05,0.018604730982588365,0.02833896830819491,0.0836941718958341
tonic,grad_vanrossum,0.1,11,0.18571428571428572,11,9,3.211423397064209,3.211423397064209,init,25,0,1.0433809757232666,0.04259687081739672,0.005617717969345293,1.7098132024292074e-05,0.018604730982588365,0.02833896830819491,0.0836941718958341
tonic,nm_guarino,0.1,11,1.0,9,9,1.0610555410385132,0.07058696448802948,training,50,0,0.6385159492492676,0.04259687081739672,0.005617717969345293,1.7098132024292074e-05,0.018604730982588365,0.02833896830819491,0.005021737633482815
tonic,grad_mse,0.1,12,0.36678200692041524,8,9,52.50603103637695,52.50603103637695,init,25,0,1.0008251667022705,0.03480830903822768,0.03702750175054037,0.017210145334182254,0.04011560250195487,0.03971127079147285,0.06272886131296157
tonic,grad_guarino,0.1,12,0.36678200692041524,8,9,0.5604825019836426,0.5604825019836426,init,25,0,1.5470688343048096,0.03480830903822768,0.03702750175054037,0.017210145334182254,0.04011560250195487,0.03971127079147285,0.06272886131296157
tonic,grad_vanrossum,0.1,12,0.36678200692041524,8,9,2.6835291385650635,2.6835291385650635,init,25,0,1.1966021060943604,0.03480830903822768,0.03702750175054037,0.017210145334182254,0.04011560250195487,0.03971127079147285,0.06272886131296157
tonic,nm_guarino,0.1,12,-0.5625,9,9,0.46058595180511475,0.22502529621124268,training,50,0,0.7640440464019775,0.03906343491115909,0.011822451408435741,0.01840193657779739,0.0012796904995940395,0.03707130441210458,0.10041373824134488
tonic,grad_mse,0.1,13,0.3076923076923076,12,9,58.07887268066406,58.07887268066406,init,25,0,0.8842971324920654,0.06431596804492944,0.037212477809686284,0.020967485402568146,0.04810987285799001,0.03442153566967623,0.023230374971781487
tonic,grad_guarino,0.1,13,0.3076923076923076,12,9,2.5994999408721924,2.5994999408721924,init,25,0,1.2967150211334229,0.06431596804492944,0.037212477809686284,0.020967485402568146,0.04810987285799001,0.03442153566967623,0.023230374971781487
tonic,grad_vanrossum,0.1,13,0.3076923076923076,12,9,4.073815822601318,4.073815822601318,init,25,0,1.2030298709869385,0.06431596804492944,0.037212477809686284,0.020967485402568146,0.04810987285799001,0.03442153566967623,0.023230374971781487
tonic,nm_guarino,0.1,13,1.0,9,9,1.6993908882141113,0.20963023602962494,training,50,0,0.7633309364318848,0.040456731027258844,0.0012780327077512865,0.02450179075011268,0.002596320127811964,0.037045299455789577,0.07301921147888188
tonic,grad_mse,0.1,14,-1.0,3791,9,66.49048614501953,59.93840789794922,training,25,0,0.841627836227417,0.8260869565217391,0.48132288455963135,0.1111111111111111,0.4,0.05263157894736842,0.37142857142857144
tonic,grad_guarino,0.1,14,0.8263888888888888,9,9,0.28132691979408264,0.2812466621398926,training,25,0,1.2667319774627686,0.06720249341881794,0.0009455680847167969,0.056399366590711805,0.026783294677734375,0.017690984826338917,0.035831233433314735
tonic,grad_vanrossum,0.1,14,0.8263888888888888,9,9,2.9370274543762207,1.8109290599822998,training,25,0,1.0280556678771973,0.06740444017493206,0.0011074542999267578,0.05646701388888889,0.02883148193359375,0.017872709976999385,0.044169834681919644
tonic,nm_guarino,0.1,14,1.0,9,9,0.28143447637557983,0.2543182671070099,training,50,0,0.5345711708068848,0.06704687740963505,0.0333634798550444,0.0563850151691614,0.02706515349162487,0.017715730928014345,0.03575078019931023
tonic,grad_mse,0.1,15,0.4393939393939395,13,9,50.780147552490234,50.780147552490234,init,0,0,1.0605978965759277,0.01336036113284239,0.04820196154767986,0.0025260433561805308,0.012292527734729788,0.03228777288963835,0.07936047027353571
tonic,grad_guarino,0.1,15,0.4393939393939395,13,9,3.5136499404907227,3.5136499404907227,init,0,0,1.2033300399780273,0.01336036113284239,0.04820196154767986,0.0025260433561805308,0.012292527734729788,0.03228777288963835,0.07936047027353571
tonic,grad_vanrossum,0.1,15,0.4393939393939395,13,9,4.3650617599487305,4.3650617599487305,init,0,0,0.8051998615264893,0.01336036113284239,0.04820196154767986,0.0025260433561805308,0.012292527734729788,0.03228777288963835,0.07936047027353571
tonic,nm_guarino,0.1,15,1.0,9,9,1.9135245084762573,0.06831703335046768,training,50,0,0.5297558307647705,0.01855293227232501,0.05922204480870219,0.051666750245473105,0.017498599274946968,0.035728078554174786,0.005054575657779635
tonic,grad_mse,0.1,16,0.08333333333333325,7,9,70.5744857788086,70.5744857788086,init,3,0,0.7729389667510986,0.050527406571463325,0.032357941206144325,0.03495961451457706,0.024241437814596055,0.06718436710447231,0.008739776227484088
tonic,grad_guarino,0.1,16,-1.0,331,9,1.6578599214553833,0.42023393511772156,training,25,0,1.1611371040344238,0.48777120838994564,0.19393539428710938,0.1077392578125,0.39907638549804686,0.044979672682912725,0.055889674595424106
tonic,grad_vanrossum,0.1,16,1.0,9,9,3.6230432987213135,1.828001856803894,training,5,0,0.8208980560302734,0.047293422533118204,0.027469873428344727,0.02968224419487847,0.069298095703125,0.05845344694037186,0.050986807686941964
tonic,nm_guarino,0.1,16,0.47916666666666674,9,9,1.2578970193862915,0.19868403673171997,training,50,0,0.5210108757019043,0.01707131870522858,0.05547193352230195,0.05201183045669685,0.12966881543038455,0.05998171200879926,0.09400233283956964
tonic,grad_mse,0.1,17,0.8263888888888888,9,9,42.61659622192383,42.61659622192383,init,25,0,0.8045868873596191,0.024506424952325103,0.019516299351943323,0.04164494290799641,0.05285681849486224,0.028162971749568413,0.060805030110060033
tonic,grad_guarino,0.1,17,0.8263888888888888,9,9,0.34314602613449097,0.34314602613449097,init,25,0,1.1638352870941162,0.024506424952325103,0.019516299351943323,0.04164494290799641,0.05285681849486224,0.028162971749568413,0.060805030110060033
tonic,grad_vanrossum,0.1,17,0.8263888888888888,9,9,2.0096161365509033,2.0096161365509033,init,25,0,0.9728569984436035,0.024506424952325103,0.019516299351943323,0.04164494290799641,0.05285681849486224,0.028162971749568413,0.060805030110060033
tonic,nm_guarino,0.1,17,1.0,9,9,0.343025267124176,0.25105583667755127,training,50,0,0.5191948413848877,0.024506424952325103,0.08299211431954046,0.04164494290799641,0.05285681849486224,0.028162971749568413,0.060805030110060033
tonic,grad_mse,0.1,18,0.36678200692041524,8,9,53.830020904541016,53.830020904541016,init,25,0,1.029021978378296,0.0037416513167110687,0.0868551642672224,0.027363499670116198,0.016469315987665423,0.00507393643418631,0.03736891985730628
tonic,grad_guarino,0.1,18,0.36678200692041524,8,9,0.5773472785949707,0.5773472785949707,init,25,0,1.1694457530975342,0.0037416513167110687,0.0868551642672224,0.027363499670116198,0.016469315987665423,0.00507393643418631,0.03736891985730628
tonic,grad_vanrossum,0.1,18,0.08333333333333325,7,9,2.854651927947998,1.7649556398391724,training,25,0,0.9463119506835938,0.021129574983016305,0.07843554019927979,0.04341074625651042,0.03134552001953125,0.002642110774391576,0.012295750209263392
tonic,nm_guarino,0.1,18,1.0,9,9,0.477408230304718,0.042109422385692596,training,50,0,0.5228250026702881,0.003625822137813805,0.07184990604056174,0.010727572825479747,0.02464285559827374,0.0037714148437436182,0.0344781899362902
tonic,grad_mse,0.1,19,0.0,0,9,64.4239501953125,52.2451057434082,training,25,0,0.7896201610565186,0.07525641399881114,0.34049761295318604,0.28915879991319443,0.47979843139648437,0.011100894526431435,0.028329903738839285
tonic,grad_guarino,0.1,19,1.0,9,9,1.4988865852355957,0.1810234785079956,training,25,0,1.1719310283660889,0.03737779700237772,0.023018360137939453,0.015611097547743055,0.04210494995117187,0.022214287205746298,0.08333195277622768
tonic,grad_vanrossum,0.1,19,0.0,0,9,3.653087615966797,3.3973581790924072,training,25,0,0.9374251365661621,0.17259700609290082,0.41308295726776123,0.8738204956054687,0.5999942016601563,0.16947846663625618,0.34497037615094867
tonic,nm_guarino,0.1,19,1.0,9,9,1.0989258289337158,0.09159953892230988,training,50,0,0.5207109451293945,0.051392062804842945,0.04373236505114653,0.00454726717796695,0.04968892468243553,0.02036396380400011,0.05210653079367457
tonic,grad_mse,0.1,20,0.19377162629757788,8,9,58.578338623046875,58.578338623046875,init,2,0,0.77211594581604,0.03999496155466948,0.03194935086576067,6.535564039703938e-05,0.055270503871703056,0.04637873256188044,0.0466242675637797
tonic,grad_guarino,0.1,20,0.19377162629757788,8,9,0.6376368403434753,0.6376368403434753,init,25,0,1.1923389434814453,0.03999496155466948,0.03194935086576067,6.535564039703938e-05,0.055270503871703056,0.04637873256188044,0.0466242675637797
tonic,grad_vanrossum,0.1,20,0.19377162629757788,8,9,3.076510429382324,3.076510429382324,init,25,0,0.9345998764038086,0.03999496155466948,0.03194935086576067,6.535564039703938e-05,0.055270503871703056,0.04637873256188044,0.0466242675637797
tonic,nm_guarino,0.1,20,0.30555555555555564,9,9,0.5376873016357422,0.20774398744106293,training,50,0,0.5176727771759033,0.05515429787043591,0.053315173380189984,0.0777156899194005,0.022858345602898282,0.0453973254729995,0.07502038630889071
tonic,grad_mse,0.1,21,0.19377162629757788,8,9,62.25759506225586,62.25759506225586,init,25,0,0.9076087474822998,0.03027996800057585,0.06990316406323105,0.03204828851215022,0.03159131191978645,0.003954681815176389,0.04643197064741673
tonic,grad_guarino,0.1,21,0.24561403508771928,10,9,1.4956989288330078,0.6374625563621521,training,25,0,1.4095311164855957,0.029128165867017664,0.07697844505310059,0.030775282118055556,0.013975372314453125,0.006373336440638492,0.04751347133091518
tonic,grad_vanrossum,0.1,21,1.0,9,9,3.176603078842163,1.3055261373519897,training,25,0,1.070242166519165,0.04983009670091712,0.07838845252990723,0.01921844482421875,0.00942596435546875,0.005909518191688939,0.0604048592703683
tonic,nm_guarino,0.1,21,1.0,9,9,1.0957475900650024,0.034710533916950226,training,50,0,0.5440611839294434,0.01788149680534705,0.04697598132090608,0.010154199487971343,0.022914141080742068,0.002032938262747308,0.028138467424398073
tonic,grad_mse,0.1,22,-1.0,3791,9,75.80118560791016,75.8011474609375,training,25,0,0.8131468296051025,0.8260869565217391,0.49976593255996704,0.1111111111111111,0.4,0.05263157894736842,0.37142857142857144
tonic,grad_guarino,0.1,22,-0.1522491349480969,8,9,0.6164122223854065,0.6164122223854065,init,22,0,1.180527925491333,0.044258778571245376,0.021475460967628646,0.05094747897040735,0.012590009336902313,0.06917702670305302,0.006352174713516336
tonic,grad_vanrossum,0.1,22,-0.1522491349480969,8,9,3.550291061401367,3.550291061401367,init,25,0,0.9458680152893066,0.044258778571245376,0.021475460967628646,0.05094747897040735,0.012590009336902313,0.06917702670305302,0.006352174713516336
tonic,nm_guarino,0.1,22,1.0,9,9,0.5164638757705688,0.2200901061296463,training,50,0,0.5250632762908936,0.003644378750687748,0.005825084344201592,0.0710020230173086,0.05731423176661167,0.07305347524967054,0.030332062673802188
tonic,grad_mse,0.1,23,-0.5625,9,9,65.65555572509766,65.65550994873047,training,4,0,0.775521993637085,0.03079429294752038,0.005266904830932617,0.0658354017469618,0.26209808349609376,0.008955917860332289,0.3816286359514509
tonic,grad_guarino,0.1,23,0.07017543859649122,10,9,0.6925740242004395,0.5413435101509094,training,25,0,1.350693941116333,0.11580080778702445,0.0014557838439941406,0.03321024576822917,0.11785552978515625,0.017731440694708573,0.023535919189453126
tonic,grad_vanrossum,0.1,23,-0.10526315789473688,10,9,3.7329230308532715,3.7329230308532715,init,25,0,1.0433599948883057,0.05143636736915606,0.03409372699668123,0.027769753010297098,0.07153794774297921,0.007826626092475471,0.015550712710979603
tonic,nm_guarino,0.1,23,1.0,9,9,0.6924891471862793,0.025059198960661888,training,50,0,0.5842020511627197,0.10207001382945874,0.03809040886721826,0.03370236424771002,0.04345968306393957,0.012402560707823739,0.001737762563940594
tonic,grad_mse,0.1,24,0.10256410256410257,4,9,48.4735221862793,48.47331237792969,training,25,0,0.9905250072479248,0.003647912066915761,0.06482553482055664,0.04653116861979167,0.20644775390625,0.020324117258975382,0.5260960170200892
tonic,grad_guarino,0.1,24,0.7128027681660901,8,9,0.672425389289856,0.18246743083000183,training,25,0,1.8258519172668457,0.016144793966542118,0.07907259464263916,0.04059617784288194,0.02124359130859375,0.004267692565917969,0.021899850027901787
tonic,grad_vanrossum,0.1,24,0.8263888888888888,9,9,2.0037808418273926,1.7114657163619995,training,25,0,0.9936769008636475,0.002280326511548913,0.08516240119934082,0.04568515353732639,0.023974609375,0.0013687234175832647,0.09022347586495535
tonic,nm_guarino,0.1,24,0.30555555555555564,9,9,0.5725319981575012,0.24026384949684143,training,50,0,0.5311329364776611,0.05074456767574825,0.05997212530222895,0.10713188783604342,0.002946144310517411,0.0029968887187543764,0.05247574610091306
tonic,grad_mse,0.1,25,0.25000000000000006,13,9,52.629249572753906,52.629249572753906,init,25,0,0.8048810958862305,0.03685905718787818,0.012691045448246285,0.007257942615843957,0.020870103265436625,0.020183440194623082,0.08709039596440289
tonic,grad_guarino,0.1,25,0.25000000000000006,13,9,3.6780595779418945,3.6780595779418945,init,25,0,1.1713390350341797,0.03685905718787818,0.012691045448246285,0.007257942615843957,0.020870103265436625,0.020183440194623082,0.08709039596440289
tonic,grad_vanrossum,0.1,25,0.25000000000000006,13,9,4.731203079223633,4.731203079223633,init,25,0,0.9135870933532715,0.03685905718787818,0.012691045448246285,0.007257942615843957,0.020870103265436625,0.020183440194623082,0.08709039596440289
tonic,nm_guarino,0.1,25,1.0,9,9,2.077932596206665,0.08127736300230026,training,50,0,0.5987539291381836,0.010845424717382705,0.023764866865159995,0.0410675601588123,0.02678845815511977,0.01919727524576881,0.024879422184040274
tonic,grad_mse,0.1,26,0.020761245674740504,8,9,63.50385284423828,63.50381851196289,training,25,0,0.9772579669952393,0.00020234481148097825,0.008002042770385742,0.013543192545572917,0.03558837890625,0.010166645050048828,0.09855095999581473
tonic,grad_guarino,0.1,26,-0.17142857142857143,11,9,0.7938659191131592,0.23936103284358978,training,25,0,1.3324248790740967,0.01067047119140625,0.005488038063049316,0.023648918999565973,0.1100714111328125,0.0048583181280838815,0.0551666259765625
tonic,grad_vanrossum,0.1,26,0.07017543859649122,10,9,3.328152656555176,3.3250274658203125,training,25,0,0.9162869453430176,0.01440887451171875,0.0018442869186401367,0.019044325086805557,0.090518798828125,0.005619864714773078,0.05049787248883929
tonic,nm_guarino,0.1,26,1.0,9,9,0.6937798261642456,0.09768315404653549,training,50,0,0.5339441299438477,0.011701911190581634,0.002738661866258152,0.05892331029525369,0.08397989711704071,0.006193947552379178,0.049417973795187566
tonic,grad_mse,0.1,27,0.46886446886446886,4,9,56.38943862915039,56.38925552368164,training,25,0,0.801138162612915,0.09797350012737771,0.03723788261413574,0.07817959255642361,0.3283143615722656,0.003748052998592979,0.20385328020368304
tonic,grad_guarino,0.1,27,0.07017543859649122,10,9,2.5916762351989746,0.5776467323303223,training,25,0,1.2342848777770996,0.037450309421705165,0.010468482971191406,0.0009989420572916667,0.046559600830078124,0.009483556998403449,0.06188626970563616
tonic,grad_vanrossum,0.1,27,0.0,0,9,4.037652969360352,3.8599648475646973,training,25,0,1.1255507469177246,0.17391304347826086,0.4988149404525757,0.8888888888888888,0.6,0.9444177527176706,0.37142857142857144
tonic,nm_guarino,0.1,27,1.0,9,9,1.6915644407272339,0.14834348857402802,training,50,0,0.5204188823699951,0.0627189339950593,0.06892983038177869,0.02993293471380759,0.01629330325396694,0.009632114342272905,0.01937011963957218
tonic,grad_mse,0.1,28,-1.0,180,9,59.26316833496094,57.30628967285156,training,25,1,0.7902190685272217,0.8260868238366168,0.4747447371482849,0.1111111111111111,0.3999827575683594,0.05253202664224725,0.6285714285714286
tonic,grad_guarino,0.1,28,0.07017543859649122,10,9,0.9096927642822266,0.9015079140663147,training,25,1,1.1382839679718018,0.032778598951256795,0.032691240310668945,0.019948662651909723,0.049879150390625,0.05253158117595472,0.003586251395089286
tonic,grad_vanrossum,0.1,28,-1.0,3753,9,3.267566442489624,3.211787700653076,training,25,1,0.9201879501342773,0.6392835534137228,0.2644534111022949,0.09618021647135416,0.39882827758789063,0.052532076835632324,0.3294465201241629
tonic,nm_guarino,0.1,28,1.0,9,9,0.809604287147522,0.07884497940540314,training,50,1,0.5212461948394775,0.032885393964156025,0.032615202259486775,0.05678876723819144,0.05058481787239742,0.05263157894736842,0.005552439705267684
tonic,grad_mse,0.1,29,0.08333333333333325,7,9,58.62147903442383,58.62147903442383,init,1,0,0.7618391513824463,0.05248168458320356,0.05345745054591222,0.023418049180301322,0.03587278014712069,0.011495542639437792,0.04919923658930766
tonic,grad_guarino,0.1,29,0.24561403508771928,10,9,1.6183905601501465,0.5404224991798401,training,17,0,1.1256098747253418,0.03855683699898098,0.037206172943115234,0.0018541124131944444,0.04193267822265625,0.006304113488448293,0.035140882219587055
tonic,grad_vanrossum,0.1,29,0.08333333333333325,7,9,3.3128678798675537,3.3128678798675537,init,25,0,0.9076170921325684,0.05248168458320356,0.05345745054591222,0.023418049180301322,0.03587278014712069,0.011495542639437792,0.04919923658930766
tonic,nm_guarino,0.1,29,1.0,9,9,1.2184406518936157,0.12547777593135834,training,50,0,0.5099802017211914,0.06528789155507149,0.0715610262479387,0.04237251768369232,0.007774491405165804,0.013117191257967975,0.026866686303841092
tonic,grad_mse,0.2,0,0.19377162629757788,8,9,107.93980407714844,107.93980407714844,init,25,0,0.777458906173706,0.017864903579506923,0.09765576349289318,0.01527909139018738,0.011075429151762534,0.15970279200210974,0.06544539356471567
tonic,grad_guarino,0.2,0,0.19377162629757788,8,9,1.7114007472991943,1.7114007472991943,init,25,0,1.1700918674468994,0.017864903579506923,0.09765576349289318,0.01527909139018738,0.011075429151762534,0.15970279200210974,0.06544539356471567
tonic,grad_vanrossum,0.2,0,0.19377162629757788,8,9,3.4791364669799805,3.4791364669799805,init,25,0,0.9093849658966064,0.017864903579506923,0.09765576349289318,0.01527909139018738,0.011075429151762534,0.15970279200210974,0.06544539356471567
tonic,nm_guarino,0.2,0,1.0,9,9,1.3114497661590576,0.13718321919441223,training,50,0,0.5871710777282715,0.021136180504984614,0.1219988378992165,0.08331325071271875,0.10762911916590752,0.16211983393189572,0.010973551874564131
tonic,grad_mse,0.2,1,0.5849802371541502,14,9,63.683570861816406,63.683570861816406,init,25,1,0.8175182342529297,0.003756542903342541,0.059772615936896756,0.1111111111111111,0.06854618010997968,0.027308432823846276,0.08152851317736999
tonic,grad_guarino,0.2,1,0.8263888888888888,9,9,4.90148401260376,0.3001713156700134,training,25,1,1.3770570755004883,0.01444496486497962,0.05842018127441406,0.1110110812717014,0.01451385498046875,0.04032677098324424,0.025382777622767857
tonic,grad_vanrossum,0.2,1,-1.0,3791,9,5.421737194061279,3.9073944091796875,training,25,1,0.925621747970581,0.8260869565217391,0.49748432636260986,0.11101464165581597,0.4,0.05263157894736842,0.37142857142857144
tonic,nm_guarino,0.2,1,1.0,9,9,2.4013619422912598,0.17662113904953003,training,50,1,0.5159978866577148,0.0439994223647858,0.060892126467011254,0.042036945148118815,0.005676318919023231,0.022380411373558208,0.01616313660800119
tonic,grad_mse,0.2,2,0.14736842105263157,6,9,113.32305908203125,113.32305908203125,init,25,0,0.8090472221374512,0.010994660470521467,0.05673462654194905,0.00025439328796292353,0.07892110323141167,0.17416160525654464,0.009971438990385195
tonic,grad_guarino,0.2,2,-0.1522491349480969,8,9,4.408339500427246,1.5194766521453857,training,25,0,1.1531660556793213,0.17391304347826086,0.4657772183418274,0.1106533474392361,0.3999955749511719,0.05173705126109876,0.6283351353236607
tonic,grad_vanrossum,0.2,2,0.14736842105263157,6,9,4.029919624328613,4.029919624328613,init,25,0,0.9250240325927734,0.010994660470521467,0.05673462654194905,0.00025439328796292353,0.07892110323141167,0.17416160525654464,0.009971438990385195
tonic,nm_guarino,0.2,2,0.30555555555555564,9,9,2.8083584308624268,0.17997899651527405,training,50,0,0.519597053527832,0.03959903486755252,0.04169916693777287,0.08434015261295574,0.10900125360265946,0.17164462549022833,0.011609220913896934
tonic,grad_mse,0.2,3,0.0,0,9,65.73733520507812,63.04836654663086,training,25,0,0.7891368865966797,0.05907101838485054,0.28663861751556396,0.30155520968967015,0.4005851745605469,0.013295801062332956,0.009968130929129465
tonic,grad_guarino,0.2,3,0.13333333333333336,1,9,4.506075859069824,4.455654144287109,training,25,0,1.1448650360107422,0.10568980341372283,0.013558506965637207,0.29449666341145836,0.32641845703125,0.02147328226189864,0.0027935573032924106
tonic,grad_vanrossum,0.2,3,0.035714285714285705,5,9,4.508602619171143,4.505979537963867,training,25,0,0.9350247383117676,0.08925230606742528,0.08195745944976807,0.1329254150390625,0.11082595825195313,0.006644073285554585,0.026177760532924105
tonic,nm_guarino,0.2,3,1.0,9,9,2.906087636947632,0.22213663160800934,training,50,0,0.5192701816558838,0.06381413147204829,0.06894647428426715,0.02007299389385556,0.036832603881762224,0.01031789627413364,0.003689997724653641
tonic,grad_mse,0.2,4,0.0,0,9,56.87844467163086,56.6028938293457,training,25,0,0.7701818943023682,0.17391304347826086,0.499698281288147,0.42919803195529516,0.6,0.9473403127569902,0.37142813546316966
tonic,grad_guarino,0.2,4,-0.02807017543859652,6,9,4.9461669921875,2.909074068069458,training,25,0,1.2361338138580322,0.06517154859459919,0.05522167682647705,0.07980295817057291,0.3409759521484375,0.012565662986353823,0.18431134905133928
tonic,grad_vanrossum,0.2,4,-1.0,28,9,5.431143760681152,5.431143283843994,training,1,0,1.031425952911377,0.132415307086447,0.11283349990844727,0.08630777994791666,0.12029296875,0.02531402362020392,0.11107689993722099
tonic,nm_guarino,0.2,4,1.0,9,9,2.4460346698760986,0.23656539618968964,training,50,0,0.5338990688323975,0.0008597410915265991,0.13323216558685402,0.03026458397564037,0.11021042605486031,0.0207984497276103,0.05750378960755833
tonic,grad_mse,0.2,5,0.0,0,9,76.34544372558594,68.9092788696289,training,25,1,0.787938117980957,0.17391304347826086,0.4628947377204895,0.8884114583333333,0.6,0.052528713878832366,0.371422358921596
tonic,grad_guarino,0.2,5,0.19377162629757788,8,9,1.34145188331604,0.6020230650901794,training,25,1,1.1580591201782227,0.02035051428753397,0.12235486507415771,0.02921108669704861,0.046683349609375,0.052531543530915915,0.134913090297154
tonic,grad_vanrossum,0.2,5,0.007142857142857149,11,9,3.9831759929656982,3.9831759929656982,init,25,1,0.934288740158081,0.01302258501023568,0.13064974055352607,0.036403177579366126,0.050803713146914904,0.05263157894736842,0.11469355908353508
tonic,nm_guarino,0.2,5,-0.5625,9,9,1.241360068321228,0.4468233585357666,training,50,1,0.5143842697143555,0.003693044014216347,0.1280388970733759,0.025037200775389894,0.03929595340648518,0.05256136773525586,0.18092742640321344
tonic,grad_mse,0.2,6,0.12454212454212447,12,9,51.687625885009766,51.687625885009766,init,3,1,0.7515830993652344,0.06834638798503585,0.12300891983701168,0.03342320034469834,0.0721408451276912,0.05263157894736842,0.07814508832219401
tonic,grad_guarino,0.2,6,-0.32525951557093424,8,9,2.3663439750671387,1.5857023000717163,training,25,1,1.1474852561950684,0.17391304347826086,0.499999463558197,0.10495537651909723,0.39952590942382815,0.05243857283341257,0.6285714285714286
tonic,grad_vanrossum,0.2,6,0.12454212454212447,12,9,3.7537970542907715,3.7537970542907715,init,25,1,0.9103679656982422,0.06834638798503585,0.12300891983701168,0.03342320034469834,0.0721408451276912,0.05263157894736842,0.07814508832219401
tonic,nm_guarino,0.2,6,1.0,9,9,1.466244101524353,0.03415601700544357,training,50,1,0.5180449485778809,0.05298825717252483,0.1439701484589917,0.012741526087056185,0.09537975828349034,0.052485527810016266,0.034688121952483386
tonic,grad_mse,0.2,7,0.14736842105263157,6,9,64.96221160888672,59.1901741027832,training,25,1,0.7818210124969482,0.04823243514351223,0.06972050666809082,0.002753363715277778,0.12398651123046875,0.05253156235343531,0.10364641462053571
tonic,grad_guarino,0.2,7,0.18571428571428572,11,9,1.350258708000183,0.7313276529312134,training,25,1,1.151944875717163,0.04574014414911685,0.10898029804229736,0.04166802300347222,0.18142364501953126,0.05253165646603233,0.2687833513532366
tonic,grad_vanrossum,0.2,7,-0.12698412698412684,18,9,3.167816638946533,3.070023775100708,training,25,1,0.8996610641479492,0.1338240913722826,0.15838634967803955,0.06678873697916667,0.3244873046875,0.05253175685280248,0.2406794956752232
tonic,nm_guarino,0.2,7,1.0,9,9,0.9503555297851562,0.07251661270856857,training,50,1,0.5110580921173096,0.008092735006129923,0.05160369843556101,0.0669439013514875,0.001709514386822093,0.05205886101729964,0.03251989200228707
tonic,grad_mse,0.2,8,0.25296442687747034,2,9,61.43202590942383,60.477962493896484,training,25,2,0.8418428897857666,0.17391304347826086,0.5,0.11100124782986111,0.6,0.0525114097093281,0.371356201171875
tonic,grad_guarino,0.2,8,0.4977777777777778,16,9,5.438776016235352,0.28832799196243286,training,25,2,1.4444890022277832,0.06931590204653533,0.02823638916015625,0.1110110812717014,0.0527215576171875,0.05253158745012785,0.00355987548828125
tonic,grad_vanrossum,0.2,8,0.1250000000000001,15,9,5.965411186218262,5.965411186218262,init,25,2,0.9087610244750977,0.0666951806744222,0.04479655708868191,0.1111111111111111,0.010474294624087862,0.05263157894736842,0.00986836045531772
tonic,nm_guarino,0.2,8,1.0,9,9,2.938641309738159,0.33186420798301697,training,50,2,0.5130281448364258,0.018955938913993504,0.06512639961381028,0.08447970507810997,0.14282748213191154,0.05145792348842224,0.010240304936599947
tonic,grad_mse,0.2,9,0.0,0,9,60.580421447753906,48.38813781738281,training,25,1,0.7782938480377197,0.17369902237601903,0.4080328941345215,0.25728573269314237,0.6,0.052529322473626384,0.6285694667271206
tonic,grad_guarino,0.2,9,0.05533596837944664,2,9,39.84270477294922,13.329602241516113,training,25,1,1.1586427688598633,0.16563873291015624,0.15030407905578613,0.05385165744357639,0.5997323608398437,0.052530489469829356,0.6263316563197545
tonic,grad_vanrossum,0.2,9,-0.14229249011857706,2,9,31.064077377319336,7.564659595489502,training,25,1,0.9179649353027344,0.15462155549422554,0.017575979232788086,0.0738861083984375,0.5978369140625,0.052530809452659206,0.6180086408342634
tonic,nm_guarino,0.2,9,1.0,9,9,7.442431926727295,0.2756100296974182,training,50,1,0.5216031074523926,0.028363461797857162,0.01481057412887865,0.006853185232452258,0.07976162833187829,0.05014563061364739,0.008802993812442952
tonic,grad_mse,0.2,10,-1.0,180,9,80.01056671142578,80.01054382324219,training,25,0,0.7846968173980713,0.8260869565217391,0.44841545820236206,0.11029866536458334,0.4,0.05263157894736842,0.6285712105887277
tonic,grad_guarino,0.2,10,0.020761245674740504,8,9,1.9569039344787598,0.8905715942382812,training,25,0,1.1337249279022217,0.04680414614470109,0.09992814064025879,0.10956047905815972,0.08692245483398438,0.08166939333865517,0.18718479701450894
tonic,grad_vanrossum,0.2,10,0.007142857142857149,11,9,4.2273149490356445,4.2273149490356445,init,25,0,0.9312918186187744,0.01129180568032036,0.10992225106527309,0.1095533093724457,0.05105122246322139,0.07816669032990523,0.08409166105295773
tonic,nm_guarino,0.2,10,1.0,9,9,1.5568002462387085,0.15928776562213898,training,50,0,0.5226120948791504,0.01095972721589004,0.14517949461140933,0.07206436224918143,0.011169670915325013,0.08292227898758109,0.043308852265441344
tonic,grad_mse,0.2,11,0.0,0,9,51.69206619262695,50.63357925415039,training,25,1,0.7778828144073486,0.17391304347826086,0.5,0.8888888888888888,0.6,0.052451340775740776,0.37142857142857144
tonic,grad_guarino,0.2,11,0.0,0,9,5.132565975189209,5.132500648498535,training,25,1,1.1375110149383545,0.16766894796620244,0.3521270751953125,0.8328679402669271,0.599344482421875,0.052531148258008455,0.3666088649204799
tonic,grad_vanrossum,0.2,11,0.0,0,9,6.049389362335205,6.048674583435059,training,25,1,0.9086768627166748,0.17231949515964673,0.43398547172546387,0.8838031344943577,0.5999851989746093,0.05253092866194876,0.3707632882254464
tonic,nm_guarino,0.2,11,0.6527777777777778,9,9,2.6323964595794678,0.3517431914806366,training,50,1,0.5768377780914307,0.13737548031823557,0.02742538309844278,0.026886655769327365,0.04451765396641804,0.05263157894736842,0.058818771242626765
tonic,grad_mse,0.2,12,0.0,25,9,66.78414154052734,51.27627944946289,training,25,1,0.8292617797851562,0.5869668380073879,0.20937871932983398,0.09291144476996528,0.23845489501953124,0.0525316690143786,0.5961783272879464
tonic,grad_guarino,0.2,12,0.8263888888888888,9,9,1.3519030809402466,0.3598397374153137,training,25,1,1.4022459983825684,0.10008511750594429,0.08518004417419434,0.019063822428385415,0.03012481689453125,0.05253159372430099,0.1459681919642857
tonic,grad_vanrossum,0.2,12,0.25694444444444436,7,9,3.2193400859832764,3.2191925048828125,training,25,1,0.916862964630127,0.06980597454568614,0.07395660877227783,0.03431362575954861,0.08079879760742187,0.05253158117595472,0.12775987897600447
tonic,nm_guarino,0.2,12,-0.5625,9,9,0.9519991278648376,0.24467729032039642,training,50,1,0.5153710842132568,0.05940475588797468,0.05275350474168916,0.016965521524120834,0.029296607327907224,0.05214646881633211,0.11879965827325176
tonic,grad_mse,0.2,13,0.27555555555555555,16,9,68.02059173583984,68.02059173583984,init,1,1,0.7712421417236328,0.12863193608985876,0.07442495561937257,0.04193497080513629,0.09621974571598002,0.05263157894736842,0.04646074994356297
tonic,grad_guarino,0.2,13,0.6000000000000001,21,9,8.211873054504395,8.207533836364746,training,25,1,1.1519749164581299,0.20907181449558424,0.08472633361816406,0.04950527615017361,0.17352462768554688,0.052531618820993525,0.06792013985770089
tonic,grad_vanrossum,0.2,13,0.6206896551724138,20,9,7.457254886627197,7.425609111785889,training,25,1,0.9199581146240234,0.19263624108355978,0.08271539211273193,0.0480865478515625,0.15955581665039062,0.05253161254682039,0.06366936819893973
tonic,nm_guarino,0.2,13,-0.5625,9,9,3.31172251701355,0.3977120816707611,training,50,1,0.5116009712219238,0.12438416628147754,0.025569159919401008,0.006077984171439413,0.045951789563350755,0.05089011822224358,0.12296523649162339
tonic,grad_mse,0.2,14,-0.5625,9,9,100.78154754638672,100.78154754638672,init,25,1,0.7791159152984619,0.1340937548192701,0.0019579104089921806,0.1111111111111111,0.05413030698324946,0.03543146185602869,0.07150156039862025
tonic,grad_guarino,0.2,14,-0.5625,9,9,0.6180832386016846,0.5512407422065735,training,25,1,1.1551129817962646,0.13136351212211278,0.0022635459899902344,0.1110110812717014,0.05797012329101563,0.03591690565410413,0.07137581961495536
tonic,grad_vanrossum,0.2,14,0.3076923076923076,12,9,5.105719089508057,3.912259340286255,training,25,1,0.9031801223754883,0.18476283861243206,0.004239320755004883,0.1110110812717014,0.02088775634765625,0.02624480347884329,0.03402927943638393
tonic,nm_guarino,0.2,14,0.47916666666666674,9,9,0.618099570274353,0.4167986810207367,training,50,1,0.514348030090332,0.10944772609807758,0.026233557477250757,0.11039904359091615,0.07381588858269851,0.03815955111931448,0.050110870160981695
tonic,grad_mse,0.2,15,-1.0,180,9,51.91694641113281,51.02151870727539,training,25,1,0.7826948165893555,0.8260869565217391,0.5,0.1111111111111111,0.4,0.05263157894736842,0.6285714285714286
tonic,grad_guarino,0.2,15,0.0,0,9,22.485130310058594,22.484149932861328,training,25,1,1.1460638046264648,0.17391304347826086,0.5,0.8888888888888888,0.6,0.9473678187320107,0.37142857142857144
tonic,grad_vanrossum,0.2,15,0.0,0,9,18.548866271972656,14.487869262695312,training,25,1,0.9635882377624512,0.17391304347826086,0.5,0.8888888888888888,0.6,0.9473460348028886,0.37142857142857144
tonic,nm_guarino,0.2,15,1.0,9,9,5.584895610809326,0.09486827999353409,training,50,1,0.5187757015228271,0.02743164343548227,0.08991893588902666,0.016575036075431628,0.12388396506341195,0.050871864957668794,0.014638169503825387
tonic,grad_mse,0.2,16,-1.0,190,9,88.52388763427734,84.66190338134766,training,25,0,1.0595409870147705,0.8260869565217391,0.5,0.1111111111111111,0.4,0.05263157894736842,0.6285714285714286
tonic,grad_guarino,0.2,16,-0.10526315789473688,10,9,4.304832935333252,0.5587644577026367,training,25,0,1.1412160396575928,0.08435509723165761,0.028664827346801758,0.01179317898220486,0.2180914306640625,0.07926949701811138,0.021570478166852678
tonic,grad_vanrossum,0.2,16,0.0,0,9,4.516568660736084,4.320542812347412,training,25,0,0.9124400615692139,0.16603234332540762,0.36771726608276367,0.8863822089301215,0.5998762512207031,0.8906965757671156,0.0156005859375
tonic,nm_guarino,0.2,16,1.0,9,9,2.7048511505126953,0.16542251408100128,training,50,0,0.5099031925201416,0.10654084059793485,0.0534710305703876,0.010695063923991988,0.22766138209807538,0.12464917311251728,0.0288844772127082
tonic,grad_mse,0.2,17,0.30555555555555564,9,9,51.3535270690918,51.3535270690918,init,3,1,0.7611420154571533,0.049012849904650206,0.039032598703886645,0.08328988581599282,0.10571363698972448,0.05263157894736842,0.12161006022012007
tonic,grad_guarino,0.2,17,-0.1522491349480969,8,9,0.6544769406318665,0.652289867401123,training,25,1,1.1698899269104004,0.03751824420431386,0.04730105400085449,0.09771694607204862,0.13270965576171875,0.052531574901781584,0.1222823006766183
tonic,grad_vanrossum,0.2,17,0.4393939393939395,13,9,2.9385147094726562,2.9056403636932373,training,25,1,0.9383301734924316,0.07878504214079483,0.01884627342224121,0.05139906141493056,0.040240631103515626,0.05253159999847412,0.11997637067522321
tonic,nm_guarino,0.2,17,1.0,9,9,0.6543536186218262,0.21098634600639343,training,50,1,0.5158841609954834,0.06919564764092023,0.04138868824879549,0.03238897879439264,0.11170093696369492,0.05065231363128254,0.05069956721103271
tonic,grad_mse,0.2,18,-0.1522491349480969,8,9,68.2993392944336,68.2993392944336,init,25,0,0.7709360122680664,0.007483302633422014,0.1737103285344448,0.054726999340232396,0.03293863197533085,0.01014787286837261,0.07473783971461256
tonic,grad_guarino,0.2,18,-0.1522491349480969,8,9,0.585297703742981,0.585297703742981,init,25,0,1.163809061050415,0.007483302633422014,0.1737103285344448,0.054726999340232396,0.03293863197533085,0.01014787286837261,0.07473783971461256
tonic,grad_vanrossum,0.2,18,0.3076923076923076,12,9,3.795541763305664,2.727992534637451,training,25,0,0.9041237831115723,0.07348566469938858,0.19797027111053467,0.002372063530815972,0.1846026611328125,0.017573764449671694,0.13410121372767858
tonic,nm_guarino,0.2,18,-0.5625,9,9,0.48535388708114624,0.1736905723810196,training,50,0,0.5200109481811523,0.022100777967167536,0.15577216734335186,0.025787128404557002,0.06682094250825343,0.008562618117933206,0.10360251799557026
tonic,grad_mse,0.2,19,0.14736842105263157,6,9,61.19222640991211,61.19222640991211,init,25,0,0.7678818702697754,0.10278412560968578,0.08746473010229305,0.0090945343559339,0.09583061965250436,0.04072792760800022,0.10421306158734914
tonic,grad_guarino,0.2,19,0.14736842105263157,6,9,2.818211317062378,2.818211317062378,init,25,0,1.151141881942749,0.10278412560968578,0.08746473010229305,0.0090945343559339,0.09583061965250436,0.04072792760800022,0.10421306158734914
tonic,grad_vanrossum,0.2,19,0.14736842105263157,6,9,3.82090425491333,3.82090425491333,init,25,0,0.9661879539489746,0.10278412560968578,0.08746473010229305,0.0090945343559339,0.09583061965250436,0.04072792760800022,0.10421306158734914
tonic,nm_guarino,0.2,19,-0.5625,9,9,1.9182435274124146,0.2858628034591675,training,50,0,0.5146808624267578,0.08232684757012802,0.1164291243465918,0.05264455577091856,0.047077070059554554,0.04079962169458119,0.08807086802628702
tonic,grad_mse,0.2,20,-0.02807017543859652,6,9,65.9581069946289,65.9581069946289,init,25,1,1.0550310611724854,0.07998992310933896,0.06389870173152135,0.00013071128079376296,0.11054100774340611,0.05263157894736842,0.0932485351275594
tonic,grad_guarino,0.2,20,-0.02807017543859652,6,9,2.608839988708496,2.608839988708496,init,2,1,1.1164841651916504,0.07998992310933896,0.06389870173152135,0.00013071128079376296,0.11054100774340611,0.05263157894736842,0.0932485351275594
tonic,grad_vanrossum,0.2,20,0.32280701754385965,6,9,3.8322579860687256,3.7047014236450195,training,25,1,0.9036960601806641,0.0777152683423913,0.058664679527282715,0.004733615451388889,0.08572402954101563,0.05253158745012785,0.09949231828962053
tonic,nm_guarino,0.2,20,-0.5625,9,9,1.7088658809661865,0.30857619643211365,training,50,1,0.5174238681793213,0.04341322550731785,0.05117075191779885,0.05216129924176711,0.02094488445835367,0.051658044901941376,0.11464253039980332
tonic,grad_mse,0.2,21,0.0,0,9,71.38672637939453,56.334293365478516,training,25,0,0.7992918491363525,0.025762607740319292,0.2382650375366211,0.3338572184244792,0.41135406494140625,0.006286784222251491,0.004803030831473214
tonic,grad_guarino,0.2,21,-1.0,180,9,1.4788647890090942,1.444475531578064,training,25,0,1.1452128887176514,0.7416217472242272,0.3275721073150635,0.10057423909505209,0.39269012451171875,0.03810614661166543,0.1012451171875
tonic,grad_vanrossum,0.2,21,0.08333333333333325,7,9,3.733123779296875,3.616590976715088,training,25,0,0.903109073638916,0.05532299539317256,0.13986313343048096,0.06807623969184028,0.05947250366210938,0.008172825763100073,0.05861903599330357
tonic,nm_guarino,0.2,21,1.0,9,9,1.0789026021957397,0.10294601321220398,training,50,0,0.5172557830810547,0.06845419697804724,0.11365646307628818,0.027722496446558074,0.003477866194662056,0.004923862321719012,0.034903841931453274
tonic,grad_mse,0.2,22,0.0,0,9,91.20059204101562,56.24998092651367,training,25,0,0.7678501605987549,0.1684740812882133,0.3870382308959961,0.44270256890190973,0.599951171875,0.9383693494294819,0.5746760777064732
tonic,grad_guarino,0.2,22,0.1250000000000001,15,9,1.4685142040252686,0.6214430928230286,training,25,0,1.1604900360107422,0.08011288850203804,0.042699575424194336,0.10198974609375,0.14600051879882814,0.08776988481220446,0.1434206281389509
tonic,grad_vanrossum,0.2,22,0.08333333333333325,7,9,3.394475221633911,3.394475221633911,init,25,0,0.9125998020172119,0.08851755714249088,0.04295092193525729,0.10189495794081438,0.02518001867380491,0.13835405340610604,0.012704349427032875
tonic,nm_guarino,0.2,22,0.6527777777777778,9,9,1.068557620048523,0.3039047122001648,training,50,0,0.5113780498504639,0.06387551047238313,0.01811452115203216,0.09842006825178341,0.09779063971370448,0.14336675322711095,0.038081486891783
tonic,grad_mse,0.2,23,0.0,0,9,65.7282485961914,65.72817993164062,training,25,0,0.7640280723571777,0.17386872664741848,0.1787102222442627,0.8888807508680555,0.4,0.05263157894736842,0.37142857142857144
tonic,grad_guarino,0.2,23,-1.0,36,9,1.3076694011688232,1.3076685667037964,training,2,0,1.105410099029541,0.10519674549932065,0.06874477863311768,0.05175662570529514,0.17739303588867186,0.00929729562056692,0.20197459629603795
tonic,grad_vanrossum,0.2,23,-0.17142857142857143,11,9,3.7832305431365967,3.7832305431365967,init,25,0,0.9730770587921143,0.10287273473831211,0.06818745399336246,0.055539506020594195,0.1430758954859587,0.015653252184950967,0.031101425421959206
tonic,nm_guarino,0.2,23,0.8263888888888888,9,9,1.2075756788253784,0.2858559191226959,training,50,0,0.5115830898284912,0.10791357280096747,0.05507575650938712,0.018483702813751772,0.14658890377615733,0.01831253702204585,0.08096322858281785
tonic,grad_mse,0.2,24,0.19377162629757788,8,9,66.98828125,66.98828125,init,25,0,1.083008050918579,0.02429665235392495,0.1609205407213441,0.08362504926935294,0.02302568964611339,0.0073136021768193055,0.07705473530264807
tonic,grad_guarino,0.2,24,0.1319444444444445,9,9,0.7255526185035706,0.4269121289253235,training,25,0,1.1522750854492188,0.0542918993079144,0.23013877868652344,0.08595784505208333,0.12830032348632814,0.0011256117569772822,0.11329607282366072
tonic,grad_vanrossum,0.2,24,0.25000000000000006,13,9,3.2105753421783447,2.077570915222168,training,25,0,0.9183390140533447,0.022436921492866847,0.17312908172607422,0.08554009331597222,0.143692626953125,0.005784078648215846,0.0808211190359933
tonic,nm_guarino,0.2,24,1.0,9,9,0.6256545186042786,0.2347034066915512,training,50,0,0.5152661800384521,0.07603176396140034,0.19166842972460207,0.08856959857440642,0.0007381461181580562,0.01382934184962803,0.020443009890137125
tonic,grad_mse,0.2,25,0.0,25,9,51.88454055786133,51.88454055786133,init,0,0,0.7398369312286377,0.07371811437575636,0.025382090896492793,0.01451588523168823,0.04174020653087325,0.040366880389246164,0.1741807919288056
tonic,grad_guarino,0.2,25,0.0,25,9,32.35063171386719,32.35063171386719,init,0,0,1.1069118976593018,0.07371811437575636,0.025382090896492793,0.01451588523168823,0.04174020653087325,0.040366880389246164,0.1741807919288056
tonic,grad_vanrossum,0.2,25,0.0,25,9,26.390710830688477,26.390710830688477,init,0,0,0.8123776912689209,0.07371811437575636,0.025382090896492793,0.01451588523168823,0.04174020653087325,0.040366880389246164,0.1741807919288056
tonic,nm_guarino,0.2,25,1.0,9,9,6.750370979309082,0.07911837100982666,training,50,0,0.5634019374847412,0.08684828442628158,0.03754884806225989,0.03110686814909545,0.1107659490024389,0.03844309436474213,0.0351612537413737
tonic,grad_mse,0.2,26,0.1833333333333335,21,9,71.90464782714844,71.90461730957031,training,25,0,0.7861459255218506,0.16802441140879756,0.01548922061920166,0.059773423936631945,0.30759185791015625,0.012376170409353156,0.1132537841796875
tonic,grad_guarino,0.2,26,0.020761245674740504,8,9,1.7614939212799072,1.224273920059204,training,25,0,1.1383519172668457,0.1546446427055027,0.006183266639709473,0.06380954318576389,0.20595596313476563,0.007522394782618473,0.5943723406110492
tonic,grad_vanrossum,0.2,26,0.18571428571428572,11,9,3.8742828369140625,3.8742828369140625,init,25,0,0.9121289253234863,0.02340382238116327,0.005477323732516304,0.03591327139528428,0.16795979423408142,0.012387895104758333,0.09883594759037534
tonic,nm_guarino,0.2,26,0.8263888888888888,9,9,1.3613951206207275,0.37338173389434814,training,50,0,0.5142960548400879,0.004600235825382549,0.03337681981546137,0.002143442858389714,0.13182713099684748,0.015002362949191573,0.13785769880666957
tonic,grad_mse,0.2,27,0.451923076923077,17,9,48.72549057006836,48.72549057006836,init,25,0,0.7865221500396729,0.17187506415680912,0.04700810925446297,0.03138526670299516,0.057581879707795165,0.02476817363720559,0.057749716219123975
tonic,grad_guarino,0.2,27,0.08333333333333325,7,9,10.353363037109375,0.8755506277084351,training,25,0,1.128343105316162,0.040113697881283966,0.006696462631225586,0.012177191840277778,0.194066162109375,0.01915264129638672,0.16894160679408482
tonic,grad_vanrossum,0.2,27,0.0,0,9,9.013038635253906,3.462721347808838,training,25,0,0.9035389423370361,0.17391304347826086,0.49958181381225586,0.8888887193467881,0.6,0.8877120770906147,0.3714196341378348
tonic,nm_guarino,0.2,27,1.0,9,9,3.9531919956207275,0.13038767874240875,training,50,0,0.5145263671875,0.14129964366538644,0.04162428326960055,0.05276230091873578,0.08521138549657138,0.023988634487249482,0.0028169012184794235
tonic,grad_mse,0.2,28,-1.0,3791,9,62.9427375793457,62.78218078613281,training,25,1,0.8675980567932129,0.8257616457731828,0.4507930278778076,0.10977918836805556,0.4,0.05253279836554276,0.36428800310407367
tonic,grad_guarino,0.2,28,-0.10526315789473688,10,9,0.7164273262023926,0.7164273262023926,init,3,1,1.4313359260559082,0.06577078792831205,0.06523040451897377,0.039979067694450365,0.10116963574479484,0.05263157894736842,0.01110487941053557
tonic,grad_vanrossum,0.2,28,-0.10526315789473688,10,9,3.605471134185791,3.605471134185791,init,25,1,0.9259350299835205,0.06577078792831205,0.06523040451897377,0.039979067694450365,0.10116963574479484,0.05263157894736842,0.01110487941053557
tonic,nm_guarino,0.2,28,1.0,9,9,0.6163526177406311,0.09341815114021301,training,50,1,0.5098888874053955,0.05879685134895221,0.054951024969704054,0.025794665000619766,0.10976516414265802,0.052557125839289585,0.008403778962739595
tonic,grad_mse,0.2,29,-0.02807017543859652,6,9,61.3577766418457,61.3577766418457,init,25,0,0.7786440849304199,0.104963369166407,0.10691490109182467,0.046836098360602645,0.07174556029424167,0.022991085278875584,0.09839847317861532
tonic,grad_guarino,0.2,29,-0.02807017543859652,6,9,2.977752923965454,2.977752923965454,init,25,0,1.1709959506988525,0.104963369166407,0.10691490109182467,0.046836098360602645,0.07174556029424167,0.022991085278875584,0.09839847317861532
tonic,grad_vanrossum,0.2,29,-0.02807017543859652,6,9,3.6630988121032715,3.607070207595825,training,25,0,0.9188311100006104,0.10647403882897419,0.11339473724365234,0.058155653211805554,0.10119293212890625,0.02522159877576326,0.09989798409598215
tonic,nm_guarino,0.2,29,0.6527777777777778,9,9,2.0777878761291504,0.595258891582489,training,50,0,0.5168170928955078,0.10376215782045642,0.12231597292184193,0.03345944641313218,0.03599085261373716,0.030125231630695096,0.13946022280610526
tonic,grad_mse,0.4,0,0.0,0,9,204.8992919921875,151.72935485839844,training,25,0,0.7770450115203857,0.17391304347826086,0.4999898076057434,0.8888888888888888,0.6,0.9473684210526315,0.37139205932617186
tonic,grad_guarino,0.4,0,-0.09027777777777786,7,9,1.7282947301864624,1.7282947301864624,init,1,0,1.1132001876831055,0.035729807159013846,0.19531152698578635,0.030558182780374445,0.02215085830352507,0.3194055840042195,0.13089078712943134
tonic,grad_vanrossum,0.4,0,0.25296442687747034,2,9,4.045930862426758,4.0459303855896,training,25,0,0.9139399528503418,0.1564960645592731,0.21381258964538574,0.08337131076388889,0.5402372741699218,0.7657211705258018,0.1441774640764509
tonic,nm_guarino,0.4,0,1.0,9,9,1.3283394575119019,0.11446220427751541,training,50,0,0.5096170902252197,0.00219545836882844,0.17443598000479232,0.1111111111111111,0.14562186256553275,0.34130794751317167,0.12004512112293476
tonic,grad_mse,0.4,1,-1.0,3791,9,72.38340759277344,72.18352508544922,training,25,1,0.7874927520751953,0.8260869565217391,0.4992539882659912,0.11101277669270833,0.4,0.05263157894736842,0.37142857142857144
tonic,grad_guarino,0.4,1,-1.0,3791,9,14.884194374084473,14.883988380432129,training,25,1,1.1506237983703613,0.8248303247534711,0.2886054515838623,0.11101142035590278,0.4,0.05263157894736842,0.37142857142857144
tonic,grad_vanrossum,0.4,1,-1.0,3789,9,13.40129566192627,13.401116371154785,training,25,1,0.9139580726623535,0.8174817292586617,0.21016550064086914,0.11101142035590278,0.4,0.05263157894736842,0.37142857142857144
tonic,nm_guarino,0.4,1,1.0,9,9,4.883998394012451,0.28577736020088196,training,50,1,0.5207548141479492,0.021248503241445945,0.1610600847490804,0.061468117056359815,0.016717739811464866,0.053024239519381934,0.007199145678166222
tonic,grad_mse,0.4,2,-0.08058608058608058,4,9,226.86061096191406,226.86061096191406,init,25,0,0.7671198844909668,0.02198932094104281,0.1134692530838981,0.0005087865759258471,0.15784220646282307,0.3483232105130893,0.01994287798077039
tonic,grad_guarino,0.4,2,-0.08058608058608058,4,9,6.220496654510498,6.220496654510498,init,25,0,1.2378461360931396,0.02198932094104281,0.1134692530838981,0.0005087865759258471,0.15784220646282307,0.3483232105130893,0.01994287798077039
tonic,grad_vanrossum,0.4,2,0.3636363636363637,3,9,5.673299312591553,3.744943380355835,training,25,0,1.2314949035644531,0.11044842263926631,0.12675344944000244,0.02746209038628472,0.3610638427734375,0.5150025016383121,0.0619659423828125
tonic,nm_guarino,0.4,2,0.020761245674740504,8,9,3.7204926013946533,0.537541925907135,training,50,0,0.5214657783508301,0.10695358762303452,0.05801744375230555,0.09224878448724527,0.13547895551859596,0.3546410019365825,0.03898878013483105
tonic,grad_mse,0.4,3,0.0,0,9,97.73847198486328,82.22998046875,training,25,1,0.7811241149902344,0.17381293255349864,0.32340073585510254,0.26218922932942706,0.3722467041015625,0.0096339928476434,0.02070247105189732
tonic,grad_guarino,0.4,3,0.0,0,9,9.491043090820312,6.33683443069458,training,25,1,1.1719112396240234,0.17381313158118206,0.09083318710327148,0.5827473958333333,0.466290283203125,0.04275294354087428,0.11949179513113839
tonic,grad_vanrossum,0.4,3,-0.08058608058608058,4,9,6.74232292175293,5.462292194366455,training,25,1,0.914182186126709,0.17381299889605978,0.19433367252349854,0.18297559950086806,0.15346664428710938,0.009295212595086349,0.010664912632533483
tonic,nm_guarino,0.4,3,-0.6315789473684211,10,9,5.891035079956055,0.5385971665382385,training,50,1,0.5224487781524658,0.12112754041547141,0.18699400711033176,0.10104708531343141,0.01918142073983745,0.011912349599583228,0.014911072397325142
tonic,grad_mse,0.4,4,0.0,25,9,76.90441131591797,76.90441131591797,init,0,1,0.7526810169219971,0.0740800773125008,0.17940090819215504,0.1111111111111111,0.12201330180453197,0.041573961605124124,0.27846697641167056
tonic,grad_guarino,0.4,4,0.0,25,9,32.20360565185547,32.20360565185547,init,0,1,1.1126160621643066,0.0740800773125008,0.17940090819215504,0.1111111111111111,0.12201330180453197,0.041573961605124124,0.27846697641167056
tonic,grad_vanrossum,0.4,4,0.0,0,9,25.311429977416992,14.26714038848877,training,25,1,0.9196510314941406,0.17391304347826086,0.5,0.8888888888888888,0.6,0.9473684210526315,0.37142857142857144
tonic,nm_guarino,0.4,4,0.6527777777777778,9,9,6.603347301483154,0.35701215267181396,training,50,1,0.5137050151824951,0.04000953188276402,0.17316848363273962,0.023759881153317033,0.31283651962655795,0.039610605068672505,0.22445371992157825
tonic,grad_mse,0.4,5,-1.0,180,9,106.13497924804688,105.85945892333984,training,2,1,0.7493650913238525,0.8260869565217391,0.5,0.1111111111111111,0.4,0.0525760901601691,0.6285714285714286
tonic,grad_guarino,0.4,5,0.17424242424242425,3,9,1.36383855342865,1.3615643978118896,training,25,1,1.1581172943115234,0.13475401505180026,0.23736488819122314,0.05349002414279514,0.5100021362304688,0.052531305112336814,0.17337581089564733
tonic,grad_vanrossum,0.4,5,-1.0,171,9,4.368121147155762,4.353403091430664,training,3,1,0.8063380718231201,0.80316046424534,0.3206980228424072,0.09942457411024305,0.3999462890625,0.0525323654475965,0.370916748046875
tonic,nm_guarino,0.4,5,-0.5625,9,9,1.2637511491775513,0.6721058487892151,training,50,1,0.5109238624572754,0.019139580850466093,0.26115632221466556,0.013759670608560112,0.08700091834702334,0.05242010203836065,0.24686936515668215
tonic,grad_mse,0.4,6,0.4393939393939395,13,9,55.6641960144043,55.6641960144043,init,25,1,0.7728219032287598,0.1366927759700717,0.24601783967402358,0.066846400689397,0.1442816902553824,0.05263157894736842,0.15629017664438802
tonic,grad_guarino,0.4,6,-1.0,180,9,3.6867589950561523,3.684887409210205,training,2,1,1.1106507778167725,0.8260869565217391,0.5,0.1111111111111111,0.4,0.052590558403416685,0.6285714285714286
tonic,grad_vanrossum,0.4,6,-1.0,180,9,4.806280136108398,4.799325942993164,training,2,1,0.8818299770355225,0.8260869565217391,0.5,0.1111111111111111,0.4,0.05259416605296888,0.6285714285714286
tonic,nm_guarino,0.4,6,1.0,9,9,2.086634397506714,0.10286116600036621,training,50,1,0.5146307945251465,0.1195584415508207,0.2535025137869975,0.014360470568432662,0.1794598389534778,0.051990993663429554,0.10690469264255731
tonic,grad_mse,0.4,7,0.14736842105263157,6,9,90.53868103027344,90.53868103027344,init,25,1,1.1124329566955566,0.06644795665729275,0.14248762508825252,0.004437788468086663,0.10751964708487322,0.05263157894736842,0.2280997584950216
tonic,grad_guarino,0.4,7,0.14736842105263157,6,9,2.5465381145477295,2.5465381145477295,init,25,1,1.160534143447876,0.06644795665729275,0.14248762508825252,0.004437788468086663,0.10751964708487322,0.05263157894736842,0.2280997584950216
tonic,grad_vanrossum,0.4,7,0.08333333333333325,7,9,4.311450481414795,3.6416547298431396,training,25,1,0.9514062404632568,0.06032336691151494,0.1533985137939453,0.01290283203125,0.050887451171875,0.05253159999847412,0.22795213971819198
tonic,nm_guarino,0.4,7,-0.5625,9,9,1.6465567350387573,0.3784145414829254,training,50,1,0.5297520160675049,0.040765272428139904,0.12927504176659865,0.073367792198436,0.015926476470516492,0.05055422993639338,0.14805377865891062
tonic,grad_mse,0.4,8,0.21153846153846156,17,9,60.1844367980957,60.1844367980957,init,25,2,0.8093681335449219,0.13339036134884452,0.08959311417736382,0.1111111111111111,0.020948589248175723,0.05263157894736842,0.01973672091063524
tonic,grad_guarino,0.4,8,-1.0,3672,9,10.069456100463867,10.067278861999512,training,25,2,1.1849689483642578,0.7237797944442086,0.002972722053527832,0.11101125081380209,0.39404983520507814,0.05253195135216964,0.1955387660435268
tonic,grad_vanrossum,0.4,8,0.3636363636363637,3,9,8.36936092376709,7.065570831298828,training,25,2,0.9338088035583496,0.17391304347826086,0.5,0.11100870768229167,0.5999932861328126,0.0525321270290174,0.6285714285714286
tonic,nm_guarino,0.4,8,-0.38888888888888884,9,9,3.6693062782287598,0.4676547348499298,training,50,2,0.5317888259887695,0.08718168244833242,0.09314619875280128,0.06123020359720499,0.09693208632309336,0.05220681129549529,0.0756126915064917
tonic,grad_mse,0.4,9,-1.0,245,9,140.34515380859375,140.34515380859375,init,0,2,0.767585039138794,0.1258246421218698,0.014980350017005595,0.1111111111111111,0.2748461086403489,0.05263157894736842,0.1418928290726957
tonic,grad_guarino,0.4,9,-1.0,245,9,5184.76708984375,5184.76708984375,init,0,2,1.1342980861663818,0.1258246421218698,0.014980350017005595,0.1111111111111111,0.2748461086403489,0.05263157894736842,0.1418928290726957
tonic,grad_vanrossum,0.4,9,-1.0,245,9,4257.1953125,4257.1953125,init,0,2,0.8080549240112305,0.1258246421218698,0.014980350017005595,0.1111111111111111,0.2748461086403489,0.05263157894736842,0.1418928290726957
tonic,nm_guarino,0.4,9,1.0,9,9,77.16484069824219,0.30420875549316406,training,50,2,0.5315940380096436,0.07182714176626386,0.046098399909039856,0.019975389584638178,0.13239362967417492,0.04952017648490292,0.00417746432355699
tonic,grad_mse,0.4,10,-0.007905138339921132,14,9,108.94567108154297,108.94567108154297,init,25,1,0.7985761165618896,0.02258361136064084,0.21984450213054596,0.1111111111111111,0.10210244492644278,0.15633338065981045,0.1681833221059157
tonic,grad_guarino,0.4,10,-1.0,225,9,4.102948188781738,4.099673748016357,training,25,1,1.1556651592254639,0.8257503924162491,0.21480989456176758,0.11101192898220485,0.39999969482421877,0.05241796217466656,0.44822889055524556
tonic,grad_vanrossum,0.4,10,-1.0,180,9,5.584422588348389,5.581418514251709,training,25,1,0.9430952072143555,0.8260869565217391,0.188248872756958,0.11101582845052084,0.4,0.05263157894736842,0.6285714285714286
tonic,nm_guarino,0.4,10,1.0,9,9,2.5028176307678223,0.11519265919923782,training,50,1,0.5214588642120361,0.027447791527577405,0.23547052076243946,0.1111111111111111,0.00287759216151926,0.1497701793779722,0.1038676466980462
tonic,grad_mse,0.4,11,-1.0,44,9,83.03282165527344,83.03282165527344,init,0,1,0.7616698741912842,0.17038748326958678,0.02247087187738095,6.83925280974841e-05,0.07441892393035289,0.05263157894736842,0.3347766875833368
tonic,grad_guarino,0.4,11,-1.0,44,9,129.2409210205078,129.2409210205078,init,0,1,1.2336509227752686,0.17038748326958678,0.02247087187738095,6.83925280974841e-05,0.07441892393035289,0.05263157894736842,0.3347766875833368
tonic,grad_vanrossum,0.4,11,-1.0,44,9,117.93199157714844,117.93199157714844,init,0,1,1.121333122253418,0.17038748326958678,0.02247087187738095,6.83925280974841e-05,0.07441892393035289,0.05263157894736842,0.3347766875833368
tonic,nm_guarino,0.4,11,0.30555555555555564,9,9,13.640395164489746,0.6677741408348083,training,50,1,0.5333352088928223,0.1580891581389033,0.03359409555459236,0.06290551888114287,0.15821531045549675,0.052302109905326855,0.1503595160053367
tonic,grad_mse,0.4,12,-1.0,180,9,88.2591552734375,76.66525268554688,training,25,1,0.8010942935943604,0.8260869565217391,0.5,0.1111111111111111,0.4,0.052575538032933286,0.6279425484793527
tonic,grad_guarino,0.4,12,0.08333333333333325,7,9,2.446559190750122,1.3306013345718384,training,25,1,1.177154779434204,0.15518002717391305,0.15382981300354004,0.06131625705295139,0.13855361938476562,0.05253158745012785,0.24102913992745537
tonic,grad_vanrossum,0.4,12,0.14736842105263157,6,9,4.0619964599609375,4.023605823516846,training,25,1,0.9316468238830566,0.12985654084578804,0.1433272361755371,0.07325439453125,0.17865219116210937,0.052531574901781584,0.2717132568359375
tonic,nm_guarino,0.4,12,-0.5625,9,9,1.5465819835662842,0.2967308759689331,training,50,1,0.5299520492553711,0.1477739576973017,0.1329630906282051,0.06196317861358251,0.0069173254492937986,0.051336169894288255,0.15672230516603086
tonic,grad_mse,0.4,13,0.5454545454545442,24,9,84.55593872070312,84.55593872070312,init,25,1,0.8216876983642578,0.2572638721797175,0.14884991123874536,0.08386994161027227,0.19243949143195976,0.05263157894736842,0.09292149988712574
tonic,grad_guarino,0.4,13,0.13333333333333336,1,9,25.84325408935547,14.153820991516113,training,25,1,1.2055532932281494,0.17391304347826086,0.07567596435546875,0.020975748697916668,0.6,0.05252914679677863,0.6285714285714286
tonic,grad_vanrossum,0.4,13,0.05533596837944664,2,9,21.094741821289062,7.812774658203125,training,25,1,0.9268779754638672,0.1739127781080163,0.00028002262115478516,0.024148729112413194,0.59999755859375,0.052529686375668176,0.6285707746233259
tonic,nm_guarino,0.4,13,-0.38888888888888884,9,9,6.243027210235596,0.5896463394165039,training,50,1,0.6047983169555664,0.23673899209759605,0.14034298588906324,0.021222204271118508,0.13174911827178562,0.05107564630602814,0.21011611937204983
tonic,grad_mse,0.4,14,-0.5625,9,9,125.65251922607422,125.65251922607422,init,25,1,0.7881319522857666,0.2681875096385402,0.003915820817984361,0.1111111111111111,0.10826061396649891,0.07086292371205738,0.1430031207972405
tonic,grad_guarino,0.4,14,0.007142857142857149,11,9,0.6379797458648682,0.6361740231513977,training,25,1,1.1812431812286377,0.3116361535113791,0.0005939006805419922,0.1110110812717014,0.07092544555664063,0.06390737232409026,0.13214176722935267
tonic,grad_vanrossum,0.4,14,0.14736842105263157,6,9,5.200450897216797,4.542201519012451,training,25,1,1.0915069580078125,0.13456712805706522,0.014699935913085938,0.1110110812717014,0.22783233642578124,0.09616337324443616,0.17881840297154017
tonic,nm_guarino,0.4,14,-0.21527777777777773,9,9,0.6380864977836609,0.5680705904960632,training,50,1,0.6650829315185547,0.2681875096385402,0.003915820817984361,0.10960613748751043,0.10826061396649891,0.078961416571948,0.1430031207972405
tonic,grad_mse,0.4,15,-1.0,256,9,125.58607482910156,125.58607482910156,init,0,1,0.962899923324585,0.053441444531369314,0.19280784619071967,0.010104173424722755,0.049170110938919154,0.05263157894736842,0.31744188109414306
tonic,grad_guarino,0.4,15,-1.0,256,9,5652.39697265625,5652.39697265625,init,0,1,1.5868537425994873,0.053441444531369314,0.19280784619071967,0.010104173424722755,0.049170110938919154,0.05263157894736842,0.31744188109414306
tonic,grad_vanrossum,0.4,15,-1.0,256,9,4918.45263671875,4918.45263671875,init,0,1,0.8764488697052002,0.053441444531369314,0.19280784619071967,0.010104173424722755,0.049170110938919154,0.05263157894736842,0.31744188109414306
tonic,nm_guarino,0.4,15,-0.32525951557093424,8,9,82.79421997070312,0.5578255653381348,training,50,1,0.6572718620300293,0.05517895011750931,0.17289267756666882,0.07817743728771202,0.25272113030422927,0.05045070840770776,0.20832901713544974
tonic,grad_mse,0.4,16,0.0,0,9,135.34556579589844,114.27664947509766,training,25,1,0.958143949508667,0.17381293255349864,0.3981597423553467,0.8885014851888021,0.5991824340820312,0.849841971146433,0.055835941859654015
tonic,grad_guarino,0.4,16,-0.2637362637362637,4,9,6.51095724105835,6.51095724105835,init,25,1,1.8661229610443115,0.17391304347826086,0.12943176482457752,0.13983845805830825,0.0969657512583845,0.26873746841788926,0.03495910490993635
tonic,grad_vanrossum,0.4,16,-0.2637362637362637,4,9,6.047801494598389,6.047801494598389,init,25,1,1.08064603805542,0.17391304347826086,0.12943176482457752,0.13983845805830825,0.0969657512583845,0.26873746841788926,0.03495910490993635
tonic,nm_guarino,0.4,16,-0.5625,9,9,4.010948181152344,0.0802115947008133,training,50,1,0.5517299175262451,0.12525823137911837,0.1231362164086558,0.1111111111111111,0.3327073632044653,0.2708843262496668,0.062471850122909296
tonic,grad_mse,0.4,17,0.0,0,9,73.0766830444336,72.51812744140625,training,25,1,0.8374471664428711,0.17391304347826086,0.5,0.8888888888888888,0.6,0.05252973029488012,0.2617443629673549
tonic,grad_guarino,0.4,17,0.14736842105263157,6,9,3.1313154697418213,3.1313154697418213,init,25,1,1.4216570854187012,0.09802569980930029,0.07806519740777329,0.16657977163198565,0.21142727397944924,0.05263157894736842,0.24322012044024036
tonic,grad_vanrossum,0.4,17,0.14736842105263157,6,9,4.25198221206665,4.25198221206665,init,25,1,1.0738732814788818,0.09802569980930029,0.07806519740777329,0.16657977163198565,0.21142727397944924,0.05263157894736842,0.24322012044024036
tonic,nm_guarino,0.4,17,1.0,9,9,2.2313623428344727,0.4466990828514099,training,50,1,0.5403060913085938,0.045619512938936575,0.014740273589867847,0.023293399185343826,0.1957339274973026,0.05173561663182909,0.115111610453079
tonic,grad_mse,0.4,18,0.19377162629757788,8,9,79.61802673339844,79.61802673339844,init,4,0,0.8523130416870117,0.014966605266844029,0.3474206570688898,0.10945399868046479,0.06587726395066142,0.02029574573674522,0.14947567942922513
tonic,grad_guarino,0.4,18,0.19377162629757788,8,9,1.447819471359253,1.447819471359253,init,25,0,1.4369149208068848,0.014966605266844029,0.3474206570688898,0.10945399868046479,0.06587726395066142,0.02029574573674522,0.14947567942922513
tonic,grad_vanrossum,0.4,18,0.19377162629757788,8,9,3.592496871948242,3.592496871948242,init,25,0,1.0967590808868408,0.014966605266844029,0.3474206570688898,0.10945399868046479,0.06587726395066142,0.02029574573674522,0.14947567942922513
tonic,nm_guarino,0.4,18,1.0,9,9,1.0478688478469849,0.09822629392147064,training,50,0,0.5425558090209961,0.017852747357699667,0.32687257321559837,0.09840520675356099,0.10974574117896935,0.01912465097016694,0.12070330067463268
tonic,grad_mse,0.4,19,0.0,0,9,82.92277526855469,78.52289581298828,training,25,2,0.8072588443756104,0.1738139940344769,0.46444839239120483,0.8882937961154513,0.6,0.05252850683111893,0.19639979771205357
tonic,grad_guarino,0.4,19,0.17424242424242425,3,9,6.304340362548828,6.304330348968506,training,25,2,1.2152628898620605,0.17381299889605978,0.17999720573425293,0.02449985080295139,0.21332412719726562,0.052531574901781584,0.20657828194754466
tonic,grad_vanrossum,0.4,19,0.035714285714285705,5,9,5.519590854644775,4.796054840087891,training,25,2,0.9320402145385742,0.17381299889605978,0.11870241165161133,0.02615627712673611,0.09474517822265625,0.05253159999847412,0.23698992047991072
tonic,nm_guarino,0.4,19,-0.5625,9,9,3.8043177127838135,0.3679709732532501,training,50,2,0.54392409324646,0.09523731995379876,0.06762983643349774,0.1111111111111111,0.055561868862142205,0.04855740079484283,0.1636938253592356
tonic,grad_mse,0.4,20,0.0,0,9,73.97757720947266,52.58843231201172,training,25,1,0.8060059547424316,0.1594443943189538,0.40436792373657227,0.2504626803927951,0.58698974609375,0.05253129256399054,0.6283745901925223
tonic,grad_guarino,0.4,20,0.14736842105263157,6,9,6.0912346839904785,1.5034708976745605,training,25,1,1.2080116271972656,0.1595916748046875,0.07602643966674805,0.03459947374131944,0.026430511474609376,0.05253162509516666,0.172943115234375
tonic,grad_vanrossum,0.4,20,0.2142857142857143,5,9,5.1241607666015625,4.699872016906738,training,25,1,0.9356260299682617,0.15981929613196333,0.10469460487365723,0.017174106174045137,0.14826202392578125,0.05253159999847412,0.204571533203125
tonic,nm_guarino,0.4,20,-0.5625,9,9,3.591217041015625,0.30684080719947815,training,50,1,0.5246262550354004,0.14452330622254173,0.1081368389062578,0.10112732216061002,0.04907759138792358,0.0493089322158621,0.11619799613569666
tonic,grad_mse,0.4,21,-0.20350877192982458,6,9,91.30931091308594,91.30931091308594,init,4,0,0.8822669982910156,0.12111987200230351,0.279612656252924,0.12819315404860088,0.1263652476791458,0.01581872726070557,0.1857278825896669
tonic,grad_guarino,0.4,21,-0.02807017543859652,6,9,2.6150660514831543,2.591296911239624,training,25,0,1.5093722343444824,0.12410795792289402,0.28018784523010254,0.12603302001953126,0.12288497924804688,0.015927245742396304,0.1860081263950893
tonic,grad_vanrossum,0.4,21,0.08333333333333325,7,9,4.535678863525391,3.764263868331909,training,25,0,0.9616189002990723,0.15931084674337637,0.2857168912887573,0.1023746066623264,0.08906280517578125,0.016901775410300808,0.20490853445870535
tonic,nm_guarino,0.4,21,-0.21527777777777773,9,9,1.7150874137878418,0.2574906647205353,training,50,0,0.5279240608215332,0.12360503349261663,0.2752471212510975,0.0072348044438841595,0.004380149555342996,0.013940675767099371,0.16184346656253887
tonic,grad_mse,0.4,22,-0.20350877192982458,6,9,166.65371704101562,166.65371704101562,init,25,2,0.7905459403991699,0.17391304347826086,0.0859018438705148,0.1111111111111111,0.05036003734760982,0.27670810681221203,0.02540869885406575
tonic,grad_guarino,0.4,22,-0.04166666666666662,9,9,2.733677864074707,1.5470939874649048,training,25,2,1.1679680347442627,0.17380802320397418,0.4985976219177246,0.11101888020833334,0.39999603271484374,0.05263157894736842,0.6186181204659599
tonic,grad_vanrossum,0.4,22,0.3636363636363637,3,9,4.578070640563965,4.578070163726807,training,25,2,0.9389152526855469,0.17381313158118206,0.13342976570129395,0.1110110812717014,0.5047607421875,0.7169619108501234,0.15483834402901786
tonic,nm_guarino,0.4,22,1.0,9,9,1.833700180053711,0.13128389418125153,training,50,2,0.5275089740753174,0.1456002034343711,0.07372362078104722,0.1111111111111111,0.18393132357727382,0.2855704424166902,0.11594966380369028
tonic,grad_mse,0.4,23,-0.007905138339921132,14,9,72.87395477294922,72.87395477294922,init,25,1,0.7960851192474365,0.17391304347826086,0.1363749079867247,0.11107901204118839,0.2861517909719171,0.031306504369901934,0.06220285084391861
tonic,grad_guarino,0.4,23,-0.007905138339921132,14,9,4.294007778167725,4.294007778167725,init,1,1,1.1640949249267578,0.17391304347826086,0.1363749079867247,0.11107901204118839,0.2861517909719171,0.031306504369901934,0.06220285084391861
tonic,grad_vanrossum,0.4,23,0.05533596837944664,2,9,5.510693073272705,3.8794188499450684,training,25,1,0.9323060512542725,0.17381359597911006,0.012279987335205078,0.11101006401909722,0.5999998474121093,0.9473565754137541,0.1590855189732143
tonic,nm_guarino,0.4,23,1.0,9,9,2.693882942199707,0.3483053147792816,training,50,1,0.5320699214935303,0.16419103922040268,0.1122639962531804,0.00025453954058826233,0.1905177288576141,0.039895491125917844,0.058648167955106044
tonic,grad_mse,0.4,24,0.05533596837944664,2,9,84.25006866455078,84.04911041259766,training,25,1,0.814810037612915,0.17391304347826086,0.02122819423675537,0.11100972493489583,0.6,0.9473683206658614,0.1281010219029018
tonic,grad_guarino,0.4,24,-0.5625,9,9,1.442451000213623,0.5132522583007812,training,25,1,1.1645939350128174,0.04127714737601902,0.3301280736923218,0.1110110812717014,0.0350213623046875,0.0026485543502004524,0.109674072265625
tonic,grad_vanrossum,0.4,24,0.14736842105263157,6,9,3.8629536628723145,3.862849235534668,training,25,1,0.9282150268554688,0.057825834854789405,0.32056164741516113,0.1110110812717014,0.10595077514648438,0.021077871322631836,0.15396881103515625
tonic,nm_guarino,0.4,24,0.47916666666666674,9,9,1.0425446033477783,0.3946223556995392,training,50,1,0.5255110263824463,0.09695721039866956,0.3090454749522893,0.09684499314128882,0.056872663280034035,0.01294972603411397,0.08255382308931952
tonic,grad_mse,0.4,25,-1.0,855,9,177.16366577148438,177.16366577148438,init,0,1,0.7719669342041016,0.14743622875151272,0.05076418179298536,0.029031770463376145,0.08348041306174679,0.05263157894736842,0.3483615838576112
tonic,grad_guarino,0.4,25,-1.0,855,9,65238.56640625,65238.56640625,init,0,1,1.1337358951568604,0.14743622875151272,0.05076418179298536,0.029031770463376145,0.08348041306174679,0.05263157894736842,0.3483615838576112
tonic,grad_vanrossum,0.4,25,-1.0,855,9,56029.4296875,56029.4296875,init,0,1,0.8184247016906738,0.14743622875151272,0.05076418179298536,0.029031770463376145,0.08348041306174679,0.05263157894736842,0.3483615838576112
tonic,nm_guarino,0.4,25,0.8263888888888888,9,9,274.9521789550781,0.3933120667934418,training,50,1,0.5248770713806152,0.09447269007177088,0.053859681748536836,0.013606900276385482,0.2540454429460777,0.05016535129552674,0.17661388259710548
tonic,grad_mse,0.4,26,-0.007905138339921132,14,9,103.89031982421875,103.89031982421875,init,25,0,0.9055428504943848,0.04680764476232654,0.01095464746503283,0.07182654279056824,0.33591958846816283,0.02477579020951669,0.19767189518075068
tonic,grad_guarino,0.4,26,-0.007905138339921132,14,9,5.208304405212402,5.208304405212402,init,25,0,1.5367588996887207,0.04680764476232654,0.01095464746503283,0.07182654279056824,0.33591958846816283,0.02477579020951669,0.19767189518075068
tonic,grad_vanrossum,0.4,26,0.9473684210526316,10,9,5.893971920013428,4.560744762420654,training,25,0,0.9380390644073486,0.048844644297724185,0.1732935905456543,0.08429802788628472,0.38297821044921876,0.030430592988666735,0.39226510184151786
tonic,nm_guarino,0.4,26,-0.5625,9,9,2.7081894874572754,0.6922472715377808,training,50,0,0.5371201038360596,0.015193990737061886,0.01439003297386221,0.0016701694710705953,0.27497434110363483,0.020902468850993,0.2895503884752413
tonic,grad_mse,0.4,27,-1.0,48,9,50.06666946411133,50.06666946411133,init,0,0,0.7787051200866699,0.3437501283136183,0.09401621850892572,0.06277053340599,0.11516375941559033,0.0495363472744112,0.11549943243824795
tonic,grad_guarino,0.4,27,-1.0,48,9,158.91265869140625,158.91265869140625,init,0,0,1.146787166595459,0.3437501283136183,0.09401621850892572,0.06277053340599,0.11516375941559033,0.0495363472744112,0.11549943243824795
tonic,grad_vanrossum,0.4,27,-1.0,48,9,126.2707748413086,126.2707748413086,init,0,0,0.811629056930542,0.3437501283136183,0.09401621850892572,0.06277053340599,0.11516375941559033,0.0495363472744112,0.11549943243824795
tonic,nm_guarino,0.4,27,0.6527777777777778,9,9,14.512186050415039,0.4201098382472992,training,50,0,0.5353388786315918,0.33528284968617716,0.09030882475017488,0.055356469299964475,0.23924842586864714,0.04765722614900305,0.07645475558664348
tonic,grad_mse,0.4,28,0.0,0,9,86.82275390625,47.49336624145508,training,25,1,0.7925670146942139,0.173621069866678,0.4999997615814209,0.22585873074001736,0.5999713134765625,0.05252860094371595,0.3572263445172991
tonic,grad_guarino,0.4,28,-0.5625,9,9,0.6218041777610779,0.6218041777610779,init,2,1,1.1366941928863525,0.1315415758566241,0.13046080903794754,0.07995813538890073,0.2023392714895897,0.05263157894736842,0.022209758821070937
tonic,grad_vanrossum,0.4,28,0.47916666666666674,9,9,4.817174911499023,2.5480127334594727,training,25,1,0.9524600505828857,0.12620650581691575,0.12868714332580566,0.07985636393229166,0.21333938598632812,0.052531574901781584,0.03485892159598214
tonic,nm_guarino,0.4,28,0.6527777777777778,9,9,0.621727705001831,0.315540611743927,training,50,1,0.5272729396820068,0.0946403937798901,0.13046080903794754,0.07995813538890073,0.2023392714895897,0.05263157894736842,0.022209758821070937
tonic,grad_mse,0.4,29,0.0,0,9,80.28141021728516,79.52857208251953,training,25,1,0.8021929264068604,0.1738144584324049,0.49999988079071045,0.8888888888888888,0.6,0.947290721692537,0.20018310546875
tonic,grad_guarino,0.4,29,0.0,0,9,6.6726531982421875,6.668335914611816,training,25,1,1.1741349697113037,0.17381299889605978,0.2847248315811157,0.3717469957139757,0.4221818542480469,0.07442622435720343,0.1968806675502232
tonic,grad_vanrossum,0.4,29,0.28571428571428575,4,9,5.263497352600098,5.263497352600098,init,25,1,0.941176176071167,0.17391304347826086,0.21382980218364933,0.09367219672120529,0.14349112058848335,0.04598217055775117,0.19679694635723063
tonic,nm_guarino,0.4,29,0.30555555555555564,9,9,4.172658920288086,0.3145483136177063,training,50,1,0.5278122425079346,0.14298663208617002,0.14266468268748667,0.1111111111111111,0.03544443883822112,0.054818039938041914,0.05268874645439772
tonic,grad_mse,0.8,0,0.0,0,9,445.82440185546875,63.488739013671875,training,25,0,0.7954628467559814,0.17391304347826086,0.404918909072876,0.7991382175021702,0.5999990844726563,0.07779821596647564,0.35132740565708703
tonic,grad_guarino,0.8,0,0.08333333333333325,7,9,1.8471696376800537,1.8109949827194214,training,25,0,1.1665842533111572,0.07523352581521739,0.39363205432891846,0.062134806315104166,0.02589141845703125,0.6946039199829102,0.2561653137207031
tonic,grad_vanrossum,0.8,0,-0.015151515151515166,3,9,4.693697929382324,3.351172924041748,training,25,0,0.9352691173553467,0.16655392854110054,0.41831064224243164,0.039345635308159724,0.41472305297851564,0.8176929072329873,0.25828094482421876
tonic,nm_guarino,0.8,0,-0.1522491349480969,8,9,1.4472101926803589,0.8034994006156921,training,50,0,0.5505990982055664,0.07145961431802769,0.3906230539715727,0.06111636556074889,0.14651680243740317,0.6388111680084388,0.26178157425886267
tonic,grad_mse,0.8,1,-1.0,53,9,135.9542999267578,135.9542999267578,init,0,1,0.8912460803985596,0.015026171613370286,0.23909046374758658,0.1111111111111111,0.2741847204399187,0.1092337312953851,0.32611405270948035
tonic,grad_guarino,0.8,1,-1.0,53,9,192.3848419189453,192.3848419189453,init,0,1,1.4519450664520264,0.015026171613370286,0.23909046374758658,0.1111111111111111,0.2741847204399187,0.1092337312953851,0.32611405270948035
tonic,grad_vanrossum,0.8,1,-1.0,53,9,159.8997039794922,159.8997039794922,init,0,1,0.8105499744415283,0.015026171613370286,0.23909046374758658,0.1111111111111111,0.2741847204399187,0.1092337312953851,0.32611405270948035
tonic,nm_guarino,0.8,1,0.6527777777777778,9,9,15.984289169311523,0.46234330534935,training,50,1,0.5345160961151123,0.013354095254823915,0.23341622913642546,0.01822702927245056,0.07553145457763265,0.11856231223652947,0.21275470690066406
tonic,grad_mse,0.8,2,0.0,0,9,444.36749267578125,61.02619934082031,training,25,0,0.8036098480224609,0.09612765104874321,0.1284240484237671,0.42472720675998266,0.5193905639648437,0.3995792489302786,0.1969606672014509
tonic,grad_guarino,0.8,2,-0.08058608058608058,4,9,8.806112289428711,6.456103801727295,training,25,0,1.1852498054504395,0.06661735202955163,0.22793424129486084,0.006567213270399306,0.29339569091796874,0.6963790090460527,0.053657095772879464
tonic,grad_vanrossum,0.8,2,0.10256410256410257,4,9,6.381541728973389,5.974416255950928,training,25,0,0.9366230964660645,0.05663770592730978,0.22807812690734863,0.004278225368923611,0.30257476806640626,0.6976048318963302,0.04913984026227679
tonic,nm_guarino,0.8,2,0.2142857142857143,5,9,5.206114292144775,2.595489025115967,training,50,0,0.5379221439361572,0.10482161443786375,0.20506109558576657,0.1111111111111111,0.14347472588811797,0.7148225386093269,0.0848840006667014
tonic,grad_mse,0.8,3,0.0,0,9,204.3111114501953,143.68539428710938,training,25,1,0.8174757957458496,0.17381266718325408,0.17817163467407227,0.2997555202907986,0.5380706787109375,0.03301990659613358,0.020086015973772322
tonic,grad_guarino,0.8,3,0.0,0,9,60616.953125,24.114959716796875,training,25,1,1.1794819831848145,0.1738883640455163,0.5,0.8888888888888888,0.6,0.9473684210526315,0.451192147391183
tonic,grad_vanrossum,0.8,3,-0.14229249011857706,2,9,9.582319259643555,8.5408296585083,training,25,1,0.9351160526275635,0.17381299889605978,0.3702780604362488,0.3526913113064236,0.36991424560546876,0.020292909521805614,0.020925249372209822
tonic,nm_guarino,0.8,3,0.0,0,9,60245.37109375,15.954782485961914,training,50,1,0.5290119647979736,0.17262450418848838,0.3397318661458042,0.5898305253950159,0.40999562052278177,0.02714687217025613,0.008573692988989023
tonic,grad_mse,0.8,4,-1.0,30,9,114.2043228149414,114.2043228149414,init,0,3,0.7695801258087158,0.1481601546250016,0.35880181638430986,0.1111111111111111,0.24402660360906395,0.05263157894736842,0.37142857142857144
tonic,grad_guarino,0.8,4,0.0,0,9,52.69504928588867,24.118148803710938,training,25,3,1.171266794204712,0.17391304347826086,0.5,0.8888888888888888,0.6,0.9473684210526315,0.37142857142857144
tonic,grad_vanrossum,0.8,4,0.0,0,9,43.270843505859375,14.26714038848877,training,25,3,0.936967134475708,0.17391304347826086,0.5,0.8888888888888888,0.6,0.9473684210526315,0.37142857142857144
tonic,nm_guarino,0.8,4,0.30555555555555564,9,9,8.594738006591797,0.6095892190933228,training,50,3,0.5293569564819336,0.13013132410381692,0.35420302441545726,0.0200907263069158,0.44290923271920546,0.050508327953501415,0.2695082533288454
tonic,grad_mse,0.8,5,0.17424242424242425,3,9,182.73602294921875,181.5819549560547,training,25,3,0.8012819290161133,0.17391304347826086,0.4998599886894226,0.11042717827690972,0.6,0.9458361173930921,0.37142857142857144
tonic,grad_guarino,0.8,5,-1.0,172,9,1.477616310119629,1.4763869047164917,training,25,3,1.1990740299224854,0.8243915765181832,0.4998999834060669,0.11101158989800347,0.39999984741210937,0.052533701846474094,0.6284572056361607
tonic,grad_vanrossum,0.8,5,0.9473684210526316,10,9,4.910048007965088,4.910048007965088,init,25,3,0.9378223419189453,0.05209034004094297,0.5,0.1111111111111111,0.20321485258765962,0.05263157894736842,0.45877423633414033
tonic,nm_guarino,0.8,5,-0.38888888888888884,9,9,1.3776403665542603,1.0113011598587036,training,50,3,0.5335679054260254,0.038930071425666624,0.48497434334197065,0.08785745841129255,0.20006077554082025,0.05263157894736842,0.4563269254578005
tonic,grad_mse,0.8,6,0.0,0,9,92.75154876708984,54.412689208984375,training,25,2,0.8062248229980469,0.17391304347826086,0.5,0.4059909396701389,0.6,0.9385461305317125,0.6285714285714286
tonic,grad_guarino,0.8,6,0.05533596837944664,2,9,6.623047351837158,6.614867687225342,training,25,2,1.26763916015625,0.17391304347826086,0.4999145269393921,0.11096564398871528,0.6,0.05249460119950144,0.23597085135323662
tonic,grad_vanrossum,0.8,6,0.05533596837944664,2,9,7.313893795013428,7.3091936111450195,training,25,2,0.9482369422912598,0.17391304347826086,0.4997272491455078,0.11097886827256945,0.6,0.05250518572957892,0.2611912318638393
tonic,nm_guarino,0.8,6,1.0,9,9,3.0228970050811768,0.3351511061191559,training,50,2,0.7567377090454102,0.2634492241826241,0.46831129846021513,0.08703703703703683,0.3741352114852265,0.05175438596491228,0.2901709782245413
tonic,grad_mse,0.8,7,0.007142857142857149,11,9,145.50985717773438,145.1719512939453,training,25,1,0.8014509677886963,0.03298041302224864,0.4537738561630249,0.10828925238715278,0.39995849609375,0.05253245956019351,0.5097185407366072
tonic,grad_guarino,0.8,7,0.10256410256410257,4,9,5.696559906005859,5.696559906005859,init,25,1,1.1814658641815186,0.1328959133145855,0.28497525017650505,0.008875576936173326,0.21503929416974643,0.05263157894736842,0.4561995169900432
tonic,grad_vanrossum,0.8,7,0.14736842105263157,6,9,5.996609210968018,4.782989978790283,training,25,1,0.9327139854431152,0.12810065228006115,0.3062959909439087,0.03256174723307292,0.0049822998046875,0.052531650191859194,0.4504542759486607
tonic,nm_guarino,0.8,7,-0.5625,9,9,3.1965420246124268,0.4060714542865753,training,50,1,0.5307989120483398,0.13041967249848074,0.2955216786298387,0.11045315720064114,0.06332873080899219,0.047043368114037525,0.17853505602130246
tonic,grad_mse,0.8,8,0.0,0,9,56.81570053100586,56.74015426635742,training,25,2,0.8006620407104492,0.17391304347826086,0.5,0.8888888888888888,0.6,0.9473684210526315,0.37142857142857144
tonic,grad_guarino,0.8,8,0.0,0,9,25.61046600341797,24.116004943847656,training,25,2,1.17985200881958,0.17391304347826086,0.5,0.8865059746636285,0.6,0.9472376170911287,0.37142857142857144
tonic,grad_vanrossum,0.8,8,0.13333333333333336,1,9,19.567501068115234,8.608805656433105,training,25,2,0.94126296043396,0.17391304347826086,0.5,0.04764946831597222,0.6,0.20884503816303454,0.37142857142857144
tonic,nm_guarino,0.8,8,1.0,9,9,6.010243892669678,0.36169469356536865,training,50,2,0.5656239986419678,0.2239564205451015,0.19753199705009394,0.00025523278506701296,0.156161786775516,0.051678741551763205,0.018882770512625564
tonic,grad_mse,0.8,9,-1.0,326,9,871.9156494140625,602.4247436523438,training,2,3,0.8568089008331299,0.14073194420855978,0.4141835570335388,0.1110110812717014,0.3999000549316406,0.052533971635918865,0.09520470755440848
tonic,grad_guarino,0.8,9,-0.1522491349480969,8,9,301587.03125,1.6985368728637695,training,25,3,1.256584882736206,0.17391304347826086,0.5,0.11100090874565972,0.3998692321777344,0.05262635883532072,0.6285714285714286
tonic,grad_vanrossum,0.8,9,-0.1522491349480969,8,9,245045.328125,7.138162612915039,training,25,3,0.9397580623626709,0.17391304347826086,0.5,0.11102277967664931,0.39993011474609375,0.0526227825566342,0.6285714285714286
tonic,nm_guarino,0.8,9,-1.0,1536,9,564.5562744140625,544.5567626953125,training,50,3,0.5465781688690186,0.26922154878825616,0.02648821578613547,0.5220451471292832,0.3999999999999829,0.052500020245180724,0.2451418698211167
tonic,grad_mse,0.8,10,0.5806451612903227,22,9,246.59999084472656,246.59999084472656,init,0,1,0.7799808979034424,0.04516722272128168,0.4396890042610919,0.1111111111111111,0.20420488985288557,0.3126667613196209,0.33636664421183116
tonic,grad_guarino,0.8,10,0.5806451612903227,22,9,19.833606719970703,19.833606719970703,init,0,1,1.1668410301208496,0.04516722272128168,0.4396890042610919,0.1111111111111111,0.20420488985288557,0.3126667613196209,0.33636664421183116
tonic,grad_vanrossum,0.8,10,0.5806451612903227,22,9,17.58930206298828,17.58930206298828,init,0,1,0.8470029830932617,0.04516722272128168,0.4396890042610919,0.1111111111111111,0.20420488985288557,0.3126667613196209,0.33636664421183116
tonic,nm_guarino,0.8,10,1.0,9,9,5.433389663696289,0.29571786522865295,training,50,1,0.5390121936798096,0.023404578168313483,0.4645369631771148,0.1111111111111111,0.005218669617483442,0.3065969353417318,0.20336481044108723
tonic,grad_mse,0.8,11,-1.0,32,9,91.46566772460938,91.46566772460938,init,0,3,0.7870769500732422,0.17391304347826086,0.0449417437547619,0.0001367850561949682,0.14883784786070606,0.05263157894736842,0.37142857142857144
tonic,grad_guarino,0.8,11,-1.0,32,9,57.79876708984375,57.79876708984375,init,0,3,1.1684942245483398,0.17391304347826086,0.0449417437547619,0.0001367850561949682,0.14883784786070606,0.05263157894736842,0.37142857142857144
tonic,grad_vanrossum,0.8,11,-1.0,32,9,55.48002243041992,55.48002243041992,init,0,3,0.8134610652923584,0.17391304347826086,0.0449417437547619,0.0001367850561949682,0.14883784786070606,0.05263157894736842,0.37142857142857144
tonic,nm_guarino,0.8,11,-0.04166666666666662,9,9,9.398391723632812,1.0202280282974243,training,50,3,0.6598320007324219,0.15413315007766765,0.027730906905476083,0.08987888122961023,0.27919931859249514,0.05091498994896307,0.2702981353189683
tonic,grad_mse,0.8,12,0.0,0,9,157.0084686279297,156.71170043945312,training,25,1,0.8053488731384277,0.17391304347826086,0.5,0.8888888888888888,0.6,0.05249247425480893,0.4824606759207589
tonic,grad_guarino,0.8,12,0.035714285714285705,5,9,3.8221850395202637,3.8221850395202637,init,2,1,1.5155446529388428,0.27846647230582144,0.2962200140043222,0.1376811626734568,0.3209248200156395,0.05263157894736842,0.5018308905036926
tonic,grad_vanrossum,0.8,12,0.0,0,9,5.577355861663818,5.577351093292236,training,25,1,0.943824291229248,0.17197657046110734,0.025981664657592773,0.8125581529405382,0.5863955688476562,0.052531305112336814,0.5016771589006697
tonic,nm_guarino,0.8,12,-0.5625,9,9,2.2221875190734863,0.587994396686554,training,50,1,0.5314719676971436,0.3178165419975382,0.2944060807262202,0.05407034306033438,0.08088792704083346,0.04966020776880389,0.3637771039858454
tonic,grad_mse,0.8,13,-1.0,54,9,131.11297607421875,131.11297607421875,init,0,2,0.7794077396392822,0.514527744359435,0.2976998224774905,0.1111111111111111,0.3848789828639195,0.05263157894736842,0.18584299977425148
tonic,grad_guarino,0.8,13,-1.0,54,9,209.7955322265625,209.7955322265625,init,0,2,1.183556079864502,0.514527744359435,0.2976998224774905,0.1111111111111111,0.3848789828639195,0.05263157894736842,0.18584299977425148
tonic,grad_vanrossum,0.8,13,-1.0,54,9,163.01559448242188,163.01559448242188,init,0,2,0.8190181255340576,0.514527744359435,0.2976998224774905,0.1111111111111111,0.3848789828639195,0.05263157894736842,0.18584299977425148
tonic,nm_guarino,0.8,13,-0.20553359683794487,14,9,16.19499969482422,3.059319019317627,training,50,2,0.5330259799957275,0.45379063244970735,0.36364999368108797,0.13823051601031391,0.2950186960082607,0.04746175978083726,0.6230219245125649
tonic,grad_mse,0.8,14,0.25296442687747034,2,9,165.6208038330078,165.37156677246094,training,25,1,0.7984049320220947,0.17391304347826086,0.46155214309692383,0.11100955539279514,0.6,0.947361193205181,0.18857203892299107
tonic,grad_guarino,0.8,14,0.12454212454212447,12,9,2.858426094055176,2.858426094055176,init,25,1,1.1774377822875977,0.5363750192770804,0.007831641635968944,0.1111111111111111,0.21652122793299783,0.14172584742411476,0.286006241594481
tonic,grad_vanrossum,0.8,14,0.2142857142857143,5,9,5.028780460357666,4.939024925231934,training,25,1,0.9386880397796631,0.12475658914317256,0.024373292922973633,0.1110110812717014,0.24904327392578124,0.10683039615028783,0.2628121512276786
tonic,nm_guarino,0.8,14,-0.5625,9,9,1.958326816558838,0.7941804528236389,training,50,1,0.5328021049499512,0.525347803799982,0.018585568490621762,0.06685285990549801,0.33427096054400435,0.1443766559225257,0.3382986759664675
tonic,grad_mse,0.8,15,0.0,0,9,486.8032531738281,71.22344970703125,training,25,2,0.7917969226837158,0.17391304347826086,0.46639662981033325,0.8870385064019097,0.5862577819824218,0.05253040790557861,0.3713293892996652
tonic,grad_guarino,0.8,15,0.0,0,9,65077.59765625,23.966140747070312,training,25,2,1.195868968963623,0.17391304347826086,0.4999626874923706,0.8846950954861111,0.6,0.05245007966694079,0.3713100978306362
tonic,grad_vanrossum,0.8,15,0.0,0,9,56099.65625,9.83480167388916,training,25,2,0.9697599411010742,0.17391304347826086,0.4999227523803711,0.6912529839409722,0.6,0.05246626703362716,0.3713128226143973
tonic,nm_guarino,0.8,15,-0.1522491349480969,8,9,275.0858459472656,0.7454249858856201,training,50,2,0.5259110927581787,0.06960383676930411,0.33580440953680646,0.0066259190922683805,0.3743380900189032,0.04963113462478359,0.161462363240087
tonic,grad_mse,0.8,16,-0.04166666666666662,9,9,201.4027862548828,186.03062438964844,training,25,1,0.7985320091247559,0.16148595395295517,0.5,0.11110975477430556,0.4,0.05263157894736842,0.6285714285714286
tonic,grad_guarino,0.8,16,-0.20454545454545459,3,9,9.261229515075684,9.261229515075684,init,25,1,1.1669297218322754,0.17391304347826086,0.25886352964915504,0.2796769161166165,0.193931502516769,0.5374749368357785,0.0699182098198727
tonic,grad_vanrossum,0.8,16,0.4977777777777778,16,9,7.054421901702881,4.340129375457764,training,25,1,0.9467508792877197,0.17381193741508152,0.4854111671447754,0.11098395453559028,0.39980072021484375,0.05253510726125617,0.25287955147879465
tonic,nm_guarino,0.8,16,-0.5625,9,9,5.661226272583008,0.17624139785766602,training,50,1,0.553292989730835,0.02661113432559605,0.2579779015771586,0.08136787773250218,0.4,0.5263290575417173,0.02706718373791911
tonic,grad_mse,0.8,17,0.0,0,9,82.84893798828125,53.37802505493164,training,25,2,0.7962150573730469,0.5853420755137568,0.32628679275512695,0.32639499240451386,0.4228912353515625,0.05253158117595472,0.3713284083775112
tonic,grad_guarino,0.8,17,0.0,0,9,23.953794479370117,23.776763916015625,training,25,2,1.3104960918426514,0.17331987463909646,0.22515451908111572,0.5306408352322048,0.42285888671875,0.05253158117595472,0.3713284083775112
tonic,grad_vanrossum,0.8,17,0.0,0,9,9.386730194091797,9.304967880249023,training,25,2,0.967303991317749,0.21202432383661685,0.16990840435028076,0.3446770562065972,0.422861328125,0.05253158117595472,0.3713284083775112
tonic,nm_guarino,0.8,17,0.0,0,9,15.85379409790039,15.684155464172363,training,50,2,0.9392249584197998,0.22181445230448324,0.21569449967024745,0.5151800135876802,0.4228009071896588,0.052549800299661935,0.35344078646547855
tonic,grad_mse,0.8,18,-1.0,180,9,137.4893798828125,137.42111206054688,training,25,1,0.8155519962310791,0.8260869565217391,0.499908983707428,0.1111111111111111,0.4,0.05263157894736842,0.6285714285714286
tonic,grad_guarino,0.8,18,0.08333333333333325,7,9,1.7948999404907227,1.7948999404907227,init,1,1,1.1557011604309082,0.029933210533688182,0.5,0.2189079973609299,0.13175452790132283,0.04059149147349045,0.29895135885845026
tonic,grad_vanrossum,0.8,18,-1.0,257,9,4.764719009399414,4.764701843261719,training,1,1,0.8241622447967529,0.8255727643552033,0.4999001622200012,0.11111043294270834,0.39999969482421877,0.050474116676732114,0.3724921090262277
tonic,nm_guarino,0.8,18,1.0,9,9,1.3949474096298218,0.20364271104335785,training,50,1,0.5341758728027344,0.02022668886060664,0.46982167352537696,0.1965953555204155,0.217531573377006,0.04170188062489318,0.2399197089928407
tonic,grad_mse,0.8,19,0.0,25,9,123.9021987915039,64.610107421875,training,4,2,0.803095817565918,0.17381293255349864,0.1416640281677246,0.09568328857421875,0.3520172119140625,0.052531800772014414,0.08166852678571429
tonic,grad_guarino,0.8,19,0.05533596837944664,2,9,13.976057052612305,13.976057052612305,init,25,2,1.2056198120117188,0.17391304347826086,0.34985892040917244,0.0363781374237356,0.38332247861001745,0.05263157894736842,0.41685224634939655
tonic,grad_vanrossum,0.8,19,0.10256410256410257,4,9,8.08901309967041,5.644894123077393,training,25,2,0.9342749118804932,0.17381299889605978,0.31450366973876953,0.03467203776041667,0.130731201171875,0.05253163764351293,0.41198883056640623
tonic,nm_guarino,0.8,19,-0.5625,9,9,9.07526683807373,0.5239402651786804,training,50,2,0.5355188846588135,0.09294534319497258,0.3024503687287763,0.10743639467167883,0.1496814209543254,0.048163563553925516,0.2564644771385178
tonic,grad_mse,0.8,20,0.0,0,9,121.6767349243164,52.89488983154297,training,25,2,0.8012518882751465,0.17381299889605978,0.40449094772338867,0.2502315945095486,0.5315519714355469,0.05253151843422338,0.3855538504464286
tonic,grad_guarino,0.8,20,0.0,0,9,13.364163398742676,13.143386840820312,training,25,2,1.1794140338897705,0.17381299889605978,0.3126717805862427,0.06571095784505208,0.5128182983398437,0.052531530982569644,0.37260633196149556
tonic,grad_vanrossum,0.8,20,0.05533596837944664,2,9,7.664159297943115,7.502119541168213,training,25,2,0.9318656921386719,0.17381299889605978,0.2619636058807373,0.006366644965277778,0.4504632568359375,0.052531574901781584,0.3726553780691964
tonic,nm_guarino,0.8,20,-0.5625,9,9,8.463482856750488,0.47578659653663635,training,50,2,0.5327122211456299,0.008737598315712563,0.16950091866742478,0.10396139804704994,0.021307999926495427,0.046285195316646544,0.1822341035889906
tonic,grad_mse,0.8,21,0.0,0,9,134.69430541992188,134.49050903320312,training,25,1,0.8001418113708496,0.1738204292629076,0.49989986419677734,0.8805811564127605,0.5948150634765625,0.007806106617576198,0.227618408203125
tonic,grad_guarino,0.8,21,0.05533596837944664,2,9,3.9987688064575195,3.9526166915893555,training,25,1,1.1940512657165527,0.028460361646569295,0.4998999834060669,0.4515538533528646,0.39489990234375,0.029121624796014083,0.36065804617745534
tonic,grad_vanrossum,0.8,21,0.3076923076923076,12,9,5.463228225708008,3.8231842517852783,training,25,1,0.933251142501831,0.48871028734290084,0.4998999834060669,0.11980319552951389,0.10875411987304688,0.03368873345224481,0.3774662562779018
tonic,nm_guarino,0.8,21,-0.5625,9,9,2.398775577545166,0.1960558295249939,training,50,1,0.5341818332672119,0.2701843025763247,0.43758954376652737,0.09223430352496204,0.1228833220998348,0.02676225113261634,0.17012854924402468
tonic,grad_mse,0.8,22,-1.0,1807,9,301.5235900878906,167.0942840576172,training,25,2,0.7991771697998047,0.1738352236540421,0.5,0.11089358859592013,0.4,0.05263157894736842,0.37142857142857144
tonic,grad_guarino,0.8,22,0.17424242424242425,3,9,4.310049057006836,0.9046084880828857,training,25,2,1.1799111366271973,0.17381432574728262,0.49942106008529663,0.11100972493489583,0.599674072265625,0.9473684210526315,0.3714266095842634
tonic,grad_vanrossum,0.8,22,0.25296442687747034,2,9,5.156136989593506,4.006519317626953,training,25,2,0.9327189922332764,0.17381372866423234,0.4943440556526184,0.11101040310329861,0.5999685668945313,0.9473677183452406,0.321453857421875
tonic,nm_guarino,0.8,22,0.08333333333333325,7,9,2.7100577354431152,1.1784576177597046,training,50,2,0.5275130271911621,0.17391304347826086,0.17609425019597902,0.10470347516906789,0.3207100250287098,0.5585908280752574,0.08003144963318098
tonic,grad_mse,0.8,23,0.38735177865612636,14,9,93.88203430175781,93.88203430175781,init,10,3,0.7767899036407471,0.17391304347826086,0.2727498159734494,0.1111111111111111,0.4,0.06261300873980384,0.12440570168783702
tonic,grad_guarino,0.8,23,0.14736842105263157,6,9,5.250108242034912,1.266127586364746,training,25,3,1.3018569946289062,0.17381352963654892,0.15471112728118896,0.11101040310329861,0.3998992919921875,0.9470290133827611,0.031101553780691963
tonic,grad_vanrossum,0.8,23,-1.0,109,9,6.335952281951904,4.312610626220703,training,2,3,1.3758399486541748,0.17381279986837636,0.4030110836029053,0.11101142035590278,0.39990036010742186,0.050916935268201326,0.021015494210379463
tonic,nm_guarino,0.8,23,-0.5625,9,9,2.749979019165039,0.7003632187843323,training,50,3,0.5523669719696045,0.17391304347825964,0.27387616295215134,0.010037660935042443,0.39999999999999714,0.06499803206996457,0.2502975292973953
tonic,grad_mse,0.8,24,0.10256410256410257,4,9,115.89225769042969,115.81362915039062,training,25,2,0.8141741752624512,0.12014896558678669,0.4998999834060669,0.1110110812717014,0.4444036865234375,0.12234100542570416,0.013065338134765625
tonic,grad_guarino,0.8,24,-0.02807017543859652,6,9,3.8119754791259766,2.433891773223877,training,25,2,1.195357084274292,0.09256916875424592,0.4998999834060669,0.1110110812717014,0.02287109375,0.018296191566868833,0.3076385498046875
tonic,grad_vanrossum,0.8,24,0.2142857142857143,5,9,5.07662296295166,4.916133403778076,training,25,2,0.9374871253967285,0.09959305472995923,0.4998999834060669,0.1110110812717014,0.1289247131347656,0.035134742134495786,0.2972721644810268
tonic,nm_guarino,0.8,24,0.25694444444444436,7,9,2.2120578289031982,1.1254030466079712,training,50,2,0.538499116897583,0.09655405587208475,0.49946344862495495,0.1100886037561136,0.031165188306220556,0.029735889469969162,0.23071013613869695
tonic,grad_mse,0.8,25,-1.0,35,9,306.9143981933594,299.4300231933594,training,1,2,0.781998872756958,0.27399185844089674,0.11177217960357666,0.05823499891493056,0.22758132934570313,0.05253094121029502,0.3713282993861607
tonic,grad_guarino,0.8,25,0.0,0,9,283807.4375,23.96344566345215,training,25,2,1.193830966949463,0.17391304347826086,0.5,0.8888888888888888,0.6,0.051639437675476074,0.3712359837123326
tonic,grad_vanrossum,0.8,25,0.0,0,9,236832.484375,9.066222190856934,training,25,2,0.9433221817016602,0.17391304347826086,0.5,0.8887054443359375,0.6,0.05197617254759136,0.37125571114676337
tonic,nm_guarino,0.8,25,0.24561403508771928,10,9,558.5369873046875,0.7342576384544373,training,50,2,0.549713134765625,0.284163643569061,0.11612536177149657,0.04399727036006627,0.319014995023428,0.04851593627483136,0.16683981690365357
tonic,grad_mse,0.8,26,-1.0,190,9,185.2801513671875,184.8403778076172,training,25,2,0.8081557750701904,0.8260843940403151,0.348141074180603,0.11101209852430556,0.39990127563476563,0.05263152247981021,0.6126207624162946
tonic,grad_guarino,0.8,26,0.18571428571428572,11,9,2.4524612426757812,1.463614821434021,training,25,2,1.2582848072052002,0.06159236742102581,0.017963409423828125,0.1110110812717014,0.3999000549316406,0.0632619857788086,0.4118857247488839
tonic,grad_vanrossum,0.8,26,-0.05860805860805866,12,9,5.932064533233643,5.931755065917969,training,13,2,0.8898649215698242,0.12191593336022419,0.02601468563079834,0.1110110812717014,0.3999000549316406,0.03684927287854647,0.40059487479073663
tonic,nm_guarino,0.8,26,-0.5625,9,9,2.052365779876709,1.0379164218902588,training,50,2,0.5355238914489746,0.10099515166439986,0.03261356579224639,0.028552558045013002,0.3999999999999994,0.05137615741036281,0.5126555557652693
tonic,grad_mse,0.8,27,-1.0,138,9,410.12567138671875,172.1765594482422,training,2,2,0.8028028011322021,0.8255672081657078,0.318601131439209,0.11101125081380209,0.01626373291015625,0.052530840823524876,0.41559884207589287
tonic,grad_guarino,0.8,27,0.3636363636363637,3,9,138206.1875,8.343559265136719,training,25,2,1.2158019542694092,0.17391304347826086,0.5,0.1110110812717014,0.6,0.052320235653927454,0.6285714285714286
tonic,grad_vanrossum,0.8,27,0.3636363636363637,3,9,110515.6328125,7.062501907348633,training,25,2,0.9272251129150391,0.17391304347826086,0.49999988079071045,0.1110110812717014,0.6,0.052393976010774314,0.6285714285714286
tonic,nm_guarino,0.8,27,0.020761245674740504,8,9,378.5663757324219,1.064598798751831,training,50,2,0.5379288196563721,0.6714294697756041,0.16252401943062456,0.21028802029923985,0.6,0.04279715717811294,0.4058992498780376
tonic,grad_mse,0.8,28,0.25296442687747034,2,9,92.93218994140625,92.43209838867188,training,25,2,0.8033421039581299,0.17391304347826086,0.5,0.11099310980902778,0.6,0.05249793905960886,0.37142857142857144
tonic,grad_guarino,0.8,28,0.30555555555555564,9,9,0.48752903938293457,0.48752903938293457,init,25,2,1.1720609664916992,0.2630831517132482,0.260921618075895,0.1111111111111111,0.4046785429791794,0.05263157894736842,0.044419517642142074
tonic,grad_vanrossum,0.8,28,0.17424242424242425,3,9,3.551947593688965,3.551769971847534,training,25,2,0.9393880367279053,0.1718373837678329,0.09424722194671631,0.1110107421875,0.584864501953125,0.0525312486447786,0.038300214494977676
tonic,nm_guarino,0.8,28,0.30555555555555564,9,9,0.4876445531845093,0.4876445531845093,init,50,2,0.5355279445648193,0.2630831517132482,0.260921618075895,0.1111111111111111,0.4046785429791794,0.05263157894736842,0.044419517642142074
tonic,grad_mse,0.8,29,0.0,0,9,88.80353546142578,70.23570251464844,training,25,2,0.9467871189117432,0.17381293255349864,0.4526998996734619,0.22154744466145834,0.37613983154296876,0.0419550569433915,0.3713284083775112
tonic,grad_guarino,0.8,29,0.0,0,9,24.042329788208008,23.775707244873047,training,25,2,1.2165720462799072,0.17381299889605978,0.43395471572875977,0.4456990559895833,0.30067626953125,0.0845109412544652,0.3713284083775112
tonic,grad_vanrossum,0.8,29,0.0,0,9,9.589523315429688,9.318714141845703,training,25,2,1.3717870712280273,0.17381299889605978,0.42902982234954834,0.21611904568142362,0.29737960815429687,0.08790553243536699,0.3713284083775112
tonic,nm_guarino,0.8,29,0.0,0,9,15.942329406738281,15.68164348602295,training,50,2,0.5509469509124756,0.14496832770425658,0.4733468461284498,0.4132524079728528,0.3590566478999915,0.0854618332193278,0.37142857142857144
adaptation,grad_mse,0.02,0,0.75,5,5,21.494647979736328,21.494647979736328,init,25,0,0.816453218460083,0.007732235025126561,0.0007250643470526619,0.0046718019503711305,0.00033425668232183624,0.005694466076211303,0.016891489523501134
adaptation,grad_guarino,0.02,0,0.75,5,5,0.12861905992031097,0.11973968893289566,training,25,0,1.230025053024292,0.007105155613111413,0.0005540847778320312,0.0051534016927083336,0.00160369873046875,0.005620705453973068,0.01447906494140625
adaptation,grad_vanrossum,0.02,0,1.0,5,5,0.8704965114593506,0.6482441425323486,training,25,0,0.9472217559814453,0.01372627590013587,0.001273036003112793,0.0011393229166666667,0.00731658935546875,0.006563412515740646,0.036842455182756695
adaptation,nm_guarino,0.02,0,1.0,5,5,0.12849144637584686,0.095784991979599,training,50,0,0.5317420959472656,0.007732235025126561,0.0007250643470526619,0.0046718019503711305,0.00033425668232183624,0.011242347274758714,0.016891489523501134
adaptation,grad_mse,0.02,1,1.0,5,5,9.6475191116333,9.6475191116333,init,25,0,0.814406156539917,0.01657090601691444,0.0009203052174708848,0.002103692122052002,0.0028935440361871657,0.008286392279547574,0.006564731330450968
adaptation,grad_guarino,0.02,1,1.0,5,5,1.5519318580627441,1.5519318580627441,init,25,0,1.1862273216247559,0.01657090601691444,0.0009203052174708848,0.002103692122052002,0.0028935440361871657,0.008286392279547574,0.006564731330450968
adaptation,grad_vanrossum,0.02,1,1.0,5,5,0.12622599303722382,0.12622599303722382,init,25,0,0.9506328105926514,0.01657090601691444,0.0009203052174708848,0.002103692122052002,0.0028935440361871657,0.008286392279547574,0.006564731330450968
adaptation,nm_guarino,0.02,1,0.25,5,5,1.4517658948898315,0.33961719274520874,training,50,0,0.5338118076324463,0.022297148442031237,0.03836843325927153,0.033497905377460155,0.0715799764584989,0.005197825765243215,0.02148047122958953
adaptation,grad_mse,0.02,2,0.3167420814479638,8,5,32.234703063964844,32.23393249511719,training,25,0,0.8011448383331299,0.14692203687584918,0.06157684326171875,0.06351284450954861,0.3096183776855469,0.015259962332876105,0.017032405308314732
adaptation,grad_guarino,0.02,2,0.05291005291005289,4,5,1.3323761224746704,1.3317397832870483,training,25,0,1.1959178447723389,0.008841274095618206,0.0078355073928833,0.014000108506944444,0.0123101806640625,0.006025502556248715,0.009664699009486606
adaptation,grad_vanrossum,0.02,2,1.0,5,5,2.09745192527771,0.33514875173568726,training,25,0,0.9457862377166748,0.00071563720703125,0.011097431182861328,0.006615193684895834,0.017564544677734373,0.004355254926179585,0.011374773297991072
adaptation,nm_guarino,0.02,2,1.0,5,5,1.2322770357131958,0.21364788711071014,training,50,0,0.5288760662078857,0.003884846269494841,0.0056763768830576655,0.07975811056279933,0.13152562715712235,0.0021378131865473827,0.07333473652869843
adaptation,grad_mse,0.02,3,0.25,5,5,35.23179244995117,35.23179244995117,init,25,0,0.7998080253601074,0.0006919786832502664,0.005221564471761697,0.002257643196104987,0.012926822290828,0.0003920369133445745,0.014138707497086704
adaptation,grad_guarino,0.02,3,0.25,5,5,0.3884158730506897,0.3594857454299927,training,25,0,1.1674320697784424,0.0013322249702785326,0.005456447601318359,0.002718777126736111,0.015253448486328125,0.0005031510403281764,0.01411557878766741
adaptation,grad_vanrossum,0.02,3,-0.06944444444444445,1,5,2.1622793674468994,1.1399753093719482,training,25,0,1.0125031471252441,0.0970619533372962,0.04103207588195801,0.13970981174045138,0.4326499938964844,0.028814591859516344,0.01784907749720982
adaptation,nm_guarino,0.02,3,0.75,5,5,0.38833314180374146,0.1310933381319046,training,50,0,0.5614190101623535,0.024449029381219012,0.02626566646181927,0.002257643196104987,0.012926822290828,0.0003920369133445745,0.014138707497086704
adaptation,grad_mse,0.02,4,0.8465608465608466,4,5,23.9982967376709,23.9982967376709,init,25,0,0.8259241580963135,0.005102871742535157,0.002633504544963028,0.0002701319814235603,0.013710853978803072,0.002494828168811116,0.013143085561752749
adaptation,grad_guarino,0.02,4,0.31746031746031744,4,5,1.3407292366027832,1.3250454664230347,training,25,0,1.2273123264312744,0.00885261867357337,0.0014102458953857422,0.0030141194661458333,0.027006988525390626,0.0032279114974172493,0.014412035260881697
adaptation,grad_vanrossum,0.02,4,1.0,5,5,1.0932961702346802,0.2381855994462967,training,25,0,0.9430959224700928,0.002942491614300272,0.003483295440673828,0.0013921101888020833,0.005211639404296875,0.002070627714458265,0.013211713518415179
adaptation,nm_guarino,0.02,4,0.75,5,5,1.2406301498413086,0.1852312982082367,training,50,0,0.5422940254211426,0.006568950534119228,0.0009761371119927365,0.028079263109587298,0.06690923303292834,0.001009705377652022,0.05807317521909689
adaptation,grad_mse,0.02,5,-0.21164021164021166,4,5,20.932727813720703,20.932703018188477,training,25,0,0.8044109344482422,0.027705648671025814,0.0008696317672729492,0.012610541449652778,0.0824615478515625,0.0077374671634874844,0.04481560843331473
adaptation,grad_guarino,0.02,5,1.0,5,5,0.06389179825782776,0.06389179825782776,init,25,0,1.3621320724487305,0.0024186803281946575,0.008788755516562441,0.006885983583109439,0.00651679113949001,0.010436620287242045,0.010867353967614892
adaptation,grad_vanrossum,0.02,5,1.0,5,5,0.5253980159759521,0.26208749413490295,training,25,0,1.3877930641174316,0.00324554443359375,0.008314371109008789,0.00618438720703125,0.01023529052734375,0.010338770715813888,0.011204201834542411
adaptation,nm_guarino,0.02,5,1.0,5,5,0.06381832808256149,0.043857645243406296,training,50,0,0.5505228042602539,0.0024186803281946575,0.008788755516562441,0.006885983583109439,0.00651679113949001,0.005695293406867299,0.010867353967614892
adaptation,grad_mse,0.02,6,0.0,0,5,15.739710807800293,15.738126754760742,training,25,0,0.8135890960693359,0.1620872165845788,0.11465191841125488,0.591231452094184,0.597061767578125,0.15433600074366519,0.016424342564174108
adaptation,grad_guarino,0.02,6,0.25,5,5,1.3958001136779785,0.525023341178894,training,25,0,1.200805902481079,0.00027857241423233695,0.019409894943237305,0.007480197482638889,0.0306829833984375,0.008674696872108862,0.09674290248325892
adaptation,grad_vanrossum,0.02,6,0.8465608465608466,4,5,0.37519651651382446,0.37519606947898865,training,25,0,0.9338891506195068,0.005380647078804348,0.006590604782104492,0.0010921902126736112,0.01512359619140625,0.004089631532367907,0.012254987444196428
adaptation,nm_guarino,0.02,6,0.25,5,5,1.2957004308700562,0.49552637338638306,training,50,0,0.5404400825500488,0.027342988821171928,0.02284072413701166,0.037622530995616896,0.06855378962409646,0.00241580058714433,0.002738656374502974
adaptation,grad_mse,0.02,7,0.75,5,5,25.01189422607422,25.01189422607422,init,25,0,0.8315389156341553,0.010544115186517466,0.0010842325191569024,0.0012541805302798063,0.002649290100392534,0.001501219892086771,0.016637328715117812
adaptation,grad_guarino,0.02,7,0.75,5,5,0.14465998113155365,0.1446598470211029,training,25,0,1.1910808086395264,0.01056664508322011,0.001076340675354004,0.0012359619140625,0.002594146728515625,0.0015032291412353516,0.016581290108816964
adaptation,grad_vanrossum,0.02,7,0.5,5,5,1.0949211120605469,1.0846682786941528,training,25,0,0.9505679607391357,0.010403309697690218,0.0005680322647094727,0.0008800930447048611,0.000915374755859375,0.0015496956674676192,0.020495387486049108
adaptation,nm_guarino,0.02,7,1.0,5,5,0.14458347856998444,0.09925568848848343,training,50,0,0.5397148132324219,0.010544115186517466,0.0010842325191569024,0.0012541805302798063,0.002649290100392534,0.0036868770080457254,0.016637328715117812
adaptation,grad_mse,0.02,8,0.5820105820105821,4,5,26.652969360351562,26.652969360351562,init,25,0,0.8050141334533691,0.010165992119878129,0.00563301144132744,0.0026998756030432486,0.005800822394060958,0.011045766522760826,0.010098215660489782
adaptation,grad_guarino,0.02,8,0.5820105820105821,4,5,1.3791495561599731,1.3565454483032227,training,25,0,1.1955180168151855,0.01303054146144701,0.004967689514160156,0.005199008517795139,0.000933990478515625,0.011424365796540914,0.0032675606863839285
adaptation,grad_vanrossum,0.02,8,1.0,5,5,1.4143519401550293,0.3601047694683075,training,25,0,0.9433581829071045,0.007738528044327446,0.006593465805053711,0.0006757948133680556,0.015365753173828125,0.010422656410618833,0.01020355224609375
adaptation,nm_guarino,0.02,8,1.0,5,5,1.2790507078170776,0.15160343050956726,training,50,0,0.5339877605438232,0.011512304114428117,0.022672288639451477,0.05690371693013737,0.09913243409976218,0.005567566086613007,0.030471559551707272
adaptation,grad_mse,0.02,9,1.0,5,5,14.479989051818848,14.479989051818848,init,25,0,0.8013381958007812,0.0067796204473046864,0.010848894328461922,0.004317522482204102,0.013755196129353352,0.005212549025594736,0.0011494129609567543
adaptation,grad_guarino,0.02,9,0.05291005291005289,4,5,1.4108953475952148,1.2927886247634888,training,25,0,1.212989091873169,0.006059132451596468,0.006780266761779785,0.005025906032986111,0.0480615234375,0.00382701974166067,0.024455806187220982
adaptation,grad_vanrossum,0.02,9,1.0,5,5,0.1964663565158844,0.17657452821731567,training,25,0,0.9318840503692627,0.006016739555027174,0.010745763778686523,0.0038157145182291666,0.01419219970703125,0.005189619566264905,0.003064727783203125
adaptation,nm_guarino,0.02,9,0.5,5,5,1.3108683824539185,0.2972547113895416,training,50,0,0.535618782043457,0.016036291112238296,0.009131738970553416,0.04119625707621676,0.07183629406755215,0.004299550822724035,0.038454605432236076
adaptation,grad_mse,0.02,10,-1.0,32,5,22.486141204833984,22.48601531982422,training,25,0,0.7947137355804443,0.08099842900815217,0.04316115379333496,0.02952202690972222,0.19978958129882812,0.012343118065281919,0.3481285095214844
adaptation,grad_guarino,0.02,10,1.0,5,5,0.10683483630418777,0.07631393522024155,training,25,0,1.1855602264404297,0.01560317329738451,0.0009176731109619141,0.005491807725694444,0.00570404052734375,0.005310585624293277,0.00548858642578125
adaptation,grad_vanrossum,0.02,10,1.0,5,5,0.8287137150764465,0.4775903820991516,training,25,0,0.9401609897613525,0.0019395247749660325,0.0004214048385620117,0.01032986111111111,0.004633636474609375,0.006895341371235095,0.038070787702287945
adaptation,nm_guarino,0.02,10,1.0,5,5,0.10675892233848572,0.06614675372838974,training,50,0,0.5295829772949219,0.015131017950303855,0.0007797715846644682,0.005597780441586211,0.0064926624962564,0.01086310020804539,0.00827711190433616
adaptation,grad_mse,0.02,11,-1.0,1640,5,40.05105209350586,40.05073165893555,training,1,0,0.7755210399627686,0.11317762291949729,0.19433116912841797,0.05409206814236111,0.3998680114746094,0.04066420856275057,0.37142857142857144
adaptation,grad_guarino,0.02,11,0.75,5,5,0.5492016077041626,0.19775985181331635,training,25,0,1.1857960224151611,0.002127937648607337,0.0001404285430908203,0.009667121039496528,0.003472137451171875,0.009851280011628804,0.017861393519810267
adaptation,grad_vanrossum,0.02,11,0.5,5,5,2.762385606765747,1.0133025646209717,training,25,0,1.0724992752075195,0.015114228621773099,0.0009865760803222656,6.951226128472222e-05,0.0208856201171875,0.008560218309101305,0.06267765590122767
adaptation,nm_guarino,0.02,11,1.0,5,5,0.5491154789924622,0.08718176931142807,training,50,0,0.5297610759735107,0.010355689078264039,0.01893855898627317,0.020643429551605804,0.011171529943662223,0.008854286004026345,0.022246185793717847
adaptation,grad_mse,0.02,12,0.05291005291005289,4,5,24.751461029052734,24.388729095458984,training,25,0,1.2754042148590088,0.004330510678498641,0.0010309219360351562,0.0182769775390625,0.0294775390625,0.008904902558577689,0.03796844482421875
adaptation,grad_guarino,0.02,12,0.05291005291005289,4,5,1.2830411195755005,1.282657265663147,training,25,0,1.2221078872680664,0.01429755169412364,0.0023174285888671875,0.023859320746527777,0.034305267333984375,0.00783928444511012,0.003981672014508928
adaptation,grad_vanrossum,0.02,12,1.0,5,5,1.4197139739990234,0.2631778120994568,training,25,0,0.964357852935791,0.0022126570991847826,0.007553219795227051,0.01141204833984375,0.012071075439453125,0.009426066749974302,0.007888902936662947
adaptation,nm_guarino,0.02,12,0.25,5,5,1.1829414367675781,0.378926545381546,training,50,0,0.5327908992767334,0.0077803988338677466,0.015787497173509912,0.06729440493410424,0.10060954468145696,0.010171762990241619,0.016591156282015213
adaptation,grad_mse,0.02,13,0.5820105820105821,4,5,27.564292907714844,27.564292907714844,init,25,0,0.80710768699646,0.007908277205914917,0.010073930314573376,0.008525872946299274,0.009933128663357422,0.008023078258988936,0.0004977352332507021
adaptation,grad_guarino,0.02,13,0.5820105820105821,4,5,1.2770458459854126,1.2757086753845215,training,25,0,1.187408208847046,0.011507382600203805,0.010602235794067383,0.011464606391059028,0.014988250732421875,0.00774542908919485,0.014509364536830356
adaptation,grad_vanrossum,0.02,13,0.5820105820105821,4,5,1.6769728660583496,1.5239496231079102,training,25,0,0.9477078914642334,0.007349097210427989,0.009848356246948242,0.007957967122395833,0.008300323486328125,0.008077859878540039,0.0010986328125
adaptation,nm_guarino,0.02,13,0.25,5,5,1.1769465208053589,0.5853284001350403,training,50,0,0.5422289371490479,0.010345703579796018,0.014268580121002739,0.012870543581026874,0.05640243371453067,0.0077529669266674164,0.005102292434295512
adaptation,grad_mse,0.02,14,0.05291005291005289,4,5,24.59669303894043,24.596263885498047,training,25,0,0.8088252544403076,0.007318513289741848,0.018323183059692383,0.008533732096354166,0.0311944580078125,0.004390892229582134,0.005889892578125
adaptation,grad_guarino,0.02,14,0.75,5,5,0.14870096743106842,0.14870096743106842,init,25,0,1.2120299339294434,0.0014741870558536805,0.013073031273205249,3.3420375366530504e-05,0.008803505524956847,0.00333485957011965,0.011760038735153192
adaptation,grad_vanrossum,0.02,14,0.75,5,5,1.031612753868103,0.5605660080909729,training,25,0,0.9471611976623535,0.006798520295516305,0.01373291015625,0.0031053331163194446,0.002008819580078125,0.004215265575208162,0.021672494070870536
adaptation,nm_guarino,0.02,14,1.0,5,5,0.1486239731311798,0.10435809195041656,training,50,0,0.5590600967407227,0.0014741870558536805,0.013073031273205249,3.3420375366530504e-05,0.008803505524956847,0.008764760443362484,0.011760038735153192
adaptation,grad_mse,0.02,15,0.75,5,5,24.875743865966797,24.875743865966797,init,25,0,0.812669038772583,6.0368767683287486e-05,0.013372301923242569,0.007874168134053939,0.009922452496167295,0.004891215648799311,0.006065996951897188
adaptation,grad_guarino,0.02,15,1.0,5,5,0.13686862587928772,0.0753103569149971,training,25,0,1.1875,0.003021638289741848,0.01358342170715332,0.009624057345920138,0.00893707275390625,0.005019702409443103,0.012221854073660714
adaptation,grad_vanrossum,0.02,15,1.0,5,5,1.007444143295288,0.13241338729858398,training,25,0,0.9371719360351562,0.0018690689750339674,0.012500882148742676,0.006537543402777778,0.01713958740234375,0.004630960916218005,0.0056886945452008925
adaptation,nm_guarino,0.02,15,1.0,5,5,0.13679280877113342,0.08352889120578766,training,50,0,0.5317809581756592,6.0368767683287486e-05,0.013372301923242569,0.007874168134053939,0.009922452496167295,0.00012738146349757317,0.006065996951897188
adaptation,grad_mse,0.02,16,0.0,0,5,15.393227577209473,15.393205642700195,training,25,0,0.8164360523223877,0.17391304347826086,0.24731755256652832,0.8888887193467881,0.6,0.945922148855109,0.07485591343470982
adaptation,grad_guarino,0.02,16,1.0,5,5,0.048305388540029526,0.048305388540029526,init,25,0,1.1876440048217773,0.0026914676679164924,0.013996717553500515,0.010371672138708732,0.005435113831658782,2.6071228301689275e-05,0.007728853375190527
adaptation,grad_vanrossum,0.02,16,1.0,5,5,0.23382340371608734,0.23382340371608734,init,25,0,0.9369328022003174,0.0026914676679164924,0.013996717553500515,0.010371672138708732,0.005435113831658782,2.6071228301689275e-05,0.007728853375190527
adaptation,nm_guarino,0.02,16,1.0,5,5,0.048298873007297516,0.048298873007297516,init,50,0,0.5374147891998291,0.0026914676679164924,0.013996717553500515,0.010371672138708732,0.005435113831658782,2.6071228301689275e-05,0.007728853375190527
adaptation,grad_mse,0.02,17,0.0,0,5,18.02956199645996,17.991701126098633,training,25,0,0.817767858505249,0.17333009139351221,0.18952572345733643,0.878263176812066,0.5999951171875,0.3852480838173314,0.12082693917410714
adaptation,grad_guarino,0.02,17,0.05291005291005289,4,5,1.3559483289718628,1.2767502069473267,training,25,0,1.1840012073516846,0.02250631581182065,0.02792346477508545,0.029308742947048612,0.1001904296875,3.453304893092105e-05,0.01048398699079241
adaptation,grad_vanrossum,0.02,17,0.8465608465608466,4,5,0.4528859257698059,0.45288318395614624,training,25,0,0.9313309192657471,0.0002743264903192935,0.01904749870300293,0.005951944986979167,0.0065966796875,0.0037732877229389394,0.004987008231026786
adaptation,nm_guarino,0.02,17,1.0,5,5,1.2558029890060425,0.2593896985054016,training,50,0,0.5316720008850098,0.01645904497351679,0.03606956773834291,0.05058165265066887,0.06706479487051183,0.006471679106203236,0.007575924244277539
adaptation,grad_mse,0.02,18,-1.0,2465,5,15.24090576171875,15.240798950195312,training,25,0,0.9729957580566406,0.7702768574590269,0.7480674982070923,0.11105177137586805,0.4,0.05263139699634753,0.37142857142857144
adaptation,grad_guarino,0.02,18,1.0,5,5,0.07370088249444962,0.07370088249444962,init,25,0,1.19815993309021,0.008748451951063019,0.0016264336995868156,0.008618045892623943,0.002509082446811135,0.014229919712042537,0.006145118154872518
adaptation,grad_vanrossum,0.02,18,1.0,5,5,0.34606605768203735,0.34606605768203735,init,25,0,1.4140980243682861,0.008748451951063019,0.0016264336995868156,0.008618045892623943,0.002509082446811135,0.014229919712042537,0.006145118154872518
adaptation,nm_guarino,0.02,18,1.0,5,5,0.07367561757564545,0.025776756927371025,training,50,0,0.5417220592498779,0.016301618819423918,0.03195997529932848,0.004999399384458217,0.00044203061792188694,0.0157267791758,0.0038279665649702515
adaptation,grad_mse,0.02,19,0.5,5,5,31.107763290405273,31.107763290405273,init,25,0,0.810528039932251,0.0014926595715870096,0.009349628047629066,0.0015956930702777249,0.007337430116775465,0.015568825459201404,0.0034035245705246503
adaptation,grad_guarino,0.02,19,0.5,5,5,0.23437051475048065,0.23437051475048065,init,25,0,1.2246642112731934,0.0014926595715870096,0.009349628047629066,0.0015956930702777249,0.007337430116775465,0.015568825459201404,0.0034035245705246503
adaptation,grad_vanrossum,0.02,19,0.8465608465608466,4,5,1.5624481439590454,0.7991677522659302,training,25,0,0.9435248374938965,0.007132422405740489,0.011118650436401367,0.006004503038194445,0.01165130615234375,0.01503338939265201,0.008200509207589286
adaptation,nm_guarino,0.02,19,0.5,5,5,0.23429250717163086,0.18358898162841797,training,50,0,0.5394761562347412,0.0014926595715870096,0.009349628047629066,0.0015956930702777249,0.007337430116775465,0.011084108837424628,0.0034035245705246503
adaptation,grad_mse,0.02,20,0.8465608465608466,4,5,24.53514289855957,24.53514289855957,init,18,0,0.8073940277099609,0.005914119699625693,0.0002032666876785605,0.011402479656596003,0.009726549136118763,0.010022465682616081,0.006317416565063638
adaptation,grad_guarino,0.02,20,0.05291005291005289,4,5,1.3924295902252197,1.3827662467956543,training,25,0,1.3954291343688965,0.023213394828464674,0.0016560554504394531,0.004282463921440972,0.0533966064453125,0.01340760682758532,0.02058933803013393
adaptation,grad_vanrossum,0.02,20,0.8465608465608466,4,5,1.1045811176300049,1.1045808792114258,training,25,0,0.9777531623840332,0.005884850543478261,0.0004200935363769531,0.01123996310763889,0.01099456787109375,0.010026254151996813,0.0073551722935267854
adaptation,nm_guarino,0.02,20,0.5,5,5,1.2923306226730347,0.31272023916244507,training,50,0,0.5417399406433105,0.003507309266526541,0.009303200056908434,0.03495020166681305,0.09046953404903206,0.008206634237895284,0.05602118742593843
adaptation,grad_mse,0.02,21,-0.12422360248447205,2,5,23.207931518554688,23.207927703857422,training,25,0,0.846137285232544,0.07478040612262228,0.0400543212890625,0.08943990071614584,0.3626263427734375,0.01956083900050113,0.003993879045758928
adaptation,grad_guarino,0.02,21,-0.21164021164021166,4,5,1.3039922714233398,1.2949228286743164,training,25,0,1.1921532154083252,0.007450269616168478,0.013298511505126953,0.010771857367621528,0.076954345703125,0.0026878934157522102,0.000830078125
adaptation,grad_vanrossum,0.02,21,0.5820105820105821,4,5,1.170453667640686,1.170453667640686,init,25,0,0.9502089023590088,0.00919502371314892,0.007038270766283494,0.0023519642080483687,0.015152698319217848,4.061835667244408e-05,0.005547669032579198
adaptation,nm_guarino,0.02,21,0.25,5,5,1.2038929462432861,0.3733201324939728,training,50,0,0.5328938961029053,0.019939188745306317,0.019697237975462967,0.06364006713983202,0.08685998461011593,0.000616575789736565,0.001773205150489941
adaptation,grad_mse,0.02,22,0.31746031746031744,4,5,31.766382217407227,30.294448852539062,training,25,0,0.8007159233093262,0.024820742399796196,0.004751920700073242,0.0013298882378472222,0.00059814453125,0.010595246365195826,0.0768373761858259
adaptation,grad_guarino,0.02,22,0.31746031746031744,4,5,1.3416376113891602,1.3416376113891602,init,25,0,1.1851780414581299,0.007454325825693292,0.005434339455487214,0.010258932844902487,0.004400989505507766,0.012825915708903119,0.005077642725836386
adaptation,grad_vanrossum,0.02,22,0.8465608465608466,4,5,1.889811635017395,1.22074556350708,training,25,0,0.9613010883331299,0.010940817128057065,0.006209850311279297,0.007893541124131945,0.003658599853515625,0.012179173921283922,0.009083666120256696
adaptation,nm_guarino,0.02,22,0.75,5,5,1.2415385246276855,0.28797540068626404,training,50,0,0.5268111228942871,0.022274579813363067,0.010722061468765975,0.0728789608479098,0.1329879932917305,0.00852742984008238,0.08544524582258484
adaptation,grad_mse,0.02,23,0.5820105820105821,4,5,27.1575984954834,27.1575984954834,init,25,0,0.7956581115722656,0.009291430213196512,0.006794114653076111,0.013508686644377437,0.0021910964028467104,0.004534447535864967,0.007724156777027044
adaptation,grad_guarino,0.02,23,0.05291005291005289,4,5,1.3023983240127563,1.2987589836120605,training,25,0,1.1701231002807617,0.005647609544836956,0.009037137031555176,0.01726345486111111,0.02022857666015625,0.005540182715968082,0.023072596958705355
adaptation,grad_vanrossum,0.02,23,0.8465608465608466,4,5,1.6016343832015991,1.0902098417282104,training,25,0,0.9383227825164795,0.011108265752377717,0.006170749664306641,0.0119598388671875,0.007852783203125,0.004240964588366057,0.008001055036272322
adaptation,nm_guarino,0.02,23,0.25,5,5,1.2022993564605713,0.40348950028419495,training,50,0,0.5304341316223145,0.023463723338462316,0.031469445848737454,0.06490044176061487,0.10573727983893377,0.003153117331467696,0.017817543732078077
adaptation,grad_mse,0.02,24,-0.0478468899521531,6,5,32.331974029541016,32.331825256347656,training,25,0,0.7990400791168213,0.038988196331521736,0.025131702423095703,0.028223503960503472,0.13977859497070313,0.010758186641492341,0.006398337227957589
adaptation,grad_guarino,0.02,24,0.31746031746031744,4,5,1.366956353187561,1.361212134361267,training,25,0,1.1852521896362305,0.0013393899668817935,0.001429438591003418,0.007096184624565972,0.01067291259765625,0.017508431484824734,0.00447235107421875
adaptation,grad_vanrossum,0.02,24,1.0,5,5,1.8229117393493652,0.4239765405654907,training,25,0,0.9358930587768555,0.011339933975883152,0.0045166015625,0.0006595187717013889,0.014974822998046875,0.015709626047234786,0.013925933837890625
adaptation,nm_guarino,0.02,24,0.25,5,5,1.2668581008911133,0.31051939725875854,training,50,0,0.7147908210754395,0.03568871522193779,0.05148983580326694,0.05942685395026438,0.09950937785350276,0.012599047056668354,0.019811318611958485
adaptation,grad_mse,0.02,25,0.8465608465608466,4,5,20.5212345123291,20.5212345123291,init,25,0,0.8242640495300293,0.0009029795738379799,0.0150057888079147,0.0034966010984517322,0.0042378296473930275,0.005358069145925649,0.010729240691072001
adaptation,grad_guarino,0.02,25,0.25,5,5,1.3215062618255615,0.4115842580795288,training,25,0,1.7057957649230957,0.00509285304857337,0.021434545516967773,0.002361721462673611,0.01450531005859375,0.0054644283495451276,0.015143694196428572
adaptation,grad_vanrossum,0.02,25,0.25,5,5,0.9176650643348694,0.32893040776252747,training,25,0,0.971214771270752,0.005280204441236413,0.01734638214111328,0.0010810004340277778,0.017062530517578126,0.0062282210902163855,0.011394827706473215
adaptation,nm_guarino,0.02,25,0.5,5,5,1.2214069366455078,0.29877719283103943,training,50,0,0.553168773651123,0.0005097922008626137,0.033835035125224344,0.04660367845057339,0.09597219565843944,0.007399385843727919,0.07751241609275812
adaptation,grad_mse,0.02,26,0.044642857142857185,9,5,17.021211624145508,17.01987075805664,training,2,0,0.7958390712738037,0.42907840894616167,0.10387945175170898,0.09625345865885417,0.38509292602539064,0.031656666805869656,0.15531529017857143
adaptation,grad_guarino,0.02,26,0.5,5,5,1.338294506072998,0.20656369626522064,training,25,0,1.2081971168518066,0.011955393915591033,0.004526972770690918,0.005560811360677083,0.00812713623046875,0.010303522411145662,0.008190482003348215
adaptation,grad_vanrossum,0.02,26,0.8465608465608466,4,5,0.5341144800186157,0.5341140627861023,training,25,0,0.9552230834960938,0.005772134532099185,0.006619811058044434,0.010502454969618056,0.01166229248046875,0.009652664786890933,0.011224910191127231
adaptation,nm_guarino,0.02,26,0.25,5,5,1.238149642944336,0.38007864356040955,training,50,0,0.5374677181243896,0.00016034133140232885,0.002637515275738078,0.06639981084297202,0.0902298503980154,0.01378791799420308,0.007474751552730652
adaptation,grad_mse,0.02,27,0.13888888888888884,7,5,30.125083923339844,30.125015258789062,training,25,0,0.8075079917907715,0.08922815737516984,0.04749608039855957,0.04828694661458333,0.2461431884765625,0.005574703216552734,0.00034637451171875
adaptation,grad_guarino,0.02,27,0.31746031746031744,4,5,1.3717551231384277,1.3637399673461914,training,25,0,1.1942238807678223,0.010035042140794837,0.011392354965209961,0.006726921929253472,0.012774505615234376,0.012726231625205591,0.00825958251953125
adaptation,grad_vanrossum,0.02,27,-0.0478468899521531,6,5,1.7415043115615845,1.2925050258636475,training,25,0,0.9536309242248535,0.0027839992357336957,0.021793365478515625,0.004773118760850695,0.09167831420898437,0.006702335257279246,0.10550929478236608
adaptation,nm_guarino,0.02,27,1.0,5,5,1.2716562747955322,0.14471428096294403,training,50,0,0.5395829677581787,0.01642407089544112,0.03039887576222866,0.04762936184642052,0.08755125017405022,0.0054692496613284345,0.05030849101821632
adaptation,grad_mse,0.02,28,0.11363636363636365,3,5,32.81270217895508,32.81259536743164,training,25,0,0.821911096572876,0.011390022609544836,0.013791561126708984,0.020193990071614584,0.22790069580078126,0.017278947328266344,0.3002844674246652
adaptation,grad_guarino,0.02,28,0.31746031746031744,4,5,1.3350223302841187,1.3350223302841187,init,25,0,1.2206368446350098,0.000974780196623872,0.007204956774508275,0.004154186677424655,0.013810410042279102,0.007575422037527935,0.009042493567169175
adaptation,grad_vanrossum,0.02,28,0.31746031746031744,4,5,2.062791109085083,0.3534447252750397,training,25,0,0.951312780380249,0.0032929130222486415,0.007646083831787109,0.0017384847005208334,0.0072479248046875,0.006876330626638312,0.0178924560546875
adaptation,nm_guarino,0.02,28,0.5,5,5,1.2349227666854858,0.3470713794231415,training,50,0,0.5347611904144287,0.011593711927024292,0.004686671821273691,0.06531133865178036,0.1287955945519147,0.00318505600403386,0.07942455425465604
adaptation,grad_mse,0.02,29,1.0,5,5,19.21614646911621,19.21614646911621,init,25,0,0.804006814956665,0.0059360620984443314,0.003677629062874166,0.0017848316034802438,0.0077783426066716285,0.006425751616516145,0.015692663567495758
adaptation,grad_guarino,0.02,29,1.0,5,5,0.057356271892786026,0.05210821330547333,training,25,0,1.182265043258667,0.005997035814368207,0.003695249557495117,0.0017425537109375,0.007569732666015625,0.006416584316052888,0.015663582938058036
adaptation,grad_vanrossum,0.02,29,1.0,5,5,0.408782958984375,0.17336256802082062,training,25,0,0.9397079944610596,0.006341287364130435,0.003893613815307617,0.0013932969835069445,0.00549468994140625,0.006352801071970086,0.015325709751674106
adaptation,nm_guarino,0.02,29,1.0,5,5,0.057349707931280136,0.04538864269852638,training,50,0,0.5316188335418701,0.0059360620984443314,0.003677629062874166,0.0017848316034802438,0.0077783426066716285,0.0014838813026051103,0.015692663567495758
adaptation,grad_mse,0.05,0,0.2777777777777778,1,5,30.585304260253906,30.58329963684082,training,25,0,0.7985780239105225,0.11727155602496603,0.05546069145202637,0.1563663058810764,0.5109423828125,0.07726957923487614,0.04234030587332589
adaptation,grad_guarino,0.05,0,0.5,5,5,0.33666855096817017,0.33666855096817017,init,25,0,1.2026801109313965,0.019330587562816342,0.0018126608676314326,0.011679504875927983,0.0008356417058044486,0.014236165190528236,0.04222872380875283
adaptation,grad_vanrossum,0.05,0,0.75,5,5,1.863620638847351,1.0672874450683594,training,25,0,0.9317328929901123,0.02127984088400136,0.002559661865234375,0.01023135715060764,0.00738067626953125,0.014817978206433748,0.04319501604352679
adaptation,nm_guarino,0.05,0,1.0,5,5,0.3365370035171509,0.11915925145149231,training,50,0,0.5766491889953613,0.019330587562816342,0.07690329391101303,0.011679504875927983,0.0008356417058044486,0.014236165190528236,0.04222872380875283
adaptation,grad_mse,0.05,1,1.0,5,5,11.759063720703125,11.759063720703125,init,25,0,0.8101940155029297,0.04142726504228597,0.002300763043677323,0.005259230305129689,0.007233860090468056,0.020715980698868913,0.016411828326127215
adaptation,grad_guarino,0.05,1,1.0,5,5,0.03224398195743561,0.02496819943189621,training,25,0,1.1853320598602295,0.04253798775050951,0.002166748046875,0.0047142876519097225,0.005975341796875,0.020578346754375258,0.014103480747767858
adaptation,grad_vanrossum,0.05,1,1.0,5,5,0.24021771550178528,0.24021771550178528,init,25,0,1.1196138858795166,0.04142726504228597,0.002300763043677323,0.005259230305129689,0.007233860090468056,0.020715980698868913,0.016411828326127215
adaptation,nm_guarino,0.05,1,1.0,5,5,0.03226065635681152,0.03226065635681152,init,50,0,0.5274250507354736,0.04142726504228597,0.002300763043677323,0.005259230305129689,0.007233860090468056,0.020715980698868913,0.016411828326127215
adaptation,grad_mse,0.05,2,-0.13574660633484167,8,5,49.964385986328125,49.96371841430664,training,25,0,0.883922815322876,0.10340198019276495,0.07505500316619873,0.05539482964409722,0.28527496337890623,0.008449999909651907,0.03521619524274554
adaptation,grad_guarino,0.05,2,-0.21164021164021166,4,5,1.377037763595581,1.3770376443862915,training,25,0,1.7023329734802246,0.01660308837890625,0.021775484085083008,0.030022176106770833,0.0100732421875,0.01393731016861765,0.025473676409040177
adaptation,grad_vanrossum,0.05,2,0.11363636363636365,3,5,3.5833346843719482,2.448518753051758,training,25,0,0.9560408592224121,0.013051041312839674,0.015799283981323242,0.028107028537326387,0.061184234619140625,0.016004261217619244,0.15525665283203124
adaptation,nm_guarino,0.05,2,1.0,5,5,1.2769386768341064,0.17229732871055603,training,50,0,0.5387771129608154,0.02334180926827623,0.010757535528676199,0.002849358374308824,0.0366882004464722,0.016417916407481744,0.06292936289489066
adaptation,grad_mse,0.05,3,-0.4444444444444445,10,5,42.697147369384766,36.51261901855469,training,25,0,0.8079731464385986,0.6854598003885021,0.0992279052734375,0.09827033148871528,0.39578933715820314,0.039848697812933674,0.01718662806919643
adaptation,grad_guarino,0.05,3,0.0,5,5,0.9919046759605408,0.9785431027412415,training,25,0,1.1920340061187744,0.007676033351732337,0.015077590942382812,0.009448920355902777,0.05230911254882813,0.001987934112548828,0.03525445120675223
adaptation,grad_vanrossum,0.05,3,0.0,5,5,3.4249777793884277,3.4249777793884277,init,25,0,0.95924973487854,0.001729946708125666,0.013053911179404354,0.0056441079902621516,0.032317055727069714,0.0009800922833614362,0.03534676874271676
adaptation,nm_guarino,0.05,3,1.0,5,5,0.9918046593666077,0.012317799031734467,training,50,0,0.5350310802459717,0.0058521437617017735,6.278239027590615e-05,0.0013085059973923939,0.004987435207444264,6.899352459131449e-05,0.0035999557851888703
adaptation,grad_mse,0.05,4,0.0,5,5,34.167205810546875,34.167049407958984,training,25,0,0.8061809539794922,0.002723428477411685,0.013620257377624512,0.012182956271701389,0.0234527587890625,0.003307342529296875,0.017266845703125
adaptation,grad_guarino,0.05,4,-0.21164021164021166,4,5,1.3553428649902344,1.352389931678772,training,25,0,1.1852121353149414,0.021099853515625,0.0027158260345458984,0.008144802517361112,0.0713885498046875,0.008233020180150083,0.033165413992745536
adaptation,grad_vanrossum,0.05,4,0.8465608465608466,4,5,1.9815905094146729,0.938216507434845,training,25,0,0.9477169513702393,0.010199173637058424,0.0077495574951171875,0.0015614827473958333,0.02420989990234375,0.005632212287501285,0.03460453578404018
adaptation,nm_guarino,0.05,4,0.25,5,5,1.2552438974380493,0.39247310161590576,training,50,0,0.5310933589935303,0.06407526300595978,0.09446502149941027,0.010835752485147686,0.046350425817415726,0.009182448439348042,0.021425012975085776
adaptation,grad_mse,0.05,5,0.75,5,5,31.610891342163086,31.610891342163086,init,25,0,0.8073010444641113,0.00604670082048652,0.02197188879140599,0.017214958957773915,0.016291977848725027,0.026091550718105122,0.027168384919037336
adaptation,grad_guarino,0.05,5,0.75,5,5,0.19047217071056366,0.19047217071056366,init,25,0,1.180037021636963,0.00604670082048652,0.02197188879140599,0.017214958957773915,0.016291977848725027,0.026091550718105122,0.027168384919037336
adaptation,grad_vanrossum,0.05,5,1.0,5,5,1.3634101152420044,0.37817227840423584,training,25,0,0.9388659000396729,0.01135459568189538,0.02062249183654785,0.01429562038845486,0.03040618896484375,0.025869953004937423,0.012989480154854911
adaptation,nm_guarino,0.05,5,0.75,5,5,0.19039706885814667,0.151084765791893,training,50,0,0.5529758930206299,0.00604670082048652,0.02197188879140599,0.017214958957773915,0.016291977848725027,0.022132970359273536,0.027168384919037336
adaptation,grad_mse,0.05,6,0.8465608465608466,4,5,22.905054092407227,22.905054092407227,init,25,0,0.8047809600830078,0.01566074927958413,0.01725458011858305,0.004216726551743477,0.03009002541351066,0.009819419608706902,0.03061713545195975
adaptation,grad_guarino,0.05,6,0.75,5,5,1.380810022354126,0.15322980284690857,training,25,0,1.1871778964996338,0.005479563837466033,0.02808356285095215,0.014342244466145833,0.030238037109375,0.010519529643811677,0.03880015781947545
adaptation,grad_vanrossum,0.05,6,0.05291005291005289,4,5,0.88587886095047,0.8408743739128113,training,25,0,0.9347589015960693,0.007037287173063859,0.014247417449951172,0.0011176215277777777,0.05686004638671875,0.011414967085185804,0.03210732596261161
adaptation,nm_guarino,0.05,6,1.0,5,5,1.2807104587554932,0.07708920538425446,training,50,0,0.5311489105224609,0.017825767303816683,0.019285548402886876,0.03313343305722659,0.048248073082673384,0.0054448794419744645,0.03581313225049923
adaptation,grad_mse,0.05,7,0.0,0,5,34.23310089111328,34.2305908203125,training,25,0,0.8288676738739014,0.13007805865743885,0.0723876953125,0.28987189398871527,0.5466690063476562,0.04118161452443976,0.04731379917689732
adaptation,grad_guarino,0.05,7,0.25,5,5,0.373811274766922,0.373811274766922,init,25,0,1.196850061416626,0.026360287966293607,0.002710581297892034,0.0031354513256992,0.006623225250981761,0.0037530497302169156,0.041593321787794735
adaptation,grad_vanrossum,0.05,7,0.31746031746031744,4,5,2.2735595703125,0.9362156987190247,training,25,0,0.929408073425293,0.013879129161005435,0.006742000579833984,0.01192440456814236,0.0439654541015625,0.0022870615908974095,0.04533604213169643
adaptation,nm_guarino,0.05,7,1.0,5,5,0.37372928857803345,0.11227398365736008,training,50,0,0.5352587699890137,0.0035051026168587116,0.021237115247406235,0.0002829720808155874,0.00207285639407786,0.003938818093161737,0.01934152020820018
adaptation,grad_mse,0.05,8,-0.21164021164021166,4,5,40.146392822265625,37.430294036865234,training,25,0,0.8032310009002686,0.02738202965777853,0.0072133541107177734,0.014968193901909722,0.030820465087890624,0.02844715118408203,0.05250919886997768
adaptation,grad_guarino,0.05,8,-0.21164021164021166,4,5,1.4297834634780884,1.4292194843292236,training,25,0,1.2030620574951172,0.03562860903532609,0.009241342544555664,0.01810268825954861,0.034594879150390626,0.03228433508622019,0.02456817626953125
adaptation,grad_vanrossum,0.05,8,0.19138755980861247,6,5,2.5541586875915527,0.8096268177032471,training,25,0,1.115157127380371,0.019358427628226902,0.025024056434631348,0.0022706773546006943,0.11756271362304688,0.020148201992637234,0.11861899239676339
adaptation,nm_guarino,0.05,8,1.0,5,5,1.3296846151351929,0.24029427766799927,training,50,0,0.5312738418579102,0.0011029514837416529,0.04462038384692102,0.06847039002738661,0.09408732239444134,0.02597395242786951,0.02044896050120794
adaptation,grad_mse,0.05,9,0.0,0,5,17.749162673950195,17.748641967773438,training,25,0,0.8134090900421143,0.17384404721467392,0.21291840076446533,0.8824462890625,0.5999998474121093,0.43199067366750615,0.00281524658203125
adaptation,grad_guarino,0.05,9,1.0,5,5,1.3861184120178223,0.06588014215230942,training,25,0,1.7356081008911133,0.013897174337635869,0.02748119831085205,0.010047743055555556,0.034792938232421876,0.012973710110313013,0.009540666852678572
adaptation,grad_vanrossum,0.05,9,1.0,5,5,0.48456645011901855,0.48456645011901855,init,25,0,0.9540290832519531,0.016949051118261654,0.027122235821154694,0.010793806205510414,0.03438799032338324,0.013031372563986822,0.0028735324023916827
adaptation,nm_guarino,0.05,9,0.5,5,5,1.2860918045043945,0.2507239580154419,training,50,0,0.5367999076843262,0.018238156409866296,0.00886568032651347,0.02532985086170072,0.04292077491150224,0.016143982486681738,0.03241383640819972
adaptation,grad_mse,0.05,10,0.25,5,5,32.09845733642578,29.64507484436035,training,25,0,0.8289351463317871,0.03450483239215353,0.0017924308776855469,0.017464192708333333,0.0227288818359375,0.012532711029052734,0.05749729701450893
adaptation,grad_guarino,0.05,10,0.5,5,5,0.2787209749221802,0.22970707714557648,training,25,0,1.1986241340637207,0.03818478791610054,0.001910090446472168,0.013616943359375,0.015064849853515624,0.013440257624575966,0.016253226143973214
adaptation,grad_vanrossum,0.05,10,0.5,5,5,1.811057448387146,0.3214389979839325,training,25,0,0.9443261623382568,0.037728550123131796,0.001764059066772461,0.01368747287326389,0.016215667724609376,0.013341514687789114,0.02151096888950893
adaptation,nm_guarino,0.05,10,1.0,5,5,0.2786408066749573,0.08795671164989471,training,50,0,0.5363192558288574,0.0037593387500178127,0.0019494289616610594,0.013994451103965844,0.01623165624064086,0.013333195984067972,0.0206927797608403
adaptation,grad_mse,0.05,11,0.0,0,5,43.282161712646484,42.55116653442383,training,25,0,0.8063359260559082,0.14355594800866167,0.1505451202392578,0.32818722195095484,0.5730612182617187,0.0018737316131591797,0.16835479736328124
adaptation,grad_guarino,0.05,11,-0.25,5,5,1.3912816047668457,1.3912816047668457,init,25,0,1.214308261871338,0.0024614329143803535,0.0015931193272609168,0.02313634011762752,0.0328633688495205,0.025241965474885955,0.015458177499420498
adaptation,grad_vanrossum,0.05,11,0.8465608465608466,4,5,3.6396844387054443,0.7224929928779602,training,25,0,0.9647438526153564,0.021438532290251357,0.006714820861816406,0.008203294542100694,0.05220428466796875,0.023844273466812938,0.043752615792410715
adaptation,nm_guarino,0.05,11,1.0,5,5,1.391173005104065,0.13769550621509552,training,50,0,0.533592939376831,0.012579144423940238,0.0225993929906676,0.005649791275102543,0.006417193145307749,0.023885952576020383,0.026698802667226573
adaptation,grad_mse,0.05,12,0.31746031746031744,4,5,34.238067626953125,34.238067626953125,init,25,0,0.8107929229736328,0.013945394075713456,0.015171996536862853,0.037078546750754844,0.0004540671421099773,0.022593195160931712,0.013778941594370459
adaptation,grad_guarino,0.05,12,0.05291005291005289,4,5,1.2279388904571533,1.2279387712478638,training,25,0,1.1737000942230225,0.016660342009171197,0.013685226440429688,0.04110904269748264,0.0106475830078125,0.022393076043379933,0.012232862200055804
adaptation,grad_vanrossum,0.05,12,1.0,5,5,2.5549888610839844,0.6678926944732666,training,25,0,0.9526510238647461,0.007910554305366848,0.01865077018737793,0.028284369574652777,0.02532135009765625,0.023037709687885485,0.016213880266462054
adaptation,nm_guarino,0.05,12,0.0,5,5,1.12783944606781,0.3945525884628296,training,50,0,0.5349118709564209,0.02532174421170969,0.01782418131787411,0.010534645045649743,0.044908601967490254,0.02075608487795825,0.050910537121864406
adaptation,grad_mse,0.05,13,0.0,5,5,38.82234191894531,38.82109451293945,training,25,0,0.809337854385376,0.0020073268724524456,0.01776289939880371,0.0012983534071180556,0.05151824951171875,0.021758581462659334,0.025482613699776786
adaptation,grad_guarino,0.05,13,0.05291005291005289,4,5,1.2343858480453491,1.2341338396072388,training,25,0,1.1801061630249023,0.020663186778192934,0.025602340698242188,0.022486707899305555,0.029042205810546874,0.01997450778358861,0.0010578700474330356
adaptation,grad_vanrossum,0.05,13,1.0,5,5,2.996168375015259,0.5275270938873291,training,25,0,0.9466738700866699,0.0104949951171875,0.021211743354797363,0.010261027018229167,0.014417877197265625,0.02084561398154811,0.005436052594866072
adaptation,nm_guarino,0.05,13,0.5,5,5,1.1342862844467163,0.18313546478748322,training,50,0,0.5442469120025635,0.01975534744770545,0.059077821915020756,0.004966488266273927,0.019059782304753695,0.018164240930866507,0.038097386865925995
adaptation,grad_mse,0.05,14,0.0,5,5,33.80455017089844,25.153621673583984,training,25,0,0.8036248683929443,0.004307887865149456,0.026924848556518555,0.009378729926215277,0.07288909912109375,0.00653445093255294,0.05319061279296875
adaptation,grad_guarino,0.05,14,0.25,5,5,0.3856528401374817,0.38329795002937317,training,25,0,1.1946797370910645,0.002111750063688859,0.03223526477813721,0.0012907240125868056,0.02773193359375,0.007981802287854646,0.029305812290736605
adaptation,grad_vanrossum,0.05,14,-0.12422360248447205,2,5,2.1309022903442383,0.3738897442817688,training,25,0,0.9377729892730713,0.07128806736158289,0.0573580265045166,0.08461829291449653,0.3054498291015625,0.030747338345176296,0.0145599365234375
adaptation,nm_guarino,0.05,14,1.0,5,5,0.3855689465999603,0.1575317233800888,training,50,0,0.541780948638916,0.0036854676396343247,0.10931670709216368,8.355093841601046e-05,0.022008763812391977,0.008337148925299149,0.029400096837882677
adaptation,grad_mse,0.05,15,-0.21164021164021166,4,5,34.693538665771484,34.69350051879883,training,25,0,0.7953500747680664,0.026427957286005433,0.02474069595336914,0.004274156358506944,0.09868011474609376,0.009844315679449784,0.07472555977957589
adaptation,grad_guarino,0.05,15,0.5,5,5,0.3445603847503662,0.3445603847503662,init,25,0,1.1722707748413086,0.00015092191920821872,0.03343075480810631,0.019685420335134533,0.024806131240418382,0.012228039121998272,0.015164992379742972
adaptation,grad_vanrossum,0.05,15,0.25,5,5,2.123985767364502,2.0812325477600098,training,25,0,0.936150074005127,0.0007381936778192935,0.033409833908081055,0.019417317708333333,0.024730224609375,0.012218958453128212,0.018810817173549106
adaptation,nm_guarino,0.05,15,1.0,5,5,0.34448006749153137,0.0661403238773346,training,50,0,0.5268585681915283,0.021099640934887306,0.020511645761313924,0.026593741757842633,0.03548939826627361,0.011408486381105335,0.0002575335056483092
adaptation,grad_mse,0.05,16,1.0,5,5,20.235675811767578,20.235675811767578,init,25,0,1.0077481269836426,0.00672866916979123,0.03499179388375118,0.02592918034677167,0.01358778457914724,6.517807075422903e-05,0.019322133437976317
adaptation,grad_guarino,0.05,16,1.0,5,5,0.11882707476615906,0.11882707476615906,init,25,0,1.1968350410461426,0.00672866916979123,0.03499179388375118,0.02592918034677167,0.01358778457914724,6.517807075422903e-05,0.019322133437976317
adaptation,grad_vanrossum,0.05,16,1.0,5,5,0.5661395788192749,0.5661395192146301,training,25,0,1.485522985458374,0.006839387313179348,0.034818172454833984,0.026011827256944446,0.011224822998046875,0.0001475936488101357,0.015716116768973214
adaptation,nm_guarino,0.05,16,1.0,5,5,0.11882070451974869,0.11270967125892639,training,50,0,0.5457460880279541,0.00672866916979123,0.03499179388375118,0.02592918034677167,0.01358778457914724,0.0015420132876677055,0.019322133437976317
adaptation,grad_mse,0.05,17,-0.25,5,5,16.549945831298828,16.549747467041016,training,25,0,0.818742036819458,0.023704794178838317,0.03859066963195801,0.0067928738064236115,0.0748773193359375,0.012060905757703279,0.015851919991629465
adaptation,grad_guarino,0.05,17,0.31746031746031744,4,5,1.3121187686920166,1.208876371383667,training,25,0,1.2000572681427002,0.0015638931937839674,0.048116445541381836,0.018516031901041667,0.019384613037109377,0.00962463805550023,0.026175362723214284
adaptation,grad_vanrossum,0.05,17,0.0,5,5,0.6191006898880005,0.552768886089325,training,25,0,0.9911658763885498,0.013943680472995924,0.04372048377990723,0.004253811306423611,0.028844451904296874,0.011111780216819361,0.012122889927455357
adaptation,nm_guarino,0.05,17,1.0,5,5,1.2119741439819336,0.20441512763500214,training,50,0,0.5383768081665039,0.011194688724450716,0.036714337406479336,0.042564312908803636,0.08480580044110382,0.011961169550164335,0.0640751091029825
adaptation,grad_mse,0.05,18,-0.12422360248447205,2,5,22.78229331970215,22.780786514282227,training,25,0,0.8218069076538086,0.08110888937245245,0.03394365310668945,0.04876556396484375,0.3741070556640625,0.08614713267276161,0.013216291155133928
adaptation,grad_guarino,0.05,18,1.0,5,5,0.17021380364894867,0.17021380364894867,init,25,0,1.20786714553833,0.021871129877657425,0.004066084248967039,0.02154511473155986,0.006272706117028122,0.03557479928010635,0.015362795387181499
adaptation,grad_vanrossum,0.05,18,1.0,5,5,0.7709426879882812,0.7709406614303589,training,25,0,0.9456121921539307,0.020411483101222826,0.004400372505187988,0.02096676296657986,0.010443115234375,0.03601582426773874,0.015050615583147322
adaptation,nm_guarino,0.05,18,1.0,5,5,0.1701880395412445,0.1701880395412445,init,50,0,0.5363659858703613,0.021871129877657425,0.004066084248967039,0.02154511473155986,0.006272706117028122,0.03557479928010635,0.015362795387181499
adaptation,grad_mse,0.05,19,0.0,0,5,41.45304489135742,41.45024871826172,training,25,0,0.8084499835968018,0.173529517132303,0.19761395454406738,0.8841966417100694,0.5999981689453125,0.011771045233073988,0.27342987060546875
adaptation,grad_guarino,0.05,19,0.25,5,5,0.6403442621231079,0.21481579542160034,training,25,0,1.2071959972381592,0.019872118079144022,0.02001810073852539,0.0016333685980902779,0.003632965087890625,0.038692668864601536,0.009320940290178572
adaptation,grad_vanrossum,0.05,19,1.0,5,5,3.063400983810425,0.770591139793396,training,25,0,0.9450418949127197,0.021146492336107336,0.02109384536743164,0.004385545518663194,0.0091748046875,0.03869538558156867,0.013558741978236607
adaptation,nm_guarino,0.05,19,0.75,5,5,0.6402571797370911,0.22959843277931213,training,50,0,0.5546817779541016,0.006456958079692631,0.02812808384955412,0.008856124847471846,0.023430963933364524,0.03871503211245986,0.04404281221887142
adaptation,grad_mse,0.05,20,0.31746031746031744,4,5,35.278438568115234,35.278438568115234,init,25,0,0.8407697677612305,0.014785299249064358,0.0005081667191964012,0.028506199141490166,0.02431637284029705,0.02505616420654018,0.015793541412659196
adaptation,grad_guarino,0.05,20,0.31746031746031744,4,5,1.4253488779067993,1.4253488779067993,init,25,0,1.1891529560089111,0.014785299249064358,0.0005081667191964012,0.028506199141490166,0.02431637284029705,0.02505616420654018,0.015793541412659196
adaptation,grad_vanrossum,0.05,20,0.11363636363636365,3,5,1.9243162870407104,1.924316167831421,training,25,0,0.9376871585845947,0.024910172172214674,0.009001970291137695,0.022361246744791667,0.12750762939453125,0.03233702559220163,0.12206050327845983
adaptation,nm_guarino,0.05,20,1.0,5,5,1.325250267982483,0.12190889567136765,training,50,0,0.5303421020507812,0.02015200511203706,0.020486597753417657,0.05193096860377801,0.07975255896070849,0.02291099018018167,0.038856656372169396
adaptation,grad_mse,0.05,21,0.31746031746031744,4,5,31.876131057739258,31.876131057739258,init,25,0,0.80181884765625,0.02298755928287236,0.017595676915708625,0.00587991052012108,0.0378817457980449,0.00010154589168111019,0.013869172581447792
adaptation,grad_guarino,0.05,21,0.31746031746031744,4,5,1.267640233039856,1.2676399946212769,training,25,0,1.1777698993682861,0.02300673775050951,0.017527103424072266,0.005915662977430555,0.03715850830078125,0.0001235635657059519,0.01280245099748884
adaptation,grad_vanrossum,0.05,21,1.0,5,5,2.0641322135925293,0.34911903738975525,training,25,0,0.9489750862121582,0.033510291058084236,0.015297412872314453,0.011133999294704862,0.0124456787109375,0.001312933470073499,0.023592376708984376
adaptation,nm_guarino,0.05,21,1.0,5,5,1.1675411462783813,0.15706965327262878,training,50,0,0.5273058414459229,0.033978589797374566,0.07255337007292106,0.019106787091930578,0.004260921562146223,0.0022518288313344804,0.04453631075916117
adaptation,grad_mse,0.05,22,0.13888888888888884,7,5,48.61946105957031,48.619346618652344,training,25,0,0.7978119850158691,0.11695311173148777,0.05055880546569824,0.040142991807725695,0.20380172729492188,0.014594830964740953,0.07719900948660714
adaptation,grad_guarino,0.05,22,0.75,5,5,1.3820422887802124,0.21580849587917328,training,25,0,1.1798441410064697,0.03906721032184103,0.02386951446533203,0.00033128526475694446,0.03713226318359375,0.02783328608462685,0.06827076503208705
adaptation,grad_vanrossum,0.05,22,0.25,5,5,3.272557497024536,0.48891520500183105,training,25,0,0.9535768032073975,0.04096221923828125,0.020184755325317383,0.009010993109809028,0.0447381591796875,0.026827686711361532,0.020854731968470982
adaptation,nm_guarino,0.05,22,0.75,5,5,1.2819424867630005,0.18720388412475586,training,50,0,0.5298559665679932,0.056454899134325845,0.019445576947088927,0.0007060493488738631,0.03319747126370231,0.035116521431524314,0.04980159490253442
adaptation,grad_mse,0.05,23,0.0,0,5,41.74189758300781,41.741390228271484,training,25,0,0.7929620742797852,0.17378420622452445,0.19610261917114258,0.8876937866210938,0.5999969482421875,0.6512936541908666,0.15912769862583706
adaptation,grad_guarino,0.05,23,0.05291005291005289,4,5,1.280268907546997,1.280268907546997,init,3,0,1.161529302597046,0.02322857553299128,0.016985286632690277,0.033771716610943754,0.005477741007116493,0.01133611883966238,0.019310391942567506
adaptation,grad_vanrossum,0.05,23,0.11363636363636365,3,5,2.903078079223633,2.8551158905029297,training,25,0,1.1767590045928955,0.013722958772078804,0.027170538902282715,0.07356465657552083,0.10388397216796875,0.018845658553274053,0.012585667201450892
adaptation,nm_guarino,0.05,23,0.25,5,5,1.1801693439483643,0.2884642779827118,training,50,0,0.5656037330627441,0.060843537393360424,0.0506960707800832,0.007282928741502638,0.050043913029497275,0.013927213878204631,0.0565649085889096
adaptation,grad_mse,0.05,24,-1.0,356,5,49.26930236816406,41.696441650390625,training,3,0,1.377925157546997,0.3197710120159647,0.05862283706665039,0.06683281792534722,0.3516876220703125,0.017994799112018785,0.30385262625558035
adaptation,grad_guarino,0.05,24,-0.12422360248447205,2,5,1.4348400831222534,1.4343093633651733,training,25,0,1.2254736423492432,0.06035308837890625,0.021202921867370605,0.09853006998697916,0.275198974609375,0.07618724672417891,0.023542676653180803
adaptation,grad_vanrossum,0.05,24,0.75,5,5,3.1527717113494873,0.7435093522071838,training,25,0,0.9563429355621338,0.017155721913213316,0.010523319244384766,0.004064602322048611,0.027027740478515624,0.03974723815917969,0.009293692452566964
adaptation,nm_guarino,0.05,24,0.75,5,5,1.3347409963607788,0.23364926874637604,training,50,0,0.5340652465820312,0.04420196066164841,0.02815303115559331,0.011245256192946031,0.027690287809865596,0.04663059568303176,0.0281730118865322
adaptation,grad_mse,0.05,25,0.19138755980861247,6,5,24.820592880249023,24.820505142211914,training,25,0,0.8135080337524414,0.03861681067425272,0.0578157901763916,0.021908230251736112,0.12291778564453125,0.017165196569342362,0.043442426409040176
adaptation,grad_guarino,0.05,25,0.31746031746031744,4,5,1.2874315977096558,1.2819322347640991,training,25,0,1.189337968826294,0.003925622027853261,0.03694438934326172,0.010148451063368055,0.0148651123046875,0.01326230952614232,0.022752816336495535
adaptation,grad_vanrossum,0.05,25,0.05291005291005289,4,5,1.5257434844970703,0.45526814460754395,training,25,0,0.9398400783538818,0.010696079420006794,0.03410768508911133,0.015280490451388889,0.042378387451171874,0.012403695206893118,0.029090009416852677
adaptation,nm_guarino,0.05,25,0.25,5,5,1.1873317956924438,0.3811958432197571,training,50,0,0.5439929962158203,0.011029028692911919,0.018297507783984424,0.07661142177127513,0.09278214028438385,0.012725715397992124,0.010142858381588432
adaptation,grad_mse,0.05,26,0.8465608465608466,4,5,17.919172286987305,17.919172286987305,init,25,0,0.8264899253845215,0.019489504894335635,0.01481831967075764,0.022101585672025532,0.012809242297470007,0.024667610807914533,0.02528890667239259
adaptation,grad_guarino,0.05,26,-0.21164021164021166,4,5,1.316477656364441,1.1664342880249023,training,25,0,1.1830241680145264,0.0004544465438179348,0.021286368370056152,0.04135708279079861,0.07298492431640625,0.023734695033023234,0.03285478864397321
adaptation,grad_vanrossum,0.05,26,0.8465608465608466,4,5,0.7875607013702393,0.7780077457427979,training,25,0,0.9397120475769043,0.019554071841032607,0.014777421951293945,0.022013007269965277,0.012584075927734376,0.02467084558386552,0.025256456647600446
adaptation,nm_guarino,0.05,26,1.0,5,5,1.2163344621658325,0.15052379667758942,training,50,0,0.536431074142456,0.020219387510867957,0.04406340230424255,0.008793498669090304,0.011421097683660548,0.02504636852297481,0.06665470106381366
adaptation,grad_mse,0.05,27,-0.21164021164021166,4,5,46.4368896484375,46.43682098388672,training,25,0,0.816004753112793,0.022427699876868205,0.022743940353393555,0.019773356119791665,0.070416259765625,0.0333859920501709,0.04155949183872768
adaptation,grad_guarino,0.05,27,0.05291005291005289,4,5,1.4415491819381714,1.4415007829666138,training,25,0,1.1971938610076904,0.017386660368546195,0.030622482299804688,0.01068149142795139,0.011900177001953125,0.030238916999415347,0.003704616001674107
adaptation,grad_vanrossum,0.05,27,-1.0,112,5,3.0826914310455322,1.6838487386703491,training,25,0,0.931999921798706,0.0009887031886888587,0.0716712474822998,0.00995669894748264,0.2973030090332031,0.002338660390753495,0.34048102242606026
adaptation,nm_guarino,0.05,27,1.0,5,5,1.3414502143859863,0.19495971500873566,training,50,0,0.5331368446350098,0.008731142704779848,0.02780266310453916,0.011936549818239604,0.0632991396578899,0.028775526671474965,0.06567057654908959
adaptation,grad_mse,0.05,28,0.18633540372670807,2,5,50.72574996948242,47.8609619140625,training,25,0,0.8006370067596436,0.038303408415421195,0.010298609733581543,0.06663038465711806,0.22988632202148437,0.029848349721808182,0.03966238839285714
adaptation,grad_guarino,0.05,28,-0.12422360248447205,2,5,1.3830289840698242,1.381705403327942,training,25,0,1.196101188659668,0.06601197615913723,0.014278054237365723,0.09408026801215277,0.31691650390625,0.0427936127311305,0.022573198590959822
adaptation,grad_vanrossum,0.05,28,0.05291005291005289,4,5,3.4924092292785645,2.7708580493927,training,25,0,0.9481759071350098,0.007531804623811141,0.019898414611816406,0.002862887912326389,0.0206390380859375,0.017555713653564453,0.06269520350864956
adaptation,nm_guarino,0.05,28,1.0,5,5,1.2829291820526123,0.2064276784658432,training,50,0,0.5448398590087891,0.03631870141434539,0.014920666020701301,0.015713550343923858,0.009151174336397219,0.021698593160232236,0.059933991497051406
adaptation,grad_mse,0.05,29,0.75,5,5,27.923568725585938,27.923568725585938,init,25,0,0.7967581748962402,0.01484015524611083,0.009194072657185526,0.0044620790087006095,0.0194458565166795,0.016064379041290374,0.0392316589187394
adaptation,grad_guarino,0.05,29,0.31746031746031744,4,5,0.1415158212184906,0.13855783641338348,training,25,0,1.188971996307373,0.020279527747112773,0.01132059097290039,0.0001129150390625,0.0044659423828125,0.01540903041237279,0.0389817374093192
adaptation,grad_vanrossum,0.05,29,0.75,5,5,0.9729328155517578,0.3824290931224823,training,25,0,0.9430758953094482,0.015294282332710598,0.009174346923828125,0.00412445068359375,0.0195068359375,0.016064769343325968,0.03420802525111607
adaptation,nm_guarino,0.05,29,1.0,5,5,0.14150913059711456,0.12570910155773163,training,50,0,0.5304698944091797,0.01484015524611083,0.009194072657185526,0.0044620790087006095,0.0194458565166795,0.011604440098618047,0.0392316589187394
adaptation,grad_mse,0.1,0,0.0,0,5,39.58611297607422,35.77766036987305,training,25,0,0.8183670043945312,0.16022106668223504,0.1317610740661621,0.593372090657552,0.5988880920410157,0.33219437850149053,0.12931278773716517
adaptation,grad_guarino,0.1,0,0.75,5,5,0.7224027514457703,0.2434423267841339,training,25,0,1.1811518669128418,0.03460554039996603,0.0033168792724609375,0.026124742296006944,0.007423553466796875,0.02879476547241211,0.03897552490234375
adaptation,grad_vanrossum,0.1,0,0.25,5,5,2.893450975418091,2.882316827774048,training,25,0,0.934410810470581,0.040704146675441574,0.004338741302490234,0.021751912434895833,0.00235626220703125,0.02889762426677503,0.09500786917550223
adaptation,nm_guarino,0.1,0,1.0,5,5,0.7222622632980347,0.17752127349376678,training,50,0,0.5289230346679688,0.011779127336578817,0.04903628453080211,0.035277454958118265,0.014455109607349073,0.03176998665580199,0.012933664082848396
adaptation,grad_mse,0.1,1,1.0,5,5,19.547161102294922,19.547161102294922,init,25,0,0.8001971244812012,0.08285453008457194,0.004601526087354868,0.010518460610259694,0.014467720180935829,0.041431961397737846,0.03282365665225443
adaptation,grad_guarino,0.1,1,1.0,5,5,0.07118572294712067,0.0706787034869194,training,25,0,1.405397891998291,0.0829861184825068,0.004568338394165039,0.010441080729166666,0.014244384765625,0.04141537766707571,0.03266666957310268
adaptation,grad_vanrossum,0.1,1,1.0,5,5,0.7013677358627319,0.7007755637168884,training,25,0,0.9550180435180664,0.08282397726307744,0.004634380340576172,0.010569593641493055,0.014192962646484375,0.041378761592664216,0.03273086547851563
adaptation,nm_guarino,0.1,1,1.0,5,5,0.0711832270026207,0.05104377120733261,training,50,0,1.1187129020690918,0.08285453008457194,0.004601526087354868,0.010518460610259694,0.014467720180935829,0.0487667173623616,0.03282365665225443
adaptation,grad_mse,0.1,2,-0.21164021164021166,4,5,57.48032760620117,57.48032760620117,init,25,0,0.8374741077423096,0.03203483803303139,0.044170039183024645,0.05852600196657786,0.015175259996032366,0.027545351323562662,0.05107297709248968
adaptation,grad_guarino,0.1,2,0.05291005291005289,4,5,1.4758539199829102,0.669634997844696,training,25,0,1.207698106765747,0.03239759362262228,0.08030962944030762,0.005475531684027778,0.02821380615234375,0.02992241006148489,0.1461885724748884
adaptation,grad_vanrossum,0.1,2,0.05291005291005289,4,5,3.719459295272827,3.421076536178589,training,25,0,0.9553143978118896,0.004830335534137228,0.053968071937561035,0.020836724175347224,0.05368255615234375,0.020411202782078794,0.14296177455357142
adaptation,nm_guarino,0.1,2,1.0,5,5,1.37575101852417,0.2042331099510193,training,50,0,0.5398170948028564,0.023496594354166876,0.1277195755209224,0.09080271288669747,0.11486741564838752,0.029360394202174817,0.035781221262978946
adaptation,grad_mse,0.1,3,-0.22222222222222224,10,5,27.485139846801758,27.484111785888672,training,25,0,0.8102829456329346,0.7580228390900985,0.23597502708435059,0.10894673665364583,0.3995977783203125,0.044009346711008174,0.4713762555803571
adaptation,grad_guarino,0.1,3,0.430622009569378,6,5,2.2431585788726807,1.4457679986953735,training,25,0,1.1874020099639893,0.004119674019191576,0.026737451553344727,0.01212497287326389,0.06824188232421875,0.002071706872237356,0.07031053815569197
adaptation,grad_vanrossum,0.1,3,0.25,5,5,1.8341517448425293,1.8341515064239502,training,25,0,0.9749820232391357,0.0010244618291440218,0.025374889373779297,0.009850056966145833,0.05817230224609375,0.0016060440163863333,0.07282987322126117
adaptation,nm_guarino,0.1,3,0.5,5,5,2.2430200576782227,0.29025521874427795,training,50,0,0.565605878829956,0.01578689156097218,0.006645337144329133,0.023028836010032527,0.030223542929903147,0.0003354370627885432,0.03543910815971267
adaptation,grad_mse,0.1,4,0.0,0,5,46.62814712524414,37.36381912231445,training,25,0,0.8255038261413574,0.17391304347826086,0.25,0.8888888888888888,0.6,0.9473684210526315,0.37142857142857144
adaptation,grad_guarino,0.1,4,-0.21164021164021166,4,5,1.4069732427597046,1.4058665037155151,training,25,0,1.221743106842041,0.026230654509171197,0.012774467468261719,0.0020506117078993055,0.0719696044921875,0.012686114562185187,0.06593693324497768
adaptation,grad_vanrossum,0.1,4,0.044642857142857185,9,5,3.0406494140625,2.4185433387756348,training,25,0,0.9509937763214111,0.2267579451851223,0.10222220420837402,0.08181237114800347,0.36051406860351565,0.021321083370007966,0.012346976143973214
adaptation,nm_guarino,0.1,4,0.75,5,5,1.3068740367889404,0.15953826904296875,training,50,0,0.5388178825378418,0.014266955780834678,0.0198731989924108,0.024597777017260115,0.025633253669437295,0.015090525260473117,0.030350373823562343
adaptation,grad_mse,0.1,5,0.0,0,5,47.62285232543945,33.006309509277344,training,25,0,0.8098869323730469,0.17391304347826086,0.25,0.8888888888888888,0.6,0.0508406915162739,0.37142857142857144
adaptation,grad_guarino,0.1,5,-0.25,5,5,0.47665807604789734,0.47665807604789734,init,25,0,1.1816761493682861,0.01209340164097304,0.04394377758281176,0.03442991791554783,0.032583955697450054,0.052183101436210244,0.05433676983807487
adaptation,grad_vanrossum,0.1,5,0.0,5,5,2.722534656524658,2.722534418106079,training,25,0,0.9339439868927002,0.012872646165930706,0.04374384880065918,0.03406643337673611,0.03423294067382812,0.05218309477755898,0.04943564278738839
adaptation,nm_guarino,0.1,5,0.75,5,5,0.4765782058238983,0.2372092604637146,training,50,0,0.5338282585144043,0.019440556799575303,0.016725231684571185,0.03442991791554783,0.032583955697450054,0.052183101436210244,0.05433676983807487
adaptation,grad_mse,0.1,6,0.0,10,5,29.174070358276367,29.17398452758789,training,25,0,0.83309006690979,0.5873952782672385,0.17048072814941406,0.09652659098307291,0.385235595703125,0.027926219137091386,0.15522559029715402
adaptation,grad_guarino,0.1,6,-0.21164021164021166,4,5,1.3929908275604248,1.3758878707885742,training,25,0,1.1853461265563965,0.0018306566321331522,0.022702932357788086,0.010540093315972223,0.15365570068359374,0.02663675107453999,0.07501177106584822
adaptation,grad_vanrossum,0.1,6,0.25,5,5,1.3111270666122437,1.2053190469741821,training,25,0,0.9361128807067871,0.02343351944633152,0.03516364097595215,0.005566067165798611,0.0463134765625,0.01922188307109632,0.10465829031808035
adaptation,nm_guarino,0.1,6,0.5,5,5,1.292891025543213,0.27276599407196045,training,50,0,0.5270187854766846,0.032201362233428815,0.04659943078722417,0.03574992989032921,0.03833456482653105,0.017059137961202595,0.005559039113229655
adaptation,grad_mse,0.1,7,0.0,0,5,40.06877899169922,40.06547164916992,training,25,0,0.7998719215393066,0.17391304347826086,0.2498469352722168,0.8888888888888888,0.6,0.9471589138633326,0.21216932024274554
adaptation,grad_guarino,0.1,7,0.25,5,5,0.7742537260055542,0.7742535471916199,training,25,0,1.1678988933563232,0.0731514308763587,0.0006630420684814453,0.0037885877821180556,0.032367401123046875,0.009136369353846499,0.08266557965959821
adaptation,grad_vanrossum,0.1,7,0.18633540372670807,2,5,3.3104069232940674,3.118652820587158,training,25,0,0.9312448501586914,0.039002393639605976,0.0341341495513916,0.08810051812065972,0.2754278564453125,0.0028789419876901726,0.0897904532296317
adaptation,nm_guarino,0.1,7,1.0,5,5,0.7741608619689941,0.1769385188817978,training,50,0,0.5301229953765869,0.052720575932587214,0.005421162595784068,0.0062709026513984,0.013246450501963238,0.007506099460433831,0.0044888328972261
adaptation,grad_mse,0.1,8,0.0,10,5,57.40034103393555,52.298091888427734,training,5,0,0.7798240184783936,0.7428424586420473,0.06973648071289062,0.10019327799479166,0.39074676513671874,0.04449864437705592,0.5559927804129464
adaptation,grad_guarino,0.1,8,0.05291005291005289,4,5,1.5222910642623901,1.5068707466125488,training,25,0,1.2070281505584717,0.048260099991508154,0.031093716621398926,0.005003865559895833,0.03854766845703125,0.052561433691727485,0.07675770350864955
adaptation,grad_vanrossum,0.1,8,0.5,5,5,3.6880545616149902,1.4165093898773193,training,25,0,0.9301841259002686,0.03824025029721467,0.033948421478271484,0.0038011338975694445,0.08073486328125,0.04670510793987073,0.09852294921875
adaptation,nm_guarino,0.1,8,0.5,5,5,1.4221919775009155,0.36153385043144226,training,50,0,0.5256469249725342,0.02582751033333713,0.02375927572971226,0.02468663915396658,0.110104896779564,0.05083234479440152,0.10735963214574643
adaptation,grad_mse,0.1,9,0.0,0,5,23.653091430664062,23.644237518310547,training,25,0,0.7933509349822998,0.15310231084408968,0.07653570175170898,0.29095001220703126,0.5888917541503906,0.004289551785117702,0.14709930419921874
adaptation,grad_guarino,0.1,9,0.31746031746031744,4,5,1.4155573844909668,1.237406849861145,training,25,0,1.401195764541626,0.023105123768682064,0.05035400390625,0.01715969509548611,0.096231689453125,0.025697607743112666,0.005758231026785714
adaptation,grad_vanrossum,0.1,9,0.8465608465608466,4,5,0.8947048187255859,0.8947012424468994,training,25,0,0.99173903465271,0.03297059432319973,0.053896188735961914,0.02123531765407986,0.07135116577148437,0.026026700672350432,0.005359104701450893
adaptation,nm_guarino,0.1,9,-0.21164021164021166,4,5,1.3155311346054077,0.6858071088790894,training,50,0,1.083937644958496,0.07367446640127741,0.026512618865017767,0.12387969684412813,0.026351575782772443,0.028328965446301712,0.02012695610931051
adaptation,grad_mse,0.1,10,-0.9722222222222222,19,5,40.79006576538086,40.78882598876953,training,25,0,0.8174307346343994,0.054240085767663045,0.0026743412017822266,0.1310638427734375,0.16922378540039062,0.023532792141563015,0.3496099199567522
adaptation,grad_guarino,0.1,10,0.25,5,5,0.6004512906074524,0.48440492153167725,training,21,0,1.2758121490478516,0.07949928615404211,0.003676295280456543,0.025764973958333333,0.03038330078125,0.02675831945318925,0.026280648367745536
adaptation,grad_vanrossum,0.1,10,0.0,5,5,2.956242799758911,2.9562408924102783,training,25,0,0.9445860385894775,0.07160160230553668,0.0038677453994750977,0.029985894097222222,0.036207275390625,0.026588226619519685,0.057827322823660716
adaptation,nm_guarino,0.1,10,1.0,5,5,0.6003618240356445,0.12983912229537964,training,50,0,0.5375528335571289,0.0739534648208782,0.03880158604745132,0.03138298755121759,0.02919610679635184,0.02694916277974189,0.009351619614710469
adaptation,grad_mse,0.1,11,-1.0,2606,5,40.7360954284668,40.73609161376953,training,25,0,0.8148148059844971,0.8260869565217391,0.75,0.1111111111111111,0.4,0.05263129660957738,0.37142857142857144
adaptation,grad_guarino,0.1,11,-0.0478468899521531,6,5,2.210503339767456,2.210503339767456,init,25,0,1.1870081424713135,0.004922865828760831,0.0031862386545218335,0.04627268023525535,0.06572673769904128,0.05048393094977191,0.0309163549988412
adaptation,grad_vanrossum,0.1,11,-0.0478468899521531,6,5,3.666722297668457,3.666722297668457,init,25,0,0.9459688663482666,0.004922865828760831,0.0031862386545218335,0.04627268023525535,0.06572673769904128,0.05048393094977191,0.0309163549988412
adaptation,nm_guarino,0.1,11,0.25,5,5,2.1103763580322266,0.3733660876750946,training,50,0,0.5373420715332031,0.009487840030614769,0.021760657367903224,0.0211179656465829,0.03755959918591088,0.04957094383402249,0.003812579963107713
adaptation,grad_mse,0.1,12,-0.21164021164021166,4,5,46.707969665527344,46.707969665527344,init,5,0,0.7912497520446777,0.027890788151426912,0.030343993073725706,0.07415709350150969,0.0009081342842199546,0.04518639032186341,0.027557883188740917
adaptation,grad_guarino,0.1,12,-0.21164021164021166,4,5,1.1559942960739136,1.1559942960739136,init,25,0,1.1978251934051514,0.027890788151426912,0.030343993073725706,0.07415709350150969,0.0009081342842199546,0.04518639032186341,0.027557883188740917
adaptation,grad_vanrossum,0.1,12,0.11363636363636365,3,5,3.657374143600464,1.8950546979904175,training,25,0,0.9550409317016602,0.06311897609544836,0.017668843269348145,0.1419893052842882,0.11558181762695313,0.045013873200667534,0.05093754359654018
adaptation,nm_guarino,0.1,12,0.0,5,5,1.0558936595916748,0.39943456649780273,training,50,0,0.5387511253356934,0.04284838824380561,0.00584972629162106,0.0073285389513437675,0.0342566031889578,0.044185110862315524,0.05563622886093478
adaptation,grad_mse,0.1,13,-0.21164021164021166,4,5,46.67280197143555,46.67280197143555,init,2,0,0.78108811378479,0.03954138602957483,0.05036965157286666,0.042629364731495735,0.049665643316786544,0.04011539129494467,0.00248867616625351
adaptation,grad_guarino,0.1,13,-0.21164021164021166,4,5,1.2066388130187988,1.2066386938095093,training,25,0,1.1836321353912354,0.04117471446161685,0.051366448402404785,0.04642300075954861,0.05995452880859375,0.040082843680130806,0.0017510550362723214
adaptation,grad_vanrossum,0.1,13,0.6698564593301435,6,5,3.759159564971924,1.0254268646240234,training,25,0,0.9340529441833496,0.00548553466796875,0.03543806076049805,0.006785753038194444,0.11306991577148437,0.04068996404346667,0.012843540736607142
adaptation,nm_guarino,0.1,13,0.05291005291005289,4,5,1.1066581010818481,0.8396301865577698,training,50,0,0.5344250202178955,0.010719664713570864,0.1252678027465377,0.06804680051965811,0.019753840891067968,0.04206223778346443,0.040156752855094575
adaptation,grad_mse,0.1,14,0.0,5,5,39.9526481628418,39.9526481628418,init,25,0,0.8063669204711914,0.007370935279268525,0.0653651563660258,0.00016710187683202093,0.04401752762478367,0.016674297850598273,0.058800193675765354
adaptation,grad_guarino,0.1,14,0.0,5,5,0.8371371626853943,0.8371371626853943,init,25,0,1.1765940189361572,0.007370935279268525,0.0653651563660258,0.00016710187683202093,0.04401752762478367,0.016674297850598273,0.058800193675765354
adaptation,grad_vanrossum,0.1,14,0.75,5,5,3.1396045684814453,0.9170427322387695,training,25,0,0.9514491558074951,0.01932313338569973,0.068153977394104,0.011693318684895834,0.010023040771484375,0.019182757327431126,0.08167811802455358
adaptation,nm_guarino,0.1,14,1.0,5,5,0.8370389342308044,0.05498354136943817,training,50,0,0.534653902053833,0.017585970953457836,0.08359939253785642,0.0063868761526357,0.03945041194119312,0.017637322546379952,0.006513025107441958
adaptation,grad_mse,0.1,15,0.11363636363636365,3,5,43.12822341918945,32.08906173706055,training,8,0,0.7876842021942139,0.045342752207880435,0.05534017086029053,0.029111395941840278,0.22839141845703126,0.021471663525230007,0.03578425816127232
adaptation,grad_guarino,0.1,15,0.0,5,5,0.7017348408699036,0.7017348408699036,init,25,0,1.1961133480072021,0.00030184383841643745,0.06686150961621262,0.03937084067026907,0.04961226248083705,0.024456078243996544,0.030329984759486145
adaptation,grad_vanrossum,0.1,15,0.8465608465608466,4,5,3.2922239303588867,1.0235037803649902,training,25,0,0.9426679611206055,0.015270332668138587,0.06252193450927734,0.03531511094835069,0.09719085693359375,0.023651593609860067,0.046693638392857145
adaptation,nm_guarino,0.1,15,1.0,5,5,0.7016464471817017,0.08080605417490005,training,50,0,0.5292689800262451,0.0034264853851069524,0.0617135458999134,0.015401220156262399,0.04775432567859696,0.024165811869285826,0.0003677604904410714
adaptation,grad_mse,0.1,16,0.05291005291005289,4,5,29.531970977783203,29.5318660736084,training,25,0,0.8010818958282471,0.014881100861922554,0.07353377342224121,0.04593844943576389,0.1196697998046875,0.0048546289142809415,0.024627794538225445
adaptation,grad_guarino,0.1,16,0.75,5,5,0.23654000461101532,0.23545102775096893,training,25,0,1.1661040782928467,0.013372736391813859,0.06996607780456543,0.05185919867621528,0.027190399169921876,0.00011573339763440584,0.03840789794921875
adaptation,grad_vanrossum,0.1,16,0.5820105820105821,4,5,1.1785247325897217,1.1434106826782227,training,25,0,0.9405441284179688,0.0059673143469769025,0.07244622707366943,0.04882626003689236,0.05524581909179688,0.0002793010912443462,0.006027439662388393
adaptation,nm_guarino,0.1,16,1.0,5,5,0.23653310537338257,0.22241368889808655,training,50,0,0.5300018787384033,0.013457338339582337,0.06998358776750213,0.05185836069354334,0.027175569158294194,0.005126283946152975,0.03864426687595243
adaptation,grad_mse,0.1,17,-0.22222222222222224,10,5,19.400611877441406,19.400495529174805,training,3,0,0.7781059741973877,0.5950068266495414,0.0012326240539550781,0.10637613932291666,0.3977880859375,0.038634538650512695,0.013961138044084822
adaptation,grad_guarino,0.1,17,0.31746031746031744,4,5,1.2629923820495605,1.105475902557373,training,25,0,1.3941009044647217,0.007721876061480978,0.09260964393615723,0.026031324598524305,0.00995025634765625,0.020220041275024414,0.02388763427734375
adaptation,grad_vanrossum,0.1,17,0.8465608465608466,4,5,0.9018388390541077,0.9018388390541077,init,25,0,0.9557602405548096,0.012730629653960513,0.09158577225934006,0.020785692753275322,0.0074663500513776175,0.020546119962169145,0.023238823904210296
adaptation,nm_guarino,0.1,17,0.75,5,5,1.1628514528274536,0.22772939503192902,training,50,0,0.5527820587158203,0.0014998825646641665,0.13439325145824133,0.005582488572310417,0.0415672252599586,0.02110076930766492,0.02070685224780533
adaptation,grad_mse,0.1,18,0.75,5,5,34.352108001708984,34.352108001708984,init,25,0,1.417118787765503,0.04374225975531485,0.008132168497934078,0.04309022946312003,0.01254541223405596,0.07114959856021273,0.030725590774362793
adaptation,grad_guarino,0.1,18,0.05291005291005289,4,5,0.31539052724838257,0.3112759590148926,training,25,0,1.2371490001678467,0.026842001210088316,0.010768651962280273,0.03975185818142361,0.0558685302734375,0.07843855807655736,0.03315996442522321
adaptation,grad_vanrossum,0.1,18,0.05291005291005289,4,5,1.3108412027359009,1.2927932739257812,training,25,0,0.9470078945159912,0.02716814124065897,0.010684728622436523,0.03971981472439236,0.053343505859375,0.07795494481136925,0.027832903180803573
adaptation,nm_guarino,0.1,18,0.75,5,5,0.3153654932975769,0.3153654932975769,init,50,0,0.532893180847168,0.04374225975531485,0.008132168497934078,0.04309022946312003,0.01254541223405596,0.07114959856021273,0.030725590774362793
adaptation,grad_mse,0.1,19,0.0,5,5,42.94379425048828,42.94379425048828,init,25,1,0.8052690029144287,0.007463297857935048,0.04674814023814511,0.007978465351387992,0.03668715058387761,0.05263157894736842,0.017017622852623048
adaptation,grad_guarino,0.1,19,-0.4444444444444445,10,5,1.0563890933990479,1.054990291595459,training,25,1,1.180790901184082,0.825626277923584,0.41601061820983887,0.11110975477430556,0.4,0.05253276699467709,0.6273409162248884
adaptation,grad_vanrossum,0.1,19,0.0,5,5,3.598580837249756,3.598580837249756,init,25,1,0.9393339157104492,0.007463297857935048,0.04674814023814511,0.007978465351387992,0.03668715058387761,0.05263157894736842,0.017017622852623048
adaptation,nm_guarino,0.1,19,0.0,5,5,1.056291103363037,0.3707115054130554,training,50,1,0.5305049419403076,0.007463297857935048,0.04674814023814511,0.007978465351387992,0.03668715058387761,0.05263157894736842,0.06498863886188876
adaptation,grad_mse,0.1,20,0.0,0,5,50.59965133666992,40.00682067871094,training,25,0,0.8011760711669922,0.12656389319378397,0.17703676223754883,0.3254633585611979,0.5845489501953125,0.1362140555130808,0.07111772809709821
adaptation,grad_guarino,0.1,20,0.75,5,5,1.4913808107376099,0.3499866724014282,training,25,0,1.197450876235962,0.02525528617527174,0.0015811920166015625,0.05818922254774306,0.01343841552734375,0.046320626610203794,0.006045096261160714
adaptation,grad_vanrossum,0.1,20,0.05291005291005289,4,5,2.8996963500976562,1.9977418184280396,training,25,0,0.9385688304901123,0.038665638799252715,0.0022852420806884766,0.056498548719618055,0.04772933959960937,0.054056569149619656,0.017540849958147323
adaptation,nm_guarino,0.1,20,1.0,5,5,1.3912822008132935,0.12066476792097092,training,50,0,0.5363810062408447,0.005950816450589351,0.021709356965218474,0.02192320835524634,0.05415532368273318,0.04755470723928904,0.00795876267761498
adaptation,grad_mse,0.1,21,0.0,5,5,44.687625885009766,34.26949691772461,training,4,0,0.78690505027771,0.0689102836277174,0.02796173095703125,0.02367706298828125,0.00709625244140625,0.0024161464289615027,0.04349550519670759
adaptation,grad_guarino,0.1,21,0.05291005291005289,4,5,1.240983247756958,1.2392655611038208,training,25,0,1.2340099811553955,0.04574883502462636,0.03560066223144531,0.011272515190972223,0.0782452392578125,0.00019941831889905428,0.027704947335379464
adaptation,grad_vanrossum,0.1,21,0.11363636363636365,3,5,3.0735394954681396,2.4514927864074707,training,25,0,0.9379210472106934,0.04073552670686141,0.042392611503601074,0.006711493598090278,0.15165359497070313,0.0019367368597733347,0.1266200474330357
adaptation,nm_guarino,0.1,21,1.0,5,5,1.140883445739746,0.21402804553508759,training,50,0,0.5545220375061035,0.08257912295799164,0.06930671724989246,0.03748974994883048,0.03300268029822519,0.0021315763524461196,0.06518014965857902
adaptation,grad_mse,0.1,22,-1.0,2606,5,64.44047546386719,44.71889877319336,training,25,0,0.8096649646759033,0.8260869565217391,0.75,0.1111111111111111,0.4,0.05263157894736842,0.364159175327846
adaptation,grad_guarino,0.1,22,-0.21164021164021166,4,5,1.459491491317749,1.4588900804519653,training,25,0,1.1998677253723145,0.03622370180876359,0.026599645614624023,0.052674018012152775,0.025494384765625,0.06444348787006579,0.02562473842075893
adaptation,grad_vanrossum,0.1,22,-0.21164021164021166,4,5,4.08364725112915,4.08364725112915,init,25,0,0.9416730403900146,0.037271629128466585,0.027171697277435847,0.051294664224512426,0.0220049475275394,0.06412957854451555,0.025388213629182133
adaptation,nm_guarino,0.1,22,0.75,5,5,1.359390377998352,0.16910293698310852,training,50,0,0.5291798114776611,0.044190750652655604,0.004970345366314799,0.06099970099252864,0.10691873427596021,0.05931550152837709,0.0316739462307059
adaptation,grad_mse,0.1,23,0.11363636363636365,3,5,55.906219482421875,40.211238861083984,training,25,0,0.8006479740142822,0.03768051810886549,0.04468858242034912,0.10170152452256945,0.0544598388671875,0.02309784136320415,0.0493668692452567
adaptation,grad_guarino,0.1,23,-0.21164021164021166,4,5,1.2636001110076904,1.260275959968567,training,25,0,1.1763317584991455,0.043895621921705166,0.03459739685058594,0.07047831217447917,0.005063323974609375,0.023120227612947162,0.03843536376953125
adaptation,grad_vanrossum,0.1,23,1.0,5,5,3.949035882949829,0.8168591260910034,training,25,0,0.9336051940917969,0.0777141405188519,0.0272066593170166,0.03590766059027778,0.06251998901367188,0.01920604705810547,0.07605176653180803
adaptation,nm_guarino,0.1,23,0.75,5,5,1.1634992361068726,0.15911634266376495,training,50,0,0.5321478843688965,0.03634824927405008,0.05280984663817412,0.007741753658521273,0.06210864486691008,0.024243460708815896,0.0594470991781098
adaptation,grad_mse,0.1,24,0.0,10,5,67.81485748291016,44.969478607177734,training,25,0,0.8014049530029297,0.08384983228600544,0.03661620616912842,0.017896864149305556,0.23296661376953126,0.036729938105532996,0.23537543160574778
adaptation,grad_guarino,0.1,24,-0.21164021164021166,4,5,1.5611844062805176,1.5611844062805176,init,25,0,1.1843109130859375,0.011625943953096088,0.010135373826014371,0.029858989287415563,0.032779871676350186,0.08665711512355195,0.01692857922821328
adaptation,grad_vanrossum,0.1,24,0.11363636363636365,3,5,4.073596477508545,1.3250377178192139,training,25,0,0.9265999794006348,0.024996152131453803,0.008127450942993164,0.04446818033854167,0.11048477172851562,0.10631332899394788,0.01752537318638393
adaptation,nm_guarino,0.1,24,0.75,5,5,1.4610841274261475,0.3280535936355591,training,50,0,0.5297727584838867,0.011625943953096088,0.010135373826014371,0.029858989287415563,0.0655811347398324,0.08665711512355195,0.01692857922821328
adaptation,grad_mse,0.1,25,-0.25,5,5,32.06473922729492,32.064613342285156,training,25,0,0.8054747581481934,0.02712972889775815,0.09156239032745361,0.008104451497395833,0.08198699951171876,0.028325990626686497,0.06764918736049107
adaptation,grad_guarino,0.1,25,0.05291005291005289,4,5,1.262693166732788,1.2613450288772583,training,25,0,1.1818339824676514,0.007929528277853261,0.07306063175201416,0.020849609375,0.03418975830078125,0.02660482180745978,0.05238429478236607
adaptation,grad_vanrossum,0.1,25,1.0,5,5,2.272523880004883,0.30390849709510803,training,25,0,0.9312469959259033,0.016192626953125,0.0855780839920044,0.010355801052517362,0.011090087890625,0.026718352970324065,0.021480233328683037
adaptation,nm_guarino,0.1,25,0.75,5,5,1.1625946760177612,0.21320554614067078,training,50,0,0.7703659534454346,0.006538997781765819,0.016924615418105082,0.02511243721772745,0.04637875087481916,0.02822108263186623,0.06551698683948277
adaptation,grad_mse,0.1,26,0.8465608465608466,4,5,22.0105037689209,22.0105037689209,init,25,0,0.8025271892547607,0.038979009788671394,0.02963663934151528,0.044203171344051065,0.025618484594940014,0.04933522161582907,0.05057781334478498
adaptation,grad_guarino,0.1,26,-0.21164021164021166,4,5,1.3032158613204956,1.0014371871948242,training,25,0,1.9148759841918945,0.021534463633661686,0.03513836860656738,0.06426306830512153,0.07473342895507812,0.04932378467760588,0.05392347063337054
adaptation,grad_vanrossum,0.1,26,0.8465608465608466,4,5,1.2797143459320068,1.2797143459320068,init,25,0,0.953192949295044,0.038979009788671394,0.02963663934151528,0.044203171344051065,0.025618484594940014,0.04933522161582907,0.05057781334478498
adaptation,nm_guarino,0.1,26,0.0,5,5,1.2030789852142334,0.37600523233413696,training,50,0,0.5366148948669434,0.016336463072432427,0.037184465067876316,0.0102161243075702,0.009527929461162614,0.048983775715303414,0.019331283303758086
adaptation,grad_mse,0.1,27,0.044642857142857185,9,5,63.577518463134766,60.37123107910156,training,25,0,0.8321332931518555,0.04341311247452446,0.15800046920776367,0.06870880126953124,0.32390335083007815,0.021793001576473837,0.09363294328962053
adaptation,grad_guarino,0.1,27,-0.21164021164021166,4,5,1.5797513723373413,1.5773169994354248,training,25,0,1.1866331100463867,0.03663482666015625,0.06005740165710449,0.023833211263020834,0.033376312255859374,0.061588877125790246,0.007295663016183036
adaptation,grad_vanrossum,0.1,27,0.044642857142857185,9,5,4.056082248687744,3.5216193199157715,training,25,0,0.937147855758667,0.18073995838994567,0.15610337257385254,0.08112725151909722,0.36275741577148435,0.00919074761240106,0.005669403076171875
adaptation,nm_guarino,0.1,27,0.75,5,5,1.4796512126922607,0.34200993180274963,training,50,0,0.5311222076416016,0.021986380345517476,0.04082085982935646,0.014950012162615975,0.06165384786405582,0.06309984615069075,0.026827633271067595
adaptation,grad_mse,0.1,28,-0.22222222222222224,10,5,61.841590881347656,61.84133529663086,training,25,0,0.8179771900177002,0.7445724901945695,0.3832230567932129,0.11010979546440972,0.399873046875,0.04482842746533846,0.08876778738839286
adaptation,grad_guarino,0.1,28,-0.21164021164021166,4,5,1.471997618675232,1.4447920322418213,training,25,0,1.1932759284973145,0.0004093336022418478,0.04077327251434326,0.012602403428819445,0.04581466674804688,0.036149376317074426,0.05262080601283482
adaptation,grad_vanrossum,0.1,28,0.18633540372670807,2,5,3.7367770671844482,3.109128952026367,training,25,0,0.945796012878418,0.04990712041440217,0.00828409194946289,0.0879150390625,0.25269546508789065,0.0588190053638659,0.026606859479631696
adaptation,nm_guarino,0.1,28,1.0,5,5,1.3718949556350708,0.052807729691267014,training,50,0,0.5340590476989746,0.05270028964059056,0.014136725252785753,0.040770009121738504,0.05296922932416805,0.03300771185966369,0.009450904368274645
adaptation,grad_mse,0.1,29,0.0,0,5,42.49121856689453,42.390750885009766,training,25,0,0.8023920059204102,0.09364378555961277,0.16246390342712402,0.3273449367947049,0.5014813232421875,0.026061748203478362,0.04305953979492187
adaptation,grad_guarino,0.1,29,0.05291005291005289,4,5,0.3046489357948303,0.16438262164592743,training,25,0,1.1834640502929688,0.04180357559867527,0.02327430248260498,0.0034434000651041665,0.02172607421875,0.031531967614826406,0.06291896275111607
adaptation,grad_vanrossum,0.1,29,1.0,5,5,1.896876573562622,0.7895135879516602,training,25,0,0.9526488780975342,0.03341601827870245,0.019586801528930664,0.005887518988715278,0.02221038818359375,0.031940924493890056,0.07468218122209822
adaptation,nm_guarino,0.1,29,1.0,5,5,0.3045716881752014,0.18015065789222717,training,50,0,0.5281901359558105,0.03592507110252392,0.08376319045985126,0.008924158017401219,0.03889171303335871,0.03212875808258075,0.0784633178374788
adaptation,grad_mse,0.2,0,0.0,5,5,50.05418395996094,50.05418395996094,init,25,0,0.7980029582977295,0.07732235025126549,0.007250643470525953,0.04671801950371193,0.0033425668232175097,0.05694466076211294,0.16891489523501155
adaptation,grad_guarino,0.2,0,0.37037037037037035,7,5,1.8123607635498047,1.7056705951690674,training,4,0,1.153874158859253,0.06016142471976902,0.0034270286560058594,0.05768025716145833,0.1493939208984375,0.03555659243935033,0.16539175851004465
adaptation,grad_vanrossum,0.2,0,0.0,5,5,2.8680784702301025,2.8146636486053467,training,25,0,0.9418900012969971,0.07733353324558424,0.007361292839050293,0.04664577907986111,0.003584136962890625,0.056718788648906504,0.16965353829520088
adaptation,nm_guarino,0.2,0,0.25,5,5,1.812191128730774,0.730667233467102,training,50,0,0.537661075592041,0.07732235025126549,0.007250643470525953,0.02872385729888044,0.0033425668232175097,0.05694466076211294,0.16891489523501155
adaptation,grad_mse,0.2,1,0.0,0,5,41.139251708984375,41.13876724243164,training,25,0,0.7989027500152588,0.17391304347826086,0.23747384548187256,0.8888880411783854,0.6,0.9455622622841283,0.35674536568777904
adaptation,grad_guarino,0.2,1,0.25,5,5,0.2717859447002411,0.23788516223430634,training,25,0,1.1903188228607178,0.1644565084706182,0.008782505989074707,0.020368109809027778,0.027746124267578123,0.08318784362391422,0.06545039585658483
adaptation,grad_vanrossum,0.2,1,0.0,0,5,2.245171546936035,2.1992712020874023,training,25,0,0.9442880153656006,0.12997827944548235,0.061251163482666016,0.2923404269748264,0.5121810913085938,0.22525285419664884,0.07333526611328126
adaptation,nm_guarino,0.2,1,0.5,5,5,0.27170664072036743,0.2348274141550064,training,50,0,0.5354869365692139,0.16570906016914388,0.009203052174709736,0.021036921220519072,0.028935440361871657,0.09227027682998633,0.06564731330450886
adaptation,grad_mse,0.2,2,0.0,0,5,65.8018569946289,61.553958892822266,training,25,0,0.8055300712585449,0.1324399865191916,0.015940189361572266,0.3836179945203993,0.5798623657226563,0.16659847058747945,0.10234636579241072
adaptation,grad_guarino,0.2,2,0.05291005291005289,4,5,3.305440664291382,1.5531845092773438,training,25,0,1.2119526863098145,0.040879556407099185,0.10528981685638428,0.04567091200086806,0.0560296630859375,0.041579171230918484,0.21690826416015624
adaptation,grad_vanrossum,0.2,2,0.18633540372670807,2,5,3.9157962799072266,3.3231844902038574,training,25,0,0.934999942779541,0.07220226785411006,0.07114636898040771,0.1703703138563368,0.10048919677734375,0.06294764970478259,0.09711456298828125
adaptation,nm_guarino,0.2,2,0.75,5,5,2.9053518772125244,0.47686201333999634,training,50,0,0.5411219596862793,0.05799400450608924,0.09036947509384285,0.05591604161710298,0.1512106512750563,0.06101758499518257,0.0676733594191737
adaptation,grad_mse,0.2,3,0.13888888888888884,7,5,31.20854377746582,31.20854377746582,init,1,0,0.7782590389251709,0.006919786832502787,0.052215644717617415,0.02257643196104924,0.12926822290827858,0.003920369133445745,0.14138707497086683
adaptation,grad_guarino,0.2,3,-0.21164021164021166,4,5,3.922851085662842,1.4353923797607422,training,25,0,1.1661670207977295,0.07628737739894702,0.02720165252685547,0.03340894911024306,0.12135330200195313,0.013701539290578742,0.18987601143973215
adaptation,grad_vanrossum,0.2,3,0.13888888888888884,7,5,4.477787971496582,4.477787971496582,init,25,0,0.9508259296417236,0.006919786832502787,0.052215644717617415,0.02257643196104924,0.12926822290827858,0.003920369133445745,0.14138707497086683
adaptation,nm_guarino,0.2,3,1.0,5,5,3.5228052139282227,0.13802669942378998,training,50,0,0.526566743850708,0.027570910099570543,0.08434449735122906,0.023738841828429082,0.045201308662441306,0.0014010871875585152,0.01201301034408451
adaptation,grad_mse,0.2,4,-1.0,18,5,61.400901794433594,61.40089797973633,training,25,0,0.7995481491088867,0.5122566223144531,0.38395214080810547,0.10934821234809028,0.39967697143554687,0.04235923917669999,0.07816728864397321
adaptation,grad_guarino,0.2,4,0.75,5,5,1.5443345308303833,0.2650797367095947,training,25,0,1.1749858856201172,0.023604616911514945,0.056850433349609375,0.034211222330729166,0.036923980712890624,0.01793695750989412,0.039110565185546876
adaptation,grad_vanrossum,0.2,4,0.31746031746031744,4,5,3.9692342281341553,1.853572130203247,training,25,0,1.216249942779541,0.04192100193189538,0.03582763671875,0.00992770724826389,0.07514984130859376,0.020591346841109425,0.12950439453125
adaptation,nm_guarino,0.2,4,0.75,5,5,1.4442329406738281,0.37446343898773193,training,50,0,0.5448298454284668,0.051028717425351075,0.026335045449630945,0.0027013198142349718,0.04396396677743155,0.024948281688111064,0.1314308556175285
adaptation,grad_mse,0.2,5,0.0,0,5,47.97110366821289,32.97715759277344,training,25,1,1.4871811866760254,0.17388013756793477,0.22694528102874756,0.777213372124566,0.6,0.05252884563646818,0.36972013201032367
adaptation,grad_guarino,0.2,5,0.19138755980861247,6,5,0.45453402400016785,0.4526459574699402,training,25,1,1.2630531787872314,0.012702676524286685,0.10791993141174316,0.07059292263454861,0.0640966796875,0.052531618820993525,0.08837149483816964
adaptation,grad_vanrossum,0.2,5,-0.12422360248447205,2,5,2.123976707458496,1.2578805685043335,training,25,1,0.9432876110076904,0.1279770560886549,0.009056568145751953,0.03315938313802083,0.5730088806152344,0.05253133020902935,0.08870326450892857
adaptation,nm_guarino,0.2,5,0.75,5,5,0.4545254111289978,0.37154048681259155,training,50,1,0.5396101474761963,0.045737536805124226,0.05133171216856103,0.06885983583109566,0.06516791139490039,0.05263157894736842,0.10867353967614954
adaptation,grad_mse,0.2,6,0.0,0,5,45.66345977783203,44.488922119140625,training,25,0,0.8111639022827148,0.15784865669582201,0.2041165828704834,0.2888115776909722,0.5987295532226562,0.0763964151081286,0.5845230102539063
adaptation,grad_guarino,0.2,6,0.8465608465608466,4,5,1.4414641857147217,1.4381951093673706,training,8,0,1.1656739711761475,0.06090791121773098,0.06962084770202637,0.016521199544270834,0.112706298828125,0.03879931098536441,0.13292999267578126
adaptation,grad_vanrossum,0.2,6,-0.12422360248447205,2,5,2.0567562580108643,2.040964365005493,training,25,0,0.9441318511962891,0.060608838952105976,0.02077937126159668,0.04585791693793403,0.40996978759765623,0.07942798263148258,0.1256068638392857
adaptation,nm_guarino,0.2,6,1.0,5,5,1.3413653373718262,0.14924153685569763,training,50,0,0.5369899272918701,0.07080647157895884,0.046051553731372596,0.014969668174865407,0.027742645614046636,0.031965823261491534,0.05428395517011333
adaptation,grad_mse,0.2,7,0.0,5,5,33.319557189941406,33.31881332397461,training,25,0,0.8053689002990723,0.12748691724694294,0.011049866676330566,0.007020060221354167,0.043094329833984375,0.014972335413882607,0.13366742815290178
adaptation,grad_guarino,0.2,7,0.0,5,5,1.7901607751846313,1.7589372396469116,training,25,0,1.21028470993042,0.12875472359035325,0.0071964263916015625,0.0035361395941840277,0.00209930419921875,0.01575967512632671,0.1596524919782366
adaptation,grad_vanrossum,0.2,7,-0.21164021164021166,4,5,2.56575083732605,1.6172595024108887,training,25,0,1.039736032485962,0.0481395555579144,0.020573139190673828,0.04076605902777778,0.11352447509765624,0.012664318084716797,0.17966809953962054
adaptation,nm_guarino,0.2,7,0.0,5,5,1.790035367012024,0.6235504150390625,training,50,0,0.5935020446777344,0.08751466593021598,0.053540654922464403,0.026936145833581945,0.08111452016033524,0.013125990712944484,0.1113590452509125
adaptation,grad_mse,0.2,8,0.0,0,5,76.13108825683594,48.52486038208008,training,25,0,0.8065259456634521,0.1399711277173913,0.1357104778289795,0.34080810546875,0.559803466796875,0.21385210438778526,0.6250632149832589
adaptation,grad_guarino,0.2,8,-0.21164021164021166,4,5,1.689854383468628,1.6898542642593384,training,25,0,1.1784861087799072,0.10168768841287364,0.05626058578491211,0.027203369140625,0.0576483154296875,0.11050066195036236,0.10031160627092633
adaptation,grad_vanrossum,0.2,8,0.3167420814479638,8,5,3.9809021949768066,3.6023972034454346,training,25,0,0.9391670227050781,0.07864486030910327,0.08227097988128662,0.03279249403211806,0.27313186645507814,0.03951757832577354,0.06434892926897322
adaptation,nm_guarino,0.2,8,0.75,5,5,1.58975350856781,0.42824622988700867,training,50,0,0.5458550453186035,0.008718009284405812,0.10496538917859732,0.02134437121855639,0.17084978916533572,0.09645182177115297,0.12115652410482848
adaptation,grad_mse,0.2,9,1.0,5,5,34.86001205444336,34.86001205444336,init,25,0,0.8066840171813965,0.0677962044730465,0.10848894328461856,0.043175224822041655,0.13755196129353264,0.052125490255947315,0.011494129609566934
adaptation,grad_guarino,0.2,9,1.0,5,5,0.21440529823303223,0.21440529823303223,init,25,0,1.198749303817749,0.0677962044730465,0.10848894328461856,0.043175224822041655,0.13755196129353264,0.052125490255947315,0.011494129609566934
adaptation,grad_vanrossum,0.2,9,1.0,5,5,1.8200539350509644,1.8200539350509644,init,25,0,0.939558744430542,0.0677962044730465,0.10848894328461856,0.043175224822041655,0.13755196129353264,0.052125490255947315,0.011494129609566934
adaptation,nm_guarino,0.2,9,1.0,5,5,0.21445421874523163,0.20080594718456268,training,50,0,0.5267939567565918,0.0677962044730465,0.10848894328461856,0.043175224822041655,0.13755196129353264,0.04946860687400783,0.011494129609566934
adaptation,grad_mse,0.2,10,0.0,5,5,44.605648040771484,44.605648040771484,init,25,0,0.8040568828582764,0.15131017950303807,0.00779771584664446,0.05597780441586369,0.06492662496256343,0.05333278393627189,0.0827711190433612
adaptation,grad_guarino,0.2,10,0.430622009569378,6,5,1.4048043489456177,1.4048041105270386,training,25,0,1.2121148109436035,0.22662957232931386,0.0008170604705810547,0.0217498779296875,0.13524429321289064,0.0429186319050036,0.08175779070172991
adaptation,grad_vanrossum,0.2,10,0.0,5,5,3.405762195587158,3.405762195587158,init,25,0,0.9419000148773193,0.15131017950303807,0.00779771584664446,0.05597780441586369,0.06492662496256343,0.05333278393627189,0.0827711190433612
adaptation,nm_guarino,0.2,10,0.25,5,5,1.4046895503997803,0.22980348765850067,training,50,0,0.5369160175323486,0.14882786994898883,0.06513010956114518,0.010095403616798788,0.003998680763209563,0.051710807454506784,0.012703058149434858
adaptation,grad_mse,0.2,11,-0.09259259259259263,7,5,42.002750396728516,42.002750396728516,init,1,1,0.7931580543518066,0.009845731657521539,0.006372477309043445,0.0925453604705104,0.13145347539808255,0.05263157894736842,0.0618327099976822
adaptation,grad_guarino,0.2,11,-0.09259259259259263,7,5,4.500991344451904,4.500722408294678,training,2,1,1.1862988471984863,0.0011966207753057066,0.005339145660400391,0.09227684868706597,0.13558151245117187,0.05253158745012785,0.1281670706612723
adaptation,grad_vanrossum,0.2,11,-0.21164021164021166,4,5,4.962270736694336,3.540745258331299,training,25,1,0.9958739280700684,0.006706635848335598,0.014215350151062012,0.09357774522569444,0.14556121826171875,0.05253141177328009,0.3202460152762277
adaptation,nm_guarino,0.2,11,1.0,5,5,4.100801467895508,0.2734341323375702,training,50,1,0.5637619495391846,0.00016783921522277445,0.04533350254924784,0.03510255245854934,0.06562493476653003,0.05061162406600764,0.05039822383921587
adaptation,grad_mse,0.2,12,0.11363636363636365,3,5,44.02775573730469,44.02775573730469,init,25,1,0.845160961151123,0.0557815763028537,0.06068798614745141,0.14831418700301938,0.0018162685684401936,0.05263157894736842,0.055115766377481834
adaptation,grad_guarino,0.2,12,0.0,0,5,2.887855052947998,1.554681420326233,training,25,1,1.2311067581176758,0.08666932479194973,0.006287097930908203,0.38514845106336804,0.24918975830078124,0.05253151843422338,0.052745492117745534
adaptation,grad_vanrossum,0.2,12,0.11363636363636365,3,5,2.6538360118865967,2.65012788772583,training,25,1,0.9775490760803223,0.05639907173488451,0.05954146385192871,0.1523895263671875,0.002227630615234375,0.05253158117595472,0.05359486171177456
adaptation,nm_guarino,0.2,12,0.25,5,5,2.4877607822418213,0.3400877118110657,training,50,1,0.5706219673156738,0.04054953031611838,0.04084561887829041,0.08100081445749525,0.10726173456710768,0.05263157894736842,0.056525032734288876
adaptation,grad_mse,0.2,13,0.0,0,5,44.79376220703125,44.385982513427734,training,25,1,0.8625879287719727,0.09767383077870244,0.12269759178161621,0.2886389838324653,0.358717041015625,0.05253152470839651,0.001877811976841518
adaptation,grad_guarino,0.2,13,-0.21164021164021166,4,5,3.203833818435669,1.2155293226242065,training,25,1,1.507120132446289,0.07308614979619565,0.09487402439117432,0.04798075358072917,0.0238885498046875,0.05253159372430099,0.008034842354910714
adaptation,grad_vanrossum,0.2,13,0.18633540372670807,2,5,3.4384613037109375,2.8909008502960205,training,25,1,1.001129150390625,0.08339598282523777,0.10628533363342285,0.1253448486328125,0.163192138671875,0.05253156862760845,0.004293387276785714
adaptation,nm_guarino,0.2,13,0.75,5,5,2.8038578033447266,0.14605331420898438,training,50,1,0.6112070083618164,0.08970832936928025,0.08060989895295778,0.015468040654514601,0.007250149824615448,0.05223701182752476,0.006895433849961462
adaptation,grad_mse,0.2,14,0.5,5,5,29.652591705322266,29.652591705322266,init,25,0,1.4860222339630127,0.01474187055853705,0.1307303127320516,0.00033420375366404186,0.08803505524956734,0.03334859570119655,0.1176003873515309
adaptation,grad_guarino,0.2,14,0.5,5,5,2.2348968982696533,1.540840983390808,training,25,0,1.2959139347076416,0.01528924029806386,0.13087701797485352,0.0006725735134548611,0.08733627319335938,0.03294392635947779,0.12129527500697544
adaptation,grad_vanrossum,0.2,14,0.25,5,5,1.9991817474365234,1.6380352973937988,training,25,0,1.0177571773529053,0.03586624808933424,0.1332263946533203,0.024842325846354166,0.01734893798828125,0.04099599938643606,0.1406846182686942
adaptation,nm_guarino,0.2,14,0.5,5,5,2.2347495555877686,0.4657254219055176,training,50,0,0.5657491683959961,0.007357944335662434,0.19930706668755338,0.032480073917591626,0.054992799555117815,0.030904949991813375,0.08511692508946059
adaptation,grad_mse,0.2,15,-0.12422360248447205,2,5,45.7669677734375,45.76369094848633,training,25,0,0.8394298553466797,0.1626852284307065,0.008994340896606445,0.03583509657118056,0.5863262939453125,0.048520238775956,0.3657854352678571
adaptation,grad_guarino,0.2,15,-0.25,5,5,1.4596306085586548,1.4309616088867188,training,25,0,1.2441668510437012,0.01580664593240489,0.139329195022583,0.07976718478732639,0.055799102783203124,0.04892778396606445,0.02823704310825893
adaptation,grad_vanrossum,0.2,15,0.0,5,5,3.70822811126709,3.7082276344299316,training,2,0,0.8747949600219727,0.017683742357336957,0.12792325019836426,0.07753397623697916,0.1447021484375,0.04889624369771857,0.09911150251116072
adaptation,nm_guarino,0.2,15,0.25,5,5,1.459523320198059,0.3769055902957916,training,50,0,0.5702230930328369,0.011058780951367206,0.09200227576604081,0.034190010272109814,0.11220103791489634,0.04915073377722216,0.046127808904942114
adaptation,grad_mse,0.2,16,0.5,5,5,49.16753387451172,49.16753387451172,init,25,0,0.8398189544677734,0.026914676679164674,0.13996717553500426,0.10371672138708637,0.05435113831658867,0.00026071228301691613,0.07728853375190486
adaptation,grad_guarino,0.2,16,0.5,5,5,0.5124602913856506,0.5034340620040894,training,25,0,1.2652831077575684,0.027398416270380435,0.13987314701080322,0.10372246636284722,0.052265625,0.00023988673561497738,0.08465118408203125
adaptation,grad_vanrossum,0.2,16,0.31746031746031744,4,5,2.518049716949463,1.4376442432403564,training,25,0,0.9885640144348145,0.01629532523777174,0.1410050392150879,0.10366550021701389,0.09882476806640625,0.0011737974066483347,0.07614331926618303
adaptation,nm_guarino,0.2,16,0.75,5,5,0.5124510526657104,0.3821811378002167,training,50,0,0.5654821395874023,0.011629715417918834,0.19221793013104316,0.10371672138708637,0.05435113831658867,0.00026071228301691613,0.07728853375190486
adaptation,grad_mse,0.2,17,0.5820105820105821,4,5,24.730731964111328,24.730731964111328,init,25,0,0.8511579036712646,0.0254612593079209,0.18317154451868012,0.041571385506550644,0.014932700102755235,0.04109223992433829,0.04647764780842038
adaptation,grad_guarino,0.2,17,-0.21164021164021166,4,5,1.1113882064819336,0.8015639185905457,training,25,0,1.2476980686187744,0.01660408351732337,0.18357324600219727,0.05364413791232639,0.012236328125,0.04101841700704474,0.04974910191127232
adaptation,grad_vanrossum,0.2,17,0.5820105820105821,4,5,1.5865964889526367,1.3532556295394897,training,25,0,0.9812159538269043,0.029525823178498643,0.1830153465270996,0.03683505588107639,0.0257904052734375,0.04112110639873304,0.044450814383370535
adaptation,nm_guarino,0.2,17,0.25,5,5,1.0112589597702026,0.618620753288269,training,50,0,0.5688660144805908,0.004411194387673188,0.20785909937786062,0.024543641332294898,0.06875841842384546,0.04198749644390702,0.00631125965611525
adaptation,grad_mse,0.2,18,0.0,0,5,56.87171173095703,50.12040710449219,training,25,0,0.869542121887207,0.17391304347826086,0.20514488220214844,0.49831373426649306,0.6,0.9473684210526315,0.34794180733816965
adaptation,grad_guarino,0.2,18,-0.25,5,5,0.5816048979759216,0.5816046595573425,training,25,0,1.274385929107666,0.11427665378736412,0.014829874038696289,0.086688232421875,0.018983917236328127,0.1303727250350149,0.06491622924804688
adaptation,grad_vanrossum,0.2,18,0.31746031746031744,4,5,2.159327268600464,2.1593267917633057,training,25,0,0.981173038482666,0.009743333899456521,0.021050572395324707,0.0843929714626736,0.178226318359375,0.18673839067157946,0.049831717354910716
adaptation,nm_guarino,0.2,18,0.75,5,5,0.5815865993499756,0.4298572540283203,training,50,0,0.5700159072875977,0.1037108779186226,0.0809758424497189,0.061569230411928466,0.026041602042447494,0.1407392423446161,0.03620551987770325
adaptation,grad_mse,0.2,19,-0.5,15,5,40.089176177978516,37.71479034423828,training,25,1,0.8535950183868408,0.09352556311565896,0.11246156692504883,0.25234052870008683,0.00167205810546875,0.05253158117595472,0.3446713038853237
adaptation,grad_guarino,0.2,19,0.0,5,5,1.5384130477905273,0.3110376298427582,training,25,1,1.2502901554107666,0.00572868015455163,0.09378838539123535,0.006986829969618056,0.04739349365234375,0.052531574901781584,0.0848787580217634
adaptation,grad_vanrossum,0.2,19,0.0,0,5,3.3117947578430176,3.308137893676758,training,25,1,0.9845907688140869,0.15017341945482338,0.14374089241027832,0.6352689954969618,0.5854034423828125,0.05253124237060547,0.06899708339146206
adaptation,nm_guarino,0.2,19,0.0,5,5,1.5382994413375854,0.24595212936401367,training,50,1,0.5664520263671875,0.04986948215961073,0.15644921995189742,0.02672612447954887,0.0119409885405625,0.05194931773879142,0.030087524129325922
adaptation,grad_mse,0.2,20,-0.22222222222222224,10,5,82.94837188720703,82.56434631347656,training,25,1,0.8657219409942627,0.7819478408150051,0.23660826683044434,0.11101175944010416,0.4,0.052413532608433774,0.07183881487165178
adaptation,grad_guarino,0.2,20,0.05291005291005289,4,5,1.5901987552642822,1.5901455879211426,training,25,1,1.2595760822296143,0.06202080768087636,0.003133535385131836,0.1110110812717014,0.121033935546875,0.10515940816778886,0.06312539236886161
adaptation,grad_vanrossum,0.2,20,0.25,5,5,4.037679195404053,2.1375794410705566,training,25,1,0.9800379276275635,0.049771781589673915,0.0014390945434570312,0.1110110812717014,0.0237646484375,0.08566629259209883,0.06330980573381696
adaptation,nm_guarino,0.2,20,0.5,5,5,1.4900990724563599,0.3609132468700409,training,50,1,0.5687780380249023,0.006113777311258881,0.04581210836873284,0.01583365889223766,0.05127033874780693,0.09385827645361271,0.046572685632926894
adaptation,grad_mse,0.2,21,0.0,0,5,60.157554626464844,40.92140197753906,training,25,0,0.8450250625610352,0.07651108451511549,0.17187142372131348,0.32626817491319443,0.5431466674804688,0.022425300196597452,0.05864998953683036
adaptation,grad_guarino,0.2,21,0.05291005291005289,4,5,1.2121853828430176,1.1735352277755737,training,25,0,1.2589707374572754,0.09489911950152853,0.06918835639953613,0.02460293240017361,0.13776123046875,0.0008020902934827303,0.04200831821986607
adaptation,grad_vanrossum,0.2,21,0.430622009569378,6,5,3.7400479316711426,2.7037103176116943,training,25,0,1.0016918182373047,0.2182692818019701,0.05414581298828125,0.0487640380859375,0.05142486572265625,0.008258618806537828,0.06876100812639509
adaptation,nm_guarino,0.2,21,1.0,5,5,1.1121996641159058,0.218925341963768,training,50,0,0.5639128684997559,0.0891173782041529,0.05223743308211892,0.04318887508219752,0.084148073036244,0.006643487420296383,0.04491401382048049
adaptation,grad_mse,0.2,22,0.0,0,5,58.39107894897461,58.39104461669922,training,25,0,0.8445131778717041,0.17077968431555707,0.14288043975830078,0.8771643744574653,0.5975434875488281,0.5671753632394891,0.058613368443080356
adaptation,grad_guarino,0.2,22,-0.06944444444444445,1,5,3.1459813117980957,1.5441488027572632,training,25,0,1.2438490390777588,0.0359122898267663,0.023674488067626953,0.2520475599500868,0.24558013916015625,0.17690698724043996,0.016251918247767855
adaptation,grad_vanrossum,0.2,22,-0.17045454545454547,3,5,2.745872735977173,2.7458724975585938,training,25,0,1.2948360443115234,0.061105014966881796,0.05004620552062988,0.11816491021050347,0.06835296630859375,0.13297141225714432,0.04895891462053571
adaptation,nm_guarino,0.2,22,0.5,5,5,2.7458925247192383,0.3279597759246826,training,50,0,0.5819809436798096,0.1584829620731875,0.027830157612322326,0.05737544931082065,0.105987587139455,0.13480538463981845,0.060391971597110634
adaptation,grad_mse,0.2,23,-0.17045454545454547,3,5,45.14424133300781,45.143653869628906,training,25,0,0.8517501354217529,0.08067719832710597,0.07311367988586426,0.16796773274739582,0.017723388671875,0.046566674583836606,0.0822049822126116
adaptation,grad_guarino,0.2,23,0.5,5,5,2.86696720123291,0.8516398072242737,training,25,0,1.996156930923462,0.20704936151919157,0.047286391258239746,0.023099772135416665,0.09464996337890624,0.05490138656214664,0.5159774780273437
adaptation,grad_vanrossum,0.2,23,0.11363636363636365,3,5,2.7518179416656494,2.7518179416656494,init,25,0,0.9967978000640869,0.09291430213196537,0.06794114653076133,0.13508686644377502,0.021910964028465686,0.04534447535864957,0.07724156777027044
adaptation,nm_guarino,0.2,23,1.0,5,5,2.4668750762939453,0.09595871716737747,training,50,0,0.570734977722168,0.12087548523943718,0.054801745735411966,0.0855474481475069,0.13805776386190785,0.0466332091907967,0.10781193860398892
adaptation,grad_mse,0.2,24,-0.4444444444444445,10,5,67.8283920288086,67.82821655273438,training,25,0,0.8837339878082275,0.817157504869544,0.38652896881103516,0.11101871066623265,0.39995986938476563,0.040862215192694416,0.21571132114955358
adaptation,grad_guarino,0.2,24,0.75,5,5,3.468874454498291,0.4985911548137665,training,25,0,1.2526988983154297,0.06733889372452445,0.03388214111328125,0.017688496907552084,0.038805694580078126,0.15029897187885485,0.02529482160295759
adaptation,grad_vanrossum,0.2,24,-0.21164021164021166,4,5,2.557465076446533,2.557464838027954,training,25,0,0.9934530258178711,0.029084379776664403,0.022101163864135742,0.05330607096354167,0.05078216552734375,0.16999608591983192,0.03248726981026786
adaptation,nm_guarino,0.2,24,0.75,5,5,3.0687859058380127,0.41811496019363403,training,50,0,0.568922758102417,0.07872932037557519,0.02830694763961139,0.045465899356732266,0.14251667896322204,0.1634564045924709,0.07497164098328102
adaptation,grad_mse,0.2,25,-0.09259259259259263,7,5,45.612388610839844,44.98506164550781,training,25,1,0.8524150848388672,0.2610253375509511,0.24301230907440186,0.079266357421875,0.31054153442382815,0.052531725481936804,0.5043596540178571
adaptation,grad_guarino,0.2,25,0.05291005291005289,4,5,1.2406504154205322,1.2406504154205322,init,25,1,1.2799890041351318,0.009029795738380418,0.15005788807914722,0.03496601098451606,0.042378296473929426,0.05263157894736842,0.10729240691072062
adaptation,grad_vanrossum,0.2,25,0.75,5,5,3.1352245807647705,1.5724302530288696,training,25,1,0.9879181385040283,0.004902980638586956,0.16135692596435547,0.018621148003472223,0.008441314697265626,0.05253159372430099,0.12537602015904017
adaptation,nm_guarino,0.2,25,0.75,5,5,1.1405510902404785,0.3101893365383148,training,50,1,0.5762429237365723,0.030018871511827767,0.1200591744809063,0.008457318208848442,0.0011244080488719988,0.05146198830409357,0.14650207944524446
adaptation,grad_mse,0.2,26,-0.4910714285714286,11,5,35.12302780151367,35.01622009277344,training,25,1,0.8563578128814697,0.8260869565217391,0.75,0.1111111111111111,0.4,0.05253778633318449,0.27639879499162945
adaptation,grad_guarino,0.2,26,0.05291005291005289,4,5,0.9838297367095947,0.9838297367095947,init,25,1,1.2601959705352783,0.07795801957734279,0.05927327868303056,0.08840634268810213,0.05123696918988003,0.05263157894736842,0.10115562668957015
adaptation,grad_vanrossum,0.2,26,-1.0,36,5,2.9590516090393066,2.95892333984375,training,25,1,1.0122120380401611,0.8257399351700493,0.5323323011398315,0.11111077202690972,0.39999969482421877,0.052532352899250234,0.06126774379185268
adaptation,nm_guarino,0.2,26,0.31746031746031744,4,5,0.8838003277778625,0.7483044266700745,training,50,1,0.5678060054779053,0.061024235158045996,0.05548253302774109,0.05603482658629465,0.07149857433409892,0.05164614234666061,0.06969770809834261
adaptation,grad_mse,0.2,27,-0.4910714285714286,11,5,63.068214416503906,63.0668830871582,training,25,0,0.8477859497070312,0.8132278235062309,0.710493803024292,0.11111077202690972,0.4,0.05255483953576339,0.012532152448381696
adaptation,grad_guarino,0.2,27,0.25,5,5,3.400969982147217,0.6416391730308533,training,25,0,1.2546238899230957,0.0623920606530231,0.15803313255310059,0.005005900065104167,0.039433135986328124,0.1080736612018786,0.012967681884765625
adaptation,grad_vanrossum,0.2,27,0.11363636363636365,3,5,2.543548822402954,2.5435478687286377,training,25,0,0.988131046295166,0.07350848654042119,0.11625707149505615,0.05370313856336806,0.08946212768554687,0.128202990481728,0.0007173810686383928
adaptation,nm_guarino,0.2,27,0.25,5,5,3.000882387161255,0.5944576859474182,training,50,0,0.5686190128326416,0.07372972335383268,0.10217569899411094,0.026646035019558034,0.13294872430479132,0.11445936856836693,0.04962131108927557
adaptation,grad_mse,0.2,28,0.0,0,5,69.8666763305664,48.28944396972656,training,25,0,0.8496999740600586,0.11462999426800272,0.13407623767852783,0.3370671590169271,0.5624676513671875,0.14220656846698962,0.06208038330078125
adaptation,grad_guarino,0.2,28,-0.21164021164021166,4,5,3.237959384918213,1.5194505453109741,training,25,0,1.2445127964019775,0.01147414497707201,0.08759593963623047,0.015892198350694445,0.05632568359375,0.06478384921425268,0.0922898428780692
adaptation,grad_vanrossum,0.2,28,0.18633540372670807,2,5,3.5938355922698975,3.0858349800109863,training,25,0,0.9972836971282959,0.034823210343070655,0.047473907470703125,0.09192877875434027,0.2449566650390625,0.09146638920432643,0.08010537283761161
adaptation,nm_guarino,0.2,28,0.75,5,5,2.837871789932251,0.39960697293281555,training,50,0,0.5673532485961914,0.03363581268397262,0.0737430411227844,0.0208883981142135,0.029854694470229218,0.07763059244083825,0.07197404713107208
adaptation,grad_mse,0.2,29,-0.4444444444444445,10,5,69.37577819824219,37.74888610839844,training,25,1,0.8402516841888428,0.732933467367421,0.2831367254257202,0.11101481119791666,0.39999984741210937,0.05253277954302336,0.0075350080217633925
adaptation,grad_guarino,0.2,29,0.25,5,5,0.5581671595573425,0.4679255187511444,training,25,1,1.2651660442352295,0.06078690238620924,0.03753864765167236,0.01625213623046875,0.06625091552734375,0.052531574901781584,0.1614567347935268
adaptation,grad_vanrossum,0.2,29,0.75,5,5,3.0344395637512207,1.3449475765228271,training,11,1,0.9430861473083496,0.06587730076002038,0.038449764251708984,0.010122002495659723,0.04373062133789062,0.05253156862760845,0.10714449201311384
adaptation,nm_guarino,0.2,29,0.5,5,5,0.5581558346748352,0.44843897223472595,training,50,1,0.5739188194274902,0.1058069129032307,0.03677629062874255,0.017848316034802438,0.0777834260667177,0.05263157894736842,0.15692663567495738
adaptation,grad_mse,0.4,0,-1.0,1155,5,91.2041015625,91.20362854003906,training,1,0,0.8407280445098877,0.8260869565217391,0.75,0.1111111111111111,0.4,0.05263157894736842,0.17205592564174108
adaptation,grad_guarino,0.4,0,0.5429864253393665,8,5,3.7294743061065674,3.7294743061065674,init,25,0,1.2558889389038086,0.15464470050253099,0.014501286941051683,0.09343603900742387,0.006685133646434736,0.11388932152422589,0.3378297904700231
adaptation,grad_vanrossum,0.4,0,-1.0,1628,5,4.598005771636963,4.598003387451172,training,25,0,0.9962987899780273,0.4711709063986073,0.6625857353210449,0.11108601888020833,0.4,0.05263157894736842,0.3370222909109933
adaptation,nm_guarino,0.4,0,0.0,5,5,2.8292806148529053,0.7876500487327576,training,50,0,0.577880859375,0.15465371505006878,0.056159113326758714,0.054528268353561136,0.10164711362342843,0.10511342433995387,0.24286445221558536
adaptation,grad_mse,0.4,1,0.0,5,5,83.65530395507812,83.65530395507812,init,25,0,0.8357088565826416,0.33141812033828777,0.018406104349419472,0.042073842441038144,0.057870880723743315,0.16572784559095138,0.13129462660901753
adaptation,grad_guarino,0.4,1,0.0,5,5,1.1476895809173584,1.1476895809173584,init,25,0,1.250298261642456,0.33141812033828777,0.018406104349419472,0.042073842441038144,0.057870880723743315,0.16572784559095138,0.13129462660901753
adaptation,grad_vanrossum,0.4,1,0.0,5,5,4.029591083526611,4.029591083526611,init,25,0,0.9726488590240479,0.33141812033828777,0.018406104349419472,0.042073842441038144,0.057870880723743315,0.16572784559095138,0.13129462660901753
adaptation,nm_guarino,0.4,1,0.5,5,5,1.1475880146026611,0.30120542645454407,training,50,0,0.5911939144134521,0.3101579881090324,0.07839251834840821,0.0013185609613388907,0.11541544722081767,0.1658951239881648,0.0710142026866929
adaptation,grad_mse,0.4,2,0.13888888888888884,7,5,104.70123291015625,104.69988250732422,training,25,0,1.1371068954467773,0.09054883873980979,0.5717896223068237,0.10927344428168403,0.39191452026367185,0.006030346217908357,0.27798265729631694
adaptation,grad_guarino,0.4,2,-0.12422360248447205,2,5,7.935494422912598,7.935493469238281,training,25,0,1.2515182495117188,0.12864406419836957,0.1685957908630371,0.2576855129665799,0.08175338745117187,0.11362891448171515,0.2029083251953125
adaptation,grad_vanrossum,0.4,2,0.18633540372670807,2,5,4.725663185119629,3.602567195892334,training,25,0,1.725719928741455,0.1273341303286345,0.18883681297302246,0.19969957139756944,0.02826202392578125,0.10478196646037855,0.20596095493861608
adaptation,nm_guarino,0.4,2,-0.25,5,5,7.035048484802246,0.8274763822555542,training,50,0,0.6074721813201904,0.07742310251606145,0.27885158882519345,0.06991709065253215,0.2895368499734306,0.11624556326028886,0.30671013168162303
adaptation,grad_mse,0.4,3,0.0,0,5,10475.6572265625,465.2364807128906,training,25,0,0.8554909229278564,0.17391304347826086,0.25,0.8888888888888888,0.6,0.9473684210526315,0.6285714285714286
adaptation,grad_guarino,0.4,3,-0.2678571428571429,11,5,197.6718292236328,26.338300704956055,training,25,0,1.297828197479248,0.8260868777399478,0.75,0.11110805935329861,0.4,0.052631497383117676,0.6285714285714286
adaptation,grad_vanrossum,0.4,3,0.0,0,5,449.3124694824219,8.87643051147461,training,25,0,0.9808659553527832,0.17391304347826086,0.24437785148620605,0.8888888888888888,0.6,0.9473684210526315,0.6127199445452008
adaptation,nm_guarino,0.4,3,1.0,5,5,82.06819915771484,0.21045462787151337,training,50,0,0.5756790637969971,0.004616174749103809,0.0834682280116934,0.01894705123639003,0.09264358298478555,0.006986115389731648,0.10135212547680895
adaptation,grad_mse,0.4,4,0.0,10,5,85.67894744873047,65.2750244140625,training,25,0,0.8529250621795654,0.6070815044900645,0.5692859888076782,0.11063079833984375,0.3998933410644531,0.04744142607638711,0.4821219308035714
adaptation,grad_guarino,0.4,4,-0.21164021164021166,4,5,3.5367894172668457,1.7823015451431274,training,25,0,1.2796711921691895,0.0963325832201087,0.07381510734558105,0.014613850911458334,0.19165802001953125,0.04067551462273849,0.2618811471121652
adaptation,grad_vanrossum,0.4,4,0.11363636363636365,3,5,3.437864065170288,3.43786358833313,training,25,0,0.9981629848480225,0.10209025507387907,0.05299973487854004,0.005175103081597222,0.2741987609863281,0.050119864313225994,0.2625792367117746
adaptation,nm_guarino,0.4,4,0.25,5,5,3.1366968154907227,0.8252918720245361,training,50,0,0.5862207412719727,0.08073238349834022,0.05108180018968578,0.07682067271044211,0.15300982919786266,0.05475993735570285,0.23723294943099052
adaptation,grad_mse,0.4,5,0.05291005291005289,4,5,60.347389221191406,60.347389221191406,init,25,2,0.8555381298065186,0.04837360656389191,0.17577511033124726,0.1111111111111111,0.13033582278980077,0.05263157894736842,0.21734707935229908
adaptation,grad_guarino,0.4,5,-0.17045454545454547,3,5,1.551741361618042,1.3361530303955078,training,25,2,1.2725751399993896,0.09492751411769701,0.10885143280029297,0.1110110812717014,0.45669219970703123,0.052531455692492034,0.1356388636997768
adaptation,grad_vanrossum,0.4,5,0.4968944099378882,2,5,3.275118827819824,2.5201971530914307,training,25,2,0.9934878349304199,0.13230351987092392,0.08277690410614014,0.1110110812717014,0.5817388916015624,0.052531298838163674,0.21778695242745535
adaptation,nm_guarino,0.4,5,-0.25,5,5,1.4517103433609009,0.8636823296546936,training,50,2,0.5731449127197266,0.04837360656389191,0.17577511033124726,0.1111111111111111,0.03685261392929078,0.05263157894736842,0.21734707935229908
adaptation,grad_mse,0.4,6,0.05291005291005289,4,5,93.41497802734375,93.41497802734375,init,25,0,0.853306770324707,0.12528599423667278,0.13803664094866464,0.033733812413948766,0.24072020330808586,0.07855535686965527,0.2449370836156774
adaptation,grad_guarino,0.4,6,0.37037037037037035,7,5,1.596513032913208,0.5740163922309875,training,25,0,1.2721679210662842,0.2276034811268682,0.22427678108215332,0.062123277452256945,0.05269744873046875,0.04383983110126696,0.24388362339564731
adaptation,grad_vanrossum,0.4,6,0.05291005291005289,4,5,3.1513893604278564,3.1513893604278564,init,25,0,0.9836459159851074,0.12528599423667278,0.13803664094866464,0.033733812413948766,0.24072020330808586,0.07855535686965527,0.2449370836156774
adaptation,nm_guarino,0.4,6,0.75,5,5,1.496347188949585,0.43200254440307617,training,50,0,0.596494197845459,0.12964743346329008,0.1471566586831492,0.005981141416416828,0.16793042527168495,0.07558587321223216,0.22116902748966255
adaptation,grad_mse,0.4,7,0.0,5,5,32.0042724609375,32.0042724609375,init,25,0,0.8797130584716797,0.21088230373034886,0.021684650383136495,0.0250836106055936,0.05298580200785324,0.030024397841735325,0.33274657430235827
adaptation,grad_guarino,0.4,7,0.0,0,5,15.807547569274902,2.069571018218994,training,25,0,1.2641611099243164,0.12030420717985733,0.1322627067565918,0.6279729207356771,0.5591603088378906,0.02193730128438849,0.33318078177315846
adaptation,grad_vanrossum,0.4,7,0.31746031746031744,4,5,6.825141429901123,3.0033626556396484,training,25,0,0.9915010929107666,0.1787319680918818,0.012941122055053711,0.01040615505642361,0.24322845458984374,0.025392695477134304,0.3254842485700335
adaptation,nm_guarino,0.4,7,0.5820105820105821,4,5,15.806753158569336,0.8938496112823486,training,50,0,0.5749011039733887,0.1945080950398901,0.028828056454131,0.023885061626527065,0.21252167044872863,0.02701616621074864,0.21970558689332254
adaptation,grad_mse,0.4,8,0.0,0,5,87.40504455566406,86.91348266601562,training,25,1,0.8565719127655029,0.17381339695142664,0.04690229892730713,0.8856911553276909,0.5998992919921875,0.9360715966475638,0.1570460728236607
adaptation,grad_guarino,0.4,8,-0.21164021164021166,4,5,3.328906297683716,1.7773207426071167,training,25,1,1.2717070579528809,0.17381299889605978,0.11779356002807617,0.02837253146701389,0.1685150146484375,0.19324445724487305,0.20239759172712055
adaptation,grad_vanrossum,0.4,8,0.11363636363636365,3,5,3.3892898559570312,3.386077404022217,training,25,1,0.9928839206695557,0.17381299889605978,0.1080312728881836,0.08096110026041667,0.06184112548828125,0.24880610014262952,0.20085231236049106
adaptation,nm_guarino,0.4,8,0.75,5,5,2.9288222789764404,0.8369648456573486,training,50,1,0.57659912109375,0.17391304347826037,0.0666763611888137,0.03164313257162803,0.3194920756366588,0.2157402319092335,0.22064582311458958
adaptation,grad_mse,0.4,9,-0.06944444444444445,1,5,44.19371795654297,43.827606201171875,training,25,1,0.8504889011383057,0.17359466552734376,0.12687766551971436,0.049233330620659724,0.5997805786132813,0.05253104787123831,0.017500959123883927
adaptation,grad_guarino,0.4,9,-0.25,5,5,1.5276597738265991,0.6963673233985901,training,25,1,1.248966932296753,0.2055477639903193,0.2691831588745117,0.08840874565972222,0.17844161987304688,0.05253162509516666,0.025353240966796874
adaptation,grad_vanrossum,0.4,9,0.5820105820105821,4,5,2.1411540508270264,2.1411540508270264,init,25,1,1.0075430870056152,0.13559240894609312,0.2169778865692371,0.08635044964408299,0.275103922587065,0.05263157894736842,0.022988259219133667
adaptation,nm_guarino,0.4,9,-0.25,5,5,1.4276379346847534,0.7211809158325195,training,50,1,0.5668716430664062,0.13559240894609312,0.2169778865692371,0.07410707376148733,0.20323325269485934,0.05263157894736842,0.022988259219133667
adaptation,grad_mse,0.4,10,0.19138755980861247,6,5,45.18776321411133,45.18776321411133,init,25,0,0.8537380695343018,0.30262035900607615,0.01559543169328892,0.11195560883172706,0.12985324992512687,0.10666556787254378,0.1655422380867226
adaptation,grad_guarino,0.4,10,0.19138755980861247,6,5,2.910398483276367,2.910398483276367,init,25,0,1.2767372131347656,0.30262035900607615,0.01559543169328892,0.11195560883172706,0.12985324992512687,0.10666556787254378,0.1655422380867226
adaptation,grad_vanrossum,0.4,10,0.19138755980861247,6,5,3.896543025970459,3.896543025970459,init,25,0,0.9932899475097656,0.30262035900607615,0.01559543169328892,0.11195560883172706,0.12985324992512687,0.10666556787254378,0.1655422380867226
adaptation,nm_guarino,0.4,10,0.31746031746031744,4,5,2.8103716373443604,0.7850424647331238,training,50,0,0.5808761119842529,0.2876461184443142,0.0017804974879322977,0.18660909853268365,0.022810141321813263,0.10500152181578348,0.1076619093912882
adaptation,grad_mse,0.4,11,-1.0,1796,5,257.62628173828125,256.2767333984375,training,1,2,0.8227460384368896,0.17391304347826086,0.25,0.11098717583550347,0.4,0.05258193141535709,0.37142857142857144
adaptation,grad_guarino,0.4,11,-1.0,1591,5,31.477890014648438,31.06979751586914,training,1,2,1.2334518432617188,0.1717563131581182,0.0794600248336792,0.11101040310329861,0.3989295959472656,0.05253349479876066,0.37142857142857144
adaptation,grad_vanrossum,0.4,11,-1.0,1665,5,38.556373596191406,38.47303771972656,training,1,2,0.8774898052215576,0.17389148214588995,0.1427983045578003,0.11100989447699652,0.39999191284179686,0.052535326857315864,0.37142857142857144
adaptation,nm_guarino,0.4,11,0.0,5,5,27.876537322998047,0.4290355443954468,training,50,2,0.8631329536437988,0.022183231139720636,0.06601396416881511,0.05035736476304401,0.06141908680791147,0.05065903942333291,0.009762733575935555
adaptation,grad_mse,0.4,12,-0.17045454545454547,3,5,78.30974578857422,77.94941711425781,training,25,1,0.860292911529541,0.10743036684782609,0.1363074779510498,0.21440497504340278,0.03829833984375,0.05253159372430099,0.15040152413504465
adaptation,grad_guarino,0.4,12,0.18633540372670807,2,5,7.482372283935547,7.482372283935547,init,25,1,2.0130600929260254,0.1115631526057074,0.12137597229490282,0.29662837400603875,0.003632537136880387,0.05263157894736842,0.11023153275496367
adaptation,grad_vanrossum,0.4,12,0.19138755980861247,6,5,3.747142791748047,3.6362998485565186,training,25,1,1.0456209182739258,0.09035856827445653,0.23807835578918457,0.0018825954861111111,0.253680419921875,0.05253167528855173,0.12720598493303573
adaptation,nm_guarino,0.4,12,0.25,5,5,6.581820011138916,0.4659252166748047,training,50,1,0.5937259197235107,0.08097852616160782,0.07470576244351013,0.0864670241702113,0.14954546178805003,0.05030992324839946,0.09737544969037475
adaptation,grad_mse,0.4,13,0.0,0,5,56.05030822753906,55.64314651489258,training,25,1,0.9578902721405029,0.15827132515285325,0.20323443412780762,0.277874755859375,0.28483230590820313,0.052531574901781584,0.009729112897600447
adaptation,grad_guarino,0.4,13,0.0,0,5,77528.5703125,25.269062042236328,training,25,1,1.27662992477417,0.17391304347826086,0.25,0.8888888888888888,0.6,0.05241014455494128,0.628570556640625
adaptation,grad_vanrossum,0.4,13,-0.06944444444444445,1,5,4.257216453552246,4.079547882080078,training,25,1,1.0107300281524658,0.15819410241168477,0.20209789276123047,0.20495520697699654,0.22785186767578125,0.05253158117595472,0.00992769513811384
adaptation,nm_guarino,0.4,13,-0.25,5,5,75804.7734375,0.6890468597412109,training,50,1,0.5687160491943359,0.14421176557766113,0.2104904404143264,0.09616801714921622,0.008551033173512792,0.04962854391940643,0.013617142109122174
adaptation,grad_mse,0.4,14,0.09049773755656108,8,5,59.163902282714844,59.163902282714844,init,25,1,0.8516027927398682,0.0294837411170741,0.25,0.0006684075073280837,0.17607011049913468,0.06669719140239312,0.2352007747030618
adaptation,grad_guarino,0.4,14,0.3167420814479638,8,5,6.980861186981201,6.980850696563721,training,25,1,1.2632420063018799,0.8049101166103197,0.2498997449874878,0.11111077202690972,0.6,0.9473684210526315,0.6285714285714286
adaptation,grad_vanrossum,0.4,14,-0.3619909502262444,8,5,7.158707141876221,7.1587066650390625,training,25,1,0.987494945526123,0.8245946013409159,0.24989962577819824,0.1111111111111111,0.6,0.9473684210526315,0.6285714285714286
adaptation,nm_guarino,0.4,14,0.25,5,5,6.0805487632751465,0.5535727739334106,training,50,1,0.572638988494873,0.009617924509887356,0.2264746227709189,0.028321315154613873,0.0423417964382827,0.07770516986677263,0.14417567568999712
adaptation,grad_mse,0.4,15,-0.25,5,5,55.61743927001953,55.61743927001953,init,25,2,0.8562180995941162,0.0012073753536657498,0.2674460384648505,0.1111111111111111,0.1984490499233482,0.05263157894736842,0.12131993903794418
adaptation,grad_guarino,0.4,15,-0.25,5,5,1.5577296018600464,1.5503977537155151,training,25,2,1.3074440956115723,0.018290511421535326,0.2743508815765381,0.1110110812717014,0.15849945068359375,0.05253159372430099,0.08562534877232143
adaptation,grad_vanrossum,0.4,15,0.19138755980861247,6,5,3.637749195098877,3.5747287273406982,training,25,2,1.001249074935913,0.05792568040930707,0.274456262588501,0.1110110812717014,0.16453659057617187,0.05253159372430099,0.302989741734096
adaptation,nm_guarino,0.4,15,1.0,5,5,1.5576189756393433,0.15063874423503876,training,50,2,0.571868896484375,0.016980672333301194,0.24511938298591085,0.08494624168063783,0.24681630644053798,0.05174087410455723,0.09349982710833729
adaptation,grad_mse,0.4,16,0.09049773755656108,8,5,60.311649322509766,59.80147171020508,training,25,2,0.8578207492828369,0.2685747892960258,0.2498999834060669,0.11101125081380209,0.2789790344238281,0.016970258010061162,0.1553438459123884
adaptation,grad_guarino,0.4,16,0.09049773755656108,8,5,1.3980594873428345,1.3866019248962402,training,12,2,1.2823867797851562,0.16979502802309782,0.2498999834060669,0.1110110812717014,0.210765380859375,0.011048994566264906,0.07473994663783483
adaptation,grad_vanrossum,0.4,16,0.05291005291005289,4,5,3.47493577003479,3.3182601928710938,training,25,2,0.9986510276794434,0.05579316512398098,0.2498999834060669,0.1110110812717014,0.10882827758789063,0.0008575602581626491,0.15338472638811385
adaptation,nm_guarino,0.4,16,0.75,5,5,1.2980273962020874,0.5278334021568298,training,50,2,0.573340892791748,0.04424343122497453,0.25,0.0677678707514095,0.018594945533990027,0.002724497146335766,0.18649133823861105
adaptation,grad_mse,0.4,17,-0.4910714285714286,11,5,30.37977409362793,30.144105911254883,training,25,2,0.8744471073150635,0.8246545294056769,0.24989986419677734,0.1111111111111111,0.39999984741210937,0.052532346625077095,0.03577444893973214
adaptation,grad_guarino,0.4,17,-0.17045454545454547,3,5,1.0274907350540161,1.0271751880645752,training,25,2,1.2965397834777832,0.037164439325747284,0.2498999834060669,0.10778062608506944,0.0068621826171875,0.052531574901781584,0.09415522984095982
adaptation,grad_vanrossum,0.4,17,0.5,5,5,2.401664972305298,2.4014945030212402,training,25,2,1.016010046005249,0.0984482474949049,0.2498999834060669,0.01923556857638889,0.13502395629882813,0.052531606272647254,0.08914478846958705
adaptation,nm_guarino,0.4,17,0.5820105820105821,4,5,0.9275200963020325,0.6664651036262512,training,50,2,0.5713930130004883,0.08309535617859702,0.21412646396320234,0.0743835919929994,0.0245288698889118,0.05155267560791589,0.036993449159532635
adaptation,grad_mse,0.4,18,0.18633540372670807,2,5,107.10735321044922,107.05870056152344,training,25,1,0.8651468753814697,0.17391304347826086,0.06758332252502441,0.11100260416666667,0.6,0.9473684210526315,0.3190975734165737
adaptation,grad_guarino,0.4,18,0.19138755980861247,6,5,0.7535032629966736,0.752815842628479,training,25,1,1.2622151374816895,0.3092624830163043,0.03241324424743652,0.1110110812717014,0.07936355590820313,0.24041035300806948,0.12511967250279019
adaptation,grad_vanrossum,0.4,18,0.18633540372670807,2,5,2.708963394165039,2.702528238296509,training,25,1,0.9985058307647705,0.09840757950492528,0.03291821479797363,0.1110110812717014,0.44048049926757815,0.451640480443051,0.1154115949358259
adaptation,nm_guarino,0.4,18,0.25,5,5,0.7534856200218201,0.6138256192207336,training,50,1,0.5691719055175781,0.1536494048386692,0.12757272452075785,0.1111111111111111,0.088991772291526,0.294139450229324,0.05867253882798958
adaptation,grad_mse,0.4,19,0.0,0,5,37.95149230957031,37.509246826171875,training,11,1,0.8280148506164551,0.17391304347826086,0.23485541343688965,0.8888888888888888,0.4,0.05253575977526213,0.37142857142857144
adaptation,grad_guarino,0.4,19,-0.21164021164021166,4,5,3.227138042449951,1.3691736459732056,training,25,1,1.2491490840911865,0.06591179889181385,0.18528366088867188,0.05630832248263889,0.04074722290039062,0.05253151843422338,0.5912388392857143
adaptation,grad_vanrossum,0.4,19,-1.0,780,5,3.5518996715545654,3.5513505935668945,training,25,1,1.0041370391845703,0.1322174072265625,0.19005537033081055,0.5182000054253473,0.3610920715332031,0.052531731756109944,0.37138475690569195
adaptation,nm_guarino,0.4,19,0.0,5,5,3.226958990097046,0.7413020133972168,training,50,1,0.5663599967956543,0.07289381450905226,0.18728533462283314,0.035772614507563895,0.09462940894872361,0.05215673542609422,0.01806122644590208
adaptation,grad_mse,0.4,20,0.11363636363636365,3,5,127.91960906982422,88.70797729492188,training,25,1,0.8487751483917236,0.1368597942849864,0.2673637866973877,0.11101158989800347,0.5709246826171875,0.05146866095693488,0.14723750523158483
adaptation,grad_guarino,0.4,20,0.05291005291005289,4,5,3.305896043777466,1.6308523416519165,training,25,1,1.2493300437927246,0.11285353950832201,0.002270936965942383,0.1110110812717014,0.04205169677734375,0.15522856461374382,0.1284181867327009
adaptation,grad_vanrossum,0.4,20,0.18633540372670807,2,5,3.934577703475952,3.8090412616729736,training,25,1,0.9870851039886475,0.12560756517493207,0.017104387283325195,0.1110110812717014,0.37752838134765626,0.2789301872253418,0.1089599609375
adaptation,nm_guarino,0.4,20,0.05291005291005289,4,5,2.9058115482330322,1.43736732006073,training,50,1,0.5791399478912354,0.05963411679957003,0.0021898381076659312,0.1111111111111111,0.03686046783675067,0.18166865828462866,0.2581338465419301
adaptation,grad_mse,0.4,21,0.2678571428571429,9,5,68.83708190917969,65.42066955566406,training,25,0,0.8445181846618652,0.7738009660140328,0.11649966239929199,0.0841398451063368,0.2282440185546875,0.021542423649838095,0.19757559640066966
adaptation,grad_guarino,0.4,21,0.39772727272727276,3,5,2.7760846614837646,2.6752231121063232,training,25,0,1.2401471138000488,0.20209675664487092,0.13982820510864258,0.04902004665798611,0.287115478515625,0.0014837039144415605,0.11884100777762277
adaptation,grad_vanrossum,0.4,21,0.11363636363636365,3,5,3.3663063049316406,2.9717869758605957,training,25,0,0.9861721992492676,0.15102340034816575,0.13779425621032715,0.047495524088541664,0.2767822265625,0.00011565810755679482,0.026828438895089287
adaptation,nm_guarino,0.4,21,0.05291005291005289,4,5,2.3759937286376953,0.979361355304718,training,50,0,0.8810920715332031,0.2271128326761752,0.1120308664036953,0.0372394358237781,0.1993066502206844,0.002305029438407304,0.09423878409173117
adaptation,grad_mse,0.4,22,0.0,0,5,116.11900329589844,116.11660766601562,training,25,0,0.8459517955780029,0.1654534381368886,0.1132955551147461,0.8746670193142361,0.583935546875,0.45608083825362356,0.06893463134765625
adaptation,grad_guarino,0.4,22,0.11363636363636365,3,5,3.8109936714172363,1.5330164432525635,training,25,0,1.9903380870819092,0.18562907343325408,0.12323141098022461,0.15593143039279514,0.0389385986328125,0.24904850909584447,0.10177274431501115
adaptation,grad_vanrossum,0.4,22,-0.12422360248447205,2,5,4.2624945640563965,3.480538845062256,training,25,0,1.0361032485961914,0.127971483313519,0.10685348510742188,0.21946597629123263,0.10608795166015625,0.26254460686131526,0.1015413556780134
adaptation,nm_guarino,0.4,22,0.75,5,5,3.411006450653076,0.5211501121520996,training,50,0,0.6166651248931885,0.20709053303968872,0.10432995198341599,0.08033832629534048,0.16922895529145365,0.2311687042815122,0.19841083991629163
adaptation,grad_mse,0.4,23,-0.12422360248447205,2,5,67.79866790771484,49.92192077636719,training,25,0,0.9114251136779785,0.1640387493631114,0.13655829429626465,0.2201265123155382,0.0550372314453125,0.11321534608539782,0.4003790719168527
adaptation,grad_guarino,0.4,23,0.18633540372670807,2,5,7.132620334625244,7.132620334625244,init,25,0,1.2953341007232666,0.18582860426393075,0.13588229306152244,0.27017373288755003,0.04382192805693166,0.09068895071729914,0.15448313554054088
adaptation,grad_vanrossum,0.4,23,-0.21164021164021166,4,5,3.617417097091675,2.2411270141601562,training,25,0,1.0746870040893555,0.300846995478091,0.12823486328125,0.12049797905815972,0.14000274658203124,0.08100912445469906,0.16238152640206474
adaptation,nm_guarino,0.4,23,0.0,5,5,6.232102394104004,0.3260849118232727,training,50,0,0.7785332202911377,0.22096212676511892,0.1274778667958143,0.1730808831417524,0.2662622298301622,0.09095921873417105,0.169852071704113
adaptation,grad_mse,0.4,24,-0.5429864253393665,12,5,155.57339477539062,155.5724639892578,training,25,0,0.9402730464935303,0.7847262009330418,0.31642770767211914,0.11046006944444445,0.39834014892578123,0.13297976945575915,0.06837637765066965
adaptation,grad_guarino,0.4,24,-0.17045454545454547,3,5,3.7641680240631104,2.0459794998168945,training,25,0,1.375190019607544,0.027695033861243206,0.04170846939086914,0.12518836127387153,0.15323867797851562,0.3563799607126336,0.06745387486049108
adaptation,grad_vanrossum,0.4,24,-0.21164021164021166,4,5,4.249182224273682,3.430927276611328,training,25,0,1.0347130298614502,0.10040800675101902,0.053070068359375,0.063714599609375,0.03311920166015625,0.3285844702469675,0.06752777099609375
adaptation,nm_guarino,0.4,24,0.430622009569378,6,5,3.3640806674957275,0.8831861615180969,training,50,0,0.5881779193878174,0.08577648822631039,0.03183703981165831,0.027314357467778272,0.10062497871478143,0.35182451603945397,0.08534831897013037
adaptation,grad_mse,0.4,25,0.05291005291005289,4,5,77.70576477050781,77.70576477050781,init,3,1,0.8437108993530273,0.01805959147676071,0.30011577615829443,0.06993202196903212,0.08475659294785856,0.05263157894736842,0.21458481382144123
adaptation,grad_guarino,0.4,25,0.05291005291005289,4,5,1.394864559173584,1.342757225036621,training,25,1,1.296065092086792,0.007380808954653532,0.31646251678466797,0.04672105577256944,0.0382647705078125,0.05253159372430099,0.2295168195452009
adaptation,grad_vanrossum,0.4,25,0.05291005291005289,4,5,3.78478741645813,3.7820703983306885,training,25,1,1.002392053604126,0.01550498630689538,0.3027191162109375,0.0659027099609375,0.07423355102539063,0.05253158117595472,0.21509813581194195
adaptation,nm_guarino,0.4,25,0.75,5,5,1.2947617769241333,0.24420581758022308,training,50,1,0.6152381896972656,0.02159612096977575,0.2900193735996379,0.08516726896357846,0.06785786219542189,0.05263157894736842,0.14708313781946336
adaptation,grad_mse,0.4,26,0.0,0,5,38.337467193603516,32.030792236328125,training,25,1,0.9146561622619629,0.17389970862347146,0.1825854778289795,0.8855877346462674,0.5989874267578125,0.05253118590304726,0.33007169451032364
adaptation,grad_guarino,0.4,26,0.18633540372670807,2,5,7.235684394836426,7.190488338470459,training,25,1,1.275588035583496,0.14753205672554348,0.11997199058532715,0.1931067572699653,0.11669586181640625,0.05253158117595472,0.20266549246651785
adaptation,grad_vanrossum,0.4,26,0.4968944099378882,2,5,3.076968193054199,2.7734053134918213,training,25,1,1.000002145767212,0.151781762164572,0.11925840377807617,0.1847924126519097,0.1095989990234375,0.05253158117595472,0.20243464878627232
adaptation,nm_guarino,0.4,26,0.5820105820105821,4,5,6.335858345031738,0.7198013663291931,training,50,1,0.593224287033081,0.15148575458417682,0.17856863325539507,0.02531926088549565,0.16745908952986896,0.05047582796435834,0.106397835395783
adaptation,grad_mse,0.4,27,0.0,0,5,135.2662811279297,99.90614318847656,training,25,0,0.8519790172576904,0.16541947074558425,0.4591350555419922,0.8886123657226562,0.5999971008300782,0.935310865703382,0.14132090977260045
adaptation,grad_guarino,0.4,27,0.31746031746031744,4,5,3.9410667419433594,2.1277787685394287,training,25,0,1.2641189098358154,0.13856751815132473,0.26235365867614746,0.04085659450954861,0.00261077880859375,0.2021765206989489,0.0029793875558035716
adaptation,grad_vanrossum,0.4,27,0.18633540372670807,2,5,4.5162811279296875,3.834635019302368,training,25,0,1.2670059204101562,0.1412806635317595,0.23315763473510742,0.11295708550347222,0.174674072265625,0.26386838210256475,0.003106144496372768
adaptation,nm_guarino,0.4,27,0.25,5,5,3.541088819503784,0.9272159934043884,training,50,0,0.6634879112243652,0.12863593094722614,0.22609374101819757,0.1111111111111111,0.20696610315556654,0.20001761106126273,0.1587022300133457
adaptation,grad_mse,0.4,28,-0.12422360248447205,2,5,92.66634368896484,54.534812927246094,training,25,0,0.873028039932251,0.16980842922044836,0.29063546657562256,0.12385999891493056,0.5116244506835937,0.448036043267501,0.3659907749720982
adaptation,grad_guarino,0.4,28,0.18633540372670807,2,5,7.651689052581787,7.651689052581787,init,25,0,1.2775449752807617,0.019495603932476947,0.14409913549016484,0.08308373354849152,0.27620820084558345,0.15150844075055894,0.1808498713433839
adaptation,grad_vanrossum,0.4,28,0.18633540372670807,2,5,3.6100549697875977,3.3281540870666504,training,25,0,0.989483118057251,0.01920683487601902,0.14853286743164062,0.07635260687934028,0.2719635009765625,0.15104956375925163,0.18041796003069197
adaptation,nm_guarino,0.4,28,0.75,5,5,6.751296043395996,0.590003252029419,training,50,0,0.6030142307281494,0.03373250503675783,0.05569912153839951,0.0684287117403986,0.2639373928637639,0.10202998889927122,0.25586007150086637
adaptation,grad_mse,0.4,29,0.0,0,5,113.47457122802734,53.993377685546875,training,25,1,0.8460261821746826,0.17214600936226224,0.24996578693389893,0.8888888888888888,0.6,0.052529291102760715,0.3710232325962612
adaptation,grad_guarino,0.4,29,0.0,0,5,0.8261210322380066,0.8084378242492676,training,25,1,1.258467197418213,0.14556420367697012,0.11192691326141357,0.20370042588975695,0.5707014465332031,0.052531160806354726,0.307078116280692
adaptation,grad_vanrossum,0.4,29,-0.25,5,5,3.7496306896209717,3.1439573764801025,training,25,1,0.988875150680542,0.11963408096976902,0.07329332828521729,0.03284844292534722,0.14065109252929686,0.052531574901781584,0.26419198172433034
adaptation,nm_guarino,0.4,29,0.75,5,5,0.8261109590530396,0.5322138071060181,training,50,1,0.57417893409729,0.1610764283287534,0.13752195233241293,0.02773815013156972,0.11750144605073785,0.050847631124862847,0.2252746682727381
adaptation,grad_mse,0.8,0,0.0,0,5,175.34835815429688,47.28353500366211,training,25,3,0.8611500263214111,0.1739040872325068,0.25,0.4832780626085069,0.6,0.9473684210526315,0.3713691711425781
adaptation,grad_guarino,0.8,0,0.39772727272727276,3,5,3.631626605987549,3.631279945373535,training,25,3,1.2715320587158203,0.17381352963654892,0.05186772346496582,0.11101040310329861,0.5999990844726563,0.9360722993549547,0.37132851736886163
adaptation,grad_vanrossum,0.8,0,-1.0,1391,5,5.341361045837402,5.334720134735107,training,1,3,0.881018877029419,0.17381087593410327,0.09240245819091797,0.11101413302951389,0.4,0.05263157894736842,0.37132797241210935
adaptation,nm_guarino,0.8,0,0.0,5,5,2.731436252593994,1.1042903661727905,training,50,3,0.5702290534973145,0.1547600163976734,0.03295715174338665,0.08806466330125033,0.09011382459909555,0.22540201775896676,0.22674688597983764
adaptation,grad_mse,0.8,1,-0.0478468899521531,6,5,103.53560638427734,103.53560638427734,init,25,0,0.8645458221435547,0.6628362406765755,0.03681220869883872,0.08414768488207629,0.11574176144748691,0.33145569118190277,0.26258925321803506
adaptation,grad_guarino,0.8,1,-0.0478468899521531,6,5,4.599791049957275,4.599791049957275,init,25,0,1.2623140811920166,0.6628362406765755,0.03681220869883872,0.08414768488207629,0.11574176144748691,0.33145569118190277,0.26258925321803506
adaptation,grad_vanrossum,0.8,1,-0.0478468899521531,6,5,5.666102409362793,5.666102409362793,init,25,0,0.994189977645874,0.6628362406765755,0.03681220869883872,0.08414768488207629,0.11574176144748691,0.33145569118190277,0.26258925321803506
adaptation,nm_guarino,0.8,1,-0.17045454545454547,3,5,4.499712944030762,1.7118386030197144,training,50,0,0.5740087032318115,0.665308227036102,0.019314990692234746,0.24445673395979256,0.30894020314759557,0.3492786883141009,0.2269916705685627
adaptation,grad_mse,0.8,2,0.0,0,5,196.1600799560547,120.29499816894531,training,25,1,1.1980648040771484,0.17381279986837636,0.16269898414611816,0.2656994289822049,0.47718292236328125,0.08278106388292815,0.40719190325055804
adaptation,grad_guarino,0.8,2,0.0,0,5,77166.390625,25.21763038635254,training,25,1,1.2965612411499023,0.1738731052564538,0.25,0.8888888888888888,0.6,0.9473684210526315,0.6285385131835938
adaptation,grad_vanrossum,0.8,2,0.2777777777777778,1,5,5.591890811920166,5.488833427429199,training,25,1,1.795375108718872,0.17381299889605978,0.3534506559371948,0.46806233723958335,0.121351318359375,0.22038341823377108,0.40855516706194195
adaptation,nm_guarino,0.8,2,-0.25,5,5,75805.1640625,1.0138342380523682,training,50,1,0.6267929077148438,0.009635884015383404,0.36117953500719757,0.10441491812490887,0.3119900601517702,0.19165670922444522,0.3882003185566313
adaptation,grad_mse,0.8,3,-1.0,1709,5,250.449951171875,250.449951171875,init,0,2,0.8605659008026123,0.027679147330011027,0.20886257887046988,0.09030572784419696,0.4,0.01568147653378298,0.37142857142857144
adaptation,grad_guarino,0.8,3,-1.0,1709,5,268924.40625,268924.40625,init,0,2,1.2603111267089844,0.027679147330011027,0.20886257887046988,0.09030572784419696,0.4,0.01568147653378298,0.37142857142857144
adaptation,grad_vanrossum,0.8,3,-1.0,1709,5,229509.109375,229509.109375,init,0,2,0.884209156036377,0.027679147330011027,0.20886257887046988,0.09030572784419696,0.4,0.01568147653378298,0.37142857142857144
adaptation,nm_guarino,0.8,3,0.13888888888888884,7,5,947.4606323242188,2.68227481842041,training,50,2,0.5730490684509277,0.19999838751545776,0.29332752072264023,0.027751144527156334,0.3999999999999778,0.0021382342494669316,0.5462205451500441
adaptation,grad_mse,0.8,4,-0.21164021164021166,4,5,199.47312927246094,169.379638671875,training,25,2,0.8718147277832031,0.17381100861922555,0.7143703103065491,0.1102566189236111,0.5941610717773438,0.00657553421823602,0.37132502964564734
adaptation,grad_guarino,0.8,4,-0.12422360248447205,2,5,8.759281158447266,8.757596969604492,training,4,2,1.252335786819458,0.17381299889605978,0.08815288543701172,0.022201199001736113,0.5500787353515625,0.10427581636529219,0.3713284083775112
adaptation,grad_vanrossum,0.8,4,0.18633540372670807,2,5,4.960962772369385,4.817121982574463,training,25,2,1.0106430053710938,0.17381299889605978,0.12694525718688965,0.001887173122829861,0.5463330078125,0.09442104791340075,0.3713284083775112
adaptation,nm_guarino,0.8,4,0.5,5,5,7.858764171600342,0.5095465779304504,training,50,2,0.5824258327484131,0.10661168223607893,0.1999980637234271,0.09059636915717167,0.2527937594268067,0.06754787164866494,0.20993876749010118
adaptation,grad_mse,0.8,5,0.39772727272727276,3,5,89.55998229980469,89.55998229980469,init,25,2,0.8736932277679443,0.09674721312778395,0.35155022066249475,0.1111111111111111,0.26067164557960126,0.05263157894736842,0.43469415870459815
adaptation,grad_guarino,0.8,5,0.31746031746031744,4,5,2.7975943088531494,1.674188494682312,training,25,2,1.2800300121307373,0.09381508205247963,0.3590658903121948,0.1110110812717014,0.217117919921875,0.05253159372430099,0.4381325857979911
adaptation,grad_vanrossum,0.8,5,0.39772727272727276,3,5,3.2456836700439453,3.1616992950439453,training,25,2,1.0126903057098389,0.09704861848250679,0.3538806438446045,0.1110110812717014,0.273248291015625,0.05253158117595472,0.39747837611607145
adaptation,nm_guarino,0.8,5,0.05291005291005289,4,5,2.397609233856201,1.3409600257873535,training,50,2,0.5908308029174805,0.06478099586756353,0.3264883286828839,0.1111111111111111,0.20853176075832663,0.05263157894736842,0.3575028493246959
adaptation,grad_mse,0.8,6,0.0,0,5,242.992431640625,242.74855041503906,training,25,1,0.8626079559326172,0.17391304347826086,0.25,0.8888888888888888,0.6,0.9473684210526315,0.37132906232561386
adaptation,grad_guarino,0.8,6,0.11363636363636365,3,5,1.6161670684814453,1.6161383390426636,training,25,1,1.2846012115478516,0.06074981689453125,0.23070073127746582,0.061484612358940975,0.5047799682617188,0.1981210708618164,0.3713284083775112
adaptation,grad_vanrossum,0.8,6,0.19138755980861247,6,5,4.795053958892822,4.794800758361816,training,25,1,1.0080287456512451,0.6493283479110055,0.3690922260284424,0.07786373562282986,0.4162309265136719,0.08760852562753778,0.3713284083775112
adaptation,nm_guarino,0.8,6,0.75,5,5,1.5160677433013916,0.4802587330341339,training,50,1,0.5906147956848145,0.25057198847334566,0.27607328189732927,0.06746762482789753,0.40551242694698003,0.15711071373931054,0.37142857142857144
adaptation,grad_mse,0.8,7,-1.0,78,5,58.80487823486328,58.64534378051758,training,25,2,0.8870770931243896,0.7046322366465693,0.003584623336791992,0.043071153428819446,0.023376312255859375,0.052531574901781584,0.3713284083775112
adaptation,grad_guarino,0.8,7,-1.0,76,5,30.648357391357422,25.960535049438477,training,25,2,1.2863543033599854,0.6935462288234545,0.009047985076904297,0.03343166775173611,0.022711639404296876,0.05253158745012785,0.3713284083775112
adaptation,grad_vanrossum,0.8,7,-0.3240740740740741,7,5,13.452198028564453,13.331181526184082,training,6,2,0.9035069942474365,0.541834424889606,0.030616283416748047,0.011840650770399306,0.088692626953125,0.05253156862760845,0.3713284083775112
adaptation,nm_guarino,0.8,7,0.6818181818181819,3,5,30.54679298400879,1.5335484743118286,training,50,2,0.5762460231781006,0.40378220408823556,0.06610750567221735,0.04777117875680119,0.3339452407948397,0.05090161308701261,0.2806651754343688
adaptation,grad_mse,0.8,8,0.0,0,5,207.08941650390625,105.62519836425781,training,25,1,0.8569200038909912,0.17381412671959917,0.46764540672302246,0.8888888888888888,0.5999998474121093,0.9473672164113898,0.34026663643973215
adaptation,grad_guarino,0.8,8,0.11363636363636365,3,5,3.410536050796509,3.3765106201171875,training,25,1,1.2691569328308105,0.17381299889605978,0.23138952255249023,0.14248945448133682,0.20744140625,0.48305355875115646,0.40158495221819196
adaptation,grad_vanrossum,0.8,8,0.11363636363636365,3,5,5.31721830368042,4.18021297454834,training,25,1,1.2648110389709473,0.17381299889605978,0.2398223876953125,0.1559787326388889,0.197481689453125,0.5123439086110968,0.4039149693080357
adaptation,nm_guarino,0.8,8,-0.21164021164021166,4,5,3.0104527473449707,1.5437324047088623,training,50,1,0.86785888671875,0.08866344205313918,0.27961763952731,0.052747819778875285,0.4,0.41695202822853317,0.5646721163671065
adaptation,grad_mse,0.8,9,-0.12422360248447205,2,5,105.85904693603516,95.52379608154297,training,25,2,0.9734599590301514,0.17391304347826086,0.11272072792053223,0.11101904975043403,0.5976077270507812,0.05253597309714869,0.18328094482421875
adaptation,grad_guarino,0.8,9,0.05291005291005289,4,5,1.4774349927902222,1.347508192062378,training,25,2,1.4022600650787354,0.14864011018172554,0.40615153312683105,0.1110110812717014,0.5539076232910156,0.05253154980508905,0.04038500104631696
adaptation,grad_vanrossum,0.8,9,0.05291005291005289,4,5,3.4838554859161377,3.3741960525512695,training,25,2,1.1864361763000488,0.2801907083262568,0.43534016609191895,0.1110110812717014,0.549847412109375,0.05253158117595472,0.04934910365513393
adaptation,nm_guarino,0.8,9,0.5,5,5,1.3773995637893677,0.3580166697502136,training,50,2,0.7209339141845703,0.27118481789218624,0.433955773138474,0.1111111111111111,0.47771823743283676,0.05263157894736842,0.04597651843826733
adaptation,grad_mse,0.8,10,-0.17857142857142852,9,5,509.80572509765625,509.80572509765625,init,25,0,0.8826828002929688,0.6052407180121522,0.03119086338657784,0.22391121766345412,0.25970649985025374,0.21333113574508755,0.331084476173445
adaptation,grad_guarino,0.8,10,0.0,0,5,22.9173526763916,22.91735076904297,training,25,0,1.369520902633667,0.17391304347826086,0.2433561086654663,0.8888888888888888,0.5999966430664062,0.9426827681692023,0.33892059326171875
adaptation,grad_vanrossum,0.8,10,0.0,0,5,26.14691925048828,9.600790023803711,training,25,0,1.0759239196777344,0.17391304347826086,0.24977397918701172,0.8888888888888888,0.6,0.9473541661312705,0.3447535923549107
adaptation,nm_guarino,0.8,10,-0.21164021164021166,4,5,21.316333770751953,1.4081772565841675,training,50,0,0.6424589157104492,0.5937117668438945,0.07208139354663068,0.1611563071693338,0.17678189334207217,0.22403516415467703,0.10450235319016322
adaptation,grad_mse,0.8,11,-1.0,1660,5,598.3134155273438,598.3134155273438,init,0,3,1.2485339641571045,0.039382926630086156,0.025489909236174002,0.1111111111111111,0.4,0.05263157894736842,0.2473308399907292
adaptation,grad_guarino,0.8,11,-1.0,1660,5,253112.234375,253112.234375,init,0,3,1.2950170040130615,0.039382926630086156,0.025489909236174002,0.1111111111111111,0.4,0.05263157894736842,0.2473308399907292
adaptation,grad_vanrossum,0.8,11,-1.0,1660,5,215970.96875,215970.96875,init,0,3,0.9221241474151611,0.039382926630086156,0.025489909236174002,0.1111111111111111,0.4,0.05263157894736842,0.2473308399907292
adaptation,nm_guarino,0.8,11,-0.0478468899521531,6,5,937.771240234375,1.8913145065307617,training,50,3,0.5998578071594238,0.04539304740986873,0.4745122725533455,0.06087956545597895,0.39999999999997043,0.047932987514807124,0.6285714285714286
adaptation,grad_mse,0.8,12,0.0,0,5,237.70237731933594,145.59486389160156,training,25,2,0.8883440494537354,0.17381266718325408,0.2061777114868164,0.21029374864366318,0.3448661804199219,0.05253159999847412,0.2194427490234375
adaptation,grad_guarino,0.8,12,0.0,0,5,76764.6875,25.268308639526367,training,25,2,1.3634941577911377,0.17384059740149457,0.25,0.8888888888888888,0.6,0.052488897976122405,0.3557656424386161
adaptation,grad_vanrossum,0.8,12,0.2777777777777778,1,5,5.974918365478516,5.974918365478516,init,25,2,1.4218320846557617,0.17391304347826086,0.24275194458980587,0.5932567480120775,0.00726507427376049,0.05263157894736842,0.22046306550992734
adaptation,nm_guarino,0.8,12,0.0,0,5,75806.3046875,22.471267700195312,training,50,2,0.5827441215515137,0.14610842726784717,0.16226967309578355,0.730812176681245,0.03708841667927174,0.05199985560609345,0.13031737649367545
adaptation,grad_mse,0.8,13,0.0,0,5,98.05329895019531,85.72270202636719,training,25,3,0.876248836517334,0.17381299889605978,0.2498999834060669,0.23435278998480902,0.3974111938476563,0.05253158117595472,0.019909449986049106
adaptation,grad_guarino,0.8,13,0.0,0,5,25.090560913085938,24.967281341552734,training,25,3,2.2227718830108643,0.17381299889605978,0.2498999834060669,0.514178466796875,0.39732513427734373,0.05253158117595472,0.019909449986049106
adaptation,grad_vanrossum,0.8,13,0.0,0,5,4.909565448760986,4.848331451416016,training,25,3,1.0067939758300781,0.17381299889605978,0.2498999834060669,0.31953023274739584,0.39732513427734373,0.05253158117595472,0.019909449986049106
adaptation,nm_guarino,0.8,13,0.0,0,5,22.590560913085938,22.467832565307617,training,50,3,0.5829958915710449,0.15721357428281743,0.25,0.5029143059190605,0.395187758183763,0.05042054725290593,0.05737213952434794
adaptation,grad_mse,0.8,14,0.0,0,5,1710.087158203125,586.50341796875,training,25,2,0.8648600578308105,0.17391304347826086,0.24969696998596191,0.8888888888888888,0.4,0.05263157894736842,0.371428462437221
adaptation,grad_guarino,0.8,14,0.0,0,5,77.7433853149414,25.269363403320312,training,25,2,1.2874953746795654,0.17389659052309783,0.24990081787109375,0.8888888888888888,0.39968292236328123,0.05263157894736842,0.3713373456682478
adaptation,grad_vanrossum,0.8,14,0.0,0,5,121.97332763671875,9.724949836730957,training,25,2,0.9936928749084473,0.1739127781080163,0.24990057945251465,0.8888888888888888,0.3999737548828125,0.05263157894736842,0.3713413783482143
adaptation,nm_guarino,0.8,14,0.0,5,5,29.342247009277344,0.8125070929527283,training,50,2,0.5777022838592529,0.1276618382548562,0.11783781670809845,0.07398465432815884,0.08088651687220903,0.13886328931684427,0.1554966294349967
adaptation,grad_mse,0.8,15,0.25,5,5,94.37899017333984,94.37899017333984,init,25,2,0.8715777397155762,0.0024147507073314996,0.5348920769297008,0.1111111111111111,0.3968980998466961,0.05263157894736842,0.24263987807588855
adaptation,grad_guarino,0.8,15,0.0,5,5,1.005802869796753,0.9995661973953247,training,25,2,1.2759852409362793,0.009725222380264945,0.5385136008262634,0.1110110812717014,0.38311172485351563,0.05253159372430099,0.24045192173549107
adaptation,grad_vanrossum,0.8,15,0.19138755980861247,6,5,3.905646800994873,3.4416656494140625,training,25,2,1.0092577934265137,0.07459590746008832,0.5509803891181946,0.1110110812717014,0.32408233642578127,0.05253162509516666,0.22250867571149555
adaptation,nm_guarino,0.8,15,0.25,5,5,1.0056594610214233,0.3270563781261444,training,50,2,0.5771117210388184,0.0034837451428853436,0.5357722114055345,0.0650904312051624,0.4104084515927047,0.05197985792991505,0.20936067217599583
adaptation,grad_mse,0.8,16,0.31746031746031744,4,5,77.02298736572266,77.02298736572266,init,25,2,0.9057841300964355,0.1076587067166587,0.25,0.1111111111111111,0.2174045532663544,0.0010428491320676762,0.30915413500761946
adaptation,grad_guarino,0.8,16,0.31746031746031744,4,5,2.777895212173462,1.3911727666854858,training,25,2,1.3137640953063965,0.11084767217221467,0.2498999834060669,0.1110110812717014,0.210465087890625,0.0013234301617271022,0.31408451625279016
adaptation,grad_vanrossum,0.8,16,0.39772727272727276,3,5,3.1917765140533447,2.851372718811035,training,25,2,1.0004100799560547,0.10332800823709239,0.2498999834060669,0.1110110812717014,0.22408676147460938,0.0007181544052927118,0.30863821847098216
adaptation,nm_guarino,0.8,16,0.05291005291005289,4,5,2.377896308898926,1.1760601997375488,training,50,2,0.5769047737121582,0.08365216528993814,0.22089352135264928,0.1111111111111111,0.17149495096235598,0.003300469774496121,0.29985829261827185
adaptation,grad_mse,0.8,17,0.0,0,5,38.70624542236328,38.465457916259766,training,25,2,0.8729269504547119,0.12905870520550272,0.2498999834060669,0.8660632663302952,0.5342742919921875,0.0525314305957995,0.20535060337611608
adaptation,grad_guarino,0.8,17,0.11363636363636365,3,5,5.064242362976074,5.050819396972656,training,25,2,1.3104331493377686,0.11076122781504756,0.2498999834060669,0.14677276611328124,0.075277099609375,0.05253158117595472,0.18548191615513393
adaptation,grad_vanrossum,0.8,17,-0.17045454545454547,3,5,3.3455591201782227,2.77704119682312,training,25,2,1.0011649131774902,0.10386326002038043,0.2498999834060669,0.1561374240451389,0.0672100830078125,0.05253158117595472,0.1861891610281808
adaptation,nm_guarino,0.8,17,0.5820105820105821,4,5,4.664037704467773,0.9518165588378906,training,50,2,0.5815298557281494,0.07698343658942591,0.19208210138337223,0.056524800665231585,0.007801735055534778,0.05169379848290145,0.0883859578825262
adaptation,grad_mse,0.8,18,0.18633540372670807,2,5,259.96466064453125,117.3418197631836,training,25,1,0.8651180267333984,0.17391218102496603,0.4671332836151123,0.1110107421875,0.599708251953125,0.029202128711499666,0.41145782470703124
adaptation,grad_guarino,0.8,18,0.25,5,5,1.5337589979171753,0.8144314289093018,training,25,1,1.2719039916992188,0.290718410326087,0.0641930103302002,0.1110110812717014,0.12372650146484375,0.5667220667788857,0.2519171578543527
adaptation,grad_vanrossum,0.8,18,-0.12422360248447205,2,5,5.1007537841796875,4.274587154388428,training,25,1,1.0003972053527832,0.16927457063094428,0.0360875129699707,0.1110110812717014,0.5396931457519532,0.6276579907065943,0.26066850934709823
adaptation,nm_guarino,0.8,18,0.0,5,5,1.5337392091751099,0.7194972634315491,training,50,1,0.5748567581176758,0.3289956166983879,0.023772629195772277,0.030827963499241186,0.09505516300393083,0.5647475475802985,0.23439953655298454
adaptation,grad_mse,0.8,19,-1.0,3791,5,1730.18896484375,96.0230941772461,training,25,2,0.882349967956543,0.8260864465133003,0.24990129470825195,0.1111111111111111,0.4,0.052613095233314915,0.37142857142857144
adaptation,grad_guarino,0.8,19,0.0,0,5,92.70368194580078,25.26924705505371,training,25,2,1.2588469982147217,0.17391304347826086,0.24994909763336182,0.8888888888888888,0.6,0.052446948854546795,0.6277350289481026
adaptation,grad_vanrossum,0.8,19,0.0,0,5,124.60479736328125,9.874906539916992,training,25,2,1.0173418521881104,0.17391304347826086,0.2498871088027954,0.8888888888888888,0.3999761962890625,0.052629050455595315,0.37142857142857144
adaptation,nm_guarino,0.8,19,0.05291005291005289,4,5,73.10017395019531,0.6677735447883606,training,50,2,0.5840201377868652,0.03237915381908762,0.1770687273759406,0.1407835704904727,0.14348501816491763,0.05147746986404768,0.017100705055346613
adaptation,grad_mse,0.8,20,0.37037037037037035,7,5,224.25814819335938,91.56314086914062,training,25,2,0.8773970603942871,0.17381266718325408,0.03743410110473633,0.11101158989800347,0.39998306274414064,0.050885564402530066,0.44107295445033484
adaptation,grad_guarino,0.8,20,-0.12422360248447205,2,5,7.8525919914245605,7.845114707946777,training,25,2,1.2795770168304443,0.17381299889605978,0.008636474609375,0.1110110812717014,0.39086959838867186,0.3964590273405376,0.2500152587890625
adaptation,grad_vanrossum,0.8,20,-0.12422360248447205,2,5,4.262084007263184,4.215146064758301,training,25,2,1.00254487991333,0.17381299889605978,0.007942438125610352,0.1110110812717014,0.38723861694335937,0.4004697799682617,0.25295758928571427
adaptation,nm_guarino,0.8,20,0.25,5,5,6.952169418334961,0.791367769241333,training,50,2,0.5775079727172852,0.01248716463155935,0.03135864230457153,0.1111111111111111,0.03266347717800727,0.3575361526105761,0.06295279552026127
adaptation,grad_mse,0.8,21,-0.12422360248447205,2,5,160.67822265625,143.494873046875,training,25,2,0.8620882034301758,0.6850066143533458,0.2498999834060669,0.09581298828125,0.59989990234375,0.011077529505679482,0.2244755336216518
adaptation,grad_guarino,0.8,21,-0.12422360248447205,2,5,7.274267196655273,7.272999286651611,training,25,2,1.2890009880065918,0.3648813994034477,0.2498999834060669,0.09406873914930555,0.59989990234375,0.0015344180558857165,0.22183728899274555
adaptation,grad_vanrossum,0.8,21,0.18633540372670807,2,5,4.849319934844971,4.095196723937988,training,25,2,0.9957821369171143,0.32859593267026155,0.2498999834060669,0.09383070203993056,0.59989990234375,0.0006972363120631167,0.22133658272879464
adaptation,nm_guarino,0.8,21,0.05291005291005289,4,5,6.373898983001709,1.0809731483459473,training,50,2,0.5764772891998291,0.3946291931373595,0.11084626079881676,0.1111111111111111,0.39535967896370494,0.00016613507182550754,0.19197117493962504
adaptation,grad_mse,0.8,22,0.0,0,5,217.07456970214844,196.33322143554688,training,25,0,0.8591330051422119,0.16957377558169157,0.6476601362228394,0.8855046590169271,0.5881546020507813,0.1015480819501375,0.19272896902901784
adaptation,grad_guarino,0.8,22,-0.12422360248447205,2,5,7.9897074699401855,7.615277290344238,training,25,0,1.2824220657348633,0.31307074505349863,0.22329556941986084,0.39461178249782985,0.16693191528320311,0.5160580183330336,0.20378526960100446
adaptation,grad_vanrossum,0.8,22,0.18633540372670807,2,5,5.304234504699707,3.972630262374878,training,25,0,0.999014139175415,0.31563014154848845,0.22514986991882324,0.38991834852430557,0.1609223937988281,0.512808548776727,0.2025061471121652
adaptation,nm_guarino,0.8,22,0.75,5,5,7.089249134063721,0.8255578279495239,training,50,0,0.6071920394897461,0.3015799695014055,0.28999654903428573,0.13542036736673993,0.15685139496823525,0.548314820600934,0.20517741620082616
adaptation,grad_mse,0.8,23,0.0,0,5,153.96170043945312,49.04005432128906,training,25,1,0.8696091175079346,0.6545065672501273,0.2498999834060669,0.33611823187934026,0.344334716796875,0.09263285837675396,0.30719931466238837
adaptation,grad_guarino,0.8,23,0.0,0,5,24.969024658203125,24.969024658203125,init,25,1,1.2738308906555176,0.3716572085278614,0.25,0.5403474657751003,0.08764385611386331,0.18137790143459828,0.30896627108108177
adaptation,grad_vanrossum,0.8,23,0.0,0,5,5.757218360900879,5.1116228103637695,training,25,1,1.3899519443511963,0.37731907056725544,0.2498999834060669,0.5033442179361979,0.09414825439453126,0.18758078625327662,0.3089662824358259
adaptation,nm_guarino,0.8,23,0.0,0,5,22.469024658203125,22.468902587890625,training,50,1,0.5834429264068604,0.3626838804295005,0.24848030930176712,0.5390411278319003,0.07368117677048304,0.18347623240777863,0.34439960810453596
adaptation,grad_mse,0.8,24,0.0,0,5,273.52069091796875,69.86214447021484,training,25,0,0.9341459274291992,0.21863827912703804,0.10455548763275146,0.4585705227322049,0.4698797607421875,0.4802920692845395,0.11272931780133928
adaptation,grad_guarino,0.8,24,-0.17045454545454547,3,5,8.058573722839355,4.3696184158325195,training,25,0,2.132638931274414,0.11934336786684782,0.08852577209472656,0.19980248345269097,0.23316650390625,0.6973112005936472,0.13745738438197544
adaptation,grad_vanrossum,0.8,24,0.18633540372670807,2,5,4.847115993499756,4.809954643249512,training,25,0,0.9968619346618652,0.07882212763247283,0.07671082019805908,0.2648773193359375,0.2851954650878906,0.6947861219707289,0.1322444370814732
adaptation,nm_guarino,0.8,24,0.0,5,5,7.157992362976074,1.2866203784942627,training,50,0,0.5856578350067139,0.1155792736611162,0.001532667570444124,0.1111111111111111,0.08380399577713007,0.6896635353585366,0.05462610242124981
adaptation,grad_mse,0.8,25,0.0,0,5,110.81124877929688,86.69075012207031,training,25,1,0.8636269569396973,0.16064400050951086,0.4035494327545166,0.6480680677625869,0.5967062377929687,0.05253112943548905,0.4134126935686384
adaptation,grad_guarino,0.8,25,0.4968944099378882,2,5,3.073434591293335,0.7927442193031311,training,25,1,1.2762269973754883,0.1147862309994905,0.6061273813247681,0.18308512369791666,0.35071502685546874,0.052531499611703975,0.43050994873046877
adaptation,grad_vanrossum,0.8,25,0.4968944099378882,2,5,4.335639476776123,3.662445068359375,training,25,1,1.005455732345581,0.07064129373301631,0.5908925533294678,0.22748040093315972,0.3301960754394531,0.05253152470839651,0.42878657749720983
adaptation,nm_guarino,0.8,25,0.05291005291005289,4,5,2.673349142074585,1.3180087804794312,training,50,1,0.5847902297973633,0.003679641103035613,0.5964602320435677,0.04296077464830558,0.030015638715082105,0.05084169614708928,0.4490756117226868
adaptation,grad_mse,0.8,26,0.0,0,5,60.2136116027832,40.1302604675293,training,25,2,0.8852670192718506,0.6164894269860309,0.23767495155334473,0.3325447930230035,0.20952880859375,0.05253158117595472,0.3713284083775112
adaptation,grad_guarino,0.8,26,0.0,0,5,25.084688186645508,24.969629287719727,training,25,2,1.2825870513916016,0.29364305579144023,0.23727011680603027,0.5226009792751736,0.204976806640625,0.05253158117595472,0.3713284083775112
adaptation,grad_vanrossum,0.8,26,0.0,0,5,4.406716346740723,4.376766681671143,training,25,2,1.0030560493469238,0.3202365709387738,0.23708605766296387,0.3380350748697917,0.20495208740234375,0.05253158117595472,0.3713284083775112
adaptation,nm_guarino,0.8,26,0.0,0,5,22.584688186645508,22.471355438232422,training,50,2,0.5802550315856934,0.31119452328069946,0.25,0.4933002441905766,0.24598701995203215,0.05096202440257022,0.3251322751322752
adaptation,grad_mse,0.8,27,0.0,0,5,255.21994018554688,124.81329345703125,training,25,1,0.861851692199707,0.17381352963654892,0.4764976501464844,0.8876305474175348,0.5999989318847656,0.9470518011795847,0.10589556012834822
adaptation,grad_guarino,0.8,27,-0.12422360248447205,2,5,8.323530197143555,8.144765853881836,training,25,1,1.2883641719818115,0.17381299889605978,0.48747920989990234,0.15688205295138888,0.21753189086914063,0.4779863859477796,0.0013070242745535714
adaptation,grad_vanrossum,0.8,27,-0.12422360248447205,2,5,4.74793004989624,4.7468438148498535,training,25,1,0.999243974685669,0.17381299889605978,0.4843158721923828,0.17431233723958334,0.24024993896484376,0.4861817108957391,0.0033046177455357145
adaptation,nm_guarino,0.8,27,-0.17045454545454547,3,5,7.423069953918457,3.7942466735839844,training,50,1,0.5778501033782959,0.10978708176775764,0.4832021244973599,0.09572707087296142,0.13381143840048482,0.4967454092606711,0.028756775800591834
adaptation,grad_mse,0.8,28,0.0,0,5,214.13674926757812,58.62868118286133,training,25,0,0.8634278774261475,0.03547011665675951,0.09603023529052734,0.3566947089301215,0.56353271484375,0.17344301625301964,0.35916617257254463
adaptation,grad_guarino,0.8,28,0.0,0,5,77473.2734375,25.217628479003906,training,25,0,1.3050038814544678,0.17391304347826086,0.25,0.8888888888888888,0.6,0.9473684210526315,0.6285714285714286
adaptation,grad_vanrossum,0.8,28,-0.06944444444444445,1,5,5.369396209716797,5.360191822052002,training,25,0,1.0072381496429443,0.03810378364894701,0.28887224197387695,0.16301116943359376,0.5521478271484375,0.29616370954011617,0.3609157017299107
adaptation,nm_guarino,0.8,28,0.25,5,5,75805.03125,0.8933917284011841,training,50,0,0.5792157649993896,0.14960743604555932,0.2978930284532284,0.1111111111111111,0.15009676482838813,0.3241512788928929,0.3394172296928291
adaptation,grad_mse,0.8,29,0.0,0,5,287.79150390625,58.47113037109375,training,25,2,0.8653860092163086,0.17381538722826087,0.5815747380256653,0.8888888888888888,0.6,0.05251715685191907,0.6276014055524554
adaptation,grad_guarino,0.8,29,0.25,5,5,1.380287766456604,1.2765483856201172,training,25,2,1.2737548351287842,0.17381299889605978,0.1479703187942505,0.0674774169921875,0.28639999389648435,0.05253152470839651,0.6277058192661831
adaptation,grad_vanrossum,0.8,29,0.0,0,5,6.17519998550415,4.897520542144775,training,25,2,1.0003108978271484,0.17381326426630433,0.16510701179504395,0.17502068413628472,0.5908259582519532,0.05253059613077264,0.6277053833007813
adaptation,nm_guarino,0.8,29,0.5,5,5,1.3802770376205444,1.230690598487854,training,50,2,0.5715339183807373,0.17391304347826086,0.15866577716728125,0.016178150894515082,0.31521740921482544,0.05226217120304189,0.6278279510046214
initial_bursting,grad_mse,0.02,0,0.9999999999999999,7,7,21.654094696044922,21.654094696044922,init,13,0,0.8500180244445801,0.010662936953356883,0.013650446237751579,0.00494232033139023,0.0002904765529200404,0.0004170932774554153,0.008676532680225689
initial_bursting,grad_guarino,0.02,0,0.9999999999999999,7,7,0.026646528393030167,0.026607532054185867,training,25,0,1.276615858078003,0.010551585321841033,0.013591289520263672,0.0050079345703125,1.068115234375e-05,0.00040096985666375414,0.008433205740792411
initial_bursting,grad_vanrossum,0.02,0,0.9999999999999999,7,7,0.2965388894081116,0.043474748730659485,training,25,0,1.0016679763793945,0.009631214971127717,0.013338446617126465,0.005583699544270833,0.001033935546875,0.0003325813695004112,0.0034787859235491073
initial_bursting,nm_guarino,0.02,0,0.9999999999999999,7,7,0.026528287678956985,0.026528287678956985,init,50,0,0.5874378681182861,0.010662936953356883,0.013650446237751579,0.00494232033139023,0.0002904765529200404,0.0004170932774554153,0.008676532680225689
initial_bursting,grad_mse,0.02,1,0.14901960784313723,8,7,26.855194091796875,26.85495376586914,training,25,0,0.8607759475708008,0.045665840480638584,0.009211540222167969,0.047789679633246526,0.05347427368164062,0.007472013172350432,0.1954624720982143
initial_bursting,grad_guarino,0.02,1,0.9999999999999999,7,7,0.10207580029964447,0.09991937130689621,training,25,0,1.2750911712646484,0.00034670622452445655,0.0010601282119750977,0.008648512098524306,0.001136016845703125,0.002502115149247019,0.016148267473493304
initial_bursting,grad_vanrossum,0.02,1,0.9999999999999999,7,7,0.7609273195266724,0.7493588924407959,training,25,0,1.0149338245391846,9.885041610054348e-06,0.0009703636169433594,0.008867390950520833,0.00080322265625,0.002527939645867599,0.01720428466796875
initial_bursting,nm_guarino,0.02,1,0.9999999999999999,7,7,0.10195692628622055,0.033733513206243515,training,50,0,0.5759451389312744,0.007419520907184748,0.0662077720377563,0.009815218600774262,0.008549577242325199,0.0011721304867323174,0.0009429982221176049
initial_bursting,grad_mse,0.02,2,0.12955465587044535,12,7,45.638404846191406,45.638267517089844,training,25,0,0.8677680492401123,0.07344207763671876,0.04672646522521973,0.03480953640407986,0.19731430053710938,0.010207558933057283,0.014195905412946429
initial_bursting,grad_guarino,0.02,2,0.6031746031746031,7,7,0.2631571590900421,0.24086278676986694,training,25,0,1.267467975616455,0.00233306884765625,0.010647058486938477,0.010255940755208333,0.0172369384765625,0.0004925476877312912,0.007899257114955358
initial_bursting,grad_vanrossum,0.02,2,0.40476190476190477,7,7,2.238337278366089,2.2383368015289307,training,25,0,0.9993278980255127,0.0012213002080502717,0.010482311248779297,0.009676445855034722,0.01680206298828125,0.0005244455839458265,0.0009022303989955357
initial_bursting,nm_guarino,0.02,2,0.9999999999999999,7,7,0.2630837559700012,0.041228849440813065,training,50,0,0.5727200508117676,0.04292374923454966,0.010083032255722602,0.009363555293553974,0.014450317041065261,0.0006576341239795493,0.0010645427572727937
initial_bursting,grad_mse,0.02,3,0.6031746031746031,7,7,39.217227935791016,39.217227935791016,init,25,0,0.8746590614318848,0.008055256849365339,0.002193947839619348,0.005959152290634507,0.00013180989182529857,0.003306949187209038,0.016847392889418902
initial_bursting,grad_guarino,0.02,3,0.9999999999999999,7,7,0.20586378872394562,0.054104115813970566,training,25,0,1.266669750213623,0.0145843505859375,0.0009796619415283203,0.0020116170247395835,0.002320709228515625,0.003469454614739669,0.017760140555245534
initial_bursting,grad_vanrossum,0.02,3,0.6031746031746031,7,7,1.7810405492782593,1.7810405492782593,init,10,0,0.9243199825286865,0.008055256849365339,0.002193947839619348,0.005959152290634507,0.00013180989182529857,0.003306949187209038,0.016847392889418902
initial_bursting,nm_guarino,0.02,3,0.9999999999999999,7,7,0.2057461142539978,0.05536006763577461,training,50,0,0.5839681625366211,0.002495957939536484,0.007374916441305723,0.0261200273323807,0.00889293909524838,0.000800542458156972,2.7801142909262515e-05
initial_bursting,grad_mse,0.02,4,0.2063492063492063,7,7,52.321231842041016,52.321231842041016,init,25,0,0.8498468399047852,0.000384805658657436,0.004931478581555959,0.012877999503435137,0.01099663961417292,0.007753564773530333,0.005352169923770995
initial_bursting,grad_guarino,0.02,4,0.0079365079365079,7,7,0.37695178389549255,0.35420775413513184,training,25,0,1.2742371559143066,0.0029544996178668477,0.003820180892944336,0.015302191840277778,0.015953369140625,0.008148168262682463,0.00751495361328125
initial_bursting,grad_vanrossum,0.02,4,0.9999999999999999,7,7,2.968533992767334,0.6862605214118958,training,15,0,1.3398921489715576,0.004743824834408967,0.010381221771240234,0.010105726453993056,0.0104205322265625,0.006566737827501799,0.007674952915736607
initial_bursting,nm_guarino,0.02,4,0.9999999999999999,7,7,0.3770159184932709,0.08433818072080612,training,50,0,0.622971773147583,0.012564462112355495,0.007186466914866241,0.014856109897966817,0.015178755862700087,0.00977042485551298,0.005049670750204476
initial_bursting,grad_mse,0.02,5,0.06477732793522269,6,7,42.60805892944336,42.60747528076172,training,25,0,0.859882116317749,0.01928365956182065,0.018129348754882812,0.01116485595703125,0.0731298828125,0.00526000324048494,0.003228541782924107
initial_bursting,grad_guarino,0.02,5,0.8015873015873016,7,7,0.2447301298379898,0.19206897914409637,training,25,0,2.103877067565918,0.005229983122452445,0.005707383155822754,0.002894253200954861,0.00505828857421875,0.0016159760324578535,0.03194514683314732
initial_bursting,grad_vanrossum,0.02,5,0.40476190476190477,7,7,2.1360063552856445,2.1360063552856445,init,25,0,1.0556340217590332,0.005172646728123175,0.007406590727222717,0.0024489705699611225,0.016745407305638196,0.0022821121167961047,0.005174164785506109
initial_bursting,nm_guarino,0.02,5,0.9999999999999999,7,7,0.2447965145111084,0.07886651158332825,training,50,0,0.5797770023345947,0.021324956050453328,0.021323989515327657,0.015652700415721674,0.0007729875311585488,0.0038966201494468875,0.004483809081699519
initial_bursting,grad_mse,0.02,6,0.06477732793522269,6,7,41.77544021606445,41.775352478027344,training,12,0,0.8531861305236816,0.019477645210597826,0.003777623176574707,0.007962375217013888,0.07497650146484375,0.007940154326589484,0.03091768537248884
initial_bursting,grad_guarino,0.02,6,0.9999999999999999,7,7,0.1964847892522812,0.1560380458831787,training,25,0,1.2848808765411377,0.008342510720957881,0.013639330863952637,0.007167222764756944,0.01556854248046875,0.002542307502345035,0.04051633562360491
initial_bursting,grad_vanrossum,0.02,6,0.9999999999999999,7,7,1.7818512916564941,1.0308979749679565,training,25,0,1.0023128986358643,0.0014043393342391304,0.01070404052734375,0.0029203626844618055,0.010494232177734375,0.0027082091883609168,0.003742653982979911
initial_bursting,nm_guarino,0.02,6,0.9999999999999999,7,7,0.19641254842281342,0.04305032268166542,training,50,0,0.5800693035125732,0.003493280805102596,0.0050661727353946695,0.016904487872988563,0.018342182513515014,0.002686825072439891,0.007788666494557057
initial_bursting,grad_mse,0.02,7,0.9999999999999999,7,7,38.99404525756836,38.99404525756836,init,25,0,0.8684718608856201,0.0047611093277358015,0.010769095085164881,0.01371531810970181,0.005487714793088969,0.005601387110351764,0.003428983370534411
initial_bursting,grad_guarino,0.02,7,0.9999999999999999,7,7,0.1640302538871765,0.16395440697669983,training,25,0,1.2740180492401123,0.004883741295855978,0.010704994201660156,0.01376953125,0.005772247314453125,0.005586988047549599,0.003148869105747768
initial_bursting,grad_vanrossum,0.02,7,0.8015873015873016,7,7,1.6097086668014526,1.4055609703063965,training,25,0,1.0033361911773682,0.004965674358865489,0.010264158248901367,0.01379428439670139,0.007215423583984375,0.005572319030761719,0.005300794328962054
initial_bursting,nm_guarino,0.02,7,0.9999999999999999,7,7,0.16395795345306396,0.04932262375950813,training,50,0,0.5975730419158936,0.017304458783188613,0.022141465104281055,0.011888197083238891,0.005867569469517093,0.006467968273225424,0.0014610615661069914
initial_bursting,grad_mse,0.02,8,0.0,0,7,37.27943420410156,37.27813720703125,training,25,0,0.867048978805542,0.17389566172724186,0.45079541206359863,0.88653564453125,0.6,0.6571188976890162,0.30834481375558037
initial_bursting,grad_guarino,0.02,8,0.9999999999999999,7,7,0.1504872888326645,0.13097262382507324,training,25,0,1.2754020690917969,0.0010297028914741848,0.010478496551513672,0.009853447808159723,0.00532073974609375,0.012184205808137593,0.0029707772391183037
initial_bursting,grad_vanrossum,0.02,8,-0.24313725490196084,8,7,1.4168213605880737,1.4168190956115723,training,25,0,1.0007808208465576,0.013511923085088315,0.0028089284896850586,0.001186794704861111,0.04807708740234375,0.013809580551950555,0.002007838657924107
initial_bursting,nm_guarino,0.02,8,0.9999999999999999,7,7,0.15041480958461761,0.04171023890376091,training,50,0,0.5913059711456299,0.0007469524777576452,0.07331975754664932,0.009679025771052667,0.00633762419577323,0.01222281727166195,0.003164240912412554
initial_bursting,grad_mse,0.02,9,0.9999999999999999,7,7,32.59647750854492,32.59647750854492,init,25,0,0.8706049919128418,0.005891292232812648,0.012929578587572488,0.00740774343814476,0.00450400499736503,0.0035865492918150696,0.010492598042959043
initial_bursting,grad_guarino,0.02,9,0.9999999999999999,7,7,0.15622290968894958,0.12894123792648315,training,25,0,1.3070478439331055,0.0013978377632472825,0.014495015144348145,0.010376485188802083,0.01097900390625,0.00326433307246158,0.006637900216238839
initial_bursting,grad_vanrossum,0.02,9,0.9999999999999999,7,7,1.4688260555267334,1.468825340270996,training,25,0,1.0078010559082031,0.005815655252207881,0.012961864471435547,0.007450018988715278,0.00480438232421875,0.003572526730989155,0.010174560546875
initial_bursting,nm_guarino,0.02,9,0.9999999999999999,7,7,0.1562899351119995,0.06445593386888504,training,50,0,0.579495906829834,0.009390660875095344,0.015221732097276952,0.0026872230234324156,0.008364505835868386,0.002119523962905034,0.01026087727678779
initial_bursting,grad_mse,0.02,10,0.9999999999999999,7,7,25.000200271606445,25.000200271606445,init,25,0,0.8694319725036621,0.006596310439747956,0.0024316034696982847,0.015483882533170066,0.004045118587434331,0.002029289523595741,0.009504965780613312
initial_bursting,grad_guarino,0.02,10,0.9999999999999999,7,7,0.05597267672419548,0.030898481607437134,training,25,0,1.276808738708496,0.01089378025220788,0.0036913156509399414,0.013304646809895833,0.002617034912109375,0.002490093833521793,0.010422842843191964
initial_bursting,grad_vanrossum,0.02,10,-0.19047619047619052,7,7,0.36002805829048157,0.360027939081192,training,25,0,1.1064660549163818,0.027126212742017663,0.01135873794555664,0.005004035101996528,0.05318145751953125,0.005820600610030324,0.036375209263392855
initial_bursting,nm_guarino,0.02,10,0.9999999999999999,7,7,0.056079693138599396,0.04983198642730713,training,50,0,0.6121511459350586,0.014621190270704278,0.023797591389230544,0.0130345100502148,0.009281210579472373,0.0051865834849193935,0.007382175068367758
initial_bursting,grad_mse,0.02,11,-1.0,33,7,37.36167907714844,37.36075210571289,training,1,0,0.8623189926147461,0.13022533914317255,0.0614238977432251,0.037242296006944446,0.2917987060546875,0.013070508053428248,0.17855333600725445
initial_bursting,grad_guarino,0.02,11,0.9999999999999999,7,7,0.17498701810836792,0.15175935626029968,training,25,0,1.2862567901611328,0.006310769786005435,0.01416468620300293,0.0079071044921875,0.004017486572265625,0.008803668775056539,0.00395355224609375
initial_bursting,grad_vanrossum,0.02,11,0.9999999999999999,7,7,1.6473699808120728,1.6473699808120728,init,25,0,1.0449857711791992,0.0066236650430624875,0.014094518243724208,0.007711105044680582,0.00357088899540571,0.00876026827635036,0.0029183775241396655
initial_bursting,nm_guarino,0.02,11,0.9999999999999999,7,7,0.1750534027814865,0.08877258002758026,training,50,0,0.590850830078125,0.002797727077422283,0.027326392153393275,0.0039854784665777744,0.02333809992894771,0.01020507798831295,0.0029921955708585657
initial_bursting,grad_mse,0.02,12,-0.5925925925925929,20,7,53.05127716064453,53.04853820800781,training,25,0,0.8992588520050049,0.7981277880461319,0.26969003677368164,0.10878770616319444,0.39935256958007814,0.0436854362487793,0.6257760184151786
initial_bursting,grad_guarino,0.02,12,-0.04705882352941181,8,7,0.4753342568874359,0.4753301739692688,training,25,0,1.2996928691864014,0.0035365892493206524,0.011220574378967285,0.0049411349826388885,0.012480010986328125,0.011615251239977385,0.0024992806570870536
initial_bursting,grad_vanrossum,0.02,12,-0.1015625,9,7,3.124014139175415,3.0350801944732666,training,25,0,1.0141618251800537,0.1687538478685462,0.03684437274932861,0.042403157552083334,0.2043646240234375,0.020054767006321958,0.22448948451450892
initial_bursting,nm_guarino,0.02,12,0.9999999999999999,7,7,0.4752582907676697,0.06630655378103256,training,50,0,0.5834949016571045,0.010713620615009335,0.003452642029672326,0.010363715442244686,5.845685220151609e-06,0.010555155462532063,0.007071663035646988
initial_bursting,grad_mse,0.02,13,0.1256038647342994,16,7,34.08369827270508,34.08174514770508,training,25,0,0.862130880355835,0.30098465629245924,0.11291146278381348,0.07614288330078126,0.36565872192382814,0.027674932228891475,0.07380327497209821
initial_bursting,grad_guarino,0.02,13,0.9999999999999999,7,7,0.11368726938962936,0.11368658393621445,training,25,0,1.2754251956939697,0.006531425144361413,0.0004849433898925781,0.013504706488715278,0.0014337158203125,0.0033712387084960938,0.012246813092912947
initial_bursting,grad_vanrossum,0.02,13,0.9999999999999999,7,7,1.1822940111160278,0.16353140771389008,training,25,0,1.002514123916626,0.007280830715013587,0.001270294189453125,0.013242424858940973,0.00644989013671875,0.003674469496074476,0.0049652099609375
initial_bursting,nm_guarino,0.02,13,0.9999999999999999,7,7,0.11361648142337799,0.010026942007243633,training,50,0,0.5814311504364014,0.006945708332416144,0.06324887459020778,0.013313927120325768,0.0028313082271864687,0.0034592631812000335,0.012409875031638202
initial_bursting,grad_mse,0.02,14,0.8015873015873016,7,7,41.010643005371094,41.010643005371094,init,2,0,1.070617914199829,0.0031198696596423203,0.016147114646735794,0.005771291012758044,0.007938968201815158,0.0005516871922877905,0.005735654022908575
initial_bursting,grad_guarino,0.02,14,0.0079365079365079,7,7,0.2030870020389557,0.20308692753314972,training,25,0,1.4776129722595215,0.00530242919921875,0.018761873245239258,0.007751295301649305,0.01681884765625,0.0007860284102590461,0.06430446079799107
initial_bursting,grad_vanrossum,0.02,14,0.8015873015873016,7,7,1.829342007637024,1.829342007637024,init,1,0,0.9608397483825684,0.0031198696596423203,0.016147114646735794,0.005771291012758044,0.007938968201815158,0.0005516871922877905,0.005735654022908575
initial_bursting,nm_guarino,0.02,14,0.9999999999999999,7,7,0.203014075756073,0.044570859521627426,training,50,0,0.5830321311950684,0.0016672655700268064,0.06314941228013238,0.0025053262756147077,0.009110779952049768,0.0005461642485799588,0.003756471312781733
initial_bursting,grad_mse,0.02,15,0.2063492063492063,7,7,41.34767532348633,41.3475227355957,training,25,0,0.9628028869628906,0.002955428413722826,0.0014801025390625,0.007975429958767362,0.03441864013671875,0.004534997438129626,0.02891911097935268
initial_bursting,grad_guarino,0.02,15,0.9999999999999999,7,7,0.22743746638298035,0.15740123391151428,training,25,0,1.303771734237671,0.004827217433763587,0.002766728401184082,0.0034745958116319444,0.01872222900390625,0.004078890147962068,0.010575975690569197
initial_bursting,grad_vanrossum,0.02,15,0.6031746031746031,7,7,2.00510311126709,2.00510311126709,init,25,0,1.0042989253997803,0.006684779380387711,0.00303040686336975,0.0023304706196174466,0.018010510893784613,0.003996848517261278,0.0005881877625483866
initial_bursting,nm_guarino,0.02,15,0.9999999999999999,7,7,0.22750303149223328,0.07782910019159317,training,50,0,0.6516616344451904,0.00024564003042715026,0.0016235363966972116,0.010187833478965066,0.0051473679515743245,0.005137195947480107,0.002245858870427599
initial_bursting,grad_mse,0.02,16,0.14901960784313723,8,7,39.78738021850586,39.787132263183594,training,25,0,0.8943328857421875,0.03473557181980299,0.01175224781036377,0.01711391872829861,0.0488360595703125,0.004634556017423931,0.003746795654296875
initial_bursting,grad_guarino,0.02,16,0.9999999999999999,7,7,0.17681384086608887,0.17681384086608887,init,25,0,1.9934170246124268,0.012512353712838212,0.003352232699703084,0.00885418526381664,0.008627509063745436,0.0012946801402675561,0.008814580789536666
initial_bursting,grad_vanrossum,0.02,16,0.8015873015873016,7,7,1.6776111125946045,1.6776107549667358,training,25,0,1.2160780429840088,0.012948674740998641,0.0035445690155029297,0.009029303656684027,0.007343292236328125,0.001367104680914628,0.00875974382672991
initial_bursting,nm_guarino,0.02,16,0.9999999999999999,7,7,0.17674218118190765,0.043591976165771484,training,50,0,0.658728837966919,0.0014605131551313068,0.02367318361350801,0.0022676686260436124,0.004589165294822806,0.002885032081935848,0.0024715065831813375
initial_bursting,grad_mse,0.02,17,-0.08333333333333337,5,7,43.11349868774414,43.110504150390625,training,25,0,2.079025983810425,0.07979888916015625,0.040175676345825195,0.06775716145833334,0.22997650146484375,0.00838839380364669,0.1786905561174665
initial_bursting,grad_guarino,0.02,17,0.40476190476190477,7,7,0.263567179441452,0.263567179441452,init,25,0,1.3756909370422363,0.012560152301402082,0.0007758150886876258,0.0006530572722154046,0.012097311608443987,0.0038470347124431228,0.008948160541833212
initial_bursting,grad_vanrossum,0.02,17,0.40476190476190477,7,7,2.2464404106140137,2.2464399337768555,training,25,0,1.0261940956115723,0.01333611529806386,0.0011432170867919922,0.0011617024739583334,0.01411285400390625,0.0037441002695184004,0.0068511962890625
initial_bursting,nm_guarino,0.02,17,0.9999999999999999,7,7,0.2636318504810333,0.08364549279212952,training,50,0,0.6052429676055908,0.03648741729798357,0.003209270476483894,0.04140666812637682,0.0081784600912124,0.0002061191374519141,0.004433806617207178
initial_bursting,grad_mse,0.02,18,0.14901960784313723,8,7,20.024192810058594,20.024141311645508,training,25,0,0.8838930130004883,0.016392185377038043,0.01644003391265869,0.003479682074652778,0.006193695068359375,0.004705767882497687,0.08406927926199777
initial_bursting,grad_guarino,0.02,18,0.9999999999999999,7,7,0.03660527616739273,0.03550070524215698,training,25,0,1.2950701713562012,0.004506716520889946,0.013878464698791504,0.00434722900390625,0.00091583251953125,0.004257942500867341,0.011262730189732144
initial_bursting,grad_vanrossum,0.02,18,0.9999999999999999,7,7,0.33499935269355774,0.33277350664138794,training,25,0,1.0211501121520996,0.004650414508322011,0.013940930366516113,0.004255337185329861,0.000794525146484375,0.0042461219586824115,0.011542293003627233
initial_bursting,nm_guarino,0.02,18,0.9999999999999999,7,7,0.03648662939667702,0.0361173152923584,training,50,0,0.5969209671020508,0.010088550001265038,0.03263883106029297,0.020994726283834097,0.0039560458302076995,0.006064732627696228,0.004189598185354677
initial_bursting,grad_mse,0.02,19,-0.13765182186234817,6,7,28.34176254272461,28.341552734375,training,11,0,0.8545451164245605,0.030791440217391303,0.021363139152526855,0.0346588134765625,0.13585189819335938,0.002881338721827457,0.012855747767857143
initial_bursting,grad_guarino,0.02,19,0.9999999999999999,7,7,0.11411994695663452,0.11411994695663452,init,25,0,1.2935998439788818,0.005497196594410031,0.001322757410247899,0.009191354217746393,0.01473940017156309,0.008065216584170972,0.0011191577694394336
initial_bursting,grad_vanrossum,0.02,19,0.9999999999999999,7,7,1.136757254600525,1.136757254600525,init,25,0,1.0226080417633057,0.005497196594410031,0.001322757410247899,0.009191354217746393,0.01473940017156309,0.008065216584170972,0.0011191577694394336
initial_bursting,nm_guarino,0.02,19,0.9999999999999999,7,7,0.1141880676150322,0.05936453491449356,training,50,0,0.5885651111602783,0.006108382871532384,0.014069849431034509,0.009133885904353494,0.003773433221994651,0.006734982377967331,0.004039815602914132
initial_bursting,grad_mse,0.02,20,0.9999999999999999,7,7,22.960718154907227,22.960718154907227,init,25,0,0.8710548877716064,0.008043887602730632,0.009612206944952906,0.004991582051935792,0.012579039220182154,0.005971651160389803,0.004908422681122764
initial_bursting,grad_guarino,0.02,20,0.9999999999999999,7,7,0.05323824658989906,0.042751941829919815,training,25,0,1.3125689029693604,0.008668916121773097,0.010331869125366211,0.005159505208333333,0.007425079345703125,0.00564181177239669,0.011972590855189731
initial_bursting,grad_vanrossum,0.02,20,-0.011428571428571437,18,7,0.5571593046188354,0.21983127295970917,training,25,0,1.026116132736206,0.2887678063434103,0.10095751285552979,0.06608310275607639,0.3435894775390625,0.023938850352638645,0.0033796037946428573
initial_bursting,nm_guarino,0.02,20,0.9999999999999999,7,7,0.05330730602145195,0.04624687880277634,training,50,0,0.5860629081726074,0.011758450567710655,0.007638439107101158,0.005176266945854182,0.0045599282036772595,0.008056195896233952,0.009088044624822293
initial_bursting,grad_mse,0.02,21,0.9999999999999999,7,7,20.85378646850586,20.85378646850586,init,25,0,0.8758378028869629,0.0010186683335847567,0.0023700756608893148,0.005036680523105651,0.007716555023892795,0.0073406026668173235,0.015954536550684597
initial_bursting,grad_guarino,0.02,21,0.9999999999999999,7,7,0.047008734196424484,0.04610086977481842,training,25,0,1.3389718532562256,0.001343237835427989,0.002497434616088867,0.005201212565104167,0.006962738037109375,0.00728556984349301,0.015292903355189732
initial_bursting,grad_vanrossum,0.02,21,0.9999999999999999,7,7,0.40540364384651184,0.14173723757266998,training,25,0,1.0341191291809082,0.002521017323369565,0.002740621566772461,0.005837673611111111,0.00597137451171875,0.007195673490825452,0.009418160574776785
initial_bursting,nm_guarino,0.02,21,0.9999999999999999,7,7,0.04688996821641922,0.04688996821641922,init,50,0,0.5885980129241943,0.0010186683335847567,0.0023700756608893148,0.005036680523105651,0.007716555023892795,0.0073406026668173235,0.015954536550684597
initial_bursting,grad_mse,0.02,22,0.9999999999999999,7,7,37.68548583984375,37.68548583984375,init,25,0,0.9166479110717773,0.008636444883481184,0.0052950963953117824,0.001474689668915769,0.0027009196175981744,0.015050318783119162,0.007835304848256085
initial_bursting,grad_guarino,0.02,22,0.9999999999999999,7,7,0.13426907360553741,0.13426907360553741,init,25,0,1.320289134979248,0.008636444883481184,0.0052950963953117824,0.001474689668915769,0.0027009196175981744,0.015050318783119162,0.007835304848256085
initial_bursting,grad_vanrossum,0.02,22,0.9999999999999999,7,7,1.307317852973938,1.307317852973938,init,25,0,1.045243740081787,0.008636444883481184,0.0052950963953117824,0.001474689668915769,0.0027009196175981744,0.015050318783119162,0.007835304848256085
initial_bursting,nm_guarino,0.02,22,0.9999999999999999,7,7,0.1341974288225174,0.05103243887424469,training,50,0,0.6392450332641602,0.0018595201138750731,0.018990565920299574,0.01449870805997288,0.00045635213526907137,0.014066082333567443,0.01147880398083032
initial_bursting,grad_mse,0.02,23,0.6031746031746031,7,7,38.426185607910156,38.426185607910156,init,1,0,0.8630039691925049,0.0075771579784974785,0.012435496422681158,0.003914167292360718,0.006343897333252642,0.00683750758942472,0.009253532119547409
initial_bursting,grad_guarino,0.02,23,0.40476190476190477,7,7,0.2017231434583664,0.18711180984973907,training,25,0,1.3510088920593262,0.0030418064283288045,0.010840892791748047,0.006516859266493056,0.01503997802734375,0.007505968997353001,0.0021078927176339285
initial_bursting,grad_vanrossum,0.02,23,0.9999999999999999,7,7,1.8172461986541748,1.3892767429351807,training,5,0,0.9251761436462402,0.0077204828676970105,0.012822270393371582,0.0038818359375,0.0046563720703125,0.0067498056512129935,0.005516706194196429
initial_bursting,nm_guarino,0.02,23,0.9999999999999999,7,7,0.20178964734077454,0.07901068031787872,training,50,0,0.5865828990936279,0.007165989962508512,0.0029999747494589,0.010933606934133876,0.009247872516535836,0.007537879831594047,0.010609224221753826
initial_bursting,grad_mse,0.02,24,0.9999999999999999,7,7,27.575048446655273,27.575048446655273,init,25,0,0.8660368919372559,0.0081435285707487,0.002300888185623018,0.00841703124967239,0.0024772525530843835,0.0048867538806988894,0.015083941700179487
initial_bursting,grad_guarino,0.02,24,0.9999999999999999,7,7,0.08804779499769211,0.079708032310009,training,25,0,1.5839476585388184,0.0083160400390625,0.002287626266479492,0.008552720811631944,0.00239410400390625,0.004889889767295436,0.01663720267159598
initial_bursting,grad_vanrossum,0.02,24,0.9999999999999999,7,7,0.8932522535324097,0.8279575705528259,training,25,0,1.267435073852539,0.009872834578804349,0.002977609634399414,0.009640333387586806,0.005980682373046875,0.005148812344199733,0.020187595912388393
initial_bursting,nm_guarino,0.02,24,0.9999999999999999,7,7,0.08802221715450287,0.07533873617649078,training,50,0,0.8093509674072266,0.005193553341324461,0.007015937304924336,0.01595061832218347,0.007548998986641209,0.008290666860398657,0.00758077971860059
initial_bursting,grad_mse,0.02,25,0.9999999999999999,7,7,37.585472106933594,37.585472106933594,init,25,0,0.9194550514221191,0.012351413943927424,0.010927070607522182,0.002726603821632049,0.0033543959479729324,0.010369366368864102,0.0013533669333680466
initial_bursting,grad_guarino,0.02,25,0.9999999999999999,7,7,0.15111790597438812,0.15111790597438812,init,25,0,1.3577659130096436,0.012351413943927424,0.010927070607522182,0.002726603821632049,0.0033543959479729324,0.010369366368864102,0.0013533669333680466
initial_bursting,grad_vanrossum,0.02,25,0.9999999999999999,7,7,1.4407771825790405,1.4407771825790405,init,25,0,1.0593180656433105,0.012351413943927424,0.010927070607522182,0.002726603821632049,0.0033543959479729324,0.010369366368864102,0.0013533669333680466
initial_bursting,nm_guarino,0.02,25,0.9999999999999999,7,7,0.15104585886001587,0.038888223469257355,training,50,0,0.5917088985443115,0.012351413943927424,0.07397342413789842,0.002726603821632049,0.0033543959479729324,0.010369366368864102,0.0013533669333680466
initial_bursting,grad_mse,0.02,26,-0.1352657004830918,2,7,30.02177619934082,30.021602630615234,training,25,0,0.9138622283935547,0.11453266973080842,0.09502756595611572,0.1538726806640625,0.47535369873046873,0.02515647285862973,0.022810254778180803
initial_bursting,grad_guarino,0.02,26,0.9999999999999999,7,7,0.10825610905885696,0.108256034553051,training,25,0,1.3697261810302734,0.0015185812245244565,0.0008740425109863281,0.007206047905815972,0.00649139404296875,0.007601236042223479,0.014867074148995536
initial_bursting,grad_vanrossum,0.02,26,0.8015873015873016,7,7,0.9788091778755188,0.9788082242012024,training,25,0,1.0351190567016602,0.002958878226902174,0.0016666650772094727,0.006366644965277778,0.0019122314453125,0.0078051090240478516,0.014800371442522322
initial_bursting,nm_guarino,0.02,26,0.9999999999999999,7,7,0.10813845694065094,0.048126403242349625,training,50,0,0.585939884185791,0.006923037358868224,0.022122369134839115,0.012788708685125192,0.0063661395634989045,0.005755457459270244,0.006310747150484376
initial_bursting,grad_mse,0.02,27,0.8015873015873016,7,7,41.95743179321289,41.95743179321289,init,25,0,0.8687059879302979,0.006546579944980596,0.0015003285751118423,0.0005977548808658639,0.001700342775950503,0.017080167753002806,0.00774020014383601
initial_bursting,grad_guarino,0.02,27,0.8015873015873016,7,7,0.19419004023075104,0.19418972730636597,training,25,0,1.320533037185669,0.00678657863451087,0.0015982389450073242,0.0007219102647569444,0.0011322021484375,0.017096281051635742,0.008115931919642856
initial_bursting,grad_vanrossum,0.02,27,0.9999999999999999,7,7,1.772613763809204,1.2217622995376587,training,25,0,1.0428721904754639,0.02457321830417799,0.00017154216766357422,0.007761976453993055,0.04361297607421875,0.01549546342147024,0.036243111746651784
initial_bursting,nm_guarino,0.02,27,0.9999999999999999,7,7,0.19411702454090118,0.0416962131857872,training,50,0,0.5790631771087646,0.00226139149926795,0.012828052088551756,0.017537230961973984,0.0019442780752424937,0.016324710826524175,0.008366179129734723
initial_bursting,grad_mse,0.02,28,0.0,0,7,44.93980026245117,44.939022064208984,training,25,0,0.8646500110626221,0.1739123137100883,0.4725656509399414,0.8886040581597222,0.6,0.9402420646265933,0.3697957720075335
initial_bursting,grad_guarino,0.02,28,0.40476190476190477,7,7,0.2582782506942749,0.2582782506942749,init,25,0,1.6488969326019287,0.010174595735556928,0.007762529842190391,0.001661889161799637,0.0036681943710121347,0.012763337319749149,0.007556482448848507
initial_bursting,grad_vanrossum,0.02,28,0.40476190476190477,7,7,2.22452449798584,2.22452449798584,init,25,0,1.0075390338897705,0.010174595735556928,0.007762529842190391,0.001661889161799637,0.0036681943710121347,0.012763337319749149,0.007556482448848507
initial_bursting,nm_guarino,0.02,28,0.9999999999999999,7,7,0.25834351778030396,0.08644912391901016,training,50,0,0.6640088558197021,0.011721493082554794,0.01947522837343496,0.014763814208298717,0.0165950368834865,0.013906227465055444,0.009611472343239922
initial_bursting,grad_mse,0.02,29,0.0,0,7,27.99986457824707,27.999847412109375,training,25,0,1.6934070587158203,0.17391304347826086,0.5,0.8888888888888888,0.6,0.9473684210526315,0.37142857142857144
initial_bursting,grad_guarino,0.02,29,-0.43921568627450985,8,7,0.04317830502986908,0.04317822679877281,training,25,0,1.3443670272827148,0.028806139075237772,0.021238327026367188,0.012525770399305556,0.053463134765625,0.01397352469594855,0.039027622767857144
initial_bursting,grad_vanrossum,0.02,29,0.1825396825396825,11,7,0.48966270685195923,0.48966243863105774,training,25,0,1.096081256866455,0.26635622770889944,0.09580373764038086,0.06754947238498264,0.3192442321777344,0.02686833707909835,0.25048086983816964
initial_bursting,nm_guarino,0.02,29,0.9999999999999999,7,7,0.04310842603445053,0.042854681611061096,training,50,0,0.6330108642578125,0.003895395151407461,0.010391085415905499,0.0007907443059214833,0.006949702757756882,0.0069985599991663735,0.009568487979742558
initial_bursting,grad_mse,0.05,0,0.9999999999999999,7,7,26.741626739501953,26.741626739501953,init,25,0,1.079157829284668,0.02665734238339202,0.034126115594378836,0.012355800828475417,0.0007261913822998167,0.0010427331936385148,0.021691331700564424
initial_bursting,grad_guarino,0.05,0,0.9999999999999999,7,7,0.07035151869058609,0.07035151869058609,init,25,0,1.3623597621917725,0.02665734238339202,0.034126115594378836,0.012355800828475417,0.0007261913822998167,0.0010427331936385148,0.021691331700564424
initial_bursting,grad_vanrossum,0.05,0,0.9999999999999999,7,7,0.6900347471237183,0.6900347471237183,init,25,0,1.0231401920318604,0.02665734238339202,0.034126115594378836,0.012355800828475417,0.0007261913822998167,0.0010427331936385148,0.021691331700564424
initial_bursting,nm_guarino,0.05,0,0.9999999999999999,7,7,0.07023250311613083,0.043270353227853775,training,50,0,0.5833520889282227,0.02665734238339202,0.034126115594378836,0.012355800828475417,0.0007261913822998167,0.0063580277480572945,0.021691331700564424
initial_bursting,grad_mse,0.05,1,0.8015873015873016,7,7,37.36497497558594,37.36497497558594,init,25,0,0.9232020378112793,0.00040974814606934855,0.002270623911709624,0.022443901413725105,0.0005914120279709322,0.006417228634683852,0.04415220347052602
initial_bursting,grad_guarino,0.05,1,0.9999999999999999,7,7,0.2740088105201721,0.19988173246383667,training,25,0,1.3552098274230957,0.00016983695652173913,0.0021910667419433594,0.021894666883680556,0.001517333984375,0.006544125707525956,0.037293897356305804
initial_bursting,grad_vanrossum,0.05,1,-0.04705882352941181,8,7,1.7375611066818237,1.5096244812011719,training,19,0,0.988785982131958,0.011641062860903533,0.008022785186767578,0.0138885498046875,0.0287725830078125,0.0043867512753135275,0.02871191842215402
initial_bursting,nm_guarino,0.05,1,0.9999999999999999,7,7,0.2738872170448303,0.09425554424524307,training,50,0,0.6087579727172852,0.0031751444778995333,0.06417399615758534,0.001435127734073818,0.0043100323782266515,0.005344062267367184,0.019247774228300128
initial_bursting,grad_mse,0.05,2,-0.24313725490196084,8,7,61.04701232910156,61.04701232910156,init,25,0,0.8780019283294678,0.0013202657976561143,0.025207580639306393,0.02340888823388462,0.036125792602663014,0.00164408530994885,0.0026613568931817813
initial_bursting,grad_guarino,0.05,2,-0.24313725490196084,8,7,0.8011817336082458,0.8011817336082458,init,25,0,1.290212631225586,0.0013202657976561143,0.025207580639306393,0.02340888823388462,0.036125792602663014,0.00164408530994885,0.0026613568931817813
initial_bursting,grad_vanrossum,0.05,2,0.2352941176470588,10,7,3.9639029502868652,3.785127639770508,training,25,0,1.0142240524291992,0.06381232220193614,0.043517231941223145,0.039016045464409725,0.1667665100097656,0.007853633479068154,0.0268341064453125
initial_bursting,nm_guarino,0.05,2,0.9999999999999999,7,7,0.701116681098938,0.07855474203824997,training,50,0,0.5803263187408447,0.015458818882014523,0.024950296440342967,0.032290772010194424,0.022270100972653493,0.003702296314801071,0.009102041119436827
initial_bursting,grad_mse,0.05,3,0.2352941176470588,10,7,50.623207092285156,50.62285614013672,training,25,0,0.868757963180542,0.11477933137313179,0.027533531188964844,0.0248870849609375,0.14749496459960937,0.01491487653631913,0.057636260986328125
initial_bursting,grad_guarino,0.05,3,-0.04705882352941181,8,7,0.6880770921707153,0.6880770921707153,init,25,0,1.279222011566162,0.020138142123413468,0.005484869599048592,0.014897880726586423,0.0003295247295631043,0.008267372968022596,0.042118482223547055
initial_bursting,grad_vanrossum,0.05,3,-0.24313725490196084,8,7,3.3451836109161377,2.6303653717041016,training,25,0,1.0225589275360107,0.02775049624235734,0.0016989707946777344,0.010198974609375,0.017196807861328125,0.00897426354257684,0.03352170671735491
initial_bursting,nm_guarino,0.05,3,0.9999999999999999,7,7,0.5880113840103149,0.03725894168019295,training,50,0,0.5938980579376221,0.02094798862042625,0.00879556567433859,0.02436340422921843,0.012537562955397447,0.006855679165829772,0.01662007604548218
initial_bursting,grad_mse,0.05,4,0.036363636363636376,3,7,65.38153076171875,65.3814926147461,training,25,0,0.9060308933258057,0.03689349630604619,0.05581331253051758,0.04852786593967014,0.41559661865234376,0.06558453409295333,0.5411913190569196
initial_bursting,grad_guarino,0.05,4,0.12499999999999997,5,7,0.9396621584892273,0.921411395072937,training,25,0,1.2979440689086914,0.03950201946756114,0.012671351432800293,0.06986117892795139,0.16294708251953124,0.032567588906539116,0.004851640973772321
initial_bursting,grad_vanrossum,0.05,4,0.26720647773279355,6,7,3.9124090671539307,2.9442648887634277,training,25,0,1.3242847919464111,0.06556495998216712,0.05709278583526611,0.04318203396267361,0.14606216430664062,0.029437617251747532,0.14752131870814733
initial_bursting,nm_guarino,0.05,4,0.9999999999999999,7,7,0.8397059440612793,0.07194830477237701,training,50,0,0.718189001083374,0.009256666884549803,0.00790258681612821,0.032844475724983606,0.03820225318070612,0.021342702831227328,0.04125832117362417
initial_bursting,grad_mse,0.05,5,0.0,0,7,61.77847671508789,61.7784423828125,training,25,0,0.8837747573852539,0.17381412671959917,0.4453747272491455,0.8792307535807292,0.5999998474121093,0.7987541399504009,0.017113494873046874
initial_bursting,grad_guarino,0.05,5,0.2063492063492063,7,7,0.6137014627456665,0.32258349657058716,training,25,0,1.3181121349334717,0.008962083899456522,0.015694379806518555,0.0035576714409722224,0.025745849609375,0.004697774585924651,0.015280042375837053
initial_bursting,grad_vanrossum,0.05,5,0.4666666666666666,23,7,3.7957916259765625,3.118913412094116,training,25,0,1.0117037296295166,0.8260762090268342,0.498577356338501,0.1111111111111111,0.4,0.0526200344688014,0.06176627022879464
initial_bursting,nm_guarino,0.05,5,0.9999999999999999,7,7,0.6137630939483643,0.11309818178415298,training,50,0,0.5772759914398193,0.008248877029884576,0.024326014522121797,0.031245828176405945,0.021190673634074245,0.008195256932719578,0.01324372865695206
initial_bursting,grad_mse,0.05,6,-0.04705882352941181,8,7,58.45259094238281,58.45259094238281,init,25,0,0.9034950733184814,0.007400148172429202,0.029279097723561742,0.00923151555801951,0.037811975914149795,0.006130948686269545,0.0059512443821721
initial_bursting,grad_guarino,0.05,6,-0.43921568627450985,8,7,0.7579400539398193,0.3528497815132141,training,25,0,1.3268013000488281,0.05090020221212636,0.04006195068359375,0.025449964735243056,0.09830123901367188,0.0010828344445479544,0.12756587437220981
initial_bursting,grad_vanrossum,0.05,6,0.9999999999999999,7,7,3.54841947555542,1.6447535753250122,training,25,0,1.0935359001159668,0.016693579632302988,0.030419111251831055,0.01351352267795139,0.04428939819335938,0.005400155719957854,0.056730433872767855
initial_bursting,nm_guarino,0.05,6,0.9999999999999999,7,7,0.6578772068023682,0.05458441376686096,training,50,0,0.5828659534454346,0.007400148172429202,0.029279097723561742,0.06808468644185742,0.037811975914149795,0.006130948686269545,0.0059512443821721
initial_bursting,grad_mse,0.05,7,-1.0,27,7,57.38823318481445,57.388179779052734,training,25,0,0.8563699722290039,0.8212693919306217,0.3010197877883911,0.10876278347439236,0.3999978637695312,0.05159866809844971,0.014011056082589285
initial_bursting,grad_guarino,0.05,7,0.8015873015873016,7,7,0.4814995229244232,0.17833685874938965,training,25,0,1.270906925201416,0.01790147864300272,0.02651190757751465,0.03595682779947917,0.01784149169921875,0.013353837163824784,0.021689060756138395
initial_bursting,grad_vanrossum,0.05,7,0.09375,9,7,3.4006733894348145,3.029207229614258,training,25,0,0.9902300834655762,0.03202408500339674,0.019494295120239258,0.03903435601128472,0.07047210693359375,0.009028698268689607,0.010858808244977678
initial_bursting,nm_guarino,0.05,7,0.9999999999999999,7,7,0.4814247786998749,0.06455708295106888,training,50,0,0.5714888572692871,0.0105839500401828,0.046753371827369605,0.005475499568806994,0.0060839857563425425,0.013064961983106355,0.015758478572249553
initial_bursting,grad_mse,0.05,8,0.05357142857142861,21,7,49.581600189208984,49.58134460449219,training,25,0,0.8624210357666016,0.8260869565217391,0.5,0.1111111111111111,0.4,0.05263157894736842,0.6278690883091518
initial_bursting,grad_guarino,0.05,8,-0.04705882352941181,8,7,0.7274237871170044,0.7274237871170044,init,1,0,1.2313971519470215,0.0018673811943940514,0.02576132749202209,0.024197564427631987,0.015844060489432935,0.030557043179154888,0.007910602281031588
initial_bursting,grad_vanrossum,0.05,8,-0.10256410256410266,19,7,3.1061623096466064,3.1061618328094482,training,25,0,0.9984278678894043,0.3653940947159477,0.11551785469055176,0.08239288330078125,0.37721954345703124,0.038203026119031404,0.04187284197126116
initial_bursting,nm_guarino,0.05,8,0.9999999999999999,7,7,0.6273607611656189,0.09693259745836258,training,50,0,0.5930826663970947,0.023177761416782825,0.05501096702077368,0.006678947844685328,0.010431153782365072,0.029443810932509296,0.0183342321227877
initial_bursting,grad_mse,0.05,9,-0.1015625,9,7,49.33056640625,49.330055236816406,training,25,0,0.8769247531890869,0.06058687956436821,0.05072951316833496,0.09829169379340277,0.08641830444335938,0.005514853879025108,0.2705513000488281
initial_bursting,grad_guarino,0.05,9,0.2063492063492063,7,7,0.3860706090927124,0.3301926255226135,training,25,0,1.2975940704345703,0.011659439750339675,0.03308248519897461,0.020731268988715277,0.014288330078125,0.008839444110268041,0.013070569719587054
initial_bursting,grad_vanrossum,0.05,9,0.0079365079365079,7,7,2.970092296600342,2.8866710662841797,training,25,0,1.0237390995025635,0.012368907099184782,0.03325653076171875,0.02013125949435764,0.01565521240234375,0.008789231902674624,0.020581163678850448
initial_bursting,nm_guarino,0.05,9,0.9999999999999999,7,7,0.3861335813999176,0.10263097286224365,training,50,0,0.5790102481842041,0.0261351321382318,0.04935286902733926,0.013419201567072037,0.03273226599966847,0.007981874499026612,0.035194238668524794
initial_bursting,grad_mse,0.05,10,0.06477732793522269,6,7,31.50388526916504,31.503877639770508,training,25,0,0.8551411628723145,0.028059254521908966,0.016141891479492188,0.035380384657118055,0.05407470703125,0.008972544419138055,0.05951418195452009
initial_bursting,grad_guarino,0.05,10,0.9999999999999999,7,7,0.1403469741344452,0.14034689962863922,training,25,0,1.6180977821350098,0.016613570503566575,0.006181955337524414,0.038675944010416664,0.0094720458984375,0.005112070786325555,0.024111502511160714
initial_bursting,grad_vanrossum,0.05,10,0.9999999999999999,7,7,0.8390361666679382,0.6717402338981628,training,25,0,1.0096561908721924,0.019374946925951087,0.007282376289367676,0.0377593994140625,0.00184051513671875,0.005649014523154811,0.01484832763671875
initial_bursting,nm_guarino,0.05,10,0.9999999999999999,7,7,0.14045341312885284,0.11596867442131042,training,50,0,0.5814697742462158,0.02203389453510948,0.020563058004941848,0.024425491940189028,0.004282580192307819,0.008686574570302091,0.01189682365232118
initial_bursting,grad_mse,0.05,11,0.0079365079365079,7,7,57.83938217163086,57.83938217163086,init,25,0,1.745999813079834,0.01655916260765628,0.035236295609310186,0.01927776261170114,0.008927222488514417,0.021900670690875895,0.007295943810348961
initial_bursting,grad_guarino,0.05,11,0.2063492063492063,7,7,0.4329758584499359,0.20802585780620575,training,25,0,1.3349769115447998,0.018365611200747284,0.03432321548461914,0.018199666341145834,0.00424530029296875,0.021460683722245067,0.007287270682198661
initial_bursting,grad_vanrossum,0.05,11,-0.025974025974025997,4,7,3.277531862258911,1.1217365264892578,training,25,0,1.0165610313415527,0.07291418987771739,0.08392953872680664,0.10431094699435764,0.2954010009765625,0.055406582982916584,0.03487003871372768
initial_bursting,nm_guarino,0.05,11,0.9999999999999999,7,7,0.4330400824546814,0.10763601958751678,training,50,0,0.5825231075286865,0.03625822573415971,0.04915129726541134,0.013727921930703562,0.017119741887546523,0.023851352239244155,0.004288658293430509
initial_bursting,grad_mse,0.05,12,0.14901960784313723,8,7,44.612403869628906,44.612403869628906,init,25,0,0.8780269622802734,0.006223434099287503,0.027024360533445257,0.01103015398905048,0.025413314178488234,0.028821423763879868,0.011522912107464022
initial_bursting,grad_guarino,0.05,12,0.18181818181818177,15,7,0.9111068844795227,0.9111063480377197,training,1,0,1.2629680633544922,0.21554047957710598,0.09505939483642578,0.06005333794487847,0.32027847290039063,0.03500176730908846,0.04183360508510044
initial_bursting,grad_vanrossum,0.05,12,0.14901960784313723,8,7,2.9580600261688232,2.9580600261688232,init,25,0,1.0016989707946777,0.006223434099287503,0.027024360533445257,0.01103015398905048,0.025413314178488234,0.028821423763879868,0.011522912107464022
initial_bursting,nm_guarino,0.05,12,0.9999999999999999,7,7,0.8110342025756836,0.09311661869287491,training,50,0,0.5808181762695312,0.024402988099640147,0.03266073358717847,0.053653459786192396,0.005664398004901443,0.02765926667666989,0.0015114141603764404
initial_bursting,grad_mse,0.05,13,0.0,0,7,48.01355743408203,47.696285247802734,training,25,0,0.8776149749755859,0.17391304347826086,0.4879646301269531,0.8888888888888888,0.6,0.9473684210526315,0.37142857142857144
initial_bursting,grad_guarino,0.05,13,0.40476190476190477,7,7,0.3056396245956421,0.30563947558403015,training,25,0,1.3143517971038818,0.01705972422724185,0.001615285873413086,0.033387247721354166,0.0058770751953125,0.008558800345972964,0.030961063929966517
initial_bursting,grad_vanrossum,0.05,13,0.14901960784313723,8,7,2.520094156265259,2.5200934410095215,training,25,0,1.0101237297058105,0.015804788340692936,0.0009288787841796875,0.033806694878472224,0.000959014892578125,0.008192940762168482,0.030687495640345983
initial_bursting,nm_guarino,0.05,13,0.9999999999999999,7,7,0.3055652976036072,0.04624670371413231,training,50,0,0.5808117389678955,0.06171074524215758,0.0017830347385898726,0.033284817800814416,0.007078270567966172,0.008648157953000071,0.031024687579095607
initial_bursting,grad_mse,0.05,14,-0.04705882352941181,8,7,56.94353485107422,56.94353485107422,init,25,0,0.8637189865112305,0.007799674149105924,0.04036778661683926,0.014428227531894953,0.019847420504538037,0.0013792179807194703,0.014339135057271335
initial_bursting,grad_guarino,0.05,14,-0.04705882352941181,8,7,0.7505456805229187,0.7505456805229187,init,25,0,1.2722208499908447,0.007799674149105924,0.04036778661683926,0.014428227531894953,0.019847420504538037,0.0013792179807194703,0.014339135057271335
initial_bursting,grad_vanrossum,0.05,14,-0.04705882352941181,8,7,3.5762245655059814,3.5762245655059814,init,3,0,0.9083061218261719,0.007799674149105924,0.04036778661683926,0.014428227531894953,0.019847420504538037,0.0013792179807194703,0.014339135057271335
initial_bursting,nm_guarino,0.05,14,0.9999999999999999,7,7,0.6504822373390198,0.07110951095819473,training,50,0,0.5787229537963867,0.015810809450139032,0.04766889332414026,0.0011996133187712607,0.016136740537216667,0.0008344018095319992,0.005077866436990267
initial_bursting,grad_mse,0.05,15,-1.0,70,7,62.67101287841797,56.060752868652344,training,2,0,0.8636641502380371,0.16995332137398098,0.14972591400146484,0.06103176540798611,0.34748794555664064,0.018235532861006886,0.23083528791155133
initial_bursting,grad_guarino,0.05,15,-0.13765182186234817,6,7,0.5654998421669006,0.531049907207489,training,25,0,1.277618169784546,0.011549775496773098,0.005091309547424316,0.008396063910590277,0.05909942626953125,0.011012717297202662,0.00013754708426339286
initial_bursting,grad_vanrossum,0.05,15,0.0079365079365079,7,7,3.6238017082214355,3.4717700481414795,training,25,0,1.0095999240875244,0.016429469896399457,0.007638692855834961,0.006027560763888889,0.0441607666015625,0.009923658872905531,0.0028815133231026788
initial_bursting,nm_guarino,0.05,15,0.8015873015873016,7,7,0.5655609369277954,0.12182137370109558,training,50,0,0.5763988494873047,0.007208966566552926,0.005589332837566019,0.04959212504562313,1.588579986218974e-05,0.009669379108269044,0.0024518280481128077
initial_bursting,grad_mse,0.05,16,-0.04705882352941181,8,7,56.97881317138672,56.97881317138672,init,25,0,0.8719470500946045,0.03128088428209547,0.008380581749257932,0.0221354631595416,0.02156877265936316,0.0032367003506688905,0.02203645197384146
initial_bursting,grad_guarino,0.05,16,-0.04705882352941181,8,7,0.689016580581665,0.689016580581665,init,25,0,1.2879528999328613,0.03128088428209547,0.008380581749257932,0.0221354631595416,0.02156877265936316,0.0032367003506688905,0.02203645197384146
initial_bursting,grad_vanrossum,0.05,16,-0.04705882352941181,8,7,3.455092191696167,3.455092191696167,init,25,0,1.003269910812378,0.03128088428209547,0.008380581749257932,0.0221354631595416,0.02156877265936316,0.0032367003506688905,0.02203645197384146
initial_bursting,nm_guarino,0.05,16,0.9999999999999999,7,7,0.6889405250549316,0.06819987297058105,training,50,0,0.5814106464385986,0.013437141918511671,0.008603493847378907,0.012965807088273587,0.019546113738595636,0.004202310853743966,0.007363509439151577
initial_bursting,grad_mse,0.05,17,0.0079365079365079,7,7,58.82252883911133,58.82252883911133,init,25,0,0.8660471439361572,0.03140038075350521,0.0019395377217192866,0.0016326431805386695,0.03024327902110997,0.009617586781107796,0.022370401354582927
initial_bursting,grad_guarino,0.05,17,0.0079365079365079,7,7,0.654480516910553,0.654480516910553,init,25,0,1.2904467582702637,0.03140038075350521,0.0019395377217192866,0.0016326431805386695,0.03024327902110997,0.009617586781107796,0.022370401354582927
initial_bursting,grad_vanrossum,0.05,17,0.0079365079365079,7,7,3.7385447025299072,3.7385447025299072,init,25,0,1.0077571868896484,0.03140038075350521,0.0019395377217192866,0.0016326431805386695,0.03024327902110997,0.009617586781107796,0.022370401354582927
initial_bursting,nm_guarino,0.05,17,0.9999999999999999,7,7,0.6545397043228149,0.13394580781459808,training,50,0,0.5904891490936279,0.02129446110176406,0.044119680328508215,0.05025998012399795,0.008847079557023107,0.006110869052153014,0.020599131526592325
initial_bursting,grad_mse,0.05,18,0.9999999999999999,7,7,26.781064987182617,26.781064987182617,init,25,0,0.8690879344940186,0.011811403875208888,0.034878973040152195,0.010554288950763496,0.00326050085658693,0.010713670874672022,0.0301187873835955
initial_bursting,grad_guarino,0.05,18,0.9999999999999999,7,7,0.10011998564004898,0.08514703065156937,training,25,0,1.2863521575927734,0.012493233058763587,0.03575754165649414,0.010340033637152777,0.01076904296875,0.011257021050704153,0.020395115443638392
initial_bursting,grad_vanrossum,0.05,18,0.9999999999999999,7,7,0.841849148273468,0.8378244042396545,training,25,0,1.0239989757537842,0.011721005647078805,0.03489542007446289,0.01058773464626736,0.002397918701171875,0.010627621098568565,0.029364122663225446
initial_bursting,nm_guarino,0.05,18,0.9999999999999999,7,7,0.10000093281269073,0.034288156777620316,training,50,0,0.5742819309234619,0.01919358485880297,0.1165440391379593,0.02800245513757381,0.00612059172899535,0.008098098310196226,0.011167069758710926
initial_bursting,grad_mse,0.05,19,0.40476190476190477,7,7,42.51191329956055,42.51191329956055,init,25,0,0.8706481456756592,0.013742991486024952,0.0033068935256195253,0.022978385544365664,0.03684850042890787,0.020163041460427432,0.0027978944235982793
initial_bursting,grad_guarino,0.05,19,0.8015873015873016,7,7,0.27768123149871826,0.1727418303489685,training,25,0,1.2736351490020752,0.017186239491338316,0.004918813705444336,0.020700751410590277,0.02898529052734375,0.020349138661434774,0.007002149309430804
initial_bursting,grad_vanrossum,0.05,19,0.40476190476190477,7,7,2.4090850353240967,2.4090850353240967,init,25,0,1.0142550468444824,0.013742991486024952,0.0033068935256195253,0.022978385544365664,0.03684850042890787,0.020163041460427432,0.0027978944235982793
initial_bursting,nm_guarino,0.05,19,0.9999999999999999,7,7,0.2777465581893921,0.08160630613565445,training,50,0,0.5823140144348145,0.0015391217510473672,0.008902678223085214,0.008342229680923512,0.0047197942392421055,0.019776989898168493,0.016181262911481198
initial_bursting,grad_mse,0.05,20,-0.13765182186234817,6,7,34.410518646240234,34.410438537597656,training,25,0,0.8743610382080078,0.011186483631963316,0.017101049423217773,0.00969882541232639,0.06933670043945313,0.0174344213385331,0.014847455705915178
initial_bursting,grad_guarino,0.05,20,0.9999999999999999,7,7,0.12202171236276627,0.0656813457608223,training,25,0,1.2684540748596191,0.018654599397078805,0.024147748947143555,0.011857096354166667,0.0310174560546875,0.014998009330347964,0.02112819126674107
initial_bursting,grad_vanrossum,0.05,20,0.9999999999999999,7,7,1.236386775970459,1.2350560426712036,training,25,0,1.0077288150787354,0.01997030506963315,0.02396559715270996,0.012428114149305556,0.03197463989257812,0.014965032276354338,0.012560163225446428
initial_bursting,nm_guarino,0.05,20,0.9999999999999999,7,7,0.12208890169858932,0.07794389128684998,training,50,0,0.5784187316894531,0.013218595857748152,0.010971684203830323,0.010833317261549446,0.00860801629596267,0.01572905137998838,0.01627365390171503
initial_bursting,grad_mse,0.05,21,-0.19090909090909092,3,7,29.188520431518555,29.187583923339844,training,25,0,0.8821439743041992,0.09512574569038723,0.05421614646911621,0.05673997667100694,0.39379608154296875,0.0672209388331363,0.06414903913225446
initial_bursting,grad_guarino,0.05,21,0.9999999999999999,7,7,0.1210329607129097,0.06064126268029213,training,25,0,1.2737698554992676,0.005747521441915761,0.006792306900024414,0.014058770073784723,0.01601104736328125,0.017985394126490542,0.026930127825055803
initial_bursting,grad_vanrossum,0.05,21,0.40476190476190477,7,7,0.9673489928245544,0.9673483371734619,training,25,0,1.0139100551605225,0.0065143751061480975,0.007706046104431152,0.014184231228298611,0.00732086181640625,0.017236132370798213,0.039173126220703125
initial_bursting,nm_guarino,0.05,21,0.9999999999999999,7,7,0.12091298401355743,0.074142687022686,training,50,0,0.5791969299316406,0.01627658337638472,0.023099484675165538,0.017906330422026585,0.01786962260062637,0.021235477379980466,0.03171451204985455
initial_bursting,grad_mse,0.05,22,0.0,0,7,51.68012237548828,51.68006134033203,training,25,0,0.8704431056976318,0.17391304347826086,0.5,0.8888888888888888,0.6,0.9473684210526315,0.37142682756696427
initial_bursting,grad_guarino,0.05,22,-0.3666666666666672,23,7,0.3799999952316284,0.3799998462200165,training,25,0,1.2733678817749023,0.8260853601538617,0.4860570430755615,0.1111085679796007,0.4,0.051351459402787056,0.03376225062779018
initial_bursting,grad_vanrossum,0.05,22,-0.3666666666666672,23,7,2.884641647338867,2.88464093208313,training,3,0,0.9154119491577148,0.8260869565217391,0.5,0.1111111111111111,0.4,0.05263119622280723,0.08127506801060268
initial_bursting,nm_guarino,0.05,22,0.9999999999999999,7,7,0.37992602586746216,0.06881390511989594,training,50,0,0.5792360305786133,0.001067043138667516,0.00013189348255138178,0.03408990304716579,0.012771752403150458,0.03673442325865841,0.006538438014407941
initial_bursting,grad_mse,0.05,23,-1.0,581,7,59.910465240478516,57.255374908447266,training,3,0,1.2288579940795898,0.12391377324643342,0.08575081825256348,0.13965640597873263,0.2837255859375,0.012778119037025854,0.3714021955217634
initial_bursting,grad_guarino,0.05,23,0.0079365079365079,7,7,0.49254995584487915,0.46092256903648376,training,25,0,1.2794959545135498,0.014894701086956522,0.029277324676513672,0.012036810980902778,0.0234149169921875,0.017654142881694593,0.014163643973214285
initial_bursting,grad_vanrossum,0.05,23,-0.19047619047619052,7,7,3.4008564949035645,3.032905340194702,training,25,0,1.951282024383545,0.01308341648267663,0.02871263027191162,0.012644449869791666,0.03093231201171875,0.01847470434088456,0.020612553187779017
initial_bursting,nm_guarino,0.05,23,0.9999999999999999,7,7,0.49261078238487244,0.10479944944381714,training,50,0,0.618710994720459,0.05731697610394495,0.022928215975541733,0.02814518233614144,0.027827928240096184,0.020468601826323596,0.02139745577372147
initial_bursting,grad_mse,0.05,24,-0.3400809716599191,6,7,42.0119743347168,42.011451721191406,training,2,0,0.8500139713287354,0.0236469434655231,0.011188030242919922,0.023496839735243056,0.035223388671875,0.013756112048500463,0.008449990408761161
initial_bursting,grad_guarino,0.05,24,0.9999999999999999,7,7,0.21285410225391388,0.21044977009296417,training,25,0,1.2958738803863525,0.021047774605129077,0.0059506893157958984,0.021701219346788196,0.00723052978515625,0.012338462628816304,0.0406982421875
initial_bursting,grad_vanrossum,0.05,24,0.9999999999999999,7,7,1.971344232559204,1.325181007385254,training,25,0,1.0181047916412354,0.0210071729577106,0.00624394416809082,0.021718682183159723,0.00728302001953125,0.012258253599468031,0.041274915422712055
initial_bursting,nm_guarino,0.05,24,0.9999999999999999,7,7,0.2128293514251709,0.0879000872373581,training,50,0,0.57816481590271,0.012651581104623603,0.013301543749361544,0.02480345946194752,0.002845936019556632,0.016059534300725476,0.013866889343156328
initial_bursting,grad_mse,0.05,25,0.05357142857142861,21,7,51.203243255615234,51.19817352294922,training,25,0,0.8676960468292236,0.8260572184687075,0.4473303556442261,0.11108940972222223,0.4,0.0507322675303409,0.6215321132114955
initial_bursting,grad_guarino,0.05,25,-0.04705882352941181,8,7,0.4213709235191345,0.32789066433906555,training,25,0,1.2831690311431885,0.02508637801460598,0.023769617080688477,0.004462009006076389,0.004207763671875,0.025817431901630602,0.0006142752511160715
initial_bursting,grad_vanrossum,0.05,25,-0.1015625,9,7,3.0669310092926025,2.728757381439209,training,25,0,1.0119152069091797,0.07361476732336956,0.013412952423095703,0.009598456488715278,0.07123321533203125,0.027291003026460346,0.022301810128348216
initial_bursting,nm_guarino,0.05,25,0.9999999999999999,7,7,0.42129576206207275,0.07342641055583954,training,50,0,0.5853943824768066,0.018492818102753193,0.040233564615297146,0.019588079560980038,0.018777722373039298,0.025420550437869036,0.0098213639649312
initial_bursting,grad_mse,0.05,26,0.40476190476190477,7,7,40.278587341308594,40.278587341308594,init,25,0,0.8680500984191895,0.0026141370292356706,0.0015312900546005093,0.018710178943091984,0.020012331353644015,0.018834552698466404,0.037222531626948656
initial_bursting,grad_guarino,0.05,26,0.40476190476190477,7,7,0.2898232936859131,0.2898232936859131,init,25,0,1.2768452167510986,0.0026141370292356706,0.0015312900546005093,0.018710178943091984,0.020012331353644015,0.018834552698466404,0.037222531626948656
initial_bursting,grad_vanrossum,0.05,26,0.40476190476190477,7,7,2.11069393157959,2.11069393157959,init,25,0,1.013359785079956,0.0026141370292356706,0.0015312900546005093,0.018710178943091984,0.020012331353644015,0.018834552698466404,0.037222531626948656
initial_bursting,nm_guarino,0.05,26,0.9999999999999999,7,7,0.2897053062915802,0.03867786005139351,training,50,0,0.583420991897583,0.032244705860182424,0.05334063882951945,0.0044118073365274945,0.02855173294355211,0.015695031989885377,0.011059811276161976
initial_bursting,grad_mse,0.05,27,0.06249999999999983,17,7,59.78765106201172,59.78702163696289,training,25,0,0.8780548572540283,0.8260807327602221,0.4999997615814209,0.1111111111111111,0.6,0.9189325633801912,0.6285714285714286
initial_bursting,grad_guarino,0.05,27,-0.24313725490196084,8,7,0.829581081867218,0.829581081867218,init,25,0,1.304373025894165,0.016366449862451428,0.0037508214377794946,0.001494387202164502,0.004250856939875973,0.04270041938250701,0.019350500359590024
initial_bursting,grad_vanrossum,0.05,27,-0.19090909090909092,3,7,3.7117223739624023,3.7117207050323486,training,25,0,1.019834041595459,0.06541270380434783,0.07983148097991943,0.03720465766059028,0.495343017578125,0.04080424810710706,0.6271985735212053
initial_bursting,nm_guarino,0.05,27,0.9999999999999999,7,7,0.7295187711715698,0.06717337667942047,training,50,0,0.5836930274963379,0.016366449862451428,0.0037508214377794946,0.07620867121550501,0.004250856939875973,0.04270041938250701,0.019350500359590024
initial_bursting,grad_mse,0.05,28,0.05357142857142861,21,7,65.21125030517578,53.78293228149414,training,25,0,0.8769309520721436,0.8260869565217391,0.3689073324203491,0.1111111111111111,0.4,0.05263157894736842,0.6285714285714286
initial_bursting,grad_guarino,0.05,28,0.0079365079365079,7,7,0.6274238228797913,0.5152339339256287,training,25,0,1.2914559841156006,0.026508828868036686,0.01909184455871582,0.003302849663628472,0.009172821044921875,0.03217659498515882,0.0087005615234375
initial_bursting,grad_vanrossum,0.05,28,-0.08333333333333337,5,7,3.7756187915802,2.346515417098999,training,18,0,0.9841232299804688,0.06783938200577445,0.04655599594116211,0.032460530598958336,0.18545486450195312,0.0589210359673751,0.012809971400669643
initial_bursting,nm_guarino,0.05,28,0.9999999999999999,7,7,0.627483069896698,0.11551234126091003,training,50,0,0.5873651504516602,0.026258616775193203,0.027990979921435954,0.030502751166112792,0.07462587089571684,0.031306167743295206,0.0377557702303201
initial_bursting,grad_mse,0.05,29,0.0,0,7,38.876766204833984,38.876426696777344,training,25,0,0.866610050201416,0.17390853218410326,0.4557809829711914,0.8857501559787326,0.6,0.2548557331687526,0.3392991202218192
initial_bursting,grad_guarino,0.05,29,0.9999999999999999,7,7,0.1349397897720337,0.1349397897720337,init,25,0,1.2807297706604004,0.009738487878518715,0.025977713539763414,0.001976860764803708,0.017374256894392204,0.02919456641405532,0.023921219949356497
initial_bursting,grad_vanrossum,0.05,29,0.14901960784313723,8,7,1.3259785175323486,1.325978398323059,training,25,0,1.0116539001464844,0.038720703125,0.03932487964630127,0.01422085232204861,0.05903762817382813,0.0302955100410863,0.03600572858537946
initial_bursting,nm_guarino,0.05,29,0.9999999999999999,7,7,0.13486966490745544,0.023717617616057396,training,50,0,0.5901691913604736,0.008725891587555601,0.06595164143323218,0.01938756263217114,0.022027450579379604,0.0266075631143438,0.006074625739596635
initial_bursting,grad_mse,0.1,0,0.0,0,7,34.50135803222656,34.5013542175293,training,25,0,0.8738918304443359,0.17391304347826086,0.5,0.8888888888888888,0.6,0.9473684210526315,0.3710695539202009
initial_bursting,grad_guarino,0.1,0,0.9999999999999999,7,7,0.1670747548341751,0.1670747548341751,init,1,0,1.252013921737671,0.053314684766784165,0.06825223118875767,0.024711601656950834,0.0014523827645996335,0.0020854663872770297,0.043382663401128646
initial_bursting,grad_vanrossum,0.1,0,0.0,0,7,1.4684633016586304,1.4684631824493408,training,25,0,1.0100481510162354,0.17372735064962636,0.44493865966796875,0.8662182278103299,0.6,0.8719562731291118,0.10437861851283482
initial_bursting,nm_guarino,0.1,0,0.9999999999999999,7,7,0.16695769131183624,0.055368680506944656,training,50,0,0.6063427925109863,0.043938264289904855,0.12270823400511732,0.03880680896558033,0.004986043044473263,0.001610139876456973,0.031409956804925594
initial_bursting,grad_mse,0.1,1,0.34509803921568627,8,7,49.634315490722656,49.634315490722656,init,3,0,0.8404738903045654,0.0008194962921386971,0.004541247823419248,0.04488780282745021,0.0011828240559418645,0.012834457269367704,0.08830440694105184
initial_bursting,grad_guarino,0.1,1,0.6031746031746031,7,7,0.7432520985603333,0.4037347137928009,training,25,0,1.2772023677825928,0.0011942324431046196,0.0029449462890625,0.04512566460503472,0.009327392578125,0.01347837950053968,0.07631596156529018
initial_bursting,grad_vanrossum,0.1,1,0.2063492063492063,7,7,3.138413906097412,2.5136823654174805,training,7,0,0.9141709804534912,0.03185212508491848,0.01072990894317627,0.07579413519965278,0.04144912719726562,0.01563807537681178,0.15225187029157367
initial_bursting,nm_guarino,0.1,1,0.9999999999999999,7,7,0.6431398391723633,0.02064192108809948,training,50,0,0.5707437992095947,0.0267154921488337,0.03848955236704188,0.06141548030208115,0.012928087474006702,0.010884339139364462,0.00997489537469554
initial_bursting,grad_mse,0.1,2,0.14901960784313723,8,7,48.10696029663086,48.10696029663086,init,25,0,0.8692221641540527,0.0026405315953122285,0.05041516127861301,0.04681777646776924,0.0722515852053263,0.0032881706198977,0.0053227137863635626
initial_bursting,grad_guarino,0.1,2,0.09375,9,7,1.0846518278121948,0.28122058510780334,training,25,0,1.282080888748169,0.018435934315557064,0.055963873863220215,0.050288560655381946,0.11271759033203126,4.575127049496299e-05,0.03713902064732143
initial_bursting,grad_vanrossum,0.1,2,0.9999999999999999,7,7,2.840271234512329,1.159301519393921,training,25,0,1.0192291736602783,0.00933983844259511,0.04413783550262451,0.04463975694444444,0.014512939453125,0.007563540810032895,0.04161202566964286
initial_bursting,nm_guarino,0.1,2,0.9999999999999999,7,7,0.9845644235610962,0.09342754632234573,training,50,0,0.5787303447723389,0.014207638512474976,0.012935126658895957,0.0032481172109407276,0.018983749686005354,0.005452383149431353,0.007915957750050495
initial_bursting,grad_mse,0.1,3,0.34509803921568627,8,7,38.32288360595703,38.32288360595703,init,25,0,0.8772618770599365,0.040276284246826936,0.010969739198097184,0.029795761453172847,0.0006590494591262086,0.016534745936045193,0.08423696444709432
initial_bursting,grad_guarino,0.1,3,0.12499999999999997,5,7,0.9681491255760193,0.9170166254043579,training,25,0,1.2830848693847656,0.05158631697944973,0.05830979347229004,0.11019354926215277,0.226744384765625,0.009175262953105726,0.12505405970982142
initial_bursting,grad_vanrossum,0.1,3,0.34509803921568627,8,7,2.4309096336364746,2.4309096336364746,init,25,0,1.0061440467834473,0.040276284246826936,0.010969739198097184,0.029795761453172847,0.0006590494591262086,0.016534745936045193,0.08423696444709432
initial_bursting,nm_guarino,0.1,3,0.9999999999999999,7,7,0.8680569529533386,0.03363899886608124,training,50,0,0.5758872032165527,0.039531856017377166,0.04034686002164678,0.007145389799612505,0.046674934442044104,0.017367022425170086,0.011601875291173411
initial_bursting,grad_mse,0.1,4,0.06477732793522269,6,7,66.54173278808594,66.54173278808594,init,25,0,0.8640990257263184,0.0019240282932869327,0.024657392907779352,0.06438999751717568,0.05498319807086432,0.03876782386765162,0.02676084961885518
initial_bursting,grad_guarino,0.1,4,-0.13765182186234817,6,7,1.5495226383209229,0.9026200175285339,training,25,0,1.280116081237793,0.03075044051460598,0.039655208587646484,0.03565080430772569,0.00425628662109375,0.031350047964798775,0.076348876953125
initial_bursting,grad_vanrossum,0.1,4,-1.0,28,7,3.5285191535949707,2.164215564727783,training,2,0,0.8894410133361816,0.08345436427904213,0.08675813674926758,0.012967936197916667,0.204725341796875,0.0074370534796463815,0.2540233067103795
initial_bursting,nm_guarino,0.1,4,0.9999999999999999,7,7,1.449569821357727,0.089229516685009,training,50,0,0.5859642028808594,0.016801277763417735,0.005075443151093539,0.0022744285351996673,0.051739260196851544,0.037068692944254404,0.01729033494433797
initial_bursting,grad_mse,0.1,5,0.05357142857142861,21,7,56.049015045166016,41.595130920410156,training,25,0,0.8567509651184082,0.8260869565217391,0.5,0.1111111111111111,0.4,0.05263157894736842,0.6285714285714286
initial_bursting,grad_guarino,0.1,5,0.06477732793522269,6,7,1.049913763999939,1.049913763999939,init,25,0,1.2937648296356201,0.025863233640615876,0.037032953636113586,0.01224485284980498,0.08372703652819098,0.011410560583980501,0.02587082392753075
initial_bursting,grad_vanrossum,0.1,5,0.34509803921568627,8,7,3.11114239692688,1.9889509677886963,training,25,0,1.003615140914917,0.04652908988620924,0.03929948806762695,0.036086018880208334,0.04590118408203125,0.009724993454782586,0.20104184831891742
initial_bursting,nm_guarino,0.1,5,0.9999999999999999,7,7,0.949953019618988,0.07429136335849762,training,50,0,0.9925661087036133,0.04905334679814433,0.04264297880539081,0.06382697878614939,0.010472146277983825,0.011198702038653743,0.0067171035542356455
initial_bursting,grad_mse,0.1,6,0.06477732793522269,6,7,57.246700286865234,57.246421813964844,training,25,0,0.8817431926727295,0.10560541567595108,0.07764005661010742,0.046824137369791664,0.0761663818359375,0.01665353775024414,0.5025174822126116
initial_bursting,grad_guarino,0.1,6,-0.43921568627450985,8,7,0.8757823705673218,0.30009809136390686,training,25,0,1.299659013748169,0.02336273193359375,0.05933690071105957,0.021777513292100696,0.07793411254882812,0.011836491133037367,0.06801670619419643
initial_bursting,grad_vanrossum,0.1,6,0.06477732793522269,6,7,3.556379795074463,2.9047818183898926,training,25,0,1.9585378170013428,0.0403678562330163,0.044846534729003906,1.6276041666666666e-05,0.06365234375,0.027858131810238485,0.0056919642857142854
initial_bursting,nm_guarino,0.1,6,0.0079365079365079,7,7,0.7757107615470886,0.12639492750167847,training,50,0,0.6209769248962402,0.022296389644960952,0.059613415032613304,0.056317964137714525,0.03727887907322355,0.014420752784556392,0.0003614171083323673
initial_bursting,grad_mse,0.1,7,0.4069264069264069,4,7,65.89701843261719,65.89685821533203,training,25,0,0.887631893157959,0.04598926046620245,0.06274771690368652,0.07262776692708334,0.17519302368164064,0.05135445845754523,0.5288609095982143
initial_bursting,grad_guarino,0.1,7,0.9999999999999999,7,7,0.8546502590179443,0.20824451744556427,training,25,0,1.3005890846252441,0.01808007281759511,0.055808186531066895,0.06826883951822917,0.005797271728515625,0.031892098878559316,0.019216264997209822
initial_bursting,grad_vanrossum,0.1,7,-0.24313725490196084,8,7,4.203420162200928,3.4859390258789062,training,25,0,1.015995979309082,0.0652041891346807,0.04708731174468994,0.07165323893229167,0.09255889892578124,0.019586425078542608,0.08002548217773438
initial_bursting,nm_guarino,0.1,7,0.9999999999999999,7,7,0.7545838952064514,0.057661063969135284,training,50,0,0.5823991298675537,0.004170067495068284,0.056346545905071155,0.004081554139592451,0.013097104690178867,0.03171427811887845,0.050031345667076316
initial_bursting,grad_mse,0.1,8,-0.24313725490196084,8,7,50.04560852050781,50.04560852050781,init,25,1,0.8874378204345703,0.0037347623887882264,0.05152265498404418,0.04839512885526397,0.03168812097886587,0.05263157894736842,0.015821204562062974
initial_bursting,grad_guarino,0.1,8,-0.04705882352941181,8,7,0.8320780992507935,0.33812591433525085,training,5,1,1.246600866317749,0.0038756660793138587,0.050440430641174316,0.04003550211588542,0.02987335205078125,0.05253158117595472,0.03350677490234375
initial_bursting,grad_vanrossum,0.1,8,-0.24313725490196084,8,7,3.3927314281463623,3.3927314281463623,init,25,1,1.0143671035766602,0.0037347623887882264,0.05152265498404418,0.04839512885526397,0.03168812097886587,0.05263157894736842,0.015821204562062974
initial_bursting,nm_guarino,0.1,8,0.9999999999999999,7,7,0.7320052981376648,0.1351664811372757,training,50,1,0.5830938816070557,0.0037347623887882264,0.05152265498404418,0.04839512885526397,0.03168812097886587,0.05263157894736842,0.0662448780669769
initial_bursting,grad_mse,0.1,9,0.06477732793522269,6,7,58.81041717529297,57.82503128051758,training,25,0,0.8771500587463379,0.010597892429517664,0.07489824295043945,0.04525553385416667,0.0789324951171875,0.016560868213051243,0.07949022565569197
initial_bursting,grad_guarino,0.1,9,0.036363636363636376,3,7,0.79947429895401,0.7895581722259521,training,25,0,1.3073148727416992,0.07988029148267663,0.13341593742370605,0.16641608344184028,0.369503173828125,0.006644205043190404,0.0577439444405692
initial_bursting,grad_vanrossum,0.1,9,0.06477732793522269,6,7,3.706604242324829,2.7797975540161133,training,25,0,1.0311129093170166,0.053018984587296196,0.09329366683959961,0.14128858778211806,0.1528192138671875,0.014486199931094521,0.1790839059012277
initial_bursting,nm_guarino,0.1,9,0.9999999999999999,7,7,0.6995187401771545,0.07738947868347168,training,50,0,0.587723970413208,0.05046091773470889,0.09276745863328872,0.06307357699100401,0.040406692274531225,0.01838635128485175,0.031219704090823898
initial_bursting,grad_mse,0.1,10,0.12499999999999997,5,7,41.399009704589844,41.39861297607422,training,5,0,0.851132869720459,0.03139946979025136,0.01885521411895752,0.0781894259982639,0.04194671630859375,0.014625085027594315,0.29434596470424107
initial_bursting,grad_guarino,0.1,10,0.06477732793522269,6,7,0.27758657932281494,0.2772212326526642,training,25,0,1.3114259243011475,0.03536542809527853,0.01592397689819336,0.07733832465277778,0.00770477294921875,0.012013862007542661,0.09972032819475446
initial_bursting,grad_vanrossum,0.1,10,0.8015873015873016,7,7,1.5144084692001343,1.377589225769043,training,25,0,1.0073950290679932,0.03637662141219429,0.0138319730758667,0.0771145290798611,0.00393096923828125,0.011459701939633018,0.043625313895089286
initial_bursting,nm_guarino,0.1,10,0.9999999999999999,7,7,0.2776923179626465,0.05018142610788345,training,50,0,0.6040158271789551,0.05778693326275721,0.011394118941282727,0.018719405618998052,0.010276276364434693,0.012905835674289734,0.03425213937068869
initial_bursting,grad_mse,0.1,11,-0.3888888888888889,7,7,72.236328125,72.236328125,init,25,0,0.8766627311706543,0.03311832521531244,0.0704725912186206,0.03855552522340228,0.017854444977029118,0.04380134138175179,0.014591887620697921
initial_bursting,grad_guarino,0.1,11,-0.3888888888888889,7,7,0.9845677018165588,0.9845677018165588,init,25,0,1.2882590293884277,0.03311832521531244,0.0704725912186206,0.03855552522340228,0.017854444977029118,0.04380134138175179,0.014591887620697921
initial_bursting,grad_vanrossum,0.1,11,-0.3888888888888889,7,7,4.108767032623291,3.693852186203003,training,25,0,1.006925106048584,0.02659368100373641,0.07079958915710449,0.04405449761284722,0.01230865478515625,0.04343115655999435,0.053255680629185266
initial_bursting,nm_guarino,0.1,11,0.9999999999999999,7,7,0.8846136927604675,0.09363080561161041,training,50,0,0.5905530452728271,0.016854080089668197,0.09614844715898174,0.06771854682852892,0.0206872741484176,0.046699817756572316,0.017346603453343944
initial_bursting,grad_mse,0.1,12,0.2890625,9,7,45.31601333618164,45.31601333618164,init,25,1,0.8831460475921631,0.012446868198574882,0.054048721066890515,0.02206030797810096,0.05082662835697647,0.05263157894736842,0.023045824214928044
initial_bursting,grad_guarino,0.1,12,0.26720647773279355,6,7,2.073056936264038,1.2393646240234375,training,25,1,1.3106300830841064,0.08450423530910327,0.0017189979553222656,0.0392669677734375,0.2614274597167969,0.0525314870633577,0.19549734933035715
initial_bursting,grad_vanrossum,0.1,12,0.2890625,9,7,3.143989086151123,3.143989086151123,init,25,1,1.0136082172393799,0.012446868198574882,0.054048721066890515,0.02206030797810096,0.05082662835697647,0.05263157894736842,0.023045824214928044
initial_bursting,nm_guarino,0.1,12,0.9999999999999999,7,7,1.6729518175125122,0.1424519121646881,training,50,1,0.5803818702697754,0.007588639252716319,0.04590007493313175,0.03357861352720401,0.0285220280031524,0.05204126758548133,0.022011371300811787
initial_bursting,grad_mse,0.1,13,0.05357142857142861,21,7,62.03124237060547,62.030517578125,training,25,0,0.8733739852905273,0.8260869565217391,0.4999971389770508,0.1111111111111111,0.4,0.05263157894736842,0.6285714285714286
initial_bursting,grad_guarino,0.1,13,-0.04705882352941181,8,7,0.7152659893035889,0.7152659893035889,init,25,0,1.2863900661468506,0.034728541662080475,0.0035660694771799673,0.06656963560162853,0.014156541135932059,0.017296315906000122,0.062049375158191214
initial_bursting,grad_vanrossum,0.1,13,-0.3888888888888889,7,7,3.9249191284179688,3.9249188899993896,training,25,0,0.9996809959411621,0.02997987166694973,0.0184328556060791,0.07459954155815972,0.13195266723632812,0.002756946965267784,0.19496045793805802
initial_bursting,nm_guarino,0.1,13,0.9999999999999999,7,7,0.6152011752128601,0.06859459728002548,training,50,0,0.5813319683074951,0.03753681449985557,0.002356056121502581,0.006434375393127804,0.014174287350178361,0.017950945248990078,0.05086458764315499
initial_bursting,grad_mse,0.1,14,0.12499999999999997,5,7,47.717987060546875,47.71617889404297,training,6,0,0.8361709117889404,0.0505504442297894,0.10641944408416748,0.003041924370659722,0.17349090576171874,0.010196535210860403,0.06042752947126116
initial_bursting,grad_guarino,0.1,14,0.14901960784313723,8,7,0.8944923281669617,0.8944923281669617,init,25,0,1.2721869945526123,0.015599348298211848,0.08073557323367853,0.02885645506378959,0.03969484100907636,0.0027584359614389407,0.028678270114542874
initial_bursting,grad_vanrossum,0.1,14,0.0,0,7,3.0180182456970215,2.8595149517059326,training,25,0,1.0249500274658203,0.1728753131368886,0.31834888458251953,0.5662462022569444,0.5999128723144531,0.40030067845394735,0.03938162667410714
initial_bursting,nm_guarino,0.1,14,0.8015873015873016,7,7,0.794420063495636,0.13858667016029358,training,50,0,0.5844967365264893,0.0001108405366590867,0.09536829628008969,0.0010194374155970663,0.005296966774296834,0.0018909154110420736,0.006733136882541706
initial_bursting,grad_mse,0.1,15,0.12499999999999997,5,7,64.62101745605469,64.62079620361328,training,25,0,0.86527419090271,0.012752300760020381,0.003417372703552246,0.02016262478298611,0.16747589111328126,0.02544211086473967,0.060605948311941965
initial_bursting,grad_guarino,0.1,15,-0.13765182186234817,6,7,0.9692248702049255,0.954749584197998,training,25,0,1.2917842864990234,0.03378501560377038,0.015781879425048828,0.011624654134114584,0.08639114379882812,0.019702610216642682,0.0029990059988839286
initial_bursting,grad_vanrossum,0.1,15,-0.13765182186234817,6,7,3.508636474609375,3.508636236190796,training,25,0,1.0288808345794678,0.0347137451171875,0.01708066463470459,0.011450534396701389,0.0790521240234375,0.01913962866130628,0.013740103585379464
initial_bursting,nm_guarino,0.1,15,0.9999999999999999,7,7,0.8692641258239746,0.05350396782159805,training,50,0,0.5848419666290283,0.03342389690193868,0.01515203431684875,0.01165235309808755,0.0054448178076302155,0.019984242586306367,0.0029409388127423393
initial_bursting,grad_mse,0.1,16,0.4313725490196078,10,7,59.62288284301758,44.24297332763672,training,4,0,0.8448150157928467,0.1272612198539402,0.03679537773132324,0.05256856282552083,0.08908935546875,0.012593984603881836,0.03775264195033482
initial_bursting,grad_guarino,0.1,16,-0.24313725490196084,8,7,0.8332736492156982,0.8332736492156982,init,25,0,1.2711350917816162,0.06256176856419106,0.01676116349851564,0.04427092631908288,0.04313754531872661,0.006473400701337781,0.04407290394768292
initial_bursting,grad_vanrossum,0.1,16,0.14901960784313723,8,7,3.897930145263672,2.8514111042022705,training,25,0,1.0075972080230713,0.06611202074133832,0.01831209659576416,0.044657728407118055,0.0307470703125,0.007023547825060393,0.05314113071986607
initial_bursting,nm_guarino,0.1,16,0.9999999999999999,7,7,0.7332047820091248,0.07840152084827423,training,50,0,0.5783491134643555,0.04762853729230845,0.020084666271302565,0.010505417333615697,0.05662368424267782,0.005363616782262907,0.025938138831912334
initial_bursting,grad_mse,0.1,17,0.2352941176470588,10,7,52.2269172668457,52.226478576660156,training,25,0,0.8578150272369385,0.02642729386039402,0.08629190921783447,0.06003044976128472,0.29440582275390625,0.029436236933658,0.16363133021763393
initial_bursting,grad_guarino,0.1,17,0.06477732793522269,6,7,1.0192233324050903,0.8611860871315002,training,25,0,1.2851645946502686,0.0607330322265625,0.0009086132049560547,0.00069580078125,0.04448211669921875,0.01963494953356291,0.04495021275111607
initial_bursting,grad_vanrossum,0.1,17,0.06477732793522269,6,7,2.899280071258545,2.8692352771759033,training,25,0,1.005202054977417,0.059734443996263584,0.004447340965270996,0.004210408528645833,0.0368121337890625,0.01966565533688194,0.06801823207310267
initial_bursting,nm_guarino,0.1,17,0.9999999999999999,7,7,0.9192748069763184,0.07042829692363739,training,50,0,0.5793280601501465,0.02826868821448072,0.041031048049169794,0.011168239952966195,0.003019493095322332,0.016686196248659396,0.0069211658235650885
initial_bursting,grad_mse,0.1,18,0.8015873015873016,7,7,36.49108123779297,36.49108123779297,init,25,0,0.8633127212524414,0.023622807750417776,0.06975794608030417,0.021108577901527308,0.00652100171317386,0.021427341749344044,0.060237574767191
initial_bursting,grad_guarino,0.1,18,0.8015873015873016,7,7,0.2238645851612091,0.2238645851612091,init,25,0,1.2797088623046875,0.023622807750417776,0.06975794608030417,0.021108577901527308,0.00652100171317386,0.021427341749344044,0.060237574767191
initial_bursting,grad_vanrossum,0.1,18,0.8015873015873016,7,7,1.712592601776123,1.6210538148880005,training,25,0,1.0241689682006836,0.02361085311226223,0.06976532936096191,0.021112060546875,0.00632354736328125,0.02140027598330849,0.060210745675223214
initial_bursting,nm_guarino,0.1,18,0.9999999999999999,7,7,0.22374334931373596,0.09549520164728165,training,50,0,0.5818498134613037,0.01167994476211729,0.12054328825663863,0.0034199820174693387,0.005414167528054463,0.019646490039652173,0.047748895847609725
initial_bursting,grad_mse,0.1,19,0.0079365079365079,7,7,53.280277252197266,53.280277252197266,init,25,0,0.8609118461608887,0.027485982972049905,0.006613787051239051,0.04595677108873133,0.07369700085781573,0.04032608292085488,0.0055957888471967615
initial_bursting,grad_guarino,0.1,19,0.0,0,7,0.5291176438331604,0.5291175842285156,training,25,0,1.7235331535339355,0.17383913786514946,0.45736265182495117,0.8859259711371528,0.599998779296875,0.019535315664190995,0.004489571707589286
initial_bursting,grad_vanrossum,0.1,19,0.0079365079365079,7,7,3.628291130065918,3.628291130065918,init,25,0,1.0175130367279053,0.027485982972049905,0.006613787051239051,0.04595677108873133,0.07369700085781573,0.04032608292085488,0.0055957888471967615
initial_bursting,nm_guarino,0.1,19,0.9999999999999999,7,7,0.5291796326637268,0.08840187638998032,training,50,0,0.6617789268493652,0.013451329065062212,0.01410931649790692,0.0341188452434832,0.04159195087211231,0.03924379833795684,0.033308099613697704
initial_bursting,grad_mse,0.1,20,-1.0,1808,7,49.81621551513672,49.815711975097656,training,3,0,1.8628790378570557,0.23897890837296196,0.15573585033416748,0.04166768391927083,0.37941192626953124,0.0284487573724044,0.36842902047293524
initial_bursting,grad_guarino,0.1,20,0.40476190476190477,7,7,0.21929866075515747,0.21929866075515747,init,25,0,1.3156769275665283,0.04021943801365341,0.04806103472476475,0.02495791025967959,0.06289519610091049,0.029858255801949014,0.024542113405613616
initial_bursting,grad_vanrossum,0.1,20,0.9999999999999999,7,7,2.061535120010376,0.6102674603462219,training,25,0,1.0134069919586182,0.038955489448879076,0.06984174251556396,0.03328280978732639,0.0347412109375,0.02472450858668277,0.012880161830357144
initial_bursting,nm_guarino,0.1,20,0.9999999999999999,7,7,0.21936331689357758,0.09786524623632431,training,50,0,0.5849051475524902,0.033630243249914975,0.02945691481566448,0.043399859818042175,0.043169050472845354,0.03200755850894581,0.03160699410732418
initial_bursting,grad_mse,0.1,21,-0.1015625,9,7,43.0367546081543,43.036312103271484,training,25,0,0.8712248802185059,0.04026316767153532,0.0245438814163208,0.034733751085069445,0.05191131591796875,0.02493638741342645,0.06730826241629465
initial_bursting,grad_guarino,0.1,21,0.9999999999999999,7,7,0.2694549560546875,0.17367063462734222,training,25,0,1.2756049633026123,0.006475962763247282,0.011921167373657227,0.02573021782769097,0.0407855224609375,0.03686497085972836,0.0697265625
initial_bursting,grad_vanrossum,0.1,21,0.8015873015873016,7,7,1.9375406503677368,1.93753981590271,training,25,0,1.0094232559204102,0.005338917607846467,0.011937856674194336,0.02525702582465278,0.03779449462890625,0.036593387001439145,0.07963801792689733
initial_bursting,nm_guarino,0.1,21,0.9999999999999999,7,7,0.26933303475379944,0.08296944200992584,training,50,0,0.575469970703125,0.0031127743021544495,0.07837012245586616,0.06736081203845225,0.04234398455835389,0.03511980650211596,0.04585067854102809
initial_bursting,grad_mse,0.1,22,-0.24313725490196084,8,7,60.029117584228516,60.029117584228516,init,25,1,0.8719208240509033,0.043182224417406045,0.026475481976559134,0.007373448344578846,0.013504598087990587,0.05263157894736842,0.039176524241280014
initial_bursting,grad_guarino,0.1,22,0.9999999999999999,7,7,0.46069061756134033,0.12718290090560913,training,25,1,1.2747368812561035,0.024052296514096468,0.034708380699157715,0.016957600911458332,0.055438690185546875,0.05253156862760845,0.0220733642578125
initial_bursting,grad_vanrossum,0.1,22,-0.24313725490196084,8,7,3.3878281116485596,3.3616695404052734,training,25,1,1.0150489807128906,0.04587992792544158,0.025284528732299805,0.006202189127604166,0.00697906494140625,0.05253158117595472,0.03902740478515625
initial_bursting,nm_guarino,0.1,22,0.9999999999999999,7,7,0.46061646938323975,0.09916434437036514,training,50,1,0.578110933303833,0.015021904283553735,0.02222287912119225,0.06643058666281262,0.02349402527168195,0.05232242307778414,0.014910797376496783
initial_bursting,grad_mse,0.1,23,0.19047619047619044,4,7,70.20587921142578,62.960044860839844,training,5,0,0.8527190685272217,0.07543036419412365,0.05154824256896973,0.04602101643880208,0.19058456420898437,0.057282221944708576,0.04982997349330357
initial_bursting,grad_guarino,0.1,23,0.0079365079365079,7,7,0.8983347415924072,0.5094054937362671,training,25,0,1.3266160488128662,0.04579971976902174,0.06578874588012695,0.016332838270399306,0.010871734619140625,0.0317644947453549,0.036297062465122765
initial_bursting,grad_vanrossum,0.1,23,0.06477732793522269,6,7,3.761214017868042,3.4289894104003906,training,11,0,0.9553751945495605,0.06023851477581522,0.06699204444885254,0.00856594509548611,0.00763702392578125,0.030865041833174855,0.10893380301339285
initial_bursting,nm_guarino,0.1,23,0.9999999999999999,7,7,0.7983759045600891,0.05974346771836281,training,50,0,0.6024889945983887,0.019404024836958047,0.03578142616037061,0.05043478096118987,0.012020080296708783,0.03728644229916492,0.01787748530206049
initial_bursting,grad_mse,0.1,24,-0.3888888888888889,7,7,58.951698303222656,58.951698303222656,init,25,0,0.9056861400604248,0.040717642853743255,0.011504440928114645,0.042085156248361635,0.012386262765422486,0.024433769403494492,0.07541970850089703
initial_bursting,grad_guarino,0.1,24,0.23376623376623373,14,7,0.41651126742362976,0.3736741840839386,training,25,0,1.3107550144195557,0.04694227135699728,0.05645310878753662,0.03564995659722222,0.25235992431640625,0.0035216243643509714,0.05660978044782366
initial_bursting,grad_vanrossum,0.1,24,0.40476190476190477,7,7,3.238560199737549,1.8717044591903687,training,25,0,1.016817331314087,0.03885206139605978,0.006776332855224609,0.038184271918402776,0.0090081787109375,0.022604365097848994,0.08805454799107143
initial_bursting,nm_guarino,0.1,24,0.9999999999999999,7,7,0.41648536920547485,0.19479720294475555,training,50,0,0.596411943435669,0.040172287116398246,0.006514143860813615,0.01968956315043392,0.006584149310308476,0.0263422732218709,0.03470597884758848
initial_bursting,grad_mse,0.1,25,-1.0,35,7,55.43124008178711,55.42878723144531,training,25,0,0.8778970241546631,0.8260869565217391,0.49981337785720825,0.1111111111111111,0.4,0.05203533172607422,0.04722377232142857
initial_bursting,grad_guarino,0.1,25,-0.24313725490196084,8,7,0.8892830014228821,0.8892830014228821,init,25,0,1.2868762016296387,0.061757069719636876,0.054635353037611134,0.013633019108160562,0.01677197973986523,0.05184683184432051,0.0067668346668400305
initial_bursting,grad_vanrossum,0.1,25,0.017316017316017236,14,7,3.7624571323394775,3.7624564170837402,training,25,0,1.012692928314209,0.21436004638671874,0.003864288330078125,0.03248019748263889,0.211463623046875,0.05185180588772422,0.00772857666015625
initial_bursting,nm_guarino,0.1,25,0.9999999999999999,7,7,0.7892149686813354,0.11022711545228958,training,50,0,0.5931069850921631,0.05453937463995322,0.05750262904394399,0.08143548788195669,0.01951288052510023,0.051820112745375915,0.000835979822459925
initial_bursting,grad_mse,0.1,26,-0.04705882352941181,8,7,48.48451232910156,48.48451232910156,init,25,0,0.903043270111084,0.005228274058471465,0.0030625801092012406,0.03742035788618365,0.040024662707288314,0.03766910539693281,0.0744450632538971
initial_bursting,grad_guarino,0.1,26,0.05357142857142861,21,7,0.7414498925209045,0.7414497137069702,training,25,0,1.3111870288848877,0.8260869565217391,0.5,0.1111111111111111,0.4,0.05263157894736842,0.627359880719866
initial_bursting,grad_vanrossum,0.1,26,-0.04705882352941181,8,7,3.3757641315460205,3.3757641315460205,init,25,0,1.0101971626281738,0.005228274058471465,0.0030625801092012406,0.03742035788618365,0.040024662707288314,0.03766910539693281,0.0744450632538971
initial_bursting,nm_guarino,0.1,26,0.9999999999999999,7,7,0.6413421630859375,0.03714679926633835,training,50,0,0.5865650177001953,0.01746821316553327,0.03707675806176369,0.026870925150116264,0.06181281135797917,0.036219145266256345,0.0020336637029515713
initial_bursting,grad_mse,0.1,27,-0.24313725490196084,8,7,63.7315673828125,63.7315673828125,init,25,1,0.8696439266204834,0.032732899724902856,0.007501642875558989,0.002988774404328688,0.008501713879751946,0.05263157894736842,0.03870100071918005
initial_bursting,grad_guarino,0.1,27,0.09375,9,7,0.8904675245285034,0.8884705305099487,training,25,1,1.284883975982666,0.0635398533033288,0.0206449031829834,0.014061482747395833,0.06358169555664063,0.052531606272647254,0.043241119384765624
initial_bursting,grad_vanrossum,0.1,27,-0.015873015873015886,11,7,4.001340866088867,3.990997314453125,training,25,1,1.0202131271362305,0.13319629171620245,0.046527981758117676,0.03301001654730903,0.1842236328125,0.052531650191859194,0.05225895472935268
initial_bursting,nm_guarino,0.1,27,0.9999999999999999,7,7,0.7904047966003418,0.10772241652011871,training,50,1,0.5818979740142822,0.03850484604391078,0.004733671608013967,0.09174757397595512,0.017200549542451996,0.05252102004470079,0.006627122663470735
initial_bursting,grad_mse,0.1,28,-0.4230769230769232,19,7,64.8014907836914,64.80113983154297,training,1,0,0.8518650531768799,0.43300220655358357,0.14691507816314697,0.10030280219184028,0.39872161865234373,0.0443484155755294,0.07128928048270089
initial_bursting,grad_guarino,0.1,28,-0.24313725490196084,8,7,0.9499648809432983,0.9359439015388489,training,15,0,1.2728991508483887,0.017074651303498643,0.014737606048583984,0.03288506401909722,0.16891082763671875,0.034677480396471526,0.06877659388950892
initial_bursting,grad_vanrossum,0.1,28,-0.24313725490196084,8,7,3.1284680366516113,2.9527316093444824,training,25,0,1.0356857776641846,0.02744545314622962,0.02239513397216797,0.025509304470486112,0.13199508666992188,0.042016807355378806,0.04324428013392857
initial_bursting,nm_guarino,0.1,28,0.9999999999999999,7,7,0.850002646446228,0.08058606833219528,training,50,0,0.6589829921722412,0.02246439237935622,0.07063518375937017,0.020248073199018928,0.08499605950583089,0.06799149757389351,0.006394907255593044
initial_bursting,grad_mse,0.1,29,0.0,0,7,52.13548278808594,52.12372970581055,training,25,1,1.0850880146026611,0.17391304347826086,0.49901890754699707,0.8888887193467881,0.6,0.05252830605757864,0.371428462437221
initial_bursting,grad_guarino,0.1,29,-0.43921568627450985,8,7,0.2547056972980499,0.24960865080356598,training,3,1,1.6822619438171387,0.028693555748980977,0.05582380294799805,0.007721116807725695,0.01193023681640625,0.05253158745012785,0.056498173304966516
initial_bursting,grad_vanrossum,0.1,29,0.9999999999999999,7,7,2.2540361881256104,1.6403268575668335,training,25,1,1.1628689765930176,0.0003096870754076087,0.05207371711730957,0.0018839518229166667,0.063134765625,0.05253156862760845,0.0002171107700892857
initial_bursting,nm_guarino,0.1,29,0.9999999999999999,7,7,0.25463399291038513,0.07060681283473969,training,50,1,0.8000829219818115,0.0031104053161409013,0.05512057265300596,0.0572908547644349,0.03989916123647333,0.0508365394786339,0.000966349986157817
initial_bursting,grad_mse,0.2,0,0.0079365079365079,7,7,47.07681655883789,47.07611846923828,training,25,0,1.0078761577606201,0.10667253577190897,0.13992619514465332,0.04946865505642361,0.032780914306640624,0.0053033075834575455,0.04295425415039063
initial_bursting,grad_guarino,0.2,0,0.14901960784313723,8,7,0.649342954158783,0.5627447366714478,training,25,0,1.3229141235351562,0.10514214557150135,0.13303065299987793,0.051163736979166666,0.02696044921875,0.002354270533511513,0.08560747419084822
initial_bursting,grad_vanrossum,0.2,0,0.9999999999999999,7,7,3.047675609588623,0.3090546429157257,training,25,0,1.0213661193847656,0.10519196883491848,0.13190686702728271,0.05188225640190972,0.002508697509765625,0.004091313010767887,0.042678397042410714
initial_bursting,nm_guarino,0.2,0,0.9999999999999999,7,7,0.549237847328186,0.06171314790844917,training,50,0,0.6179919242858887,0.11122432340268446,0.17106122845956429,0.06289210810364333,0.0046268861320510266,0.0066478827609402985,0.05129600005467207
initial_bursting,grad_mse,0.2,1,0.09375,9,7,56.727081298828125,56.727081298828125,init,25,0,0.8885869979858398,0.0016389925842775176,0.009082495646838273,0.0897756056549001,0.002365648111883729,0.025668914538735408,0.17660881388210367
initial_bursting,grad_guarino,0.2,1,0.09375,9,7,1.3793518543243408,1.3793518543243408,init,25,0,1.297996997833252,0.0016389925842775176,0.009082495646838273,0.0897756056549001,0.002365648111883729,0.025668914538735408,0.17660881388210367
initial_bursting,grad_vanrossum,0.2,1,0.09375,9,7,3.4908275604248047,3.4908275604248047,init,25,0,1.0044348239898682,0.0016389925842775176,0.009082495646838273,0.0897756056549001,0.002365648111883729,0.025668914538735408,0.17660881388210367
initial_bursting,nm_guarino,0.2,1,0.9999999999999999,7,7,1.2792153358459473,0.21472133696079254,training,50,0,0.5917298793792725,0.02929542044495317,0.0007795427008203681,0.08523104625439196,0.031219008695251772,0.027636040517855252,0.03868507006912003
initial_bursting,grad_mse,0.2,2,0.2352941176470588,10,7,56.451507568359375,56.451507568359375,init,25,0,1.2119643688201904,0.005281063190624457,0.10083032255722602,0.09363555293553816,0.14450317041065233,0.0065763412397954,0.010645427572727328
initial_bursting,grad_guarino,0.2,2,0.06477732793522269,6,7,3.060682535171509,0.22012092173099518,training,25,0,1.6615958213806152,0.04725945514181386,0.08909726142883301,0.09267493353949653,0.05812225341796875,0.031038096076563784,0.03231539045061384
initial_bursting,grad_vanrossum,0.2,2,-0.43921568627450985,8,7,3.962712287902832,3.2030720710754395,training,25,0,1.6186439990997314,0.026879551099694293,0.09645414352416992,0.0931489732530382,0.044757080078125,0.018750404056749846,0.03072357177734375
initial_bursting,nm_guarino,0.2,2,0.6031746031746031,7,7,2.160587787628174,0.27180495858192444,training,50,0,0.622805118560791,0.022377639790382847,0.06909901610106073,0.023979205868663676,0.004208528226326394,0.005778042652943426,0.02977542378061153
initial_bursting,grad_mse,0.2,3,0.05357142857142861,21,7,40.560333251953125,40.55583572387695,training,25,0,0.953855037689209,0.8260869565217391,0.5,0.1111111111111111,0.4,0.05263157894736842,0.6285714285714286
initial_bursting,grad_guarino,0.2,3,0.0,0,7,3.065725326538086,3.065725088119507,training,25,0,1.347442388534546,0.1738486911939538,0.4231905937194824,0.8847949557834202,0.5999308776855469,0.011899948120117188,0.30907320295061386
initial_bursting,grad_vanrossum,0.2,3,0.0,0,7,3.6960537433624268,3.6960508823394775,training,25,0,2.196307897567749,0.1739032911217731,0.4531114101409912,0.8880169338650173,0.5999922180175781,0.030377362903795745,0.3242112295968192
initial_bursting,nm_guarino,0.2,3,0.6031746031746031,7,7,2.1656076908111572,0.25917375087738037,training,50,0,0.794705867767334,0.04466363304941185,0.035302821494346937,0.08956484755960269,0.06278064519334038,0.03149874173243239,0.0530607638416423
initial_bursting,grad_mse,0.2,4,0.10628019323671496,2,7,88.03082275390625,88.0306396484375,training,25,0,1.2186050415039062,0.08948808752972147,0.06458699703216553,0.3681725396050347,0.4218096923828125,0.15942995171797902,0.10399584089006697
initial_bursting,grad_guarino,0.2,4,0.2636363636363637,3,7,3.032336950302124,2.8265914916992188,training,25,0,1.49493408203125,0.052397354789402176,0.0012319087982177734,0.2438076443142361,0.274217529296875,0.1129407380756579,0.03738926478794643
initial_bursting,grad_vanrossum,0.2,4,0.12499999999999997,5,7,4.197874546051025,3.9410204887390137,training,25,0,1.0917789936065674,0.0016475511633831522,0.047095298767089844,0.13988444010416667,0.1142230224609375,0.07861600424114026,0.028572518484933036
initial_bursting,nm_guarino,0.2,4,0.34509803921568627,8,7,2.6323671340942383,0.28307482600212097,training,50,0,0.6048178672790527,0.049495874012451,0.10219896238390058,0.024795313848229878,0.11036178436885337,0.0887456468292949,0.029801496594784486
initial_bursting,grad_mse,0.2,5,0.0,0,7,64.9052505493164,64.90519714355469,training,25,0,0.8638379573822021,0.14732659381368887,0.3030043840408325,0.48992173936631944,0.590213623046875,0.17714480349892064,0.05073263985770089
initial_bursting,grad_guarino,0.2,5,-0.3888888888888889,7,7,2.384816884994507,0.5745197534561157,training,25,0,1.3051950931549072,0.04209455407184103,0.05182194709777832,0.008733113606770834,0.07253662109375,0.015401601791381836,0.10025231497628348
initial_bursting,grad_vanrossum,0.2,5,0.12499999999999997,5,7,3.6185085773468018,3.5830910205841064,training,25,0,1.1079421043395996,0.05237214461616848,0.07507205009460449,0.025476243760850694,0.17115692138671876,0.023126100239000823,0.05179116385323661
initial_bursting,nm_guarino,0.2,5,0.9999999999999999,7,7,1.9848400354385376,0.1748158186674118,training,50,0,0.6321158409118652,0.011832232834434263,0.0656261279983521,0.06177811259950816,0.03752419991132228,0.021071001506138526,0.033967678739938174
initial_bursting,grad_mse,0.2,6,0.09375,9,7,55.80364227294922,55.80364227294922,init,25,0,0.9274160861968994,0.029600592689716806,0.11711639089424697,0.03692606223207804,0.15124790365659949,0.024523794745078206,0.023804977528687994
initial_bursting,grad_guarino,0.2,6,0.0079365079365079,7,7,1.9079049825668335,1.0191802978515625,training,25,0,1.4079220294952393,0.5723682901133662,0.20602893829345703,0.09434577094184028,0.578931884765625,0.5878819415443822,0.6285714285714286
initial_bursting,grad_vanrossum,0.2,6,0.09375,9,7,3.613215923309326,3.613215923309326,init,25,0,1.0760221481323242,0.029600592689716806,0.11711639089424697,0.03692606223207804,0.15124790365659949,0.024523794745078206,0.023804977528687994
initial_bursting,nm_guarino,0.2,6,0.9999999999999999,7,7,1.507818579673767,0.16920603811740875,training,50,0,0.6049370765686035,0.015601182278023722,0.09823499740915098,0.011615570676686579,0.043685508473769515,0.026686910622408425,0.05182077477321383
initial_bursting,grad_mse,0.2,7,0.05357142857142861,21,7,62.84572982788086,62.533714294433594,training,25,1,0.9216451644897461,0.8150928414386251,0.022962570190429688,0.11101142035590278,0.399918212890625,0.05074303401143927,0.32653656005859377
initial_bursting,grad_guarino,0.2,7,-0.24313725490196084,8,7,1.8102586269378662,0.8678843975067139,training,25,1,1.4019498825073242,0.03860520072605299,0.10841155052185059,0.1110110812717014,0.032528533935546874,0.060526948226125615,0.02305755615234375
initial_bursting,grad_vanrossum,0.2,7,-0.43921568627450985,8,7,3.596355438232422,3.596041679382324,training,25,1,1.057082176208496,0.025117691703464673,0.10963106155395508,0.1110110812717014,0.00682281494140625,0.06588491640592876,0.04219022478376116
initial_bursting,nm_guarino,0.2,7,0.9999999999999999,7,7,1.4101818799972534,0.2497408092021942,training,50,1,0.5882470607757568,0.02848337574866773,0.09700110571134313,0.07868649078369888,0.018061974829528822,0.06339085145476457,0.022209457191455735
initial_bursting,grad_mse,0.2,8,-0.04705882352941181,8,7,51.36896514892578,51.36896514892578,init,25,1,0.9266839027404785,0.00746952477757633,0.10304530996808836,0.09679025771052825,0.06337624195773202,0.05263157894736842,0.03164240912412615
initial_bursting,grad_guarino,0.2,8,0.2890625,9,7,0.9013214707374573,0.9004908800125122,training,25,1,1.3558881282806396,0.006096947711447011,0.09447860717773438,0.07371148003472222,0.092557373046875,0.05253159372430099,0.011731175013950892
initial_bursting,grad_vanrossum,0.2,8,-1.0,24,7,3.4484546184539795,3.394468307495117,training,25,1,1.0525062084197998,0.5688522007154382,0.17893660068511963,0.10658806694878473,0.39706878662109374,0.052531970174689045,0.023709215436662948
initial_bursting,nm_guarino,0.2,8,0.9999999999999999,7,7,0.8012112379074097,0.15300655364990234,training,50,1,0.624755859375,0.034411568625408936,0.1437657204631031,0.02382603621010478,0.039819867203232204,0.0523193461234126,0.03655245564977098
initial_bursting,grad_mse,0.2,9,0.26720647773279355,6,7,59.306129455566406,59.306129455566406,init,2,0,0.9123530387878418,0.0589129223281266,0.12929578587572443,0.07407743438144633,0.04504004997365001,0.03586549291815066,0.10492598042958962
initial_bursting,grad_guarino,0.2,9,0.06477732793522269,6,7,1.27968430519104,0.7090397477149963,training,25,0,1.3269197940826416,0.06046852443529212,0.12732529640197754,0.07076026068793403,0.039041900634765626,0.035898252537376,0.10555834089006697
initial_bursting,grad_vanrossum,0.2,9,-0.1352657004830918,2,7,3.365785837173462,2.183350086212158,training,25,0,1.0255439281463623,0.11531551195227581,0.14795231819152832,0.19458211263020833,0.40449325561523436,0.03169064145339163,0.043841770717075894
initial_bursting,nm_guarino,0.2,9,0.9999999999999999,7,7,1.179731011390686,0.14210371673107147,training,50,0,0.5760929584503174,0.05227814439383985,0.13974270516165932,0.04595581508826538,0.03589858556665433,0.034830432832497794,0.06240372583395636
initial_bursting,grad_mse,0.2,10,-1.0,1281,7,59.07266616821289,54.27381896972656,training,4,1,0.8465490341186523,0.17355492633322012,0.03673350811004639,0.11100989447699652,0.3999024963378906,0.04907207112563284,0.37142857142857144
initial_bursting,grad_guarino,0.2,10,0.6031746031746031,7,7,0.5605455040931702,0.37003347277641296,training,25,1,1.545753002166748,0.06674910835597826,0.0234830379486084,0.1110110812717014,0.03973846435546875,0.02087191531532689,0.06267634800502232
initial_bursting,grad_vanrossum,0.2,10,0.6031746031746031,7,7,2.837191343307495,1.8733747005462646,training,25,1,1.1788101196289062,0.06644685164741848,0.023667335510253906,0.1110110812717014,0.04244964599609375,0.02029618464018169,0.06040115356445312
initial_bursting,nm_guarino,0.2,10,0.8015873015873016,7,7,0.5606613755226135,0.35230815410614014,training,50,1,0.5906691551208496,0.07906943056214646,0.06661269173527651,0.10504447260867317,0.04714063213422179,0.023455966139487704,0.05103667119009227
initial_bursting,grad_mse,0.2,11,-1.0,2735,7,65.74401092529297,53.73123550415039,training,2,0,0.9172749519348145,0.8260869565217391,0.49991488456726074,0.1111111111111111,0.4,0.052631572673195286,0.181024169921875
initial_bursting,grad_guarino,0.2,11,0.34509803921568627,8,7,1.3425896167755127,0.374141663312912,training,25,0,1.4113929271697998,0.14941041365913724,0.11907196044921875,0.029536946614583334,0.08295150756835938,0.0657050609588623,0.03028935023716518
initial_bursting,grad_vanrossum,0.2,11,0.26720647773279355,6,7,3.045401096343994,3.045401096343994,init,5,0,0.9116511344909668,0.066236650430625,0.1409451824372412,0.07711105044680457,0.03570888995405795,0.08760268276350358,0.029183775241395843
initial_bursting,nm_guarino,0.2,11,0.9999999999999999,7,7,1.2426408529281616,0.12386005371809006,training,50,0,0.582287073135376,0.1208862686920559,0.19298061641090158,0.012097561529520818,0.04107540624912474,0.09201577715860065,0.0042172348760733565
initial_bursting,grad_mse,0.2,12,0.1825396825396825,11,7,45.865882873535156,45.865882873535156,init,25,1,0.8587398529052734,0.024893736397149764,0.10809744213378103,0.04412061595620192,0.10165325671395266,0.05263157894736842,0.04609164842985609
initial_bursting,grad_guarino,0.2,12,0.1825396825396825,11,7,4.597315788269043,4.597315788269043,init,25,1,1.281327724456787,0.024893736397149764,0.10809744213378103,0.04412061595620192,0.10165325671395266,0.05263157894736842,0.04609164842985609
initial_bursting,grad_vanrossum,0.2,12,0.0,0,7,4.498141288757324,4.496792316436768,training,25,1,1.0469520092010498,0.17391304347826086,0.4771254062652588,0.8888103908962673,0.6,0.05252782922042044,0.37142857142857144
initial_bursting,nm_guarino,0.2,12,0.9999999999999999,7,7,2.99718976020813,0.18295645713806152,training,50,1,0.5727159976959229,0.02584455596138691,0.10655771642906897,0.08156594918018685,0.05068829018512502,0.05146524120258526,0.0018091189469905495
initial_bursting,grad_mse,0.2,13,-0.1352657004830918,2,7,60.77204132080078,49.53617858886719,training,25,1,0.9193120002746582,0.17391304347826086,0.45333003997802734,0.1110076904296875,0.6,0.9473684210526315,0.5023232596261161
initial_bursting,grad_guarino,0.2,13,0.12499999999999997,5,7,0.9023863673210144,0.901191234588623,training,25,1,1.296640157699585,0.09416258438773777,0.026119470596313477,0.1110110812717014,0.28895614624023436,0.075264478984632,0.10659702845982143
initial_bursting,grad_vanrossum,0.2,13,0.14901960784313723,8,7,3.1564674377441406,3.1561405658721924,training,25,1,0.9972450733184814,0.06949774700662364,0.007200717926025391,0.1110110812717014,0.0287847900390625,0.034621979060925935,0.12364959716796875
initial_bursting,nm_guarino,0.2,13,0.9999999999999999,7,7,0.8023003935813904,0.1009950339794159,training,50,1,0.5857489109039307,0.08945478046902745,0.03390439746912888,0.08034979423868296,0.05022071469106635,0.037571042148347465,0.09145058878211501
initial_bursting,grad_mse,0.2,14,-0.15686274509803927,10,7,41.39207077026367,41.39207077026367,init,25,0,0.8718080520629883,0.031198696596423697,0.16147114646735727,0.05771291012757918,0.07938968201815243,0.00551687192287787,0.05735654022908575
initial_bursting,grad_guarino,0.2,14,-0.24313725490196084,8,7,2.208340883255005,1.009713888168335,training,25,0,1.4237947463989258,0.2843091881793478,0.13664591312408447,0.07863532172309028,0.16877960205078124,0.009881352123461272,0.5680474417550223
initial_bursting,grad_vanrossum,0.2,14,0.039215686274509755,10,7,3.329720973968506,2.973655939102173,training,25,0,1.22052001953125,0.16804962158203124,0.14822709560394287,0.06833902994791667,0.20360595703125,0.0136814368398566,0.1445279802594866
initial_bursting,nm_guarino,0.2,14,0.40476190476190477,7,7,1.8082343339920044,0.11004838347434998,training,50,0,0.6957378387451172,0.006676076490696628,0.13826268050898172,0.014221030141924492,0.019881049669685354,0.004620768160481818,0.03103059715634231
initial_bursting,grad_mse,0.2,15,-0.13765182186234817,6,7,81.15726470947266,81.15726470947266,init,25,0,0.9922049045562744,0.06684779380387736,0.030304068633697723,0.0233047061961751,0.18010510893784726,0.03996848517261271,0.005881877625484679
initial_bursting,grad_guarino,0.2,15,-0.19047619047619052,7,7,2.2315187454223633,0.31875696778297424,training,25,0,1.4666149616241455,0.16664355734120245,0.062456369400024414,0.007919141981336806,0.04345367431640625,0.022856285697535464,0.041164943150111606
initial_bursting,grad_vanrossum,0.2,15,0.0079365079365079,7,7,3.7077958583831787,2.7458064556121826,training,25,0,1.021610975265503,0.1236708931300951,0.05085265636444092,0.004337226019965278,0.09789352416992188,0.030063378183465255,0.017479814801897323
initial_bursting,nm_guarino,0.2,15,0.9999999999999999,7,7,1.8315459489822388,0.1611473560333252,training,50,0,0.5989418029785156,0.08519981537652123,0.0035903164731998505,0.06332685823464822,0.046962364278521705,0.042749269376291386,0.016679751989320833
initial_bursting,grad_mse,0.2,16,-0.025974025974025997,4,7,57.2211799621582,46.60039138793945,training,25,0,0.8715391159057617,0.02264802352241848,0.03468585014343262,0.08733622233072917,0.37914093017578127,0.0026259422302246094,0.22151314871651787
initial_bursting,grad_guarino,0.2,16,-0.13765182186234817,6,7,1.8437811136245728,0.9360374808311462,training,25,0,1.3004918098449707,0.028767063306725543,0.012785673141479492,0.08723585340711805,0.2424176025390625,0.006870225856178685,0.10060882568359375
initial_bursting,grad_vanrossum,0.2,16,-0.5925925925925929,20,7,3.8074092864990234,3.783195734024048,training,4,0,0.8993289470672607,0.053604325004245924,0.04044961929321289,0.08722618950737847,0.026459503173828124,0.01636276747051038,0.3075897216796875
initial_bursting,nm_guarino,0.2,16,0.40476190476190477,7,7,1.4436988830566406,0.18656618893146515,training,50,0,1.0826129913330078,0.11068466597442736,0.011446925930620466,0.026231242595636358,0.16363108010190444,0.01385160093295238,0.03947840727978433
initial_bursting,grad_mse,0.2,17,0.0,0,7,62.18655776977539,62.1865234375,training,25,0,0.9414949417114258,0.1739081341287364,0.49999940395355225,0.8888888888888888,0.6,0.7897335855584395,0.25839952741350447
initial_bursting,grad_guarino,0.2,17,0.0079365079365079,7,7,2.119746685028076,0.3043369948863983,training,25,0,1.5961980819702148,0.12267276929772418,0.022626519203186035,0.014174397786458333,0.0024603271484375,0.039071158358925266,0.07354649135044643
initial_bursting,grad_vanrossum,0.2,17,-0.24313725490196084,8,7,3.573274612426758,2.1658246517181396,training,25,0,2.4361579418182373,0.12154779848845108,0.03827369213104248,0.02067294650607639,0.059901275634765626,0.03933769150784141,0.030669294084821427
initial_bursting,nm_guarino,0.2,17,0.9999999999999999,7,7,1.7197651863098145,0.12825629115104675,training,50,0,0.6479201316833496,0.1290390536885856,0.02505208583381746,0.07159159018611061,0.004323982180009125,0.039768078194838935,0.03474152690680228
initial_bursting,grad_mse,0.2,18,-1.0,3779,7,58.340728759765625,51.39546585083008,training,13,0,0.8920469284057617,0.8260869565217391,0.5,0.1111111111111111,0.4,0.05263157894736842,0.22611934116908483
initial_bursting,grad_guarino,0.2,18,0.14901960784313723,8,7,0.6320330500602722,0.6320330500602722,init,12,0,1.289722204208374,0.04724561550083555,0.13951589216060833,0.042217155803054615,0.01304200342634772,0.04285468349868809,0.120475149534382
initial_bursting,grad_vanrossum,0.2,18,0.8015873015873016,7,7,3.284203052520752,2.1500301361083984,training,25,0,1.0062339305877686,0.05476386028787364,0.14413857460021973,0.03857659233940972,0.044064788818359374,0.04688736012107447,0.13994380405970983
initial_bursting,nm_guarino,0.2,18,0.9999999999999999,7,7,0.5319247841835022,0.07227674126625061,training,50,0,0.5814080238342285,0.05283917263095398,0.12130868267364536,0.1111111111111111,0.01612205426985753,0.047450952791772374,0.04382010748311131
initial_bursting,grad_mse,0.2,19,0.26720647773279355,6,7,51.27341842651367,51.27341842651367,init,25,1,0.881105899810791,0.05497196594409981,0.013227574102478323,0.09191354217746298,0.14739400171563177,0.05263157894736842,0.011191577694393523
initial_bursting,grad_guarino,0.2,19,0.26720647773279355,6,7,1.18283212184906,1.0826314687728882,training,25,1,1.2749998569488525,0.04746651027513587,0.0110548734664917,0.09966820610894098,0.15092086791992188,0.05253158117595472,0.010289110456194196
initial_bursting,grad_vanrossum,0.2,19,-0.13765182186234817,6,7,2.939997434616089,2.934300184249878,training,25,1,1.007721185684204,0.06522654657778533,0.01273655891418457,0.08191901312934027,0.15335906982421876,0.05253158117595472,0.059226880754743305
initial_bursting,nm_guarino,0.2,19,0.9999999999999999,7,7,1.0828839540481567,0.1283714324235916,training,50,1,0.5805130004882812,0.09695871686745858,0.029525052965583942,0.049201380384383556,0.08335330054037002,0.050812215724496436,0.00683055354613243
initial_bursting,grad_mse,0.2,20,-1.0,25,7,78.7129135131836,78.71269226074219,training,25,0,0.8758699893951416,0.8250334698220958,0.34895235300064087,0.10356292724609376,0.39993194580078123,0.05103735547316702,0.006332724434988839
initial_bursting,grad_guarino,0.2,20,0.0079365079365079,7,7,0.3500995337963104,0.14052000641822815,training,25,0,1.2894771099090576,0.07084874692170516,0.09482932090759277,0.04909566243489583,0.13593658447265625,0.06163194305018375,0.05883331298828125
initial_bursting,grad_vanrossum,0.2,20,0.0079365079365079,7,7,3.0414836406707764,3.0414836406707764,init,25,0,1.006288766860962,0.08043887602730669,0.0961220694495295,0.0499158205193595,0.12579039220182126,0.05971651160389803,0.04908422681122744
initial_bursting,nm_guarino,0.2,20,0.9999999999999999,7,7,0.35016223788261414,0.14996948838233948,training,50,0,0.5808093547821045,0.09552639486281578,0.07925277557868582,0.05349534556451311,0.08632152366885776,0.0621719085326923,0.04057315780735219
initial_bursting,grad_mse,0.2,21,-1.0,3762,7,78.7924575805664,46.899131774902344,training,11,0,0.8724973201751709,0.688089719025985,0.23390686511993408,0.09631449381510417,0.3996717834472656,0.048188711467542146,0.2515744890485491
initial_bursting,grad_guarino,0.2,21,0.34509803921568627,8,7,0.5961136221885681,0.5961136221885681,init,2,0,1.2578110694885254,0.010186683335847197,0.023700756608892704,0.05036680523105651,0.07716555023892738,0.07340602666817334,0.15954536550684578
initial_bursting,grad_vanrossum,0.2,21,-0.3888888888888889,7,7,3.4580795764923096,2.619013547897339,training,25,0,1.0203280448913574,0.00229339599609375,0.01991403102874756,0.04934641520182292,0.1179241943359375,0.0813487078014173,0.1428830827985491
initial_bursting,nm_guarino,0.2,21,0.9999999999999999,7,7,0.4960021376609802,0.12399689853191376,training,50,0,0.5806310176849365,0.05193007530982925,0.015295140700234189,0.056907412052165936,0.047337090874675594,0.07295955216861913,0.048247091205425564
initial_bursting,grad_mse,0.2,22,0.9999999999999999,7,7,47.414039611816406,47.414039611816406,init,25,1,0.9064409732818604,0.08636444883481209,0.05295096395311849,0.014746896689158007,0.027009196175981173,0.05263157894736842,0.07835304848256003
initial_bursting,grad_guarino,0.2,22,0.26720647773279355,6,7,0.2503621280193329,0.24769894778728485,training,25,1,1.3168799877166748,0.03833299719769022,0.06914710998535156,0.03532579210069445,0.11646682739257813,0.05253155607926218,0.0677126203264509
initial_bursting,grad_vanrossum,0.2,22,0.10628019323671496,2,7,1.6247174739837646,1.6030470132827759,training,25,1,1.0192508697509766,0.11025908096976902,0.14969682693481445,0.18652445475260418,0.47247406005859377,0.052531424321626365,0.013900538853236607
initial_bursting,nm_guarino,0.2,22,0.9999999999999999,7,7,0.25038620829582214,0.08857157826423645,training,50,1,0.5978469848632812,0.05157005271576375,0.0417606050938133,0.05948712493872045,0.04411382755743404,0.05111350335508886,0.00593357455617211
initial_bursting,grad_mse,0.2,23,0.06477732793522269,6,7,76.50546264648438,76.50546264648438,init,25,0,0.8786659240722656,0.07577157978497441,0.12435496422681247,0.03914167292360718,0.06343897333252727,0.0683750758942472,0.0925353211954743
initial_bursting,grad_guarino,0.2,23,0.06477732793522269,6,7,1.325520634651184,0.9799469709396362,training,25,0,1.2845733165740967,0.3613760575004246,0.17709028720855713,0.026260715060763887,0.05894989013671875,0.09765737935116417,0.5808868408203125
initial_bursting,grad_vanrossum,0.2,23,0.0,0,7,3.3215019702911377,1.5197173357009888,training,25,0,1.0123248100280762,0.17391304347826086,0.21249103546142578,0.8876083374023438,0.5999993896484375,0.9425635086862665,0.3714242117745536
initial_bursting,nm_guarino,0.2,23,0.9999999999999999,7,7,1.2255667448043823,0.12223348021507263,training,50,0,0.5847070217132568,0.0720875352391567,0.164990389729462,0.03742129415015383,0.03341121518679358,0.07705897247434328,0.056553713481360186
initial_bursting,grad_mse,0.2,24,-0.3888888888888889,7,7,75.4378890991211,75.4378890991211,init,1,0,0.8424959182739258,0.08143528570748663,0.02300888185622929,0.08417031249672327,0.024772525530844688,0.048867538806988985,0.15083941700179426
initial_bursting,grad_guarino,0.2,24,0.0079365079365079,7,7,0.807709276676178,0.8077092170715332,training,25,0,1.2932548522949219,0.0807944919752038,0.02017068862915039,0.08153889973958334,0.01015594482421875,0.04732892387791684,0.1575793675013951
initial_bursting,grad_vanrossum,0.2,24,0.26720647773279355,6,7,4.282035827636719,2.758552312850952,training,25,0,1.0170927047729492,0.07587704865828804,0.018097639083862305,0.05984666612413195,0.05020782470703125,0.049718103910747324,0.07220905848911831
initial_bursting,nm_guarino,0.2,24,0.8015873015873016,7,7,0.8075994849205017,0.5433821082115173,training,50,0,0.5764579772949219,0.07412817356284385,0.09162984825403608,0.0009097224841898171,0.00737985315281037,0.05151028600841584,0.10845703489667967
initial_bursting,grad_mse,0.2,25,0.0,0,7,55.132747650146484,54.02378845214844,training,25,1,0.8756678104400635,0.17391304347826086,0.5,0.8888888888888888,0.6,0.0524761112112748,0.37142857142857144
initial_bursting,grad_guarino,0.2,25,-1.0,22,7,0.9139305949211121,0.9071987271308899,training,25,1,1.3055529594421387,0.8260857208915379,0.45251697301864624,0.11110059950086805,0.4,0.052532785817196496,0.19945002964564731
initial_bursting,grad_vanrossum,0.2,25,-0.09195402298850583,22,7,3.820204496383667,3.819572925567627,training,25,1,1.0107672214508057,0.8260869565217391,0.4999803900718689,0.1111111111111111,0.4,0.05253547743747109,0.5346692766462053
initial_bursting,nm_guarino,0.2,25,0.6031746031746031,7,7,0.8138625025749207,0.12526774406433105,training,50,1,0.576740026473999,0.10675431363845662,0.12135951101143605,0.0736272190626639,0.04827699157802954,0.05213540725597569,0.010148458739201211
initial_bursting,grad_mse,0.2,26,-0.04705882352941181,8,7,44.57167053222656,44.57167053222656,init,1,1,0.8494579792022705,0.01045654811694293,0.006125160218402259,0.0748407157723673,0.08004932541457663,0.05263157894736842,0.1488901265077942
initial_bursting,grad_guarino,0.2,26,-0.08333333333333337,5,7,0.988457202911377,0.9179510474205017,training,25,1,1.3186988830566406,0.04658063805621603,0.049434542655944824,0.16859300401475694,0.272645263671875,0.05253152470839651,0.15012686593191965
initial_bursting,grad_vanrossum,0.2,26,-0.04705882352941181,8,7,2.9176149368286133,2.9176149368286133,init,25,1,1.0304551124572754,0.01045654811694293,0.006125160218402259,0.0748407157723673,0.08004932541457663,0.05263157894736842,0.1488901265077942
initial_bursting,nm_guarino,0.2,26,0.0079365079365079,7,7,0.8883423805236816,0.12558101117610931,training,50,1,0.5793941020965576,0.0030724871767278195,0.01096895670027398,0.019789072427649837,0.037631724904114205,0.05263157894736842,0.024474346811526815
initial_bursting,grad_mse,0.2,27,-0.3888888888888889,7,7,65.4627685546875,65.4627685546875,init,2,1,0.8548388481140137,0.06546579944980559,0.015003285751117978,0.005977548808657376,0.017003427759503892,0.05263157894736842,0.0774020014383601
initial_bursting,grad_guarino,0.2,27,-0.3888888888888889,7,7,0.4546302258968353,0.3220895528793335,training,25,1,1.3050389289855957,0.06698648203974185,0.014823675155639648,0.006569417317708334,0.0176470947265625,0.05253158117595472,0.08777215140206474
initial_bursting,grad_vanrossum,0.2,27,0.27428571428571424,18,7,3.430043935775757,3.053875207901001,training,25,1,1.0068261623382568,0.6250658947488535,0.1766122579574585,0.08481072319878472,0.3828012084960937,0.052531850965399494,0.18723689488002232
initial_bursting,nm_guarino,0.2,27,0.6031746031746031,7,7,0.4545575976371765,0.078129842877388,training,50,1,0.5854122638702393,0.03540213556582627,0.049572479105620015,0.09165404357776766,0.0258047418532459,0.05073373819093452,0.027546676981921793
initial_bursting,grad_mse,0.2,28,-0.08333333333333337,5,7,84.07466888427734,84.07466888427734,init,25,0,0.8975911140441895,0.1017459573555694,0.07762529842190302,0.016618891617997632,0.0366819437101222,0.12763337319749155,0.07556482448848609
initial_bursting,grad_guarino,0.2,28,-0.19090909090909092,3,7,2.139950752258301,0.909043550491333,training,25,0,1.3118178844451904,0.12195879065472147,0.0957256555557251,0.027364264594184028,0.2683551025390625,0.26437641444959137,0.0779172624860491
initial_bursting,grad_vanrossum,0.2,28,0.09375,9,7,3.790046215057373,3.225398063659668,training,25,0,1.0278050899505615,0.0736935159434443,0.05171656608581543,0.05140855577256945,0.27900177001953125,0.03908511211997584,0.08005305698939733
initial_bursting,nm_guarino,0.2,28,0.9999999999999999,7,7,1.7399749755859375,0.17261458933353424,training,50,0,0.5810670852661133,0.10257870013227299,0.1504716796796215,0.0430066944975863,0.14843403938694708,0.12984573050587792,0.0042599816229980545
initial_bursting,grad_mse,0.2,29,0.6031746031746031,7,7,48.405181884765625,48.405181884765625,init,25,1,0.887382984161377,0.03895395151407461,0.10391085415905388,0.007907443059215149,0.06949702757756882,0.05263157894736842,0.09568487979742599
initial_bursting,grad_guarino,0.2,29,0.6031746031746031,7,7,0.40042659640312195,0.40042659640312195,init,25,1,1.2822470664978027,0.03895395151407461,0.10391085415905388,0.007907443059215149,0.06949702757756882,0.05263157894736842,0.09568487979742599
initial_bursting,grad_vanrossum,0.2,29,0.6031746031746031,7,7,2.40283465385437,2.40283465385437,init,25,1,1.0212018489837646,0.03895395151407461,0.10391085415905388,0.007907443059215149,0.06949702757756882,0.05263157894736842,0.09568487979742599
initial_bursting,nm_guarino,0.2,29,0.9999999999999999,7,7,0.40054091811180115,0.08701162040233612,training,50,1,0.581650972366333,0.011801524184213872,0.06563203787055794,0.00785152373445107,0.07994278023297569,0.05153238008759992,0.0006812002859045865
initial_bursting,grad_mse,0.4,0,-0.07291666666666669,1,7,50.61668014526367,50.16271209716797,training,25,1,0.8740067481994629,0.17381472380264945,0.4919745922088623,0.2385686238606771,0.5995138549804687,0.28616139763279963,0.37142857142857144
initial_bursting,grad_guarino,0.4,0,0.2833333333333333,13,7,1.5728795528411865,1.5723044872283936,training,25,1,1.320753812789917,0.17381299889605978,0.28684091567993164,0.09777865939670138,0.049779052734375,0.011050901914897718,0.3278090340750558
initial_bursting,grad_vanrossum,0.4,0,0.09375,9,7,3.3842241764068604,3.3842241764068604,init,25,1,1.0928072929382324,0.17391304347826086,0.2730089247550307,0.09884640662780333,0.0058095310583982495,0.008341865549108096,0.17353065360451458
initial_bursting,nm_guarino,0.4,0,0.9999999999999999,7,7,1.172791600227356,0.14794568717479706,training,50,1,0.5989739894866943,0.17075418761353364,0.2758266031828387,0.0998919132786783,0.0360145305504409,0.014441648480477442,0.09719106406883457
initial_bursting,grad_mse,0.4,1,0.0,0,7,101.5871353149414,101.58649444580078,training,25,0,0.8823308944702148,0.17391304347826086,0.5,0.8888888888888888,0.4,0.05263157894736842,0.37142857142857144
initial_bursting,grad_guarino,0.4,1,0.2833333333333333,13,7,8.049531936645508,8.049531936645508,init,25,0,1.780491828918457,0.003277985168555035,0.018164991293676547,0.1795512113098002,0.004731296223767458,0.051337829077470816,0.35321762776420734
initial_bursting,grad_vanrossum,0.4,1,0.0,0,7,9.09377384185791,9.093772888183594,training,25,0,1.0188400745391846,0.17391304347826086,0.5,0.8888888888888888,0.4,0.05263157894736842,0.37142857142857144
initial_bursting,nm_guarino,0.4,1,0.0079365079365079,7,7,4.449317932128906,0.7418616414070129,training,50,0,0.591541051864624,0.01718455628594486,0.048706229681833246,0.026778258102029263,0.05829121647480434,0.056946238050617826,0.13551301449623857
initial_bursting,grad_mse,0.4,2,-0.09195402298850583,22,7,58.11103820800781,57.985557556152344,training,25,1,0.9778800010681152,0.8260869565217391,0.49991488456726074,0.11102142333984374,0.4,0.05263157894736842,0.10451365879603795
initial_bursting,grad_guarino,0.4,2,0.12955465587044535,12,7,6.057343482971191,6.057343482971191,init,11,1,2.3708598613739014,0.010562126381248914,0.2016606451144518,0.1111111111111111,0.28900634082130466,0.013152682479590777,0.021290855145454455
initial_bursting,grad_vanrossum,0.4,2,-0.3666666666666672,23,7,5.722153186798096,5.720912456512451,training,6,1,0.9392790794372559,0.8251686510832413,0.08237504959106445,0.11101175944010416,0.39998443603515627,0.05262331586135061,0.025438036237444197
initial_bursting,nm_guarino,0.4,2,0.9999999999999999,7,7,3.5572056770324707,0.36517611145973206,training,50,1,0.5849399566650391,0.04138516506763346,0.2305104385349861,0.03446925434808337,0.063443857096878,0.01680310559313021,0.08704791369018372
initial_bursting,grad_mse,0.4,3,-0.8405797101449276,16,7,160.80502319335938,160.80502319335938,init,25,1,0.8964128494262695,0.16110513698730752,0.04387895679238896,0.11918304581269107,0.0026361978365048344,0.05263157894736842,0.33694785778837705
initial_bursting,grad_guarino,0.4,3,0.0,0,7,43.450523376464844,21.68442153930664,training,25,1,1.3429179191589355,0.15609455937924593,0.28893160820007324,0.7500698513454861,0.49136566162109374,0.052531455692492034,0.34153638567243305
initial_bursting,grad_vanrossum,0.4,3,0.0,0,7,63.784053802490234,10.776719093322754,training,25,1,1.0131771564483643,0.17391304347826086,0.49976181983947754,0.8888888888888888,0.6,0.05253050201817563,0.3615267072405134
initial_bursting,nm_guarino,0.4,3,-0.3888888888888889,7,7,38.54863739013672,0.5676160454750061,training,50,1,0.5832669734954834,0.15194971988559006,0.05463688493444607,0.10935349643240183,0.21855294016063198,0.05106013849474165,0.17473374134581304
initial_bursting,grad_mse,0.4,4,-0.19090909090909092,3,7,144.12916564941406,144.12916564941406,init,25,0,0.8796141147613525,0.007696113173147855,0.09862957163111719,0.25755999006870306,0.21993279228345727,0.15507129547060647,0.1070433984754203
initial_bursting,grad_guarino,0.4,4,0.06477732793522269,6,7,6.450660705566406,0.5669640898704529,training,25,0,1.287651777267456,0.23213673467221468,0.1839454174041748,0.04185282389322917,0.0083544921875,0.08743837005213688,0.2745664324079241
initial_bursting,grad_vanrossum,0.4,4,0.2636363636363637,3,7,5.608895778656006,4.796715259552002,training,25,0,1.018200159072876,0.006430916164232337,0.0806589126586914,0.2945709228515625,0.25243453979492186,0.16522184171174703,0.10680814470563615
initial_bursting,nm_guarino,0.4,4,0.14901960784313723,8,7,4.850668907165527,0.47271084785461426,training,50,0,0.5806019306182861,0.040530064140898256,0.07053447225228737,0.02722162481742158,0.15531682253266013,0.16545779900429156,0.02322760490928723
initial_bursting,grad_mse,0.4,5,-0.015873015873015886,11,7,110.02786254882812,110.02767181396484,training,25,0,0.8698277473449707,0.11867476753566576,0.38050854206085205,0.11025627983940972,0.39046066284179687,0.03822868748715049,0.2614953177315848
initial_bursting,grad_guarino,0.4,5,0.10628019323671496,2,7,4.861595630645752,1.196482539176941,training,25,0,1.3161909580230713,0.14115321947180706,0.18154478073120117,0.08852725558810765,0.5772923278808594,0.14784190529271177,0.10487518310546876
initial_bursting,grad_vanrossum,0.4,5,0.036363636363636376,3,7,4.923986434936523,3.508650302886963,training,25,0,1.0262186527252197,0.17390508237092392,0.1268388032913208,0.18362240261501736,0.6,0.942390943828382,0.3688592093331473
initial_bursting,nm_guarino,0.4,5,0.6031746031746031,7,7,3.961608648300171,0.24412360787391663,training,50,0,0.5838022232055664,0.058356417891692394,0.013466887293382968,0.1111111111111111,0.050288763930070104,0.03933344086417601,0.05551669545603894
initial_bursting,grad_mse,0.4,6,-0.07291666666666669,1,7,62.217689514160156,62.21656036376953,training,25,0,0.883732795715332,0.17391304347826086,0.4014740586280823,0.6084337022569445,0.599998779296875,0.9473684210526315,0.012619890485491071
initial_bursting,grad_guarino,0.4,6,0.23376623376623373,14,7,4.455264568328857,4.455264091491699,training,25,0,1.2953848838806152,0.19058393395465353,0.22814631462097168,0.07755330403645834,0.3330145263671875,0.00549450673555073,0.048528289794921874
initial_bursting,grad_vanrossum,0.4,6,0.23376623376623373,14,7,4.789544582366943,4.789543628692627,training,25,0,1.0205790996551514,0.1607108738111413,0.22941362857818604,0.07681749131944444,0.32752883911132813,0.01276329944008275,0.048338644845145086
initial_bursting,nm_guarino,0.4,6,0.9999999999999999,7,7,2.855146646499634,0.31490176916122437,training,50,0,0.5831999778747559,0.025881690835552716,0.2610680687604996,0.01908274170735606,0.11227272144350507,0.0536142719243229,0.10718059897503675
initial_bursting,grad_mse,0.4,7,-1.0,3791,7,72.60758209228516,72.22850036621094,training,25,1,0.9440610408782959,0.8258754398511804,0.13127565383911133,0.11101158989800347,0.4,0.052523399654187654,0.37142726353236605
initial_bursting,grad_guarino,0.4,7,0.039215686274509755,10,7,2.8797428607940674,2.8797428607940674,init,25,1,1.3029978275299072,0.09522218655471479,0.21538190170329896,0.1111111111111111,0.10975429586178166,0.11202774220703529,0.06857966741068944
initial_bursting,grad_vanrossum,0.4,7,0.18181818181818177,15,7,4.039782524108887,4.039390563964844,training,3,1,0.9210989475250244,0.15386452052904212,0.21305584907531738,0.1110110812717014,0.20611602783203126,0.08362002121774774,0.1416855948311942
initial_bursting,nm_guarino,0.4,7,0.9999999999999999,7,7,1.9796491861343384,0.20990830659866333,training,50,1,0.6042630672454834,0.08016551651066972,0.2438754386808628,0.08302469135802476,0.030895990529005532,0.11625284304234747,0.03769093872145431
initial_bursting,grad_mse,0.4,8,0.017316017316017236,14,7,62.50756072998047,62.032161712646484,training,25,1,0.8988707065582275,0.1927400671917459,0.07201957702636719,0.081988525390625,0.3322816467285156,0.05253170038524427,0.10212293352399554
initial_bursting,grad_guarino,0.4,8,0.14901960784313723,8,7,1.2845804691314697,1.2845804691314697,init,25,1,1.3016409873962402,0.01493904955515266,0.2060906199361765,0.1935805154210562,0.12675248391546376,0.05263157894736842,0.06328481824825209
initial_bursting,grad_vanrossum,0.4,8,0.0,0,7,3.795363664627075,3.7773587703704834,training,25,1,1.0315370559692383,0.17268331776494567,0.45334410667419434,0.8887973361545138,0.5993112182617187,0.05253090356525622,0.05501316615513393
initial_bursting,nm_guarino,0.4,8,0.9999999999999999,7,7,1.184462308883667,0.21201734244823456,training,50,1,0.5846681594848633,0.014683568140419143,0.19546655625373388,0.05646015888989635,0.1439480536521887,0.052117812389009456,0.16424128957909503
initial_bursting,grad_mse,0.4,9,0.12499999999999997,5,7,79.86425018310547,79.86425018310547,init,25,1,0.8905551433563232,0.1178258446562532,0.25859157175144887,0.14815486876289266,0.09008009994730032,0.05263157894736842,0.20985196085917923
initial_bursting,grad_guarino,0.4,9,0.12499999999999997,5,7,3.0254709720611572,3.0254709720611572,init,25,1,1.3020780086517334,0.1178258446562532,0.25859157175144887,0.14815486876289266,0.09008009994730032,0.05263157894736842,0.20985196085917923
initial_bursting,grad_vanrossum,0.4,9,0.12499999999999997,5,7,4.411869049072266,4.411869049072266,init,25,1,1.0209250450134277,0.1178258446562532,0.25859157175144887,0.14815486876289266,0.09008009994730032,0.05263157894736842,0.20985196085917923
initial_bursting,nm_guarino,0.4,9,0.2063492063492063,7,7,2.625495195388794,0.37279585003852844,training,50,1,0.5881390571594238,0.1697750694110775,0.20864958902210962,0.11454088146615378,0.12462852304719149,0.05077643663766609,0.17572528567573126
initial_bursting,grad_mse,0.4,10,-1.0,3791,7,79.92726135253906,58.729373931884766,training,25,1,0.8950169086456299,0.8260868570078974,0.49572283029556274,0.111016845703125,0.4,0.05263157894736842,0.26105728149414065
initial_bursting,grad_guarino,0.4,10,0.26720647773279355,6,7,1.0663319826126099,1.0663319826126099,init,25,1,1.3608779907226562,0.13192620879495937,0.04863206939396347,0.1111111111111111,0.08090237174868718,0.04058579047191487,0.19009931561226462
initial_bursting,grad_vanrossum,0.4,10,-0.025974025974025997,4,7,3.532240152359009,3.5321342945098877,training,25,1,1.0278117656707764,0.13720112676205842,0.058757781982421875,0.1110110812717014,0.20329803466796875,0.09976218876085784,0.19824305943080356
initial_bursting,nm_guarino,0.4,10,0.9999999999999999,7,7,0.9664386510848999,0.2906946837902069,training,50,1,0.7411448955535889,0.137690698741309,0.10528768295391533,0.06867137815961415,0.10096148811797406,0.04415315720706556,0.01142755193256489
initial_bursting,grad_mse,0.4,11,0.3333333333333333,5,7,93.75798034667969,93.75798034667969,init,25,0,1.0471138954162598,0.13247330086124987,0.2818903648744824,0.15422210089360913,0.0714177799081159,0.17520536552700716,0.058367550482791485
initial_bursting,grad_guarino,0.4,11,0.12499999999999997,5,7,2.6816601753234863,1.3191730976104736,training,25,0,1.6694560050964355,0.10690108589504076,0.2793302536010742,0.14957817925347222,0.080997314453125,0.18188494130184776,0.05537915910993304
initial_bursting,grad_vanrossum,0.4,11,0.3333333333333333,5,7,3.7405612468719482,3.7405612468719482,init,25,0,1.2310130596160889,0.13247330086124987,0.2818903648744824,0.15422210089360913,0.0714177799081159,0.17520536552700716,0.058367550482791485
initial_bursting,nm_guarino,0.4,11,0.9999999999999999,7,7,2.281698226928711,0.30440554022789,training,50,0,0.5915560722351074,0.18941845355550413,0.3168614396895131,0.06561123445098771,0.06451558597593249,0.16814961574800588,0.036717566907290285
initial_bursting,grad_mse,0.4,12,0.3229166666666665,17,7,47.74009323120117,47.74009323120117,init,0,1,0.8443098068237305,0.049787472794299646,0.21619488426756206,0.08824123191240384,0.20330651342790532,0.05263157894736842,0.09218329685971197
initial_bursting,grad_guarino,0.4,12,0.3229166666666665,17,7,17.61863899230957,17.61863899230957,init,0,1,1.230855941772461,0.049787472794299646,0.21619488426756206,0.08824123191240384,0.20330651342790532,0.05263157894736842,0.09218329685971197
initial_bursting,grad_vanrossum,0.4,12,0.3229166666666665,17,7,12.899626731872559,12.899626731872559,init,0,1,0.8866910934448242,0.049787472794299646,0.21619488426756206,0.08824123191240384,0.20330651342790532,0.05263157894736842,0.09218329685971197
initial_bursting,nm_guarino,0.4,12,0.9999999999999999,7,7,7.618375301361084,0.2964605987071991,training,50,1,0.6100780963897705,0.026454156931442225,0.2154442950564246,0.0009617806195043007,0.10165377331978079,0.05015950791110488,0.029994779034986763
initial_bursting,grad_mse,0.4,13,0.06477732793522269,6,7,94.0123519897461,93.58414459228516,training,25,1,0.9593420028686523,0.14025295091711956,0.02007114887237549,0.1110110812717014,0.23217620849609374,0.10798368955913343,0.21348582676478794
initial_bursting,grad_guarino,0.4,13,0.14901960784313723,8,7,1.6143391132354736,0.47515669465065,training,5,1,1.4114201068878174,0.13686901590098505,0.00024771690368652344,0.1110110812717014,0.0512213134765625,0.06979198204843622,0.19106685093470982
initial_bursting,grad_vanrossum,0.4,13,0.6363636363636362,15,7,4.030942440032959,4.028701305389404,training,25,1,1.2704291343688965,0.13799007249915082,0.009946823120117188,0.1110110812717014,0.07287307739257813,0.04557638419301886,0.27104851858956475
initial_bursting,nm_guarino,0.4,13,0.9999999999999999,7,7,1.2142151594161987,0.2620014548301697,training,50,1,0.7954370975494385,0.11649880434716064,0.02855890312133802,0.1111111111111111,0.05699990617330655,0.07145392880622832,0.1341928880633158
initial_bursting,grad_mse,0.4,14,-0.8392857142857142,21,7,42.746028900146484,41.96034240722656,training,25,1,1.101090908050537,0.8159002511397652,0.27161312103271484,0.11101158989800347,0.3994720458984375,0.04242242637433504,0.6215927124023437
initial_bursting,grad_guarino,0.4,14,0.017316017316017236,14,7,9.86449146270752,9.86449146270752,init,25,1,1.5395679473876953,0.06239739319284739,0.32294229293471455,0.1111111111111111,0.15877936403630513,0.01103374384575574,0.11471308045817129
initial_bursting,grad_vanrossum,0.4,14,-1.0,2032,7,7.546638011932373,6.835123062133789,training,3,1,0.949725866317749,0.17710511580757474,0.31424570083618164,0.1110110812717014,0.39949188232421873,0.04648222421344958,0.371428462437221
initial_bursting,nm_guarino,0.4,14,0.40476190476190477,7,7,4.964313507080078,0.1677033007144928,training,50,1,0.7052969932556152,0.029209316165777034,0.3317328051646995,0.020513189610887946,0.05180115615623294,0.008245112352409703,0.06081462999819353
initial_bursting,grad_mse,0.4,15,0.0,0,7,135.80624389648438,135.80621337890625,training,25,0,1.1298680305480957,0.17391304347826086,0.4999358654022217,0.8888883802625868,0.6,0.9472286826685855,0.053567722865513395
initial_bursting,grad_guarino,0.4,15,-0.2916666666666667,5,7,4.037822246551514,4.037822246551514,init,25,0,1.4901587963104248,0.1336955876077547,0.06060813726739522,0.046609412392350516,0.3602102178756945,0.07993697034522541,0.01176375525096956
initial_bursting,grad_vanrossum,0.4,15,-0.07291666666666669,1,7,4.486703395843506,4.1792120933532715,training,25,0,1.1334409713745117,0.11985088845957881,0.15695953369140625,0.3265072292751736,0.5391456604003906,0.2213928824976871,0.009036145891462054
initial_bursting,nm_guarino,0.4,15,0.6031746031746031,7,7,3.1378304958343506,0.21365974843502045,training,50,0,0.669644832611084,0.18352568309822398,0.10234692560796743,0.06892412574008518,0.06550308458280768,0.07716461450673782,0.05776805908732691
initial_bursting,grad_mse,0.4,16,0.2352941176470588,10,7,65.00093841552734,65.00093841552734,init,25,1,1.4450199604034424,0.2502470742567641,0.06704465399406279,0.1111111111111111,0.17255018127490615,0.0258936028053511,0.1762916157907317
initial_bursting,grad_guarino,0.4,16,-1.0,21,7,3.3696203231811523,3.366605520248413,training,4,1,1.4509739875793457,0.6638818657916525,0.12133491039276123,0.11101125081380209,0.18237564086914063,0.03215769717567846,0.16025543212890625
initial_bursting,grad_vanrossum,0.4,16,0.2352941176470588,10,7,4.25209903717041,4.25209903717041,init,25,1,1.0778450965881348,0.2502470742567641,0.06704465399406279,0.1111111111111111,0.17255018127490615,0.0258936028053511,0.1762916157907317
initial_bursting,nm_guarino,0.4,16,-0.19047619047619052,7,7,2.4695117473602295,0.2846856117248535,training,50,1,0.6276040077209473,0.23768197184682227,0.027712529022997145,0.002774584430766759,0.3674960262250494,0.02678168199802199,0.13962274144867795
initial_bursting,grad_mse,0.4,17,-0.025974025974025997,4,7,75.44725799560547,75.44725799560547,init,25,2,2.175387144088745,0.17391304347826086,0.015516301773754515,0.01306114544430841,0.24194623216887948,0.05263157894736842,0.1789632108366626
initial_bursting,grad_guarino,0.4,17,0.0079365079365079,7,7,3.9481120109558105,0.8639691472053528,training,25,2,1.6959779262542725,0.17381293255349864,0.14754509925842285,0.06795857747395834,0.2714781188964844,0.05253178194949502,0.34386465890066964
initial_bursting,grad_vanrossum,0.4,17,0.1825396825396825,11,7,4.190296173095703,4.18773889541626,training,25,2,1.1306440830230713,0.17381293255349864,0.3004896640777588,0.09581976996527777,0.3843864440917969,0.05253193252965024,0.18057163783482144
initial_bursting,nm_guarino,0.4,17,0.9999999999999999,7,7,3.048102617263794,0.12427916377782822,training,50,2,0.6318271160125732,0.09608072708194942,0.005881867457192991,0.04869233323687278,0.0665011429609612,0.05025625585609896,0.017407974374801582
initial_bursting,grad_mse,0.4,18,0.0,0,7,87.0970687866211,87.09701538085938,training,25,0,0.9706642627716064,0.17391304347826086,0.49999868869781494,0.8888888888888888,0.6,0.9473684210526315,0.37142857142857144
initial_bursting,grad_guarino,0.4,18,-1.0,31,7,1.6353120803833008,1.6353119611740112,training,1,0,1.3918421268463135,0.060919388480808426,0.26014482975006104,0.08922119140625,0.27177932739257815,0.026893176530536852,0.2236661638532366
initial_bursting,grad_vanrossum,0.4,18,-1.0,104,7,3.935945510864258,3.9359452724456787,training,1,0,0.9669649600982666,0.0181884765625,0.2412099838256836,0.09298451741536458,0.36936172485351565,0.006865815112465306,0.2055385044642857
initial_bursting,nm_guarino,0.4,18,0.2063492063492063,7,7,1.2351874113082886,0.35862940549850464,training,50,0,0.6302158832550049,0.11377534775924489,0.3240063717569788,0.0864942685403283,0.049558091501530725,0.08328461511176191,0.16158700195264827
initial_bursting,grad_mse,0.4,19,0.0,0,7,76.15060424804688,74.32193756103516,training,25,1,1.0551517009735107,0.17391304347826086,0.49999964237213135,0.8888888888888888,0.6,0.05252989969755474,0.239495849609375
initial_bursting,grad_guarino,0.4,19,-0.24242424242424243,4,7,3.1672556400299072,0.9679378271102905,training,25,1,1.432939052581787,0.04243754511294157,0.08400440216064453,0.15503709581163194,0.399835205078125,0.052531537256742776,0.013082013811383929
initial_bursting,grad_vanrossum,0.4,19,0.2352941176470588,10,7,4.207455635070801,3.2017734050750732,training,25,1,1.0944507122039795,0.1120358010996943,0.2760215997695923,0.015612962510850694,0.07331314086914062,0.052531650191859194,0.13412606375558037
initial_bursting,nm_guarino,0.4,19,0.0079365079365079,7,7,2.767284870147705,0.0912543460726738,training,50,1,0.6339361667633057,0.16242595357480896,0.06694526422578395,0.014115405745428057,0.12952839106333414,0.04863973157456675,0.024906722784660523
initial_bursting,grad_mse,0.4,20,0.0,0,7,146.1448211669922,104.5177993774414,training,25,0,1.0660390853881836,0.17391304347826086,0.49413013458251953,0.6794731987847222,0.6,0.9473684210526315,0.36391350882393975
initial_bursting,grad_guarino,0.4,20,0.0079365079365079,7,7,0.4072623550891876,0.4072623550891876,init,25,0,1.674922227859497,0.16087775205461338,0.19224413889905922,0.099831641038719,0.25158078440364223,0.11943302320779606,0.09816845362245488
initial_bursting,grad_vanrossum,0.4,20,0.9999999999999999,7,7,3.7586722373962402,1.6341452598571777,training,25,0,1.6416518688201904,0.054982658054517665,0.24006998538970947,0.10033230251736111,0.202799072265625,0.02857939820540579,0.10374734061104911
initial_bursting,nm_guarino,0.4,20,0.9999999999999999,7,7,0.4073224663734436,0.268635094165802,training,50,0,0.9792382717132568,0.16817795676320005,0.16681908724067296,0.10395099427911829,0.20939033131721574,0.12217335690080205,0.10890631010965827
initial_bursting,grad_mse,0.4,21,0.0,0,7,168.8117218017578,168.81048583984375,training,25,0,2.1136271953582764,0.17391304347826086,0.5,0.8888888888888888,0.6,0.9473684210526315,0.37142857142857144
initial_bursting,grad_guarino,0.4,21,-0.19090909090909092,3,7,1.4556523561477661,1.4556522369384766,training,25,0,3.348464012145996,0.17355101212211277,0.17014598846435547,0.09563056098090278,0.5999276733398438,0.9181719328227796,0.3308840070452009
initial_bursting,grad_vanrossum,0.4,21,0.036363636363636376,3,7,4.227461338043213,4.227460861206055,training,25,0,2.2668020725250244,0.1739129107931386,0.36674344539642334,0.08523491753472222,0.6,0.9473150152909128,0.34241180419921874
initial_bursting,nm_guarino,0.4,21,0.9999999999999999,7,7,1.0555315017700195,0.43649861216545105,training,50,0,1.2308459281921387,0.0322945777906986,0.0294419607471057,0.10820199355261574,0.1541201942757553,0.14553332089113666,0.20005951711634518
initial_bursting,grad_mse,0.4,22,0.0,0,7,62.12273025512695,61.45557403564453,training,25,1,2.4564049243927,0.17391304347826086,0.5,0.8888888888888888,0.6,0.05025117020857962,0.37142857142857144
initial_bursting,grad_guarino,0.4,22,0.40476190476190477,7,7,0.6019114851951599,0.6019114851951599,init,25,1,1.9283709526062012,0.17272889766962418,0.10590192790623698,0.0294937933783157,0.05401839235196206,0.05263157894736842,0.15670609696511986
initial_bursting,grad_vanrossum,0.4,22,0.0,0,7,3.148601770401001,3.148163080215454,training,25,1,1.6740937232971191,0.17391304347826086,0.5,0.8888888888888888,0.6,0.05252511877762644,0.05706765311104911
initial_bursting,nm_guarino,0.4,22,0.9999999999999999,7,7,0.6020247340202332,0.2036086618900299,training,50,1,0.8646697998046875,0.1743813203668907,0.08413782013231419,0.1065000819781498,0.03146743330110098,0.05124724012780645,0.058880508491670216
initial_bursting,grad_mse,0.4,23,0.0,0,7,121.13056182861328,101.90184020996094,training,25,0,1.2616899013519287,0.17352699611497963,0.4195519685745239,0.498638916015625,0.5963528442382813,0.33007692035875824,0.08077675955636161
initial_bursting,grad_guarino,0.4,23,-0.13765182186234817,6,7,2.2048139572143555,0.5376696586608887,training,25,0,1.5704100131988525,0.20436155899711278,0.26288729906082153,0.04720526801215278,0.04359283447265625,0.1082274035403603,0.18097904750279017
initial_bursting,grad_vanrossum,0.4,23,-0.7435897435897437,19,7,4.123546123504639,3.2651114463806152,training,25,0,1.2302436828613281,0.745150209509808,0.2995964288711548,0.043663872612847224,0.2888681030273437,0.008447948255037007,0.1863335745675223
initial_bursting,nm_guarino,0.4,23,0.6031746031746031,7,7,1.8048323392868042,0.2360498160123825,training,50,0,0.7938790321350098,0.17693353230050599,0.23358420745606923,0.028799919449424276,0.1021683122882942,0.13861807055794498,0.1626114271035728
initial_bursting,grad_mse,0.4,24,-0.19047619047619052,7,7,114.68912506103516,114.68912506103516,init,25,0,1.0015590190887451,0.16287057141497313,0.04601776371245858,0.16834062499344624,0.049545051061689376,0.09773507761397797,0.3016788340035885
initial_bursting,grad_guarino,0.4,24,-0.19047619047619052,7,7,1.999530553817749,1.999530553817749,init,1,0,1.3614311218261719,0.16287057141497313,0.04601776371245858,0.16834062499344624,0.049545051061689376,0.09773507761397797,0.3016788340035885
initial_bursting,grad_vanrossum,0.4,24,-0.19047619047619052,7,7,4.73616886138916,4.73616886138916,init,25,0,1.2659120559692383,0.16287057141497313,0.04601776371245858,0.16834062499344624,0.049545051061689376,0.09773507761397797,0.3016788340035885
initial_bursting,nm_guarino,0.4,24,0.8015873015873016,7,7,1.9994075298309326,0.7710859775543213,training,50,0,0.7403059005737305,0.11823156252236033,0.01844260224720884,0.1111111111111111,0.051231940936094136,0.0969054131895248,0.1583988459421371
initial_bursting,grad_mse,0.4,25,-0.09195402298850583,22,7,53.620460510253906,53.07345962524414,training,25,1,1.0076279640197754,0.8258225814155911,0.14242219924926758,0.11034969753689236,0.3993963623046875,0.05253202664224725,0.2636343819754464
initial_bursting,grad_guarino,0.4,25,-0.24313725490196084,8,7,0.9674624800682068,0.9674624800682068,init,25,1,1.45973801612854,0.2470282788785475,0.21854141215044431,0.05453207643264225,0.06708791895946035,0.05263157894736842,0.027067338667359716
initial_bursting,grad_vanrossum,0.4,25,-0.24313725490196084,8,7,4.076961040496826,3.5266330242156982,training,25,1,1.2813498973846436,0.23521781589673912,0.21648263931274414,0.05260959201388889,0.06329559326171875,0.05253158117595472,0.03400399344308036
initial_bursting,nm_guarino,0.4,25,0.8015873015873016,7,7,0.8673964738845825,0.18402647972106934,training,50,1,0.5919308662414551,0.2470282788785475,0.21854141215044431,0.13503645803205208,0.06708791895946035,0.05263157894736842,0.027067338667359716
initial_bursting,grad_mse,0.4,26,-0.1015625,9,7,66.7463150024414,66.7463150024414,init,25,1,0.8791201114654541,0.020913096233885736,0.012250320436804518,0.14968143154473493,0.16009865082915326,0.05263157894736842,0.2977802530155884
initial_bursting,grad_guarino,0.4,26,-0.04705882352941181,8,7,2.3753769397735596,2.374889612197876,training,25,1,1.343743085861206,0.028052819293478262,0.029376745223999023,0.25440029568142364,0.12808013916015626,0.05253159372430099,0.3141821725027902
initial_bursting,grad_vanrossum,0.4,26,-0.1015625,9,7,4.370670795440674,4.370670795440674,init,2,1,1.0537710189819336,0.020913096233885736,0.012250320436804518,0.14968143154473493,0.16009865082915326,0.05263157894736842,0.2977802530155884
initial_bursting,nm_guarino,0.4,26,0.9999999999999999,7,7,1.9752461910247803,0.20891329646110535,training,50,1,0.6816859245300293,0.11298863376016396,0.008335635174079759,0.01728168774081698,0.144105347589028,0.05263157894736842,0.024267884699280883
initial_bursting,grad_mse,0.4,27,0.0,0,7,69.66233825683594,69.48162078857422,training,25,1,0.8955340385437012,0.17391304347826086,0.4974820613861084,0.8888746473524306,0.6,0.05252866368544729,0.25344696044921877
initial_bursting,grad_guarino,0.4,27,0.2063492063492063,7,7,0.4400688409805298,0.4400688409805298,init,25,1,1.2736608982086182,0.13093159889961117,0.030006571502235957,0.011955097617315068,0.03400685551900807,0.05263157894736842,0.1548040028767202
initial_bursting,grad_vanrossum,0.4,27,0.06477732793522269,6,7,2.6761856079101562,2.670661211013794,training,5,1,0.9097180366516113,0.04719941512398098,0.008813858032226562,0.00594482421875,0.163775634765625,0.052531543530915915,0.14745526994977678
initial_bursting,nm_guarino,0.4,27,0.9999999999999999,7,7,0.4401738941669464,0.046706411987543106,training,50,1,0.5927901268005371,0.07515882865968977,0.04649101379421605,0.09325209871533388,0.06899857439467269,0.05183171241526904,0.002899865607393589
initial_bursting,grad_mse,0.4,28,0.0,0,7,134.86614990234375,118.7946548461914,training,25,1,0.8722062110900879,0.17381372866423234,0.45083653926849365,0.6996059841579861,0.5999998474121093,0.9471517864026522,0.17496283394949777
initial_bursting,grad_guarino,0.4,28,-0.24242424242424243,4,7,2.970736265182495,2.5181586742401123,training,25,1,1.3496289253234863,0.17381299889605978,0.155012845993042,0.02602878146701389,0.0006182861328125,0.29864614888241414,0.15329807826450892
initial_bursting,grad_vanrossum,0.4,28,0.2636363636363637,3,7,4.431270122528076,4.14375114440918,training,25,1,1.0449838638305664,0.17381299889605978,0.16361665725708008,0.003369479709201389,0.254544677734375,0.3999015908492239,0.1458726065499442
initial_bursting,nm_guarino,0.4,28,0.9999999999999999,7,7,2.5707595348358154,0.188626229763031,training,50,1,0.634282112121582,0.1235779700851073,0.1784002746542257,0.05690841169881145,0.2988040723671634,0.2478462364584499,0.0820004892972796
initial_bursting,grad_mse,0.4,29,0.0,0,7,77.10296630859375,75.39834594726562,training,25,1,0.878699779510498,0.16027699346127716,0.4689762592315674,0.43227369520399306,0.5938069152832032,0.0525307718076204,0.22555956159319196
initial_bursting,grad_guarino,0.4,29,0.26720647773279355,6,7,0.8152318596839905,0.8152318596839905,init,25,1,1.3209867477416992,0.07790790302814922,0.20782170831810776,0.015814886118430613,0.13899405515513763,0.05263157894736842,0.19136975959485197
initial_bursting,grad_vanrossum,0.4,29,0.26720647773279355,6,7,3.4685328006744385,3.466245174407959,training,4,1,0.9025592803955078,0.07921056332795516,0.20802545547485352,0.016095987955729165,0.1371185302734375,0.05253158117595472,0.19339970179966517
initial_bursting,nm_guarino,0.4,29,0.9999999999999999,7,7,0.7153242826461792,0.05524062365293503,training,50,1,0.7477576732635498,0.02940039517382492,0.2019359258094502,0.00772973473199209,0.15728267274949673,0.04996101053989879,0.0338371157476189
initial_bursting,grad_mse,0.8,0,0.036363636363636376,3,7,79.97637176513672,79.87116241455078,training,25,3,2.1564230918884277,0.17384345013162364,0.4999067783355713,0.11089850531684028,0.6,0.05263157894736842,0.37142857142857144
initial_bursting,grad_guarino,0.8,0,0.036363636363636376,3,7,14.203234672546387,6.725992202758789,training,25,3,2.8158719539642334,0.17381359597911006,0.4998999834060669,0.11101006401909722,0.5999995422363281,0.03637843382985968,0.3706692286900112
initial_bursting,grad_vanrossum,0.8,0,0.2636363636363637,3,7,12.973371505737305,5.499480247497559,training,25,3,1.1772682666778564,0.1738139940344769,0.49990010261535645,0.11100904676649305,0.5999998474121093,0.023896926327755575,0.37093473161969864
initial_bursting,nm_guarino,0.8,0,-0.3888888888888889,7,7,6.102976322174072,0.5233497023582458,training,50,3,0.6020078659057617,0.1643867007418536,0.46495969485234134,0.06995508753351329,0.11006134369490667,0.014633739059000912,0.21231344424217521
initial_bursting,grad_mse,0.8,1,0.2352941176470588,10,7,152.8759765625,152.8759765625,init,1,1,0.9494447708129883,0.006555970337109947,0.036329982587353093,0.35910242261960074,0.009462592447534633,0.10267565815494163,0.37142857142857144
initial_bursting,grad_guarino,0.8,1,-1.0,32,7,4.836318492889404,4.835859775543213,training,1,1,2.210392951965332,0.8260530720586362,0.49999576807022095,0.1111111111111111,0.3278569030761719,0.9361257051166735,0.3713273184640067
initial_bursting,grad_vanrossum,0.8,1,0.2352941176470588,10,7,7.476836204528809,7.476836204528809,init,1,1,1.0112311840057373,0.006555970337109947,0.036329982587353093,0.35910242261960074,0.009462592447534633,0.10267565815494163,0.37142857142857144
initial_bursting,nm_guarino,0.8,1,-0.43921568627450985,8,7,3.9361393451690674,0.1968502253293991,training,50,1,0.7875072956085205,0.16602221300758838,0.12075396345420653,0.086505324631362,0.05254181144269807,0.11686494311473336,0.10566316543332732
initial_bursting,grad_mse,0.8,2,0.23376623376623373,14,7,67.1685562133789,67.1685562133789,init,25,2,1.0349321365356445,0.02112425276249783,0.40332129022890373,0.1111111111111111,0.4,0.026305364959181555,0.04258171029090891
initial_bursting,grad_guarino,0.8,2,-0.39285714285714274,21,7,9.597051620483398,9.575876235961914,training,25,2,2.9972918033599854,0.8260869565217391,0.5,0.1110292222764757,0.3999263000488281,0.05263157894736842,0.6285714285714286
initial_bursting,grad_vanrossum,0.8,2,-0.39285714285714274,21,7,7.8507914543151855,7.842773914337158,training,25,2,1.0604119300842285,0.8260869565217391,0.4999579191207886,0.11102277967664931,0.39991714477539064,0.05263157894736842,0.6285714285714286
initial_bursting,nm_guarino,0.8,2,-0.43921568627450985,8,7,4.696889877319336,1.0737059116363525,training,50,2,0.6043350696563721,0.0029191285674690323,0.47784486182817987,0.06477569407823011,0.3999999999999963,0.03011709865440538,0.4088397147210616
initial_bursting,grad_mse,0.8,3,-1.0,40,7,6611.9599609375,6611.9599609375,init,0,2,0.8819379806518555,0.3222102739746151,0.08775791358477791,0.23836609162538214,0.005272395673009669,0.05263157894736842,0.37142857142857144
initial_bursting,grad_guarino,0.8,3,-1.0,33,7,214.3080291748047,40.682655334472656,training,2,2,1.2856380939483643,0.8260869565217391,0.5,0.1111111111111111,0.4,0.9473684210526315,0.37142857142857144
initial_bursting,grad_vanrossum,0.8,3,0.0,0,7,581.16796875,11.1394624710083,training,25,2,1.050422191619873,0.17391304347826086,0.5,0.8888888888888888,0.6,0.05263157894736842,0.37142857142857144
initial_bursting,nm_guarino,0.8,3,0.8015873015873016,7,7,105.40316772460938,0.33403339982032776,training,50,2,0.5850811004638672,0.3300775035684121,0.04489255618538457,0.11594593805342394,0.2842562014616902,0.04855471206251688,0.1287237491044538
initial_bursting,grad_mse,0.8,4,0.0,0,7,308.1166687011719,192.64947509765625,training,25,0,0.9112982749938965,0.17391304347826086,0.30704545974731445,0.8888888888888888,0.6,0.9473485444721422,0.32479302542550226
initial_bursting,grad_guarino,0.8,4,-0.1352657004830918,2,7,11.714592933654785,11.36032485961914,training,25,0,1.281419038772583,0.02626495361328125,0.21201097965240479,0.4944454616970486,0.43228851318359374,0.2997080652337325,0.21321541922433035
initial_bursting,grad_vanrossum,0.8,4,0.10628019323671496,2,7,7.349734783172607,7.170107364654541,training,25,0,1.0009541511535645,0.02454011336616848,0.20938122272491455,0.49789038764105903,0.4334283447265625,0.3011099664788497,0.21356092180524552
initial_bursting,nm_guarino,0.8,4,0.0079365079365079,7,7,9.213922500610352,0.9763478636741638,training,50,0,0.5847527980804443,0.267311461377705,0.17977152295323062,0.05438837295746958,0.2043044511034799,0.3558837114495141,0.4662545362816137
initial_bursting,grad_mse,0.8,5,0.0,0,7,195.0744171142578,136.4615936279297,training,25,2,0.9081132411956787,0.1739040872325068,0.49929022789001465,0.8888888888888888,0.5999871826171875,0.9441827472887541,0.32859834943498883
initial_bursting,grad_guarino,0.8,5,0.10628019323671496,2,7,11.873080253601074,11.87105655670166,training,25,2,1.3638818264007568,0.17381299889605978,0.30430150032043457,0.11596866183810764,0.59989990234375,0.09361515547099866,0.2070493425641741
initial_bursting,grad_vanrossum,0.8,5,0.10628019323671496,2,7,6.705406188964844,6.250484466552734,training,25,2,1.3967201709747314,0.17381299889605978,0.2914043664932251,0.08729994032118056,0.59989990234375,0.09006969552291066,0.2069193158830915
initial_bursting,nm_guarino,0.8,5,-0.3888888888888889,7,7,9.372390747070312,0.7997283339500427,training,50,2,0.9679319858551025,0.009983318200663343,0.2563812556746643,0.1111111111111111,0.20456372333341705,0.07657231114740348,0.23933783134220538
initial_bursting,grad_mse,0.8,6,-0.39285714285714274,21,7,82.72468566894531,82.66793823242188,training,25,2,1.452605962753296,0.8260869565217391,0.5,0.11103837754991319,0.399945068359375,0.05263157894736842,0.6285714285714286
initial_bursting,grad_guarino,0.8,6,-0.07287449392712547,12,7,5.881060600280762,5.881060600280762,init,25,2,2.6704819202423096,0.11840237075886723,0.4684655635769883,0.1111111111111111,0.4,0.09809517898031282,0.09521991011475198
initial_bursting,grad_vanrossum,0.8,6,0.05357142857142861,21,7,5.627958297729492,5.6221771240234375,training,25,2,2.58343505859375,0.8260867492012356,0.4536760449409485,0.11101158989800347,0.3999009704589844,0.052631572673195286,0.6199122837611607
initial_bursting,nm_guarino,0.8,6,0.40476190476190477,7,7,3.3809425830841064,0.8714041113853455,training,50,2,0.8256947994232178,0.04038667117776106,0.4861321576636166,0.0010365768490329527,0.39999999999999486,0.10548858484943767,0.3620473758510331
initial_bursting,grad_mse,0.8,7,-0.39285714285714274,21,7,98.97686767578125,98.62663269042969,training,25,1,0.9800448417663574,0.8260869565217391,0.5,0.1111111111111111,0.4,0.05263157894736842,0.6285714285714286
initial_bursting,grad_guarino,0.8,7,-0.39285714285714274,21,7,7.394248962402344,7.39415979385376,training,25,1,1.516568899154663,0.8260869565217391,0.5,0.11108025444878472,0.4,0.05263157894736842,0.6285714285714286
initial_bursting,grad_vanrossum,0.8,7,-0.39285714285714274,21,7,6.585299015045166,6.584882736206055,training,25,1,1.1954450607299805,0.8260869565217391,0.5,0.111083984375,0.4,0.05263157894736842,0.6285714285714286
initial_bursting,nm_guarino,0.8,7,-0.19047619047619052,7,7,3.7941014766693115,0.21194806694984436,training,50,1,1.0503909587860107,0.1778507999802042,0.41645874063974064,0.01854528686731985,0.0006157490588634574,0.2336330428102853,0.06812870033700003
initial_bursting,grad_mse,0.8,8,0.0,0,7,148.53211975097656,148.01382446289062,training,25,1,0.9347259998321533,0.17391304347826086,0.5,0.8888888888888888,0.5999984741210938,0.05253423515119051,0.37142857142857144
initial_bursting,grad_guarino,0.8,8,0.0,0,7,13.381977081298828,13.34915828704834,training,25,1,1.3079559803009033,0.07315687096637229,0.4269828796386719,0.7621539645724826,0.22694900512695312,0.052531618820993525,0.2586214338030134
initial_bursting,grad_vanrossum,0.8,8,0.0,0,7,14.605999946594238,11.08728313446045,training,25,1,1.017693281173706,0.11580969769021739,0.4394185543060303,0.8812759399414063,0.1791375732421875,0.0525316690143786,0.34200057983398435
initial_bursting,nm_guarino,0.8,8,-0.24313725490196084,8,7,13.38129711151123,0.5156298279762268,training,50,1,0.5818681716918945,0.026620489241391307,0.4268552415882809,0.10075956809958231,0.2699528585911781,0.04928769124355791,0.13363143191190627
initial_bursting,grad_mse,0.8,9,0.0,0,7,105.66464233398438,72.10404205322266,training,25,2,0.9025568962097168,0.651079741768215,0.49990010261535645,0.4929111056857639,0.363211669921875,0.05253159372430099,0.418802969796317
initial_bursting,grad_guarino,0.8,9,0.10628019323671496,2,7,10.695938110351562,10.350192070007324,training,25,2,1.2925379276275635,0.244646752398947,0.4998999834060669,0.28883124457465276,0.1695501708984375,0.05253158117595472,0.4152304513113839
initial_bursting,grad_vanrossum,0.8,9,-0.1352657004830918,2,7,6.089748859405518,5.9058027267456055,training,25,2,1.2482340335845947,0.23748633343240488,0.4998999834060669,0.2965883043077257,0.1791401672363281,0.05253158117595472,0.41851021902901786
initial_bursting,nm_guarino,0.8,9,-0.43921568627450985,8,7,8.195327758789062,0.5551109313964844,training,50,2,0.6742498874664307,0.24809564307702883,0.3217141461565203,0.07622691039835337,0.04874052680935051,0.04844317538979583,0.34774217700621973
initial_bursting,grad_mse,0.8,10,-0.08333333333333337,5,7,138.69737243652344,138.69737243652344,init,25,2,0.9110701084136963,0.17391304347826086,0.09726413878792717,0.1111111111111111,0.16180474349737436,0.08117158094382974,0.38019863122452924
initial_bursting,grad_guarino,0.8,10,0.0079365079365079,7,7,2.0536227226257324,1.3048250675201416,training,25,2,1.323580026626587,0.17381293255349864,0.09933042526245117,0.11101125081380209,0.3876959228515625,0.03369981991617303,0.4630157470703125
initial_bursting,grad_vanrossum,0.8,10,-0.24242424242424243,4,7,4.669027328491211,4.357433319091797,training,25,2,1.038856029510498,0.17381299889605978,0.08603930473327637,0.1110110812717014,0.08636871337890625,0.22385025024414062,0.3565743582589286
initial_bursting,nm_guarino,0.8,10,0.2063492063492063,7,7,1.65370774269104,0.6086357831954956,training,50,2,0.5917749404907227,0.12608184372509976,0.11751785721301444,0.07759544347756496,0.2812216043498518,0.07973185101558147,0.19108425938508405
initial_bursting,grad_mse,0.8,11,-0.025974025974025997,4,7,164.68820190429688,164.68820190429688,init,1,1,0.8668851852416992,0.26494660172249973,0.5,0.30844420178721826,0.14283555981623208,0.3504107310540143,0.11673510096558318
initial_bursting,grad_guarino,0.8,11,-0.39285714285714274,21,7,6.750882148742676,5.964776992797852,training,25,1,1.3854010105133057,0.8260869565217391,0.4999023675918579,0.1111111111111111,0.4,0.05263157894736842,0.6285714285714286
initial_bursting,grad_vanrossum,0.8,11,-0.025974025974025997,4,7,5.233381748199463,5.233381748199463,init,1,1,0.9789707660675049,0.26494660172249973,0.5,0.30844420178721826,0.14283555981623208,0.3504107310540143,0.11673510096558318
initial_bursting,nm_guarino,0.8,11,0.9999999999999999,7,7,5.15090274810791,0.4295586049556732,training,50,1,0.5957851409912109,0.29149271773600693,0.43445662026829357,0.02698498491219823,0.05704145793763587,0.38510827596037894,0.025508248222144758
initial_bursting,grad_mse,0.8,12,-1.0,883,7,515.3519287109375,515.3519287109375,init,0,3,0.8575987815856934,0.09957494558859929,0.4323897685351241,0.1111111111111111,0.4,0.05263157894736842,0.18436659371942393
initial_bursting,grad_guarino,0.8,12,-1.0,883,7,70205.6171875,70205.6171875,init,0,3,1.331831932067871,0.09957494558859929,0.4323897685351241,0.1111111111111111,0.4,0.05263157894736842,0.18436659371942393
initial_bursting,grad_vanrossum,0.8,12,-1.0,883,7,58230.21484375,58230.21484375,init,0,3,0.94399094581604,0.09957494558859929,0.4323897685351241,0.1111111111111111,0.4,0.05263157894736842,0.18436659371942393
initial_bursting,nm_guarino,0.8,12,-0.19047619047619052,7,7,316.0118713378906,1.3857221603393555,training,50,3,0.6113278865814209,0.1166501663055977,0.4841814223651342,0.08785328562536215,0.3999999999999739,0.05066316701176056,0.6285714285714286
initial_bursting,grad_mse,0.8,13,0.09375,9,7,171.12010192871094,171.12010192871094,init,1,3,0.9156899452209473,0.17391304347826086,0.028528555817439738,0.1111111111111111,0.11325232908745733,0.13837052724800106,0.37142857142857144
initial_bursting,grad_guarino,0.8,13,-1.0,933,7,1.9323480129241943,1.931958556175232,training,1,3,1.283262014389038,0.17381193741508152,0.3960532546043396,0.11101226806640625,0.4,0.05263156012484902,0.3713284083775112
initial_bursting,grad_vanrossum,0.8,13,0.09375,9,7,4.795917987823486,4.795917987823486,init,25,3,1.0234217643737793,0.17391304347826086,0.028528555817439738,0.1111111111111111,0.11325232908745733,0.13837052724800106,0.37142857142857144
initial_bursting,nm_guarino,0.8,13,-0.3888888888888889,7,7,1.532213807106018,0.7902671098709106,training,50,3,0.5761897563934326,0.16995036776941502,0.06010831267536698,0.1111111111111111,0.13604128724692544,0.14501546517033392,0.276993994709343
initial_bursting,grad_mse,0.8,14,-1.0,80,7,12468.5537109375,12468.5537109375,init,0,2,0.8518669605255127,0.12479478638569479,0.5,0.1111111111111111,0.31755872807261,0.02206748769151149,0.22942616091634258
initial_bursting,grad_guarino,0.8,14,-0.1352657004830918,2,7,626.369384765625,10.531953811645508,training,25,2,1.2780742645263672,0.17391304347826086,0.40472185611724854,0.1107574462890625,0.6,0.9473684210526315,0.6285714285714286
initial_bursting,grad_vanrossum,0.8,14,0.0,0,7,1765.085693359375,10.160795211791992,training,25,2,1.0083370208740234,0.8260869565217391,0.5,0.8888888888888888,0.4,0.05263157894736842,0.37142857142857144
initial_bursting,nm_guarino,0.8,14,0.2063492063492063,7,7,93.4659194946289,0.3943980634212494,training,50,2,0.5811581611633301,0.13728512873023904,0.38539335151189036,0.016610395573122282,0.04660421703247636,0.018803758736791683,0.0074011608615133385
initial_bursting,grad_mse,0.8,15,0.06249999999999983,17,7,215.96804809570312,196.3728485107422,training,25,1,0.9035358428955078,0.8234530407449473,0.4224957823753357,0.09972737630208334,0.59989990234375,0.012738754874781558,0.018074471609933036
initial_bursting,grad_guarino,0.8,15,0.4069264069264069,4,7,4.306718826293945,4.306718826293945,init,25,1,1.276698112487793,0.2673911752155094,0.12121627453479067,0.09321882478470103,0.6,0.15987394069045083,0.02352751050193892
initial_bursting,grad_vanrossum,0.8,15,-0.43921568627450985,8,7,4.29034423828125,3.4600138664245605,training,25,1,0.9989497661590576,0.5686261384383492,0.20237433910369873,0.02147284613715278,0.59989990234375,0.11098344702469676,0.025552259172712054
initial_bursting,nm_guarino,0.8,15,0.8015873015873016,7,7,3.40671443939209,0.29231029748916626,training,50,1,0.584542989730835,0.31804543255936885,0.12048984760434478,0.09983954667631913,0.25515302764608916,0.18913631162297118,0.0017987207957962223
initial_bursting,grad_mse,0.8,16,0.07499999999999998,13,7,114.51561737060547,114.51561737060547,init,25,1,1.1372690200805664,0.5004941485135282,0.13408930798812535,0.1111111111111111,0.3451003625498126,0.0517872056107022,0.35258323158146354
initial_bursting,grad_guarino,0.8,16,0.07499999999999998,13,7,9.140772819519043,9.140772819519043,init,25,1,1.3537993431091309,0.5004941485135282,0.13408930798812535,0.1111111111111111,0.3451003625498126,0.0517872056107022,0.35258323158146354
initial_bursting,grad_vanrossum,0.8,16,-0.1352657004830918,2,7,8.738286972045898,6.688727378845215,training,25,1,1.0185012817382812,0.17391304347826086,0.5,0.11099599202473959,0.6,0.9473684210526315,0.6285714285714286
initial_bursting,nm_guarino,0.8,16,0.2063492063492063,7,7,5.540587425231934,0.33792924880981445,training,50,1,0.5858087539672852,0.49454394894792514,0.003612762631163946,0.08987449697935783,0.6,0.049991684445636474,0.24365597401661318
initial_bursting,grad_mse,0.8,17,0.0,0,7,126.87141418457031,78.51010131835938,training,25,2,1.452178955078125,0.17381326426630433,0.4954984188079834,0.39843292236328126,0.5994303894042968,0.05253077808179354,0.2803292410714286
initial_bursting,grad_guarino,0.8,17,-0.13765182186234817,6,7,7.211948394775391,1.4372683763504028,training,25,2,1.4318699836730957,0.17381054422129755,0.4957122206687927,0.11072184244791666,0.3995428466796875,0.05253914782875463,0.6285714285714286
initial_bursting,grad_vanrossum,0.8,17,0.10628019323671496,2,7,5.8797688484191895,5.860602855682373,training,25,2,1.0512311458587646,0.17381299889605978,0.07522320747375488,0.05208350287543403,0.503006591796875,0.05253154980508905,0.3481375558035714
initial_bursting,nm_guarino,0.8,17,0.9999999999999999,7,7,5.611961364746094,0.09245453029870987,training,50,2,0.594080924987793,0.0039069398727307365,0.008723649022263746,0.0701531306991525,0.11386904553494503,0.04688573391636313,0.005674881212217185
initial_bursting,grad_mse,0.8,18,0.0,0,7,164.02418518066406,163.09274291992188,training,25,4,2.2868480682373047,0.17391304347826086,0.49999141693115234,0.8888888888888888,0.6,0.9473684210526315,0.371428462437221
initial_bursting,grad_guarino,0.8,18,-0.19090909090909092,3,7,2.8392763137817383,2.839141607284546,training,25,4,1.3326337337493896,0.17382938550866167,0.4999016523361206,0.11097496880425348,0.6,0.9473684210526315,0.3713328770228795
initial_bursting,grad_vanrossum,0.8,18,-0.19090909090909092,3,7,5.136002540588379,5.135321617126465,training,25,4,1.0153028964996338,0.1738376119862432,0.499902606010437,0.11094818115234376,0.6,0.9473684210526315,0.37133527483258927
initial_bursting,nm_guarino,0.8,18,-0.19047619047619052,7,7,1.9391319751739502,0.7317304611206055,training,50,4,0.5765609741210938,0.17378450526623954,0.5,0.10409082908944987,0.06348030257521288,0.18534905822967965,0.2610206930259957
initial_bursting,grad_mse,0.8,19,0.0,0,7,158.0127410888672,81.38542938232422,training,25,1,0.8963251113891602,0.6505648903224779,0.4481145143508911,0.5231021457248264,0.5898736572265625,0.05253154980508905,0.03522436959402902
initial_bursting,grad_guarino,0.8,19,0.23376623376623373,14,7,7.3867506980896,6.530747890472412,training,25,1,1.2835400104522705,0.7297011499819548,0.4340577721595764,0.0608917236328125,0.5883982849121093,0.05253168156272486,0.07918984549386161
initial_bursting,grad_vanrossum,0.8,19,0.34782608695652173,2,7,6.484853744506836,6.002318382263184,training,25,1,1.0306739807128906,0.20087718134341032,0.02559971809387207,0.39915059407552084,0.5896144104003906,0.052531574901781584,0.04210575648716518
initial_bursting,nm_guarino,0.8,19,-0.3888888888888889,7,7,5.786776065826416,0.26843366026878357,training,50,1,0.5720441341400146,0.2344456505847488,0.032518705374640744,0.0988292597971445,0.32349753571585693,0.04691611264824974,0.04376733966331666
initial_bursting,grad_mse,0.8,20,0.0079365079365079,7,7,347.6980895996094,347.6980895996094,init,25,1,0.9002010822296143,0.3217555041092269,0.38448827779811845,0.1111111111111111,0.5031615688072845,0.23886604641559206,0.19633690724490954
initial_bursting,grad_guarino,0.8,20,-0.08333333333333337,5,7,0.4834238588809967,0.4814639985561371,training,25,1,1.2967259883880615,0.1607015858525815,0.38236546516418457,0.1110110812717014,0.5125930786132813,0.289585038235313,0.19646595546177456
initial_bursting,grad_vanrossum,0.8,20,0.0079365079365079,7,7,4.445714473724365,4.445714473724365,init,25,1,1.0147759914398193,0.3217555041092269,0.38448827779811845,0.1111111111111111,0.5031615688072845,0.23886604641559206,0.19633690724490954
initial_bursting,nm_guarino,0.8,20,0.2063492063492063,7,7,0.4834859371185303,0.4005599617958069,training,50,1,0.5742321014404297,0.35008586368561434,0.3424557941342137,0.09162746322242457,0.4166193673327925,0.21261225620232385,0.054362819546745655
initial_bursting,grad_mse,0.8,21,-0.19090909090909092,3,7,362.8605041503906,362.26416015625,training,25,2,0.9187028408050537,0.17391304347826086,0.5,0.110931396484375,0.6,0.9473684210526315,0.37132295880998883
initial_bursting,grad_guarino,0.8,21,-0.025974025974025997,4,7,1.9242831468582153,1.922735571861267,training,25,2,1.2922439575195312,0.14956651770550272,0.0401458740234375,0.1110110812717014,0.5674667358398438,0.6487653631913034,0.3713284083775112
initial_bursting,grad_vanrossum,0.8,21,-0.025974025974025997,4,7,5.1172003746032715,5.116874694824219,training,25,2,1.0248980522155762,0.17389566172724186,0.12614262104034424,0.1110107421875,0.5999832153320312,0.9427584597938939,0.3713284083775112
initial_bursting,nm_guarino,0.8,21,0.14901960784313723,8,7,1.824238657951355,0.8008354902267456,training,50,2,0.6053509712219238,0.0770384448920118,0.10219289094622352,0.1066316835917282,0.19343377257361596,0.29931771270070884,0.34944334442288
initial_bursting,grad_mse,0.8,22,-1.0,3688,7,94.25164031982422,49.152496337890625,training,10,1,0.9099881649017334,0.8159609379975692,0.08005177974700928,0.08849962022569445,0.37726654052734376,0.05253182586870695,0.2300347464425223
initial_bursting,grad_guarino,0.8,22,0.06477732793522269,6,7,0.8713741898536682,0.8333709836006165,training,25,1,1.3414161205291748,0.3381558625594429,0.21236395835876465,0.06168162027994792,0.11222335815429688,0.05253158117595472,0.3097597394670759
initial_bursting,grad_vanrossum,0.8,22,0.9333333333333333,8,7,3.909626007080078,3.789438009262085,training,25,1,1.029360055923462,0.43682698788850205,0.1954028606414795,0.02359161376953125,0.0317816162109375,0.05253159999847412,0.3331078665597098
initial_bursting,nm_guarino,0.8,22,-0.19047619047619052,7,7,0.7714691162109375,0.4694709777832031,training,50,1,0.5842790603637695,0.32399843094023395,0.2154970271789194,0.06200920495408424,0.06728785580204828,0.0497440224865581,0.1282328714191619
initial_bursting,grad_mse,0.8,23,0.0,0,7,228.96197509765625,195.7950439453125,training,25,0,0.907904863357544,0.17391304347826086,0.14439082145690918,0.8888875325520833,0.6,0.9473684210526315,0.519842529296875
initial_bursting,grad_guarino,0.8,23,-0.08333333333333337,5,7,2.4170072078704834,2.301525831222534,training,25,0,1.279839038848877,0.26261669656504755,0.49741971492767334,0.15931209988064235,0.257911376953125,0.27031484403108297,0.37025604248046873
initial_bursting,grad_vanrossum,0.8,23,0.12499999999999997,5,7,4.472445011138916,4.472445011138916,init,25,0,1.0181386470794678,0.3030863191398978,0.4974198569072503,0.15656669169442872,0.25375589333010906,0.27350030357698873,0.3701412847818976
initial_bursting,nm_guarino,0.8,23,0.26720647773279355,6,7,2.017035961151123,1.3133645057678223,training,50,0,0.5787439346313477,0.31698711210110425,0.4730782801358753,0.15866737514060422,0.11663274689567459,0.28892202651387366,0.250747504498446
initial_bursting,grad_mse,0.8,24,-0.08333333333333337,5,7,208.40609741210938,208.40609741210938,init,25,2,0.892667293548584,0.17391304347826086,0.09203552742491716,0.3366812499868925,0.09909010212337875,0.19547015522795594,0.37142857142857144
initial_bursting,grad_guarino,0.8,24,-0.08333333333333337,5,7,4.449605464935303,4.449605464935303,init,25,2,1.297394037246704,0.17391304347826086,0.09203552742491716,0.3366812499868925,0.09909010212337875,0.19547015522795594,0.37142857142857144
initial_bursting,grad_vanrossum,0.8,24,0.0,0,7,6.478949546813965,6.4775919914245605,training,25,2,1.005720853805542,0.17381299889605978,0.21931242942810059,0.6519005669487847,0.32336944580078125,0.2311440768994783,0.3713284083775112
initial_bursting,nm_guarino,0.8,24,0.7372549019607844,8,7,4.049571990966797,1.1134763956069946,training,50,2,0.5769867897033691,0.08752403587772076,0.02391539300517298,0.1111111111111111,0.001845436065053434,0.20387970282119655,0.17886989442051413
initial_bursting,grad_mse,0.8,25,-0.19791666666666688,17,7,54.0062141418457,47.8270263671875,training,25,1,0.8926901817321777,0.743636413242506,0.42623937129974365,0.07035251193576389,0.187926025390625,0.05253163764351293,0.03898304530552455
initial_bursting,grad_guarino,0.8,25,-0.24313725490196084,8,7,0.8655287027359009,0.5286552906036377,training,25,1,1.2848598957061768,0.5102524798849355,0.4367036819458008,0.09683905707465278,0.11902252197265625,0.05253158117595472,0.05359758649553571
initial_bursting,grad_vanrossum,0.8,25,0.14901960784313723,8,7,3.9873430728912354,1.7633342742919922,training,25,1,1.0077688694000244,0.5025446684464164,0.43651294708251953,0.09856296115451389,0.10633819580078124,0.05253158745012785,0.06865528651646205
initial_bursting,nm_guarino,0.8,25,0.40476190476190477,7,7,0.8655486702919006,0.4654213488101959,training,50,1,0.5759243965148926,0.4769384484950352,0.42601695742843493,0.17098142536098163,0.12351844569764182,0.05245507885574023,0.08845138642084659
initial_bursting,grad_mse,0.8,26,-1.0,3791,7,122.75333404541016,97.36613464355469,training,25,2,0.8989460468292236,0.8260869565217391,0.5,0.1111111111111111,0.4,0.05254453106930381,0.37129320417131695
initial_bursting,grad_guarino,0.8,26,0.0,0,7,2.515377998352051,2.514007806777954,training,25,2,1.2795462608337402,0.11364275061565897,0.32855749130249023,0.8051803588867188,0.5310617065429688,0.0525314682408383,0.3713284083775112
initial_bursting,grad_vanrossum,0.8,26,-0.13765182186234817,6,7,5.638942718505859,5.638942718505859,init,1,2,0.9017937183380127,0.04182619246777147,0.02450064087360926,0.2993628630894695,0.3201973016583065,0.05263157894736842,0.37142857142857144
initial_bursting,nm_guarino,0.8,26,0.9999999999999999,7,7,2.415271282196045,0.8116278052330017,training,50,2,0.5714471340179443,0.05822804855423605,0.06612850493501887,0.1111111111111111,0.3626501293782388,0.04740769675008058,0.2457182625988342
initial_bursting,grad_mse,0.8,27,0.0,0,7,104.32649993896484,103.44752502441406,training,25,1,0.8906340599060059,0.17391304347826086,0.5,0.8888888888888888,0.6,0.0524945572802895,0.3697068350655692
initial_bursting,grad_guarino,0.8,27,0.0079365079365079,7,7,0.7060776948928833,0.7060776948928833,init,25,1,1.285033941268921,0.26186319779922246,0.060013143004471914,0.023910195234630137,0.06801371103801614,0.05263157894736842,0.3096080057534404
initial_bursting,grad_vanrossum,0.8,27,0.0079365079365079,7,7,3.532503366470337,3.532503366470337,init,25,1,1.1508409976959229,0.26186319779922246,0.060013143004471914,0.023910195234630137,0.06801371103801614,0.05263157894736842,0.3096080057534404
initial_bursting,nm_guarino,0.8,27,0.6031746031746031,7,7,0.7061809301376343,0.5413496494293213,training,50,1,0.619657039642334,0.2461079602542427,0.029161631897180573,0.01579912892183807,0.10558011110116582,0.05126705653021445,0.1912387408569036
initial_bursting,grad_mse,0.8,28,-0.025974025974025997,4,7,211.39869689941406,211.39869689941406,init,1,1,0.871729850769043,0.17391304347826086,0.31050119368761164,0.06647556647199053,0.1467277748404888,0.5105334927899662,0.30225929795394435
initial_bursting,grad_guarino,0.8,28,-0.025974025974025997,4,7,3.6404218673706055,3.6274566650390625,training,25,1,1.285473108291626,0.17381299889605978,0.30921053886413574,0.06565619574652778,0.13760910034179688,0.5078239440917969,0.3075251988002232
initial_bursting,grad_vanrossum,0.8,28,-0.24242424242424243,4,7,4.8583245277404785,4.832550048828125,training,25,1,1.0040240287780762,0.17381299889605978,0.3040558099746704,0.06189965142144097,0.04816268920898437,0.5332894576223273,0.29817592075892857
initial_bursting,nm_guarino,0.8,28,0.3333333333333333,5,7,2.740415096282959,2.166496992111206,training,50,1,0.5727438926696777,0.17391304347826086,0.31050119368761164,0.06647556647199053,0.2540641635825133,0.5105334927899662,0.30225929795394435
initial_bursting,grad_mse,0.8,29,0.0,0,7,121.34275817871094,120.1048812866211,training,25,1,0.9004850387573242,0.17391304347826086,0.010535359382629395,0.8888888888888888,0.6,0.05252012453581158,0.37142857142857144
initial_bursting,grad_guarino,0.8,29,0.0079365079365079,7,7,1.9310132265090942,0.7654498815536499,training,25,1,1.3933138847351074,0.3133217853048573,0.41939425468444824,0.044041612413194445,0.13789718627929687,0.05253164391768606,0.43211255754743305
initial_bursting,grad_vanrossum,0.8,29,0.3333333333333333,5,7,4.49276876449585,4.4280877113342285,training,25,1,1.0520761013031006,0.042009768278702446,0.41333866119384766,0.02172580295138889,0.36975250244140623,0.052531537256742776,0.3384523664202009
initial_bursting,nm_guarino,0.8,29,-0.13765182186234817,6,7,1.5311013460159302,0.7781670093536377,training,50,1,0.6087548732757568,0.14445259627125262,0.4108570395309563,0.033513728769153144,0.16908590291717757,0.05250440588757405,0.3127955895343372
tonic,nm_guarino_hard,0.02,0,-0.04166666666666662,9,9,0.5088833570480347,0.3001388907432556,training,50,0,6.972408056259155,0.006807837511137247,0.03128922367717357,0.02947752362596911,0.036441979020251834,0.01190117404867492,0.03220091904752727
tonic,nm_guarino_hard,0.02,1,1.0,9,9,0.38044291734695435,0.016304563730955124,training,50,0,7.948504209518433,0.043872697874416236,0.00597726159368972,0.015595478510644828,0.006854618010997911,0.0027308432823846276,0.00815285131773708
tonic,nm_guarino_hard,0.02,2,1.0,9,9,0.5236880779266357,0.050916433334350586,training,50,0,6.89558219909668,0.004660332206953191,0.007801071469311083,0.016573307634362777,0.011632562404302008,0.020119160069864788,0.001818842102773845
tonic,nm_guarino_hard,0.02,3,1.0,9,9,0.5308157205581665,0.048707544803619385,training,50,0,12.070832252502441,0.014913573592470742,0.03817710757886017,0.021404649567957297,0.0019875330101308463,0.002304660534721389,0.002898443559566236
tonic,nm_guarino_hard,0.02,4,1.0,9,9,0.28630417585372925,0.10621126741170883,training,50,0,10.794264793395996,0.029025728123435016,0.03202964461049018,0.02265313401703174,0.014509609900738952,2.7291830160819668e-05,0.018745434596140698
tonic,nm_guarino_hard,0.02,5,1.0,9,9,0.1868230253458023,0.05918380618095398,training,50,0,8.609803676605225,0.001302258501023531,0.04878177724187993,0.0036403177579365496,0.0050803713146913764,0.007549991039935279,0.01146935590835361
tonic,nm_guarino_hard,0.02,6,1.0,9,9,0.2508183419704437,0.0810660570859909,training,50,0,8.430221796035767,0.022765679863954346,0.049916504262522476,0.013559735452328267,0.010776283817227466,0.007302275924094603,0.018045101911026505
tonic,nm_guarino_hard,0.02,7,1.0,9,9,0.04794088378548622,0.04794088378548622,init,50,0,6.917241096496582,0.003322397832864656,0.007124381254412615,0.00022188942340430154,0.005375982354243547,0.013385839294899454,0.011404987924751099
tonic,nm_guarino_hard,0.02,8,1.0,9,9,0.5147071480751038,0.13732503354549408,training,50,0,6.794559001922607,0.03647526689875089,0.004479655708868213,0.014368038888200848,0.0010474294624088997,0.011266708398007329,0.0009868360455318533
tonic,nm_guarino_hard,0.02,9,1.0,9,9,0.654358983039856,0.1519574224948883,training,50,0,6.871738910675049,0.01880727592326549,0.037112831068203844,0.06639325512051705,0.0022945845937141483,0.005068857181775001,0.04087824907268234
tonic,nm_guarino_hard,0.02,10,1.0,9,9,0.1674850434064865,0.0448136031627655,training,50,0,7.033682107925415,0.0011291805680320236,0.0740418363618538,0.010955330937244727,0.005105122246322083,0.007816669032990527,0.008409166105295794
tonic,nm_guarino_hard,0.02,11,1.0,9,9,0.20789256691932678,0.09295499324798584,training,50,0,6.970529079437256,0.008519374163479344,0.06132027922643757,3.419626404858415e-06,0.003720946196517616,0.005667793661638977,0.016738834379166737
tonic,nm_guarino_hard,0.02,12,1.0,9,9,0.5081133246421814,0.13146966695785522,training,50,0,7.708899974822998,0.011838023053675041,0.0338931411227994,0.021851738019049095,0.022314138517272396,0.004707714562019934,0.05196202474956989
tonic,nm_guarino_hard,0.02,13,1.0,9,9,0.434059202671051,0.04718555882573128,training,50,0,8.24000883102417,0.029971907580130124,0.007442495561937212,0.00419349708051363,0.009621974571597889,0.006884307133935251,0.004646074994356297
tonic,nm_guarino_hard,0.02,14,1.0,9,9,0.056214671581983566,0.056214671581983566,init,50,0,12.457262992858887,0.01340937548192706,0.00019579104089917365,0.011277003033832342,0.005413030698325088,0.003543146185602878,0.007150156039862006
tonic,nm_guarino_hard,0.02,15,1.0,9,9,0.42798495292663574,0.0632280707359314,training,50,0,7.690361022949219,0.015156762894548346,0.003080650519202255,0.006467077128928306,0.002250481708626353,0.005935013178499766,0.012859431947215885
tonic,nm_guarino_hard,0.02,16,-0.04166666666666662,9,9,0.5259919166564941,0.24631589651107788,training,50,0,8.196094036102295,0.00911704542445366,0.04577874929676473,0.0394357741418926,0.042657124163479526,0.010555811042491037,0.041033851908333724
tonic,nm_guarino_hard,0.02,17,1.0,9,9,0.06603797525167465,0.06603797525167465,init,50,0,6.917073726654053,0.00490128499046507,0.0039032598703887533,0.008328988581599282,0.010571363698972505,0.0056325943499136825,0.012161006022012089
tonic,nm_guarino_hard,0.02,18,1.0,9,9,0.9057869911193848,0.08228150755167007,training,50,0,7.303344011306763,0.022297245949441383,0.013148792739142268,0.01995557240334165,0.0346210923339558,0.0015663966493391314,0.037900418735313225
tonic,nm_guarino_hard,0.02,19,1.0,9,9,0.4896164536476135,0.09190864861011505,training,50,0,7.65368914604187,0.010592592610117272,0.025968672366928347,0.02594178474742187,0.0001525544158153025,0.00045889743160460784,0.017502453960098308
tonic,nm_guarino_hard,0.02,20,1.0,9,9,0.4759123921394348,0.08221887052059174,training,50,0,6.92296290397644,0.006336698185899205,0.007830297718728119,0.008638498267122449,0.00019173847233730612,0.008946797403529784,0.02031840406483078
tonic,nm_guarino_hard,0.02,21,0.1319444444444445,9,9,0.48486006259918213,0.24572499096393585,training,50,0,6.930322170257568,0.011052635540691145,0.05546665263472872,0.021682716106527285,0.028885053010590127,0.0026673502975454134,0.04840346128181758
tonic,nm_guarino_hard,0.02,22,1.0,9,9,0.4946591556072235,0.08651833236217499,training,50,0,7.933757781982422,0.006252780781953442,0.0432222939134137,0.02440095179650699,0.02059782962047336,0.012710412213552074,0.018604073788884533
tonic,nm_guarino_hard,0.02,23,1.0,9,9,0.12639394402503967,0.009930256754159927,training,50,0,12.441487789154053,0.010287273473831187,0.06965968266930322,0.005553950602059546,0.014307589548595843,0.001565325218495085,0.003110142542195961
tonic,nm_guarino_hard,0.02,24,1.0,9,9,0.059552136808633804,0.059552136808633804,init,50,0,7.788552284240723,0.002429665235392458,0.01609205407213432,0.008362504926935167,0.0023025689646112824,0.0007313602176819423,0.007705473530264888
tonic,nm_guarino_hard,0.02,25,1.0,9,9,0.46627259254455566,0.036308661103248596,training,50,0,8.625717163085938,0.0024933886050173045,0.01173522425818363,0.004934564250736015,0.005784228557900519,0.002878456755969673,0.0013436195600568064
tonic,nm_guarino_hard,0.02,26,1.0,9,9,0.194673553109169,0.0689966231584549,training,50,0,13.642445087432861,0.002340382238116327,0.06307511899191431,0.003591327139528428,0.0167959794234082,0.0012387895104758403,0.009883594759037554
tonic,nm_guarino_hard,0.02,27,1.0,9,9,0.4278971552848816,0.05695575475692749,training,50,0,8.376505851745605,0.02543137913310036,0.004700810925446275,0.0031385266702996105,0.005758187970779431,0.002476817363720559,0.005774971621912479
tonic,nm_guarino_hard,0.02,28,1.0,9,9,0.25637340545654297,0.11464587599039078,training,50,0,9.44466781616211,0.006577078792831205,0.05565080752550777,0.003997906769444942,0.010116963574479599,0.013950719832469444,0.0011104879410534555
tonic,nm_guarino_hard,0.02,29,1.0,9,9,0.5175462365150452,0.025335703045129776,training,50,0,8.300964117050171,0.008258412898446898,0.02124714747293366,0.0072245664081401,0.007759768141835935,0.0018001664643711884,0.005660772464281243
tonic,nm_guarino_hard,0.05,0,1.0,9,9,0.5368809700012207,0.03129873052239418,training,50,0,8.127014875411987,0.0015487350120023196,0.011702609678695186,0.0234584186994062,0.02816741351110011,0.043697457185694184,0.007038968398671029
tonic,nm_guarino_hard,0.05,1,1.0,9,9,0.7117233872413635,0.08111968636512756,training,50,0,7.821246862411499,0.0009391357258356661,0.014943153984224189,0.03683964668733495,0.017136545027494777,0.006827108205961558,0.020382128294342498
tonic,nm_guarino_hard,0.05,2,0.47916666666666674,9,9,1.1218987703323364,0.14610734581947327,training,50,0,7.778106689453125,0.014106101176579584,0.009846105596600374,0.10376306213756202,0.01877496882921605,0.046433803854308675,0.02968089020175577
tonic,nm_guarino_hard,0.05,3,1.0,9,9,1.1466096639633179,0.08620032668113708,training,50,0,7.812145948410034,0.021956962133270717,0.017293273036994794,0.0017825862600271117,0.05384504826226419,0.0030958288751010464,0.0489065734913938
tonic,nm_guarino_hard,0.05,4,1.0,9,9,0.5077820420265198,0.14833077788352966,training,50,0,7.780071258544922,0.03149024199780411,0.04002498518492348,0.047120534666297925,0.014374499663632604,0.008628418624202739,0.014497446695762457
tonic,nm_guarino_hard,0.05,5,1.0,9,9,0.4753778576850891,0.09522663056850433,training,50,0,7.82622504234314,0.04005983230437837,0.03266243513838152,0.00910079439484169,0.012700928286728584,0.01887497759983819,0.028673389770883823
tonic,nm_guarino_hard,0.05,6,1.0,9,9,0.665486216545105,0.12905147671699524,training,50,0,8.152795791625977,0.01103284250005508,0.023191460434632383,0.03582630036609373,0.011814645995391402,0.020191838719873154,0.03448101138643835
tonic,nm_guarino_hard,0.05,7,1.0,9,9,0.16771507263183594,0.06554920226335526,training,50,0,8.63379693031311,0.008305994582161578,0.007542711078831754,0.0005547235585109118,0.013439955885609152,0.0304729915848533,0.028512469811877647
tonic,nm_guarino_hard,0.05,8,0.47916666666666674,9,9,1.1332920789718628,0.2807507812976837,training,50,0,8.141081809997559,0.01008260570349117,0.017223576302788368,0.01498132772757496,0.013469627429145703,0.02816864784401099,0.020332374245414744
tonic,nm_guarino_hard,0.05,9,0.30555555555555564,9,9,1.272598385810852,0.3014513850212097,training,50,0,8.416421175003052,0.01030949741024657,0.0055292244599214335,0.001123636330436284,0.026023717315611636,0.018342995613495037,0.053115812549779665
tonic,nm_guarino_hard,0.05,10,1.0,9,9,0.43406805396080017,0.04796002060174942,training,50,0,9.773179292678833,0.04051416187848111,0.027480562766318162,0.027388327343111505,0.012762805615805348,0.019541672582476306,0.021022915263239385
tonic,nm_guarino_hard,0.05,11,1.0,9,9,0.5385662913322449,0.045818693935871124,training,50,0,8.303013801574707,0.04582230547291712,0.031524064343574576,0.03446766879152171,0.006935738216615733,0.011661839565089524,0.0026190941275211392
tonic,nm_guarino_hard,0.05,12,1.0,9,9,0.46554046869277954,0.1420011669397354,training,50,0,8.341568946838379,0.025748350483396458,0.026426819038613214,0.007310938909894402,0.00027286067348967434,0.01856944229869631,0.050931240384060016
tonic,nm_guarino_hard,0.05,13,1.0,9,9,0.8798547983169556,0.1524571180343628,training,50,0,8.39741325378418,0.03215798402246472,0.018606238904843142,0.022062908912081347,0.024054936428995005,0.017210767834838114,0.059901010536490926
tonic,nm_guarino_hard,0.05,14,1.0,9,9,0.13246357440948486,0.1041029840707779,training,50,0,8.391739845275879,0.0592243765450976,0.014556629476884186,0.04482792524516823,0.02475957212062383,0.004920743601259048,0.025946204445859117
tonic,nm_guarino_hard,0.05,15,1.0,9,9,0.934191882610321,0.04583900421857834,training,50,0,8.405518054962158,0.011104437500440751,0.017284798954916747,0.035073850567602,0.00302799028992041,0.017021159859011654,0.0018665473161125386
tonic,nm_guarino_hard,0.05,16,1.0,9,9,1.1496115922927856,0.06748233735561371,training,50,0,8.330152750015259,0.030247463092632026,0.038640583573423815,0.04444578042589013,0.05625396483602088,0.03543116578545057,0.028862332761505627
tonic,nm_guarino_hard,0.05,17,1.0,9,9,0.17145639657974243,0.0807708129286766,training,50,0,8.396580696105957,0.010951383507328733,0.01798608354960729,0.00710653015789799,0.03292497655944885,0.01019327850068649,0.02138036740381547
tonic,nm_guarino_hard,0.05,18,1.0,9,9,0.48222246766090393,0.07966040819883347,training,50,0,8.58910083770752,0.0007033160709292598,0.04156836887571291,0.002798921801941232,0.017902462226120974,0.0021567376372919143,0.03121971549008476
tonic,nm_guarino_hard,0.05,19,0.6527777777777778,9,9,0.5274840593338013,0.15856635570526123,training,50,0,8.360217094421387,0.040617052215650123,0.043063952234333014,0.07561782586824362,0.008976384171654672,0.008597295635454433,0.05410653410583239
tonic,nm_guarino_hard,0.05,20,1.0,9,9,0.4872785210609436,0.12643174827098846,training,50,0,8.347049236297607,0.030624274981477254,0.03576756841651174,0.03155614744944728,0.0073696103224304465,0.02186751482682614,0.04763596779243378
tonic,nm_guarino_hard,0.05,21,0.1319444444444445,9,9,0.5032575130462646,0.27618804574012756,training,50,0,9.866568803787231,0.02681817812310486,0.008592517553087653,0.011338063671877308,0.012569091276348558,0.00027158970792157415,0.023386335162214777
tonic,nm_guarino_hard,0.05,22,1.0,9,9,0.49982014298439026,0.13102474808692932,training,50,0,8.845544815063477,0.03720847735732763,0.017539331707046024,0.06188996101195509,0.046509638366474634,0.03784815947115495,0.0276813764877137
tonic,nm_guarino_hard,0.05,23,1.0,9,9,0.3250585198402405,0.05820580571889877,training,50,0,8.433398008346558,0.07048235373837217,0.017046863498340503,0.013884876505148707,0.035768973871489605,0.003913313046237748,0.007775356355489903
tonic,nm_guarino_hard,0.05,24,0.1319444444444445,9,9,0.5543242692947388,0.29799962043762207,training,50,0,9.711772203445435,0.010894617268286805,0.03357027002183033,0.0228652148902493,0.033248501699741556,0.0024179468368989987,0.035520560242233046
tonic,nm_guarino_hard,0.05,25,1.0,9,9,1.021098256111145,0.05244242772459984,training,50,0,8.39297890663147,0.007025898907150092,0.005135023104112513,0.019729176581551478,0.00020938448589333803,0.009085677196245628,0.005393351723597967
tonic,nm_guarino_hard,0.05,26,1.0,9,9,0.47280240058898926,0.08867962658405304,training,50,0,8.560119867324829,0.037334757494509964,0.001369330933129076,0.00897831784882107,0.04198994855852021,0.0030969737761895773,0.024708986897593783
tonic,nm_guarino_hard,0.05,27,1.0,9,9,0.8751250505447388,0.09941558539867401,training,50,0,11.793896198272705,0.030880035539245624,0.011167933993891044,0.030790659485233126,0.01026888715421876,0.006569140775475896,0.024289494368710914
tonic,nm_guarino_hard,0.05,28,1.0,9,9,0.6928421258926392,0.03963737562298775,training,50,0,8.490801095962524,0.024297786293571794,0.02637806096882911,0.0005483128440080994,0.04647041673651927,0.03488253655474109,0.01621537271729291
tonic,nm_guarino_hard,0.05,29,1.0,9,9,0.5984216332435608,0.025841306895017624,training,50,0,8.460606098175049,0.03723695528937002,0.022358304379582083,0.038792260997724134,0.016188760340788803,0.007698413814845227,0.012682974187009068
tonic,nm_guarino_hard,0.1,0,1.0,9,9,0.5893698930740356,0.06745678186416626,training,50,0,8.596328258514404,0.017036148852189178,0.039651267586472194,0.06583862009946573,0.026850532371290682,0.0860124270309182,0.012900140532418293
tonic,nm_guarino_hard,0.1,1,1.0,9,9,1.45151686668396,0.22984719276428223,training,50,0,8.388078927993774,0.021243682314848873,0.0027726703677468656,0.04514232226428305,0.0003685385540731545,0.0162968247298489,0.00484473213192546
tonic,nm_guarino_hard,0.1,2,0.47916666666666674,9,9,1.195475697517395,0.17686402797698975,training,50,0,8.479336738586426,0.00044289159589279436,0.03921476236864141,0.10050198513538994,0.05944880439786601,0.08599343834008673,0.03749391858353976
tonic,nm_guarino_hard,0.1,3,1.0,9,9,1.8688218593597412,0.07552185654640198,training,50,0,8.377872943878174,0.013649803454872317,0.04351962597881398,0.06680676953077472,0.10544085927528385,0.004492033219005218,0.06792876142407149
tonic,nm_guarino_hard,0.1,4,1.0,9,9,1.095556378364563,0.15656323730945587,training,50,0,8.418203830718994,0.03403745532272304,0.02066458465031018,0.04417923199704792,0.07207843319962536,0.012203892890138119,0.003158817929912061
tonic,nm_guarino_hard,0.1,5,1.0,9,9,0.7548694014549255,0.1289697289466858,training,50,0,8.442323923110962,0.006511292505117902,0.06532487027676304,0.058666109548610734,0.025401856573457452,0.03774995519967638,0.057346779541767645
tonic,nm_guarino_hard,0.1,6,1.0,9,9,1.0028843879699707,0.0651104599237442,training,50,0,8.458034038543701,0.03808827087359754,0.07730129050427359,0.03072096138929857,0.039951923533738526,0.044558385689541014,0.010802051286412961
tonic,nm_guarino_hard,0.1,7,1.0,9,9,0.1333771049976349,0.1333771049976349,init,50,1,8.484921216964722,0.016611989164323156,0.035621906272063075,0.0011094471170218236,0.026879911771218304,0.05263157894736842,0.057024939623755495
tonic,nm_guarino_hard,0.1,8,1.0,9,9,2.0425736904144287,0.250150203704834,training,50,1,8.40009093284607,0.019410629886309164,0.043604916520079584,0.04711160508909542,0.09502471005355886,0.05175438596491228,0.022602631054260972
tonic,nm_guarino_hard,0.1,9,1.0,9,9,2.7575387954711914,0.10191653668880463,training,50,0,8.428514003753662,0.015159595535950974,0.028123464205722648,0.011674561823576192,0.06920257465058569,0.03507349151935576,0.003940741853944831
tonic,nm_guarino_hard,0.1,10,1.0,9,9,0.676786482334137,0.05959426984190941,training,50,0,8.375352144241333,0.005645902840160241,0.054961125532636546,0.020262290357243588,0.025525611231610696,0.03908334516495261,0.04204583052647897
tonic,nm_guarino_hard,0.1,11,1.0,9,9,1.0610556602478027,0.07058671116828918,training,50,0,8.422240018844604,0.04259687081739672,0.005617717969345293,1.7098132024292074e-05,0.018604730982588365,0.02833896830819491,0.005021737633482815
tonic,nm_guarino_hard,0.1,12,-0.5625,9,9,0.46058589220046997,0.22502604126930237,training,50,0,8.376067876815796,0.03906343491115909,0.011822451408435741,0.01840193657779739,0.0012796904995940395,0.03707130441210458,0.10041373824134488
tonic,nm_guarino_hard,0.1,13,1.0,9,9,1.6993907690048218,0.20962992310523987,training,50,0,8.381174087524414,0.040456731027258844,0.0012780327077512865,0.02450179075011268,0.002596320127811964,0.037045299455789577,0.07301921147888188
tonic,nm_guarino_hard,0.1,14,1.0,9,9,0.28143447637557983,0.2543178200721741,training,50,0,8.430351734161377,0.06704687740963505,0.0333634798550444,0.0563850151691614,0.02706515349162487,0.017715730928014345,0.03575078019931023
tonic,nm_guarino_hard,0.1,15,1.0,9,9,1.913524866104126,0.06831727921962738,training,50,0,8.462692022323608,0.01855293227232501,0.05922204480870219,0.051666750245473105,0.017498599274946968,0.035728078554174786,0.005054575657779635
tonic,nm_guarino_hard,0.1,16,0.47916666666666674,9,9,1.2578972578048706,0.1986842304468155,training,50,0,10.05643892288208,0.01707131870522858,0.05547193352230195,0.05201183045669685,0.12966881543038455,0.05998171200879926,0.09400233283956964
tonic,nm_guarino_hard,0.1,17,1.0,9,9,0.3430253565311432,0.25105562806129456,training,50,0,8.57531213760376,0.024506424952325103,0.08299211431954046,0.04164494290799641,0.05285681849486224,0.028162971749568413,0.060805030110060033
tonic,nm_guarino_hard,0.1,18,1.0,9,9,0.47740769386291504,0.042109664529561996,training,50,0,8.897986888885498,0.003625822137813805,0.07184990604056174,0.010727572825479747,0.02464285559827374,0.0037714148437436182,0.0344781899362902
tonic,nm_guarino_hard,0.1,19,1.0,9,9,1.0989261865615845,0.09159953892230988,training,50,0,8.986786842346191,0.051392062804842945,0.04373236505114653,0.00454726717796695,0.04968892468243553,0.02036396380400011,0.05210653079367457
tonic,nm_guarino_hard,0.1,20,0.30555555555555564,9,9,0.5376867651939392,0.20774395763874054,training,50,0,9.385792016983032,0.05515429787043591,0.053315173380189984,0.0777156899194005,0.022858345602898282,0.0453973254729995,0.07502038630889071
tonic,nm_guarino_hard,0.1,21,1.0,9,9,1.095747709274292,0.034710563719272614,training,50,0,16.09536600112915,0.01788149680534705,0.04697598132090608,0.010154199487971343,0.022914141080742068,0.002032938262747308,0.028138467424398073
tonic,nm_guarino_hard,0.1,22,1.0,9,9,0.5164639353752136,0.2200901359319687,training,50,0,9.404162168502808,0.003644378750687748,0.005825084344201592,0.0710020230173086,0.05731423176661167,0.07305347524967054,0.030332062673802188
tonic,nm_guarino_hard,0.1,23,1.0,9,9,0.6924890279769897,0.025058671832084656,training,50,0,8.92526888847351,0.10207001382945874,0.03809040886721826,0.03370236424771002,0.04345968306393957,0.012402560707823739,0.001737762563940594
tonic,nm_guarino_hard,0.1,24,0.30555555555555564,9,9,0.5725321769714355,0.2402643859386444,training,50,0,8.919774055480957,0.05074456767574825,0.05997212530222895,0.10713188783604342,0.002946144310517411,0.0029968887187543764,0.05247574610091306
tonic,nm_guarino_hard,0.1,25,1.0,9,9,2.077932596206665,0.08127686381340027,training,50,0,8.845782041549683,0.010845424717382705,0.023764866865159995,0.0410675601588123,0.02678845815511977,0.01919727524576881,0.024879422184040274
tonic,nm_guarino_hard,0.1,26,1.0,9,9,0.6937795281410217,0.09768360108137131,training,50,0,19.6168429851532,0.011701911190581634,0.002738661866258152,0.05892331029525369,0.08397989711704071,0.006193947552379178,0.049417973795187566
tonic,nm_guarino_hard,0.1,27,1.0,9,9,1.691563367843628,0.14834395051002502,training,50,0,12.841184139251709,0.0627189339950593,0.06892983038177869,0.02993293471380759,0.01629330325396694,0.009632114342272905,0.01937011963957218
tonic,nm_guarino_hard,0.1,28,1.0,9,9,0.8096047043800354,0.07884551584720612,training,50,1,9.654697895050049,0.032885393964156025,0.032615202259486775,0.05678876723819144,0.05058481787239742,0.05263157894736842,0.005552439705267684
tonic,nm_guarino_hard,0.1,29,1.0,9,9,1.2184401750564575,0.12547752261161804,training,50,0,9.343566656112671,0.06528789155507149,0.0715610262479387,0.04237251768369232,0.007774491405165804,0.013117191257967975,0.026866686303841092
tonic,nm_guarino_hard,0.2,0,1.0,9,9,1.3114497661590576,0.13718301057815552,training,50,0,9.25066876411438,0.021136180504984614,0.1219988378992165,0.08331325071271875,0.10762911916590752,0.16211983393189572,0.010973551874564131
tonic,nm_guarino_hard,0.2,1,1.0,9,9,2.4013617038726807,0.1766212433576584,training,50,1,9.340304136276245,0.0439994223647858,0.060892126467011254,0.042036945148118815,0.005676318919023231,0.022380411373558208,0.01616313660800119
tonic,nm_guarino_hard,0.2,2,0.30555555555555564,9,9,2.8083579540252686,0.17997923493385315,training,50,0,9.546028852462769,0.03959903486755252,0.04169916693777287,0.08434015261295574,0.10900125360265946,0.17164462549022833,0.011609220913896934
tonic,nm_guarino_hard,0.2,3,1.0,9,9,2.906087636947632,0.22213633358478546,training,50,0,9.36018419265747,0.06381413147204829,0.06894647428426715,0.02007299389385556,0.036832603881762224,0.01031789627413364,0.003689997724653641
tonic,nm_guarino_hard,0.2,4,1.0,9,9,2.4460337162017822,0.23656585812568665,training,50,0,9.480667114257812,0.0008597410915265991,0.13323216558685402,0.03026458397564037,0.11021042605486031,0.0207984497276103,0.05750378960755833
tonic,nm_guarino_hard,0.2,5,-0.5625,9,9,1.241360068321228,0.4468227028846741,training,50,1,9.147167921066284,0.003693044014216347,0.1280388970733759,0.025037200775389894,0.03929595340648518,0.05256136773525586,0.18092742640321344
tonic,nm_guarino_hard,0.2,6,1.0,9,9,1.466243863105774,0.03415646776556969,training,50,1,9.322829961776733,0.05298825717252483,0.1439701484589917,0.012741526087056185,0.09537975828349034,0.052485527810016266,0.034688121952483386
tonic,nm_guarino_hard,0.2,7,1.0,9,9,0.9503554105758667,0.07251647114753723,training,50,1,9.413411617279053,0.008092735006129923,0.05160369843556101,0.0669439013514875,0.001709514386822093,0.05205886101729964,0.03251989200228707
tonic,nm_guarino_hard,0.2,8,1.0,9,9,2.9386420249938965,0.3318648338317871,training,50,2,9.44552230834961,0.018955938913993504,0.06512639961381028,0.08447970507810997,0.14282748213191154,0.05145792348842224,0.010240304936599947
tonic,nm_guarino_hard,0.2,9,1.0,9,9,7.442433834075928,0.27560991048812866,training,50,1,9.380259037017822,0.028363461797857162,0.01481057412887865,0.006853185232452258,0.07976162833187829,0.05014563061364739,0.008802993812442952
tonic,nm_guarino_hard,0.2,10,1.0,9,9,1.5567994117736816,0.1592877209186554,training,50,0,10.475265979766846,0.01095972721589004,0.14517949461140933,0.07206436224918143,0.011169670915325013,0.08292227898758109,0.043308852265441344
tonic,nm_guarino_hard,0.2,11,0.6527777777777778,9,9,2.632394790649414,0.35174304246902466,training,50,1,9.635115146636963,0.13737548031823557,0.02742538309844278,0.026886655769327365,0.04451765396641804,0.05263157894736842,0.058818771242626765
tonic,nm_guarino_hard,0.2,12,-0.5625,9,9,0.9519988894462585,0.24467724561691284,training,50,1,9.466197967529297,0.05940475588797468,0.05275350474168916,0.016965521524120834,0.029296607327907224,0.05214646881633211,0.11879965827325176
tonic,nm_guarino_hard,0.2,13,-0.5625,9,9,3.3117213249206543,0.3977121412754059,training,50,1,9.555166959762573,0.12438416628147754,0.025569159919401008,0.006077984171439413,0.045951789563350755,0.05089011822224358,0.12296523649162339
tonic,nm_guarino_hard,0.2,14,0.47916666666666674,9,9,0.6180993318557739,0.4167991578578949,training,50,1,9.922209739685059,0.10944772609807758,0.026233557477250757,0.11039904359091615,0.07381588858269851,0.03815955111931448,0.050110870160981695
tonic,nm_guarino_hard,0.2,15,1.0,9,9,5.584893703460693,0.09486842155456543,training,50,1,10.275624990463257,0.02743164343548227,0.08991893588902666,0.016575036075431628,0.12388396506341195,0.050871864957668794,0.014638169503825387
tonic,nm_guarino_hard,0.2,16,1.0,9,9,2.7048513889312744,0.165422260761261,training,50,0,14.121603012084961,0.10654084059793485,0.0534710305703876,0.010695063923991988,0.22766138209807538,0.12464917311251728,0.0288844772127082
tonic,nm_guarino_hard,0.2,17,1.0,9,9,0.6543536186218262,0.21098649501800537,training,50,1,9.198800086975098,0.06919564764092023,0.04138868824879549,0.03238897879439264,0.11170093696369492,0.05065231363128254,0.05069956721103271
tonic,nm_guarino_hard,0.2,18,-0.5625,9,9,0.4853534698486328,0.1736910492181778,training,50,0,9.277979135513306,0.022100777967167536,0.15577216734335186,0.025787128404557002,0.06682094250825343,0.008562618117933206,0.10360251799557026
tonic,nm_guarino_hard,0.2,19,-0.5625,9,9,1.918243169784546,0.28586244583129883,training,50,0,9.36216115951538,0.08232684757012802,0.1164291243465918,0.05264455577091856,0.047077070059554554,0.04079962169458119,0.08807086802628702
tonic,nm_guarino_hard,0.2,20,-0.5625,9,9,1.708865761756897,0.3085760772228241,training,50,1,9.21982192993164,0.04341322550731785,0.05117075191779885,0.05216129924176711,0.02094488445835367,0.051658044901941376,0.11464253039980332
tonic,nm_guarino_hard,0.2,21,1.0,9,9,1.0789026021957397,0.10294568538665771,training,50,0,9.748046875,0.06845419697804724,0.11365646307628818,0.027722496446558074,0.003477866194662056,0.004923862321719012,0.034903841931453274
tonic,nm_guarino_hard,0.2,22,0.6527777777777778,9,9,1.0685575008392334,0.30390506982803345,training,50,0,18.800662994384766,0.06387551047238313,0.01811452115203216,0.09842006825178341,0.09779063971370448,0.14336675322711095,0.038081486891783
tonic,nm_guarino_hard,0.2,23,0.8263888888888888,9,9,1.2075756788253784,0.2858563959598541,training,50,0,9.01991891860962,0.10791357280096747,0.05507575650938712,0.018483702813751772,0.14658890377615733,0.01831253702204585,0.08096322858281785
tonic,nm_guarino_hard,0.2,24,1.0,9,9,0.625654399394989,0.23470327258110046,training,50,0,9.250094890594482,0.07603176396140034,0.19166842972460207,0.08856959857440642,0.0007381461181580562,0.01382934184962803,0.020443009890137125
tonic,nm_guarino_hard,0.2,25,1.0,9,9,6.750373363494873,0.07911783456802368,training,50,0,10.01897120475769,0.08684828442628158,0.03754884806225989,0.03110686814909545,0.1107659490024389,0.03844309436474213,0.0351612537413737
tonic,nm_guarino_hard,0.2,26,0.8263888888888888,9,9,1.3613947629928589,0.3733821213245392,training,50,0,9.086526870727539,0.004600235825382549,0.03337681981546137,0.002143442858389714,0.13182713099684748,0.015002362949191573,0.13785769880666957
tonic,nm_guarino_hard,0.2,27,1.0,9,9,3.953190326690674,0.13038770854473114,training,50,0,9.157137155532837,0.14129964366538644,0.04162428326960055,0.05276230091873578,0.08521138549657138,0.023988634487249482,0.0028169012184794235
tonic,nm_guarino_hard,0.2,28,1.0,9,9,0.6163524389266968,0.09341797977685928,training,50,1,9.293055057525635,0.05879685134895221,0.054951024969704054,0.025794665000619766,0.10976516414265802,0.052557125839289585,0.008403778962739595
tonic,nm_guarino_hard,0.2,29,0.6527777777777778,9,9,2.0777876377105713,0.5952592492103577,training,50,0,9.18931269645691,0.10376215782045642,0.12231597292184193,0.03345944641313218,0.03599085261373716,0.030125231630695096,0.13946022280610526
tonic,nm_guarino_hard,0.4,0,1.0,9,9,1.3283393383026123,0.11446235328912735,training,50,0,9.327662229537964,0.00219545836882844,0.17443598000479232,0.1111111111111111,0.14562186256553275,0.34130794751317167,0.12004512112293476
tonic,nm_guarino_hard,0.4,1,1.0,9,9,4.88399600982666,0.2857770621776581,training,50,1,9.521885871887207,0.021248503241445945,0.1610600847490804,0.061468117056359815,0.016717739811464866,0.053024239519381934,0.007199145678166222
tonic,nm_guarino_hard,0.4,2,0.020761245674740504,8,9,3.7204911708831787,0.5375421047210693,training,50,0,9.27269697189331,0.10695358762303452,0.05801744375230555,0.09224878448724527,0.13547895551859596,0.3546410019365825,0.03898878013483105
tonic,nm_guarino_hard,0.4,3,-0.6315789473684211,10,9,5.8805365562438965,0.5385972857475281,training,50,1,9.185027837753296,0.12112754041547141,0.18699400711033176,0.10104708531343141,0.01918142073983745,0.011912349599583228,0.014911072397325142
tonic,nm_guarino_hard,0.4,4,0.6527777777777778,9,9,6.603348255157471,0.35701167583465576,training,50,1,9.371301174163818,0.04000953188276402,0.17316848363273962,0.023759881153317033,0.31283651962655795,0.039610605068672505,0.22445371992157825
tonic,nm_guarino_hard,0.4,5,-0.5625,9,9,1.2637507915496826,0.6721058487892151,training,50,1,9.484841108322144,0.019139580850466093,0.26115632221466556,0.013759670608560112,0.08700091834702334,0.05242010203836065,0.24686936515668215
tonic,nm_guarino_hard,0.4,6,1.0,9,9,2.086635112762451,0.1028611958026886,training,50,1,9.428258180618286,0.1195584415508207,0.2535025137869975,0.014360470568432662,0.1794598389534778,0.051990993663429554,0.10690469264255731
tonic,nm_guarino_hard,0.4,7,-0.5625,9,9,1.6465568542480469,0.37841448187828064,training,50,1,9.262006044387817,0.040765272428139904,0.12927504176659865,0.073367792198436,0.015926476470516492,0.05055422993639338,0.14805377865891062
tonic,nm_guarino_hard,0.4,8,-0.38888888888888884,9,9,3.6693050861358643,0.46765464544296265,training,50,2,9.293794870376587,0.08718168244833242,0.09314619875280128,0.06123020359720499,0.09693208632309336,0.05220681129549529,0.0756126915064917
tonic,nm_guarino_hard,0.4,9,1.0,9,9,77.16480255126953,0.3042083978652954,training,50,2,9.334701776504517,0.07182714176626386,0.046098399909039856,0.019975389584638178,0.13239362967417492,0.04952017648490292,0.00417746432355699
tonic,nm_guarino_hard,0.4,10,1.0,9,9,2.502816915512085,0.11519289016723633,training,50,1,9.234270095825195,0.027447791527577405,0.23547052076243946,0.1111111111111111,0.00287759216151926,0.1497701793779722,0.1038676466980462
tonic,nm_guarino_hard,0.4,11,0.30555555555555564,9,9,13.640395164489746,0.6677737236022949,training,50,1,9.32929801940918,0.1580891581389033,0.03359409555459236,0.06290551888114287,0.15821531045549675,0.052302109905326855,0.1503595160053367
tonic,nm_guarino_hard,0.4,12,-0.5625,9,9,1.5465818643569946,0.2967310845851898,training,50,1,9.461911916732788,0.1477739576973017,0.1329630906282051,0.06196317861358251,0.0069173254492937986,0.051336169894288255,0.15672230516603086
tonic,nm_guarino_hard,0.4,13,-0.38888888888888884,9,9,6.243027210235596,0.5896459817886353,training,50,1,9.921684980392456,0.23673899209759605,0.14034298588906324,0.021222204271118508,0.13174911827178562,0.05107564630602814,0.21011611937204983
tonic,nm_guarino_hard,0.4,14,-0.21527777777777773,9,9,0.6380862593650818,0.5680710673332214,training,50,1,9.272022008895874,0.2681875096385402,0.003915820817984361,0.10960613748751043,0.10826061396649891,0.078961416571948,0.1430031207972405
tonic,nm_guarino_hard,0.4,15,-0.32525951557093424,8,9,82.79463195800781,0.5578247308731079,training,50,1,9.4551420211792,0.05517895011750931,0.17289267756666882,0.07817743728771202,0.25272113030422927,0.05045070840770776,0.20832901713544974
tonic,nm_guarino_hard,0.4,16,-0.5625,9,9,4.0109477043151855,0.08021198213100433,training,50,1,9.403332948684692,0.12525823137911837,0.1231362164086558,0.1111111111111111,0.3327073632044653,0.2708843262496668,0.062471850122909296
tonic,nm_guarino_hard,0.4,17,1.0,9,9,2.2313623428344727,0.4466989040374756,training,50,1,13.11582899093628,0.045619512938936575,0.014740273589867847,0.023293399185343826,0.1957339274973026,0.05173561663182909,0.115111610453079
tonic,nm_guarino_hard,0.4,18,1.0,9,9,1.0478684902191162,0.09822668880224228,training,50,0,9.406664371490479,0.017852747357699667,0.32687257321559837,0.09840520675356099,0.10974574117896935,0.01912465097016694,0.12070330067463268
tonic,nm_guarino_hard,0.4,19,-0.5625,9,9,3.804316997528076,0.3679707646369934,training,50,2,9.442188024520874,0.09523731995379876,0.06762983643349774,0.1111111111111111,0.055561868862142205,0.04855740079484283,0.1636938253592356
tonic,nm_guarino_hard,0.4,20,-0.5625,9,9,3.5912160873413086,0.3068402409553528,training,50,1,9.426678895950317,0.14452330622254173,0.1081368389062578,0.10112732216061002,0.04907759138792358,0.0493089322158621,0.11619799613569666
tonic,nm_guarino_hard,0.4,21,-0.21527777777777773,9,9,1.7150874137878418,0.25749051570892334,training,50,0,9.483638048171997,0.12360503349261663,0.2752471212510975,0.0072348044438841595,0.004380149555342996,0.013940675767099371,0.16184346656253887
tonic,nm_guarino_hard,0.4,22,1.0,9,9,1.8337000608444214,0.13128452003002167,training,50,2,9.967162847518921,0.1456002034343711,0.07372362078104722,0.1111111111111111,0.18393132357727382,0.2855704424166902,0.11594966380369028
tonic,nm_guarino_hard,0.4,23,1.0,9,9,2.693882465362549,0.3483054041862488,training,50,1,18.472863912582397,0.16419103922040268,0.1122639962531804,0.00025453954058826233,0.1905177288576141,0.039895491125917844,0.058648167955106044
tonic,nm_guarino_hard,0.4,24,0.47916666666666674,9,9,1.0425446033477783,0.39462244510650635,training,50,1,9.310354232788086,0.09695721039866956,0.3090454749522893,0.09684499314128882,0.056872663280034035,0.01294972603411397,0.08255382308931952
tonic,nm_guarino_hard,0.4,25,0.8263888888888888,9,9,274.9502258300781,0.39331182837486267,training,50,1,9.271370887756348,0.09447269007177088,0.053859681748536836,0.013606900276385482,0.2540454429460777,0.05016535129552674,0.17661388259710548
tonic,nm_guarino_hard,0.4,26,-0.5625,9,9,2.708188533782959,0.6922475695610046,training,50,0,9.253081798553467,0.015193990737061886,0.01439003297386221,0.0016701694710705953,0.27497434110363483,0.020902468850993,0.2895503884752413
tonic,nm_guarino_hard,0.4,27,0.6527777777777778,9,9,14.512178421020508,0.4201095402240753,training,50,0,9.173973083496094,0.33528284968617716,0.09030882475017488,0.055356469299964475,0.23924842586864714,0.04765722614900305,0.07645475558664348
tonic,nm_guarino_hard,0.4,28,0.6527777777777778,9,9,0.6217272281646729,0.3155404329299927,training,50,1,9.219547033309937,0.0946403937798901,0.13046080903794754,0.07995813538890073,0.2023392714895897,0.05263157894736842,0.022209758821070937
tonic,nm_guarino_hard,0.4,29,0.30555555555555564,9,9,4.1726579666137695,0.31454795598983765,training,50,1,9.295007944107056,0.14298663208617002,0.14266468268748667,0.1111111111111111,0.03544443883822112,0.054818039938041914,0.05268874645439772
tonic,nm_guarino_hard,0.8,0,-0.1522491349480969,8,9,1.4472100734710693,0.8034998178482056,training,50,0,9.177753925323486,0.07145961431802769,0.3906230539715727,0.06111636556074889,0.14651680243740317,0.6388111680084388,0.26178157425886267
tonic,nm_guarino_hard,0.8,1,0.6527777777777778,9,9,15.984288215637207,0.46234312653541565,training,50,1,9.134554862976074,0.013354095254823915,0.23341622913642546,0.01822702927245056,0.07553145457763265,0.11856231223652947,0.21275470690066406
tonic,nm_guarino_hard,0.8,2,0.2142857142857143,5,9,5.192674160003662,2.595489025115967,training,50,0,9.183209896087646,0.10482161443786375,0.20506109558576657,0.1111111111111111,0.14347472588811797,0.7148225386093269,0.0848840006667014
tonic,nm_guarino_hard,0.8,3,0.07017543859649122,10,9,10.26035213470459,0.7687982320785522,training,50,1,9.14899206161499,0.11658683329068427,0.4678190080248077,0.1111111111111111,0.11301280816717622,0.03195088582996751,0.04442913331302358
tonic,nm_guarino_hard,0.8,4,0.30555555555555564,9,9,8.594740867614746,0.6095887422561646,training,50,3,9.212260246276855,0.13013132410381692,0.35420302441545726,0.0200907263069158,0.44290923271920546,0.050508327953501415,0.2695082533288454
tonic,nm_guarino_hard,0.8,5,-0.38888888888888884,9,9,1.3776408433914185,1.0113011598587036,training,50,3,9.461871862411499,0.038930071425666624,0.48497434334197065,0.08785745841129255,0.20006077554082025,0.05263157894736842,0.4563269254578005
tonic,nm_guarino_hard,0.8,6,1.0,9,9,3.0228965282440186,0.3351510167121887,training,50,2,9.687949895858765,0.2634492241826241,0.46831129846021513,0.08703703703703683,0.3741352114852265,0.05175438596491228,0.2901709782245413
tonic,nm_guarino_hard,0.8,7,-0.5625,9,9,3.1965410709381104,0.40607133507728577,training,50,1,9.848945140838623,0.13041967249848074,0.2955216786298387,0.11045315720064114,0.06332873080899219,0.047043368114037525,0.17853505602130246
tonic,nm_guarino_hard,0.8,8,1.0,9,9,6.010247230529785,0.36169445514678955,training,50,2,10.342243194580078,0.2239564205451015,0.19753199705009394,0.00025523278506701296,0.156161786775516,0.051678741551763205,0.018882770512625564
tonic,nm_guarino_hard,0.8,9,-1.0,1536,9,564.5394897460938,544.5433959960938,training,50,3,9.695852994918823,0.26922154878825616,0.02648821578613547,0.5220451471292832,0.3999999999999829,0.052500020245180724,0.2451418698211167
tonic,nm_guarino_hard,0.8,10,1.0,9,9,5.433391094207764,0.2957179844379425,training,50,1,9.724667072296143,0.023404578168313483,0.4645369631771148,0.1111111111111111,0.005218669617483442,0.3065969353417318,0.20336481044108723
tonic,nm_guarino_hard,0.8,11,-0.04166666666666662,9,9,9.398393630981445,1.0202279090881348,training,50,3,9.797558784484863,0.15413315007766765,0.027730906905476083,0.08987888122961023,0.27919931859249514,0.05091498994896307,0.2702981353189683
tonic,nm_guarino_hard,0.8,12,-0.5625,9,9,2.222187042236328,0.5879942178726196,training,50,1,9.818550109863281,0.3178165419975382,0.2944060807262202,0.05407034306033438,0.08088792704083346,0.04966020776880389,0.3637771039858454
tonic,nm_guarino_hard,0.8,13,-0.20553359683794487,14,9,16.19501304626465,3.059318780899048,training,50,2,10.036752223968506,0.45379063244970735,0.36364999368108797,0.13823051601031391,0.2950186960082607,0.04746175978083726,0.6230219245125649
tonic,nm_guarino_hard,0.8,14,-0.5625,9,9,1.9583266973495483,0.7941802740097046,training,50,1,10.068190813064575,0.525347803799982,0.018585568490621762,0.06685285990549801,0.33427096054400435,0.1443766559225257,0.3382986759664675
tonic,nm_guarino_hard,0.8,15,-0.1522491349480969,8,9,275.0911560058594,0.745424747467041,training,50,2,10.11783218383789,0.06960383676930411,0.33580440953680646,0.0066259190922683805,0.3743380900189032,0.04963113462478359,0.161462363240087
tonic,nm_guarino_hard,0.8,16,-0.5625,9,9,5.6500396728515625,0.17624150216579437,training,50,1,9.940423965454102,0.02661113432559605,0.2579779015771586,0.08136787773250218,0.4,0.5263290575417173,0.02706718373791911
tonic,nm_guarino_hard,0.8,17,0.0,0,9,10.17840576171875,10.008767127990723,training,50,2,10.130910158157349,0.22181445230448324,0.21569449967024745,0.5151800135876802,0.4228009071896588,0.052549800299661935,0.35344078646547855
tonic,nm_guarino_hard,0.8,18,1.0,9,9,1.3949472904205322,0.20364230871200562,training,50,1,16.683720111846924,0.02022668886060664,0.46982167352537696,0.1965953555204155,0.217531573377006,0.04170188062489318,0.2399197089928407
tonic,nm_guarino_hard,0.8,19,-0.5625,9,9,9.091947555541992,0.5239403247833252,training,50,2,9.677245855331421,0.09294534319497258,0.3024503687287763,0.10743639467167883,0.1496814209543254,0.048163563553925516,0.2564644771385178
tonic,nm_guarino_hard,0.8,20,-0.5625,9,9,8.478983879089355,0.4757871925830841,training,50,2,9.679226875305176,0.008737598315712563,0.16950091866742478,0.10396139804704994,0.021307999926495427,0.046285195316646544,0.1822341035889906
tonic,nm_guarino_hard,0.8,21,-0.5625,9,9,2.398775339126587,0.19605576992034912,training,50,1,9.751924991607666,0.2701843025763247,0.43758954376652737,0.09223430352496204,0.1228833220998348,0.02676225113261634,0.17012854924402468
tonic,nm_guarino_hard,0.8,22,0.08333333333333325,7,9,2.710057497024536,1.1784569025039673,training,50,2,9.540732145309448,0.17391304347826086,0.17609425019597902,0.10470347516906789,0.3207100250287098,0.5585908280752574,0.08003144963318098
tonic,nm_guarino_hard,0.8,23,-0.5625,9,9,2.7499794960021973,0.7003626227378845,training,50,3,10.257860898971558,0.17391304347825964,0.27387616295215134,0.010037660935042443,0.39999999999999714,0.06499803206996457,0.2502975292973953
tonic,nm_guarino_hard,0.8,24,0.25694444444444436,7,9,2.2120580673217773,1.1254029273986816,training,50,2,18.777245044708252,0.09655405587208475,0.49946344862495495,0.1100886037561136,0.031165188306220556,0.029735889469969162,0.23071013613869695
tonic,nm_guarino_hard,0.8,25,0.24561403508771928,10,9,558.5201416015625,0.7342581152915955,training,50,2,9.670614957809448,0.284163643569061,0.11612536177149657,0.04399727036006627,0.319014995023428,0.04851593627483136,0.16683981690365357
tonic,nm_guarino_hard,0.8,26,-0.5625,9,9,2.052366018295288,1.0379163026809692,training,50,2,9.406543016433716,0.10099515166439986,0.03261356579224639,0.028552558045013002,0.3999999999999994,0.05137615741036281,0.5126555557652693
tonic,nm_guarino_hard,0.8,27,0.020761245674740504,8,9,378.5608825683594,1.064598560333252,training,50,2,9.759907007217407,0.6714294697756041,0.16252401943062456,0.21028802029923985,0.6,0.04279715717811294,0.4058992498780376
tonic,nm_guarino_hard,0.8,28,0.30555555555555564,9,9,0.48764482140541077,0.48764482140541077,init,50,2,9.529347896575928,0.2630831517132482,0.260921618075895,0.1111111111111111,0.4046785429791794,0.05263157894736842,0.044419517642142074
tonic,nm_guarino_hard,0.8,29,-0.075,1,9,10.26694107055664,10.10013198852539,training,50,2,9.406559228897095,0.17391304347826086,0.42765960436729844,0.18734439344241058,0.20133135323581486,0.09196434111550231,0.37142857142857144
adaptation,nm_guarino_hard,0.02,0,1.0,5,5,0.12849141657352448,0.09578483551740646,training,50,0,9.584275007247925,0.007732235025126561,0.0007250643470526619,0.0046718019503711305,0.00033425668232183624,0.011242347274758714,0.016891489523501134
adaptation,nm_guarino_hard,0.02,1,0.25,5,5,1.4517645835876465,0.33961713314056396,training,50,0,9.483441829681396,0.022297148442031237,0.03836843325927153,0.033497905377460155,0.0715799764584989,0.005197825765243215,0.02148047122958953
adaptation,nm_guarino_hard,0.02,2,1.0,5,5,1.2322759628295898,0.21364782750606537,training,50,0,9.69016408920288,0.003884846269494841,0.0056763768830576655,0.07975811056279933,0.13152562715712235,0.0021378131865473827,0.07333473652869843
adaptation,nm_guarino_hard,0.02,3,0.75,5,5,0.38833317160606384,0.13109347224235535,training,50,0,9.646251916885376,0.024449029381219012,0.02626566646181927,0.002257643196104987,0.012926822290828,0.0003920369133445745,0.014138707497086704
adaptation,nm_guarino_hard,0.02,4,0.75,5,5,1.2406290769577026,0.1852315217256546,training,50,0,10.067211627960205,0.006568950534119228,0.0009761371119927365,0.028079263109587298,0.06690923303292834,0.001009705377652022,0.05807317521909689
adaptation,nm_guarino_hard,0.02,5,1.0,5,5,0.0638185366988182,0.04385746642947197,training,50,0,9.71153974533081,0.0024186803281946575,0.008788755516562441,0.006885983583109439,0.00651679113949001,0.005695293406867299,0.010867353967614892
adaptation,nm_guarino_hard,0.02,6,0.25,5,5,1.2956993579864502,0.49552667140960693,training,50,0,10.016364812850952,0.027342988821171928,0.02284072413701166,0.037622530995616896,0.06855378962409646,0.00241580058714433,0.002738656374502974
adaptation,nm_guarino_hard,0.02,7,1.0,5,5,0.14458371698856354,0.09925569593906403,training,50,0,11.095670938491821,0.010544115186517466,0.0010842325191569024,0.0012541805302798063,0.002649290100392534,0.0036868770080457254,0.016637328715117812
adaptation,nm_guarino_hard,0.02,8,1.0,5,5,1.2790496349334717,0.15160347521305084,training,50,0,9.730782985687256,0.011512304114428117,0.022672288639451477,0.05690371693013737,0.09913243409976218,0.005567566086613007,0.030471559551707272
adaptation,nm_guarino_hard,0.02,9,0.5,5,5,1.3108673095703125,0.2972548007965088,training,50,0,10.688693046569824,0.016036291112238296,0.009131738970553416,0.04119625707621676,0.07183629406755215,0.004299550822724035,0.038454605432236076
adaptation,nm_guarino_hard,0.02,10,1.0,5,5,0.10675885528326035,0.06614679843187332,training,50,0,10.621930122375488,0.015131017950303855,0.0007797715846644682,0.005597780441586211,0.0064926624962564,0.01086310020804539,0.00827711190433616
adaptation,nm_guarino_hard,0.02,11,1.0,5,5,0.5491154193878174,0.08718167990446091,training,50,0,11.349748849868774,0.010355689078264039,0.01893855898627317,0.020643429551605804,0.011171529943662223,0.008854286004026345,0.022246185793717847
adaptation,nm_guarino_hard,0.02,12,0.25,5,5,1.1829403638839722,0.37892651557922363,training,50,0,10.386076927185059,0.0077803988338677466,0.015787497173509912,0.06729440493410424,0.10060954468145696,0.010171762990241619,0.016591156282015213
adaptation,nm_guarino_hard,0.02,13,0.25,5,5,1.1769453287124634,0.5853285789489746,training,50,0,9.916161060333252,0.010345703579796018,0.014268580121002739,0.012870543581026874,0.05640243371453067,0.0077529669266674164,0.005102292434295512
adaptation,nm_guarino_hard,0.02,14,1.0,5,5,0.1486240178346634,0.10435827821493149,training,50,0,10.113542079925537,0.0014741870558536805,0.013073031273205249,3.3420375366530504e-05,0.008803505524956847,0.008764760443362484,0.011760038735153192
adaptation,nm_guarino_hard,0.02,15,1.0,5,5,0.13679271936416626,0.08352893590927124,training,50,0,10.304628849029541,6.0368767683287486e-05,0.013372301923242569,0.007874168134053939,0.009922452496167295,0.00012738146349757317,0.006065996951897188
adaptation,nm_guarino_hard,0.02,16,1.0,5,5,0.04829889163374901,0.04829889163374901,init,50,0,10.519027948379517,0.0026914676679164924,0.013996717553500515,0.010371672138708732,0.005435113831658782,2.6071228301689275e-05,0.007728853375190527
adaptation,nm_guarino_hard,0.02,17,1.0,5,5,1.2558016777038574,0.2593897879123688,training,50,0,10.378422975540161,0.01645904497351679,0.03606956773834291,0.05058165265066887,0.06706479487051183,0.006471679106203236,0.007575924244277539
adaptation,nm_guarino_hard,0.02,18,1.0,5,5,0.07367536425590515,0.025776661932468414,training,50,0,10.237374782562256,0.016301618819423918,0.03195997529932848,0.004999399384458217,0.00044203061792188694,0.0157267791758,0.0038279665649702515
adaptation,nm_guarino_hard,0.02,19,0.5,5,5,0.23429246246814728,0.1835889220237732,training,50,0,10.351813077926636,0.0014926595715870096,0.009349628047629066,0.0015956930702777249,0.007337430116775465,0.011084108837424628,0.0034035245705246503
adaptation,nm_guarino_hard,0.02,20,0.5,5,5,1.2923295497894287,0.3127201795578003,training,50,0,18.098671913146973,0.003507309266526541,0.009303200056908434,0.03495020166681305,0.09046953404903206,0.008206634237895284,0.05602118742593843
adaptation,nm_guarino_hard,0.02,21,0.25,5,5,1.2038918733596802,0.3733201324939728,training,50,0,9.749606847763062,0.019939188745306317,0.019697237975462967,0.06364006713983202,0.08685998461011593,0.000616575789736565,0.001773205150489941
adaptation,nm_guarino_hard,0.02,22,0.75,5,5,1.2415379285812378,0.28797563910484314,training,50,0,9.75937819480896,0.022274579813363067,0.010722061468765975,0.0728789608479098,0.1329879932917305,0.00852742984008238,0.08544524582258484
adaptation,nm_guarino_hard,0.02,23,0.25,5,5,1.2022978067398071,0.4034896194934845,training,50,0,9.816264867782593,0.023463723338462316,0.031469445848737454,0.06490044176061487,0.10573727983893377,0.003153117331467696,0.017817543732078077
adaptation,nm_guarino_hard,0.02,24,0.25,5,5,1.2668569087982178,0.3105192184448242,training,50,0,10.2895348072052,0.03568871522193779,0.05148983580326694,0.05942685395026438,0.09950937785350276,0.012599047056668354,0.019811318611958485
adaptation,nm_guarino_hard,0.02,25,0.5,5,5,1.2214059829711914,0.29877692461013794,training,50,0,10.872114181518555,0.0005097922008626137,0.033835035125224344,0.04660367845057339,0.09597219565843944,0.007399385843727919,0.07751241609275812
adaptation,nm_guarino_hard,0.02,26,0.25,5,5,1.23814857006073,0.3800787031650543,training,50,0,35.89263939857483,0.00016034133140232885,0.002637515275738078,0.06639981084297202,0.0902298503980154,0.01378791799420308,0.007474751552730652
adaptation,nm_guarino_hard,0.02,27,1.0,5,5,1.2716553211212158,0.1447143256664276,training,50,0,10.951641082763672,0.01642407089544112,0.03039887576222866,0.04762936184642052,0.08755125017405022,0.0054692496613284345,0.05030849101821632
adaptation,nm_guarino_hard,0.02,28,0.5,5,5,1.234921932220459,0.3470713198184967,training,50,0,10.888717889785767,0.011593711927024292,0.004686671821273691,0.06531133865178036,0.1287955945519147,0.00318505600403386,0.07942455425465604
adaptation,nm_guarino_hard,0.02,29,1.0,5,5,0.057349976152181625,0.045388415455818176,training,50,0,11.122497081756592,0.0059360620984443314,0.003677629062874166,0.0017848316034802438,0.0077783426066716285,0.0014838813026051103,0.015692663567495758
adaptation,nm_guarino_hard,0.05,0,1.0,5,5,0.3365369439125061,0.11915899813175201,training,50,0,11.746934175491333,0.019330587562816342,0.07690329391101303,0.011679504875927983,0.0008356417058044486,0.014236165190528236,0.04222872380875283
adaptation,nm_guarino_hard,0.05,1,1.0,5,5,0.03226067125797272,0.03226067125797272,init,50,0,9.894356966018677,0.04142726504228597,0.002300763043677323,0.005259230305129689,0.007233860090468056,0.020715980698868913,0.016411828326127215
adaptation,nm_guarino_hard,0.05,2,1.0,5,5,1.27693772315979,0.17229744791984558,training,50,0,9.910843849182129,0.02334180926827623,0.010757535528676199,0.002849358374308824,0.0366882004464722,0.016417916407481744,0.06292936289489066
adaptation,nm_guarino_hard,0.05,3,1.0,5,5,0.9918045997619629,0.012317839078605175,training,50,0,9.969398736953735,0.0058521437617017735,6.278239027590615e-05,0.0013085059973923939,0.004987435207444264,6.899352459131449e-05,0.0035999557851888703
adaptation,nm_guarino_hard,0.05,4,0.25,5,5,1.2552425861358643,0.39247313141822815,training,50,0,9.880253791809082,0.06407526300595978,0.09446502149941027,0.010835752485147686,0.046350425817415726,0.009182448439348042,0.021425012975085776
adaptation,nm_guarino_hard,0.05,5,0.75,5,5,0.1903969943523407,0.15108458697795868,training,50,0,10.067700147628784,0.00604670082048652,0.02197188879140599,0.017214958957773915,0.016291977848725027,0.022132970359273536,0.027168384919037336
adaptation,nm_guarino_hard,0.05,6,1.0,5,5,1.2807098627090454,0.0770893320441246,training,50,0,10.249552011489868,0.017825767303816683,0.019285548402886876,0.03313343305722659,0.048248073082673384,0.0054448794419744645,0.03581313225049923
adaptation,nm_guarino_hard,0.05,7,1.0,5,5,0.3737291097640991,0.11227399855852127,training,50,0,10.124530792236328,0.0035051026168587116,0.021237115247406235,0.0002829720808155874,0.00207285639407786,0.003938818093161737,0.01934152020820018
adaptation,nm_guarino_hard,0.05,8,1.0,5,5,1.3296838998794556,0.24029402434825897,training,50,0,9.878262042999268,0.0011029514837416529,0.04462038384692102,0.06847039002738661,0.09408732239444134,0.02597395242786951,0.02044896050120794
adaptation,nm_guarino_hard,0.05,9,0.5,5,5,1.2860912084579468,0.2507239878177643,training,50,0,9.83657717704773,0.018238156409866296,0.00886568032651347,0.02532985086170072,0.04292077491150224,0.016143982486681738,0.03241383640819972
adaptation,nm_guarino_hard,0.05,10,1.0,5,5,0.27864083647727966,0.08795685321092606,training,50,0,9.950134992599487,0.0037593387500178127,0.0019494289616610594,0.013994451103965844,0.01623165624064086,0.013333195984067972,0.0206927797608403
adaptation,nm_guarino_hard,0.05,11,1.0,5,5,1.3911733627319336,0.13769546151161194,training,50,0,9.939771890640259,0.012579144423940238,0.0225993929906676,0.005649791275102543,0.006417193145307749,0.023885952576020383,0.026698802667226573
adaptation,nm_guarino_hard,0.05,12,0.0,5,5,1.1278382539749146,0.39455264806747437,training,50,0,9.984688997268677,0.02532174421170969,0.01782418131787411,0.010534645045649743,0.044908601967490254,0.02075608487795825,0.050910537121864406
adaptation,nm_guarino_hard,0.05,13,0.5,5,5,1.1342852115631104,0.18313561379909515,training,50,0,9.806838035583496,0.01975534744770545,0.059077821915020756,0.004966488266273927,0.019059782304753695,0.018164240930866507,0.038097386865925995
adaptation,nm_guarino_hard,0.05,14,1.0,5,5,0.38556888699531555,0.1575317084789276,training,50,0,10.027765989303589,0.0036854676396343247,0.10931670709216368,8.355093841601046e-05,0.022008763812391977,0.008337148925299149,0.029400096837882677
adaptation,nm_guarino_hard,0.05,15,1.0,5,5,0.3444799780845642,0.06614039838314056,training,50,0,9.846697092056274,0.021099640934887306,0.020511645761313924,0.026593741757842633,0.03548939826627361,0.011408486381105335,0.0002575335056483092
adaptation,nm_guarino_hard,0.05,16,1.0,5,5,0.11882048845291138,0.11270999163389206,training,50,0,9.823889970779419,0.00672866916979123,0.03499179388375118,0.02592918034677167,0.01358778457914724,0.0015420132876677055,0.019322133437976317
adaptation,nm_guarino_hard,0.05,17,1.0,5,5,1.2119731903076172,0.2044152021408081,training,50,0,9.794903039932251,0.011194688724450716,0.036714337406479336,0.042564312908803636,0.08480580044110382,0.011961169550164335,0.0640751091029825
adaptation,nm_guarino_hard,0.05,18,1.0,5,5,0.17018824815750122,0.17018824815750122,init,50,0,9.913415908813477,0.021871129877657425,0.004066084248967039,0.02154511473155986,0.006272706117028122,0.03557479928010635,0.015362795387181499
adaptation,nm_guarino_hard,0.05,19,0.75,5,5,0.6402570009231567,0.22959855198860168,training,50,0,9.770395040512085,0.006456958079692631,0.02812808384955412,0.008856124847471846,0.023430963933364524,0.03871503211245986,0.04404281221887142
adaptation,nm_guarino_hard,0.05,20,1.0,5,5,1.325249195098877,0.1219087466597557,training,50,0,9.623848915100098,0.02015200511203706,0.020486597753417657,0.05193096860377801,0.07975255896070849,0.02291099018018167,0.038856656372169396
adaptation,nm_guarino_hard,0.05,21,1.0,5,5,1.1675400733947754,0.15706953406333923,training,50,0,15.528162956237793,0.033978589797374566,0.07255337007292106,0.019106787091930578,0.004260921562146223,0.0022518288313344804,0.04453631075916117
adaptation,nm_guarino_hard,0.05,22,0.75,5,5,1.2819409370422363,0.187204048037529,training,50,0,9.649621963500977,0.056454899134325845,0.019445576947088927,0.0007060493488738631,0.03319747126370231,0.035116521431524314,0.04980159490253442
adaptation,nm_guarino_hard,0.05,23,0.25,5,5,1.1801685094833374,0.28846418857574463,training,50,0,9.893399000167847,0.060843537393360424,0.0506960707800832,0.007282928741502638,0.050043913029497275,0.013927213878204631,0.0565649085889096
adaptation,nm_guarino_hard,0.05,24,0.75,5,5,1.3347399234771729,0.23364897072315216,training,50,0,9.880128145217896,0.04420196066164841,0.02815303115559331,0.011245256192946031,0.027690287809865596,0.04663059568303176,0.0281730118865322
adaptation,nm_guarino_hard,0.05,25,0.25,5,5,1.1873310804367065,0.3811960816383362,training,50,0,10.315545082092285,0.011029028692911919,0.018297507783984424,0.07661142177127513,0.09278214028438385,0.012725715397992124,0.010142858381588432
adaptation,nm_guarino_hard,0.05,26,1.0,5,5,1.2163337469100952,0.1505238115787506,training,50,0,9.990612983703613,0.020219387510867957,0.04406340230424255,0.008793498669090304,0.011421097683660548,0.02504636852297481,0.06665470106381366
adaptation,nm_guarino_hard,0.05,27,1.0,5,5,1.34144926071167,0.19495932757854462,training,50,0,19.33718514442444,0.008731142704779848,0.02780266310453916,0.011936549818239604,0.0632991396578899,0.028775526671474965,0.06567057654908959
adaptation,nm_guarino_hard,0.05,28,1.0,5,5,1.2829278707504272,0.20642752945423126,training,50,0,9.502061128616333,0.03631870141434539,0.014920666020701301,0.015713550343923858,0.009151174336397219,0.021698593160232236,0.059933991497051406
adaptation,nm_guarino_hard,0.05,29,1.0,5,5,0.14150914549827576,0.12570923566818237,training,50,0,9.644856691360474,0.01484015524611083,0.009194072657185526,0.0044620790087006095,0.0194458565166795,0.011604440098618047,0.0392316589187394
adaptation,nm_guarino_hard,0.1,0,1.0,5,5,0.7222623825073242,0.1775210052728653,training,50,0,9.517180919647217,0.011779127336578817,0.04903628453080211,0.035277454958118265,0.014455109607349073,0.03176998665580199,0.012933664082848396
adaptation,nm_guarino_hard,0.1,1,1.0,5,5,0.07118315994739532,0.05104381591081619,training,50,0,9.54988169670105,0.08285453008457194,0.004601526087354868,0.010518460610259694,0.014467720180935829,0.0487667173623616,0.03282365665225443
adaptation,nm_guarino_hard,0.1,2,1.0,5,5,1.375750184059143,0.20423313975334167,training,50,0,9.628556966781616,0.023496594354166876,0.1277195755209224,0.09080271288669747,0.11486741564838752,0.029360394202174817,0.035781221262978946
adaptation,nm_guarino_hard,0.1,3,0.5,5,5,2.2430195808410645,0.2902551293373108,training,50,0,9.830748081207275,0.01578689156097218,0.006645337144329133,0.023028836010032527,0.030223542929903147,0.0003354370627885432,0.03543910815971267
adaptation,nm_guarino_hard,0.1,4,0.75,5,5,1.306873083114624,0.15953809022903442,training,50,0,11.765296936035156,0.014266955780834678,0.0198731989924108,0.024597777017260115,0.025633253669437295,0.015090525260473117,0.030350373823562343
adaptation,nm_guarino_hard,0.1,5,0.75,5,5,0.4765785038471222,0.2372092306613922,training,50,0,10.732052087783813,0.019440556799575303,0.016725231684571185,0.03442991791554783,0.032583955697450054,0.052183101436210244,0.05433676983807487
adaptation,nm_guarino_hard,0.1,6,0.5,5,5,1.292889952659607,0.27276611328125,training,50,0,9.286489248275757,0.032201362233428815,0.04659943078722417,0.03574992989032921,0.03833456482653105,0.017059137961202595,0.005559039113229655
adaptation,nm_guarino_hard,0.1,7,1.0,5,5,0.7741610407829285,0.17693853378295898,training,50,0,9.959542036056519,0.052720575932587214,0.005421162595784068,0.0062709026513984,0.013246450501963238,0.007506099460433831,0.0044888328972261
adaptation,nm_guarino_hard,0.1,8,0.5,5,5,1.4221910238265991,0.3615339994430542,training,50,0,9.607665061950684,0.02582751033333713,0.02375927572971226,0.02468663915396658,0.110104896779564,0.05083234479440152,0.10735963214574643
adaptation,nm_guarino_hard,0.1,9,-0.21164021164021166,4,5,1.3155301809310913,0.6858060359954834,training,50,0,9.490524768829346,0.07367446640127741,0.026512618865017767,0.12387969684412813,0.026351575782772443,0.028328965446301712,0.02012695610931051
adaptation,nm_guarino_hard,0.1,10,1.0,5,5,0.6003618240356445,0.12983916699886322,training,50,0,9.84405517578125,0.0739534648208782,0.03880158604745132,0.03138298755121759,0.02919610679635184,0.02694916277974189,0.009351619614710469
adaptation,nm_guarino_hard,0.1,11,0.25,5,5,2.1103758811950684,0.3733660876750946,training,50,0,10.718155145645142,0.009487840030614769,0.021760657367903224,0.0211179656465829,0.03755959918591088,0.04957094383402249,0.003812579963107713
adaptation,nm_guarino_hard,0.1,12,0.0,5,5,1.0558927059173584,0.3994345963001251,training,50,0,10.863528966903687,0.04284838824380561,0.00584972629162106,0.0073285389513437675,0.0342566031889578,0.044185110862315524,0.05563622886093478
adaptation,nm_guarino_hard,0.1,13,0.05291005291005289,4,5,1.1066570281982422,0.8396291136741638,training,50,0,9.526446104049683,0.010719664713570864,0.1252678027465377,0.06804680051965811,0.019753840891067968,0.04206223778346443,0.040156752855094575
adaptation,nm_guarino_hard,0.1,14,1.0,5,5,0.8370389938354492,0.05498344451189041,training,50,0,9.611472845077515,0.017585970953457836,0.08359939253785642,0.0063868761526357,0.03945041194119312,0.017637322546379952,0.006513025107441958
adaptation,nm_guarino_hard,0.1,15,1.0,5,5,0.7016463875770569,0.0808061882853508,training,50,0,9.794848918914795,0.0034264853851069524,0.0617135458999134,0.015401220156262399,0.04775432567859696,0.024165811869285826,0.0003677604904410714
adaptation,nm_guarino_hard,0.1,16,1.0,5,5,0.23653292655944824,0.2224135398864746,training,50,0,9.66537594795227,0.013457338339582337,0.06998358776750213,0.05185836069354334,0.027175569158294194,0.005126283946152975,0.03864426687595243
adaptation,nm_guarino_hard,0.1,17,0.75,5,5,1.1628503799438477,0.22772949934005737,training,50,0,9.486857891082764,0.0014998825646641665,0.13439325145824133,0.005582488572310417,0.0415672252599586,0.02110076930766492,0.02070685224780533
adaptation,nm_guarino_hard,0.1,18,0.75,5,5,0.3153655529022217,0.3153655529022217,init,50,0,9.55024528503418,0.04374225975531485,0.008132168497934078,0.04309022946312003,0.01254541223405596,0.07114959856021273,0.030725590774362793
adaptation,nm_guarino_hard,0.1,19,0.0,5,5,1.056291103363037,0.3707115054130554,training,50,1,9.474500179290771,0.007463297857935048,0.04674814023814511,0.007978465351387992,0.03668715058387761,0.05263157894736842,0.06498863886188876
adaptation,nm_guarino_hard,0.1,20,1.0,5,5,1.3912813663482666,0.1206645742058754,training,50,0,9.64705204963684,0.005950816450589351,0.021709356965218474,0.02192320835524634,0.05415532368273318,0.04755470723928904,0.00795876267761498
adaptation,nm_guarino_hard,0.1,21,1.0,5,5,1.1408820152282715,0.21402813494205475,training,50,0,9.639977931976318,0.08257912295799164,0.06930671724989246,0.03748974994883048,0.03300268029822519,0.0021315763524461196,0.06518014965857902
adaptation,nm_guarino_hard,0.1,22,0.75,5,5,1.359389305114746,0.1691027581691742,training,50,0,13.990873098373413,0.044190750652655604,0.004970345366314799,0.06099970099252864,0.10691873427596021,0.05931550152837709,0.0316739462307059
adaptation,nm_guarino_hard,0.1,23,0.75,5,5,1.1634981632232666,0.15911604464054108,training,50,0,9.636304140090942,0.03634824927405008,0.05280984663817412,0.007741753658521273,0.06210864486691008,0.024243460708815896,0.0594470991781098
adaptation,nm_guarino_hard,0.1,24,0.75,5,5,1.4610830545425415,0.32805386185646057,training,50,0,9.701810836791992,0.011625943953096088,0.010135373826014371,0.029858989287415563,0.0655811347398324,0.08665711512355195,0.01692857922821328
adaptation,nm_guarino_hard,0.1,25,0.75,5,5,1.1625934839248657,0.21320559084415436,training,50,0,9.535433292388916,0.006538997781765819,0.016924615418105082,0.02511243721772745,0.04637875087481916,0.02822108263186623,0.06551698683948277
adaptation,nm_guarino_hard,0.1,26,0.0,5,5,1.2030779123306274,0.3760051727294922,training,50,0,10.10792088508606,0.016336463072432427,0.037184465067876316,0.0102161243075702,0.009527929461162614,0.048983775715303414,0.019331283303758086
adaptation,nm_guarino_hard,0.1,27,0.75,5,5,1.4796502590179443,0.3420097529888153,training,50,0,9.386285781860352,0.021986380345517476,0.04082085982935646,0.014950012162615975,0.06165384786405582,0.06309984615069075,0.026827633271067595
adaptation,nm_guarino_hard,0.1,28,1.0,5,5,1.3718942403793335,0.05280783399939537,training,50,0,16.302855014801025,0.05270028964059056,0.014136725252785753,0.040770009121738504,0.05296922932416805,0.03300771185966369,0.009450904368274645
adaptation,nm_guarino_hard,0.1,29,1.0,5,5,0.3045715391635895,0.18015052378177643,training,50,0,9.46317720413208,0.03592507110252392,0.08376319045985126,0.008924158017401219,0.03889171303335871,0.03212875808258075,0.0784633178374788
adaptation,nm_guarino_hard,0.2,0,0.25,5,5,1.8121912479400635,0.7306676506996155,training,50,0,9.418137073516846,0.07732235025126549,0.007250643470525953,0.02872385729888044,0.0033425668232175097,0.05694466076211294,0.16891489523501155
adaptation,nm_guarino_hard,0.2,1,0.5,5,5,0.2717064917087555,0.23482738435268402,training,50,0,9.332347869873047,0.16570906016914388,0.009203052174709736,0.021036921220519072,0.028935440361871657,0.09227027682998633,0.06564731330450886
adaptation,nm_guarino_hard,0.2,2,0.75,5,5,2.8898444175720215,0.4768616557121277,training,50,0,9.376801013946533,0.05799400450608924,0.09036947509384285,0.05591604161710298,0.1512106512750563,0.06101758499518257,0.0676733594191737
adaptation,nm_guarino_hard,0.2,3,1.0,5,5,3.5228044986724854,0.13802701234817505,training,50,0,9.68069314956665,0.027570910099570543,0.08434449735122906,0.023738841828429082,0.045201308662441306,0.0014010871875585152,0.01201301034408451
adaptation,nm_guarino_hard,0.2,4,0.75,5,5,1.4442321062088013,0.3744632601737976,training,50,0,9.46994400024414,0.051028717425351075,0.026335045449630945,0.0027013198142349718,0.04396396677743155,0.024948281688111064,0.1314308556175285
adaptation,nm_guarino_hard,0.2,5,0.75,5,5,0.45452526211738586,0.3715405762195587,training,50,1,9.487956047058105,0.045737536805124226,0.05133171216856103,0.06885983583109566,0.06516791139490039,0.05263157894736842,0.10867353967614954
adaptation,nm_guarino_hard,0.2,6,1.0,5,5,1.3413641452789307,0.14924129843711853,training,50,0,9.41161322593689,0.07080647157895884,0.046051553731372596,0.014969668174865407,0.027742645614046636,0.031965823261491534,0.05428395517011333
adaptation,nm_guarino_hard,0.2,7,0.0,5,5,1.7900358438491821,0.623550295829773,training,50,0,9.495729207992554,0.08751466593021598,0.053540654922464403,0.026936145833581945,0.08111452016033524,0.013125990712944484,0.1113590452509125
adaptation,nm_guarino_hard,0.2,8,0.75,5,5,1.5897525548934937,0.42824646830558777,training,50,0,9.604918956756592,0.008718009284405812,0.10496538917859732,0.02134437121855639,0.17084978916533572,0.09645182177115297,0.12115652410482848
adaptation,nm_guarino_hard,0.2,9,1.0,5,5,0.21445411443710327,0.20080584287643433,training,50,0,9.589102029800415,0.0677962044730465,0.10848894328461856,0.043175224822041655,0.13755196129353264,0.04946860687400783,0.011494129609566934
adaptation,nm_guarino_hard,0.2,10,0.25,5,5,1.4046894311904907,0.22980347275733948,training,50,0,9.498718023300171,0.14882786994898883,0.06513010956114518,0.010095403616798788,0.003998680763209563,0.051710807454506784,0.012703058149434858
adaptation,nm_guarino_hard,0.2,11,1.0,5,5,4.100801467895508,0.27343398332595825,training,50,1,9.42597484588623,0.00016783921522277445,0.04533350254924784,0.03510255245854934,0.06562493476653003,0.05061162406600764,0.05039822383921587
adaptation,nm_guarino_hard,0.2,12,0.25,5,5,2.4705121517181396,0.3400879502296448,training,50,1,9.632495880126953,0.04054953031611838,0.04084561887829041,0.08100081445749525,0.10726173456710768,0.05263157894736842,0.056525032734288876
adaptation,nm_guarino_hard,0.2,13,0.75,5,5,2.7886059284210205,0.14605312049388885,training,50,1,9.635823965072632,0.08970832936928025,0.08060989895295778,0.015468040654514601,0.007250149824615448,0.05223701182752476,0.006895433849961462
adaptation,nm_guarino_hard,0.2,14,0.5,5,5,2.2347497940063477,0.4657254219055176,training,50,0,9.462787866592407,0.007357944335662434,0.19930706668755338,0.032480073917591626,0.054992799555117815,0.030904949991813375,0.08511692508946059
adaptation,nm_guarino_hard,0.2,15,0.25,5,5,1.4595236778259277,0.37690553069114685,training,50,0,9.481030941009521,0.011058780951367206,0.09200227576604081,0.034190010272109814,0.11220103791489634,0.04915073377722216,0.046127808904942114
adaptation,nm_guarino_hard,0.2,16,0.75,5,5,0.512451171875,0.3821810483932495,training,50,0,9.378116130828857,0.011629715417918834,0.19221793013104316,0.10371672138708637,0.05435113831658867,0.00026071228301691613,0.07728853375190486
adaptation,nm_guarino_hard,0.2,17,0.25,5,5,1.0112578868865967,0.6186208128929138,training,50,0,9.589867115020752,0.004411194387673188,0.20785909937786062,0.024543641332294898,0.06875841842384546,0.04198749644390702,0.00631125965611525
adaptation,nm_guarino_hard,0.2,18,0.75,5,5,0.581586480140686,0.42985737323760986,training,50,0,9.523651838302612,0.1037108779186226,0.0809758424497189,0.061569230411928466,0.026041602042447494,0.1407392423446161,0.03620551987770325
adaptation,nm_guarino_hard,0.2,19,0.0,5,5,1.538299560546875,0.24595214426517487,training,50,1,9.583394050598145,0.04986948215961073,0.15644921995189742,0.02672612447954887,0.0119409885405625,0.05194931773879142,0.030087524129325922
adaptation,nm_guarino_hard,0.2,20,0.5,5,5,1.4900981187820435,0.36091333627700806,training,50,1,9.686447858810425,0.006113777311258881,0.04581210836873284,0.01583365889223766,0.05127033874780693,0.09385827645361271,0.046572685632926894
adaptation,nm_guarino_hard,0.2,21,1.0,5,5,1.1121987104415894,0.2189253568649292,training,50,0,9.434537887573242,0.0891173782041529,0.05223743308211892,0.04318887508219752,0.084148073036244,0.006643487420296383,0.04491401382048049
adaptation,nm_guarino_hard,0.2,22,0.5,5,5,2.729031801223755,0.327959805727005,training,50,0,9.572983741760254,0.1584829620731875,0.027830157612322326,0.05737544931082065,0.105987587139455,0.13480538463981845,0.060391971597110634
adaptation,nm_guarino_hard,0.2,23,1.0,5,5,2.4497945308685303,0.09595856815576553,training,50,0,13.331845045089722,0.12087548523943718,0.054801745735411966,0.0855474481475069,0.13805776386190785,0.0466332091907967,0.10781193860398892
adaptation,nm_guarino_hard,0.2,24,0.75,5,5,3.051616668701172,0.41811463236808777,training,50,0,9.546763181686401,0.07872932037557519,0.02830694763961139,0.045465899356732266,0.14251667896322204,0.1634564045924709,0.07497164098328102
adaptation,nm_guarino_hard,0.2,25,0.75,5,5,1.140550136566162,0.3101893365383148,training,50,1,9.56908392906189,0.030018871511827767,0.1200591744809063,0.008457318208848442,0.0011244080488719988,0.05146198830409357,0.14650207944524446
adaptation,nm_guarino_hard,0.2,26,0.31746031746031744,4,5,0.883799135684967,0.7483034729957581,training,50,1,9.632367134094238,0.061024235158045996,0.05548253302774109,0.05603482658629465,0.07149857433409892,0.05164614234666061,0.06969770809834261
adaptation,nm_guarino_hard,0.2,27,0.25,5,5,2.9838497638702393,0.5944575071334839,training,50,0,9.274528980255127,0.07372972335383268,0.10217569899411094,0.026646035019558034,0.13294872430479132,0.11445936856836693,0.04962131108927557
adaptation,nm_guarino_hard,0.2,28,0.75,5,5,2.8221189975738525,0.399606853723526,training,50,0,9.831371068954468,0.03363581268397262,0.0737430411227844,0.0208883981142135,0.029854694470229218,0.07763059244083825,0.07197404713107208
adaptation,nm_guarino_hard,0.2,29,0.5,5,5,0.5581557154655457,0.448438823223114,training,50,1,15.703932762145996,0.1058069129032307,0.03677629062874255,0.017848316034802438,0.0777834260667177,0.05263157894736842,0.15692663567495738
adaptation,nm_guarino_hard,0.4,0,0.0,5,5,2.8292815685272217,0.7876499891281128,training,50,0,9.431225061416626,0.15465371505006878,0.056159113326758714,0.054528268353561136,0.10164711362342843,0.10511342433995387,0.24286445221558536
adaptation,nm_guarino_hard,0.4,1,0.5,5,5,1.1475878953933716,0.30120545625686646,training,50,0,9.319901943206787,0.3101579881090324,0.07839251834840821,0.0013185609613388907,0.11541544722081767,0.1658951239881648,0.0710142026866929
adaptation,nm_guarino_hard,0.4,2,-0.25,5,5,7.0458807945251465,0.8274762630462646,training,50,0,9.443135976791382,0.07742310251606145,0.27885158882519345,0.06991709065253215,0.2895368499734306,0.11624556326028886,0.30671013168162303
adaptation,nm_guarino_hard,0.4,3,1.0,5,5,82.06817626953125,0.21045462787151337,training,50,0,9.43437910079956,0.004616174749103809,0.0834682280116934,0.01894705123639003,0.09264358298478555,0.006986115389731648,0.10135212547680895
adaptation,nm_guarino_hard,0.4,4,0.25,5,5,3.1204724311828613,0.8252921104431152,training,50,0,9.229594945907593,0.08073238349834022,0.05108180018968578,0.07682067271044211,0.15300982919786266,0.05475993735570285,0.23723294943099052
adaptation,nm_guarino_hard,0.4,5,-0.25,5,5,1.4517097473144531,0.8636822700500488,training,50,2,9.601676940917969,0.04837360656389191,0.17577511033124726,0.1111111111111111,0.03685261392929078,0.05263157894736842,0.21734707935229908
adaptation,nm_guarino_hard,0.4,6,0.75,5,5,1.4963459968566895,0.4320026934146881,training,50,0,9.26260232925415,0.12964743346329008,0.1471566586831492,0.005981141416416828,0.16793042527168495,0.07558587321223216,0.22116902748966255
adaptation,nm_guarino_hard,0.4,7,0.5820105820105821,4,5,15.806756973266602,0.8938482999801636,training,50,0,9.361426830291748,0.1945080950398901,0.028828056454131,0.023885061626527065,0.21252167044872863,0.02701616621074864,0.21970558689332254
adaptation,nm_guarino_hard,0.4,8,0.75,5,5,2.9124295711517334,0.8369645476341248,training,50,1,9.318201065063477,0.17391304347826037,0.0666763611888137,0.03164313257162803,0.3194920756366588,0.2157402319092335,0.22064582311458958
adaptation,nm_guarino_hard,0.4,9,-0.25,5,5,1.4276371002197266,0.72118079662323,training,50,1,11.143998146057129,0.13559240894609312,0.2169778865692371,0.07410707376148733,0.20323325269485934,0.05263157894736842,0.022988259219133667
adaptation,nm_guarino_hard,0.4,10,0.31746031746031744,4,5,2.810371160507202,0.7850415110588074,training,50,0,9.517835140228271,0.2876461184443142,0.0017804974879322977,0.18660909853268365,0.022810141321813263,0.10500152181578348,0.1076619093912882
adaptation,nm_guarino_hard,0.4,11,0.0,5,5,27.87655258178711,0.42903539538383484,training,50,2,9.610512018203735,0.022183231139720636,0.06601396416881511,0.05035736476304401,0.06141908680791147,0.05065903942333291,0.009762733575935555
adaptation,nm_guarino_hard,0.4,12,0.25,5,5,6.590943813323975,0.4659252464771271,training,50,1,9.800214767456055,0.08097852616160782,0.07470576244351013,0.0864670241702113,0.14954546178805003,0.05030992324839946,0.09737544969037475
adaptation,nm_guarino_hard,0.4,13,-0.25,5,5,9.033439636230469,0.7288666367530823,training,50,1,9.471594095230103,0.12959783408647108,0.19437421735490723,0.08550943859034767,0.026782411922398525,0.05021537382236636,0.03282952507352255
adaptation,nm_guarino_hard,0.4,14,0.25,5,5,6.080549716949463,0.5535725355148315,training,50,1,9.720268726348877,0.009617924509887356,0.2264746227709189,0.028321315154613873,0.0423417964382827,0.07770516986677263,0.14417567568999712
adaptation,nm_guarino_hard,0.4,15,1.0,5,5,1.5576190948486328,0.1506388634443283,training,50,2,9.600300073623657,0.016980672333301194,0.24511938298591085,0.08494624168063783,0.24681630644053798,0.05174087410455723,0.09349982710833729
adaptation,nm_guarino_hard,0.4,16,0.75,5,5,1.2980263233184814,0.5278336405754089,training,50,2,9.57961392402649,0.04424343122497453,0.25,0.0677678707514095,0.018594945533990027,0.002724497146335766,0.18649133823861105
adaptation,nm_guarino_hard,0.4,17,0.5820105820105821,4,5,0.9275186657905579,0.66646409034729,training,50,2,9.797850131988525,0.08309535617859702,0.21412646396320234,0.0743835919929994,0.0245288698889118,0.05155267560791589,0.036993449159532635
adaptation,nm_guarino_hard,0.4,18,0.25,5,5,0.7534856796264648,0.6138257384300232,training,50,1,9.954732894897461,0.1536494048386692,0.12757272452075785,0.1111111111111111,0.088991772291526,0.294139450229324,0.05867253882798958
adaptation,nm_guarino_hard,0.4,19,0.0,5,5,3.226959466934204,0.7413020133972168,training,50,1,9.688345193862915,0.07289381450905226,0.18728533462283314,0.035772614507563895,0.09462940894872361,0.05215673542609422,0.01806122644590208
adaptation,nm_guarino_hard,0.4,20,0.05291005291005289,4,5,2.8900585174560547,1.4373664855957031,training,50,1,9.576224088668823,0.05963411679957003,0.0021898381076659312,0.1111111111111111,0.03686046783675067,0.18166865828462866,0.2581338465419301
adaptation,nm_guarino_hard,0.4,21,0.05291005291005289,4,5,2.3595831394195557,0.9793604612350464,training,50,0,9.500827074050903,0.2271128326761752,0.1120308664036953,0.0372394358237781,0.1993066502206844,0.002305029438407304,0.09423878409173117
adaptation,nm_guarino_hard,0.4,22,0.75,5,5,3.397228956222534,0.5211504697799683,training,50,0,9.564208984375,0.20709053303968872,0.10432995198341599,0.08033832629534048,0.16922895529145365,0.2311687042815122,0.19841083991629163
adaptation,nm_guarino_hard,0.4,23,0.0,5,5,6.240832805633545,0.32608503103256226,training,50,0,9.493047952651978,0.22096212676511892,0.1274778667958143,0.1730808831417524,0.2662622298301622,0.09095921873417105,0.169852071704113
adaptation,nm_guarino_hard,0.4,24,0.430622009569378,6,5,3.34930419921875,0.8831860423088074,training,50,0,14.868206977844238,0.08577648822631039,0.03183703981165831,0.027314357467778272,0.10062497871478143,0.35182451603945397,0.08534831897013037
adaptation,nm_guarino_hard,0.4,25,0.75,5,5,1.2947607040405273,0.2442060112953186,training,50,1,10.53210997581482,0.02159612096977575,0.2900193735996379,0.08516726896357846,0.06785786219542189,0.05263157894736842,0.14708313781946336
adaptation,nm_guarino_hard,0.4,26,0.5820105820105821,4,5,6.345966815948486,0.7198002338409424,training,50,1,9.49994707107544,0.15148575458417682,0.17856863325539507,0.02531926088549565,0.16745908952986896,0.05047582796435834,0.106397835395783
adaptation,nm_guarino_hard,0.4,27,0.25,5,5,3.5270843505859375,0.9272162318229675,training,50,0,9.608091115951538,0.12863593094722614,0.22609374101819757,0.1111111111111111,0.20696610315556654,0.20001761106126273,0.1587022300133457
adaptation,nm_guarino_hard,0.4,28,0.75,5,5,6.761211395263672,0.5900037288665771,training,50,0,9.576627016067505,0.03373250503675783,0.05569912153839951,0.0684287117403986,0.2639373928637639,0.10202998889927122,0.25586007150086637
adaptation,nm_guarino_hard,0.4,29,0.75,5,5,0.8261110782623291,0.532213568687439,training,50,1,10.13064193725586,0.1610764283287534,0.13752195233241293,0.02773815013156972,0.11750144605073785,0.050847631124862847,0.2252746682727381
adaptation,nm_guarino_hard,0.8,0,0.0,5,5,2.7314364910125732,1.1042900085449219,training,50,3,16.700231075286865,0.1547600163976734,0.03295715174338665,0.08806466330125033,0.09011382459909555,0.22540201775896676,0.22674688597983764
adaptation,nm_guarino_hard,0.8,1,-0.17045454545454547,3,5,4.4997124671936035,1.694326639175415,training,50,0,9.713756084442139,0.665308227036102,0.019314990692234746,0.24445673395979256,0.30894020314759557,0.3492786883141009,0.2269916705685627
adaptation,nm_guarino_hard,0.8,2,-0.25,5,5,9.443164825439453,1.0138338804244995,training,50,1,9.622105121612549,0.009635884015383404,0.36117953500719757,0.10441491812490887,0.3119900601517702,0.19165670922444522,0.3882003185566313
adaptation,nm_guarino_hard,0.8,3,0.13888888888888884,7,5,947.4854736328125,2.6822752952575684,training,50,2,9.380037069320679,0.19999838751545776,0.29332752072264023,0.027751144527156334,0.3999999999999778,0.0021382342494669316,0.5462205451500441
adaptation,nm_guarino_hard,0.8,4,0.5,5,5,7.870632171630859,0.5095466375350952,training,50,2,9.580352067947388,0.10661168223607893,0.1999980637234271,0.09059636915717167,0.2527937594268067,0.06754787164866494,0.20993876749010118
adaptation,nm_guarino_hard,0.8,5,0.05291005291005289,4,5,2.3806278705596924,1.3409591913223267,training,50,2,9.406426191329956,0.06478099586756353,0.3264883286828839,0.1111111111111111,0.20853176075832663,0.05263157894736842,0.3575028493246959
adaptation,nm_guarino_hard,0.8,6,0.75,5,5,1.5160670280456543,0.48025819659233093,training,50,1,9.526866912841797,0.25057198847334566,0.27607328189732927,0.06746762482789753,0.40551242694698003,0.15711071373931054,0.37142857142857144
adaptation,nm_guarino_hard,0.8,7,0.39772727272727276,3,5,30.546815872192383,1.5155984163284302,training,50,2,9.45117712020874,0.41302863370365434,0.04960220202163268,0.0528949219860528,0.33097810235623937,0.050591870599599936,0.2984811459637669
adaptation,nm_guarino_hard,0.8,8,-0.21164021164021166,4,5,2.9955196380615234,1.543731451034546,training,50,1,9.458302974700928,0.08866344205313918,0.27961763952731,0.052747819778875285,0.4,0.41695202822853317,0.5646721163671065
adaptation,nm_guarino_hard,0.8,9,0.5,5,5,1.3773982524871826,0.35801640152931213,training,50,2,9.412758111953735,0.27118481789218624,0.433955773138474,0.1111111111111111,0.47771823743283676,0.05263157894736842,0.04597651843826733
adaptation,nm_guarino_hard,0.8,10,-0.21164021164021166,4,5,21.316333770751953,1.408176302909851,training,50,0,9.776865005493164,0.5937117668438945,0.07208139354663068,0.1611563071693338,0.17678189334207217,0.22403516415467703,0.10450235319016322
adaptation,nm_guarino_hard,0.8,11,-0.0478468899521531,6,5,937.7918090820312,1.89131498336792,training,50,3,9.595091819763184,0.04539304740986873,0.4745122725533455,0.06087956545597895,0.39999999999997043,0.047932987514807124,0.6285714285714286
adaptation,nm_guarino_hard,0.8,12,-0.06944444444444445,1,5,10.600743293762207,9.501165390014648,training,50,2,10.157895803451538,0.17391304347826086,0.24275194458980587,0.5932567480120775,0.10762832798744854,0.05263157894736842,0.22046306550992734
adaptation,nm_guarino_hard,0.8,13,0.0,0,5,10.124396324157715,10.001667976379395,training,50,3,11.124457120895386,0.15721357428281743,0.25,0.5029143059190605,0.395187758183763,0.05042054725290593,0.05737213952434794
adaptation,nm_guarino_hard,0.8,14,0.0,5,5,29.342275619506836,0.8125067949295044,training,50,2,11.803890943527222,0.1276618382548562,0.11783781670809845,0.07398465432815884,0.08088651687220903,0.13886328931684427,0.1554966294349967
adaptation,nm_guarino_hard,0.8,15,0.25,5,5,1.0056596994400024,0.3270563781261444,training,50,2,10.375434875488281,0.0034837451428853436,0.5357722114055345,0.0650904312051624,0.4104084515927047,0.05197985792991505,0.20936067217599583
adaptation,nm_guarino_hard,0.8,16,0.05291005291005289,4,5,2.3603038787841797,1.1760592460632324,training,50,2,17.742902994155884,0.08365216528993814,0.22089352135264928,0.1111111111111111,0.17149495096235598,0.003300469774496121,0.29985829261827185
adaptation,nm_guarino_hard,0.8,17,0.5820105820105821,4,5,4.6447930335998535,0.9518155455589294,training,50,2,10.929228067398071,0.07698343658942591,0.19208210138337223,0.056524800665231585,0.007801735055534778,0.05169379848290145,0.0883859578825262
adaptation,nm_guarino_hard,0.8,18,0.0,5,5,1.5337395668029785,0.7194975018501282,training,50,1,10.800410985946655,0.3289956166983879,0.023772629195772277,0.030827963499241186,0.09505516300393083,0.5647475475802985,0.23439953655298454
adaptation,nm_guarino_hard,0.8,19,0.05291005291005289,4,5,73.10028076171875,0.6677725315093994,training,50,2,10.74255895614624,0.03237915381908762,0.1770687273759406,0.1407835704904727,0.14348501816491763,0.05147746986404768,0.017100705055346613
adaptation,nm_guarino_hard,0.8,20,0.25,5,5,6.962976455688477,0.7913675308227539,training,50,2,10.731943845748901,0.01248716463155935,0.03135864230457153,0.1111111111111111,0.03266347717800727,0.3575361526105761,0.06295279552026127
adaptation,nm_guarino_hard,0.8,21,0.05291005291005289,4,5,6.384160995483398,1.0809721946716309,training,50,2,10.679574966430664,0.3946291931373595,0.11084626079881676,0.1111111111111111,0.39535967896370494,0.00016613507182550754,0.19197117493962504
adaptation,nm_guarino_hard,0.8,22,0.75,5,5,7.10048246383667,0.8255577683448792,training,50,0,10.481650114059448,0.3015799695014055,0.28999654903428573,0.13542036736673993,0.15685139496823525,0.548314820600934,0.20517741620082616
adaptation,nm_guarino_hard,0.8,23,-0.25,5,5,10.002861022949219,0.4418240487575531,training,50,1,10.479416131973267,0.38277201567809205,0.17030854800764095,0.17247002111118345,0.24738460228748466,0.18052059873236037,0.384041448383281
adaptation,nm_guarino_hard,0.8,24,0.0,5,5,7.167376518249512,1.2866202592849731,training,50,0,10.76059079170227,0.1155792736611162,0.001532667570444124,0.1111111111111111,0.08380399577713007,0.6896635353585366,0.05462610242124981
adaptation,nm_guarino_hard,0.8,25,0.05291005291005289,4,5,2.657369613647461,1.3180075883865356,training,50,1,19.864293098449707,0.003679641103035613,0.5964602320435677,0.04296077464830558,0.030015638715082105,0.05084169614708928,0.4490756117226868
adaptation,nm_guarino_hard,0.8,26,0.0,0,5,10.118523597717285,10.005192756652832,training,50,2,10.058559894561768,0.31119452328069946,0.25,0.4933002441905766,0.24598701995203215,0.05096202440257022,0.3251322751322752
adaptation,nm_guarino_hard,0.8,27,-0.17045454545454547,3,5,7.433824062347412,3.7803778648376465,training,50,1,9.97808313369751,0.10978708176775764,0.4832021244973599,0.09572707087296142,0.13381143840048482,0.4967454092606711,0.028756775800591834
adaptation,nm_guarino_hard,0.8,28,0.25,5,5,9.291955947875977,0.9497210383415222,training,50,0,9.924920082092285,0.17238536848126362,0.18317641577910204,0.10832888437571013,0.1357046152418269,0.20294049847227716,0.533657649875972
adaptation,nm_guarino_hard,0.8,29,0.5,5,5,1.3802769184112549,1.2306904792785645,training,50,2,9.640698909759521,0.17391304347826086,0.15866577716728125,0.016178150894515082,0.31521740921482544,0.05226217120304189,0.6278279510046214
initial_bursting,nm_guarino_hard,0.02,0,0.9999999999999999,7,7,0.026528142392635345,0.026528142392635345,init,50,0,10.615716934204102,0.010662936953356883,0.013650446237751579,0.00494232033139023,0.0002904765529200404,0.0004170932774554153,0.008676532680225689
initial_bursting,nm_guarino_hard,0.02,1,0.9999999999999999,7,7,0.10195702314376831,0.03373372554779053,training,50,0,18.592048168182373,0.007419520907184748,0.0662077720377563,0.009815218600774262,0.008549577242325199,0.0011721304867323174,0.0009429982221176049
initial_bursting,nm_guarino_hard,0.02,2,0.9999999999999999,7,7,0.2630833387374878,0.0412290133535862,training,50,0,10.008884906768799,0.04292374923454966,0.010083032255722602,0.009363555293553974,0.014450317041065261,0.0006576341239795493,0.0010645427572727937
initial_bursting,nm_guarino_hard,0.02,3,0.9999999999999999,7,7,0.20574617385864258,0.05536004528403282,training,50,0,10.163064002990723,0.002495957939536484,0.007374916441305723,0.0261200273323807,0.00889293909524838,0.000800542458156972,2.7801142909262515e-05
initial_bursting,nm_guarino_hard,0.02,4,0.9999999999999999,7,7,0.37701648473739624,0.08433768153190613,training,50,0,10.023045063018799,0.012564462112355495,0.007186466914866241,0.014856109897966817,0.015178755862700087,0.00977042485551298,0.005049670750204476
initial_bursting,nm_guarino_hard,0.02,5,0.9999999999999999,7,7,0.24479641020298004,0.07886651903390884,training,50,0,12.217353820800781,0.021324956050453328,0.021323989515327657,0.015652700415721674,0.0007729875311585488,0.0038966201494468875,0.004483809081699519
initial_bursting,nm_guarino_hard,0.02,6,0.9999999999999999,7,7,0.19641253352165222,0.0430498942732811,training,50,0,22.721961975097656,0.003493280805102596,0.0050661727353946695,0.016904487872988563,0.018342182513515014,0.002686825072439891,0.007788666494557057
initial_bursting,nm_guarino_hard,0.02,7,0.9999999999999999,7,7,0.1639583706855774,0.049322642385959625,training,50,0,14.550352096557617,0.017304458783188613,0.022141465104281055,0.011888197083238891,0.005867569469517093,0.006467968273225424,0.0014610615661069914
initial_bursting,nm_guarino_hard,0.02,8,0.9999999999999999,7,7,0.15041492879390717,0.04171057045459747,training,50,0,18.943238019943237,0.0007469524777576452,0.07331975754664932,0.009679025771052667,0.00633762419577323,0.01222281727166195,0.003164240912412554
initial_bursting,nm_guarino_hard,0.02,9,0.9999999999999999,7,7,0.156290203332901,0.06445585191249847,training,50,0,11.806487798690796,0.009390660875095344,0.015221732097276952,0.0026872230234324156,0.008364505835868386,0.002119523962905034,0.01026087727678779
initial_bursting,nm_guarino_hard,0.02,10,0.9999999999999999,7,7,0.05608000606298447,0.04983193799853325,training,50,0,11.686171054840088,0.014621190270704278,0.023797591389230544,0.0130345100502148,0.009281210579472373,0.0051865834849193935,0.007382175068367758
initial_bursting,nm_guarino_hard,0.02,11,0.9999999999999999,7,7,0.17505338788032532,0.08877255022525787,training,50,0,12.899595975875854,0.002797727077422283,0.027326392153393275,0.0039854784665777744,0.02333809992894771,0.01020507798831295,0.0029921955708585657
initial_bursting,nm_guarino_hard,0.02,12,0.9999999999999999,7,7,0.47525835037231445,0.06630630046129227,training,50,0,11.496174097061157,0.010713620615009335,0.003452642029672326,0.010363715442244686,5.845685220151609e-06,0.010555155462532063,0.007071663035646988
initial_bursting,nm_guarino_hard,0.02,13,0.9999999999999999,7,7,0.11361654102802277,0.01002725400030613,training,50,0,11.230807065963745,0.006945708332416144,0.06324887459020778,0.013313927120325768,0.0028313082271864687,0.0034592631812000335,0.012409875031638202
initial_bursting,nm_guarino_hard,0.02,14,0.9999999999999999,7,7,0.20301410555839539,0.04457104951143265,training,50,0,10.90001893043518,0.0016672655700268064,0.06314941228013238,0.0025053262756147077,0.009110779952049768,0.0005461642485799588,0.003756471312781733
initial_bursting,nm_guarino_hard,0.02,15,0.9999999999999999,7,7,0.22750289738178253,0.07782886922359467,training,50,0,10.948671102523804,0.00024564003042715026,0.0016235363966972116,0.010187833478965066,0.0051473679515743245,0.005137195947480107,0.002245858870427599
initial_bursting,nm_guarino_hard,0.02,16,0.9999999999999999,7,7,0.17674235999584198,0.043591927736997604,training,50,0,10.653103113174438,0.0014605131551313068,0.02367318361350801,0.0022676686260436124,0.004589165294822806,0.002885032081935848,0.0024715065831813375
initial_bursting,nm_guarino_hard,0.02,17,0.9999999999999999,7,7,0.26363199949264526,0.08364494889974594,training,50,0,11.478543758392334,0.03648741729798357,0.003209270476483894,0.04140666812637682,0.0081784600912124,0.0002061191374519141,0.004433806617207178
initial_bursting,nm_guarino_hard,0.02,18,0.9999999999999999,7,7,0.03648679330945015,0.03611727058887482,training,50,0,10.7619309425354,0.010088550001265038,0.03263883106029297,0.020994726283834097,0.0039560458302076995,0.006064732627696228,0.004189598185354677
initial_bursting,nm_guarino_hard,0.02,19,0.9999999999999999,7,7,0.11418750882148743,0.05936422571539879,training,50,0,11.009171962738037,0.006108382871532384,0.014069849431034509,0.009133885904353494,0.003773433221994651,0.006734982377967331,0.004039815602914132
initial_bursting,nm_guarino_hard,0.02,20,0.9999999999999999,7,7,0.05330652743577957,0.04624731093645096,training,50,0,11.151217699050903,0.011758450567710655,0.007638439107101158,0.005176266945854182,0.0045599282036772595,0.008056195896233952,0.009088044624822293
initial_bursting,nm_guarino_hard,0.02,21,0.9999999999999999,7,7,0.0468895360827446,0.0468895360827446,init,50,0,10.723607778549194,0.0010186683335847567,0.0023700756608893148,0.005036680523105651,0.007716555023892795,0.0073406026668173235,0.015954536550684597
initial_bursting,nm_guarino_hard,0.02,22,0.9999999999999999,7,7,0.13419762253761292,0.05103267356753349,training,50,0,10.703464984893799,0.0018595201138750731,0.018990565920299574,0.01449870805997288,0.00045635213526907137,0.014066082333567443,0.01147880398083032
initial_bursting,nm_guarino_hard,0.02,23,0.9999999999999999,7,7,0.20179001986980438,0.07901053130626678,training,50,0,10.360368967056274,0.007165989962508512,0.0029999747494589,0.010933606934133876,0.009247872516535836,0.007537879831594047,0.010609224221753826
initial_bursting,nm_guarino_hard,0.02,24,0.9999999999999999,7,7,0.08802227675914764,0.07533837109804153,training,50,0,10.789929866790771,0.005193553341324461,0.007015937304924336,0.01595061832218347,0.007548998986641209,0.008290666860398657,0.00758077971860059
initial_bursting,nm_guarino_hard,0.02,25,0.9999999999999999,7,7,0.15104565024375916,0.03888843581080437,training,50,0,10.655220985412598,0.012351413943927424,0.07397342413789842,0.002726603821632049,0.0033543959479729324,0.010369366368864102,0.0013533669333680466
initial_bursting,nm_guarino_hard,0.02,26,0.9999999999999999,7,7,0.10813899338245392,0.04812684655189514,training,50,0,17.348961114883423,0.006923037358868224,0.022122369134839115,0.012788708685125192,0.0063661395634989045,0.005755457459270244,0.006310747150484376
initial_bursting,nm_guarino_hard,0.02,27,0.9999999999999999,7,7,0.19411686062812805,0.041696108877658844,training,50,0,10.19483494758606,0.00226139149926795,0.012828052088551756,0.017537230961973984,0.0019442780752424937,0.016324710826524175,0.008366179129734723
initial_bursting,nm_guarino_hard,0.02,28,0.9999999999999999,7,7,0.25834354758262634,0.08644908666610718,training,50,0,10.31793999671936,0.011721493082554794,0.01947522837343496,0.014763814208298717,0.0165950368834865,0.013906227465055444,0.009611472343239922
initial_bursting,nm_guarino_hard,0.02,29,0.9999999999999999,7,7,0.04310857504606247,0.04285480082035065,training,50,0,9.9265718460083,0.003895395151407461,0.010391085415905499,0.0007907443059214833,0.006949702757756882,0.0069985599991663735,0.009568487979742558
initial_bursting,nm_guarino_hard,0.05,0,0.9999999999999999,7,7,0.0702325776219368,0.043270111083984375,training,50,0,10.047348976135254,0.02665734238339202,0.034126115594378836,0.012355800828475417,0.0007261913822998167,0.0063580277480572945,0.021691331700564424
initial_bursting,nm_guarino_hard,0.05,1,0.9999999999999999,7,7,0.2738869786262512,0.09425517916679382,training,50,0,10.78139066696167,0.0031751444778995333,0.06417399615758534,0.001435127734073818,0.0043100323782266515,0.005344062267367184,0.019247774228300128
initial_bursting,nm_guarino_hard,0.05,2,0.9999999999999999,7,7,0.7011163830757141,0.07855461537837982,training,50,0,19.253209829330444,0.015458818882014523,0.024950296440342967,0.032290772010194424,0.022270100972653493,0.003702296314801071,0.009102041119436827
initial_bursting,nm_guarino_hard,0.05,3,0.9999999999999999,7,7,0.5880112648010254,0.03725879639387131,training,50,0,10.048912048339844,0.02094798862042625,0.00879556567433859,0.02436340422921843,0.012537562955397447,0.006855679165829772,0.01662007604548218
initial_bursting,nm_guarino_hard,0.05,4,0.9999999999999999,7,7,0.8397060036659241,0.07194818556308746,training,50,0,10.040527820587158,0.009256666884549803,0.00790258681612821,0.032844475724983606,0.03820225318070612,0.021342702831227328,0.04125832117362417
initial_bursting,nm_guarino_hard,0.05,5,0.9999999999999999,7,7,0.6137629747390747,0.11309850960969925,training,50,0,10.020872831344604,0.008248877029884576,0.024326014522121797,0.031245828176405945,0.021190673634074245,0.008195256932719578,0.01324372865695206
initial_bursting,nm_guarino_hard,0.05,6,0.9999999999999999,7,7,0.6578770279884338,0.05458394065499306,training,50,0,9.806747913360596,0.007400148172429202,0.029279097723561742,0.06808468644185742,0.037811975914149795,0.006130948686269545,0.0059512443821721
initial_bursting,nm_guarino_hard,0.05,7,0.9999999999999999,7,7,0.4814246594905853,0.06455696374177933,training,50,0,10.055284023284912,0.0105839500401828,0.046753371827369605,0.005475499568806994,0.0060839857563425425,0.013064961983106355,0.015758478572249553
initial_bursting,nm_guarino_hard,0.05,8,0.9999999999999999,7,7,0.6273608803749084,0.0969325453042984,training,50,0,10.224365949630737,0.023177761416782825,0.05501096702077368,0.006678947844685328,0.010431153782365072,0.029443810932509296,0.0183342321227877
initial_bursting,nm_guarino_hard,0.05,9,0.9999999999999999,7,7,0.38613361120224,0.10263125598430634,training,50,0,10.27539324760437,0.0261351321382318,0.04935286902733926,0.013419201567072037,0.03273226599966847,0.007981874499026612,0.035194238668524794
initial_bursting,nm_guarino_hard,0.05,10,0.9999999999999999,7,7,0.14045391976833344,0.11596864461898804,training,50,0,10.107676982879639,0.02203389453510948,0.020563058004941848,0.024425491940189028,0.004282580192307819,0.008686574570302091,0.01189682365232118
initial_bursting,nm_guarino_hard,0.05,11,0.9999999999999999,7,7,0.4330396056175232,0.1076359748840332,training,50,0,10.248178005218506,0.03625822573415971,0.04915129726541134,0.013727921930703562,0.017119741887546523,0.023851352239244155,0.004288658293430509
initial_bursting,nm_guarino_hard,0.05,12,0.9999999999999999,7,7,0.8110345005989075,0.09311626106500626,training,50,0,10.20212697982788,0.024402988099640147,0.03266073358717847,0.053653459786192396,0.005664398004901443,0.02765926667666989,0.0015114141603764404
initial_bursting,nm_guarino_hard,0.05,13,0.9999999999999999,7,7,0.3055650591850281,0.04624639078974724,training,50,0,10.392752170562744,0.06171074524215758,0.0017830347385898726,0.033284817800814416,0.007078270567966172,0.008648157953000071,0.031024687579095607
initial_bursting,nm_guarino_hard,0.05,14,0.9999999999999999,7,7,0.6504820585250854,0.07110995799303055,training,50,0,10.127523183822632,0.015810809450139032,0.04766889332414026,0.0011996133187712607,0.016136740537216667,0.0008344018095319992,0.005077866436990267
initial_bursting,nm_guarino_hard,0.05,15,0.8015873015873016,7,7,0.5655608773231506,0.12182122468948364,training,50,0,10.415501117706299,0.007208966566552926,0.005589332837566019,0.04959212504562313,1.588579986218974e-05,0.009669379108269044,0.0024518280481128077
initial_bursting,nm_guarino_hard,0.05,16,0.9999999999999999,7,7,0.6889411807060242,0.06820035725831985,training,50,0,10.259789943695068,0.013437141918511671,0.008603493847378907,0.012965807088273587,0.019546113738595636,0.004202310853743966,0.007363509439151577
initial_bursting,nm_guarino_hard,0.05,17,0.9999999999999999,7,7,0.6545398235321045,0.13394609093666077,training,50,0,10.088844060897827,0.02129446110176406,0.044119680328508215,0.05025998012399795,0.008847079557023107,0.006110869052153014,0.020599131526592325
initial_bursting,nm_guarino_hard,0.05,18,0.9999999999999999,7,7,0.10000134259462357,0.0342879481613636,training,50,0,10.287507057189941,0.01919358485880297,0.1165440391379593,0.02800245513757381,0.00612059172899535,0.008098098310196226,0.011167069758710926
initial_bursting,nm_guarino_hard,0.05,19,0.9999999999999999,7,7,0.2777460515499115,0.08160626143217087,training,50,0,10.058439016342163,0.0015391217510473672,0.008902678223085214,0.008342229680923512,0.0047197942392421055,0.019776989898168493,0.016181262911481198
initial_bursting,nm_guarino_hard,0.05,20,0.9999999999999999,7,7,0.12208914011716843,0.0779438465833664,training,50,0,10.0848548412323,0.013218595857748152,0.010971684203830323,0.010833317261549446,0.00860801629596267,0.01572905137998838,0.01627365390171503
initial_bursting,nm_guarino_hard,0.05,21,0.9999999999999999,7,7,0.12091300636529922,0.0741424709558487,training,50,0,9.974289894104004,0.01627658337638472,0.023099484675165538,0.017906330422026585,0.01786962260062637,0.021235477379980466,0.03171451204985455
initial_bursting,nm_guarino_hard,0.05,22,0.9999999999999999,7,7,0.3799266815185547,0.06881406158208847,training,50,0,10.265836000442505,0.001067043138667516,0.00013189348255138178,0.03408990304716579,0.012771752403150458,0.03673442325865841,0.006538438014407941
initial_bursting,nm_guarino_hard,0.05,23,0.9999999999999999,7,7,0.4926106035709381,0.1047993004322052,training,50,0,10.012237071990967,0.05731697610394495,0.022928215975541733,0.02814518233614144,0.027827928240096184,0.020468601826323596,0.02139745577372147
initial_bursting,nm_guarino_hard,0.05,24,0.9999999999999999,7,7,0.21282920241355896,0.08789962530136108,training,50,0,10.100752115249634,0.012651581104623603,0.013301543749361544,0.02480345946194752,0.002845936019556632,0.016059534300725476,0.013866889343156328
initial_bursting,nm_guarino_hard,0.05,25,0.9999999999999999,7,7,0.42129623889923096,0.07342648506164551,training,50,0,10.031245946884155,0.018492818102753193,0.040233564615297146,0.019588079560980038,0.018777722373039298,0.025420550437869036,0.0098213639649312
initial_bursting,nm_guarino_hard,0.05,26,0.9999999999999999,7,7,0.289705365896225,0.0386781208217144,training,50,0,10.09883713722229,0.032244705860182424,0.05334063882951945,0.0044118073365274945,0.02855173294355211,0.015695031989885377,0.011059811276161976
initial_bursting,nm_guarino_hard,0.05,27,0.9999999999999999,7,7,0.7295190095901489,0.06717327237129211,training,50,0,10.143371105194092,0.016366449862451428,0.0037508214377794946,0.07620867121550501,0.004250856939875973,0.04270041938250701,0.019350500359590024
initial_bursting,nm_guarino_hard,0.05,28,0.9999999999999999,7,7,0.6274833083152771,0.11551257222890854,training,50,0,16.999194860458374,0.026258616775193203,0.027990979921435954,0.030502751166112792,0.07462587089571684,0.031306167743295206,0.0377557702303201
initial_bursting,nm_guarino_hard,0.05,29,0.9999999999999999,7,7,0.13486965000629425,0.023717764765024185,training,50,0,10.255821943283081,0.008725891587555601,0.06595164143323218,0.01938756263217114,0.022027450579379604,0.0266075631143438,0.006074625739596635
initial_bursting,nm_guarino_hard,0.1,0,0.9999999999999999,7,7,0.16695766150951385,0.05536855757236481,training,50,0,10.418876886367798,0.043938264289904855,0.12270823400511732,0.03880680896558033,0.004986043044473263,0.001610139876456973,0.031409956804925594
initial_bursting,nm_guarino_hard,0.1,1,0.9999999999999999,7,7,0.6431397795677185,0.02064174972474575,training,50,0,9.993726968765259,0.0267154921488337,0.03848955236704188,0.06141548030208115,0.012928087474006702,0.010884339139364462,0.00997489537469554
initial_bursting,nm_guarino_hard,0.1,2,0.9999999999999999,7,7,0.984565019607544,0.09342759102582932,training,50,0,10.886752128601074,0.014207638512474976,0.012935126658895957,0.0032481172109407276,0.018983749686005354,0.005452383149431353,0.007915957750050495
initial_bursting,nm_guarino_hard,0.1,3,0.9999999999999999,7,7,0.8680568933486938,0.03363914042711258,training,50,0,11.182331323623657,0.039531856017377166,0.04034686002164678,0.007145389799612505,0.046674934442044104,0.017367022425170086,0.011601875291173411
initial_bursting,nm_guarino_hard,0.1,4,0.9999999999999999,7,7,1.4495697021484375,0.08922971785068512,training,50,0,17.835982084274292,0.016801277763417735,0.005075443151093539,0.0022744285351996673,0.051739260196851544,0.037068692944254404,0.01729033494433797
initial_bursting,nm_guarino_hard,0.1,5,0.9999999999999999,7,7,0.9499531388282776,0.07429121434688568,training,50,0,10.034317970275879,0.04905334679814433,0.04264297880539081,0.06382697878614939,0.010472146277983825,0.011198702038653743,0.0067171035542356455
initial_bursting,nm_guarino_hard,0.1,6,0.0079365079365079,7,7,0.7757112979888916,0.12639477849006653,training,50,0,9.941518783569336,0.022296389644960952,0.059613415032613304,0.056317964137714525,0.03727887907322355,0.014420752784556392,0.0003614171083323673
initial_bursting,nm_guarino_hard,0.1,7,0.9999999999999999,7,7,0.754584014415741,0.05766119807958603,training,50,0,9.69416069984436,0.004170067495068284,0.056346545905071155,0.004081554139592451,0.013097104690178867,0.03171427811887845,0.050031345667076316
initial_bursting,nm_guarino_hard,0.1,8,0.9999999999999999,7,7,0.7320054769515991,0.13516613841056824,training,50,1,10.239075899124146,0.0037347623887882264,0.05152265498404418,0.04839512885526397,0.03168812097886587,0.05263157894736842,0.0662448780669769
initial_bursting,nm_guarino_hard,0.1,9,0.9999999999999999,7,7,0.6995189785957336,0.07738950103521347,training,50,0,9.765499114990234,0.05046091773470889,0.09276745863328872,0.06307357699100401,0.040406692274531225,0.01838635128485175,0.031219704090823898
initial_bursting,nm_guarino_hard,0.1,10,0.9999999999999999,7,7,0.27769261598587036,0.05018157139420509,training,50,0,10.123339176177979,0.05778693326275721,0.011394118941282727,0.018719405618998052,0.010276276364434693,0.012905835674289734,0.03425213937068869
initial_bursting,nm_guarino_hard,0.1,11,0.9999999999999999,7,7,0.8846139311790466,0.09363067150115967,training,50,0,10.05475902557373,0.016854080089668197,0.09614844715898174,0.06771854682852892,0.0206872741484176,0.046699817756572316,0.017346603453343944
initial_bursting,nm_guarino_hard,0.1,12,0.9999999999999999,7,7,1.672951340675354,0.1424519121646881,training,50,1,9.877147197723389,0.007588639252716319,0.04590007493313175,0.03357861352720401,0.0285220280031524,0.05204126758548133,0.022011371300811787
initial_bursting,nm_guarino_hard,0.1,13,0.9999999999999999,7,7,0.615201473236084,0.0685945451259613,training,50,0,9.9653959274292,0.03753681449985557,0.002356056121502581,0.006434375393127804,0.014174287350178361,0.017950945248990078,0.05086458764315499
initial_bursting,nm_guarino_hard,0.1,14,0.8015873015873016,7,7,0.7944199442863464,0.13858726620674133,training,50,0,10.039998292922974,0.0001108405366590867,0.09536829628008969,0.0010194374155970663,0.005296966774296834,0.0018909154110420736,0.006733136882541706
initial_bursting,nm_guarino_hard,0.1,15,0.9999999999999999,7,7,0.8692634105682373,0.05350387841463089,training,50,0,10.715537071228027,0.03342389690193868,0.01515203431684875,0.01165235309808755,0.0054448178076302155,0.019984242586306367,0.0029409388127423393
initial_bursting,nm_guarino_hard,0.1,16,0.9999999999999999,7,7,0.733205258846283,0.07840210199356079,training,50,0,11.932549238204956,0.04762853729230845,0.020084666271302565,0.010505417333615697,0.05662368424267782,0.005363616782262907,0.025938138831912334
initial_bursting,nm_guarino_hard,0.1,17,0.9999999999999999,7,7,0.9192752242088318,0.07042824476957321,training,50,0,10.07020092010498,0.02826868821448072,0.041031048049169794,0.011168239952966195,0.003019493095322332,0.016686196248659396,0.0069211658235650885
initial_bursting,nm_guarino_hard,0.1,18,0.9999999999999999,7,7,0.22374369204044342,0.0954945757985115,training,50,0,9.947378873825073,0.01167994476211729,0.12054328825663863,0.0034199820174693387,0.005414167528054463,0.019646490039652173,0.047748895847609725
initial_bursting,nm_guarino_hard,0.1,19,0.9999999999999999,7,7,0.5291793346405029,0.0884016826748848,training,50,0,11.626946210861206,0.013451329065062212,0.01410931649790692,0.0341188452434832,0.04159195087211231,0.03924379833795684,0.033308099613697704
initial_bursting,nm_guarino_hard,0.1,20,0.9999999999999999,7,7,0.21936315298080444,0.09786544740200043,training,50,0,10.010706901550293,0.033630243249914975,0.02945691481566448,0.043399859818042175,0.043169050472845354,0.03200755850894581,0.03160699410732418
initial_bursting,nm_guarino_hard,0.1,21,0.9999999999999999,7,7,0.26933297514915466,0.0829693153500557,training,50,0,9.927937030792236,0.0031127743021544495,0.07837012245586616,0.06736081203845225,0.04234398455835389,0.03511980650211596,0.04585067854102809
initial_bursting,nm_guarino_hard,0.1,22,0.9999999999999999,7,7,0.46061640977859497,0.09916400909423828,training,50,1,10.044798135757446,0.015021904283553735,0.02222287912119225,0.06643058666281262,0.02349402527168195,0.05232242307778414,0.014910797376496783
initial_bursting,nm_guarino_hard,0.1,23,0.9999999999999999,7,7,0.7983759045600891,0.05974332243204117,training,50,0,10.396651029586792,0.019404024836958047,0.03578142616037061,0.05043478096118987,0.012020080296708783,0.03728644229916492,0.01787748530206049
initial_bursting,nm_guarino_hard,0.1,24,0.9999999999999999,7,7,0.41648542881011963,0.1947971135377884,training,50,0,10.096986055374146,0.040172287116398246,0.006514143860813615,0.01968956315043392,0.006584149310308476,0.0263422732218709,0.03470597884758848
initial_bursting,nm_guarino_hard,0.1,25,0.9999999999999999,7,7,0.7892153263092041,0.1102270856499672,training,50,0,10.094649076461792,0.05453937463995322,0.05750262904394399,0.08143548788195669,0.01951288052510023,0.051820112745375915,0.000835979822459925
initial_bursting,nm_guarino_hard,0.1,26,0.9999999999999999,7,7,0.641342043876648,0.03714660927653313,training,50,0,10.225273132324219,0.01746821316553327,0.03707675806176369,0.026870925150116264,0.06181281135797917,0.036219145266256345,0.0020336637029515713
initial_bursting,nm_guarino_hard,0.1,27,0.9999999999999999,7,7,0.7904042601585388,0.10772236436605453,training,50,1,10.097170114517212,0.03850484604391078,0.004733671608013967,0.09174757397595512,0.017200549542451996,0.05252102004470079,0.006627122663470735
initial_bursting,nm_guarino_hard,0.1,28,0.9999999999999999,7,7,0.8500028848648071,0.0805860236287117,training,50,0,10.319597959518433,0.02246439237935622,0.07063518375937017,0.020248073199018928,0.08499605950583089,0.06799149757389351,0.006394907255593044
initial_bursting,nm_guarino_hard,0.1,29,0.9999999999999999,7,7,0.2546333968639374,0.0706072524189949,training,50,1,16.027967929840088,0.0031104053161409013,0.05512057265300596,0.0572908547644349,0.03989916123647333,0.0508365394786339,0.000966349986157817
initial_bursting,nm_guarino_hard,0.2,0,0.9999999999999999,7,7,0.5492380857467651,0.06171317398548126,training,50,0,10.293154239654541,0.11122432340268446,0.17106122845956429,0.06289210810364333,0.0046268861320510266,0.0066478827609402985,0.05129600005467207
initial_bursting,nm_guarino_hard,0.2,1,0.9999999999999999,7,7,1.279214859008789,0.21472132205963135,training,50,0,10.115796327590942,0.02929542044495317,0.0007795427008203681,0.08523104625439196,0.031219008695251772,0.027636040517855252,0.03868507006912003
initial_bursting,nm_guarino_hard,0.2,2,0.6031746031746031,7,7,2.1605870723724365,0.27180492877960205,training,50,0,9.87692403793335,0.022377639790382847,0.06909901610106073,0.023979205868663676,0.004208528226326394,0.005778042652943426,0.02977542378061153
initial_bursting,nm_guarino_hard,0.2,3,0.6031746031746031,7,7,2.1656076908111572,0.2591734528541565,training,50,0,10.724163293838501,0.04466363304941185,0.035302821494346937,0.08956484755960269,0.06278064519334038,0.03149874173243239,0.0530607638416423
initial_bursting,nm_guarino_hard,0.2,4,0.34509803921568627,8,7,2.632366418838501,0.2830749750137329,training,50,0,10.25571608543396,0.049495874012451,0.10219896238390058,0.024795313848229878,0.11036178436885337,0.0887456468292949,0.029801496594784486
initial_bursting,nm_guarino_hard,0.2,5,0.9999999999999999,7,7,1.9848400354385376,0.17481613159179688,training,50,0,18.46884799003601,0.011832232834434263,0.0656261279983521,0.06177811259950816,0.03752419991132228,0.021071001506138526,0.033967678739938174
initial_bursting,nm_guarino_hard,0.2,6,0.9999999999999999,7,7,1.5078188180923462,0.16920630633831024,training,50,0,10.001410961151123,0.015601182278023722,0.09823499740915098,0.011615570676686579,0.043685508473769515,0.026686910622408425,0.05182077477321383
initial_bursting,nm_guarino_hard,0.2,7,0.9999999999999999,7,7,1.4101817607879639,0.24974042177200317,training,50,1,10.244464874267578,0.02848337574866773,0.09700110571134313,0.07868649078369888,0.018061974829528822,0.06339085145476457,0.022209457191455735
initial_bursting,nm_guarino_hard,0.2,8,0.9999999999999999,7,7,0.8012113571166992,0.15300661325454712,training,50,1,10.010835886001587,0.034411568625408936,0.1437657204631031,0.02382603621010478,0.039819867203232204,0.0523193461234126,0.03655245564977098
initial_bursting,nm_guarino_hard,0.2,9,0.9999999999999999,7,7,1.179730772972107,0.14210370182991028,training,50,0,9.911076784133911,0.05227814439383985,0.13974270516165932,0.04595581508826538,0.03589858556665433,0.034830432832497794,0.06240372583395636
initial_bursting,nm_guarino_hard,0.2,10,0.8015873015873016,7,7,0.5606610774993896,0.35230767726898193,training,50,1,10.032558679580688,0.07906943056214646,0.06661269173527651,0.10504447260867317,0.04714063213422179,0.023455966139487704,0.05103667119009227
initial_bursting,nm_guarino_hard,0.2,11,0.9999999999999999,7,7,1.242640733718872,0.12385997921228409,training,50,0,10.031884908676147,0.1208862686920559,0.19298061641090158,0.012097561529520818,0.04107540624912474,0.09201577715860065,0.0042172348760733565
initial_bursting,nm_guarino_hard,0.2,12,0.9999999999999999,7,7,2.997190237045288,0.18295641243457794,training,50,1,9.829936981201172,0.02584455596138691,0.10655771642906897,0.08156594918018685,0.05068829018512502,0.05146524120258526,0.0018091189469905495
initial_bursting,nm_guarino_hard,0.2,13,0.9999999999999999,7,7,0.8023006319999695,0.10099460184574127,training,50,1,9.933563709259033,0.08945478046902745,0.03390439746912888,0.08034979423868296,0.05022071469106635,0.037571042148347465,0.09145058878211501
initial_bursting,nm_guarino_hard,0.2,14,0.40476190476190477,7,7,1.808234453201294,0.11004802584648132,training,50,0,9.957562923431396,0.006676076490696628,0.13826268050898172,0.014221030141924492,0.019881049669685354,0.004620768160481818,0.03103059715634231
initial_bursting,nm_guarino_hard,0.2,15,0.9999999999999999,7,7,1.8315459489822388,0.16114693880081177,training,50,0,10.06339693069458,0.08519981537652123,0.0035903164731998505,0.06332685823464822,0.046962364278521705,0.042749269376291386,0.016679751989320833
initial_bursting,nm_guarino_hard,0.2,16,0.40476190476190477,7,7,1.4436992406845093,0.18656601011753082,training,50,0,10.343886852264404,0.11068466597442736,0.011446925930620466,0.026231242595636358,0.16363108010190444,0.01385160093295238,0.03947840727978433
initial_bursting,nm_guarino_hard,0.2,17,0.9999999999999999,7,7,1.719765305519104,0.1282564103603363,training,50,0,9.941015005111694,0.1290390536885856,0.02505208583381746,0.07159159018611061,0.004323982180009125,0.039768078194838935,0.03474152690680228
initial_bursting,nm_guarino_hard,0.2,18,0.9999999999999999,7,7,0.5319245457649231,0.07227669656276703,training,50,0,9.940471887588501,0.05283917263095398,0.12130868267364536,0.1111111111111111,0.01612205426985753,0.047450952791772374,0.04382010748311131
initial_bursting,nm_guarino_hard,0.2,19,0.9999999999999999,7,7,1.0828834772109985,0.12837105989456177,training,50,1,9.948137044906616,0.09695871686745858,0.029525052965583942,0.049201380384383556,0.08335330054037002,0.050812215724496436,0.00683055354613243
initial_bursting,nm_guarino_hard,0.2,20,0.9999999999999999,7,7,0.3501620590686798,0.1499694287776947,training,50,0,10.143027067184448,0.09552639486281578,0.07925277557868582,0.05349534556451311,0.08632152366885776,0.0621719085326923,0.04057315780735219
initial_bursting,nm_guarino_hard,0.2,21,0.9999999999999999,7,7,0.49600154161453247,0.12399646639823914,training,50,0,10.076920986175537,0.05193007530982925,0.015295140700234189,0.056907412052165936,0.047337090874675594,0.07295955216861913,0.048247091205425564
initial_bursting,nm_guarino_hard,0.2,22,0.9999999999999999,7,7,0.2503863573074341,0.0885719284415245,training,50,1,9.936570882797241,0.05157005271576375,0.0417606050938133,0.05948712493872045,0.04411382755743404,0.05111350335508886,0.00593357455617211
initial_bursting,nm_guarino_hard,0.2,23,0.9999999999999999,7,7,1.2255662679672241,0.1222338080406189,training,50,0,9.88779902458191,0.0720875352391567,0.164990389729462,0.03742129415015383,0.03341121518679358,0.07705897247434328,0.056553713481360186
initial_bursting,nm_guarino_hard,0.2,24,0.8015873015873016,7,7,0.8075994253158569,0.5433818101882935,training,50,0,10.011811256408691,0.07412817356284385,0.09162984825403608,0.0009097224841898171,0.00737985315281037,0.05151028600841584,0.10845703489667967
initial_bursting,nm_guarino_hard,0.2,25,0.6031746031746031,7,7,0.8138624429702759,0.12526750564575195,training,50,1,10.161205053329468,0.10675431363845662,0.12135951101143605,0.0736272190626639,0.04827699157802954,0.05213540725597569,0.010148458739201211
initial_bursting,nm_guarino_hard,0.2,26,0.0079365079365079,7,7,0.8883419632911682,0.12558066844940186,training,50,1,9.856372833251953,0.0030724871767278195,0.01096895670027398,0.019789072427649837,0.037631724904114205,0.05263157894736842,0.024474346811526815
initial_bursting,nm_guarino_hard,0.2,27,0.6031746031746031,7,7,0.4545572102069855,0.07813002169132233,training,50,1,9.923661947250366,0.03540213556582627,0.049572479105620015,0.09165404357776766,0.0258047418532459,0.05073373819093452,0.027546676981921793
initial_bursting,nm_guarino_hard,0.2,28,0.9999999999999999,7,7,1.7399752140045166,0.17261481285095215,training,50,0,9.918184041976929,0.10257870013227299,0.1504716796796215,0.0430066944975863,0.14843403938694708,0.12984573050587792,0.0042599816229980545
initial_bursting,nm_guarino_hard,0.2,29,0.9999999999999999,7,7,0.40054091811180115,0.0870116800069809,training,50,1,9.939339876174927,0.011801524184213872,0.06563203787055794,0.00785152373445107,0.07994278023297569,0.05153238008759992,0.0006812002859045865
initial_bursting,nm_guarino_hard,0.4,0,0.9999999999999999,7,7,1.1727910041809082,0.14794547855854034,training,50,1,17.612671852111816,0.17075418761353364,0.2758266031828387,0.0998919132786783,0.0360145305504409,0.014441648480477442,0.09719106406883457
initial_bursting,nm_guarino_hard,0.4,1,0.0079365079365079,7,7,4.449318885803223,0.7418614029884338,training,50,0,12.345911264419556,0.01718455628594486,0.048706229681833246,0.026778258102029263,0.05829121647480434,0.056946238050617826,0.13551301449623857
initial_bursting,nm_guarino_hard,0.4,2,0.9999999999999999,7,7,3.55720591545105,0.3651762902736664,training,50,1,10.16604495048523,0.04138516506763346,0.2305104385349861,0.03446925434808337,0.063443857096878,0.01680310559313021,0.08704791369018372
initial_bursting,nm_guarino_hard,0.4,3,-0.3888888888888889,7,7,38.54863739013672,0.5676155090332031,training,50,1,10.749737024307251,0.15194971988559006,0.05463688493444607,0.10935349643240183,0.21855294016063198,0.05106013849474165,0.17473374134581304
initial_bursting,nm_guarino_hard,0.4,4,0.14901960784313723,8,7,4.8376665115356445,0.4727110266685486,training,50,0,10.681070804595947,0.040530064140898256,0.07053447225228737,0.02722162481742158,0.15531682253266013,0.16545779900429156,0.02322760490928723
initial_bursting,nm_guarino_hard,0.4,5,0.6031746031746031,7,7,3.9616076946258545,0.2441239058971405,training,50,0,10.944957971572876,0.058356417891692394,0.013466887293382968,0.1111111111111111,0.050288763930070104,0.03933344086417601,0.05551669545603894
initial_bursting,nm_guarino_hard,0.4,6,0.9999999999999999,7,7,2.855146884918213,0.31490176916122437,training,50,0,21.22632622718811,0.025881690835552716,0.2610680687604996,0.01908274170735606,0.11227272144350507,0.0536142719243229,0.10718059897503675
initial_bursting,nm_guarino_hard,0.4,7,0.9999999999999999,7,7,1.979649305343628,0.20990818738937378,training,50,1,10.139485120773315,0.08016551651066972,0.2438754386808628,0.08302469135802476,0.030895990529005532,0.11625284304234747,0.03769093872145431
initial_bursting,nm_guarino_hard,0.4,8,0.9999999999999999,7,7,1.1844615936279297,0.21201786398887634,training,50,1,10.191457033157349,0.014683568140419143,0.19546655625373388,0.05646015888989635,0.1439480536521887,0.052117812389009456,0.16424128957909503
initial_bursting,nm_guarino_hard,0.4,9,0.2063492063492063,7,7,2.6254942417144775,0.37279558181762695,training,50,1,10.097453832626343,0.1697750694110775,0.20864958902210962,0.11454088146615378,0.12462852304719149,0.05077643663766609,0.17572528567573126
initial_bursting,nm_guarino_hard,0.4,10,0.9999999999999999,7,7,0.9664385914802551,0.29069453477859497,training,50,1,10.282604932785034,0.137690698741309,0.10528768295391533,0.06867137815961415,0.10096148811797406,0.04415315720706556,0.01142755193256489
initial_bursting,nm_guarino_hard,0.4,11,0.9999999999999999,7,7,2.281698226928711,0.3044055700302124,training,50,0,9.847760200500488,0.18941845355550413,0.3168614396895131,0.06561123445098771,0.06451558597593249,0.16814961574800588,0.036717566907290285
initial_bursting,nm_guarino_hard,0.4,12,0.9999999999999999,7,7,7.618373870849609,0.2964608669281006,training,50,1,10.066705226898193,0.026454156931442225,0.2154442950564246,0.0009617806195043007,0.10165377331978079,0.05015950791110488,0.029994779034986763
initial_bursting,nm_guarino_hard,0.4,13,0.9999999999999999,7,7,1.2142152786254883,0.2620011866092682,training,50,1,9.91593313217163,0.11649880434716064,0.02855890312133802,0.1111111111111111,0.05699990617330655,0.07145392880622832,0.1341928880633158
initial_bursting,nm_guarino_hard,0.4,14,0.40476190476190477,7,7,4.964314937591553,0.16770310699939728,training,50,1,10.109014987945557,0.029209316165777034,0.3317328051646995,0.020513189610887946,0.05180115615623294,0.008245112352409703,0.06081462999819353
initial_bursting,nm_guarino_hard,0.4,15,0.6031746031746031,7,7,3.137829065322876,0.21365907788276672,training,50,0,9.770288705825806,0.18352568309822398,0.10234692560796743,0.06892412574008518,0.06550308458280768,0.07716461450673782,0.05776805908732691
initial_bursting,nm_guarino_hard,0.4,16,-0.19047619047619052,7,7,2.4695122241973877,0.28468528389930725,training,50,1,10.182297945022583,0.23768197184682227,0.027712529022997145,0.002774584430766759,0.3674960262250494,0.02678168199802199,0.13962274144867795
initial_bursting,nm_guarino_hard,0.4,17,0.9999999999999999,7,7,3.0481019020080566,0.12427900731563568,training,50,2,10.065518856048584,0.09608072708194942,0.005881867457192991,0.04869233323687278,0.0665011429609612,0.05025625585609896,0.017407974374801582
initial_bursting,nm_guarino_hard,0.4,18,0.2063492063492063,7,7,1.2351880073547363,0.3586294651031494,training,50,0,10.402028799057007,0.11377534775924489,0.3240063717569788,0.0864942685403283,0.049558091501530725,0.08328461511176191,0.16158700195264827
initial_bursting,nm_guarino_hard,0.4,19,0.0079365079365079,7,7,2.7672853469848633,0.0912545919418335,training,50,1,10.025738000869751,0.16242595357480896,0.06694526422578395,0.014115405745428057,0.12952839106333414,0.04863973157456675,0.024906722784660523
initial_bursting,nm_guarino_hard,0.4,20,0.9999999999999999,7,7,0.40732264518737793,0.268635094165802,training,50,0,9.906373977661133,0.16817795676320005,0.16681908724067296,0.10395099427911829,0.20939033131721574,0.12217335690080205,0.10890631010965827
initial_bursting,nm_guarino_hard,0.4,21,0.9999999999999999,7,7,1.0555312633514404,0.4364982843399048,training,50,0,10.057703971862793,0.0322945777906986,0.0294419607471057,0.10820199355261574,0.1541201942757553,0.14553332089113666,0.20005951711634518
initial_bursting,nm_guarino_hard,0.4,22,0.9999999999999999,7,7,0.6020246148109436,0.20360888540744781,training,50,1,13.923831224441528,0.1743813203668907,0.08413782013231419,0.1065000819781498,0.03146743330110098,0.05124724012780645,0.058880508491670216
initial_bursting,nm_guarino_hard,0.4,23,0.6031746031746031,7,7,1.8048322200775146,0.2360498607158661,training,50,0,18.901628017425537,0.17693353230050599,0.23358420745606923,0.028799919449424276,0.1021683122882942,0.13861807055794498,0.1626114271035728
initial_bursting,nm_guarino_hard,0.4,24,0.8015873015873016,7,7,1.999407172203064,0.7710860967636108,training,50,0,12.802093029022217,0.11823156252236033,0.01844260224720884,0.1111111111111111,0.051231940936094136,0.0969054131895248,0.1583988459421371
initial_bursting,nm_guarino_hard,0.4,25,0.8015873015873016,7,7,0.8673968315124512,0.1840265840291977,training,50,1,11.228585958480835,0.2470282788785475,0.21854141215044431,0.13503645803205208,0.06708791895946035,0.05263157894736842,0.027067338667359716
initial_bursting,nm_guarino_hard,0.4,26,0.9999999999999999,7,7,1.9752464294433594,0.20891346037387848,training,50,1,11.721106767654419,0.11298863376016396,0.008335635174079759,0.01728168774081698,0.144105347589028,0.05263157894736842,0.024267884699280883
initial_bursting,nm_guarino_hard,0.4,27,0.9999999999999999,7,7,0.4401739537715912,0.04670657217502594,training,50,1,13.628566980361938,0.07515882865968977,0.04649101379421605,0.09325209871533388,0.06899857439467269,0.05183171241526904,0.002899865607393589
initial_bursting,nm_guarino_hard,0.4,28,0.9999999999999999,7,7,2.5707592964172363,0.18862637877464294,training,50,1,11.251039266586304,0.1235779700851073,0.1784002746542257,0.05690841169881145,0.2988040723671634,0.2478462364584499,0.0820004892972796
initial_bursting,nm_guarino_hard,0.4,29,0.9999999999999999,7,7,0.7153248190879822,0.05524040758609772,training,50,1,11.178457021713257,0.02940039517382492,0.2019359258094502,0.00772973473199209,0.15728267274949673,0.04996101053989879,0.0338371157476189
initial_bursting,nm_guarino_hard,0.8,0,-0.3888888888888889,7,7,6.102972984313965,0.523349404335022,training,50,3,11.565437078475952,0.1643867007418536,0.46495969485234134,0.06995508753351329,0.11006134369490667,0.014633739059000912,0.21231344424217521
initial_bursting,nm_guarino_hard,0.8,1,-0.43921568627450985,8,7,3.9361371994018555,0.19684958457946777,training,50,1,21.98148202896118,0.16602221300758838,0.12075396345420653,0.086505324631362,0.05254181144269807,0.11686494311473336,0.10566316543332732
initial_bursting,nm_guarino_hard,0.8,2,-0.43921568627450985,8,7,4.696889877319336,1.0737062692642212,training,50,2,10.482046127319336,0.0029191285674690323,0.47784486182817987,0.06477569407823011,0.3999999999999963,0.03011709865440538,0.4088397147210616
initial_bursting,nm_guarino_hard,0.8,3,0.8015873015873016,7,7,105.40323638916016,0.3340330719947815,training,50,2,10.974355936050415,0.3300775035684121,0.04489255618538457,0.11594593805342394,0.2842562014616902,0.04855471206251688,0.1287237491044538
initial_bursting,nm_guarino_hard,0.8,4,0.0079365079365079,7,7,9.228957176208496,0.9763476848602295,training,50,0,10.364672899246216,0.267311461377705,0.17977152295323062,0.05438837295746958,0.2043044511034799,0.3558837114495141,0.4662545362816137
initial_bursting,nm_guarino_hard,0.8,5,-0.3888888888888889,7,7,9.387741088867188,0.7997288107872009,training,50,2,10.26379919052124,0.009983318200663343,0.2563812556746643,0.1111111111111111,0.20456372333341705,0.07657231114740348,0.23933783134220538
initial_bursting,nm_guarino_hard,0.8,6,0.40476190476190477,7,7,3.380941390991211,0.8714041113853455,training,50,2,11.139380931854248,0.04038667117776106,0.4861321576636166,0.0010365768490329527,0.39999999999999486,0.10548858484943767,0.3620473758510331
initial_bursting,nm_guarino_hard,0.8,7,-0.19047619047619052,7,7,3.794100284576416,0.2119482159614563,training,50,1,19.90547204017639,0.1778507999802042,0.41645874063974064,0.01854528686731985,0.0006157490588634574,0.2336330428102853,0.06812870033700003
initial_bursting,nm_guarino_hard,0.8,8,-0.24313725490196084,8,7,13.381279945373535,0.5156294703483582,training,50,1,10.584703922271729,0.026620489241391307,0.4268552415882809,0.10075956809958231,0.2699528585911781,0.04928769124355791,0.13363143191190627
initial_bursting,nm_guarino_hard,0.8,9,-0.43921568627450985,8,7,8.20960521697998,0.5551110506057739,training,50,2,10.481154203414917,0.24809564307702883,0.3217141461565203,0.07622691039835337,0.04874052680935051,0.04844317538979583,0.34774217700621973
initial_bursting,nm_guarino_hard,0.8,10,0.2063492063492063,7,7,1.653707504272461,0.608636200428009,training,50,2,10.421156167984009,0.12608184372509976,0.11751785721301444,0.07759544347756496,0.2812216043498518,0.07973185101558147,0.19108425938508405
initial_bursting,nm_guarino_hard,0.8,11,0.9999999999999999,7,7,5.1373610496521,0.42955854535102844,training,50,1,10.485702753067017,0.29149271773600693,0.43445662026829357,0.02698498491219823,0.05704145793763587,0.38510827596037894,0.025508248222144758
initial_bursting,nm_guarino_hard,0.8,12,-0.19047619047619052,7,7,316.01226806640625,1.385722279548645,training,50,3,10.371338844299316,0.1166501663055977,0.4841814223651342,0.08785328562536215,0.3999999999999739,0.05066316701176056,0.6285714285714286
initial_bursting,nm_guarino_hard,0.8,13,-0.3888888888888889,7,7,1.5322133302688599,0.7902666330337524,training,50,3,10.417389869689941,0.16995036776941502,0.06010831267536698,0.1111111111111111,0.13604128724692544,0.14501546517033392,0.276993994709343
initial_bursting,nm_guarino_hard,0.8,14,0.2063492063492063,7,7,93.46570587158203,0.3943982720375061,training,50,2,10.314849853515625,0.13728512873023904,0.38539335151189036,0.016610395573122282,0.04660421703247636,0.018803758736791683,0.0074011608615133385
initial_bursting,nm_guarino_hard,0.8,15,0.8015873015873016,7,7,3.4067137241363525,0.29230996966362,training,50,1,10.555245161056519,0.31804543255936885,0.12048984760434478,0.09983954667631913,0.25515302764608916,0.18913631162297118,0.0017987207957962223
initial_bursting,nm_guarino_hard,0.8,16,0.2063492063492063,7,7,5.540587902069092,0.33792901039123535,training,50,1,10.341246843338013,0.49454394894792514,0.003612762631163946,0.08987449697935783,0.6,0.049991684445636474,0.24365597401661318
initial_bursting,nm_guarino_hard,0.8,17,0.9999999999999999,7,7,5.601158142089844,0.09245440363883972,training,50,2,10.558079957962036,0.0039069398727307365,0.008723649022263746,0.0701531306991525,0.11386904553494503,0.04688573391636313,0.005674881212217185
initial_bursting,nm_guarino_hard,0.8,18,-0.19047619047619052,7,7,1.939131498336792,0.7317302823066711,training,50,4,10.333703994750977,0.17378450526623954,0.5,0.10409082908944987,0.06348030257521288,0.18534905822967965,0.2610206930259957
initial_bursting,nm_guarino_hard,0.8,19,-0.3888888888888889,7,7,5.7757487297058105,0.2684336006641388,training,50,1,10.574230909347534,0.2344456505847488,0.032518705374640744,0.0988292597971445,0.32349753571585693,0.04691611264824974,0.04376733966331666
initial_bursting,nm_guarino_hard,0.8,20,0.2063492063492063,7,7,0.4834853410720825,0.40055984258651733,training,50,1,10.206108808517456,0.35008586368561434,0.3424557941342137,0.09162746322242457,0.4166193673327925,0.21261225620232385,0.054362819546745655
initial_bursting,nm_guarino_hard,0.8,21,0.14901960784313723,8,7,1.8242387771606445,0.8008357882499695,training,50,2,10.279431343078613,0.0770384448920118,0.10219289094622352,0.1066316835917282,0.19343377257361596,0.29931771270070884,0.34944334442288
initial_bursting,nm_guarino_hard,0.8,22,-0.19047619047619052,7,7,0.7714692950248718,0.46947112679481506,training,50,1,10.380955934524536,0.32399843094023395,0.2154970271789194,0.06200920495408424,0.06728785580204828,0.0497440224865581,0.1282328714191619
initial_bursting,nm_guarino_hard,0.8,23,0.26720647773279355,6,7,2.017035961151123,1.3133643865585327,training,50,0,10.580197811126709,0.31698711210110425,0.4730782801358753,0.15866737514060422,0.11663274689567459,0.28892202651387366,0.250747504498446
initial_bursting,nm_guarino_hard,0.8,24,0.7372549019607844,8,7,4.0495710372924805,1.113476276397705,training,50,2,10.571732997894287,0.08752403587772076,0.02391539300517298,0.1111111111111111,0.001845436065053434,0.20387970282119655,0.17886989442051413
initial_bursting,nm_guarino_hard,0.8,25,0.40476190476190477,7,7,0.8655486702919006,0.4654214084148407,training,50,1,10.460407018661499,0.4769384484950352,0.42601695742843493,0.17098142536098163,0.12351844569764182,0.05245507885574023,0.08845138642084659
initial_bursting,nm_guarino_hard,0.8,26,0.9999999999999999,7,7,2.415271282196045,0.8116272687911987,training,50,2,10.258117914199829,0.05822804855423605,0.06612850493501887,0.1111111111111111,0.3626501293782388,0.04740769675008058,0.2457182625988342
initial_bursting,nm_guarino_hard,0.8,27,0.6031746031746031,7,7,0.7061810493469238,0.5413491725921631,training,50,1,10.488846778869629,0.2461079602542427,0.029161631897180573,0.01579912892183807,0.10558011110116582,0.05126705653021445,0.1912387408569036
initial_bursting,nm_guarino_hard,0.8,28,0.3333333333333333,5,7,2.7404141426086426,2.166497230529785,training,50,1,10.402238130569458,0.17391304347826086,0.31050119368761164,0.06647556647199053,0.2540641635825133,0.5105334927899662,0.30225929795394435
initial_bursting,nm_guarino_hard,0.8,29,-0.13765182186234817,6,7,1.5311012268066406,0.7781670093536377,training,50,1,10.32351303100586,0.14445259627125262,0.4108570395309563,0.033513728769153144,0.16908590291717757,0.05250440588757405,0.3127955895343372
