run_id,scenario,init_idx,method,final_gamma,n_spikes_gt,n_spikes_sim,warmstart_loss,train_best_loss,train_final_loss,final_loss,kept_source,n_iter,wall_time_s,converged,warmstart_params_json,final_params_json,gt_params_json,timestamp_iso,norm_err_C_m,norm_err_g_L,norm_err_E_L,norm_err_v_T,norm_err_delta_T,norm_err_v_reset
tonic_000_grad_guarino,tonic,0,grad_guarino,0.1319444444444445,9,9,0.51665860414505,0.5970408916473389,0.5970408916473389,0.51665860414505,warmstart,1,1.7606370449066162,True,"{""C_m"": 95.08516882859402, ""g_L"": 12.200828977924168, ""E_L"": -86.69034006059822, ""v_T"": -53.87674520291141, ""delta_T"": 4.3680685904557155, ""v_reset"": -55.49123425813954}","{""C_m"": 95.08516882859402, ""g_L"": 12.200828977924168, ""E_L"": -86.69034006059822, ""v_T"": -53.87674520291141, ""delta_T"": 4.3680685904557155, ""v_reset"": -55.49123425813954}","{""C_m"": 200.0, ""g_L"": 10.0, ""E_L"": -70.0, ""v_T"": -50.0, ""delta_T"": 2.0, ""v_reset"": -58.0}",2026-04-28T18:16:45.267245+00:00,0.4561514398756782,0.275103622240521,0.3708964457910715,0.15506980811645632,0.12463518897135345,0.07167902119601308
tonic_000_grad_vanrossum,tonic,0,grad_vanrossum,0.1319444444444445,9,9,4.48213529586792,4.6250200271606445,23.405996322631836,4.48213529586792,warmstart,25,1.4843168258666992,True,"{""C_m"": 95.08516882859402, ""g_L"": 12.200828977924168, ""E_L"": -86.69034006059822, ""v_T"": -53.87674520291141, ""delta_T"": 4.3680685904557155, ""v_reset"": -55.49123425813954}","{""C_m"": 95.08516882859402, ""g_L"": 12.200828977924168, ""E_L"": -86.69034006059822, ""v_T"": -53.87674520291141, ""delta_T"": 4.3680685904557155, ""v_reset"": -55.49123425813954}","{""C_m"": 200.0, ""g_L"": 10.0, ""E_L"": -70.0, ""v_T"": -50.0, ""delta_T"": 2.0, ""v_reset"": -58.0}",2026-04-28T18:16:46.751693+00:00,0.4561514398756782,0.275103622240521,0.3708964457910715,0.15506980811645632,0.12463518897135345,0.07167902119601308
tonic_000_nm_guarino,tonic,0,nm_guarino,0.6527777777777778,9,9,0.51665860414505,0.3709386885166168,0.3709386885166168,0.3709386885166168,training,50,0.5767569541931152,False,"{""C_m"": 95.08516882859402, ""g_L"": 12.200828977924168, ""E_L"": -86.69034006059822, ""v_T"": -53.87674520291141, ""delta_T"": 4.3680685904557155, ""v_reset"": -55.49123425813954}","{""C_m"": 94.81649916045066, ""g_L"": 11.827442782517215, ""E_L"": -85.69650373923396, ""v_T"": -53.62595650367925, ""delta_T"": 4.525595647041527, ""v_reset"": -57.012878535659084}","{""C_m"": 200.0, ""g_L"": 10.0, ""E_L"": -70.0, ""v_T"": -50.0, ""delta_T"": 2.0, ""v_reset"": -58.0}",2026-04-28T18:16:47.328577+00:00,0.45731956886760583,0.22843034781465188,0.3488111942051991,0.14503826014716992,0.13292608668639616,0.028203470409740458
tonic_001_grad_guarino,tonic,1,grad_guarino,-0.5625,9,9,0.5711390972137451,0.7885631322860718,11.604931831359863,0.5711390972137451,warmstart,25,1.294684886932373,True,"{""C_m"": 60.96908757408853, ""g_L"": 6.833373372513364, ""E_L"": -78.12065685458744, ""v_T"": -37.33333038527259, ""delta_T"": 3.117309632326657, ""v_reset"": -67.56996391677988}","{""C_m"": 60.96908757408853, ""g_L"": 6.833373372513364, ""E_L"": -78.12065685458744, ""v_T"": -37.33333038527259, ""delta_T"": 3.117309632326657, ""v_reset"": -67.56996391677988}","{""C_m"": 200.0, ""g_L"": 10.0, ""E_L"": -70.0, ""v_T"": -50.0, ""delta_T"": 2.0, ""v_reset"": -58.0}",2026-04-28T18:16:48.623380+00:00,0.6044822279387456,0.3958283284358295,0.18045904121305417,0.5066667845890964,0.05880577012245563,0.27342754047942525
tonic_001_grad_vanrossum,tonic,1,grad_vanrossum,-1.0,9,564,5.733053207397461,5.603796482086182,5.603796482086182,5.603796482086182,training,1,1.293499231338501,True,"{""C_m"": 112.95956011229455, ""g_L"": 13.720881676088009, ""E_L"": -71.75406872981983, ""v_T"": -52.36727463934374, ""delta_T"": 13.110734992662998, ""v_reset"": -57.29111269840517}","{""C_m"": 10.0, ""g_L"": 13.769563674926758, ""E_L"": -65.0, ""v_T"": -60.0, ""delta_T"": 5.026752948760986, ""v_reset"": -52.55828094482422}","{""C_m"": 200.0, ""g_L"": 10.0, ""E_L"": -70.0, ""v_T"": -50.0, ""delta_T"": 2.0, ""v_reset"": -58.0}",2026-04-28T18:16:49.917376+00:00,0.8260869565217391,0.4711954593658447,0.1111111111111111,0.4,0.15930278677689402,0.1554776872907366
tonic_001_nm_guarino,tonic,1,nm_guarino,-0.38888888888888884,9,9,0.5711390972137451,0.48194456100463867,0.48194456100463867,0.48194456100463867,training,50,0.5685198307037354,False,"{""C_m"": 60.96908757408853, ""g_L"": 6.833373372513364, ""E_L"": -78.12065685458744, ""v_T"": -37.33333038527259, ""delta_T"": 3.117309632326657, ""v_reset"": -67.56996391677988}","{""C_m"": 62.10093254688596, ""g_L"": 6.723467607365602, ""E_L"": -79.79594666093409, ""v_T"": -37.811306265833906, ""delta_T"": 3.1841600309348523, ""v_reset"": -65.56866331654696}","{""C_m"": 200.0, ""g_L"": 10.0, ""E_L"": -70.0, ""v_T"": -50.0, ""delta_T"": 2.0, ""v_reset"": -58.0}",2026-04-28T18:16:50.486033+00:00,0.5995611628396262,0.4095665490792998,0.21768770357631315,0.48754774936664375,0.06232421215446591,0.21624752332991315
tonic_002_grad_guarino,tonic,2,grad_guarino,0.19377162629757788,9,8,0.6904401183128357,1.1188277006149292,1.3500494956970215,0.6904401183128357,warmstart,25,1.2887508869171143,True,"{""C_m"": 86.01438650522854, ""g_L"": 6.489841124431622, ""E_L"": -69.72628901778351, ""v_T"": -41.15912596297699, ""delta_T"": 19.41577730140148, ""v_reset"": -57.056583441720875}","{""C_m"": 86.01438650522854, ""g_L"": 6.489841124431622, ""E_L"": -69.72628901778351, ""v_T"": -41.15912596297699, ""delta_T"": 19.41577730140148, ""v_reset"": -57.056583441720875}","{""C_m"": 200.0, ""g_L"": 10.0, ""E_L"": -70.0, ""v_T"": -50.0, ""delta_T"": 2.0, ""v_reset"": -58.0}",2026-04-28T18:16:51.774905+00:00,0.4955896238903107,0.4387698594460473,0.006082466271477452,0.35363496148092055,0.916619857968499,0.026954758807975005
tonic_002_grad_vanrossum,tonic,2,grad_vanrossum,0.30555555555555564,9,9,4.991913318634033,5.821446418762207,3267.17626953125,4.991913318634033,warmstart,25,1.5258629322052002,True,"{""C_m"": 82.04220966982649, ""g_L"": 7.896034438998616, ""E_L"": -83.09295699125525, ""v_T"": -53.994277930990954, ""delta_T"": 17.173129354909285, ""v_reset"": -65.32893792535268}","{""C_m"": 82.04220966982649, ""g_L"": 7.896034438998616, ""E_L"": -83.09295699125525, ""v_T"": -53.994277930990954, ""delta_T"": 17.173129354909285, ""v_reset"": -65.32893792535268}","{""C_m"": 200.0, ""g_L"": 10.0, ""E_L"": -70.0, ""v_T"": -50.0, ""delta_T"": 2.0, ""v_reset"": -58.0}",2026-04-28T18:16:53.300886+00:00,0.5128599579572761,0.26299569512517296,0.29095459980567223,0.15977111723963816,0.7985857555215413,0.2093982264386479
tonic_002_nm_guarino,tonic,2,nm_guarino,-0.5625,9,9,0.6904401183128357,0.42420756816864014,0.42420756816864014,0.42420756816864014,training,50,0.5727219581604004,False,"{""C_m"": 86.01438650522854, ""g_L"": 6.489841124431622, ""E_L"": -69.72628901778351, ""v_T"": -41.15912596297699, ""delta_T"": 19.41577730140148, ""v_reset"": -57.056583441720875}","{""C_m"": 85.21795700055048, ""g_L"": 6.6821327133036705, ""E_L"": -67.1438338689767, ""v_T"": -42.37865562113926, ""delta_T"": 19.532907098217454, ""v_reset"": -55.78865936523819}","{""C_m"": 200.0, ""g_L"": 10.0, ""E_L"": -70.0, ""v_T"": -50.0, ""delta_T"": 2.0, ""v_reset"": -58.0}",2026-04-28T18:16:53.873713+00:00,0.4990523608671718,0.4147334108370412,0.06347035846718446,0.30485377515442963,0.922784584116708,0.0631811609931946
tonic_003_grad_guarino,tonic,3,grad_guarino,0.19377162629757788,9,8,0.4078330099582672,0.4560275971889496,0.4560275971889496,0.4078330099582672,warmstart,1,1.2346527576446533,True,"{""C_m"": 97.07294988526772, ""g_L"": 12.007626387618817, ""E_L"": -85.26852343812635, ""v_T"": -55.969446936307435, ""delta_T"": 11.479628257342084, ""v_reset"": -62.45068432345059}","{""C_m"": 97.07294988526772, ""g_L"": 12.007626387618817, ""E_L"": -85.26852343812635, ""v_T"": -55.969446936307435, ""delta_T"": 11.479628257342084, ""v_reset"": -62.45068432345059}","{""C_m"": 200.0, ""g_L"": 10.0, ""E_L"": -70.0, ""v_T"": -50.0, ""delta_T"": 2.0, ""v_reset"": -58.0}",2026-04-28T18:16:55.108475+00:00,0.44750891354231426,0.25095329845235215,0.33930052084725226,0.2387778774522974,0.4989278030180044,0.12716240924144537
tonic_003_grad_vanrossum,tonic,3,grad_vanrossum,0.19377162629757788,9,8,4.988862037658691,5.65061092376709,23.273284912109375,4.988862037658691,warmstart,25,1.490785837173462,True,"{""C_m"": 97.07294988526772, ""g_L"": 12.007626387618817, ""E_L"": -85.26852343812635, ""v_T"": -55.969446936307435, ""delta_T"": 11.479628257342084, ""v_reset"": -62.45068432345059}","{""C_m"": 97.07294988526772, ""g_L"": 12.007626387618817, ""E_L"": -85.26852343812635, ""v_T"": -55.969446936307435, ""delta_T"": 11.479628257342084, ""v_reset"": -62.45068432345059}","{""C_m"": 200.0, ""g_L"": 10.0, ""E_L"": -70.0, ""v_T"": -50.0, ""delta_T"": 2.0, ""v_reset"": -58.0}",2026-04-28T18:16:56.599758+00:00,0.44750891354231426,0.25095329845235215,0.33930052084725226,0.2387778774522974,0.4989278030180044,0.12716240924144537
tonic_003_nm_guarino,tonic,3,nm_guarino,1.0,9,9,0.4078330099582672,0.2855677902698517,0.2855677902698517,0.2855677902698517,training,50,0.5973100662231445,False,"{""C_m"": 97.07294988526772, ""g_L"": 12.007626387618817, ""E_L"": -85.26852343812635, ""v_T"": -55.969446936307435, ""delta_T"": 11.479628257342084, ""v_reset"": -62.45068432345059}","{""C_m"": 96.77067632261128, ""g_L"": 12.108800176494363, ""E_L"": -84.8936773350174, ""v_T"": -57.256908522573454, ""delta_T"": 11.576353242629406, ""v_reset"": -62.50665858469267}","{""C_m"": 200.0, ""g_L"": 10.0, ""E_L"": -70.0, ""v_T"": -50.0, ""delta_T"": 2.0, ""v_reset"": -58.0}",2026-04-28T18:16:57.197182+00:00,0.44882314642342924,0.26360002206179534,0.33097060744483114,0.29027634090293813,0.5040185917173371,0.12876167384836207
tonic_004_grad_guarino,tonic,4,grad_guarino,-0.04166666666666662,9,9,0.28409963846206665,0.4054778814315796,1.7717018127441406,0.28409963846206665,warmstart,25,1.314039945602417,True,"{""C_m"": 65.34907579318475, ""g_L"": 7.581357206862176, ""E_L"": -90.00363291148106, ""v_T"": -51.08568281547107, ""delta_T"": 15.157836467005861, ""v_reset"": -61.933200859354145}","{""C_m"": 65.34907579318475, ""g_L"": 7.581357206862176, ""E_L"": -90.00363291148106, ""v_T"": -51.08568281547107, ""delta_T"": 15.157836467005861, ""v_reset"": -61.933200859354145}","{""C_m"": 200.0, ""g_L"": 10.0, ""E_L"": -70.0, ""v_T"": -50.0, ""delta_T"": 2.0, ""v_reset"": -58.0}",2026-04-28T18:16:58.511376+00:00,0.5854388008991968,0.302330349142228,0.4445251758106903,0.043427312618842674,0.6925177087897821,0.11237716741011841
tonic_004_grad_vanrossum,tonic,4,grad_vanrossum,-0.04166666666666662,9,9,6.230975151062012,6.993091583251953,13.230929374694824,6.230975151062012,warmstart,25,1.4507131576538086,True,"{""C_m"": 65.34907579318475, ""g_L"": 7.581357206862176, ""E_L"": -90.00363291148106, ""v_T"": -51.08568281547107, ""delta_T"": 15.157836467005861, ""v_reset"": -61.933200859354145}","{""C_m"": 65.34907579318475, ""g_L"": 7.581357206862176, ""E_L"": -90.00363291148106, ""v_T"": -51.08568281547107, ""delta_T"": 15.157836467005861, ""v_reset"": -61.933200859354145}","{""C_m"": 200.0, ""g_L"": 10.0, ""E_L"": -70.0, ""v_T"": -50.0, ""delta_T"": 2.0, ""v_reset"": -58.0}",2026-04-28T18:16:59.962208+00:00,0.5854388008991968,0.302330349142228,0.4445251758106903,0.043427312618842674,0.6925177087897821,0.11237716741011841
tonic_004_nm_guarino,tonic,4,nm_guarino,0.1319444444444445,9,9,0.28409963846206665,0.2821410298347473,0.2821410298347473,0.2821410298347473,training,50,0.575822114944458,False,"{""C_m"": 65.34907579318475, ""g_L"": 7.581357206862176, ""E_L"": -90.00363291148106, ""v_T"": -51.08568281547107, ""delta_T"": 15.157836467005861, ""v_reset"": -61.933200859354145}","{""C_m"": 65.34907579318475, ""g_L"": 7.581357206862176, ""E_L"": -90.00363291148106, ""v_T"": -51.08568281547107, ""delta_T"": 15.684150233221343, ""v_reset"": -61.933200859354145}","{""C_m"": 200.0, ""g_L"": 10.0, ""E_L"": -70.0, ""v_T"": -50.0, ""delta_T"": 2.0, ""v_reset"": -58.0}",2026-04-28T18:17:00.538142+00:00,0.5854388008991968,0.302330349142228,0.4445251758106903,0.043427312618842674,0.7202184333274392,0.11237716741011841
tonic_005_grad_guarino,tonic,5,grad_guarino,-0.38888888888888884,9,9,0.7421581745147705,0.7536237835884094,11.639132499694824,0.7421581745147705,warmstart,25,1.3647880554199219,True,"{""C_m"": 43.436240995064985, ""g_L"": 9.099122985850375, ""E_L"": -96.46194285661655, ""v_T"": -51.35236471814894, ""delta_T"": 12.785181581222512, ""v_reset"": -64.23759011399063}","{""C_m"": 43.436240995064985, ""g_L"": 9.099122985850375, ""E_L"": -96.46194285661655, ""v_T"": -51.35236471814894, ""delta_T"": 12.785181581222512, ""v_reset"": -64.23759011399063}","{""C_m"": 200.0, ""g_L"": 10.0, ""E_L"": -70.0, ""v_T"": -50.0, ""delta_T"": 2.0, ""v_reset"": -58.0}",2026-04-28T18:17:01.903052+00:00,0.6807119956736305,0.11260962676870312,0.5880431745914788,0.05409458872595763,0.5676411358538164,0.17821686039973242
tonic_005_grad_vanrossum,tonic,5,grad_vanrossum,-1.0,9,299,6.640303134918213,5.432754993438721,5.432754993438721,5.432754993438721,training,1,1.2835211753845215,True,"{""C_m"": 109.92707458469565, ""g_L"": 9.319955437691995, ""E_L"": -77.26813816874854, ""v_T"": -44.42065340546421, ""delta_T"": 5.343387609938971, ""v_reset"": -54.858409225130714}","{""C_m"": 13.106332778930664, ""g_L"": 7.857241630554199, ""E_L"": -66.35273742675781, ""v_T"": -56.19921112060547, ""delta_T"": 3.000837802886963, ""v_reset"": -54.99739074707031}","{""C_m"": 200.0, ""g_L"": 10.0, ""E_L"": -70.0, ""v_T"": -50.0, ""delta_T"": 2.0, ""v_reset"": -58.0}",2026-04-28T18:17:03.187482+00:00,0.8125811618307363,0.2678447961807251,0.08105027940538194,0.24796844482421876,0.05267567383615594,0.08578883579799107
tonic_005_nm_guarino,tonic,5,nm_guarino,0.020761245674740504,9,8,0.7421581745147705,0.6768440008163452,0.6768440008163452,0.6768440008163452,training,50,0.5793988704681396,False,"{""C_m"": 43.436240995064985, ""g_L"": 9.099122985850375, ""E_L"": -96.46194285661655, ""v_T"": -51.35236471814894, ""delta_T"": 12.785181581222512, ""v_reset"": -64.23759011399063}","{""C_m"": 43.32879792320363, ""g_L"": 8.882369884697573, ""E_L"": -96.91587708702322, ""v_T"": -49.98917767525747, ""delta_T"": 13.297452751980579, ""v_reset"": -65.9291587735424}","{""C_m"": 200.0, ""g_L"": 10.0, ""E_L"": -70.0, ""v_T"": -50.0, ""delta_T"": 2.0, ""v_reset"": -58.0}",2026-04-28T18:17:03.766993+00:00,0.6811791394643321,0.1397037644128034,0.5981306019338493,0.00043289298970108805,0.5946027764200305,0.2265473935297828
tonic_006_grad_guarino,tonic,6,grad_guarino,-0.09027777777777786,9,7,0.9174793362617493,0.9307259917259216,11.60472583770752,0.9174793362617493,warmstart,25,1.2806730270385742,True,"{""C_m"": 70.77301766823965, ""g_L"": 11.399422459309381, ""E_L"": -81.04541636871322, ""v_T"": -48.889419250184304, ""delta_T"": 8.849459364191077, ""v_reset"": -72.06163206243968}","{""C_m"": 70.77301766823965, ""g_L"": 11.399422459309381, ""E_L"": -81.04541636871322, ""v_T"": -48.889419250184304, ""delta_T"": 8.849459364191077, ""v_reset"": -72.06163206243968}","{""C_m"": 200.0, ""g_L"": 10.0, ""E_L"": -70.0, ""v_T"": -50.0, ""delta_T"": 2.0, ""v_reset"": -58.0}",2026-04-28T18:17:05.047779+00:00,0.5618564449206972,0.17492780741367264,0.245453697082516,0.04442322999262785,0.3604978612732146,0.40176091606970527
tonic_006_grad_vanrossum,tonic,6,grad_vanrossum,0.36428571428571427,9,11,5.864902973175049,6.014225959777832,23.52423667907715,5.864902973175049,warmstart,25,1.5091009140014648,True,"{""C_m"": 113.86630120638708, ""g_L"": 9.056612012981121, ""E_L"": -87.97154297857618, ""v_T"": -56.91559779000673, ""delta_T"": 6.229568806447956, ""v_reset"": -56.94560081181092}","{""C_m"": 113.86630120638708, ""g_L"": 9.056612012981121, ""E_L"": -87.97154297857618, ""v_T"": -56.91559779000673, ""delta_T"": 6.229568806447956, ""v_reset"": -56.94560081181092}","{""C_m"": 200.0, ""g_L"": 10.0, ""E_L"": -70.0, ""v_T"": -50.0, ""delta_T"": 2.0, ""v_reset"": -58.0}",2026-04-28T18:17:06.557006+00:00,0.37449434258092573,0.11792349837735983,0.3993676217461374,0.2766239116002691,0.22260888454989242,0.030125691091116583
tonic_006_nm_guarino,tonic,6,nm_guarino,-0.5625,9,9,0.9174793362617493,0.6139732599258423,0.6139732599258423,0.6139732599258423,training,50,0.6089048385620117,False,"{""C_m"": 70.77301766823965, ""g_L"": 11.399422459309381, ""E_L"": -81.04541636871322, ""v_T"": -48.889419250184304, ""delta_T"": 8.849459364191077, ""v_reset"": -72.06163206243968}","{""C_m"": 68.397198963309, ""g_L"": 11.314933196221421, ""E_L"": -79.93669765663826, ""v_T"": -51.597872236410666, ""delta_T"": 9.024160287411373, ""v_reset"": -71.87255883797026}","{""C_m"": 200.0, ""g_L"": 10.0, ""E_L"": -70.0, ""v_T"": -50.0, ""delta_T"": 2.0, ""v_reset"": -58.0}",2026-04-28T18:17:07.166036+00:00,0.5721860914638739,0.16436664952767766,0.2208155034808502,0.06391488945642664,0.3696926467058617,0.39635882394200744
tonic_007_grad_guarino,tonic,7,grad_guarino,-0.04166666666666662,9,9,0.4383246898651123,0.5026243925094604,0.9009470343589783,0.4383246898651123,warmstart,3,1.248556137084961,True,"{""C_m"": 90.5000602170108, ""g_L"": 10.13872806777244, ""E_L"": -80.77404335371277, ""v_T"": -56.02174109374822, ""delta_T"": 19.218387040481787, ""v_reset"": -67.09511968805212}","{""C_m"": 90.5000602170108, ""g_L"": 10.13872806777244, ""E_L"": -80.77404335371277, ""v_T"": -56.02174109374822, ""delta_T"": 19.218387040481787, ""v_reset"": -67.09511968805212}","{""C_m"": 200.0, ""g_L"": 10.0, ""E_L"": -70.0, ""v_T"": -50.0, ""delta_T"": 2.0, ""v_reset"": -58.0}",2026-04-28T18:17:08.414714+00:00,0.4760866947086487,0.017341008471555064,0.23942318563806156,0.24086964374992875,0.9062308968674625,0.25986056251577494
tonic_007_grad_vanrossum,tonic,7,grad_vanrossum,0.0,9,0,5.0141801834106445,4.82903528213501,12.28831672668457,4.82903528213501,training,25,1.4562098979949951,True,"{""C_m"": 96.24712055977179, ""g_L"": 13.246051307895723, ""E_L"": -72.28794082654638, ""v_T"": -48.28265074129577, ""delta_T"": 16.95046902953098, ""v_reset"": -60.3483950028343}","{""C_m"": 238.95140075683594, ""g_L"": 13.250434875488281, ""E_L"": -94.57963562011719, ""v_T"": -37.10277557373047, ""delta_T"": 14.48464298248291, ""v_reset"": -59.302223205566406}","{""C_m"": 200.0, ""g_L"": 10.0, ""E_L"": -70.0, ""v_T"": -50.0, ""delta_T"": 2.0, ""v_reset"": -58.0}",2026-04-28T18:17:09.871266+00:00,0.1693539163340693,0.40630435943603516,0.546214124891493,0.5158889770507813,0.6570864727622584,0.03720637730189732
tonic_007_nm_guarino,tonic,7,nm_guarino,-0.5625,9,9,0.4383246898651123,0.3309073746204376,0.3309073746204376,0.3309073746204376,training,50,0.5859460830688477,False,"{""C_m"": 90.5000602170108, ""g_L"": 10.13872806777244, ""E_L"": -80.77404335371277, ""v_T"": -56.02174109374822, ""delta_T"": 19.218387040481787, ""v_reset"": -67.09511968805212}","{""C_m"": 89.65758263259345, ""g_L"": 10.414891823149425, ""E_L"": -82.0237410467432, ""v_T"": -56.37431403374661, ""delta_T"": 19.404759071901896, ""v_reset"": -65.71044804718642}","{""C_m"": 200.0, ""g_L"": 10.0, ""E_L"": -70.0, ""v_T"": -50.0, ""delta_T"": 2.0, ""v_reset"": -58.0}",2026-04-28T18:17:10.457325+00:00,0.4797496407278546,0.05186147789367812,0.26719424548318216,0.2549725613498643,0.9160399511527314,0.22029851563389766
tonic_008_grad_guarino,tonic,8,grad_guarino,-0.5625,9,9,0.5406799912452698,1.0259088277816772,1.206068754196167,0.5406799912452698,warmstart,25,1.3246870040893555,True,"{""C_m"": 87.81886082745483, ""g_L"": 7.326131453423911, ""E_L"": -71.75129091707065, ""v_T"": -53.61913869052137, ""delta_T"": 19.31441774018983, ""v_reset"": -68.87685689226088}","{""C_m"": 87.81886082745483, ""g_L"": 7.326131453423911, ""E_L"": -71.75129091707065, ""v_T"": -53.61913869052137, ""delta_T"": 19.31441774018983, ""v_reset"": -68.87685689226088}","{""C_m"": 200.0, ""g_L"": 10.0, ""E_L"": -70.0, ""v_T"": -50.0, ""delta_T"": 2.0, ""v_reset"": -58.0}",2026-04-28T18:17:11.782121+00:00,0.4877440833588921,0.3342335683220111,0.03891757593490329,0.1447655476208547,0.9112851442205173,0.31076733977888216
tonic_008_grad_vanrossum,tonic,8,grad_vanrossum,-1.0,9,190,4.40515661239624,4.38929557800293,4.38929557800293,4.38929557800293,training,1,1.2960247993469238,True,"{""C_m"": 75.50699575540784, ""g_L"": 13.24554056036524, ""E_L"": -92.85493421374875, ""v_T"": -59.03397244142419, ""delta_T"": 17.982004374645463, ""v_reset"": -64.55019279876863}","{""C_m"": 10.0, ""g_L"": 6.000000476837158, ""E_L"": -65.0, ""v_T"": -60.0, ""delta_T"": 20.0, ""v_reset"": -45.0}","{""C_m"": 200.0, ""g_L"": 10.0, ""E_L"": -70.0, ""v_T"": -50.0, ""delta_T"": 2.0, ""v_reset"": -58.0}",2026-04-28T18:17:13.078255+00:00,0.8260869565217391,0.4999999403953552,0.1111111111111111,0.4,0.9473684210526315,0.37142857142857144
tonic_008_nm_guarino,tonic,8,nm_guarino,-0.5625,9,9,0.5406799912452698,0.42881250381469727,0.42881250381469727,0.42881250381469727,training,50,0.5766980648040771,False,"{""C_m"": 87.81886082745483, ""g_L"": 7.326131453423911, ""E_L"": -71.75129091707065, ""v_T"": -53.61913869052137, ""delta_T"": 19.31441774018983, ""v_reset"": -68.87685689226088}","{""C_m"": 85.45323273486339, ""g_L"": 7.376756127219004, ""E_L"": -72.61250325661025, ""v_T"": -53.98965502955224, ""delta_T"": 19.370451273777682, ""v_reset"": -71.44556683294448}","{""C_m"": 200.0, ""g_L"": 10.0, ""E_L"": -70.0, ""v_T"": -50.0, ""delta_T"": 2.0, ""v_reset"": -58.0}",2026-04-28T18:17:13.655075+00:00,0.4980294228918983,0.32790548409762454,0.058055627924672296,0.15958620118208955,0.9142342775672464,0.38415905236984227
tonic_009_grad_guarino,tonic,9,grad_guarino,-0.04166666666666662,9,9,0.3599618375301361,0.5109459161758423,0.5109459161758423,0.3599618375301361,warmstart,1,1.351722002029419,True,"{""C_m"": 125.63117307340751, ""g_L"": 11.909177109842993, ""E_L"": -78.0612162526938, ""v_T"": -56.59477387298638, ""delta_T"": 15.5107397543034, ""v_reset"": -57.38130494275939}","{""C_m"": 125.63117307340751, ""g_L"": 11.909177109842993, ""E_L"": -78.0612162526938, ""v_T"": -56.59477387298638, ""delta_T"": 15.5107397543034, ""v_reset"": -57.38130494275939}","{""C_m"": 200.0, ""g_L"": 10.0, ""E_L"": -70.0, ""v_T"": -50.0, ""delta_T"": 2.0, ""v_reset"": -58.0}",2026-04-28T18:17:15.006960+00:00,0.32334272576779344,0.23864713873037413,0.17913813894875102,0.2637909549194552,0.7110915660159683,0.01767700163544593
tonic_009_grad_vanrossum,tonic,9,grad_vanrossum,0.18571428571428572,9,11,5.156256675720215,5.161409378051758,21.829063415527344,5.156256675720215,warmstart,25,1.4753391742706299,True,"{""C_m"": 129.19552794482846, ""g_L"": 12.968472989721294, ""E_L"": -69.95104664083478, ""v_T"": -51.28070256032571, ""delta_T"": 5.1302518074041945, ""v_reset"": -56.83518725539213}","{""C_m"": 129.19552794482846, ""g_L"": 12.968472989721294, ""E_L"": -69.95104664083478, ""v_T"": -51.28070256032571, ""delta_T"": 5.1302518074041945, ""v_reset"": -56.83518725539213}","{""C_m"": 200.0, ""g_L"": 10.0, ""E_L"": -70.0, ""v_T"": -50.0, ""delta_T"": 2.0, ""v_reset"": -58.0}",2026-04-28T18:17:16.483232+00:00,0.30784553067465886,0.3710591237151617,0.001087852425893882,0.0512281024130283,0.16475009512653654,0.03328036413165348
tonic_009_nm_guarino,tonic,9,nm_guarino,0.1319444444444445,9,9,0.3599618375301361,0.2867216169834137,0.2867216169834137,0.2867216169834137,training,50,0.6299231052398682,False,"{""C_m"": 125.63117307340751, ""g_L"": 11.909177109842993, ""E_L"": -78.0612162526938, ""v_T"": -56.59477387298638, ""delta_T"": 15.5107397543034, ""v_reset"": -57.38130494275939}","{""C_m"": 125.63117307340751, ""g_L"": 11.909177109842993, ""E_L"": -78.0612162526938, ""v_T"": -56.59477387298638, ""delta_T"": 16.28627674201857, ""v_reset"": -57.38130494275939}","{""C_m"": 200.0, ""g_L"": 10.0, ""E_L"": -70.0, ""v_T"": -50.0, ""delta_T"": 2.0, ""v_reset"": -58.0}",2026-04-28T18:17:17.113276+00:00,0.32334272576779344,0.23864713873037413,0.17913813894875102,0.2637909549194552,0.7519093022115036,0.01767700163544593
tonic_010_grad_guarino,tonic,10,grad_guarino,0.6527777777777778,9,9,0.2512112259864807,1.4776661396026611,11.60494327545166,0.2512112259864807,warmstart,25,1.3821170330047607,True,"{""C_m"": 141.26454354945895, ""g_L"": 8.276037350108183, ""E_L"": -78.03277006066895, ""v_T"": -49.5198441646771, ""delta_T"": 4.964494880644267, ""v_reset"": -53.929344912306924}","{""C_m"": 141.26454354945895, ""g_L"": 8.276037350108183, ""E_L"": -78.03277006066895, ""v_T"": -49.5198441646771, ""delta_T"": 4.964494880644267, ""v_reset"": -53.929344912306924}","{""C_m"": 200.0, ""g_L"": 10.0, ""E_L"": -70.0, ""v_T"": -50.0, ""delta_T"": 2.0, ""v_reset"": -58.0}",2026-04-28T18:17:18.495519+00:00,0.25537154978496107,0.21549533123647713,0.17850600134819894,0.019206233412915878,0.15602604634969827,0.11630443107694503
tonic_010_grad_vanrossum,tonic,10,grad_vanrossum,-0.49826989619377166,9,8,3.4339439868927,5.4535017013549805,1290637.375,3.4339439868927,warmstart,2,1.421152114868164,True,"{""C_m"": 123.18254759447416, ""g_L"": 8.419917087699401, ""E_L"": -81.91126034864487, ""v_T"": -50.951510216042095, ""delta_T"": 8.567550598877094, ""v_reset"": -52.487627324622615}","{""C_m"": 123.18254759447416, ""g_L"": 8.419917087699401, ""E_L"": -81.91126034864487, ""v_T"": -50.951510216042095, ""delta_T"": 8.567550598877094, ""v_reset"": -52.487627324622615}","{""C_m"": 200.0, ""g_L"": 10.0, ""E_L"": -70.0, ""v_T"": -50.0, ""delta_T"": 2.0, ""v_reset"": -58.0}",2026-04-28T18:17:19.916833+00:00,0.33398892350228626,0.19751036403757483,0.26469467441433053,0.03806040864168381,0.34566055783563654,0.15749636215363957
tonic_010_nm_guarino,tonic,10,nm_guarino,-0.49826989619377166,9,8,0.2512112259864807,0.12722711265087128,0.12722711265087128,0.12722711265087128,training,50,0.6293888092041016,False,"{""C_m"": 141.26454354945895, ""g_L"": 8.276037350108183, ""E_L"": -78.03277006066895, ""v_T"": -49.5198441646771, ""delta_T"": 4.964494880644267, ""v_reset"": -53.929344912306924}","{""C_m"": 139.38908965967164, ""g_L"": 8.379449931222775, ""E_L"": -78.32309561747294, ""v_T"": -49.59274146105832, ""delta_T"": 5.1357012601858125, ""v_reset"": -54.22870550812456}","{""C_m"": 200.0, ""g_L"": 10.0, ""E_L"": -70.0, ""v_T"": -50.0, ""delta_T"": 2.0, ""v_reset"": -58.0}",2026-04-28T18:17:20.546342+00:00,0.2635256971318624,0.20256875859715318,0.18495768038828764,0.01629034155766732,0.16503690843083224,0.10775127119644107
tonic_011_grad_guarino,tonic,11,grad_guarino,0.19377162629757788,9,8,0.5626388192176819,0.8715843558311462,11.600343704223633,0.5626388192176819,warmstart,25,1.3106701374053955,True,"{""C_m"": 80.60159442342677, ""g_L"": 9.576059493579052, ""E_L"": -76.47729791348763, ""v_T"": -47.070302948346765, ""delta_T"": 7.900232966338974, ""v_reset"": -65.6639523094601}","{""C_m"": 80.60159442342677, ""g_L"": 9.576059493579052, ""E_L"": -76.47729791348763, ""v_T"": -47.070302948346765, ""delta_T"": 7.900232966338974, ""v_reset"": -65.6639523094601}","{""C_m"": 200.0, ""g_L"": 10.0, ""E_L"": -70.0, ""v_T"": -50.0, ""delta_T"": 2.0, ""v_reset"": -58.0}",2026-04-28T18:17:21.857134+00:00,0.5191235025068401,0.05299256330261848,0.1439399536330585,0.11718788206612941,0.31053857717573546,0.2189700659845743
tonic_011_grad_vanrossum,tonic,11,grad_vanrossum,-1.0,9,3791,5.6909589767456055,5.3963093757629395,1290637.625,5.3963093757629395,training,2,1.318788766860962,True,"{""C_m"": 80.60159442342677, ""g_L"": 9.576059493579052, ""E_L"": -76.47729791348763, ""v_T"": -47.070302948346765, ""delta_T"": 7.900232966338974, ""v_reset"": -65.6639523094601}","{""C_m"": 10.0, ""g_L"": 6.0, ""E_L"": -65.0, ""v_T"": -60.0, ""delta_T"": 1.0, ""v_reset"": -47.03445053100586}","{""C_m"": 200.0, ""g_L"": 10.0, ""E_L"": -70.0, ""v_T"": -50.0, ""delta_T"": 2.0, ""v_reset"": -58.0}",2026-04-28T18:17:23.176415+00:00,0.8260869565217391,0.5,0.1111111111111111,0.4,0.05263157894736842,0.3133014133998326
tonic_011_nm_guarino,tonic,11,nm_guarino,-0.5625,9,9,0.5626388192176819,0.3071337342262268,0.3071337342262268,0.3071337342262268,training,50,0.5773530006408691,False,"{""C_m"": 80.60159442342677, ""g_L"": 9.576059493579052, ""E_L"": -76.47729791348763, ""v_T"": -47.070302948346765, ""delta_T"": 7.900232966338974, ""v_reset"": -65.6639523094601}","{""C_m"": 82.85582584286328, ""g_L"": 9.90930611043695, ""E_L"": -74.89490608495298, ""v_T"": -48.32520763050884, ""delta_T"": 8.175160864415108, ""v_reset"": -64.97244009909483}","{""C_m"": 200.0, ""g_L"": 10.0, ""E_L"": -70.0, ""v_T"": -50.0, ""delta_T"": 2.0, ""v_reset"": -58.0}",2026-04-28T18:17:23.753879+00:00,0.5093224963353771,0.011336736195381336,0.10877569077673285,0.06699169477964631,0.3250084665481636,0.19921257425985214
tonic_012_grad_guarino,tonic,12,grad_guarino,-0.04166666666666662,9,9,0.3570079803466797,0.49846151471138,0.5958396792411804,0.3570079803466797,warmstart,25,1.352302074432373,True,"{""C_m"": 75.09955376865288, ""g_L"": 13.949438250126478, ""E_L"": -71.9408724979711, ""v_T"": -40.2730883350853, ""delta_T"": 17.46240751170137, ""v_reset"": -49.91176805972932}","{""C_m"": 75.09955376865288, ""g_L"": 13.949438250126478, ""E_L"": -71.9408724979711, ""v_T"": -40.2730883350853, ""delta_T"": 17.46240751170137, ""v_reset"": -49.91176805972932}","{""C_m"": 200.0, ""g_L"": 10.0, ""E_L"": -70.0, ""v_T"": -50.0, ""delta_T"": 2.0, ""v_reset"": -58.0}",2026-04-28T18:17:25.106308+00:00,0.5430454183971614,0.4936797812658098,0.043130499954913325,0.38907646659658807,0.8138109216684932,0.23109234115059088
tonic_012_grad_vanrossum,tonic,12,grad_vanrossum,-0.5625,9,9,6.28368616104126,5.98164176940918,6.068699359893799,5.98164176940918,training,25,1.441615104675293,True,"{""C_m"": 75.09955376865288, ""g_L"": 13.949438250126478, ""E_L"": -71.9408724979711, ""v_T"": -40.2730883350853, ""delta_T"": 17.46240751170137, ""v_reset"": -49.91176805972932}","{""C_m"": 73.3841552734375, ""g_L"": 13.949434280395508, ""E_L"": -71.85086059570312, ""v_T"": -40.29719543457031, ""delta_T"": 17.47464942932129, ""v_reset"": -49.93083190917969}","{""C_m"": 200.0, ""g_L"": 10.0, ""E_L"": -70.0, ""v_T"": -50.0, ""delta_T"": 2.0, ""v_reset"": -58.0}",2026-04-28T18:17:26.548037+00:00,0.5505036727241848,0.4936792850494385,0.04113023546006944,0.3881121826171875,0.8144552331221732,0.2305476597377232
tonic_012_nm_guarino,tonic,12,nm_guarino,-0.04166666666666662,9,9,0.3570079803466797,0.3570079803466797,0.3570079803466797,0.3570079803466797,warmstart,50,0.5779650211334229,False,"{""C_m"": 75.09955376865288, ""g_L"": 13.949438250126478, ""E_L"": -71.9408724979711, ""v_T"": -40.2730883350853, ""delta_T"": 17.46240751170137, ""v_reset"": -49.91176805972932}","{""C_m"": 75.09955376865288, ""g_L"": 13.949438250126478, ""E_L"": -71.9408724979711, ""v_T"": -40.2730883350853, ""delta_T"": 17.46240751170137, ""v_reset"": -49.91176805972932}","{""C_m"": 200.0, ""g_L"": 10.0, ""E_L"": -70.0, ""v_T"": -50.0, ""delta_T"": 2.0, ""v_reset"": -58.0}",2026-04-28T18:17:27.126115+00:00,0.5430454183971614,0.4936797812658098,0.043130499954913325,0.38907646659658807,0.8138109216684932,0.23109234115059088
tonic_013_grad_guarino,tonic,13,grad_guarino,0.1319444444444445,9,9,0.24870538711547852,0.36732882261276245,0.36732882261276245,0.24870538711547852,warmstart,1,1.2362229824066162,True,"{""C_m"": 81.52833376298034, ""g_L"": 13.876660463809372, ""E_L"": -84.42560049164081, ""v_T"": -52.6624531606725, ""delta_T"": 16.836650667333295, ""v_reset"": -56.6442577567282}","{""C_m"": 81.52833376298034, ""g_L"": 13.876660463809372, ""E_L"": -84.42560049164081, ""v_T"": -52.6624531606725, ""delta_T"": 16.836650667333295, ""v_reset"": -56.6442577567282}","{""C_m"": 200.0, ""g_L"": 10.0, ""E_L"": -70.0, ""v_T"": -50.0, ""delta_T"": 2.0, ""v_reset"": -58.0}",2026-04-28T18:17:28.362447+00:00,0.5150942010305203,0.48458255797617156,0.32056889981424014,0.10649812642689994,0.7808763509122787,0.03873549266490853
tonic_013_grad_vanrossum,tonic,13,grad_vanrossum,0.1319444444444445,9,9,5.381577014923096,6.0930495262146,23.48639488220215,5.381577014923096,warmstart,25,1.5560729503631592,True,"{""C_m"": 81.52833376298034, ""g_L"": 13.876660463809372, ""E_L"": -84.42560049164081, ""v_T"": -52.6624531606725, ""delta_T"": 16.836650667333295, ""v_reset"": -56.6442577567282}","{""C_m"": 81.52833376298034, ""g_L"": 13.876660463809372, ""E_L"": -84.42560049164081, ""v_T"": -52.6624531606725, ""delta_T"": 16.836650667333295, ""v_reset"": -56.6442577567282}","{""C_m"": 200.0, ""g_L"": 10.0, ""E_L"": -70.0, ""v_T"": -50.0, ""delta_T"": 2.0, ""v_reset"": -58.0}",2026-04-28T18:17:29.918999+00:00,0.5150942010305203,0.48458255797617156,0.32056889981424014,0.10649812642689994,0.7808763509122787,0.03873549266490853
tonic_013_nm_guarino,tonic,13,nm_guarino,0.1319444444444445,9,9,0.24870538711547852,0.24870538711547852,0.24870538711547852,0.24870538711547852,warmstart,50,0.6167092323303223,False,"{""C_m"": 81.52833376298034, ""g_L"": 13.876660463809372, ""E_L"": -84.42560049164081, ""v_T"": -52.6624531606725, ""delta_T"": 16.836650667333295, ""v_reset"": -56.6442577567282}","{""C_m"": 81.52833376298034, ""g_L"": 13.876660463809372, ""E_L"": -84.42560049164081, ""v_T"": -52.6624531606725, ""delta_T"": 16.836650667333295, ""v_reset"": -56.6442577567282}","{""C_m"": 200.0, ""g_L"": 10.0, ""E_L"": -70.0, ""v_T"": -50.0, ""delta_T"": 2.0, ""v_reset"": -58.0}",2026-04-28T18:17:30.535828+00:00,0.5150942010305203,0.48458255797617156,0.32056889981424014,0.10649812642689994,0.7808763509122787,0.03873549266490853
tonic_014_grad_guarino,tonic,14,grad_guarino,-0.21527777777777773,9,9,0.391756534576416,0.4385780692100525,11.604340553283691,0.391756534576416,warmstart,25,1.2755849361419678,True,"{""C_m"": 78.50070828863711, ""g_L"": 8.631666926444517, ""E_L"": -83.02965105847534, ""v_T"": -51.261643572612996, ""delta_T"": 7.689111768922503, ""v_reset"": -65.98063485459289}","{""C_m"": 78.50070828863711, ""g_L"": 8.631666926444517, ""E_L"": -83.02965105847534, ""v_T"": -51.261643572612996, ""delta_T"": 7.689111768922503, ""v_reset"": -65.98063485459289}","{""C_m"": 200.0, ""g_L"": 10.0, ""E_L"": -70.0, ""v_T"": -50.0, ""delta_T"": 2.0, ""v_reset"": -58.0}",2026-04-28T18:17:31.811545+00:00,0.5282577900494039,0.1710416341944354,0.28954780129945196,0.050465742904519856,0.29942693520644753,0.22801813870265408
tonic_014_grad_vanrossum,tonic,14,grad_vanrossum,-1.0,9,180,4.872757434844971,4.806800842285156,4.806800842285156,4.806800842285156,training,1,1.2942063808441162,True,"{""C_m"": 173.15833153976774, ""g_L"": 12.556880905111004, ""E_L"": -66.6333877473563, ""v_T"": -51.478560547831556, ""delta_T"": 4.258575472033507, ""v_reset"": -57.15901551554112}","{""C_m"": 10.0, ""g_L"": 6.0, ""E_L"": -65.0, ""v_T"": -60.0, ""delta_T"": 1.0, ""v_reset"": -80.0}","{""C_m"": 200.0, ""g_L"": 10.0, ""E_L"": -70.0, ""v_T"": -50.0, ""delta_T"": 2.0, ""v_reset"": -58.0}",2026-04-28T18:17:33.105870+00:00,0.8260869565217391,0.5,0.1111111111111111,0.4,0.05263157894736842,0.6285714285714286
tonic_014_nm_guarino,tonic,14,nm_guarino,-0.21527777777777773,9,9,0.391756534576416,0.391756534576416,0.391756534576416,0.391756534576416,warmstart,50,0.5755000114440918,False,"{""C_m"": 78.50070828863711, ""g_L"": 8.631666926444517, ""E_L"": -83.02965105847534, ""v_T"": -51.261643572612996, ""delta_T"": 7.689111768922503, ""v_reset"": -65.98063485459289}","{""C_m"": 78.50070828863711, ""g_L"": 8.631666926444517, ""E_L"": -83.02965105847534, ""v_T"": -51.261643572612996, ""delta_T"": 7.689111768922503, ""v_reset"": -65.98063485459289}","{""C_m"": 200.0, ""g_L"": 10.0, ""E_L"": -70.0, ""v_T"": -50.0, ""delta_T"": 2.0, ""v_reset"": -58.0}",2026-04-28T18:17:33.681487+00:00,0.5282577900494039,0.1710416341944354,0.28954780129945196,0.050465742904519856,0.29942693520644753,0.22801813870265408
tonic_015_grad_guarino,tonic,15,grad_guarino,-0.5625,9,9,0.1530996710062027,0.7276083827018738,1.875736117362976,0.1530996710062027,warmstart,8,1.315722942352295,True,"{""C_m"": 124.78803172167396, ""g_L"": 13.059536632631715, ""E_L"": -71.82133731088688, ""v_T"": -53.6032560807806, ""delta_T"": 18.786429246458002, ""v_reset"": -58.20246893828234}","{""C_m"": 124.78803172167396, ""g_L"": 13.059536632631715, ""E_L"": -71.82133731088688, ""v_T"": -53.6032560807806, ""delta_T"": 18.786429246458002, ""v_reset"": -58.20246893828234}","{""C_m"": 200.0, ""g_L"": 10.0, ""E_L"": -70.0, ""v_T"": -50.0, ""delta_T"": 2.0, ""v_reset"": -58.0}",2026-04-28T18:17:34.997334+00:00,0.32700855773185233,0.38244207907896444,0.04047416246415278,0.14413024323122386,0.8834962761293685,0.005784826808066766
tonic_015_grad_vanrossum,tonic,15,grad_vanrossum,-0.5625,9,9,4.216874122619629,5.721893787384033,12.309635162353516,4.216874122619629,warmstart,25,1.4516479969024658,True,"{""C_m"": 124.78803172167396, ""g_L"": 13.059536632631715, ""E_L"": -71.82133731088688, ""v_T"": -53.6032560807806, ""delta_T"": 18.786429246458002, ""v_reset"": -58.20246893828234}","{""C_m"": 124.78803172167396, ""g_L"": 13.059536632631715, ""E_L"": -71.82133731088688, ""v_T"": -53.6032560807806, ""delta_T"": 18.786429246458002, ""v_reset"": -58.20246893828234}","{""C_m"": 200.0, ""g_L"": 10.0, ""E_L"": -70.0, ""v_T"": -50.0, ""delta_T"": 2.0, ""v_reset"": -58.0}",2026-04-28T18:17:36.449098+00:00,0.32700855773185233,0.38244207907896444,0.04047416246415278,0.14413024323122386,0.8834962761293685,0.005784826808066766
tonic_015_nm_guarino,tonic,15,nm_guarino,-0.5625,9,9,0.1530996710062027,0.1421688050031662,0.1421688050031662,0.1421688050031662,training,50,0.5805850028991699,False,"{""C_m"": 124.78803172167396, ""g_L"": 13.059536632631715, ""E_L"": -71.82133731088688, ""v_T"": -53.6032560807806, ""delta_T"": 18.786429246458002, ""v_reset"": -58.20246893828234}","{""C_m"": 124.78803172167396, ""g_L"": 13.059536632631715, ""E_L"": -71.82133731088688, ""v_T"": -53.6032560807806, ""delta_T"": 19.725750708780904, ""v_reset"": -58.20246893828234}","{""C_m"": 200.0, ""g_L"": 10.0, ""E_L"": -70.0, ""v_T"": -50.0, ""delta_T"": 2.0, ""v_reset"": -58.0}",2026-04-28T18:17:37.029803+00:00,0.32700855773185233,0.38244207907896444,0.04047416246415278,0.14413024323122386,0.9329342478305739,0.005784826808066766
tonic_016_grad_guarino,tonic,16,grad_guarino,0.0,9,0,0.561672568321228,0.4701014459133148,11.603009223937988,0.4701014459133148,training,25,1.3184919357299805,True,"{""C_m"": 63.81822272084508, ""g_L"": 9.981596055896421, ""E_L"": -94.31358824327118, ""v_T"": -56.56561159405785, ""delta_T"": 9.890567456045932, ""v_reset"": -64.71037266251815}","{""C_m"": 240.0, ""g_L"": 14.0, ""E_L"": -110.0, ""v_T"": -35.0, ""delta_T"": 20.0, ""v_reset"": -80.0}","{""C_m"": 200.0, ""g_L"": 10.0, ""E_L"": -70.0, ""v_T"": -50.0, ""delta_T"": 2.0, ""v_reset"": -58.0}",2026-04-28T18:17:38.348785+00:00,0.17391304347826086,0.5,0.8888888888888888,0.6,0.9473684210526315,0.6285714285714286
tonic_016_grad_vanrossum,tonic,16,grad_vanrossum,0.14736842105263157,9,6,5.7198896408081055,6.3861517906188965,1291059.625,5.7198896408081055,warmstart,25,1.4483120441436768,True,"{""C_m"": 167.89913287391013, ""g_L"": 10.029425221267145, ""E_L"": -80.20688460248876, ""v_T"": -55.12286673691578, ""delta_T"": 10.203681542941563, ""v_reset"": -60.06519822792628}","{""C_m"": 167.89913287391013, ""g_L"": 10.029425221267145, ""E_L"": -80.20688460248876, ""v_T"": -55.12286673691578, ""delta_T"": 10.203681542941563, ""v_reset"": -60.06519822792628}","{""C_m"": 200.0, ""g_L"": 10.0, ""E_L"": -70.0, ""v_T"": -50.0, ""delta_T"": 2.0, ""v_reset"": -58.0}",2026-04-28T18:17:39.797215+00:00,0.13956898750473856,0.003678152658393108,0.22681965783308347,0.20491466947663128,0.43177271278639806,0.0590056636550366
tonic_016_nm_guarino,tonic,16,nm_guarino,0.36678200692041524,9,8,0.561672568321228,0.4859274625778198,0.4859274625778198,0.4859274625778198,training,50,0.5970020294189453,False,"{""C_m"": 63.81822272084508, ""g_L"": 9.981596055896421, ""E_L"": -94.31358824327118, ""v_T"": -56.56561159405785, ""delta_T"": 9.890567456045932, ""v_reset"": -64.71037266251815}","{""C_m"": 64.65346869783761, ""g_L"": 10.112234102432444, ""E_L"": -95.33239517934018, ""v_T"": -56.79216373078311, ""delta_T"": 10.102435525607481, ""v_reset"": -65.5572950011812}","{""C_m"": 200.0, ""g_L"": 10.0, ""E_L"": -70.0, ""v_T"": -50.0, ""delta_T"": 2.0, ""v_reset"": -58.0}",2026-04-28T18:17:40.394325+00:00,0.5884631795746191,0.014029262804055476,0.5629421150964485,0.27168654923132435,0.4264439750319727,0.21592271431946294
tonic_017_grad_guarino,tonic,17,grad_guarino,-0.49826989619377166,9,8,0.48344874382019043,0.6250180006027222,0.6250180006027222,0.48344874382019043,warmstart,1,1.2912330627441406,True,"{""C_m"": 163.19127117445322, ""g_L"": 11.146771228801027, ""E_L"": -79.96235644435437, ""v_T"": -56.41257871845082, ""delta_T"": 4.835629552434626, ""v_reset"": -60.33272511215217}","{""C_m"": 163.19127117445322, ""g_L"": 11.146771228801027, ""E_L"": -79.96235644435437, ""v_T"": -56.41257871845082, ""delta_T"": 4.835629552434626, ""v_reset"": -60.33272511215217}","{""C_m"": 200.0, ""g_L"": 10.0, ""E_L"": -70.0, ""v_T"": -50.0, ""delta_T"": 2.0, ""v_reset"": -58.0}",2026-04-28T18:17:41.685666+00:00,0.1600379514154208,0.1433464036001284,0.22138569876343045,0.2565031487380327,0.149243660654454,0.06664928891863338
tonic_017_grad_vanrossum,tonic,17,grad_vanrossum,-0.49826989619377166,9,8,4.274654388427734,6.42247200012207,20.473031997680664,4.274654388427734,warmstart,25,1.4362869262695312,True,"{""C_m"": 163.19127117445322, ""g_L"": 11.146771228801027, ""E_L"": -79.96235644435437, ""v_T"": -56.41257871845082, ""delta_T"": 4.835629552434626, ""v_reset"": -60.33272511215217}","{""C_m"": 163.19127117445322, ""g_L"": 11.146771228801027, ""E_L"": -79.96235644435437, ""v_T"": -56.41257871845082, ""delta_T"": 4.835629552434626, ""v_reset"": -60.33272511215217}","{""C_m"": 200.0, ""g_L"": 10.0, ""E_L"": -70.0, ""v_T"": -50.0, ""delta_T"": 2.0, ""v_reset"": -58.0}",2026-04-28T18:17:43.122081+00:00,0.1600379514154208,0.1433464036001284,0.22138569876343045,0.2565031487380327,0.149243660654454,0.06664928891863338
tonic_017_nm_guarino,tonic,17,nm_guarino,0.6527777777777778,9,9,0.48344874382019043,0.07926206290721893,0.07926206290721893,0.07926206290721893,training,50,0.5749237537384033,False,"{""C_m"": 163.19127117445322, ""g_L"": 11.146771228801027, ""E_L"": -79.96235644435437, ""v_T"": -56.41257871845082, ""delta_T"": 4.835629552434626, ""v_reset"": -60.33272511215217}","{""C_m"": 163.72550233558653, ""g_L"": 11.198148266691076, ""E_L"": -79.28289773461852, ""v_T"": -56.67015340816974, ""delta_T"": 4.879682957738653, ""v_reset"": -60.47542589078742}","{""C_m"": 200.0, ""g_L"": 10.0, ""E_L"": -70.0, ""v_T"": -50.0, ""delta_T"": 2.0, ""v_reset"": -58.0}",2026-04-28T18:17:43.697222+00:00,0.1577152072365803,0.1497685333363845,0.2062866163248559,0.26680613632678957,0.1515622609336133,0.07072645402249772
tonic_018_grad_guarino,tonic,18,grad_guarino,0.30555555555555564,9,9,0.7198811769485474,0.3992212414741516,5.968015193939209,0.3992212414741516,training,25,1.3174798488616943,True,"{""C_m"": 88.58180128652818, ""g_L"": 10.924616707674046, ""E_L"": -82.13011509103846, ""v_T"": -49.1336648495461, ""delta_T"": 18.11976122008702, ""v_reset"": -48.3932543712329}","{""C_m"": 92.30689239501953, ""g_L"": 10.911102294921875, ""E_L"": -82.3624267578125, ""v_T"": -48.847660064697266, ""delta_T"": 18.135717391967773, ""v_reset"": -48.41143035888672}","{""C_m"": 200.0, ""g_L"": 10.0, ""E_L"": -70.0, ""v_T"": -50.0, ""delta_T"": 2.0, ""v_reset"": -58.0}",2026-04-28T18:17:45.014825+00:00,0.4682309026303499,0.11388778686523438,0.27472059461805554,0.046093597412109374,0.8492482837877775,0.2739591326032366
tonic_018_grad_vanrossum,tonic,18,grad_vanrossum,0.9473684210526316,9,10,5.804696559906006,5.176629066467285,7.463156223297119,5.176629066467285,training,6,1.4038560390472412,True,"{""C_m"": 74.76060438735519, ""g_L"": 10.603934423040267, ""E_L"": -66.5659487228622, ""v_T"": -45.055499187658484, ""delta_T"": 17.42886607039492, ""v_reset"": -69.17741313350531}","{""C_m"": 74.34066009521484, ""g_L"": 10.60551643371582, ""E_L"": -66.56539154052734, ""v_T"": -45.080257415771484, ""delta_T"": 17.42744255065918, ""v_reset"": -69.17135620117188}","{""C_m"": 200.0, ""g_L"": 10.0, ""E_L"": -70.0, ""v_T"": -50.0, ""delta_T"": 2.0, ""v_reset"": -58.0}",2026-04-28T18:17:46.418799+00:00,0.5463449561077616,0.07568955421447754,0.07632463243272569,0.19678970336914062,0.8119706605610094,0.3191816057477679
tonic_018_nm_guarino,tonic,18,nm_guarino,1.0,9,9,0.7198811769485474,0.351298063993454,0.351298063993454,0.351298063993454,training,50,0.5819330215454102,False,"{""C_m"": 88.58180128652818, ""g_L"": 10.924616707674046, ""E_L"": -82.13011509103846, ""v_T"": -49.1336648495461, ""delta_T"": 18.11976122008702, ""v_reset"": -48.3932543712329}","{""C_m"": 90.53231220020187, ""g_L"": 11.165169324651151, ""E_L"": -82.01628019786533, ""v_T"": -48.56920059287264, ""delta_T"": 17.512092616069758, ""v_reset"": -49.86211798199213}","{""C_m"": 200.0, ""g_L"": 10.0, ""E_L"": -70.0, ""v_T"": -50.0, ""delta_T"": 2.0, ""v_reset"": -58.0}",2026-04-28T18:17:47.000842+00:00,0.47594646869477447,0.14564616558139387,0.2670284488414517,0.05723197628509439,0.8164259271615663,0.2325109148002249
tonic_019_grad_guarino,tonic,19,grad_guarino,0.19377162629757788,9,8,0.5351827144622803,0.7712098956108093,11.598201751708984,0.5351827144622803,warmstart,25,1.3085780143737793,True,"{""C_m"": 90.4280327832042, ""g_L"": 13.32339789639606, ""E_L"": -78.24579070494036, ""v_T"": -53.47772341216682, ""delta_T"": 10.591131329107409, ""v_reset"": -67.68569431864627}","{""C_m"": 90.4280327832042, ""g_L"": 13.32339789639606, ""E_L"": -78.24579070494036, ""v_T"": -53.47772341216682, ""delta_T"": 10.591131329107409, ""v_reset"": -67.68569431864627}","{""C_m"": 200.0, ""g_L"": 10.0, ""E_L"": -70.0, ""v_T"": -50.0, ""delta_T"": 2.0, ""v_reset"": -58.0}",2026-04-28T18:17:48.309571+00:00,0.47639985746432956,0.41542473704950744,0.18323979344311914,0.1391089364866727,0.4521648067951268,0.27673412338989345
tonic_019_grad_vanrossum,tonic,19,grad_vanrossum,0.0,9,0,5.774397373199463,5.407517433166504,22.503450393676758,5.407517433166504,training,25,1.5104601383209229,True,"{""C_m"": 90.4280327832042, ""g_L"": 13.32339789639606, ""E_L"": -78.24579070494036, ""v_T"": -53.47772341216682, ""delta_T"": 10.591131329107409, ""v_reset"": -67.68569431864627}","{""C_m"": 240.0, ""g_L"": 13.882227897644043, ""E_L"": -110.0, ""v_T"": -35.0, ""delta_T"": 19.906307220458984, ""v_reset"": -78.23169708251953}","{""C_m"": 200.0, ""g_L"": 10.0, ""E_L"": -70.0, ""v_T"": -50.0, ""delta_T"": 2.0, ""v_reset"": -58.0}",2026-04-28T18:17:49.820143+00:00,0.17391304347826086,0.48527848720550537,0.8888888888888888,0.6,0.9424372221294203,0.5780484880719866
tonic_019_nm_guarino,tonic,19,nm_guarino,-0.5625,9,9,0.5351827144622803,0.2253362387418747,0.2253362387418747,0.2253362387418747,training,50,0.5750472545623779,False,"{""C_m"": 90.4280327832042, ""g_L"": 13.32339789639606, ""E_L"": -78.24579070494036, ""v_T"": -53.47772341216682, ""delta_T"": 10.591131329107409, ""v_reset"": -67.68569431864627}","{""C_m"": 92.18635564287763, ""g_L"": 13.582463966603761, ""E_L"": -79.76723663531419, ""v_T"": -54.51756803407004, ""delta_T"": 10.797069993840053, ""v_reset"": -63.173314697403185}","{""C_m"": 200.0, ""g_L"": 10.0, ""E_L"": -70.0, ""v_T"": -50.0, ""delta_T"": 2.0, ""v_reset"": -58.0}",2026-04-28T18:17:50.395651+00:00,0.46875497546574946,0.44780799582547015,0.21704970300698204,0.18070272136280152,0.4630036838863186,0.14780899135437672
tonic_020_grad_guarino,tonic,20,grad_guarino,-0.6315789473684211,9,10,0.7338969111442566,0.7815304398536682,11.67359733581543,0.7338969111442566,warmstart,25,1.3601479530334473,True,"{""C_m"": 181.16459228604867, ""g_L"": 7.250317312992606, ""E_L"": -73.52871895450556, ""v_T"": -59.72474444074926, ""delta_T"": 4.049041427304039, ""v_reset"": -67.36147010434328}","{""C_m"": 181.16459228604867, ""g_L"": 7.250317312992606, ""E_L"": -73.52871895450556, ""v_T"": -59.72474444074926, ""delta_T"": 4.049041427304039, ""v_reset"": -67.36147010434328}","{""C_m"": 200.0, ""g_L"": 10.0, ""E_L"": -70.0, ""v_T"": -50.0, ""delta_T"": 2.0, ""v_reset"": -58.0}",2026-04-28T18:17:51.755914+00:00,0.08189307701717968,0.34371033587592426,0.07841597676679031,0.3889897776299705,0.10784428564758101,0.2674705744098081
tonic_020_grad_vanrossum,tonic,20,grad_vanrossum,0.6527777777777778,9,9,4.926721096038818,5.758266925811768,21.293235778808594,4.926721096038818,warmstart,25,1.5101418495178223,True,"{""C_m"": 109.77964464495948, ""g_L"": 12.294124288002154, ""E_L"": -66.21552261212813, ""v_T"": -44.175879771981, ""delta_T"": 10.007772977939455, ""v_reset"": -53.715596638905296}","{""C_m"": 109.77964464495948, ""g_L"": 12.294124288002154, ""E_L"": -66.21552261212813, ""v_T"": -44.175879771981, ""delta_T"": 10.007772977939455, ""v_reset"": -53.715596638905296}","{""C_m"": 200.0, ""g_L"": 10.0, ""E_L"": -70.0, ""v_T"": -50.0, ""delta_T"": 2.0, ""v_reset"": -58.0}",2026-04-28T18:17:53.266163+00:00,0.39226241458713274,0.2867655360002692,0.08409949750826387,0.23296480912075992,0.42146173568102396,0.12241152460270582
tonic_020_nm_guarino,tonic,20,nm_guarino,0.30555555555555564,9,9,0.7338969111442566,0.3055923581123352,0.3055923581123352,0.3055923581123352,training,50,0.5790390968322754,False,"{""C_m"": 181.16459228604867, ""g_L"": 7.250317312992606, ""E_L"": -73.52871895450556, ""v_T"": -59.72474444074926, ""delta_T"": 4.049041427304039, ""v_reset"": -67.36147010434328}","{""C_m"": 189.2881858910041, ""g_L"": 7.2542110978645855, ""E_L"": -76.82581704382895, ""v_T"": -59.62091024245755, ""delta_T"": 4.10876780659416, ""v_reset"": -65.49670431982213}","{""C_m"": 200.0, ""g_L"": 10.0, ""E_L"": -70.0, ""v_T"": -50.0, ""delta_T"": 2.0, ""v_reset"": -58.0}",2026-04-28T18:17:53.845333+00:00,0.046573104821721285,0.3432236127669268,0.15168482319619886,0.3848364096983019,0.11098777929442946,0.21419155199491796
tonic_021_grad_guarino,tonic,21,grad_guarino,0.020761245674740504,9,8,0.5402133464813232,0.8987582325935364,1.0465644598007202,0.5402133464813232,warmstart,25,1.2890870571136475,True,"{""C_m"": 181.52719867680278, ""g_L"": 12.077335839875467, ""E_L"": -65.40412706760574, ""v_T"": -57.22630001892245, ""delta_T"": 15.899091175862576, ""v_reset"": -60.05366728891671}","{""C_m"": 181.52719867680278, ""g_L"": 12.077335839875467, ""E_L"": -65.40412706760574, ""v_T"": -57.22630001892245, ""delta_T"": 15.899091175862576, ""v_reset"": -60.05366728891671}","{""C_m"": 200.0, ""g_L"": 10.0, ""E_L"": -70.0, ""v_T"": -50.0, ""delta_T"": 2.0, ""v_reset"": -58.0}",2026-04-28T18:17:55.134542+00:00,0.08031652749216181,0.25966697998443333,0.10213050960876129,0.2890520007568981,0.7315311145190829,0.058676208254763045
tonic_021_grad_vanrossum,tonic,21,grad_vanrossum,0.5397923875432526,9,8,4.875082969665527,4.928237438201904,4.928237438201904,4.875082969665527,warmstart,1,1.2915372848510742,True,"{""C_m"": 58.07780130495061, ""g_L"": 8.847337659595457, ""E_L"": -91.6030545542435, ""v_T"": -48.613526466862275, ""delta_T"": 3.423962160562974, ""v_reset"": -61.89134740106007}","{""C_m"": 58.07780130495061, ""g_L"": 8.847337659595457, ""E_L"": -91.6030545542435, ""v_T"": -48.613526466862275, ""delta_T"": 3.423962160562974, ""v_reset"": -61.89134740106007}","{""C_m"": 200.0, ""g_L"": 10.0, ""E_L"": -70.0, ""v_T"": -50.0, ""delta_T"": 2.0, ""v_reset"": -58.0}",2026-04-28T18:17:56.426201+00:00,0.6170530378045626,0.14408279255056788,0.48006787898318887,0.055458941325508986,0.07494537687173547,0.1111813543160019
tonic_021_nm_guarino,tonic,21,nm_guarino,-0.5625,9,9,0.5402133464813232,0.16479068994522095,0.16479068994522095,0.16479068994522095,training,50,0.5921118259429932,False,"{""C_m"": 181.52719867680278, ""g_L"": 12.077335839875467, ""E_L"": -65.40412706760574, ""v_T"": -57.22630001892245, ""delta_T"": 15.899091175862576, ""v_reset"": -60.05366728891671}","{""C_m"": 181.52719867680278, ""g_L"": 12.077335839875467, ""E_L"": -65.40412706760574, ""v_T"": -60.0, ""delta_T"": 15.899091175862576, ""v_reset"": -60.05366728891671}","{""C_m"": 200.0, ""g_L"": 10.0, ""E_L"": -70.0, ""v_T"": -50.0, ""delta_T"": 2.0, ""v_reset"": -58.0}",2026-04-28T18:17:57.018783+00:00,0.08031652749216181,0.25966697998443333,0.10213050960876129,0.4,0.7315311145190829,0.058676208254763045
tonic_022_grad_guarino,tonic,22,grad_guarino,0.020761245674740504,9,8,0.6433603167533875,0.686699628829956,11.589981079101562,0.6433603167533875,warmstart,25,1.3314828872680664,True,"{""C_m"": 90.67992581547959, ""g_L"": 11.867567520018017, ""E_L"": -76.67256117575442, ""v_T"": -51.87385814636055, ""delta_T"": 9.733687890927794, ""v_reset"": -70.03735722860475}","{""C_m"": 90.67992581547959, ""g_L"": 11.867567520018017, ""E_L"": -76.67256117575442, ""v_T"": -51.87385814636055, ""delta_T"": 9.733687890927794, ""v_reset"": -70.03735722860475}","{""C_m"": 200.0, ""g_L"": 10.0, ""E_L"": -70.0, ""v_T"": -50.0, ""delta_T"": 2.0, ""v_reset"": -58.0}",2026-04-28T18:17:58.350375+00:00,0.47530467036748003,0.23344594000225216,0.1482791372389872,0.07495432585442188,0.4070362047856733,0.3439244922458499
tonic_022_grad_vanrossum,tonic,22,grad_vanrossum,-0.38888888888888884,9,9,4.043592929840088,5.811508655548096,13.577950477600098,4.043592929840088,warmstart,25,1.454707145690918,True,"{""C_m"": 159.39634052130467, ""g_L"": 7.658782822770513, ""E_L"": -69.94096274781381, ""v_T"": -56.96469473081553, ""delta_T"": 5.3663153830505195, ""v_reset"": -67.59111890466704}","{""C_m"": 159.39634052130467, ""g_L"": 7.658782822770513, ""E_L"": -69.94096274781381, ""v_T"": -56.96469473081553, ""delta_T"": 5.3663153830505195, ""v_reset"": -67.59111890466704}","{""C_m"": 200.0, ""g_L"": 10.0, ""E_L"": -70.0, ""v_T"": -50.0, ""delta_T"": 2.0, ""v_reset"": -58.0}",2026-04-28T18:17:59.805197+00:00,0.17653764990737103,0.2926521471536859,0.0013119389374708136,0.27858778923262123,0.1771744938447642,0.2740319687047726
tonic_022_nm_guarino,tonic,22,nm_guarino,-0.5625,9,9,0.6433603167533875,0.5025361776351929,0.5025361776351929,0.5025361776351929,training,50,0.5799181461334229,False,"{""C_m"": 90.67992581547959, ""g_L"": 11.867567520018017, ""E_L"": -76.67256117575442, ""v_T"": -51.87385814636055, ""delta_T"": 9.733687890927794, ""v_reset"": -70.03735722860475}","{""C_m"": 91.31336193040573, ""g_L"": 11.843126046749575, ""E_L"": -75.14927686707287, ""v_T"": -53.24798961196599, ""delta_T"": 9.991531962783192, ""v_reset"": -69.01984871704643}","{""C_m"": 200.0, ""g_L"": 10.0, ""E_L"": -70.0, ""v_T"": -50.0, ""delta_T"": 2.0, ""v_reset"": -58.0}",2026-04-28T18:18:00.385243+00:00,0.4725506003025838,0.23039075584369684,0.11442837482384158,0.12991958447863966,0.42060694540964166,0.31485282048704083
tonic_023_grad_guarino,tonic,23,grad_guarino,-1.0,9,3791,0.7807875871658325,0.6979339718818665,570.5755615234375,0.6979339718818665,training,9,1.2609550952911377,True,"{""C_m"": 186.68961722702022, ""g_L"": 13.707106741724843, ""E_L"": -72.31450687321887, ""v_T"": -55.5806873180562, ""delta_T"": 14.009465950655658, ""v_reset"": -54.40422485312324}","{""C_m"": 10.104663848876953, ""g_L"": 13.78346061706543, ""E_L"": -65.02914428710938, ""v_T"": -59.9984245300293, ""delta_T"": 1.0089861154556274, ""v_reset"": -49.625144958496094}","{""C_m"": 200.0, ""g_L"": 10.0, ""E_L"": -70.0, ""v_T"": -50.0, ""delta_T"": 2.0, ""v_reset"": -58.0}",2026-04-28T18:18:01.646310+00:00,0.8256318963092306,0.4729325771331787,0.11046346028645833,0.3999369812011719,0.052158625502335396,0.2392815726143973
tonic_023_grad_vanrossum,tonic,23,grad_vanrossum,0.32280701754385965,9,6,5.365044593811035,5.359488010406494,8.291606903076172,5.359488010406494,training,25,1.4712507724761963,True,"{""C_m"": 149.8626044370906, ""g_L"": 10.307435612488746, ""E_L"": -67.18150721884086, ""v_T"": -40.766761836685866, ""delta_T"": 1.7760698637319794, ""v_reset"": -57.792811146046546}","{""C_m"": 149.74603271484375, ""g_L"": 10.308956146240234, ""E_L"": -67.18045043945312, ""v_T"": -40.75987243652344, ""delta_T"": 1.7765393257141113, ""v_reset"": -57.89289093017578}","{""C_m"": 200.0, ""g_L"": 10.0, ""E_L"": -70.0, ""v_T"": -50.0, ""delta_T"": 2.0, ""v_reset"": -58.0}",2026-04-28T18:18:03.117675+00:00,0.21849550993546196,0.0386195182800293,0.06265665690104166,0.3696051025390625,0.01176108812030993,0.0030602591378348213
tonic_023_nm_guarino,tonic,23,nm_guarino,0.30555555555555564,9,9,0.7807875871658325,0.1891409307718277,0.1891409307718277,0.1891409307718277,training,50,0.6247501373291016,False,"{""C_m"": 186.68961722702022, ""g_L"": 13.707106741724843, ""E_L"": -72.31450687321887, ""v_T"": -55.5806873180562, ""delta_T"": 14.009465950655658, ""v_reset"": -54.40422485312324}","{""C_m"": 184.50218172567486, ""g_L"": 13.665904280551995, ""E_L"": -69.79325349000764, ""v_T"": -57.193848784683354, ""delta_T"": 14.086335448327288, ""v_reset"": -55.52987239523749}","{""C_m"": 200.0, ""g_L"": 10.0, ""E_L"": -70.0, ""v_T"": -50.0, ""delta_T"": 2.0, ""v_reset"": -58.0}",2026-04-28T18:18:03.743355+00:00,0.06738181858402235,0.4582380350689994,0.004594366888719037,0.2877539513873342,0.6361229183330152,0.070575074421786
tonic_024_grad_guarino,tonic,24,grad_guarino,0.5964912280701755,9,10,0.32740724086761475,1.195225715637207,1.195225715637207,0.32740724086761475,warmstart,1,1.24208402633667,True,"{""C_m"": 185.1032786062327, ""g_L"": 12.02578418305351, ""E_L"": -70.38659920505336, ""v_T"": -59.27139772636344, ""delta_T"": 1.8163710975670462, ""v_reset"": -73.75281680072433}","{""C_m"": 185.1032786062327, ""g_L"": 12.02578418305351, ""E_L"": -70.38659920505336, ""v_T"": -59.27139772636344, ""delta_T"": 1.8163710975670462, ""v_reset"": -73.75281680072433}","{""C_m"": 200.0, ""g_L"": 10.0, ""E_L"": -70.0, ""v_T"": -50.0, ""delta_T"": 2.0, ""v_reset"": -58.0}",2026-04-28T18:18:04.985553+00:00,0.06476835388594482,0.25322302288168874,0.008591093445630173,0.3708559090545376,0.009664679075418622,0.45008048002069523
tonic_024_grad_vanrossum,tonic,24,grad_vanrossum,0.0,9,0,6.213561058044434,5.989596843719482,25.685148239135742,5.989596843719482,training,25,1.4924919605255127,True,"{""C_m"": 52.26246588775477, ""g_L"": 9.876884046646076, ""E_L"": -102.2144325723445, ""v_T"": -53.86136624205271, ""delta_T"": 17.005196774411786, ""v_reset"": -56.80852154895461}","{""C_m"": 240.0, ""g_L"": 14.0, ""E_L"": -110.0, ""v_T"": -35.0, ""delta_T"": 1.3798357248306274, ""v_reset"": -50.21699523925781}","{""C_m"": 200.0, ""g_L"": 10.0, ""E_L"": -70.0, ""v_T"": -50.0, ""delta_T"": 2.0, ""v_reset"": -58.0}",2026-04-28T18:18:06.478174+00:00,0.17391304347826086,0.5,0.8888888888888888,0.6,0.03264022500891434,0.22237156459263394
tonic_024_nm_guarino,tonic,24,nm_guarino,0.9473684210526316,9,10,0.32740724086761475,0.2658536732196808,0.2658536732196808,0.2658536732196808,training,50,0.5865719318389893,False,"{""C_m"": 185.1032786062327, ""g_L"": 12.02578418305351, ""E_L"": -70.38659920505336, ""v_T"": -59.27139772636344, ""delta_T"": 1.8163710975670462, ""v_reset"": -73.75281680072433}","{""C_m"": 184.65406529999382, ""g_L"": 12.574050719790815, ""E_L"": -68.4808726909169, ""v_T"": -58.986956075969346, ""delta_T"": 1.8288921336200685, ""v_reset"": -74.94939315040159}","{""C_m"": 200.0, ""g_L"": 10.0, ""E_L"": -70.0, ""v_T"": -50.0, ""delta_T"": 2.0, ""v_reset"": -58.0}",2026-04-28T18:18:07.064854+00:00,0.06672145521741818,0.3217563399738519,0.03375838464629118,0.35947824303877385,0.00900567717789113,0.4842683757257597
tonic_025_grad_guarino,tonic,25,grad_guarino,0.7128027681660901,9,8,0.5616072416305542,0.5602951049804688,2.9325292110443115,0.5602951049804688,training,25,1.2822849750518799,True,"{""C_m"": 60.24072820888468, ""g_L"": 7.818956941386036, ""E_L"": -98.17135292880329, ""v_T"": -57.93999482997376, ""delta_T"": 19.40188684359504, ""v_reset"": -70.00890190761453}","{""C_m"": 62.096534729003906, ""g_L"": 7.819141387939453, ""E_L"": -98.28963470458984, ""v_T"": -57.93159866333008, ""delta_T"": 19.40213966369629, ""v_reset"": -69.99858093261719}","{""C_m"": 200.0, ""g_L"": 10.0, ""E_L"": -70.0, ""v_T"": -50.0, ""delta_T"": 2.0, ""v_reset"": -58.0}",2026-04-28T18:18:08.347264+00:00,0.5995802837869395,0.27260732650756836,0.6286585489908855,0.3172639465332031,0.9159020875629625,0.34281659807477677
tonic_025_grad_vanrossum,tonic,25,grad_vanrossum,-1.0,9,173,5.750611305236816,5.360599517822266,5.360599517822266,5.360599517822266,training,1,1.3942968845367432,True,"{""C_m"": 66.15577739914208, ""g_L"": 12.939726935971633, ""E_L"": -81.25223926360876, ""v_T"": -45.70551843504467, ""delta_T"": 9.788868381569538, ""v_reset"": -51.9628805500156}","{""C_m"": 10.0, ""g_L"": 6.0, ""E_L"": -65.0, ""v_T"": -60.0, ""delta_T"": 20.0, ""v_reset"": -47.76498031616211}","{""C_m"": 200.0, ""g_L"": 10.0, ""E_L"": -70.0, ""v_T"": -50.0, ""delta_T"": 2.0, ""v_reset"": -58.0}",2026-04-28T18:18:09.741681+00:00,0.8260869565217391,0.5,0.1111111111111111,0.4,0.9473684210526315,0.29242913382393976
tonic_025_nm_guarino,tonic,25,nm_guarino,-0.38888888888888884,9,9,0.5616072416305542,0.4642898142337799,0.4642898142337799,0.4642898142337799,training,50,0.5858731269836426,False,"{""C_m"": 60.24072820888468, ""g_L"": 7.818956941386036, ""E_L"": -98.17135292880329, ""v_T"": -57.93999482997376, ""delta_T"": 19.40188684359504, ""v_reset"": -70.00890190761453}","{""C_m"": 61.00160806487757, ""g_L"": 7.970634962660331, ""E_L"": -96.67762426530376, ""v_T"": -57.141235669235115, ""delta_T"": 19.566043266995766, ""v_reset"": -68.60733980477636}","{""C_m"": 200.0, ""g_L"": 10.0, ""E_L"": -70.0, ""v_T"": -50.0, ""delta_T"": 2.0, ""v_reset"": -58.0}",2026-04-28T18:18:10.327866+00:00,0.6043408345005322,0.2536706296674587,0.592836094784528,0.28564942676940464,0.9245285929997772,0.3030668515650388
tonic_026_grad_guarino,tonic,26,grad_guarino,1.0,9,9,0.20351792871952057,0.27119576930999756,0.27119576930999756,0.20351792871952057,warmstart,1,1.2576792240142822,True,"{""C_m"": 88.7945354790441, ""g_L"": 9.884036333770874, ""E_L"": -83.90897641333774, ""v_T"": -54.42017601758197, ""delta_T"": 11.281597297638788, ""v_reset"": -62.464770822698284}","{""C_m"": 88.7945354790441, ""g_L"": 9.884036333770874, ""E_L"": -83.90897641333774, ""v_T"": -54.42017601758197, ""delta_T"": 11.281597297638788, ""v_reset"": -62.464770822698284}","{""C_m"": 200.0, ""g_L"": 10.0, ""E_L"": -70.0, ""v_T"": -50.0, ""delta_T"": 2.0, ""v_reset"": -58.0}",2026-04-28T18:18:11.585668+00:00,0.48350201965633,0.014495458278640738,0.3090883647408387,0.1768070407032789,0.48850512092835724,0.12756488064852242
tonic_026_grad_vanrossum,tonic,26,grad_vanrossum,1.0,9,9,3.937784194946289,5.0556159019470215,23.148344039916992,3.937784194946289,warmstart,25,1.4864811897277832,True,"{""C_m"": 88.7945354790441, ""g_L"": 9.884036333770874, ""E_L"": -83.90897641333774, ""v_T"": -54.42017601758197, ""delta_T"": 11.281597297638788, ""v_reset"": -62.464770822698284}","{""C_m"": 88.7945354790441, ""g_L"": 9.884036333770874, ""E_L"": -83.90897641333774, ""v_T"": -54.42017601758197, ""delta_T"": 11.281597297638788, ""v_reset"": -62.464770822698284}","{""C_m"": 200.0, ""g_L"": 10.0, ""E_L"": -70.0, ""v_T"": -50.0, ""delta_T"": 2.0, ""v_reset"": -58.0}",2026-04-28T18:18:13.072259+00:00,0.48350201965633,0.014495458278640738,0.3090883647408387,0.1768070407032789,0.48850512092835724,0.12756488064852242
tonic_026_nm_guarino,tonic,26,nm_guarino,1.0,9,9,0.20351792871952057,0.20351792871952057,0.20351792871952057,0.20351792871952057,warmstart,50,0.5823268890380859,False,"{""C_m"": 88.7945354790441, ""g_L"": 9.884036333770874, ""E_L"": -83.90897641333774, ""v_T"": -54.42017601758197, ""delta_T"": 11.281597297638788, ""v_reset"": -62.464770822698284}","{""C_m"": 88.7945354790441, ""g_L"": 9.884036333770874, ""E_L"": -83.90897641333774, ""v_T"": -54.42017601758197, ""delta_T"": 11.281597297638788, ""v_reset"": -62.464770822698284}","{""C_m"": 200.0, ""g_L"": 10.0, ""E_L"": -70.0, ""v_T"": -50.0, ""delta_T"": 2.0, ""v_reset"": -58.0}",2026-04-28T18:18:13.654689+00:00,0.48350201965633,0.014495458278640738,0.3090883647408387,0.1768070407032789,0.48850512092835724,0.12756488064852242
tonic_027_grad_guarino,tonic,27,grad_guarino,0.1319444444444445,9,9,0.6897538900375366,0.7655445337295532,0.9506106376647949,0.6897538900375366,warmstart,25,1.3081769943237305,True,"{""C_m"": 161.5906038837363, ""g_L"": 13.840263151489406, ""E_L"": -68.17439433481505, ""v_T"": -50.04947716914189, ""delta_T"": 19.21085510793617, ""v_reset"": -46.21221899519598}","{""C_m"": 161.5906038837363, ""g_L"": 13.840263151489406, ""E_L"": -68.17439433481505, ""v_T"": -50.04947716914189, ""delta_T"": 19.21085510793617, ""v_reset"": -46.21221899519598}","{""C_m"": 200.0, ""g_L"": 10.0, ""E_L"": -70.0, ""v_T"": -50.0, ""delta_T"": 2.0, ""v_reset"": -58.0}",2026-04-28T18:18:14.962987+00:00,0.16699737441853785,0.48003289393617576,0.04056901478188782,0.001979086765675504,0.9058344793650616,0.3367937429944005
tonic_027_grad_vanrossum,tonic,27,grad_vanrossum,0.1319444444444445,9,9,5.9094109535217285,6.24423885345459,6.567863464355469,5.9094109535217285,warmstart,25,1.533919095993042,True,"{""C_m"": 161.5906038837363, ""g_L"": 13.840263151489406, ""E_L"": -68.17439433481505, ""v_T"": -50.04947716914189, ""delta_T"": 19.21085510793617, ""v_reset"": -46.21221899519598}","{""C_m"": 161.5906038837363, ""g_L"": 13.840263151489406, ""E_L"": -68.17439433481505, ""v_T"": -50.04947716914189, ""delta_T"": 19.21085510793617, ""v_reset"": -46.21221899519598}","{""C_m"": 200.0, ""g_L"": 10.0, ""E_L"": -70.0, ""v_T"": -50.0, ""delta_T"": 2.0, ""v_reset"": -58.0}",2026-04-28T18:18:16.497021+00:00,0.16699737441853785,0.48003289393617576,0.04056901478188782,0.001979086765675504,0.9058344793650616,0.3367937429944005
tonic_027_nm_guarino,tonic,27,nm_guarino,1.0,9,9,0.6897538900375366,0.36741459369659424,0.36741459369659424,0.36741459369659424,training,50,0.5789968967437744,False,"{""C_m"": 161.5906038837363, ""g_L"": 13.840263151489406, ""E_L"": -68.17439433481505, ""v_T"": -50.04947716914189, ""delta_T"": 19.21085510793617, ""v_reset"": -46.21221899519598}","{""C_m"": 161.03645229291413, ""g_L"": 13.80142501842761, ""E_L"": -68.08789047369062, ""v_T"": -50.214249110439475, ""delta_T"": 19.275256718613186, ""v_reset"": -47.86514575829575}","{""C_m"": 200.0, ""g_L"": 10.0, ""E_L"": -70.0, ""v_T"": -50.0, ""delta_T"": 2.0, ""v_reset"": -58.0}",2026-04-28T18:18:17.076981+00:00,0.16940672916124289,0.4751781273034512,0.04249132280687509,0.008569964417579002,0.9092240378217467,0.28956726404869276
tonic_028_grad_guarino,tonic,28,grad_guarino,0.5397923875432526,9,8,0.6888925433158875,0.8574967980384827,0.8574967980384827,0.6888925433158875,warmstart,1,1.2478909492492676,True,"{""C_m"": 95.05515379812176, ""g_L"": 13.419665707210608, ""E_L"": -66.75943271432173, ""v_T"": -40.74385511919475, ""delta_T"": 10.914954860704638, ""v_reset"": -50.82363539759695}","{""C_m"": 95.05515379812176, ""g_L"": 13.419665707210608, ""E_L"": -66.75943271432173, ""v_T"": -40.74385511919475, ""delta_T"": 10.914954860704638, ""v_reset"": -50.82363539759695}","{""C_m"": 200.0, ""g_L"": 10.0, ""E_L"": -70.0, ""v_T"": -50.0, ""delta_T"": 2.0, ""v_reset"": -58.0}",2026-04-28T18:18:18.324989+00:00,0.45628194000816624,0.42745821340132606,0.07201260634840594,0.3702457952322101,0.469208150563402,0.20503898864008707
tonic_028_grad_vanrossum,tonic,28,grad_vanrossum,0.0,9,0,6.059085845947266,5.9952778816223145,16.878732681274414,5.9952778816223145,training,25,1.4377617835998535,True,"{""C_m"": 95.05515379812176, ""g_L"": 13.419665707210608, ""E_L"": -66.75943271432173, ""v_T"": -40.74385511919475, ""delta_T"": 10.914954860704638, ""v_reset"": -50.82363539759695}","{""C_m"": 240.0, ""g_L"": 13.572110176086426, ""E_L"": -104.43923950195312, ""v_T"": -35.0, ""delta_T"": 19.999975204467773, ""v_reset"": -66.26878356933594}","{""C_m"": 200.0, ""g_L"": 10.0, ""E_L"": -70.0, ""v_T"": -50.0, ""delta_T"": 2.0, ""v_reset"": -58.0}",2026-04-28T18:18:19.762865+00:00,0.17391304347826086,0.4465137720108032,0.7653164333767362,0.6,0.9473671160246196,0.23625095912388394
tonic_028_nm_guarino,tonic,28,nm_guarino,-0.5625,9,9,0.6888925433158875,0.4198950529098511,0.4198950529098511,0.4198950529098511,training,50,0.5788249969482422,False,"{""C_m"": 95.05515379812176, ""g_L"": 13.419665707210608, ""E_L"": -66.75943271432173, ""v_T"": -40.74385511919475, ""delta_T"": 10.914954860704638, ""v_reset"": -50.82363539759695}","{""C_m"": 96.7898994890077, ""g_L"": 13.598399722253696, ""E_L"": -65.48140660354584, ""v_T"": -41.44341239387502, ""delta_T"": 11.114151539203892, ""v_reset"": -50.38877610295701}","{""C_m"": 200.0, ""g_L"": 10.0, ""E_L"": -70.0, ""v_T"": -50.0, ""delta_T"": 2.0, ""v_reset"": -58.0}",2026-04-28T18:18:20.341793+00:00,0.448739567439097,0.44979996528171196,0.10041318658787032,0.34226350424499913,0.47969218627388904,0.217463539915514
tonic_029_grad_guarino,tonic,29,grad_guarino,-0.5625,9,9,0.19409696757793427,0.8257321715354919,2.659475088119507,0.19409696757793427,warmstart,25,1.3149182796478271,True,"{""C_m"": 135.7438280230006, ""g_L"": 10.071962927187744, ""E_L"": -72.27820443606726, ""v_T"": -58.41273454973821, ""delta_T"": 15.83446425038968, ""v_reset"": -60.54387959878654}","{""C_m"": 135.7438280230006, ""g_L"": 10.071962927187744, ""E_L"": -72.27820443606726, ""v_T"": -58.41273454973821, ""delta_T"": 15.83446425038968, ""v_reset"": -60.54387959878654}","{""C_m"": 200.0, ""g_L"": 10.0, ""E_L"": -70.0, ""v_T"": -50.0, ""delta_T"": 2.0, ""v_reset"": -58.0}",2026-04-28T18:18:21.656824+00:00,0.27937466076956263,0.008995365898468055,0.050626765245939016,0.33650938198952846,0.7281296973889305,0.07268227425104397
tonic_029_grad_vanrossum,tonic,29,grad_vanrossum,-0.5625,9,9,4.8122711181640625,7.187778949737549,11.976452827453613,4.8122711181640625,warmstart,25,1.536628007888794,True,"{""C_m"": 135.7438280230006, ""g_L"": 10.071962927187744, ""E_L"": -72.27820443606726, ""v_T"": -58.41273454973821, ""delta_T"": 15.83446425038968, ""v_reset"": -60.54387959878654}","{""C_m"": 135.7438280230006, ""g_L"": 10.071962927187744, ""E_L"": -72.27820443606726, ""v_T"": -58.41273454973821, ""delta_T"": 15.83446425038968, ""v_reset"": -60.54387959878654}","{""C_m"": 200.0, ""g_L"": 10.0, ""E_L"": -70.0, ""v_T"": -50.0, ""delta_T"": 2.0, ""v_reset"": -58.0}",2026-04-28T18:18:23.193897+00:00,0.27937466076956263,0.008995365898468055,0.050626765245939016,0.33650938198952846,0.7281296973889305,0.07268227425104397
tonic_029_nm_guarino,tonic,29,nm_guarino,-0.5625,9,9,0.19409696757793427,0.060279957950115204,0.060279957950115204,0.060279957950115204,training,50,0.5829291343688965,False,"{""C_m"": 135.7438280230006, ""g_L"": 10.071962927187744, ""E_L"": -72.27820443606726, ""v_T"": -58.41273454973821, ""delta_T"": 15.83446425038968, ""v_reset"": -60.54387959878654}","{""C_m"": 135.42863637842837, ""g_L"": 10.237468719458345, ""E_L"": -70.67739258084457, ""v_T"": -58.021497566756175, ""delta_T"": 16.428211408109625, ""v_reset"": -61.53875644976112}","{""C_m"": 200.0, ""g_L"": 10.0, ""E_L"": -70.0, ""v_T"": -50.0, ""delta_T"": 2.0, ""v_reset"": -58.0}",2026-04-28T18:18:23.776940+00:00,0.2807450592242245,0.029683589932293142,0.015053168463212627,0.320859902670247,0.7593795477952434,0.1011073271360319
tonic_030_grad_guarino,tonic,30,grad_guarino,0.5397923875432526,9,8,0.6374712586402893,0.9588139057159424,11.290412902832031,0.6374712586402893,warmstart,25,1.2699289321899414,True,"{""C_m"": 110.8407415632384, ""g_L"": 11.471778809652713, ""E_L"": -75.26432799775466, ""v_T"": -54.126180890153044, ""delta_T"": 14.76659203903574, ""v_reset"": -63.42379840819686}","{""C_m"": 110.8407415632384, ""g_L"": 11.471778809652713, ""E_L"": -75.26432799775466, ""v_T"": -54.126180890153044, ""delta_T"": 14.76659203903574, ""v_reset"": -63.42379840819686}","{""C_m"": 200.0, ""g_L"": 10.0, ""E_L"": -70.0, ""v_T"": -50.0, ""delta_T"": 2.0, ""v_reset"": -58.0}",2026-04-28T18:18:25.046981+00:00,0.38764894972505043,0.18397235120658917,0.11698506661677029,0.16504723560612178,0.6719258967913547,0.15496566880562454
tonic_030_grad_vanrossum,tonic,30,grad_vanrossum,-1.0,9,138,4.990355491638184,4.829937934875488,4.829937934875488,4.829937934875488,training,1,1.3034610748291016,True,"{""C_m"": 110.8407415632384, ""g_L"": 11.471778809652713, ""E_L"": -75.26432799775466, ""v_T"": -54.126180890153044, ""delta_T"": 14.76659203903574, ""v_reset"": -63.42379840819686}","{""C_m"": 10.0, ""g_L"": 12.616836547851562, ""E_L"": -65.0003433227539, ""v_T"": -59.99849319458008, ""delta_T"": 14.484118461608887, ""v_reset"": -70.06155395507812}","{""C_m"": 200.0, ""g_L"": 10.0, ""E_L"": -70.0, ""v_T"": -50.0, ""delta_T"": 2.0, ""v_reset"": -58.0}",2026-04-28T18:18:26.350561+00:00,0.8260869565217391,0.3271045684814453,0.11110348171657985,0.39993972778320314,0.6570588664004677,0.34461582728794643
tonic_030_nm_guarino,tonic,30,nm_guarino,-0.5625,9,9,0.6374712586402893,0.2544601857662201,0.2544601857662201,0.2544601857662201,training,50,0.5783741474151611,False,"{""C_m"": 110.8407415632384, ""g_L"": 11.471778809652713, ""E_L"": -75.26432799775466, ""v_T"": -54.126180890153044, ""delta_T"": 14.76659203903574, ""v_reset"": -63.42379840819686}","{""C_m"": 113.00370950086108, ""g_L"": 11.695641347947102, ""E_L"": -74.16278587066827, ""v_T"": -55.77551484540899, ""delta_T"": 14.441532785189935, ""v_reset"": -64.66146283108336}","{""C_m"": 200.0, ""g_L"": 10.0, ""E_L"": -70.0, ""v_T"": -50.0, ""delta_T"": 2.0, ""v_reset"": -58.0}",2026-04-28T18:18:26.929047+00:00,0.37824474130060404,0.2119551684933878,0.09250635268151718,0.23102059381635967,0.6548175150099965,0.19032750945952442
tonic_031_grad_guarino,tonic,31,grad_guarino,0.36678200692041524,9,8,0.42323949933052063,0.7851234078407288,11.343829154968262,0.42323949933052063,warmstart,25,1.2643380165100098,True,"{""C_m"": 123.08809827584241, ""g_L"": 6.443955990526979, ""E_L"": -73.80646297330671, ""v_T"": -46.27614339298589, ""delta_T"": 1.9013569502803325, ""v_reset"": -68.01886973692045}","{""C_m"": 123.08809827584241, ""g_L"": 6.443955990526979, ""E_L"": -73.80646297330671, ""v_T"": -46.27614339298589, ""delta_T"": 1.9013569502803325, ""v_reset"": -68.01886973692045}","{""C_m"": 200.0, ""g_L"": 10.0, ""E_L"": -70.0, ""v_T"": -50.0, ""delta_T"": 2.0, ""v_reset"": -58.0}",2026-04-28T18:18:28.193496+00:00,0.33439957271372867,0.44450550118412757,0.0845880660734824,0.14895426428056452,0.00519173945892987,0.28625342105487
tonic_031_grad_vanrossum,tonic,31,grad_vanrossum,-0.075,9,1,5.72432804107666,5.440642356872559,13.235451698303223,5.440642356872559,training,25,1.527953863143921,True,"{""C_m"": 86.83058421094752, ""g_L"": 7.563292282469618, ""E_L"": -88.45616031475907, ""v_T"": -57.23705745557223, ""delta_T"": 18.039365512290573, ""v_reset"": -65.1721358178612}","{""C_m"": 235.2462921142578, ""g_L"": 7.3821210861206055, ""E_L"": -103.22687530517578, ""v_T"": -55.414642333984375, ""delta_T"": 18.353870391845703, ""v_reset"": -62.858604431152344}","{""C_m"": 200.0, ""g_L"": 10.0, ""E_L"": -70.0, ""v_T"": -50.0, ""delta_T"": 2.0, ""v_reset"": -58.0}",2026-04-28T18:18:29.721667+00:00,0.15324474832286006,0.3272348642349243,0.738375006781684,0.216585693359375,0.860730020623458,0.13881726946149553
tonic_031_nm_guarino,tonic,31,nm_guarino,-0.5625,9,9,0.42323949933052063,0.18786084651947021,0.18786084651947021,0.18786084651947021,training,50,0.5859389305114746,False,"{""C_m"": 123.08809827584241, ""g_L"": 6.443955990526979, ""E_L"": -73.80646297330671, ""v_T"": -46.27614339298589, ""delta_T"": 1.9013569502803325, ""v_reset"": -68.01886973692045}","{""C_m"": 121.72524728822168, ""g_L"": 6.524480043295442, ""E_L"": -74.72441287593259, ""v_T"": -47.56140943564093, ""delta_T"": 1.925116418473649, ""v_reset"": -66.88791248731597}","{""C_m"": 200.0, ""g_L"": 10.0, ""E_L"": -70.0, ""v_T"": -50.0, ""delta_T"": 2.0, ""v_reset"": -58.0}",2026-04-28T18:18:30.307734+00:00,0.3403250117903405,0.4344399945880697,0.10498695279850191,0.0975436225743627,0.003941241132965847,0.25394035678045634
tonic_032_grad_guarino,tonic,32,grad_guarino,0.19377162629757788,9,8,0.5124195218086243,0.5982704162597656,1141.5333251953125,0.5124195218086243,warmstart,25,1.2786271572113037,True,"{""C_m"": 108.63453056053136, ""g_L"": 7.528782156908282, ""E_L"": -85.75994673678575, ""v_T"": -57.67655076137363, ""delta_T"": 3.1814382518817954, ""v_reset"": -77.72208731855504}","{""C_m"": 108.63453056053136, ""g_L"": 7.528782156908282, ""E_L"": -85.75994673678575, ""v_T"": -57.67655076137363, ""delta_T"": 3.1814382518817954, ""v_reset"": -77.72208731855504}","{""C_m"": 200.0, ""g_L"": 10.0, ""E_L"": -70.0, ""v_T"": -50.0, ""delta_T"": 2.0, ""v_reset"": -58.0}",2026-04-28T18:18:31.586475+00:00,0.3972411714759506,0.3089022303864648,0.3502210385952389,0.30706203045494534,0.062180960625357655,0.5634882091015726
tonic_032_grad_vanrossum,tonic,32,grad_vanrossum,-0.49826989619377166,9,8,4.8216471672058105,6.293538570404053,2648.55419921875,4.8216471672058105,warmstart,4,1.3343539237976074,True,"{""C_m"": 157.223029438851, ""g_L"": 6.6058432024574865, ""E_L"": -84.31158453000724, ""v_T"": -50.33858566917276, ""delta_T"": 2.1460852982851994, ""v_reset"": -58.93338846323821}","{""C_m"": 157.223029438851, ""g_L"": 6.6058432024574865, ""E_L"": -84.31158453000724, ""v_T"": -50.33858566917276, ""delta_T"": 2.1460852982851994, ""v_reset"": -58.93338846323821}","{""C_m"": 200.0, ""g_L"": 10.0, ""E_L"": -70.0, ""v_T"": -50.0, ""delta_T"": 2.0, ""v_reset"": -58.0}",2026-04-28T18:18:32.920937+00:00,0.1859868285267348,0.4242695996928142,0.31803521177793864,0.01354342676691033,0.007688699909747339,0.026668241806805985
tonic_032_nm_guarino,tonic,32,nm_guarino,0.5397923875432526,9,8,0.5124195218086243,0.3846687376499176,0.3846687376499176,0.3846687376499176,training,50,0.576930046081543,False,"{""C_m"": 108.63453056053136, ""g_L"": 7.528782156908282, ""E_L"": -85.75994673678575, ""v_T"": -57.67655076137363, ""delta_T"": 3.1814382518817954, ""v_reset"": -77.72208731855504}","{""C_m"": 106.91708973507302, ""g_L"": 7.642340820272828, ""E_L"": -88.61329238797532, ""v_T"": -58.71303783754453, ""delta_T"": 3.230633970891441, ""v_reset"": -76.07575076818942}","{""C_m"": 200.0, ""g_L"": 10.0, ""E_L"": -70.0, ""v_T"": -50.0, ""delta_T"": 2.0, ""v_reset"": -58.0}",2026-04-28T18:18:33.497986+00:00,0.4047083054996825,0.29470739746589647,0.4136287197327849,0.34852151350178134,0.06477020899428637,0.5164500219482692
tonic_033_grad_guarino,tonic,33,grad_guarino,0.1319444444444445,9,9,0.5072639584541321,0.5810242891311646,0.7866905331611633,0.5072639584541321,warmstart,25,1.368468999862671,True,"{""C_m"": 104.61203902529783, ""g_L"": 6.578211455069205, ""E_L"": -76.12748275345392, ""v_T"": -49.14493241330083, ""delta_T"": 19.64312389401318, ""v_reset"": -49.01113664676977}","{""C_m"": 104.61203902529783, ""g_L"": 6.578211455069205, ""E_L"": -76.12748275345392, ""v_T"": -49.14493241330083, ""delta_T"": 19.64312389401318, ""v_reset"": -49.01113664676977}","{""C_m"": 200.0, ""g_L"": 10.0, ""E_L"": -70.0, ""v_T"": -50.0, ""delta_T"": 2.0, ""v_reset"": -58.0}",2026-04-28T18:18:34.866569+00:00,0.41473026510740074,0.4277235681163494,0.13616628341008707,0.03420270346796684,0.9285854681059568,0.2568246672351494
tonic_033_grad_vanrossum,tonic,33,grad_vanrossum,1.0,9,9,5.953211784362793,4.899825572967529,4.982393741607666,4.899825572967529,training,25,1.4819819927215576,True,"{""C_m"": 104.61203902529783, ""g_L"": 6.578211455069205, ""E_L"": -76.12748275345392, ""v_T"": -49.14493241330083, ""delta_T"": 19.64312389401318, ""v_reset"": -49.01113664676977}","{""C_m"": 108.1260757446289, ""g_L"": 6.577632904052734, ""E_L"": -76.26435852050781, ""v_T"": -49.024024963378906, ""delta_T"": 19.643192291259766, ""v_reset"": -49.05903625488281}","{""C_m"": 200.0, ""g_L"": 10.0, ""E_L"": -70.0, ""v_T"": -50.0, ""delta_T"": 2.0, ""v_reset"": -58.0}",2026-04-28T18:18:36.348672+00:00,0.39945184458856997,0.4277958869934082,0.13920796712239583,0.03903900146484375,0.9285890679610403,0.2554561070033482
tonic_033_nm_guarino,tonic,33,nm_guarino,0.1319444444444445,9,9,0.5072639584541321,0.5072639584541321,0.5072639584541321,0.5072639584541321,warmstart,50,0.6660661697387695,False,"{""C_m"": 104.61203902529783, ""g_L"": 6.578211455069205, ""E_L"": -76.12748275345392, ""v_T"": -49.14493241330083, ""delta_T"": 19.64312389401318, ""v_reset"": -49.01113664676977}","{""C_m"": 104.61203902529783, ""g_L"": 6.578211455069205, ""E_L"": -76.12748275345392, ""v_T"": -49.14493241330083, ""delta_T"": 19.64312389401318, ""v_reset"": -49.01113664676977}","{""C_m"": 200.0, ""g_L"": 10.0, ""E_L"": -70.0, ""v_T"": -50.0, ""delta_T"": 2.0, ""v_reset"": -58.0}",2026-04-28T18:18:37.014877+00:00,0.41473026510740074,0.4277235681163494,0.13616628341008707,0.03420270346796684,0.9285854681059568,0.2568246672351494
tonic_034_grad_guarino,tonic,34,grad_guarino,0.1319444444444445,9,9,0.5618976354598999,0.5759063959121704,0.8063771724700928,0.5618976354598999,warmstart,25,1.2794189453125,True,"{""C_m"": 96.92368244833023, ""g_L"": 6.432704838425148, ""E_L"": -70.39688591435379, ""v_T"": -39.65373963510977, ""delta_T"": 13.222272939013271, ""v_reset"": -45.044322240549775}","{""C_m"": 96.92368244833023, ""g_L"": 6.432704838425148, ""E_L"": -70.39688591435379, ""v_T"": -39.65373963510977, ""delta_T"": 13.222272939013271, ""v_reset"": -45.044322240549775}","{""C_m"": 200.0, ""g_L"": 10.0, ""E_L"": -70.0, ""v_T"": -50.0, ""delta_T"": 2.0, ""v_reset"": -58.0}",2026-04-28T18:18:38.294416+00:00,0.44815790239856423,0.4459118951968565,0.008819686985639742,0.4138504145956091,0.5906459441585932,0.3701622216985779
tonic_034_grad_vanrossum,tonic,34,grad_vanrossum,0.19377162629757788,9,8,4.52012300491333,6.201176166534424,24.370763778686523,4.52012300491333,warmstart,25,1.45513916015625,True,"{""C_m"": 143.63065196338374, ""g_L"": 13.98707511725208, ""E_L"": -86.83585585183297, ""v_T"": -59.25977767108224, ""delta_T"": 11.626100658006647, ""v_reset"": -56.18928696144331}","{""C_m"": 143.63065196338374, ""g_L"": 13.98707511725208, ""E_L"": -86.83585585183297, ""v_T"": -59.25977767108224, ""delta_T"": 11.626100658006647, ""v_reset"": -56.18928696144331}","{""C_m"": 200.0, ""g_L"": 10.0, ""E_L"": -70.0, ""v_T"": -50.0, ""delta_T"": 2.0, ""v_reset"": -58.0}",2026-04-28T18:18:39.749674+00:00,0.24508412189833156,0.4983843896565101,0.37413013004073276,0.37039110684328963,0.5066368767371919,0.05173465824447691
tonic_034_nm_guarino,tonic,34,nm_guarino,0.1319444444444445,9,9,0.5618976354598999,0.5618976354598999,0.5618976354598999,0.5618976354598999,warmstart,50,0.5849149227142334,False,"{""C_m"": 96.92368244833023, ""g_L"": 6.432704838425148, ""E_L"": -70.39688591435379, ""v_T"": -39.65373963510977, ""delta_T"": 13.222272939013271, ""v_reset"": -45.044322240549775}","{""C_m"": 96.92368244833023, ""g_L"": 6.432704838425148, ""E_L"": -70.39688591435379, ""v_T"": -39.65373963510977, ""delta_T"": 13.222272939013271, ""v_reset"": -45.044322240549775}","{""C_m"": 200.0, ""g_L"": 10.0, ""E_L"": -70.0, ""v_T"": -50.0, ""delta_T"": 2.0, ""v_reset"": -58.0}",2026-04-28T18:18:40.334718+00:00,0.44815790239856423,0.4459118951968565,0.008819686985639742,0.4138504145956091,0.5906459441585932,0.3701622216985779
tonic_035_grad_guarino,tonic,35,grad_guarino,-0.38888888888888884,9,9,0.4315069615840912,0.6974352598190308,11.370311737060547,0.4315069615840912,warmstart,25,1.2924869060516357,True,"{""C_m"": 117.48194638244094, ""g_L"": 8.233402008946552, ""E_L"": -71.95520554678674, ""v_T"": -44.97003046321075, ""delta_T"": 4.069491119747942, ""v_reset"": -55.402580681713864}","{""C_m"": 117.48194638244094, ""g_L"": 8.233402008946552, ""E_L"": -71.95520554678674, ""v_T"": -44.97003046321075, ""delta_T"": 4.069491119747942, ""v_reset"": -55.402580681713864}","{""C_m"": 200.0, ""g_L"": 10.0, ""E_L"": -70.0, ""v_T"": -50.0, ""delta_T"": 2.0, ""v_reset"": -58.0}",2026-04-28T18:18:41.627438+00:00,0.3587741461633003,0.22082474888168102,0.04344901215081652,0.2011987814715701,0.1089205852498917,0.07421198052246102
tonic_035_grad_vanrossum,tonic,35,grad_vanrossum,0.5397923875432526,9,8,5.133590221405029,5.122429370880127,7169.20703125,5.122429370880127,training,4,1.3356821537017822,True,"{""C_m"": 75.65686108863386, ""g_L"": 7.213365502904496, ""E_L"": -93.85465045247523, ""v_T"": -50.92169034416703, ""delta_T"": 2.5815389377838227, ""v_reset"": -67.43446993754455}","{""C_m"": 68.6343765258789, ""g_L"": 7.257655143737793, ""E_L"": -93.59454345703125, ""v_T"": -49.97219467163086, ""delta_T"": 2.6562435626983643, ""v_reset"": -69.75163269042969}","{""C_m"": 200.0, ""g_L"": 10.0, ""E_L"": -70.0, ""v_T"": -50.0, ""delta_T"": 2.0, ""v_reset"": -58.0}",2026-04-28T18:18:42.963232+00:00,0.5711548846700917,0.3427931070327759,0.5243231879340278,0.001112213134765625,0.034539134878861275,0.3357609340122768
tonic_035_nm_guarino,tonic,35,nm_guarino,-0.21527777777777773,9,9,0.4315069615840912,0.3331569731235504,0.3331569731235504,0.3331569731235504,training,50,0.587986946105957,False,"{""C_m"": 117.48194638244094, ""g_L"": 8.233402008946552, ""E_L"": -71.95520554678674, ""v_T"": -44.97003046321075, ""delta_T"": 4.069491119747942, ""v_reset"": -55.402580681713864}","{""C_m"": 117.48194638244094, ""g_L"": 8.64507210939388, ""E_L"": -71.95520554678674, ""v_T"": -44.97003046321075, ""delta_T"": 4.069491119747942, ""v_reset"": -55.402580681713864}","{""C_m"": 200.0, ""g_L"": 10.0, ""E_L"": -70.0, ""v_T"": -50.0, ""delta_T"": 2.0, ""v_reset"": -58.0}",2026-04-28T18:18:43.551336+00:00,0.3587741461633003,0.16936598632576505,0.04344901215081652,0.2011987814715701,0.1089205852498917,0.07421198052246102
tonic_036_grad_guarino,tonic,36,grad_guarino,0.36678200692041524,9,8,0.5251829028129578,0.5590335130691528,11.49101448059082,0.5251829028129578,warmstart,25,1.3644237518310547,True,"{""C_m"": 104.32249673533997, ""g_L"": 8.86152777482291, ""E_L"": -87.72671813975055, ""v_T"": -49.75572418734891, ""delta_T"": 1.105986990343907, ""v_reset"": -60.11532503055297}","{""C_m"": 104.32249673533997, ""g_L"": 8.86152777482291, ""E_L"": -87.72671813975055, ""v_T"": -49.75572418734891, ""delta_T"": 1.105986990343907, ""v_reset"": -60.11532503055297}","{""C_m"": 200.0, ""g_L"": 10.0, ""E_L"": -70.0, ""v_T"": -50.0, ""delta_T"": 2.0, ""v_reset"": -58.0}",2026-04-28T18:18:44.915867+00:00,0.41598914462895664,0.1423090281471362,0.39392706977223435,0.009771032506043583,0.04705331629768911,0.06043785801579905
tonic_036_grad_vanrossum,tonic,36,grad_vanrossum,0.36678200692041524,9,8,4.735334396362305,5.1768035888671875,5.1768035888671875,4.735334396362305,warmstart,1,1.3118541240692139,True,"{""C_m"": 104.32249673533997, ""g_L"": 8.86152777482291, ""E_L"": -87.72671813975055, ""v_T"": -49.75572418734891, ""delta_T"": 1.105986990343907, ""v_reset"": -60.11532503055297}","{""C_m"": 104.32249673533997, ""g_L"": 8.86152777482291, ""E_L"": -87.72671813975055, ""v_T"": -49.75572418734891, ""delta_T"": 1.105986990343907, ""v_reset"": -60.11532503055297}","{""C_m"": 200.0, ""g_L"": 10.0, ""E_L"": -70.0, ""v_T"": -50.0, ""delta_T"": 2.0, ""v_reset"": -58.0}",2026-04-28T18:18:46.227831+00:00,0.41598914462895664,0.1423090281471362,0.39392706977223435,0.009771032506043583,0.04705331629768911,0.06043785801579905
tonic_036_nm_guarino,tonic,36,nm_guarino,0.1319444444444445,9,9,0.5251829028129578,0.24488963186740875,0.24488963186740875,0.24488963186740875,training,50,0.5793778896331787,False,"{""C_m"": 104.32249673533997, ""g_L"": 8.86152777482291, ""E_L"": -87.72671813975055, ""v_T"": -49.75572418734891, ""delta_T"": 1.105986990343907, ""v_reset"": -60.11532503055297}","{""C_m"": 107.35446038414517, ""g_L"": 8.735974274497757, ""E_L"": -86.38684810269103, ""v_T"": -50.61333392357998, ""delta_T"": 1.145697383465659, ""v_reset"": -61.79847138801537}","{""C_m"": 200.0, ""g_L"": 10.0, ""E_L"": -70.0, ""v_T"": -50.0, ""delta_T"": 2.0, ""v_reset"": -58.0}",2026-04-28T18:18:46.807548+00:00,0.4028066939819775,0.15800321568778042,0.3641521800598007,0.02453335694319918,0.04496329560707058,0.10852775394329635
tonic_037_grad_guarino,tonic,37,grad_guarino,0.30555555555555564,9,9,0.6044420003890991,0.9246601462364197,11.576215744018555,0.6044420003890991,warmstart,25,1.283052921295166,True,"{""C_m"": 114.38005391487525, ""g_L"": 13.383068069467726, ""E_L"": -79.09734692719374, ""v_T"": -59.294173168449845, ""delta_T"": 4.710370667207233, ""v_reset"": -75.28398806967954}","{""C_m"": 114.38005391487525, ""g_L"": 13.383068069467726, ""E_L"": -79.09734692719374, ""v_T"": -59.294173168449845, ""delta_T"": 4.710370667207233, ""v_reset"": -75.28398806967954}","{""C_m"": 200.0, ""g_L"": 10.0, ""E_L"": -70.0, ""v_T"": -50.0, ""delta_T"": 2.0, ""v_reset"": -58.0}",2026-04-28T18:18:48.090716+00:00,0.3722606351527163,0.4228835086834657,0.2021632650487498,0.3717669267379938,0.1426510877477491,0.4938282305622725
tonic_037_grad_vanrossum,tonic,37,grad_vanrossum,-0.21527777777777773,9,9,5.4404683113098145,5.928210258483887,1290636.75,5.4404683113098145,warmstart,5,1.3304448127746582,True,"{""C_m"": 135.36608191900197, ""g_L"": 8.389077515721157, ""E_L"": -70.66899103684821, ""v_T"": -49.50862199249527, ""delta_T"": 8.117786351445048, ""v_reset"": -53.360356689491006}","{""C_m"": 135.36608191900197, ""g_L"": 8.389077515721157, ""E_L"": -70.66899103684821, ""v_T"": -49.50862199249527, ""delta_T"": 8.117786351445048, ""v_reset"": -53.360356689491006}","{""C_m"": 200.0, ""g_L"": 10.0, ""E_L"": -70.0, ""v_T"": -50.0, ""delta_T"": 2.0, ""v_reset"": -58.0}",2026-04-28T18:18:49.421275+00:00,0.28101703513477405,0.2013653105348554,0.014866467485515816,0.01965512030018914,0.32198875533921306,0.13256123744311413
tonic_037_nm_guarino,tonic,37,nm_guarino,-0.5625,9,9,0.6044420003890991,0.3972042500972748,0.3972042500972748,0.3972042500972748,training,50,0.5805211067199707,False,"{""C_m"": 114.38005391487525, ""g_L"": 13.383068069467726, ""E_L"": -79.09734692719374, ""v_T"": -59.294173168449845, ""delta_T"": 4.710370667207233, ""v_reset"": -75.28398806967954}","{""C_m"": 118.33194504191277, ""g_L"": 13.63547857752527, ""E_L"": -79.4480602393854, ""v_T"": -59.63789133824511, ""delta_T"": 4.7068399073673435, ""v_reset"": -71.19353415915509}","{""C_m"": 200.0, ""g_L"": 10.0, ""E_L"": -70.0, ""v_T"": -50.0, ""delta_T"": 2.0, ""v_reset"": -58.0}",2026-04-28T18:18:50.001915+00:00,0.35507849981777057,0.45443482219065867,0.20995689420856442,0.3855156535298045,0.14246525828249176,0.3769581188330026
tonic_038_grad_guarino,tonic,38,grad_guarino,-0.5625,9,9,0.4070325791835785,0.8589352369308472,0.8589352369308472,0.4070325791835785,warmstart,1,1.3558599948883057,True,"{""C_m"": 128.80927350556814, ""g_L"": 13.15903833012458, ""E_L"": -74.7924362589594, ""v_T"": -58.78558236806136, ""delta_T"": 15.89344629186213, ""v_reset"": -63.704687465510055}","{""C_m"": 128.80927350556814, ""g_L"": 13.15903833012458, ""E_L"": -74.7924362589594, ""v_T"": -58.78558236806136, ""delta_T"": 15.89344629186213, ""v_reset"": -63.704687465510055}","{""C_m"": 200.0, ""g_L"": 10.0, ""E_L"": -70.0, ""v_T"": -50.0, ""delta_T"": 2.0, ""v_reset"": -58.0}",2026-04-28T18:18:51.357914+00:00,0.30952489780187764,0.3948797912655726,0.10649858353243108,0.3514232947224545,0.7312340153611647,0.16299107044314443
tonic_038_grad_vanrossum,tonic,38,grad_vanrossum,0.020761245674740504,9,8,5.660810947418213,4.941754341125488,21.577646255493164,4.941754341125488,training,25,1.5955889225006104,True,"{""C_m"": 159.3485079358333, ""g_L"": 8.24072295187791, ""E_L"": -67.14194799128192, ""v_T"": -47.1105435357178, ""delta_T"": 3.0039237902836047, ""v_reset"": -61.42280884907038}","{""C_m"": 160.95401000976562, ""g_L"": 8.244943618774414, ""E_L"": -67.15221405029297, ""v_T"": -46.92180252075195, ""delta_T"": 3.030658483505249, ""v_reset"": -61.421852111816406}","{""C_m"": 200.0, ""g_L"": 10.0, ""E_L"": -70.0, ""v_T"": -50.0, ""delta_T"": 2.0, ""v_reset"": -58.0}",2026-04-28T18:18:52.953657+00:00,0.16976517387058424,0.21938204765319824,0.0632841322157118,0.12312789916992188,0.05424518334238153,0.09776720319475446
tonic_038_nm_guarino,tonic,38,nm_guarino,-0.21527777777777773,9,9,0.4070325791835785,0.18482424318790436,0.18482424318790436,0.18482424318790436,training,50,0.6095888614654541,False,"{""C_m"": 128.80927350556814, ""g_L"": 13.15903833012458, ""E_L"": -74.7924362589594, ""v_T"": -58.78558236806136, ""delta_T"": 15.89344629186213, ""v_reset"": -63.704687465510055}","{""C_m"": 128.44116287026415, ""g_L"": 13.209179460783492, ""E_L"": -76.39995068424973, ""v_T"": -58.75666105195247, ""delta_T"": 16.288799099188942, ""v_reset"": -63.70848027812112}","{""C_m"": 200.0, ""g_L"": 10.0, ""E_L"": -70.0, ""v_T"": -50.0, ""delta_T"": 2.0, ""v_reset"": -58.0}",2026-04-28T18:18:53.564176+00:00,0.31112537882493846,0.4011474325979365,0.1422211263166607,0.3502664420780988,0.7520420578520496,0.16309943651774636
tonic_039_grad_guarino,tonic,39,grad_guarino,0.5397923875432526,9,8,0.5765334367752075,0.701902449131012,126.3258056640625,0.5765334367752075,warmstart,6,1.3360872268676758,True,"{""C_m"": 97.06573323993013, ""g_L"": 9.556569264291307, ""E_L"": -73.41050343004135, ""v_T"": -41.69731315186591, ""delta_T"": 3.0011511126650228, ""v_reset"": -55.40244336889485}","{""C_m"": 97.06573323993013, ""g_L"": 9.556569264291307, ""E_L"": -73.41050343004135, ""v_T"": -41.69731315186591, ""delta_T"": 3.0011511126650228, ""v_reset"": -55.40244336889485}","{""C_m"": 200.0, ""g_L"": 10.0, ""E_L"": -70.0, ""v_T"": -50.0, ""delta_T"": 2.0, ""v_reset"": -58.0}",2026-04-28T18:18:54.900383+00:00,0.44754029026117337,0.05542884196358666,0.07578896511202989,0.3321074739253635,0.052692163824474884,0.07421590374586141
tonic_039_grad_vanrossum,tonic,39,grad_vanrossum,0.47916666666666674,9,9,4.7334136962890625,nan,nan,4.7334136962890625,warmstart,0,1.3714940547943115,False,"{""C_m"": 39.1491820447974, ""g_L"": 9.991169309651367, ""E_L"": -104.63578334728007, ""v_T"": -56.06847995131249, ""delta_T"": 13.108462704527815, ""v_reset"": -56.46488615912009}","{""C_m"": 39.1491820447974, ""g_L"": 9.991169309651367, ""E_L"": -104.63578334728007, ""v_T"": -56.06847995131249, ""delta_T"": 13.108462704527815, ""v_reset"": -56.46488615912009}","{""C_m"": 200.0, ""g_L"": 10.0, ""E_L"": -70.0, ""v_T"": -50.0, ""delta_T"": 2.0, ""v_reset"": -58.0}",2026-04-28T18:18:56.271986+00:00,0.6993513824139244,0.0011038362935791302,0.7696840743840015,0.2427391980524996,0.5846559318172534,0.043860395453711676
tonic_039_nm_guarino,tonic,39,nm_guarino,-0.5625,9,9,0.5765334367752075,0.3398883640766144,0.3398883640766144,0.3398883640766144,training,50,0.5847427845001221,False,"{""C_m"": 97.06573323993013, ""g_L"": 9.556569264291307, ""E_L"": -73.41050343004135, ""v_T"": -41.69731315186591, ""delta_T"": 3.0011511126650228, ""v_reset"": -55.40244336889485}","{""C_m"": 98.43843834678916, ""g_L"": 9.691718415235421, ""E_L"": -71.67005528527417, ""v_T"": -42.241953808160105, ""delta_T"": 3.043593438306634, ""v_reset"": -55.628408007667005}","{""C_m"": 200.0, ""g_L"": 10.0, ""E_L"": -70.0, ""v_T"": -50.0, ""delta_T"": 2.0, ""v_reset"": -58.0}",2026-04-28T18:18:56.856874+00:00,0.44157200718787326,0.038535198095572376,0.03711233967275941,0.31032184767359583,0.05492597043719127,0.06775977120951414
tonic_040_grad_guarino,tonic,40,grad_guarino,0.19377162629757788,9,8,0.46475762128829956,0.8750548362731934,59.59137725830078,0.46475762128829956,warmstart,25,1.3274950981140137,True,"{""C_m"": 137.24706945690045, ""g_L"": 12.351367647309111, ""E_L"": -72.966012129038, ""v_T"": -58.537280239244936, ""delta_T"": 8.989960738144983, ""v_reset"": -71.13931853586155}","{""C_m"": 137.24706945690045, ""g_L"": 12.351367647309111, ""E_L"": -72.966012129038, ""v_T"": -58.537280239244936, ""delta_T"": 8.989960738144983, ""v_reset"": -71.13931853586155}","{""C_m"": 200.0, ""g_L"": 10.0, ""E_L"": -70.0, ""v_T"": -50.0, ""delta_T"": 2.0, ""v_reset"": -58.0}",2026-04-28T18:18:58.184482+00:00,0.2728388284482589,0.29392095591363887,0.06591138064528902,0.34149120956979745,0.36789267042868334,0.37540910102461567
tonic_040_grad_vanrossum,tonic,40,grad_vanrossum,0.1319444444444445,9,9,5.649345397949219,5.7180094718933105,24.26860809326172,5.649345397949219,warmstart,25,1.5763270854949951,True,"{""C_m"": 66.57910265055534, ""g_L"": 10.934074248920108, ""E_L"": -85.64062138255292, ""v_T"": -52.239065882820725, ""delta_T"": 14.517351862347484, ""v_reset"": -66.36834604807221}","{""C_m"": 66.57910265055534, ""g_L"": 10.934074248920108, ""E_L"": -85.64062138255292, ""v_T"": -52.239065882820725, ""delta_T"": 14.517351862347484, ""v_reset"": -66.36834604807221}","{""C_m"": 200.0, ""g_L"": 10.0, ""E_L"": -70.0, ""v_T"": -50.0, ""delta_T"": 2.0, ""v_reset"": -58.0}",2026-04-28T18:18:59.760950+00:00,0.5800908580410638,0.11675928111501355,0.3475693640567316,0.089562635312829,0.6588079927551307,0.23909560137349176
tonic_040_nm_guarino,tonic,40,nm_guarino,-0.5625,9,9,0.46475762128829956,0.220317080616951,0.220317080616951,0.220317080616951,training,50,0.5909030437469482,False,"{""C_m"": 137.24706945690045, ""g_L"": 12.351367647309111, ""E_L"": -72.966012129038, ""v_T"": -58.537280239244936, ""delta_T"": 8.989960738144983, ""v_reset"": -71.13931853586155}","{""C_m"": 134.95961829928544, ""g_L"": 12.625842483915982, ""E_L"": -74.58747906523885, ""v_T"": -59.18737791069161, ""delta_T"": 9.189737643437091, ""v_reset"": -67.9775710453788}","{""C_m"": 200.0, ""g_L"": 10.0, ""E_L"": -70.0, ""v_T"": -50.0, ""delta_T"": 2.0, ""v_reset"": -58.0}",2026-04-28T18:19:00.352280+00:00,0.28278426826397635,0.3282303104894977,0.10194397922753005,0.36749511642766436,0.37840724439142587,0.28507345843939413
tonic_041_grad_guarino,tonic,41,grad_guarino,-0.5625,9,9,0.39818769693374634,0.6490005850791931,227.92916870117188,0.39818769693374634,warmstart,22,1.30324387550354,True,"{""C_m"": 130.64035797638056, ""g_L"": 10.243756985951027, ""E_L"": -67.9324054152655, ""v_T"": -53.033734925549666, ""delta_T"": 10.595125701593695, ""v_reset"": -61.22612191406154}","{""C_m"": 130.64035797638056, ""g_L"": 10.243756985951027, ""E_L"": -67.9324054152655, ""v_T"": -53.033734925549666, ""delta_T"": 10.595125701593695, ""v_reset"": -61.22612191406154}","{""C_m"": 200.0, ""g_L"": 10.0, ""E_L"": -70.0, ""v_T"": -50.0, ""delta_T"": 2.0, ""v_reset"": -58.0}",2026-04-28T18:19:01.655642+00:00,0.30156366097225845,0.030469623243878363,0.04594654632743319,0.12134939702198665,0.4523750369259839,0.09217491183032962
tonic_041_grad_vanrossum,tonic,41,grad_vanrossum,0.6527777777777778,9,9,3.94984769821167,4.153027534484863,21.996023178100586,3.94984769821167,warmstart,25,1.4812297821044922,True,"{""C_m"": 123.2278638907713, ""g_L"": 9.556740062862524, ""E_L"": -71.68663061619358, ""v_T"": -51.35497228029465, ""delta_T"": 7.749618416011142, ""v_reset"": -62.181638570033634}","{""C_m"": 123.2278638907713, ""g_L"": 9.556740062862524, ""E_L"": -71.68663061619358, ""v_T"": -51.35497228029465, ""delta_T"": 7.749618416011142, ""v_reset"": -62.181638570033634}","{""C_m"": 200.0, ""g_L"": 10.0, ""E_L"": -70.0, ""v_T"": -50.0, ""delta_T"": 2.0, ""v_reset"": -58.0}",2026-04-28T18:19:03.136988+00:00,0.33379189612708127,0.055407492142184545,0.03748068035985739,0.054198891211786136,0.30261149557953376,0.11947538771524668
tonic_041_nm_guarino,tonic,41,nm_guarino,-0.5625,9,9,0.39818769693374634,0.3246535658836365,0.3246535658836365,0.3246535658836365,training,50,0.5928738117218018,False,"{""C_m"": 130.64035797638056, ""g_L"": 10.243756985951027, ""E_L"": -67.9324054152655, ""v_T"": -53.033734925549666, ""delta_T"": 10.595125701593695, ""v_reset"": -61.22612191406154}","{""C_m"": 130.64035797638056, ""g_L"": 10.243756985951027, ""E_L"": -67.9324054152655, ""v_T"": -53.033734925549666, ""delta_T"": 11.12488198667338, ""v_reset"": -61.22612191406154}","{""C_m"": 200.0, ""g_L"": 10.0, ""E_L"": -70.0, ""v_T"": -50.0, ""delta_T"": 2.0, ""v_reset"": -58.0}",2026-04-28T18:19:03.729983+00:00,0.30156366097225845,0.030469623243878363,0.04594654632743319,0.12134939702198665,0.48025694666701996,0.09217491183032962
tonic_042_grad_guarino,tonic,42,grad_guarino,-0.21527777777777773,9,9,0.6403161287307739,0.4792979657649994,0.7107423543930054,0.4792979657649994,training,25,1.2824618816375732,True,"{""C_m"": 130.19429464721708, ""g_L"": 11.438402808717399, ""E_L"": -72.48550059032824, ""v_T"": -55.025229679261585, ""delta_T"": 17.964823534076714, ""v_reset"": -60.81976452136407}","{""C_m"": 124.347412109375, ""g_L"": 11.466508865356445, ""E_L"": -72.35015869140625, ""v_T"": -55.19742965698242, ""delta_T"": 17.935224533081055, ""v_reset"": -60.68647766113281}","{""C_m"": 200.0, ""g_L"": 10.0, ""E_L"": -70.0, ""v_T"": -50.0, ""delta_T"": 2.0, ""v_reset"": -58.0}",2026-04-28T18:19:05.012558+00:00,0.3289242951766304,0.18331360816955566,0.052225748697916664,0.20789718627929688,0.8386960280568976,0.07675650460379464
tonic_042_grad_vanrossum,tonic,42,grad_vanrossum,0.0,9,0,5.1670331954956055,5.069472789764404,24.4544677734375,5.069472789764404,training,25,1.5238499641418457,True,"{""C_m"": 55.124005993788586, ""g_L"": 11.970122040488423, ""E_L"": -87.81522401977854, ""v_T"": -50.14115532457376, ""delta_T"": 9.679307988700625, ""v_reset"": -56.37480700869147}","{""C_m"": 240.0, ""g_L"": 14.0, ""E_L"": -110.0, ""v_T"": -35.0, ""delta_T"": 1.0000061988830566, ""v_reset"": -46.3115348815918}","{""C_m"": 200.0, ""g_L"": 10.0, ""E_L"": -70.0, ""v_T"": -50.0, ""delta_T"": 2.0, ""v_reset"": -58.0}",2026-04-28T18:19:06.536523+00:00,0.17391304347826086,0.5,0.8888888888888888,0.6,0.05263125269036544,0.3339561462402344
tonic_042_nm_guarino,tonic,42,nm_guarino,-0.5625,9,9,0.6403161287307739,0.10215768963098526,0.10215768963098526,0.10215768963098526,training,50,0.7253258228302002,False,"{""C_m"": 130.19429464721708, ""g_L"": 11.438402808717399, ""E_L"": -72.48550059032824, ""v_T"": -55.025229679261585, ""delta_T"": 17.964823534076714, ""v_reset"": -60.81976452136407}","{""C_m"": 132.33944090953167, ""g_L"": 11.546516863049806, ""E_L"": -71.83188524281817, ""v_T"": -56.09569793014124, ""delta_T"": 17.910012696601086, ""v_reset"": -59.34781109875463}","{""C_m"": 200.0, ""g_L"": 10.0, ""E_L"": -70.0, ""v_T"": -50.0, ""delta_T"": 2.0, ""v_reset"": -58.0}",2026-04-28T18:19:07.261959+00:00,0.2941763438716014,0.1933146078812258,0.04070856095151498,0.24382791720564967,0.837369089294794,0.03850888853584666
tonic_043_grad_guarino,tonic,43,grad_guarino,-1.0,9,169,0.6079431772232056,0.4488796293735504,0.4488796293735504,0.4488796293735504,training,1,1.2805681228637695,True,"{""C_m"": 112.49740365799869, ""g_L"": 10.358159047242815, ""E_L"": -83.0551181017979, ""v_T"": -59.55911046287478, ""delta_T"": 14.992683104609522, ""v_reset"": -61.751662255341834}","{""C_m"": 10.375051498413086, ""g_L"": 11.003917694091797, ""E_L"": -66.13948059082031, ""v_T"": -59.645050048828125, ""delta_T"": 11.556740760803223, ""v_reset"": -60.59886169433594}","{""C_m"": 200.0, ""g_L"": 10.0, ""E_L"": -70.0, ""v_T"": -50.0, ""delta_T"": 2.0, ""v_reset"": -58.0}",2026-04-28T18:19:08.543000+00:00,0.8244562978329866,0.1254897117614746,0.08578932020399306,0.385802001953125,0.5029863558317486,0.07425319126674107
tonic_043_grad_vanrossum,tonic,43,grad_vanrossum,0.47916666666666674,9,9,3.3495864868164062,5.073655128479004,5.073655128479004,3.3495864868164062,warmstart,1,1.391951084136963,True,"{""C_m"": 99.77388586296212, ""g_L"": 7.566422591010678, ""E_L"": -89.68976775757106, ""v_T"": -55.49174182337862, ""delta_T"": 13.431554825298052, ""v_reset"": -56.108059453089076}","{""C_m"": 99.77388586296212, ""g_L"": 7.566422591010678, ""E_L"": -89.68976775757106, ""v_T"": -55.49174182337862, ""delta_T"": 13.431554825298052, ""v_reset"": -56.108059453089076}","{""C_m"": 200.0, ""g_L"": 10.0, ""E_L"": -70.0, ""v_T"": -50.0, ""delta_T"": 2.0, ""v_reset"": -58.0}",2026-04-28T18:19:09.935091+00:00,0.4357657136392951,0.30419717612366526,0.43755039461269024,0.21966967293514472,0.6016607802788448,0.05405544419745496
tonic_043_nm_guarino,tonic,43,nm_guarino,1.0,9,9,0.6079431772232056,0.2163693606853485,0.2163693606853485,0.2163693606853485,training,50,0.6281278133392334,False,"{""C_m"": 112.49740365799869, ""g_L"": 10.358159047242815, ""E_L"": -83.0551181017979, ""v_T"": -59.55911046287478, ""delta_T"": 14.992683104609522, ""v_reset"": -61.751662255341834}","{""C_m"": 118.12227384089863, ""g_L"": 10.358159047242815, ""E_L"": -83.0551181017979, ""v_T"": -59.55911046287478, ""delta_T"": 14.992683104609522, ""v_reset"": -61.751662255341834}","{""C_m"": 200.0, ""g_L"": 10.0, ""E_L"": -70.0, ""v_T"": -50.0, ""delta_T"": 2.0, ""v_reset"": -58.0}",2026-04-28T18:19:10.563368+00:00,0.3559901137352234,0.04476988090535183,0.2901137355955089,0.3823644185149911,0.683825426558396,0.10719035015262383
tonic_044_grad_guarino,tonic,44,grad_guarino,0.8263888888888888,9,9,0.4810018241405487,0.8347775936126709,0.8347775936126709,0.4810018241405487,warmstart,1,1.2894937992095947,True,"{""C_m"": 109.90790299937069, ""g_L"": 11.819905333193306, ""E_L"": -81.0442079053054, ""v_T"": -58.05872339779856, ""delta_T"": 8.413536078592516, ""v_reset"": -67.81039306487986}","{""C_m"": 109.90790299937069, ""g_L"": 11.819905333193306, ""E_L"": -81.0442079053054, ""v_T"": -58.05872339779856, ""delta_T"": 8.413536078592516, ""v_reset"": -67.81039306487986}","{""C_m"": 200.0, ""g_L"": 10.0, ""E_L"": -70.0, ""v_T"": -50.0, ""delta_T"": 2.0, ""v_reset"": -58.0}",2026-04-28T18:19:11.853025+00:00,0.3917047695679535,0.22748816664916327,0.24542684234011997,0.32234893591194236,0.3375545304522377,0.28029694471085315
tonic_044_grad_vanrossum,tonic,44,grad_vanrossum,-1.0,9,190,4.8434038162231445,4.754975318908691,4.754975318908691,4.754975318908691,training,1,1.3390159606933594,True,"{""C_m"": 57.513164748001344, ""g_L"": 10.945267220725157, ""E_L"": -98.84177358620732, ""v_T"": -57.02041179073318, ""delta_T"": 16.14414469417277, ""v_reset"": -61.03165420707822}","{""C_m"": 10.0, ""g_L"": 6.0, ""E_L"": -65.0, ""v_T"": -60.0, ""delta_T"": 20.0, ""v_reset"": -45.000179290771484}","{""C_m"": 200.0, ""g_L"": 10.0, ""E_L"": -70.0, ""v_T"": -50.0, ""delta_T"": 2.0, ""v_reset"": -58.0}",2026-04-28T18:19:13.192191+00:00,0.8260869565217391,0.5,0.1111111111111111,0.4,0.9473684210526315,0.3714234488351004
tonic_044_nm_guarino,tonic,44,nm_guarino,-0.5625,9,9,0.4810018241405487,0.2053743451833725,0.2053743451833725,0.2053743451833725,training,50,0.5818603038787842,False,"{""C_m"": 109.90790299937069, ""g_L"": 11.819905333193306, ""E_L"": -81.0442079053054, ""v_T"": -58.05872339779856, ""delta_T"": 8.413536078592516, ""v_reset"": -67.81039306487986}","{""C_m"": 111.76695359354409, ""g_L"": 12.0198345596919, ""E_L"": -81.24795553129479, ""v_T"": -59.18448364318235, ""delta_T"": 8.555847857992914, ""v_reset"": -66.52633775190222}","{""C_m"": 200.0, ""g_L"": 10.0, ""E_L"": -70.0, ""v_T"": -50.0, ""delta_T"": 2.0, ""v_reset"": -58.0}",2026-04-28T18:19:13.774540+00:00,0.3836219408976344,0.2524793199614874,0.2499545673621065,0.36737934572729386,0.34504462410489023,0.2436096500543491
tonic_045_grad_guarino,tonic,45,grad_guarino,-0.5625,9,9,0.39587968587875366,0.718420147895813,0.718420147895813,0.39587968587875366,warmstart,1,1.4275169372558594,True,"{""C_m"": 94.7611578006718, ""g_L"": 6.85814511627442, ""E_L"": -66.58732734565648, ""v_T"": -43.965791312694485, ""delta_T"": 8.822889191965295, ""v_reset"": -61.075284512930835}","{""C_m"": 94.7611578006718, ""g_L"": 6.85814511627442, ""E_L"": -66.58732734565648, ""v_T"": -43.965791312694485, ""delta_T"": 8.822889191965295, ""v_reset"": -61.075284512930835}","{""C_m"": 200.0, ""g_L"": 10.0, ""E_L"": -70.0, ""v_T"": -50.0, ""delta_T"": 2.0, ""v_reset"": -58.0}",2026-04-28T18:19:15.202196+00:00,0.45756018347534,0.3927318604656975,0.07583717009652276,0.2413683474922206,0.3590994311560682,0.08786527179802388
tonic_045_grad_vanrossum,tonic,45,grad_vanrossum,0.19377162629757788,9,8,4.565941333770752,5.418575286865234,24.851951599121094,4.565941333770752,warmstart,25,1.4729390144348145,True,"{""C_m"": 72.1430394830151, ""g_L"": 13.441534480583321, ""E_L"": -92.4657375042719, ""v_T"": -57.128703789900804, ""delta_T"": 10.03238064236129, ""v_reset"": -57.9046930526597}","{""C_m"": 72.1430394830151, ""g_L"": 13.441534480583321, ""E_L"": -92.4657375042719, ""v_T"": -57.128703789900804, ""delta_T"": 10.03238064236129, ""v_reset"": -57.9046930526597}","{""C_m"": 200.0, ""g_L"": 10.0, ""E_L"": -70.0, ""v_T"": -50.0, ""delta_T"": 2.0, ""v_reset"": -58.0}",2026-04-28T18:19:16.675267+00:00,0.555899828334717,0.4301918100729152,0.49923861120604224,0.2851481515960322,0.42275687591375205,0.0027230556382942185
tonic_045_nm_guarino,tonic,45,nm_guarino,-0.21527777777777773,9,9,0.39587968587875366,0.25895291566848755,0.25895291566848755,0.25895291566848755,training,50,0.6237609386444092,False,"{""C_m"": 94.7611578006718, ""g_L"": 6.85814511627442, ""E_L"": -66.58732734565648, ""v_T"": -43.965791312694485, ""delta_T"": 8.822889191965295, ""v_reset"": -61.075284512930835}","{""C_m"": 97.11556311022552, ""g_L"": 7.028540388453457, ""E_L"": -68.24173470717663, ""v_T"": -43.395864388270674, ""delta_T"": 9.042099864790359, ""v_reset"": -57.333480816691065}","{""C_m"": 200.0, ""g_L"": 10.0, ""E_L"": -70.0, ""v_T"": -50.0, ""delta_T"": 2.0, ""v_reset"": -58.0}",2026-04-28T18:19:17.299143+00:00,0.4473236386511934,0.3714324514433178,0.03907256206274149,0.26416542446917307,0.37063683498896627,0.01904340523739815
tonic_046_grad_guarino,tonic,46,grad_guarino,0.30555555555555564,9,9,0.28758949041366577,0.3413272202014923,1.2703566551208496,0.28758949041366577,warmstart,25,1.3350729942321777,True,"{""C_m"": 105.63623987552829, ""g_L"": 7.625312414489619, ""E_L"": -84.11410061043692, ""v_T"": -57.92708108821964, ""delta_T"": 17.3361645845618, ""v_reset"": -58.13124189855307}","{""C_m"": 105.63623987552829, ""g_L"": 7.625312414489619, ""E_L"": -84.11410061043692, ""v_T"": -57.92708108821964, ""delta_T"": 17.3361645845618, ""v_reset"": -58.13124189855307}","{""C_m"": 200.0, ""g_L"": 10.0, ""E_L"": -70.0, ""v_T"": -50.0, ""delta_T"": 2.0, ""v_reset"": -58.0}",2026-04-28T18:19:18.634343+00:00,0.41027721793248567,0.29683594818879766,0.3136466802319316,0.3170832435287855,0.8071665570822,0.0037497685300877494
tonic_046_grad_vanrossum,tonic,46,grad_vanrossum,0.30555555555555564,9,9,4.595088958740234,6.131269931793213,7.450592041015625,4.595088958740234,warmstart,25,1.473546028137207,True,"{""C_m"": 105.63623987552829, ""g_L"": 7.625312414489619, ""E_L"": -84.11410061043692, ""v_T"": -57.92708108821964, ""delta_T"": 17.3361645845618, ""v_reset"": -58.13124189855307}","{""C_m"": 105.63623987552829, ""g_L"": 7.625312414489619, ""E_L"": -84.11410061043692, ""v_T"": -57.92708108821964, ""delta_T"": 17.3361645845618, ""v_reset"": -58.13124189855307}","{""C_m"": 200.0, ""g_L"": 10.0, ""E_L"": -70.0, ""v_T"": -50.0, ""delta_T"": 2.0, ""v_reset"": -58.0}",2026-04-28T18:19:20.108362+00:00,0.41027721793248567,0.29683594818879766,0.3136466802319316,0.3170832435287855,0.8071665570822,0.0037497685300877494
tonic_046_nm_guarino,tonic,46,nm_guarino,1.0,9,9,0.28758949041366577,0.24804167449474335,0.24804167449474335,0.24804167449474335,training,50,0.5812580585479736,False,"{""C_m"": 105.63623987552829, ""g_L"": 7.625312414489619, ""E_L"": -84.11410061043692, ""v_T"": -57.92708108821964, ""delta_T"": 17.3361645845618, ""v_reset"": -58.13124189855307}","{""C_m"": 105.63623987552829, ""g_L"": 7.625312414489619, ""E_L"": -84.11410061043692, ""v_T"": -57.92708108821964, ""delta_T"": 18.20297281378989, ""v_reset"": -58.13124189855307}","{""C_m"": 200.0, ""g_L"": 10.0, ""E_L"": -70.0, ""v_T"": -50.0, ""delta_T"": 2.0, ""v_reset"": -58.0}",2026-04-28T18:19:20.689729+00:00,0.41027721793248567,0.29683594818879766,0.3136466802319316,0.3170832435287855,0.8527880428310469,0.0037497685300877494
tonic_047_grad_guarino,tonic,47,grad_guarino,1.0,9,9,0.25186488032341003,0.33856385946273804,0.4933112561702728,0.25186488032341003,warmstart,25,1.2934892177581787,True,"{""C_m"": 91.50190813992494, ""g_L"": 8.089827083136026, ""E_L"": -76.20894029537601, ""v_T"": -46.29510091740446, ""delta_T"": 18.376299275454937, ""v_reset"": -52.57373297588275}","{""C_m"": 91.50190813992494, ""g_L"": 8.089827083136026, ""E_L"": -76.20894029537601, ""v_T"": -46.29510091740446, ""delta_T"": 18.376299275454937, ""v_reset"": -52.57373297588275}","{""C_m"": 200.0, ""g_L"": 10.0, ""E_L"": -70.0, ""v_T"": -50.0, ""delta_T"": 2.0, ""v_reset"": -58.0}",2026-04-28T18:19:21.983351+00:00,0.4717308341742394,0.23877161460799678,0.1379764510083558,0.14819596330382154,0.8619104881818388,0.15503620068906432
tonic_047_grad_vanrossum,tonic,47,grad_vanrossum,0.0,9,0,5.164093017578125,4.935153484344482,11.696595191955566,4.935153484344482,training,25,1.4921181201934814,True,"{""C_m"": 107.03357819875752, ""g_L"": 9.912951882258987, ""E_L"": -71.68058446417892, ""v_T"": -41.985037356040486, ""delta_T"": 1.0147407209798278, ""v_reset"": -53.9348697157387}","{""C_m"": 234.98428344726562, ""g_L"": 11.748023986816406, ""E_L"": -88.99172973632812, ""v_T"": -36.180999755859375, ""delta_T"": 1.0149173736572266, ""v_reset"": -52.325897216796875}","{""C_m"": 200.0, ""g_L"": 10.0, ""E_L"": -70.0, ""v_T"": -50.0, ""delta_T"": 2.0, ""v_reset"": -58.0}",2026-04-28T18:19:23.475593+00:00,0.15210558020550272,0.21850299835205078,0.42203843858506945,0.552760009765625,0.05184645401804071,0.16211722237723214
tonic_047_nm_guarino,tonic,47,nm_guarino,1.0,9,9,0.25186488032341003,0.2516550123691559,0.2516550123691559,0.2516550123691559,training,50,0.696857213973999,False,"{""C_m"": 91.50190813992494, ""g_L"": 8.089827083136026, ""E_L"": -76.20894029537601, ""v_T"": -46.29510091740446, ""delta_T"": 18.376299275454937, ""v_reset"": -52.57373297588275}","{""C_m"": 91.50190813992494, ""g_L"": 8.494318437292828, ""E_L"": -76.20894029537601, ""v_T"": -46.29510091740446, ""delta_T"": 18.376299275454937, ""v_reset"": -52.57373297588275}","{""C_m"": 200.0, ""g_L"": 10.0, ""E_L"": -70.0, ""v_T"": -50.0, ""delta_T"": 2.0, ""v_reset"": -58.0}",2026-04-28T18:19:24.172557+00:00,0.4717308341742394,0.18821019533839656,0.1379764510083558,0.14819596330382154,0.8619104881818388,0.15503620068906432
tonic_048_grad_guarino,tonic,48,grad_guarino,-1.0,9,180,0.5081353187561035,0.4641457200050354,0.4641457200050354,0.4641457200050354,training,1,1.2543368339538574,True,"{""C_m"": 172.37185645044337, ""g_L"": 12.53455627231711, ""E_L"": -72.01285530989043, ""v_T"": -55.43981293613559, ""delta_T"": 7.11911007296613, ""v_reset"": -61.40522218200876}","{""C_m"": 10.0, ""g_L"": 6.325257778167725, ""E_L"": -65.0, ""v_T"": -60.0, ""delta_T"": 1.0, ""v_reset"": -79.99999237060547}","{""C_m"": 200.0, ""g_L"": 10.0, ""E_L"": -70.0, ""v_T"": -50.0, ""delta_T"": 2.0, ""v_reset"": -58.0}",2026-04-28T18:19:25.427379+00:00,0.8260869565217391,0.4593427777290344,0.1111111111111111,0.4,0.05263157894736842,0.6285712105887277
tonic_048_grad_vanrossum,tonic,48,grad_vanrossum,0.020761245674740504,9,8,4.703344821929932,4.805006980895996,3652.56787109375,4.703344821929932,warmstart,2,1.3321661949157715,True,"{""C_m"": 172.37185645044337, ""g_L"": 12.53455627231711, ""E_L"": -72.01285530989043, ""v_T"": -55.43981293613559, ""delta_T"": 7.11911007296613, ""v_reset"": -61.40522218200876}","{""C_m"": 172.37185645044337, ""g_L"": 12.53455627231711, ""E_L"": -72.01285530989043, ""v_T"": -55.43981293613559, ""delta_T"": 7.11911007296613, ""v_reset"": -61.40522218200876}","{""C_m"": 200.0, ""g_L"": 10.0, ""E_L"": -70.0, ""v_T"": -50.0, ""delta_T"": 2.0, ""v_reset"": -58.0}",2026-04-28T18:19:26.759664+00:00,0.12012236325894185,0.3168195340396387,0.04473011799756503,0.21759251744542354,0.2694268459455858,0.09729206234310733
tonic_048_nm_guarino,tonic,48,nm_guarino,1.0,9,9,0.5081353187561035,0.28292959928512573,0.28292959928512573,0.28292959928512573,training,50,0.5868790149688721,False,"{""C_m"": 172.37185645044337, ""g_L"": 12.53455627231711, ""E_L"": -72.01285530989043, ""v_T"": -55.43981293613559, ""delta_T"": 7.11911007296613, ""v_reset"": -61.40522218200876}","{""C_m"": 179.819110858277, ""g_L"": 12.7119596875824, ""E_L"": -69.43353239423547, ""v_T"": -55.84276279075634, ""delta_T"": 7.279193800342428, ""v_reset"": -60.45663040351941}","{""C_m"": 200.0, ""g_L"": 10.0, ""E_L"": -70.0, ""v_T"": -50.0, ""delta_T"": 2.0, ""v_reset"": -58.0}",2026-04-28T18:19:27.346656+00:00,0.08774299626836081,0.3389949609478,0.012588169016989543,0.23371051163025355,0.27785230528118043,0.07018944010055464
tonic_049_grad_guarino,tonic,49,grad_guarino,0.020761245674740504,9,8,0.7562385201454163,0.7435150742530823,0.8668110966682434,0.7435150742530823,training,25,1.2899267673492432,True,"{""C_m"": 65.50486289948991, ""g_L"": 6.008860898228656, ""E_L"": -74.13116754702752, ""v_T"": -38.265714482590106, ""delta_T"": 12.938569430314955, ""v_reset"": -69.83162317732139}","{""C_m"": 65.12626647949219, ""g_L"": 6.008861064910889, ""E_L"": -74.11653900146484, ""v_T"": -38.269100189208984, ""delta_T"": 12.937188148498535, ""v_reset"": -69.82059478759766}","{""C_m"": 200.0, ""g_L"": 10.0, ""E_L"": -70.0, ""v_T"": -50.0, ""delta_T"": 2.0, ""v_reset"": -58.0}",2026-04-28T18:19:28.636699+00:00,0.5864075370456862,0.4988923668861389,0.09147864447699652,0.4692359924316406,0.5756414814999229,0.3377312796456473
tonic_049_grad_vanrossum,tonic,49,grad_vanrossum,0.27555555555555555,9,16,6.378302574157715,5.2773823738098145,1290638.5,5.2773823738098145,training,25,1.4708292484283447,True,"{""C_m"": 114.164528997034, ""g_L"": 11.111326254395815, ""E_L"": -79.80401783058522, ""v_T"": -49.430390856736636, ""delta_T"": 3.9037424643838134, ""v_reset"": -60.86653611559269}","{""C_m"": 80.67882537841797, ""g_L"": 10.823004722595215, ""E_L"": -74.65879821777344, ""v_T"": -51.985408782958984, ""delta_T"": 3.633681297302246, ""v_reset"": -61.02708435058594}","{""C_m"": 200.0, ""g_L"": 10.0, ""E_L"": -70.0, ""v_T"": -50.0, ""delta_T"": 2.0, ""v_reset"": -58.0}",2026-04-28T18:19:30.107650+00:00,0.5187877157460088,0.10287559032440186,0.10352884928385417,0.07941635131835938,0.08598322617380243,0.08648812430245535
tonic_049_nm_guarino,tonic,49,nm_guarino,0.020761245674740504,9,8,0.7562385201454163,0.5310994386672974,0.5310994386672974,0.5310994386672974,training,50,0.5780458450317383,False,"{""C_m"": 65.50486289948991, ""g_L"": 6.008860898228656, ""E_L"": -74.13116754702752, ""v_T"": -38.265714482590106, ""delta_T"": 12.938569430314955, ""v_reset"": -69.83162317732139}","{""C_m"": 66.07095430726328, ""g_L"": 6.016573161501745, ""E_L"": -74.77180726656972, ""v_T"": -38.596405842316194, ""delta_T"": 13.050384227860887, ""v_reset"": -67.26681973346295}","{""C_m"": 200.0, ""g_L"": 10.0, ""E_L"": -70.0, ""v_T"": -50.0, ""delta_T"": 2.0, ""v_reset"": -58.0}",2026-04-28T18:19:30.686193+00:00,0.5823001986640728,0.4979283548122819,0.10604016147932718,0.4561437663073522,0.5815991698874151,0.2647662780989415
tonic_050_grad_guarino,tonic,50,grad_guarino,-0.49826989619377166,9,8,0.5370215177536011,0.6751573085784912,11.617474555969238,0.5370215177536011,warmstart,25,1.3133468627929688,True,"{""C_m"": 160.9083718478183, ""g_L"": 9.878624590078026, ""E_L"": -76.1649744521758, ""v_T"": -48.8287969702006, ""delta_T"": 2.1842364292034557, ""v_reset"": -55.887874363066146}","{""C_m"": 160.9083718478183, ""g_L"": 9.878624590078026, ""E_L"": -76.1649744521758, ""v_T"": -48.8287969702006, ""delta_T"": 2.1842364292034557, ""v_reset"": -55.887874363066146}","{""C_m"": 200.0, ""g_L"": 10.0, ""E_L"": -70.0, ""v_T"": -50.0, ""delta_T"": 2.0, ""v_reset"": -58.0}",2026-04-28T18:19:31.999657+00:00,0.16996360066165955,0.01517192624024677,0.1369994322705733,0.04684812119197602,0.009696654168602933,0.06034644676953868
tonic_050_grad_vanrossum,tonic,50,grad_vanrossum,-0.49826989619377166,9,8,2.874159336090088,5.030282497406006,2930.51220703125,2.874159336090088,warmstart,3,1.4080488681793213,True,"{""C_m"": 160.9083718478183, ""g_L"": 9.878624590078026, ""E_L"": -76.1649744521758, ""v_T"": -48.8287969702006, ""delta_T"": 2.1842364292034557, ""v_reset"": -55.887874363066146}","{""C_m"": 160.9083718478183, ""g_L"": 9.878624590078026, ""E_L"": -76.1649744521758, ""v_T"": -48.8287969702006, ""delta_T"": 2.1842364292034557, ""v_reset"": -55.887874363066146}","{""C_m"": 200.0, ""g_L"": 10.0, ""E_L"": -70.0, ""v_T"": -50.0, ""delta_T"": 2.0, ""v_reset"": -58.0}",2026-04-28T18:19:33.407838+00:00,0.16996360066165955,0.01517192624024677,0.1369994322705733,0.04684812119197602,0.009696654168602933,0.06034644676953868
tonic_050_nm_guarino,tonic,50,nm_guarino,0.8858131487889275,9,8,0.5370215177536011,0.062103625386953354,0.062103625386953354,0.062103625386953354,training,50,0.581636905670166,False,"{""C_m"": 160.9083718478183, ""g_L"": 9.878624590078026, ""E_L"": -76.1649744521758, ""v_T"": -48.8287969702006, ""delta_T"": 2.1842364292034557, ""v_reset"": -55.887874363066146}","{""C_m"": 158.0366068685924, ""g_L"": 9.906505296225758, ""E_L"": -75.58786427909617, ""v_T"": -49.508630511680906, ""delta_T"": 2.221894587154515, ""v_reset"": -57.309909599266646}","{""C_m"": 200.0, ""g_L"": 10.0, ""E_L"": -70.0, ""v_T"": -50.0, ""delta_T"": 2.0, ""v_reset"": -58.0}",2026-04-28T18:19:33.989605+00:00,0.1824495353539461,0.011686837971780273,0.12417476175769258,0.019654779532763768,0.01167866248181658,0.019716868592381535
tonic_051_grad_guarino,tonic,51,grad_guarino,-0.49826989619377166,9,8,0.6383348107337952,0.7864201068878174,0.7864201068878174,0.6383348107337952,warmstart,1,1.2402889728546143,True,"{""C_m"": 143.26804538504916, ""g_L"": 6.086788076021942, ""E_L"": -81.0275592293975, ""v_T"": -54.20617131473458, ""delta_T"": 8.790681598969591, ""v_reset"": -55.60860743431973}","{""C_m"": 143.26804538504916, ""g_L"": 6.086788076021942, ""E_L"": -81.0275592293975, ""v_T"": -54.20617131473458, ""delta_T"": 8.790681598969591, ""v_reset"": -55.60860743431973}","{""C_m"": 200.0, ""g_L"": 10.0, ""E_L"": -70.0, ""v_T"": -50.0, ""delta_T"": 2.0, ""v_reset"": -58.0}",2026-04-28T18:19:35.230004+00:00,0.2466606722389167,0.48915149049725726,0.2450568717643888,0.16824685258938332,0.3574042946826101,0.06832550187657915
tonic_051_grad_vanrossum,tonic,51,grad_vanrossum,-0.49826989619377166,9,8,4.059990406036377,6.081691741943359,141421.25,4.059990406036377,warmstart,2,1.3131446838378906,True,"{""C_m"": 143.26804538504916, ""g_L"": 6.086788076021942, ""E_L"": -81.0275592293975, ""v_T"": -54.20617131473458, ""delta_T"": 8.790681598969591, ""v_reset"": -55.60860743431973}","{""C_m"": 143.26804538504916, ""g_L"": 6.086788076021942, ""E_L"": -81.0275592293975, ""v_T"": -54.20617131473458, ""delta_T"": 8.790681598969591, ""v_reset"": -55.60860743431973}","{""C_m"": 200.0, ""g_L"": 10.0, ""E_L"": -70.0, ""v_T"": -50.0, ""delta_T"": 2.0, ""v_reset"": -58.0}",2026-04-28T18:19:36.543272+00:00,0.2466606722389167,0.48915149049725726,0.2450568717643888,0.16824685258938332,0.3574042946826101,0.06832550187657915
tonic_051_nm_guarino,tonic,51,nm_guarino,-0.49826989619377166,9,8,0.6383348107337952,0.14842404425144196,0.14842404425144196,0.14842404425144196,training,50,0.5801498889923096,False,"{""C_m"": 143.26804538504916, ""g_L"": 6.086788076021942, ""E_L"": -81.0275592293975, ""v_T"": -54.20617131473458, ""delta_T"": 8.790681598969591, ""v_reset"": -55.60860743431973}","{""C_m"": 145.85141192748904, ""g_L"": 6.0008517289608125, ""E_L"": -82.48862394181268, ""v_T"": -55.01416776973348, ""delta_T"": 8.949192540240452, ""v_reset"": -54.334375945666274}","{""C_m"": 200.0, ""g_L"": 10.0, ""E_L"": -70.0, ""v_T"": -50.0, ""delta_T"": 2.0, ""v_reset"": -58.0}",2026-04-28T18:19:37.123901+00:00,0.2354286437935259,0.49989353387989843,0.2775249764847261,0.2005667107893393,0.365746975802129,0.10473211583810646
tonic_052_grad_guarino,tonic,52,grad_guarino,0.0,9,0,0.8489212989807129,0.7668952941894531,11.274670600891113,0.7668952941894531,training,25,1.2776992321014404,True,"{""C_m"": 63.27491942854898, ""g_L"": 7.759140294540285, ""E_L"": -88.71909046682586, ""v_T"": -48.32888517363501, ""delta_T"": 5.729225780852202, ""v_reset"": -67.80465549486703}","{""C_m"": 158.3839874267578, ""g_L"": 8.158764839172363, ""E_L"": -98.67079162597656, ""v_T"": -44.147926330566406, ""delta_T"": 6.967808723449707, ""v_reset"": -67.12031555175781}","{""C_m"": 200.0, ""g_L"": 10.0, ""E_L"": -70.0, ""v_T"": -50.0, ""delta_T"": 2.0, ""v_reset"": -58.0}",2026-04-28T18:19:38.401720+00:00,0.180939185101053,0.2301543951034546,0.6371287027994792,0.23408294677734376,0.26146361702366877,0.2605804443359375
tonic_052_grad_vanrossum,tonic,52,grad_vanrossum,0.19377162629757788,9,8,5.606001853942871,5.6224141120910645,2923.778076171875,5.606001853942871,warmstart,2,1.3088047504425049,True,"{""C_m"": 63.27491942854898, ""g_L"": 7.759140294540285, ""E_L"": -88.71909046682586, ""v_T"": -48.32888517363501, ""delta_T"": 5.729225780852202, ""v_reset"": -67.80465549486703}","{""C_m"": 63.27491942854898, ""g_L"": 7.759140294540285, ""E_L"": -88.71909046682586, ""v_T"": -48.32888517363501, ""delta_T"": 5.729225780852202, ""v_reset"": -67.80465549486703}","{""C_m"": 200.0, ""g_L"": 10.0, ""E_L"": -70.0, ""v_T"": -50.0, ""delta_T"": 2.0, ""v_reset"": -58.0}",2026-04-28T18:19:39.710632+00:00,0.5944568720497871,0.2801074631824644,0.4159797881516858,0.06684459305459967,0.1962750410974843,0.2801330141390581
tonic_052_nm_guarino,tonic,52,nm_guarino,-0.38888888888888884,9,9,0.8489212989807129,0.6112852692604065,0.6112852692604065,0.6112852692604065,training,50,0.6104691028594971,False,"{""C_m"": 63.27491942854898, ""g_L"": 7.759140294540285, ""E_L"": -88.71909046682586, ""v_T"": -48.32888517363501, ""delta_T"": 5.729225780852202, ""v_reset"": -67.80465549486703}","{""C_m"": 64.33133015112413, ""g_L"": 7.639225592263007, ""E_L"": -88.24886151652261, ""v_T"": -49.62866501416644, ""delta_T"": 5.717430916866343, ""v_reset"": -68.93669273414277}","{""C_m"": 200.0, ""g_L"": 10.0, ""E_L"": -70.0, ""v_T"": -50.0, ""delta_T"": 2.0, ""v_reset"": -58.0}",2026-04-28T18:19:40.321212+00:00,0.5898637819516342,0.2950968009671241,0.4055302559227246,0.014853399433342532,0.1956542587824391,0.3124769352612219
tonic_053_grad_guarino,tonic,53,grad_guarino,0.020761245674740504,9,8,0.6438928246498108,0.8817253112792969,0.9061965346336365,0.6438928246498108,warmstart,25,1.409752607345581,True,"{""C_m"": 107.99415587320156, ""g_L"": 9.700902181203148, ""E_L"": -70.0074855836117, ""v_T"": -50.63839788498691, ""delta_T"": 15.749621595423024, ""v_reset"": -63.910866809378234}","{""C_m"": 107.99415587320156, ""g_L"": 9.700902181203148, ""E_L"": -70.0074855836117, ""v_T"": -50.63839788498691, ""delta_T"": 15.749621595423024, ""v_reset"": -63.910866809378234}","{""C_m"": 200.0, ""g_L"": 10.0, ""E_L"": -70.0, ""v_T"": -50.0, ""delta_T"": 2.0, ""v_reset"": -58.0}",2026-04-28T18:19:41.731090+00:00,0.40002540924694974,0.03738722734960653,0.00016634630248214913,0.025535915399476323,0.7236642944959486,0.16888190883937812
tonic_053_grad_vanrossum,tonic,53,grad_vanrossum,0.020761245674740504,9,8,5.418539047241211,4.024832725524902,5.2609076499938965,4.024832725524902,training,2,1.3073878288269043,True,"{""C_m"": 212.00241274484762, ""g_L"": 10.016869788639106, ""E_L"": -67.5704081242923, ""v_T"": -49.427425837966574, ""delta_T"": 1.1388802457083276, ""v_reset"": -61.74607590871686}","{""C_m"": 208.4739990234375, ""g_L"": 9.961575508117676, ""E_L"": -67.32394409179688, ""v_T"": -51.1075325012207, ""delta_T"": 1.1379010677337646, ""v_reset"": -66.59627532958984}","{""C_m"": 200.0, ""g_L"": 10.0, ""E_L"": -70.0, ""v_T"": -50.0, ""delta_T"": 2.0, ""v_reset"": -58.0}",2026-04-28T18:19:43.038588+00:00,0.03684347401494565,0.004803061485290527,0.059467909071180554,0.044301300048828124,0.04537362801401239,0.24560786655970981
tonic_053_nm_guarino,tonic,53,nm_guarino,-0.38888888888888884,9,9,0.6438928246498108,0.27052122354507446,0.27052122354507446,0.27052122354507446,training,50,0.580319881439209,False,"{""C_m"": 107.99415587320156, ""g_L"": 9.700902181203148, ""E_L"": -70.0074855836117, ""v_T"": -50.63839788498691, ""delta_T"": 15.749621595423024, ""v_reset"": -63.910866809378234}","{""C_m"": 106.19425327531484, ""g_L"": 9.916477785229887, ""E_L"": -71.56320748546975, ""v_T"": -51.763695615764384, ""delta_T"": 16.09961318643242, ""v_reset"": -61.07038384007255}","{""C_m"": 200.0, ""g_L"": 10.0, ""E_L"": -70.0, ""v_T"": -50.0, ""delta_T"": 2.0, ""v_reset"": -58.0}",2026-04-28T18:19:43.619263+00:00,0.40785107271602244,0.01044027684626414,0.03473794412154992,0.07054782463057535,0.7420849045490748,0.08772525257350147
tonic_054_grad_guarino,tonic,54,grad_guarino,0.0,9,0,0.5224602818489075,0.37619513273239136,11.604728698730469,0.37619513273239136,training,25,1.3001527786254883,True,"{""C_m"": 213.66891457610043, ""g_L"": 7.332452935242428, ""E_L"": -79.78628916489166, ""v_T"": -57.48061085081555, ""delta_T"": 2.2939939973530286, ""v_reset"": -63.60977877803453}","{""C_m"": 240.0, ""g_L"": 14.0, ""E_L"": -110.0, ""v_T"": -35.0, ""delta_T"": 20.0, ""v_reset"": -45.0}","{""C_m"": 200.0, ""g_L"": 10.0, ""E_L"": -70.0, ""v_T"": -50.0, ""delta_T"": 2.0, ""v_reset"": -58.0}",2026-04-28T18:19:44.919538+00:00,0.17391304347826086,0.5,0.8888888888888888,0.6,0.9473684210526315,0.37142857142857144
tonic_054_grad_vanrossum,tonic,54,grad_vanrossum,0.0,9,0,5.422325611114502,5.118613243103027,22.763671875,5.118613243103027,training,25,1.4786128997802734,True,"{""C_m"": 213.66891457610043, ""g_L"": 7.332452935242428, ""E_L"": -79.78628916489166, ""v_T"": -57.48061085081555, ""delta_T"": 2.2939939973530286, ""v_reset"": -63.60977877803453}","{""C_m"": 240.0, ""g_L"": 14.0, ""E_L"": -110.0, ""v_T"": -35.0, ""delta_T"": 20.0, ""v_reset"": -45.0}","{""C_m"": 200.0, ""g_L"": 10.0, ""E_L"": -70.0, ""v_T"": -50.0, ""delta_T"": 2.0, ""v_reset"": -58.0}",2026-04-28T18:19:46.398262+00:00,0.17391304347826086,0.5,0.8888888888888888,0.6,0.9473684210526315,0.37142857142857144
tonic_054_nm_guarino,tonic,54,nm_guarino,-0.49826989619377166,9,8,0.5224602818489075,0.35732895135879517,0.35732895135879517,0.35732895135879517,training,50,0.5800249576568604,False,"{""C_m"": 213.66891457610043, ""g_L"": 7.332452935242428, ""E_L"": -79.78628916489166, ""v_T"": -57.48061085081555, ""delta_T"": 2.2939939973530286, ""v_reset"": -63.60977877803453}","{""C_m"": 221.36950375211026, ""g_L"": 7.368988502643222, ""E_L"": -80.18384198537173, ""v_T"": -57.422685775552324, ""delta_T"": 2.3054243294734675, ""v_reset"": -63.30310851729111}","{""C_m"": 200.0, ""g_L"": 10.0, ""E_L"": -70.0, ""v_T"": -50.0, ""delta_T"": 2.0, ""v_reset"": -58.0}",2026-04-28T18:19:46.978407+00:00,0.09291088587874027,0.32887643716959725,0.2263075996749273,0.29690743102209294,0.01607496470912987,0.15151738620831737
tonic_055_grad_guarino,tonic,55,grad_guarino,-0.04166666666666662,9,9,0.23249612748622894,0.369535356760025,1141.5916748046875,0.23249612748622894,warmstart,25,1.302567958831787,True,"{""C_m"": 110.21033343354821, ""g_L"": 13.86729956882028, ""E_L"": -77.44569234800325, ""v_T"": -53.64745232700476, ""delta_T"": 9.38524599840092, ""v_reset"": -58.71893494744019}","{""C_m"": 110.21033343354821, ""g_L"": 13.86729956882028, ""E_L"": -77.44569234800325, ""v_T"": -53.64745232700476, ""delta_T"": 9.38524599840092, ""v_reset"": -58.71893494744019}","{""C_m"": 200.0, ""g_L"": 10.0, ""E_L"": -70.0, ""v_T"": -50.0, ""delta_T"": 2.0, ""v_reset"": -58.0}",2026-04-28T18:19:48.281079+00:00,0.3903898546367469,0.4834124461025351,0.16545982995562775,0.14589809308019028,0.38869715781057473,0.020540998498291125
tonic_055_grad_vanrossum,tonic,55,grad_vanrossum,-0.04166666666666662,9,9,4.663657188415527,5.5478129386901855,22.543638229370117,4.663657188415527,warmstart,25,1.4816679954528809,True,"{""C_m"": 110.21033343354821, ""g_L"": 13.86729956882028, ""E_L"": -77.44569234800325, ""v_T"": -53.64745232700476, ""delta_T"": 9.38524599840092, ""v_reset"": -58.71893494744019}","{""C_m"": 110.21033343354821, ""g_L"": 13.86729956882028, ""E_L"": -77.44569234800325, ""v_T"": -53.64745232700476, ""delta_T"": 9.38524599840092, ""v_reset"": -58.71893494744019}","{""C_m"": 200.0, ""g_L"": 10.0, ""E_L"": -70.0, ""v_T"": -50.0, ""delta_T"": 2.0, ""v_reset"": -58.0}",2026-04-28T18:19:49.762860+00:00,0.3903898546367469,0.4834124461025351,0.16545982995562775,0.14589809308019028,0.38869715781057473,0.020540998498291125
tonic_055_nm_guarino,tonic,55,nm_guarino,0.1319444444444445,9,9,0.23249612748622894,0.1847526580095291,0.1847526580095291,0.1847526580095291,training,50,0.644934892654419,False,"{""C_m"": 110.21033343354821, ""g_L"": 13.86729956882028, ""E_L"": -77.44569234800325, ""v_T"": -53.64745232700476, ""delta_T"": 9.38524599840092, ""v_reset"": -58.71893494744019}","{""C_m"": 110.21033343354821, ""g_L"": 13.86729956882028, ""E_L"": -77.44569234800325, ""v_T"": -53.64745232700476, ""delta_T"": 9.854508298320967, ""v_reset"": -58.71893494744019}","{""C_m"": 200.0, ""g_L"": 10.0, ""E_L"": -70.0, ""v_T"": -50.0, ""delta_T"": 2.0, ""v_reset"": -58.0}",2026-04-28T18:19:50.408290+00:00,0.3903898546367469,0.4834124461025351,0.16545982995562775,0.14589809308019028,0.4133951735958404,0.020540998498291125
tonic_056_grad_guarino,tonic,56,grad_guarino,-0.1522491349480969,9,8,0.7728396058082581,0.8366976380348206,2.6817989349365234,0.7728396058082581,warmstart,25,1.283545970916748,True,"{""C_m"": 161.45408392574606, ""g_L"": 8.543174052821861, ""E_L"": -65.41615847106306, ""v_T"": -58.08446219434634, ""delta_T"": 14.05822443457533, ""v_reset"": -63.21362919437716}","{""C_m"": 161.45408392574606, ""g_L"": 8.543174052821861, ""E_L"": -65.41615847106306, ""v_T"": -58.08446219434634, ""delta_T"": 14.05822443457533, ""v_reset"": -63.21362919437716}","{""C_m"": 200.0, ""g_L"": 10.0, ""E_L"": -70.0, ""v_T"": -50.0, ""delta_T"": 2.0, ""v_reset"": -58.0}",2026-04-28T18:19:51.691956+00:00,0.167590939453278,0.18210324339726736,0.10186314508748763,0.3233784877738535,0.6346433912934384,0.14896083412506178
tonic_056_grad_vanrossum,tonic,56,grad_vanrossum,0.035714285714285705,9,5,4.937200546264648,8.070012092590332,1290638.625,4.937200546264648,warmstart,25,1.4489450454711914,True,"{""C_m"": 144.77703187961984, ""g_L"": 6.224418596034148, ""E_L"": -101.44201815936184, ""v_T"": -52.51844127744131, ""delta_T"": 3.1148853722303267, ""v_reset"": -57.61122934657415}","{""C_m"": 144.77703187961984, ""g_L"": 6.224418596034148, ""E_L"": -101.44201815936184, ""v_T"": -52.51844127744131, ""delta_T"": 3.1148853722303267, ""v_reset"": -57.61122934657415}","{""C_m"": 200.0, ""g_L"": 10.0, ""E_L"": -70.0, ""v_T"": -50.0, ""delta_T"": 2.0, ""v_reset"": -58.0}",2026-04-28T18:19:53.141020+00:00,0.24009986139295722,0.47194767549573147,0.6987115146524853,0.10073765109765248,0.05867817748580667,0.011107732955024322
tonic_056_nm_guarino,tonic,56,nm_guarino,0.020761245674740504,9,8,0.7728396058082581,0.6805517673492432,0.6805517673492432,0.6805517673492432,training,50,0.5771691799163818,False,"{""C_m"": 161.45408392574606, ""g_L"": 8.543174052821861, ""E_L"": -65.41615847106306, ""v_T"": -58.08446219434634, ""delta_T"": 14.05822443457533, ""v_reset"": -63.21362919437716}","{""C_m"": 164.5471477784351, ""g_L"": 8.497835572576866, ""E_L"": -66.00603420216666, ""v_T"": -58.03611340681054, ""delta_T"": 14.551432448774516, ""v_reset"": -61.90463405304256}","{""C_m"": 200.0, ""g_L"": 10.0, ""E_L"": -70.0, ""v_T"": -50.0, ""delta_T"": 2.0, ""v_reset"": -58.0}",2026-04-28T18:19:53.718315+00:00,0.1541428357459344,0.18777055342789173,0.08875479550740756,0.3214445362724217,0.6606017078302377,0.11156097294407305
tonic_057_grad_guarino,tonic,57,grad_guarino,0.020761245674740504,9,8,0.5354373455047607,0.9134602546691895,1.0959705114364624,0.5354373455047607,warmstart,25,1.2971558570861816,True,"{""C_m"": 92.86860463210479, ""g_L"": 6.048320031392682, ""E_L"": -67.04405385031183, ""v_T"": -45.13440118349089, ""delta_T"": 15.822341316967387, ""v_reset"": -63.88913489508341}","{""C_m"": 92.86860463210479, ""g_L"": 6.048320031392682, ""E_L"": -67.04405385031183, ""v_T"": -45.13440118349089, ""delta_T"": 15.822341316967387, ""v_reset"": -63.88913489508341}","{""C_m"": 200.0, ""g_L"": 10.0, ""E_L"": -70.0, ""v_T"": -50.0, ""delta_T"": 2.0, ""v_reset"": -58.0}",2026-04-28T18:19:55.015592+00:00,0.46578867551258785,0.4939599960759148,0.06568769221529275,0.19462395266036453,0.7274916482614414,0.1682609970023831
tonic_057_grad_vanrossum,tonic,57,grad_vanrossum,0.1319444444444445,9,9,4.75310754776001,5.812577724456787,21.48700714111328,4.75310754776001,warmstart,25,1.4507882595062256,True,"{""C_m"": 112.46079268271401, ""g_L"": 9.962365393903003, ""E_L"": -66.02143030537286, ""v_T"": -46.470233576392395, ""delta_T"": 4.866140073505778, ""v_reset"": -66.35869560990398}","{""C_m"": 112.46079268271401, ""g_L"": 9.962365393903003, ""E_L"": -66.02143030537286, ""v_T"": -46.470233576392395, ""delta_T"": 4.866140073505778, ""v_reset"": -66.35869560990398}","{""C_m"": 200.0, ""g_L"": 10.0, ""E_L"": -70.0, ""v_T"": -50.0, ""delta_T"": 2.0, ""v_reset"": -58.0}",2026-04-28T18:19:56.466787+00:00,0.38060524920559125,0.00470432576212465,0.08841265988060311,0.1411906569443042,0.15084947755293568,0.238819874568685
tonic_057_nm_guarino,tonic,57,nm_guarino,0.020761245674740504,9,8,0.5354373455047607,0.48827189207077026,0.48827189207077026,0.48827189207077026,training,50,0.5831449031829834,False,"{""C_m"": 92.86860463210479, ""g_L"": 6.048320031392682, ""E_L"": -67.04405385031183, ""v_T"": -45.13440118349089, ""delta_T"": 15.822341316967387, ""v_reset"": -63.88913489508341}","{""C_m"": 94.44255965712489, ""g_L"": 6.142538537451871, ""E_L"": -66.73944703447415, ""v_T"": -45.430173881253396, ""delta_T"": 16.04119304812737, ""v_reset"": -63.34327816635508}","{""C_m"": 200.0, ""g_L"": 10.0, ""E_L"": -70.0, ""v_T"": -50.0, ""delta_T"": 2.0, ""v_reset"": -58.0}",2026-04-28T18:19:57.050049+00:00,0.45894539279510915,0.4821826828185162,0.07245673256724103,0.1827930447498642,0.7390101604277562,0.1526650904672879
tonic_058_grad_guarino,tonic,58,grad_guarino,0.020761245674740504,9,8,0.6178802847862244,0.655849814414978,0.9758959412574768,0.6178802847862244,warmstart,2,1.2723910808563232,True,"{""C_m"": 93.51291337920904, ""g_L"": 12.570020871593421, ""E_L"": -79.75747737420154, ""v_T"": -53.57579787974711, ""delta_T"": 4.282745864165424, ""v_reset"": -70.08069182608828}","{""C_m"": 93.51291337920904, ""g_L"": 12.570020871593421, ""E_L"": -79.75747737420154, ""v_T"": -53.57579787974711, ""delta_T"": 4.282745864165424, ""v_reset"": -70.08069182608828}","{""C_m"": 200.0, ""g_L"": 10.0, ""E_L"": -70.0, ""v_T"": -50.0, ""delta_T"": 2.0, ""v_reset"": -58.0}",2026-04-28T18:19:58.322553+00:00,0.46298733313387375,0.3212526089491776,0.21683283053781205,0.14303191518988428,0.12014451916660125,0.3451626236025224
tonic_058_grad_vanrossum,tonic,58,grad_vanrossum,0.5964912280701755,9,10,5.552476406097412,5.9007487297058105,13.234572410583496,5.552476406097412,warmstart,25,1.6184399127960205,True,"{""C_m"": 84.4045928687293, ""g_L"": 12.897996212403251, ""E_L"": -65.55826662436883, ""v_T"": -48.26218911336538, ""delta_T"": 15.810160093014005, ""v_reset"": -70.92890648265174}","{""C_m"": 84.4045928687293, ""g_L"": 12.897996212403251, ""E_L"": -65.55826662436883, ""v_T"": -48.26218911336538, ""delta_T"": 15.810160093014005, ""v_reset"": -70.92890648265174}","{""C_m"": 200.0, ""g_L"": 10.0, ""E_L"": -70.0, ""v_T"": -50.0, ""delta_T"": 2.0, ""v_reset"": -58.0}",2026-04-28T18:19:59.941116+00:00,0.5025887266576987,0.36224952655040643,0.09870518612513719,0.06951243546538478,0.7268505312112634,0.36939732807576403
tonic_058_nm_guarino,tonic,58,nm_guarino,-0.5625,9,9,0.6178802847862244,0.502833902835846,0.502833902835846,0.502833902835846,training,50,0.5834677219390869,False,"{""C_m"": 93.51291337920904, ""g_L"": 12.570020871593421, ""E_L"": -79.75747737420154, ""v_T"": -53.57579787974711, ""delta_T"": 4.282745864165424, ""v_reset"": -70.08069182608828}","{""C_m"": 93.95546420384315, ""g_L"": 12.54803626718837, ""E_L"": -79.56054533130228, ""v_T"": -55.46638416295217, ""delta_T"": 4.303014003028758, ""v_reset"": -70.41234942115003}","{""C_m"": 200.0, ""g_L"": 10.0, ""E_L"": -70.0, ""v_T"": -50.0, ""delta_T"": 2.0, ""v_reset"": -58.0}",2026-04-28T18:20:00.524698+00:00,0.46106319911372545,0.31850453339854634,0.21245656291782844,0.21865536651808667,0.12121126331730304,0.35463855489000073
tonic_059_grad_guarino,tonic,59,grad_guarino,0.36678200692041524,9,8,0.4486839175224304,0.8537200093269348,59.58564376831055,0.4486839175224304,warmstart,25,1.2729439735412598,True,"{""C_m"": 155.7709681583595, ""g_L"": 13.841993088134215, ""E_L"": -67.80857500183332, ""v_T"": -52.572494394531795, ""delta_T"": 2.1845609697997532, ""v_reset"": -70.41805997360669}","{""C_m"": 155.7709681583595, ""g_L"": 13.841993088134215, ""E_L"": -67.80857500183332, ""v_T"": -52.572494394531795, ""delta_T"": 2.1845609697997532, ""v_reset"": -70.41805997360669}","{""C_m"": 200.0, ""g_L"": 10.0, ""E_L"": -70.0, ""v_T"": -50.0, ""delta_T"": 2.0, ""v_reset"": -58.0}",2026-04-28T18:20:01.797759+00:00,0.19230013844191524,0.4802491360167769,0.04869833329259292,0.10289977578127178,0.00971373525261859,0.35480171353161966
tonic_059_grad_vanrossum,tonic,59,grad_vanrossum,0.4210526315789474,9,10,5.63845682144165,5.653199195861816,17.014568328857422,5.63845682144165,warmstart,25,1.4560959339141846,True,"{""C_m"": 39.54343651057848, ""g_L"": 6.368919515657018, ""E_L"": -104.48529206305447, ""v_T"": -47.23029845346913, ""delta_T"": 3.2304564863407887, ""v_reset"": -57.42092840104987}","{""C_m"": 39.54343651057848, ""g_L"": 6.368919515657018, ""E_L"": -104.48529206305447, ""v_T"": -47.23029845346913, ""delta_T"": 3.2304564863407887, ""v_reset"": -57.42092840104987}","{""C_m"": 200.0, ""g_L"": 10.0, ""E_L"": -70.0, ""v_T"": -50.0, ""delta_T"": 2.0, ""v_reset"": -58.0}",2026-04-28T18:20:03.254343+00:00,0.6976372325627023,0.4538850605428727,0.7663398236234328,0.11078806186123473,0.06476086770214677,0.016544902827146553
tonic_059_nm_guarino,tonic,59,nm_guarino,0.07017543859649122,9,10,0.4486839175224304,0.26575663685798645,0.26575663685798645,0.26575663685798645,training,50,0.5847232341766357,False,"{""C_m"": 155.7709681583595, ""g_L"": 13.841993088134215, ""E_L"": -67.80857500183332, ""v_T"": -52.572494394531795, ""delta_T"": 2.1845609697997532, ""v_reset"": -70.41805997360669}","{""C_m"": 155.2768634466736, ""g_L"": 13.6778914188382, ""E_L"": -66.5383807975672, ""v_T"": -53.482840834612375, ""delta_T"": 2.232221646244211, ""v_reset"": -69.9263736421945}","{""C_m"": 200.0, ""g_L"": 10.0, ""E_L"": -70.0, ""v_T"": -50.0, ""delta_T"": 2.0, ""v_reset"": -58.0}",2026-04-28T18:20:03.839183+00:00,0.19444841979707136,0.45973642735477505,0.07692487116517334,0.139313633384495,0.012222191907590055,0.3407535326341287
tonic_060_grad_guarino,tonic,60,grad_guarino,-0.04166666666666662,9,9,0.3243367373943329,0.412649929523468,0.412649929523468,0.3243367373943329,warmstart,1,1.2397229671478271,True,"{""C_m"": 113.28118729695599, ""g_L"": 6.291735236683235, ""E_L"": -81.51754742516297, ""v_T"": -45.864173254733956, ""delta_T"": 2.1262290556169043, ""v_reset"": -59.35343192694949}","{""C_m"": 113.28118729695599, ""g_L"": 6.291735236683235, ""E_L"": -81.51754742516297, ""v_T"": -45.864173254733956, ""delta_T"": 2.1262290556169043, ""v_reset"": -59.35343192694949}","{""C_m"": 200.0, ""g_L"": 10.0, ""E_L"": -70.0, ""v_T"": -50.0, ""delta_T"": 2.0, ""v_reset"": -58.0}",2026-04-28T18:20:05.079035+00:00,0.37703831610019134,0.46353309541459564,0.25594549833695496,0.16543306981064176,0.00664363450615286,0.03866948362712829
tonic_060_grad_vanrossum,tonic,60,grad_vanrossum,-0.04166666666666662,9,9,4.459555149078369,5.557821273803711,13.821898460388184,4.459555149078369,warmstart,25,1.477592945098877,True,"{""C_m"": 113.28118729695599, ""g_L"": 6.291735236683235, ""E_L"": -81.51754742516297, ""v_T"": -45.864173254733956, ""delta_T"": 2.1262290556169043, ""v_reset"": -59.35343192694949}","{""C_m"": 113.28118729695599, ""g_L"": 6.291735236683235, ""E_L"": -81.51754742516297, ""v_T"": -45.864173254733956, ""delta_T"": 2.1262290556169043, ""v_reset"": -59.35343192694949}","{""C_m"": 200.0, ""g_L"": 10.0, ""E_L"": -70.0, ""v_T"": -50.0, ""delta_T"": 2.0, ""v_reset"": -58.0}",2026-04-28T18:20:06.556750+00:00,0.37703831610019134,0.46353309541459564,0.25594549833695496,0.16543306981064176,0.00664363450615286,0.03866948362712829
tonic_060_nm_guarino,tonic,60,nm_guarino,-0.04166666666666662,9,9,0.3243367373943329,0.2121259868144989,0.2121259868144989,0.2121259868144989,training,50,0.5766129493713379,False,"{""C_m"": 113.28118729695599, ""g_L"": 6.291735236683235, ""E_L"": -81.51754742516297, ""v_T"": -45.864173254733956, ""delta_T"": 2.1262290556169043, ""v_reset"": -59.35343192694949}","{""C_m"": 109.03031009616865, ""g_L"": 6.4504086206850655, ""E_L"": -82.61415086342629, ""v_T"": -46.253845714399944, ""delta_T"": 2.1548318554627337, ""v_reset"": -60.15187569249057}","{""C_m"": 200.0, ""g_L"": 10.0, ""E_L"": -70.0, ""v_T"": -50.0, ""delta_T"": 2.0, ""v_reset"": -58.0}",2026-04-28T18:20:07.133491+00:00,0.39552039088622326,0.4436989224143668,0.2803144636316953,0.14984617142400225,0.008149045024354406,0.06148216264258772
tonic_061_grad_guarino,tonic,61,grad_guarino,0.020761245674740504,9,8,0.6151100397109985,0.6265721917152405,0.6908197402954102,0.6151100397109985,warmstart,25,1.3438518047332764,True,"{""C_m"": 107.19995127856714, ""g_L"": 13.67792297078, ""E_L"": -74.13544230390524, ""v_T"": -46.91606222240949, ""delta_T"": 19.094430939182953, ""v_reset"": -53.500605512268834}","{""C_m"": 107.19995127856714, ""g_L"": 13.67792297078, ""E_L"": -74.13544230390524, ""v_T"": -46.91606222240949, ""delta_T"": 19.094430939182953, ""v_reset"": -53.500605512268834}","{""C_m"": 200.0, ""g_L"": 10.0, ""E_L"": -70.0, ""v_T"": -50.0, ""delta_T"": 2.0, ""v_reset"": -58.0}",2026-04-28T18:20:08.477460+00:00,0.403478472701882,0.4597403713474999,0.0918987178645608,0.12335751110362053,0.8997068915359449,0.12855412822089046
tonic_061_grad_vanrossum,tonic,61,grad_vanrossum,0.7719298245614036,9,10,5.316782474517822,5.46408224105835,7.80591344833374,5.316782474517822,warmstart,25,1.624932050704956,True,"{""C_m"": 39.82329986584703, ""g_L"": 7.785427648663651, ""E_L"": -88.46136379534063, ""v_T"": -44.74983540258257, ""delta_T"": 17.879106310792473, ""v_reset"": -75.69896501025931}","{""C_m"": 39.82329986584703, ""g_L"": 7.785427648663651, ""E_L"": -88.46136379534063, ""v_T"": -44.74983540258257, ""delta_T"": 17.879106310792473, ""v_reset"": -75.69896501025931}","{""C_m"": 200.0, ""g_L"": 10.0, ""E_L"": -70.0, ""v_T"": -50.0, ""delta_T"": 2.0, ""v_reset"": -58.0}",2026-04-28T18:20:10.103470+00:00,0.6964204353658825,0.2768215439170436,0.41025252878534735,0.21000658389669724,0.8357424374101301,0.5056847145788376
tonic_061_nm_guarino,tonic,61,nm_guarino,1.0,9,9,0.6151100397109985,0.21877728402614594,0.21877728402614594,0.21877728402614594,training,50,0.5846209526062012,False,"{""C_m"": 107.19995127856714, ""g_L"": 13.67792297078, ""E_L"": -74.13544230390524, ""v_T"": -46.91606222240949, ""delta_T"": 19.094430939182953, ""v_reset"": -53.500605512268834}","{""C_m"": 105.41328542392435, ""g_L"": 13.66025981962489, ""E_L"": -75.78289657732536, ""v_T"": -47.958641382907494, ""delta_T"": 19.475060527927372, ""v_reset"": -51.122800822834655}","{""C_m"": 200.0, ""g_L"": 10.0, ""E_L"": -70.0, ""v_T"": -50.0, ""delta_T"": 2.0, ""v_reset"": -58.0}",2026-04-28T18:20:10.688221+00:00,0.41124658511337236,0.4575324774531113,0.12850881282945245,0.08165434468370023,0.9197400277856511,0.196491405061867
tonic_062_grad_guarino,tonic,62,grad_guarino,-0.5625,9,9,0.4480636715888977,0.9799454212188721,11.693554878234863,0.4480636715888977,warmstart,25,1.278930902481079,True,"{""C_m"": 107.19196377321094, ""g_L"": 11.534268828158368, ""E_L"": -67.05154881277853, ""v_T"": -53.99964479977635, ""delta_T"": 12.80034743697808, ""v_reset"": -72.19154450912443}","{""C_m"": 107.19196377321094, ""g_L"": 11.534268828158368, ""E_L"": -67.05154881277853, ""v_T"": -53.99964479977635, ""delta_T"": 12.80034743697808, ""v_reset"": -72.19154450912443}","{""C_m"": 200.0, ""g_L"": 10.0, ""E_L"": -70.0, ""v_T"": -50.0, ""delta_T"": 2.0, ""v_reset"": -58.0}",2026-04-28T18:20:11.967275+00:00,0.4035132009860394,0.19178360351979595,0.06552113749381035,0.15998579199105392,0.5684393387883201,0.4054727002606979
tonic_062_grad_vanrossum,tonic,62,grad_vanrossum,-1.0,9,599,6.1151323318481445,5.642972469329834,34780.71484375,5.642972469329834,training,2,1.3101439476013184,True,"{""C_m"": 81.04818291184355, ""g_L"": 12.171769036561269, ""E_L"": -79.26331413203947, ""v_T"": -45.067932925538905, ""delta_T"": 4.888322584632659, ""v_reset"": -54.255820538849754}","{""C_m"": 10.0, ""g_L"": 6.0, ""E_L"": -65.0, ""v_T"": -60.0, ""delta_T"": 1.0575674772262573, ""v_reset"": -60.268882751464844}","{""C_m"": 200.0, ""g_L"": 10.0, ""E_L"": -70.0, ""v_T"": -50.0, ""delta_T"": 2.0, ""v_reset"": -58.0}",2026-04-28T18:20:13.277539+00:00,0.8260869565217391,0.5,0.1111111111111111,0.4,0.04960171172493383,0.0648252214704241
tonic_062_nm_guarino,tonic,62,nm_guarino,-0.5625,9,9,0.4480636715888977,0.4122796952724457,0.4122796952724457,0.4122796952724457,training,50,0.5844788551330566,False,"{""C_m"": 107.19196377321094, ""g_L"": 11.534268828158368, ""E_L"": -67.05154881277853, ""v_T"": -53.99964479977635, ""delta_T"": 12.80034743697808, ""v_reset"": -72.19154450912443}","{""C_m"": 107.19196377321094, ""g_L"": 12.110982269566286, ""E_L"": -67.05154881277853, ""v_T"": -53.99964479977635, ""delta_T"": 12.80034743697808, ""v_reset"": -72.19154450912443}","{""C_m"": 200.0, ""g_L"": 10.0, ""E_L"": -70.0, ""v_T"": -50.0, ""delta_T"": 2.0, ""v_reset"": -58.0}",2026-04-28T18:20:13.862136+00:00,0.4035132009860394,0.2638727836957857,0.06552113749381035,0.15998579199105392,0.5684393387883201,0.4054727002606979
tonic_063_grad_guarino,tonic,63,grad_guarino,-0.5625,9,9,0.32106953859329224,0.7671944499015808,56.66575622558594,0.32106953859329224,warmstart,25,1.2983551025390625,True,"{""C_m"": 139.50794895220392, ""g_L"": 9.717705261708652, ""E_L"": -70.90278541098303, ""v_T"": -51.27925178432502, ""delta_T"": 1.0150454051398887, ""v_reset"": -72.11407836884877}","{""C_m"": 139.50794895220392, ""g_L"": 9.717705261708652, ""E_L"": -70.90278541098303, ""v_T"": -51.27925178432502, ""delta_T"": 1.0150454051398887, ""v_reset"": -72.11407836884877}","{""C_m"": 200.0, ""g_L"": 10.0, ""E_L"": -70.0, ""v_T"": -50.0, ""delta_T"": 2.0, ""v_reset"": -58.0}",2026-04-28T18:20:15.160608+00:00,0.2630089175991134,0.03528684228641854,0.020061898021845083,0.05117007137300078,0.05183971551895322,0.4032593819671076
tonic_063_grad_vanrossum,tonic,63,grad_vanrossum,-1.0,9,180,5.550081729888916,3.9279003143310547,3.9279003143310547,3.9279003143310547,training,1,1.3211100101470947,True,"{""C_m"": 133.06287022396288, ""g_L"": 8.48490586558211, ""E_L"": -80.16317771793031, ""v_T"": -57.203128798646006, ""delta_T"": 6.068056146444827, ""v_reset"": -64.67530036408431}","{""C_m"": 10.0, ""g_L"": 6.05303955078125, ""E_L"": -65.0, ""v_T"": -60.0, ""delta_T"": 1.0, ""v_reset"": -79.94194793701172}","{""C_m"": 200.0, ""g_L"": 10.0, ""E_L"": -70.0, ""v_T"": -50.0, ""delta_T"": 2.0, ""v_reset"": -58.0}",2026-04-28T18:20:16.482209+00:00,0.8260869565217391,0.49337005615234375,0.1111111111111111,0.4,0.05263157894736842,0.6269127982003349
tonic_063_nm_guarino,tonic,63,nm_guarino,-0.5625,9,9,0.32106953859329224,0.2794812023639679,0.2794812023639679,0.2794812023639679,training,50,0.5879087448120117,False,"{""C_m"": 139.50794895220392, ""g_L"": 9.717705261708652, ""E_L"": -70.90278541098303, ""v_T"": -51.27925178432502, ""delta_T"": 1.0150454051398887, ""v_reset"": -72.11407836884877}","{""C_m"": 144.23390515833964, ""g_L"": 9.766977306677818, ""E_L"": -70.71547423602375, ""v_T"": -51.38501576168419, ""delta_T"": 1.0201920278765204, ""v_reset"": -70.70263086886976}","{""C_m"": 200.0, ""g_L"": 10.0, ""E_L"": -70.0, ""v_T"": -50.0, ""delta_T"": 2.0, ""v_reset"": -58.0}",2026-04-28T18:20:17.070235+00:00,0.24246128192026245,0.029127836665272744,0.01589942746719449,0.05540063046736748,0.05156884063807787,0.36293231053913605
tonic_064_grad_guarino,tonic,64,grad_guarino,-0.38888888888888884,9,9,0.6857788562774658,0.6568087935447693,0.8948906660079956,0.6568087935447693,training,25,1.5231549739837646,True,"{""C_m"": 81.6201061218828, ""g_L"": 11.850247047616055, ""E_L"": -68.54506915075112, ""v_T"": -40.609538148612046, ""delta_T"": 16.066878817318628, ""v_reset"": -54.09983310353731}","{""C_m"": 81.57127380371094, ""g_L"": 11.850130081176758, ""E_L"": -68.54438018798828, ""v_T"": -40.61087417602539, ""delta_T"": 16.06740951538086, ""v_reset"": -54.09838104248047}","{""C_m"": 200.0, ""g_L"": 10.0, ""E_L"": -70.0, ""v_T"": -50.0, ""delta_T"": 2.0, ""v_reset"": -58.0}",2026-04-28T18:20:18.593560+00:00,0.5149075052012568,0.23126626014709473,0.03234710693359375,0.37556503295898436,0.7403899744937295,0.1114748273577009
tonic_064_grad_vanrossum,tonic,64,grad_vanrossum,0.14736842105263157,9,6,4.924689769744873,4.558067321777344,4.896852016448975,4.558067321777344,training,5,1.716291904449463,True,"{""C_m"": 185.19833276930106, ""g_L"": 9.253573267500473, ""E_L"": -69.22177952252314, ""v_T"": -45.03950214648256, ""delta_T"": 1.7806562821069845, ""v_reset"": -60.32316286962976}","{""C_m"": 185.91592407226562, ""g_L"": 9.254867553710938, ""E_L"": -69.21185302734375, ""v_T"": -44.865989685058594, ""delta_T"": 1.7860476970672607, ""v_reset"": -60.660499572753906}","{""C_m"": 200.0, ""g_L"": 10.0, ""E_L"": -70.0, ""v_T"": -50.0, ""delta_T"": 2.0, ""v_reset"": -58.0}",2026-04-28T18:20:20.310017+00:00,0.061235112729279895,0.09314155578613281,0.01751437717013889,0.20536041259765625,0.01126064752277575,0.07601427350725447
tonic_064_nm_guarino,tonic,64,nm_guarino,-0.04166666666666662,9,9,0.6857788562774658,0.6293403506278992,0.6293403506278992,0.6293403506278992,training,50,0.5863668918609619,False,"{""C_m"": 81.6201061218828, ""g_L"": 11.850247047616055, ""E_L"": -68.54506915075112, ""v_T"": -40.609538148612046, ""delta_T"": 16.066878817318628, ""v_reset"": -54.09983310353731}","{""C_m"": 81.6201061218828, ""g_L"": 12.442759399996858, ""E_L"": -68.54506915075112, ""v_T"": -40.609538148612046, ""delta_T"": 16.066878817318628, ""v_reset"": -54.09983310353731}","{""C_m"": 200.0, ""g_L"": 10.0, ""E_L"": -70.0, ""v_T"": -50.0, ""delta_T"": 2.0, ""v_reset"": -58.0}",2026-04-28T18:20:20.896499+00:00,0.5146951907744226,0.3053449249996072,0.03233179664997515,0.3756184740555182,0.7403620430167699,0.11143333989893409
tonic_065_grad_guarino,tonic,65,grad_guarino,-0.5625,9,9,0.5140055418014526,0.6161232590675354,11.581074714660645,0.5140055418014526,warmstart,25,1.2838551998138428,True,"{""C_m"": 164.90055279212405, ""g_L"": 8.294038238393775, ""E_L"": -71.41107403431623, ""v_T"": -52.94561473760358, ""delta_T"": 1.5964924904551632, ""v_reset"": -69.08647277396449}","{""C_m"": 164.90055279212405, ""g_L"": 8.294038238393775, ""E_L"": -71.41107403431623, ""v_T"": -52.94561473760358, ""delta_T"": 1.5964924904551632, ""v_reset"": -69.08647277396449}","{""C_m"": 200.0, ""g_L"": 10.0, ""E_L"": -70.0, ""v_T"": -50.0, ""delta_T"": 2.0, ""v_reset"": -58.0}",2026-04-28T18:20:22.180761+00:00,0.15260629220815633,0.21324522020077818,0.03135720076258287,0.1178245895041431,0.021237237344465098,0.31675636497041393
tonic_065_grad_vanrossum,tonic,65,grad_vanrossum,0.30555555555555564,9,9,4.704041004180908,4.720678329467773,13.000909805297852,4.704041004180908,warmstart,25,1.4613919258117676,True,"{""C_m"": 132.24270810330688, ""g_L"": 7.843179385376603, ""E_L"": -78.99783974525609, ""v_T"": -44.66527742846414, ""delta_T"": 1.9882815238102887, ""v_reset"": -52.21535606157842}","{""C_m"": 132.24270810330688, ""g_L"": 7.843179385376603, ""E_L"": -78.99783974525609, ""v_T"": -44.66527742846414, ""delta_T"": 1.9882815238102887, ""v_reset"": -52.21535606157842}","{""C_m"": 200.0, ""g_L"": 10.0, ""E_L"": -70.0, ""v_T"": -50.0, ""delta_T"": 2.0, ""v_reset"": -58.0}",2026-04-28T18:20:23.642270+00:00,0.29459692128997006,0.26960257682792466,0.19995199433902416,0.21338890286143453,0.0006167619047216492,0.16527554109775947
tonic_065_nm_guarino,tonic,65,nm_guarino,-0.5625,9,9,0.5140055418014526,0.4077449142932892,0.4077449142932892,0.4077449142932892,training,50,0.5788998603820801,False,"{""C_m"": 164.90055279212405, ""g_L"": 8.294038238393775, ""E_L"": -71.41107403431623, ""v_T"": -52.94561473760358, ""delta_T"": 1.5964924904551632, ""v_reset"": -69.08647277396449}","{""C_m"": 165.74721287701047, ""g_L"": 8.377859308345577, ""E_L"": -73.47203118699191, ""v_T"": -53.567188427281394, ""delta_T"": 1.6026465767598073, ""v_reset"": -68.06819171933452}","{""C_m"": 200.0, ""g_L"": 10.0, ""E_L"": -70.0, ""v_T"": -50.0, ""delta_T"": 2.0, ""v_reset"": -58.0}",2026-04-28T18:20:24.221303+00:00,0.14892516140430231,0.20276758645680282,0.07715624859982029,0.14268753709125576,0.0209133380652733,0.28766262055241487
tonic_066_grad_guarino,tonic,66,grad_guarino,-1.0,9,180,0.6573117971420288,0.5046567320823669,0.5046567320823669,0.5046567320823669,training,1,1.2728819847106934,True,"{""C_m"": 147.60025872249398, ""g_L"": 9.196368966904384, ""E_L"": -77.11201764284154, ""v_T"": -49.105269285521224, ""delta_T"": 3.820811804987713, ""v_reset"": -53.55576509729679}","{""C_m"": 10.0, ""g_L"": 6.0, ""E_L"": -65.0, ""v_T"": -60.0, ""delta_T"": 1.0, ""v_reset"": -80.0}","{""C_m"": 200.0, ""g_L"": 10.0, ""E_L"": -70.0, ""v_T"": -50.0, ""delta_T"": 2.0, ""v_reset"": -58.0}",2026-04-28T18:20:25.494300+00:00,0.8260869565217391,0.5,0.1111111111111111,0.4,0.05263157894736842,0.6285714285714286
tonic_066_grad_vanrossum,tonic,66,grad_vanrossum,0.0,9,0,4.516739368438721,3.5650877952575684,22.512113571166992,3.5650877952575684,training,25,1.4647598266601562,True,"{""C_m"": 147.60025872249398, ""g_L"": 9.196368966904384, ""E_L"": -77.11201764284154, ""v_T"": -49.105269285521224, ""delta_T"": 3.820811804987713, ""v_reset"": -53.55576509729679}","{""C_m"": 240.0, ""g_L"": 14.0, ""E_L"": -110.0, ""v_T"": -35.0, ""delta_T"": 20.0, ""v_reset"": -45.0}","{""C_m"": 200.0, ""g_L"": 10.0, ""E_L"": -70.0, ""v_T"": -50.0, ""delta_T"": 2.0, ""v_reset"": -58.0}",2026-04-28T18:20:26.959173+00:00,0.17391304347826086,0.5,0.8888888888888888,0.6,0.9473684210526315,0.37142857142857144
tonic_066_nm_guarino,tonic,66,nm_guarino,1.0,9,9,0.6573117971420288,0.4696764051914215,0.4696764051914215,0.4696764051914215,training,50,0.5920460224151611,False,"{""C_m"": 147.60025872249398, ""g_L"": 9.196368966904384, ""E_L"": -77.11201764284154, ""v_T"": -49.105269285521224, ""delta_T"": 3.820811804987713, ""v_reset"": -53.55576509729679}","{""C_m"": 149.1330061541328, ""g_L"": 9.187005621135336, ""E_L"": -74.8454428723681, ""v_T"": -49.19343578589958, ""delta_T"": 3.7588320023337096, ""v_reset"": -55.24424736302412}","{""C_m"": 200.0, ""g_L"": 10.0, ""E_L"": -70.0, ""v_T"": -50.0, ""delta_T"": 2.0, ""v_reset"": -58.0}",2026-04-28T18:20:27.551331+00:00,0.22116084280811826,0.10162429735808298,0.10767650827484658,0.03226256856401676,0.09257010538598472,0.07873578962788222
tonic_067_grad_guarino,tonic,67,grad_guarino,-0.5625,9,9,0.467214971780777,0.8163169622421265,1.0802310705184937,0.467214971780777,warmstart,25,1.3273122310638428,True,"{""C_m"": 97.39672341935207, ""g_L"": 10.586758750092027, ""E_L"": -67.0517400469442, ""v_T"": -45.30553728720952, ""delta_T"": 19.05498919091674, ""v_reset"": -57.82473777757886}","{""C_m"": 97.39672341935207, ""g_L"": 10.586758750092027, ""E_L"": -67.0517400469442, ""v_T"": -45.30553728720952, ""delta_T"": 19.05498919091674, ""v_reset"": -57.82473777757886}","{""C_m"": 200.0, ""g_L"": 10.0, ""E_L"": -70.0, ""v_T"": -50.0, ""delta_T"": 2.0, ""v_reset"": -58.0}",2026-04-28T18:20:28.878753+00:00,0.4461012025245562,0.07334484376150341,0.06551688784568437,0.18777850851161929,0.8976310100482494,0.005007492069175409
tonic_067_grad_vanrossum,tonic,67,grad_vanrossum,0.8858131487889275,9,8,4.861053943634033,5.071742534637451,5.071742534637451,4.861053943634033,warmstart,1,1.6311278343200684,True,"{""C_m"": 186.55351905317494, ""g_L"": 6.4921943710933405, ""E_L"": -92.26515741106525, ""v_T"": -53.4817386382376, ""delta_T"": 1.2447601394624632, ""v_reset"": -59.35412117007048}","{""C_m"": 186.55351905317494, ""g_L"": 6.4921943710933405, ""E_L"": -92.26515741106525, ""v_T"": -53.4817386382376, ""delta_T"": 1.2447601394624632, ""v_reset"": -59.35412117007048}","{""C_m"": 200.0, ""g_L"": 10.0, ""E_L"": -70.0, ""v_T"": -50.0, ""delta_T"": 2.0, ""v_reset"": -58.0}",2026-04-28T18:20:30.510822+00:00,0.05846296063836984,0.43847570361333243,0.4947812758014499,0.13926954552950405,0.039749466344080886,0.03868917628772794
tonic_067_nm_guarino,tonic,67,nm_guarino,-0.5625,9,9,0.467214971780777,0.467214971780777,0.467214971780777,0.467214971780777,warmstart,50,0.5875108242034912,False,"{""C_m"": 97.39672341935207, ""g_L"": 10.586758750092027, ""E_L"": -67.0517400469442, ""v_T"": -45.30553728720952, ""delta_T"": 19.05498919091674, ""v_reset"": -57.82473777757886}","{""C_m"": 97.39672341935207, ""g_L"": 10.586758750092027, ""E_L"": -67.0517400469442, ""v_T"": -45.30553728720952, ""delta_T"": 19.05498919091674, ""v_reset"": -57.82473777757886}","{""C_m"": 200.0, ""g_L"": 10.0, ""E_L"": -70.0, ""v_T"": -50.0, ""delta_T"": 2.0, ""v_reset"": -58.0}",2026-04-28T18:20:31.098455+00:00,0.4461012025245562,0.07334484376150341,0.06551688784568437,0.18777850851161929,0.8976310100482494,0.005007492069175409
tonic_068_grad_guarino,tonic,68,grad_guarino,-1.0,9,41,0.19569754600524902,0.19422657787799835,1141.716064453125,0.19422657787799835,training,25,1.3039119243621826,True,"{""C_m"": 151.24790148307434, ""g_L"": 8.462128382357388, ""E_L"": -79.6712257519045, ""v_T"": -53.700455020608615, ""delta_T"": 3.2459822048163227, ""v_reset"": -60.86462725907012}","{""C_m"": 69.61894226074219, ""g_L"": 8.066985130310059, ""E_L"": -70.70391082763672, ""v_T"": -56.999305725097656, ""delta_T"": 2.3776869773864746, ""v_reset"": -60.84877395629883}","{""C_m"": 200.0, ""g_L"": 10.0, ""E_L"": -70.0, ""v_T"": -50.0, ""delta_T"": 2.0, ""v_reset"": -58.0}",2026-04-28T18:20:32.402476+00:00,0.5668741640837296,0.24162685871124268,0.015642462836371527,0.2799722290039062,0.01987826196770919,0.08139354160853794
tonic_068_grad_vanrossum,tonic,68,grad_vanrossum,0.8263888888888888,9,9,3.0649142265319824,3.089783191680908,13.391496658325195,3.0649142265319824,warmstart,25,1.477552890777588,True,"{""C_m"": 151.24790148307434, ""g_L"": 8.462128382357388, ""E_L"": -79.6712257519045, ""v_T"": -53.700455020608615, ""delta_T"": 3.2459822048163227, ""v_reset"": -60.86462725907012}","{""C_m"": 151.24790148307434, ""g_L"": 8.462128382357388, ""E_L"": -79.6712257519045, ""v_T"": -53.700455020608615, ""delta_T"": 3.2459822048163227, ""v_reset"": -60.86462725907012}","{""C_m"": 200.0, ""g_L"": 10.0, ""E_L"": -70.0, ""v_T"": -50.0, ""delta_T"": 2.0, ""v_reset"": -58.0}",2026-04-28T18:20:33.880146+00:00,0.21196564572576373,0.19223395220532646,0.21491612782010003,0.1480182008243446,0.06557801077980646,0.08184649311628911
tonic_068_nm_guarino,tonic,68,nm_guarino,1.0,9,9,0.19569754600524902,0.1279137283563614,0.1279137283563614,0.1279137283563614,training,50,0.610936164855957,False,"{""C_m"": 151.24790148307434, ""g_L"": 8.462128382357388, ""E_L"": -79.6712257519045, ""v_T"": -53.700455020608615, ""delta_T"": 3.2459822048163227, ""v_reset"": -60.86462725907012}","{""C_m"": 141.6980628398752, ""g_L"": 8.656510291991435, ""E_L"": -80.86541628942601, ""v_T"": -54.03705480916561, ""delta_T"": 3.3205450324053967, ""v_reset"": -62.262736805652835}","{""C_m"": 200.0, ""g_L"": 10.0, ""E_L"": -70.0, ""v_T"": -50.0, ""delta_T"": 2.0, ""v_reset"": -58.0}",2026-04-28T18:20:34.491200+00:00,0.2534866833048904,0.16793621350107069,0.24145369532057795,0.16148219236662442,0.06950237012659982,0.12179248016150958
tonic_069_grad_guarino,tonic,69,grad_guarino,-0.5625,9,9,0.40512555837631226,0.8230595588684082,11.582311630249023,0.40512555837631226,warmstart,25,1.2854399681091309,True,"{""C_m"": 196.40804276573755, ""g_L"": 11.642382615079852, ""E_L"": -68.78639651479307, ""v_T"": -57.11664348890201, ""delta_T"": 1.534444203611666, ""v_reset"": -72.14005516882114}","{""C_m"": 196.40804276573755, ""g_L"": 11.642382615079852, ""E_L"": -68.78639651479307, ""v_T"": -57.11664348890201, ""delta_T"": 1.534444203611666, ""v_reset"": -72.14005516882114}","{""C_m"": 200.0, ""g_L"": 10.0, ""E_L"": -70.0, ""v_T"": -50.0, ""delta_T"": 2.0, ""v_reset"": -58.0}",2026-04-28T18:20:35.776756+00:00,0.015617205366358487,0.20529782688498144,0.02696896633793181,0.28466573955608027,0.024502936652017585,0.4040015762520324
tonic_069_grad_vanrossum,tonic,69,grad_vanrossum,-1.0,9,3790,5.085619926452637,5.075808048248291,1290638.25,5.075808048248291,training,3,1.3263649940490723,True,"{""C_m"": 67.46983707036354, ""g_L"": 9.193245387450148, ""E_L"": -91.50619023401917, ""v_T"": -53.36034118354947, ""delta_T"": 3.9286848576423865, ""v_reset"": -66.79151473251584}","{""C_m"": 10.000076293945312, ""g_L"": 6.0054755210876465, ""E_L"": -65.00008392333984, ""v_T"": -59.99958038330078, ""delta_T"": 1.185699462890625, ""v_reset"": -45.188758850097656}","{""C_m"": 200.0, ""g_L"": 10.0, ""E_L"": -70.0, ""v_T"": -50.0, ""delta_T"": 2.0, ""v_reset"": -58.0}",2026-04-28T18:20:37.103565+00:00,0.8260866248089335,0.4993155598640442,0.11110924614800347,0.39998321533203124,0.04285792300575658,0.36603546142578125
tonic_069_nm_guarino,tonic,69,nm_guarino,-0.5625,9,9,0.40512555837631226,0.2870844006538391,0.2870844006538391,0.2870844006538391,training,50,0.5872821807861328,False,"{""C_m"": 196.40804276573755, ""g_L"": 11.642382615079852, ""E_L"": -68.78639651479307, ""v_T"": -57.11664348890201, ""delta_T"": 1.534444203611666, ""v_reset"": -72.14005516882114}","{""C_m"": 204.17525868639035, ""g_L"": 11.100257536783001, ""E_L"": -70.35076991535266, ""v_T"": -58.035458365531696, ""delta_T"": 1.5255075280517136, ""v_reset"": -71.01950851799884}","{""C_m"": 200.0, ""g_L"": 10.0, ""E_L"": -70.0, ""v_T"": -50.0, ""delta_T"": 2.0, ""v_reset"": -58.0}",2026-04-28T18:20:37.690957+00:00,0.018153298636479784,0.13753219209787515,0.00779488700783683,0.32141833462126784,0.02497328799727823,0.37198595765710984
tonic_070_grad_guarino,tonic,70,grad_guarino,0.19377162629757788,9,8,0.46011587977409363,0.8595551252365112,11.671148300170898,0.46011587977409363,warmstart,25,1.2766318321228027,True,"{""C_m"": 148.05499789762646, ""g_L"": 7.07610424710618, ""E_L"": -74.41456652737678, ""v_T"": -59.124379217764236, ""delta_T"": 4.985387047619453, ""v_reset"": -73.45900324685793}","{""C_m"": 148.05499789762646, ""g_L"": 7.07610424710618, ""E_L"": -74.41456652737678, ""v_T"": -59.124379217764236, ""delta_T"": 4.985387047619453, ""v_reset"": -73.45900324685793}","{""C_m"": 200.0, ""g_L"": 10.0, ""E_L"": -70.0, ""v_T"": -50.0, ""delta_T"": 2.0, ""v_reset"": -58.0}",2026-04-28T18:20:38.967706+00:00,0.225847835227711,0.3654869691117275,0.09810147838615062,0.36497516871056945,0.15712563408523436,0.4416858070530838
tonic_070_grad_vanrossum,tonic,70,grad_vanrossum,-0.04166666666666662,9,9,5.419944763183594,6.733129024505615,13.474101066589355,5.419944763183594,warmstart,24,1.4969651699066162,True,"{""C_m"": 89.34166192454346, ""g_L"": 10.96772022318032, ""E_L"": -69.06679605691731, ""v_T"": -45.99459907958097, ""delta_T"": 12.210358002818143, ""v_reset"": -62.63307486060717}","{""C_m"": 89.34166192454346, ""g_L"": 10.96772022318032, ""E_L"": -69.06679605691731, ""v_T"": -45.99459907958097, ""delta_T"": 12.210358002818143, ""v_reset"": -62.63307486060717}","{""C_m"": 200.0, ""g_L"": 10.0, ""E_L"": -70.0, ""v_T"": -50.0, ""delta_T"": 2.0, ""v_reset"": -58.0}",2026-04-28T18:20:40.464780+00:00,0.4811232090237241,0.12096502789754005,0.020737865401837516,0.1602160368167611,0.5373872633062181,0.13237356744591905
tonic_070_nm_guarino,tonic,70,nm_guarino,-0.5625,9,9,0.46011587977409363,0.26579856872558594,0.26579856872558594,0.26579856872558594,training,50,0.599276065826416,False,"{""C_m"": 148.05499789762646, ""g_L"": 7.07610424710618, ""E_L"": -74.41456652737678, ""v_T"": -59.124379217764236, ""delta_T"": 4.985387047619453, ""v_reset"": -73.45900324685793}","{""C_m"": 151.34510896201814, ""g_L"": 7.233351008152985, ""E_L"": -73.17432375192051, ""v_T"": -59.513544009869, ""delta_T"": 5.09617342645544, ""v_reset"": -70.1941586581087}","{""C_m"": 200.0, ""g_L"": 10.0, ""E_L"": -70.0, ""v_T"": -50.0, ""delta_T"": 2.0, ""v_reset"": -58.0}",2026-04-28T18:20:41.064169+00:00,0.2115430045129646,0.3458311239808769,0.0705405278204558,0.38054176039476006,0.16295649612923369,0.34840453308882013
tonic_071_grad_guarino,tonic,71,grad_guarino,0.1319444444444445,9,9,0.4339046776294708,0.5555073618888855,0.7464426159858704,0.4339046776294708,warmstart,25,1.3665380477905273,True,"{""C_m"": 141.14906165547367, ""g_L"": 11.260209570966538, ""E_L"": -70.52925869766958, ""v_T"": -51.93678407581105, ""delta_T"": 19.728976141367877, ""v_reset"": -50.41361591841804}","{""C_m"": 141.14906165547367, ""g_L"": 11.260209570966538, ""E_L"": -70.52925869766958, ""v_T"": -51.93678407581105, ""delta_T"": 19.728976141367877, ""v_reset"": -50.41361591841804}","{""C_m"": 200.0, ""g_L"": 10.0, ""E_L"": -70.0, ""v_T"": -50.0, ""delta_T"": 2.0, ""v_reset"": -58.0}",2026-04-28T18:20:42.430821+00:00,0.2558736449762014,0.15752619637081722,0.011761304392657242,0.0774713630324419,0.9331040074404146,0.21675383090234177
tonic_071_grad_vanrossum,tonic,71,grad_vanrossum,1.0,9,9,5.625870227813721,5.320173740386963,5.350905895233154,5.320173740386963,training,25,1.4583351612091064,True,"{""C_m"": 141.14906165547367, ""g_L"": 11.260209570966538, ""E_L"": -70.52925869766958, ""v_T"": -51.93678407581105, ""delta_T"": 19.728976141367877, ""v_reset"": -50.41361591841804}","{""C_m"": 143.86907958984375, ""g_L"": 11.260967254638672, ""E_L"": -70.6636962890625, ""v_T"": -51.859825134277344, ""delta_T"": 19.728469848632812, ""v_reset"": -50.56121063232422}","{""C_m"": 200.0, ""g_L"": 10.0, ""E_L"": -70.0, ""v_T"": -50.0, ""delta_T"": 2.0, ""v_reset"": -58.0}",2026-04-28T18:20:43.889655+00:00,0.2440474800441576,0.15762090682983398,0.014748806423611111,0.07439300537109375,0.9330773604543585,0.2125368390764509
tonic_071_nm_guarino,tonic,71,nm_guarino,0.1319444444444445,9,9,0.4339046776294708,0.3517480492591858,0.3517480492591858,0.3517480492591858,training,50,0.5845739841461182,False,"{""C_m"": 141.14906165547367, ""g_L"": 11.260209570966538, ""E_L"": -70.52925869766958, ""v_T"": -51.93678407581105, ""delta_T"": 19.728976141367877, ""v_reset"": -50.41361591841804}","{""C_m"": 142.12145741476894, ""g_L"": 11.156778678762567, ""E_L"": -70.81548383772628, ""v_T"": -53.120631691138215, ""delta_T"": 19.810617252796877, ""v_reset"": -51.85228878740581}","{""C_m"": 200.0, ""g_L"": 10.0, ""E_L"": -70.0, ""v_T"": -50.0, ""delta_T"": 2.0, ""v_reset"": -58.0}",2026-04-28T18:20:44.474344+00:00,0.25164583732709156,0.1445973348453209,0.01812186306058392,0.12482526764552858,0.9374009080419409,0.1756488917884054
tonic_072_grad_guarino,tonic,72,grad_guarino,0.020761245674740504,9,8,0.5342457890510559,0.9526370167732239,1.2134335041046143,0.5342457890510559,warmstart,25,1.3074069023132324,True,"{""C_m"": 168.27194692926886, ""g_L"": 11.202785448348521, ""E_L"": -68.59395513162924, ""v_T"": -59.52256257637169, ""delta_T"": 19.133138355190876, ""v_reset"": -61.08621144055805}","{""C_m"": 168.27194692926886, ""g_L"": 11.202785448348521, ""E_L"": -68.59395513162924, ""v_T"": -59.52256257637169, ""delta_T"": 19.133138355190876, ""v_reset"": -61.08621144055805}","{""C_m"": 200.0, ""g_L"": 10.0, ""E_L"": -70.0, ""v_T"": -50.0, ""delta_T"": 2.0, ""v_reset"": -58.0}",2026-04-28T18:20:45.781871+00:00,0.1379480568292658,0.15034818104356518,0.031245441519350138,0.3809025030548676,0.9017441239574145,0.08817746973023008
tonic_072_grad_vanrossum,tonic,72,grad_vanrossum,0.25694444444444436,9,7,5.133403301239014,5.231860637664795,5.231860637664795,5.133403301239014,warmstart,1,1.3365046977996826,True,"{""C_m"": 111.36402279173349, ""g_L"": 10.728582079724848, ""E_L"": -85.5633506179659, ""v_T"": -49.83977080038717, ""delta_T"": 4.695708213306453, ""v_reset"": -52.51588480371669}","{""C_m"": 111.36402279173349, ""g_L"": 10.728582079724848, ""E_L"": -85.5633506179659, ""v_T"": -49.83977080038717, ""delta_T"": 4.695708213306453, ""v_reset"": -52.51588480371669}","{""C_m"": 200.0, ""g_L"": 10.0, ""E_L"": -70.0, ""v_T"": -50.0, ""delta_T"": 2.0, ""v_reset"": -58.0}",2026-04-28T18:20:47.118505+00:00,0.38537381394898484,0.09107275996560604,0.3458522359547977,0.006409167984513147,0.14187937964770805,0.15668900560809465
tonic_072_nm_guarino,tonic,72,nm_guarino,-0.5625,9,9,0.5342457890510559,0.251446008682251,0.251446008682251,0.251446008682251,training,50,0.5890779495239258,False,"{""C_m"": 168.27194692926886, ""g_L"": 11.202785448348521, ""E_L"": -68.59395513162924, ""v_T"": -59.52256257637169, ""delta_T"": 19.133138355190876, ""v_reset"": -61.08621144055805}","{""C_m"": 164.53257033084068, ""g_L"": 11.534719832003294, ""E_L"": -67.95882591744747, ""v_T"": -59.805488457040305, ""delta_T"": 19.59362213110715, ""v_reset"": -58.82375916498182}","{""C_m"": 200.0, ""g_L"": 10.0, ""E_L"": -70.0, ""v_T"": -50.0, ""delta_T"": 2.0, ""v_reset"": -58.0}",2026-04-28T18:20:47.707709+00:00,0.1542062159528666,0.19183997900041172,0.045359424056722886,0.3922195382816122,0.9259801121635342,0.023535976142337794
tonic_073_grad_guarino,tonic,73,grad_guarino,0.24561403508771928,9,10,0.8208658695220947,1.0247877836227417,11.606181144714355,0.8208658695220947,warmstart,25,1.3094127178192139,True,"{""C_m"": 89.43321836698087, ""g_L"": 10.664854208347766, ""E_L"": -67.84999490906037, ""v_T"": -40.21404131240953, ""delta_T"": 6.83343145237981, ""v_reset"": -48.967801626706375}","{""C_m"": 89.43321836698087, ""g_L"": 10.664854208347766, ""E_L"": -67.84999490906037, ""v_T"": -40.21404131240953, ""delta_T"": 6.83343145237981, ""v_reset"": -48.967801626706375}","{""C_m"": 200.0, ""g_L"": 10.0, ""E_L"": -70.0, ""v_T"": -50.0, ""delta_T"": 2.0, ""v_reset"": -58.0}",2026-04-28T18:20:49.017233+00:00,0.4807251375348658,0.08310677604347072,0.04777789090976954,0.3914383475036189,0.25439112907262157,0.2580628106655321
tonic_073_grad_vanrossum,tonic,73,grad_vanrossum,-0.21527777777777773,9,9,5.572962760925293,7.558719635009766,1290638.625,5.572962760925293,warmstart,25,1.486067771911621,True,"{""C_m"": 92.69558345171086, ""g_L"": 6.523157449514546, ""E_L"": -107.6466572903552, ""v_T"": -55.5954992405013, ""delta_T"": 7.6826374983317045, ""v_reset"": -52.002903331861084}","{""C_m"": 92.69558345171086, ""g_L"": 6.523157449514546, ""E_L"": -107.6466572903552, ""v_T"": -55.5954992405013, ""delta_T"": 7.6826374983317045, ""v_reset"": -52.002903331861084}","{""C_m"": 200.0, ""g_L"": 10.0, ""E_L"": -70.0, ""v_T"": -50.0, ""delta_T"": 2.0, ""v_reset"": -58.0}",2026-04-28T18:20:50.503731+00:00,0.4665409415143006,0.43460531881068176,0.8365923842301154,0.2238199696200519,0.2990861841227213,0.1713456190896833
tonic_073_nm_guarino,tonic,73,nm_guarino,0.47916666666666674,9,9,0.8208658695220947,0.29613196849823,0.29613196849823,0.29613196849823,training,50,0.6238279342651367,False,"{""C_m"": 89.43321836698087, ""g_L"": 10.664854208347766, ""E_L"": -67.84999490906037, ""v_T"": -40.21404131240953, ""delta_T"": 6.83343145237981, ""v_reset"": -48.967801626706375}","{""C_m"": 91.02038196454306, ""g_L"": 10.350504338935043, ""E_L"": -69.05412290513165, ""v_T"": -39.84168907803536, ""delta_T"": 6.9547037698217355, ""v_reset"": -49.8368289703902}","{""C_m"": 200.0, ""g_L"": 10.0, ""E_L"": -70.0, ""v_T"": -50.0, ""delta_T"": 2.0, ""v_reset"": -58.0}",2026-04-28T18:20:51.127666+00:00,0.4738244262411171,0.04381304236688033,0.021019490997074463,0.40633243687858567,0.2607738826221966,0.2332334579888514
tonic_074_grad_guarino,tonic,74,grad_guarino,0.19377162629757788,9,8,0.5780693888664246,0.8090183138847351,5.315695762634277,0.5780693888664246,warmstart,25,1.408426284790039,True,"{""C_m"": 143.35335568064565, ""g_L"": 8.67476929532737, ""E_L"": -70.8586548641595, ""v_T"": -57.56609319767934, ""delta_T"": 14.796413205128779, ""v_reset"": -61.766837624541274}","{""C_m"": 143.35335568064565, ""g_L"": 8.67476929532737, ""E_L"": -70.8586548641595, ""v_T"": -57.56609319767934, ""delta_T"": 14.796413205128779, ""v_reset"": -61.766837624541274}","{""C_m"": 200.0, ""g_L"": 10.0, ""E_L"": -70.0, ""v_T"": -50.0, ""delta_T"": 2.0, ""v_reset"": -58.0}",2026-04-28T18:20:52.536206+00:00,0.2462897579102363,0.16565383808407885,0.019081219203544542,0.30264372790717375,0.6734954318488832,0.1076239321297507
tonic_074_grad_vanrossum,tonic,74,grad_vanrossum,-0.075,9,1,5.5640974044799805,5.539575576782227,12.90237808227539,5.539575576782227,training,25,1.465346097946167,True,"{""C_m"": 72.95622581413475, ""g_L"": 6.30309773978367, ""E_L"": -90.200243571991, ""v_T"": -45.47097672475136, ""delta_T"": 6.432245703269067, ""v_reset"": -62.36791391984332}","{""C_m"": 177.0234832763672, ""g_L"": 6.3282470703125, ""E_L"": -98.89186096191406, ""v_T"": -40.63737487792969, ""delta_T"": 8.371601104736328, ""v_reset"": -65.64312744140625}","{""C_m"": 200.0, ""g_L"": 10.0, ""E_L"": -70.0, ""v_T"": -50.0, ""delta_T"": 2.0, ""v_reset"": -58.0}",2026-04-28T18:20:54.001669+00:00,0.09989789879840354,0.4589691162109375,0.6420413547092014,0.3745050048828125,0.3353474265650699,0.21837506975446427
tonic_074_nm_guarino,tonic,74,nm_guarino,-0.5625,9,9,0.5780693888664246,0.07267341762781143,0.07267341762781143,0.07267341762781143,training,50,0.5834901332855225,False,"{""C_m"": 143.35335568064565, ""g_L"": 8.67476929532737, ""E_L"": -70.8586548641595, ""v_T"": -57.56609319767934, ""delta_T"": 14.796413205128779, ""v_reset"": -61.766837624541274}","{""C_m"": 143.35335568064565, ""g_L"": 8.67476929532737, ""E_L"": -70.8586548641595, ""v_T"": -60.0, ""delta_T"": 14.796413205128779, ""v_reset"": -61.766837624541274}","{""C_m"": 200.0, ""g_L"": 10.0, ""E_L"": -70.0, ""v_T"": -50.0, ""delta_T"": 2.0, ""v_reset"": -58.0}",2026-04-28T18:20:54.585267+00:00,0.2462897579102363,0.16565383808407885,0.019081219203544542,0.4,0.6734954318488832,0.1076239321297507
tonic_075_grad_guarino,tonic,75,grad_guarino,0.6527777777777778,9,9,0.1848885715007782,0.45099449157714844,0.9629194736480713,0.1848885715007782,warmstart,2,1.2628190517425537,True,"{""C_m"": 91.37754850832751, ""g_L"": 12.331167398097001, ""E_L"": -72.49413062437897, ""v_T"": -44.96718083482456, ""delta_T"": 13.72858346130185, ""v_reset"": -52.51607934515388}","{""C_m"": 91.37754850832751, ""g_L"": 12.331167398097001, ""E_L"": -72.49413062437897, ""v_T"": -44.96718083482456, ""delta_T"": 13.72858346130185, ""v_reset"": -52.51607934515388}","{""C_m"": 200.0, ""g_L"": 10.0, ""E_L"": -70.0, ""v_T"": -50.0, ""delta_T"": 2.0, ""v_reset"": -58.0}",2026-04-28T18:20:55.848554+00:00,0.472271528224663,0.29139592476212517,0.055425124986199295,0.20131276660701758,0.6172938663843079,0.1566834472813178
tonic_075_grad_vanrossum,tonic,75,grad_vanrossum,-0.5625,9,9,4.106944561004639,7.956901550292969,8.75777816772461,4.106944561004639,warmstart,25,1.4677860736846924,True,"{""C_m"": 153.86134635336532, ""g_L"": 13.203852429226359, ""E_L"": -67.05066217881772, ""v_T"": -58.499058415309875, ""delta_T"": 19.034286783831142, ""v_reset"": -63.71450960470891}","{""C_m"": 153.86134635336532, ""g_L"": 13.203852429226359, ""E_L"": -67.05066217881772, ""v_T"": -58.499058415309875, ""delta_T"": 19.034286783831142, ""v_reset"": -63.71450960470891}","{""C_m"": 200.0, ""g_L"": 10.0, ""E_L"": -70.0, ""v_T"": -50.0, ""delta_T"": 2.0, ""v_reset"": -58.0}",2026-04-28T18:20:57.316456+00:00,0.2006028419418899,0.40048155365329485,0.0655408404707174,0.339962336612395,0.8965414096753233,0.1632717029916831
tonic_075_nm_guarino,tonic,75,nm_guarino,0.6527777777777778,9,9,0.1848885715007782,0.1848885715007782,0.1848885715007782,0.1848885715007782,warmstart,50,0.5907220840454102,False,"{""C_m"": 91.37754850832751, ""g_L"": 12.331167398097001, ""E_L"": -72.49413062437897, ""v_T"": -44.96718083482456, ""delta_T"": 13.72858346130185, ""v_reset"": -52.51607934515388}","{""C_m"": 91.37754850832751, ""g_L"": 12.331167398097001, ""E_L"": -72.49413062437897, ""v_T"": -44.96718083482456, ""delta_T"": 13.72858346130185, ""v_reset"": -52.51607934515388}","{""C_m"": 200.0, ""g_L"": 10.0, ""E_L"": -70.0, ""v_T"": -50.0, ""delta_T"": 2.0, ""v_reset"": -58.0}",2026-04-28T18:20:57.907286+00:00,0.472271528224663,0.29139592476212517,0.055425124986199295,0.20131276660701758,0.6172938663843079,0.1566834472813178
tonic_076_grad_guarino,tonic,76,grad_guarino,1.0,9,9,0.5900922417640686,0.6407005190849304,11.600348472595215,0.5900922417640686,warmstart,25,1.2855217456817627,True,"{""C_m"": 114.61701673608165, ""g_L"": 13.281137196907295, ""E_L"": -76.11567669664396, ""v_T"": -51.814714948021425, ""delta_T"": 4.475069515199193, ""v_reset"": -60.255197427725875}","{""C_m"": 114.61701673608165, ""g_L"": 13.281137196907295, ""E_L"": -76.11567669664396, ""v_T"": -51.814714948021425, ""delta_T"": 4.475069515199193, ""v_reset"": -60.255197427725875}","{""C_m"": 200.0, ""g_L"": 10.0, ""E_L"": -70.0, ""v_T"": -50.0, ""delta_T"": 2.0, ""v_reset"": -58.0}",2026-04-28T18:20:59.192922+00:00,0.3712303620170363,0.4101421496134119,0.13590392659208797,0.072588597920857,0.1302668165894312,0.06443421222073929
tonic_076_grad_vanrossum,tonic,76,grad_vanrossum,0.6041666666666665,9,7,5.177186489105225,5.180405616760254,25.717571258544922,5.177186489105225,warmstart,25,1.4608709812164307,True,"{""C_m"": 45.30615586570178, ""g_L"": 10.348087063505535, ""E_L"": -102.59369240868762, ""v_T"": -55.30798100962953, ""delta_T"": 12.92621781435898, ""v_reset"": -57.0860176316177}","{""C_m"": 45.30615586570178, ""g_L"": 10.348087063505535, ""E_L"": -102.59369240868762, ""v_T"": -55.30798100962953, ""delta_T"": 12.92621781435898, ""v_reset"": -57.0860176316177}","{""C_m"": 200.0, ""g_L"": 10.0, ""E_L"": -70.0, ""v_T"": -50.0, ""delta_T"": 2.0, ""v_reset"": -58.0}",2026-04-28T18:21:00.653918+00:00,0.6725819310186879,0.04351088293819183,0.7243042757486137,0.21231924038518116,0.5750640954925779,0.026113781953779988
tonic_076_nm_guarino,tonic,76,nm_guarino,-0.5625,9,9,0.5900922417640686,0.20534639060497284,0.20534639060497284,0.20534639060497284,training,50,0.583895206451416,False,"{""C_m"": 114.61701673608165, ""g_L"": 13.281137196907295, ""E_L"": -76.11567669664396, ""v_T"": -51.814714948021425, ""delta_T"": 4.475069515199193, ""v_reset"": -60.255197427725875}","{""C_m"": 112.70328366763096, ""g_L"": 13.854841521792853, ""E_L"": -75.3938706856368, ""v_T"": -52.89334387722461, ""delta_T"": 4.461199625822381, ""v_reset"": -61.9692680414613}","{""C_m"": 200.0, ""g_L"": 10.0, ""E_L"": -70.0, ""v_T"": -50.0, ""delta_T"": 2.0, ""v_reset"": -58.0}",2026-04-28T18:21:01.238061+00:00,0.3795509405755176,0.4818551902241066,0.11986379301415108,0.11573375508898437,0.12953682241170428,0.11340765832746566
tonic_077_grad_guarino,tonic,77,grad_guarino,-0.2807017543859649,9,10,0.3490181565284729,1.267415165901184,59.59507751464844,0.3490181565284729,warmstart,25,1.333127737045288,True,"{""C_m"": 128.34864999064158, ""g_L"": 10.71682492906978, ""E_L"": -66.86998926638255, ""v_T"": -54.36235640350469, ""delta_T"": 9.339857293511418, ""v_reset"": -65.22589416877457}","{""C_m"": 128.34864999064158, ""g_L"": 10.71682492906978, ""E_L"": -66.86998926638255, ""v_T"": -54.36235640350469, ""delta_T"": 9.339857293511418, ""v_reset"": -65.22589416877457}","{""C_m"": 200.0, ""g_L"": 10.0, ""E_L"": -70.0, ""v_T"": -50.0, ""delta_T"": 2.0, ""v_reset"": -58.0}",2026-04-28T18:21:02.571304+00:00,0.311527608736341,0.08960311613372252,0.06955579408038785,0.17449425614018765,0.3863082786058641,0.20645411910784495
tonic_077_grad_vanrossum,tonic,77,grad_vanrossum,0.30555555555555564,9,9,5.2947893142700195,6.011629581451416,14.108305931091309,5.2947893142700195,warmstart,25,1.6241810321807861,True,"{""C_m"": 76.55011321001639, ""g_L"": 9.881367864360083, ""E_L"": -77.09961131188156, ""v_T"": -45.05272238514431, ""delta_T"": 13.73413552525647, ""v_reset"": -56.051194414567654}","{""C_m"": 76.55011321001639, ""g_L"": 9.881367864360083, ""E_L"": -77.09961131188156, ""v_T"": -45.05272238514431, ""delta_T"": 13.73413552525647, ""v_reset"": -56.051194414567654}","{""C_m"": 200.0, ""g_L"": 10.0, ""E_L"": -70.0, ""v_T"": -50.0, ""delta_T"": 2.0, ""v_reset"": -58.0}",2026-04-28T18:21:04.195597+00:00,0.53673863821732,0.014829016954989616,0.15776914026403466,0.19789110459422773,0.6175860802766563,0.05568015958378132
tonic_077_nm_guarino,tonic,77,nm_guarino,-0.5625,9,9,0.3490181565284729,0.1411694884300232,0.1411694884300232,0.1411694884300232,training,50,0.5849180221557617,False,"{""C_m"": 128.34864999064158, ""g_L"": 10.71682492906978, ""E_L"": -66.86998926638255, ""v_T"": -54.36235640350469, ""delta_T"": 9.339857293511418, ""v_reset"": -65.22589416877457}","{""C_m"": 124.32494744526973, ""g_L"": 10.975636720713151, ""E_L"": -68.48490243737785, ""v_T"": -53.677389469968304, ""delta_T"": 9.565415256417962, ""v_reset"": -65.05302156546423}","{""C_m"": 200.0, ""g_L"": 10.0, ""E_L"": -70.0, ""v_T"": -50.0, ""delta_T"": 2.0, ""v_reset"": -58.0}",2026-04-28T18:21:04.780632+00:00,0.32902196762926206,0.12195459008914389,0.033668834724936564,0.14709557879873217,0.39817975033778746,0.20151490187040672
tonic_078_grad_guarino,tonic,78,grad_guarino,-0.5625,9,9,0.9332536458969116,0.8524936437606812,1.1393972635269165,0.8524936437606812,training,25,1.3327782154083252,True,"{""C_m"": 61.568664116041845, ""g_L"": 9.348510565727942, ""E_L"": -73.19410484850472, ""v_T"": -39.067826620224885, ""delta_T"": 15.94348913494369, ""v_reset"": -59.76578424742944}","{""C_m"": 61.51152801513672, ""g_L"": 9.348312377929688, ""E_L"": -73.19110870361328, ""v_T"": -39.06903076171875, ""delta_T"": 15.943540573120117, ""v_reset"": -59.764129638671875}","{""C_m"": 200.0, ""g_L"": 10.0, ""E_L"": -70.0, ""v_T"": -50.0, ""delta_T"": 2.0, ""v_reset"": -58.0}",2026-04-28T18:21:06.113525+00:00,0.602123791238536,0.08146095275878906,0.0709135267469618,0.43723876953125,0.7338705564800062,0.05040370396205357
tonic_078_grad_vanrossum,tonic,78,grad_vanrossum,-0.09027777777777786,9,7,5.0658979415893555,5.288040637969971,5.288040637969971,5.0658979415893555,warmstart,1,1.359503984451294,True,"{""C_m"": 45.33654555772788, ""g_L"": 13.02042746853029, ""E_L"": -83.04099363082827, ""v_T"": -47.29081649942095, ""delta_T"": 4.842879115287287, ""v_reset"": -54.47544963903788}","{""C_m"": 45.33654555772788, ""g_L"": 13.02042746853029, ""E_L"": -83.04099363082827, ""v_T"": -47.29081649942095, ""delta_T"": 4.842879115287287, ""v_reset"": -54.47544963903788}","{""C_m"": 200.0, ""g_L"": 10.0, ""E_L"": -70.0, ""v_T"": -50.0, ""delta_T"": 2.0, ""v_reset"": -58.0}",2026-04-28T18:21:07.473157+00:00,0.6724498019229223,0.37755343356628623,0.2897998584628504,0.10836734002316206,0.14962521659406774,0.1007014388846319
tonic_078_nm_guarino,tonic,78,nm_guarino,-0.04166666666666662,9,9,0.9332536458969116,0.6588377356529236,0.6588377356529236,0.6588377356529236,training,50,0.5889759063720703,False,"{""C_m"": 61.568664116041845, ""g_L"": 9.348510565727942, ""E_L"": -73.19410484850472, ""v_T"": -39.067826620224885, ""delta_T"": 15.94348913494369, ""v_reset"": -59.76578424742944}","{""C_m"": 61.568664116041845, ""g_L"": 9.58144188287169, ""E_L"": -73.19410484850472, ""v_T"": -39.067826620224885, ""delta_T"": 15.94348913494369, ""v_reset"": -61.264924707493876}","{""C_m"": 200.0, ""g_L"": 10.0, ""E_L"": -70.0, ""v_T"": -50.0, ""delta_T"": 2.0, ""v_reset"": -58.0}",2026-04-28T18:21:08.062621+00:00,0.6018753734085137,0.05231976464103871,0.07098010774454938,0.4372869351910046,0.7338678492075627,0.09328356307125359
tonic_079_grad_guarino,tonic,79,grad_guarino,0.020761245674740504,9,8,0.63693767786026,0.8541317582130432,0.8541317582130432,0.63693767786026,warmstart,1,1.2795913219451904,True,"{""C_m"": 133.2646361078115, ""g_L"": 7.206659352796518, ""E_L"": -66.17503579394136, ""v_T"": -47.701250817012046, ""delta_T"": 4.157678335821494, ""v_reset"": -67.64439695906638}","{""C_m"": 133.2646361078115, ""g_L"": 7.206659352796518, ""E_L"": -66.17503579394136, ""v_T"": -47.701250817012046, ""delta_T"": 4.157678335821494, ""v_reset"": -67.64439695906638}","{""C_m"": 200.0, ""g_L"": 10.0, ""E_L"": -70.0, ""v_T"": -50.0, ""delta_T"": 2.0, ""v_reset"": -58.0}",2026-04-28T18:21:09.342337+00:00,0.2901537560529935,0.3491675809004352,0.08499920457908085,0.09194996731951818,0.11356201767481547,0.2755541988304681
tonic_079_grad_vanrossum,tonic,79,grad_vanrossum,0.0,9,0,5.629528045654297,4.937326431274414,21.72003173828125,4.937326431274414,training,25,1.4644429683685303,True,"{""C_m"": 140.16149243480947, ""g_L"": 11.265154814048024, ""E_L"": -68.78238905950369, ""v_T"": -48.958156159062334, ""delta_T"": 6.839830464998366, ""v_reset"": -60.39740646158691}","{""C_m"": 240.0, ""g_L"": 14.0, ""E_L"": -110.0, ""v_T"": -35.0, ""delta_T"": 20.0, ""v_reset"": -45.0}","{""C_m"": 200.0, ""g_L"": 10.0, ""E_L"": -70.0, ""v_T"": -50.0, ""delta_T"": 2.0, ""v_reset"": -58.0}",2026-04-28T18:21:10.806889+00:00,0.17391304347826086,0.5,0.8888888888888888,0.6,0.9473684210526315,0.37142857142857144
tonic_079_nm_guarino,tonic,79,nm_guarino,-0.5625,9,9,0.63693767786026,0.15841233730316162,0.15841233730316162,0.15841233730316162,training,50,0.5854940414428711,False,"{""C_m"": 133.2646361078115, ""g_L"": 7.206659352796518, ""E_L"": -66.17503579394136, ""v_T"": -47.701250817012046, ""delta_T"": 4.157678335821494, ""v_reset"": -67.64439695906638}","{""C_m"": 130.8653242437305, ""g_L"": 7.379658719976133, ""E_L"": -66.01593317201603, ""v_T"": -49.17760125810784, ""delta_T"": 4.25748542893106, ""v_reset"": -65.22314046640435}","{""C_m"": 200.0, ""g_L"": 10.0, ""E_L"": -70.0, ""v_T"": -50.0, ""delta_T"": 2.0, ""v_reset"": -58.0}",2026-04-28T18:21:11.392497+00:00,0.30058554676638916,0.3275426600029834,0.0885348183996437,0.03289594967568633,0.11881502257531897,0.206375441897267
tonic_080_grad_guarino,tonic,80,grad_guarino,0.24561403508771928,9,10,0.6453956365585327,0.8872645497322083,1141.60205078125,0.6453956365585327,warmstart,25,1.2850031852722168,True,"{""C_m"": 86.46930582770699, ""g_L"": 13.6779760688713, ""E_L"": -81.09089673000575, ""v_T"": -55.55499872142515, ""delta_T"": 13.661209568222263, ""v_reset"": -62.48887702758601}","{""C_m"": 86.46930582770699, ""g_L"": 13.6779760688713, ""E_L"": -81.09089673000575, ""v_T"": -55.55499872142515, ""delta_T"": 13.661209568222263, ""v_reset"": -62.48887702758601}","{""C_m"": 200.0, ""g_L"": 10.0, ""E_L"": -70.0, ""v_T"": -50.0, ""delta_T"": 2.0, ""v_reset"": -58.0}",2026-04-28T18:21:12.677614+00:00,0.4936117137925783,0.4597470086089126,0.24646437177790562,0.222199948857006,0.6137478720116981,0.1282536293596002
tonic_080_grad_vanrossum,tonic,80,grad_vanrossum,0.0,9,0,6.050046920776367,5.252687931060791,23.87975311279297,5.252687931060791,training,25,1.5068390369415283,True,"{""C_m"": 86.46930582770699, ""g_L"": 13.6779760688713, ""E_L"": -81.09089673000575, ""v_T"": -55.55499872142515, ""delta_T"": 13.661209568222263, ""v_reset"": -62.48887702758601}","{""C_m"": 240.0, ""g_L"": 14.0, ""E_L"": -110.0, ""v_T"": -35.0, ""delta_T"": 1.0, ""v_reset"": -80.0}","{""C_m"": 200.0, ""g_L"": 10.0, ""E_L"": -70.0, ""v_T"": -50.0, ""delta_T"": 2.0, ""v_reset"": -58.0}",2026-04-28T18:21:14.184569+00:00,0.17391304347826086,0.5,0.8888888888888888,0.6,0.05263157894736842,0.6285714285714286
tonic_080_nm_guarino,tonic,80,nm_guarino,-0.5625,9,9,0.6453956365585327,0.18797211349010468,0.18797211349010468,0.18797211349010468,training,50,0.5782101154327393,False,"{""C_m"": 86.46930582770699, ""g_L"": 13.6779760688713, ""E_L"": -81.09089673000575, ""v_T"": -55.55499872142515, ""delta_T"": 13.661209568222263, ""v_reset"": -62.48887702758601}","{""C_m"": 87.30394827983972, ""g_L"": 13.678653478856493, ""E_L"": -81.87362424521476, ""v_T"": -55.275219762513316, ""delta_T"": 13.228737048603001, ""v_reset"": -63.612789732147775}","{""C_m"": 200.0, ""g_L"": 10.0, ""E_L"": -70.0, ""v_T"": -50.0, ""delta_T"": 2.0, ""v_reset"": -58.0}",2026-04-28T18:21:14.763230+00:00,0.48998283356591427,0.4598316848570616,0.26385831656032793,0.21100879050053264,0.5909861604527895,0.16036542091850783
tonic_081_grad_guarino,tonic,81,grad_guarino,0.18571428571428572,9,11,0.4209979474544525,0.17496386170387268,11.424298286437988,0.17496386170387268,training,25,1.4706108570098877,True,"{""C_m"": 178.5735703137202, ""g_L"": 8.253258726573334, ""E_L"": -76.43081224252963, ""v_T"": -55.59876218420132, ""delta_T"": 3.3303280498709857, ""v_reset"": -62.29693908545986}","{""C_m"": 162.0498504638672, ""g_L"": 8.190017700195312, ""E_L"": -73.9903793334961, ""v_T"": -56.29643630981445, ""delta_T"": 2.9885880947113037, ""v_reset"": -63.2994499206543}","{""C_m"": 200.0, ""g_L"": 10.0, ""E_L"": -70.0, ""v_T"": -50.0, ""delta_T"": 2.0, ""v_reset"": -58.0}",2026-04-28T18:21:16.233954+00:00,0.1650006501570992,0.22624778747558594,0.0886750962999132,0.2518574523925781,0.05203095235322651,0.15141285487583706
tonic_081_grad_vanrossum,tonic,81,grad_vanrossum,0.08333333333333325,9,7,4.8532185554504395,3.4969217777252197,4114.96484375,3.4969217777252197,training,3,1.3185901641845703,True,"{""C_m"": 178.5735703137202, ""g_L"": 8.253258726573334, ""E_L"": -76.43081224252963, ""v_T"": -55.59876218420132, ""delta_T"": 3.3303280498709857, ""v_reset"": -62.29693908545986}","{""C_m"": 192.67823791503906, ""g_L"": 8.318790435791016, ""E_L"": -79.27719116210938, ""v_T"": -54.81084442138672, ""delta_T"": 3.7138051986694336, ""v_reset"": -61.289772033691406}","{""C_m"": 200.0, ""g_L"": 10.0, ""E_L"": -70.0, ""v_T"": -50.0, ""delta_T"": 2.0, ""v_reset"": -58.0}",2026-04-28T18:21:17.552664+00:00,0.031833748195482334,0.21015119552612305,0.20615980360243055,0.19243377685546875,0.09020027361418072,0.09399348667689732
tonic_081_nm_guarino,tonic,81,nm_guarino,1.0,9,9,0.4209979474544525,0.18819089233875275,0.18819089233875275,0.18819089233875275,training,50,0.5967698097229004,False,"{""C_m"": 178.5735703137202, ""g_L"": 8.253258726573334, ""E_L"": -76.43081224252963, ""v_T"": -55.59876218420132, ""delta_T"": 3.3303280498709857, ""v_reset"": -62.29693908545986}","{""C_m"": 183.84785970603585, ""g_L"": 8.3231708559554, ""E_L"": -77.0782463060071, ""v_T"": -55.48400835024647, ""delta_T"": 3.358538764356121, ""v_reset"": -61.58955057165543}","{""C_m"": 200.0, ""g_L"": 10.0, ""E_L"": -70.0, ""v_T"": -50.0, ""delta_T"": 2.0, ""v_reset"": -58.0}",2026-04-28T18:21:18.149559+00:00,0.07022669693027891,0.209603643005575,0.1572943623557134,0.21936033400985877,0.07150204022926952,0.1025585877615837
tonic_082_grad_guarino,tonic,82,grad_guarino,-0.5625,9,9,0.20427802205085754,0.4801037013530731,11.60574722290039,0.20427802205085754,warmstart,25,1.2852561473846436,True,"{""C_m"": 136.23547546396344, ""g_L"": 11.81859563872112, ""E_L"": -68.54718921445931, ""v_T"": -50.54477123907983, ""delta_T"": 4.4903644306501285, ""v_reset"": -62.900318753134776}","{""C_m"": 136.23547546396344, ""g_L"": 11.81859563872112, ""E_L"": -68.54718921445931, ""v_T"": -50.54477123907983, ""delta_T"": 4.4903644306501285, ""v_reset"": -62.900318753134776}","{""C_m"": 200.0, ""g_L"": 10.0, ""E_L"": -70.0, ""v_T"": -50.0, ""delta_T"": 2.0, ""v_reset"": -58.0}",2026-04-28T18:21:19.434956+00:00,0.27723706320015895,0.22732445484014008,0.032284684123126475,0.02179084956319315,0.13107181213948044,0.1400091072324222
tonic_082_grad_vanrossum,tonic,82,grad_vanrossum,-0.5625,9,9,2.320042371749878,5.80286169052124,5.80286169052124,2.320042371749878,warmstart,1,1.3287668228149414,True,"{""C_m"": 136.23547546396344, ""g_L"": 11.81859563872112, ""E_L"": -68.54718921445931, ""v_T"": -50.54477123907983, ""delta_T"": 4.4903644306501285, ""v_reset"": -62.900318753134776}","{""C_m"": 136.23547546396344, ""g_L"": 11.81859563872112, ""E_L"": -68.54718921445931, ""v_T"": -50.54477123907983, ""delta_T"": 4.4903644306501285, ""v_reset"": -62.900318753134776}","{""C_m"": 200.0, ""g_L"": 10.0, ""E_L"": -70.0, ""v_T"": -50.0, ""delta_T"": 2.0, ""v_reset"": -58.0}",2026-04-28T18:21:20.763837+00:00,0.27723706320015895,0.22732445484014008,0.032284684123126475,0.02179084956319315,0.13107181213948044,0.1400091072324222
tonic_082_nm_guarino,tonic,82,nm_guarino,-0.5625,9,9,0.20427802205085754,0.15205419063568115,0.15205419063568115,0.15205419063568115,training,50,0.5954513549804688,False,"{""C_m"": 136.23547546396344, ""g_L"": 11.81859563872112, ""E_L"": -68.54718921445931, ""v_T"": -50.54477123907983, ""delta_T"": 4.4903644306501285, ""v_reset"": -62.900318753134776}","{""C_m"": 137.38265316905972, ""g_L"": 11.818321077033632, ""E_L"": -68.37182001347048, ""v_T"": -51.225369835172316, ""delta_T"": 4.499739027945338, ""v_reset"": -63.42997406553639}","{""C_m"": 200.0, ""g_L"": 10.0, ""E_L"": -70.0, ""v_T"": -50.0, ""delta_T"": 2.0, ""v_reset"": -58.0}",2026-04-28T18:21:21.359762+00:00,0.2722493340475664,0.227290134629204,0.036181777478433715,0.04901479340689264,0.13156521199712307,0.15514211615818263
tonic_083_grad_guarino,tonic,83,grad_guarino,0.8263888888888888,9,9,0.21784065663814545,0.306928813457489,11.604683876037598,0.21784065663814545,warmstart,25,1.306318759918213,True,"{""C_m"": 127.90864728618064, ""g_L"": 10.73360933970233, ""E_L"": -80.18684030414502, ""v_T"": -53.28088774362741, ""delta_T"": 7.381136544035186, ""v_reset"": -55.842957603614444}","{""C_m"": 127.90864728618064, ""g_L"": 10.73360933970233, ""E_L"": -80.18684030414502, ""v_T"": -53.28088774362741, ""delta_T"": 7.381136544035186, ""v_reset"": -55.842957603614444}","{""C_m"": 200.0, ""g_L"": 10.0, ""E_L"": -70.0, ""v_T"": -50.0, ""delta_T"": 2.0, ""v_reset"": -58.0}",2026-04-28T18:21:22.666194+00:00,0.31344066397312764,0.09170116746279122,0.22637422898100049,0.1312355097450964,0.2832177128439572,0.06162978275387303
tonic_083_grad_vanrossum,tonic,83,grad_vanrossum,0.0,9,0,3.830622911453247,3.7281782627105713,24.419376373291016,3.7281782627105713,training,25,1.4664578437805176,True,"{""C_m"": 67.78768811999859, ""g_L"": 11.430712712738526, ""E_L"": -87.40447057565164, ""v_T"": -50.61797935208567, ""delta_T"": 8.280806042883132, ""v_reset"": -54.975729509738684}","{""C_m"": 240.0, ""g_L"": 14.0, ""E_L"": -110.0, ""v_T"": -35.0, ""delta_T"": 1.0, ""v_reset"": -78.56588745117188}","{""C_m"": 200.0, ""g_L"": 10.0, ""E_L"": -70.0, ""v_T"": -50.0, ""delta_T"": 2.0, ""v_reset"": -58.0}",2026-04-28T18:21:24.132763+00:00,0.17391304347826086,0.5,0.8888888888888888,0.6,0.05263157894736842,0.5875967843191964
tonic_083_nm_guarino,tonic,83,nm_guarino,0.30555555555555564,9,9,0.21784065663814545,0.1042066439986229,0.1042066439986229,0.1042066439986229,training,50,0.586313009262085,False,"{""C_m"": 127.90864728618064, ""g_L"": 10.73360933970233, ""E_L"": -80.18684030414502, ""v_T"": -53.28088774362741, ""delta_T"": 7.381136544035186, ""v_reset"": -55.842957603614444}","{""C_m"": 127.3211135850228, ""g_L"": 11.241691468179049, ""E_L"": -80.06703058541842, ""v_T"": -53.24806128092189, ""delta_T"": 7.404185353954858, ""v_reset"": -56.01733640117214}","{""C_m"": 200.0, ""g_L"": 10.0, ""E_L"": -70.0, ""v_T"": -50.0, ""delta_T"": 2.0, ""v_reset"": -58.0}",2026-04-28T18:21:24.719185+00:00,0.31599515832598785,0.1552114335223811,0.22371179078707604,0.12992245123687554,0.2844308081028873,0.05664753139508179
tonic_084_grad_guarino,tonic,84,grad_guarino,0.36678200692041524,9,8,0.7741425633430481,0.8591471314430237,1.0501567125320435,0.7741425633430481,warmstart,25,1.3876237869262695,True,"{""C_m"": 95.30145563259885, ""g_L"": 9.887266943617078, ""E_L"": -69.81080761665972, ""v_T"": -41.32717347545196, ""delta_T"": 17.13799574993258, ""v_reset"": -51.345121365390185}","{""C_m"": 95.30145563259885, ""g_L"": 9.887266943617078, ""E_L"": -69.81080761665972, ""v_T"": -41.32717347545196, ""delta_T"": 17.13799574993258, ""v_reset"": -51.345121365390185}","{""C_m"": 200.0, ""g_L"": 10.0, ""E_L"": -70.0, ""v_T"": -50.0, ""delta_T"": 2.0, ""v_reset"": -58.0}",2026-04-28T18:21:26.106933+00:00,0.4552110624669615,0.014091632047865232,0.004204275185339649,0.3469130609819217,0.7967366184175041,0.19013938956028045
tonic_084_grad_vanrossum,tonic,84,grad_vanrossum,0.06060606060606066,9,13,6.5343146324157715,6.206393241882324,13.270360946655273,6.206393241882324,training,25,1.5114340782165527,True,"{""C_m"": 140.82868824537692, ""g_L"": 7.590063241872636, ""E_L"": -66.77058315165904, ""v_T"": -57.54948251303773, ""delta_T"": 15.0321901945592, ""v_reset"": -55.12799418613227}","{""C_m"": 117.67436218261719, ""g_L"": 7.609193801879883, ""E_L"": -66.70747375488281, ""v_T"": -57.6678352355957, ""delta_T"": 15.733870506286621, ""v_reset"": -54.73456573486328}","{""C_m"": 200.0, ""g_L"": 10.0, ""E_L"": -70.0, ""v_T"": -50.0, ""delta_T"": 2.0, ""v_reset"": -58.0}",2026-04-28T18:21:27.618487+00:00,0.3579375557277514,0.29885077476501465,0.07316724989149305,0.30671340942382813,0.722835289804559,0.0932981218610491
tonic_084_nm_guarino,tonic,84,nm_guarino,-0.5625,9,9,0.7741425633430481,0.24024130403995514,0.24024130403995514,0.24024130403995514,training,50,0.7282679080963135,False,"{""C_m"": 95.30145563259885, ""g_L"": 9.887266943617078, ""E_L"": -69.81080761665972, ""v_T"": -41.32717347545196, ""delta_T"": 17.13799574993258, ""v_reset"": -51.345121365390185}","{""C_m"": 95.30145563259885, ""g_L"": 9.887266943617078, ""E_L"": -69.81080761665972, ""v_T"": -43.393532149224555, ""delta_T"": 17.13799574993258, ""v_reset"": -51.345121365390185}","{""C_m"": 200.0, ""g_L"": 10.0, ""E_L"": -70.0, ""v_T"": -50.0, ""delta_T"": 2.0, ""v_reset"": -58.0}",2026-04-28T18:21:28.346987+00:00,0.4552110624669615,0.014091632047865232,0.004204275185339649,0.2642587140310178,0.7967366184175041,0.19013938956028045
tonic_085_grad_guarino,tonic,85,grad_guarino,-0.38888888888888884,9,9,0.5328311324119568,0.6574633121490479,11.442296028137207,0.5328311324119568,warmstart,25,1.2891218662261963,True,"{""C_m"": 72.75279748257736, ""g_L"": 7.439726889008208, ""E_L"": -76.5944802136957, ""v_T"": -39.85608568896219, ""delta_T"": 1.7187804998386633, ""v_reset"": -70.65175664688643}","{""C_m"": 72.75279748257736, ""g_L"": 7.439726889008208, ""E_L"": -76.5944802136957, ""v_T"": -39.85608568896219, ""delta_T"": 1.7187804998386633, ""v_reset"": -70.65175664688643}","{""C_m"": 200.0, ""g_L"": 10.0, ""E_L"": -70.0, ""v_T"": -50.0, ""delta_T"": 2.0, ""v_reset"": -58.0}",2026-04-28T18:21:29.636214+00:00,0.5532487065974897,0.32003413887397403,0.14654400474879342,0.4057565724415124,0.014801026324280878,0.36147876133961215
tonic_085_grad_vanrossum,tonic,85,grad_vanrossum,-1.0,9,86,5.580848693847656,5.448134899139404,5.448134899139404,5.448134899139404,training,1,1.3109359741210938,True,"{""C_m"": 37.0765274007945, ""g_L"": 9.854432424736382, ""E_L"": -101.67900797754253, ""v_T"": -55.60502974433014, ""delta_T"": 8.049930572289684, ""v_reset"": -59.59230422479366}","{""C_m"": 10.0, ""g_L"": 6.0, ""E_L"": -65.0, ""v_T"": -60.0, ""delta_T"": 20.0, ""v_reset"": -79.9998550415039}","{""C_m"": 200.0, ""g_L"": 10.0, ""E_L"": -70.0, ""v_T"": -50.0, ""delta_T"": 2.0, ""v_reset"": -58.0}",2026-04-28T18:21:30.947262+00:00,0.8260869565217391,0.5,0.1111111111111111,0.4,0.9473684210526315,0.6285672869001117
tonic_085_nm_guarino,tonic,85,nm_guarino,-0.5625,9,9,0.5328311324119568,0.44755819439888,0.44755819439888,0.44755819439888,training,50,0.588702917098999,False,"{""C_m"": 72.75279748257736, ""g_L"": 7.439726889008208, ""E_L"": -76.5944802136957, ""v_T"": -39.85608568896219, ""delta_T"": 1.7187804998386633, ""v_reset"": -70.65175664688643}","{""C_m"": 72.74341051599939, ""g_L"": 7.693753994073571, ""E_L"": -74.81495139722772, ""v_T"": -39.455639139733606, ""delta_T"": 1.6885542940320786, ""v_reset"": -70.8655811963537}","{""C_m"": 200.0, ""g_L"": 10.0, ""E_L"": -70.0, ""v_T"": -50.0, ""delta_T"": 2.0, ""v_reset"": -58.0}",2026-04-28T18:21:31.536081+00:00,0.5532895194956549,0.2882807507408036,0.1069989199383937,0.42177443441065576,0.01639187926146955,0.36758803418153435
tonic_086_grad_guarino,tonic,86,grad_guarino,-0.5625,9,9,0.3308400809764862,0.609750509262085,87.49507141113281,0.3308400809764862,warmstart,10,1.2835090160369873,True,"{""C_m"": 119.82909457282813, ""g_L"": 6.073981933037023, ""E_L"": -78.84950669385498, ""v_T"": -56.84370780094303, ""delta_T"": 3.435190573432349, ""v_reset"": -75.24893556998207}","{""C_m"": 119.82909457282813, ""g_L"": 6.073981933037023, ""E_L"": -78.84950669385498, ""v_T"": -56.84370780094303, ""delta_T"": 3.435190573432349, ""v_reset"": -75.24893556998207}","{""C_m"": 200.0, ""g_L"": 10.0, ""E_L"": -70.0, ""v_T"": -50.0, ""delta_T"": 2.0, ""v_reset"": -58.0}",2026-04-28T18:21:32.819702+00:00,0.34856915403118205,0.4907522583703722,0.19665570430788837,0.27374831203772115,0.07553634597012364,0.4928267305709162
tonic_086_grad_vanrossum,tonic,86,grad_vanrossum,1.0,9,9,5.837996006011963,5.998254776000977,12.523229598999023,5.837996006011963,warmstart,25,1.4583759307861328,True,"{""C_m"": 88.29212753099672, ""g_L"": 7.977679530325659, ""E_L"": -80.75605235738485, ""v_T"": -45.958765663584664, ""delta_T"": 13.525928131984916, ""v_reset"": -49.19745066980746}","{""C_m"": 88.29212753099672, ""g_L"": 7.977679530325659, ""E_L"": -80.75605235738485, ""v_T"": -45.958765663584664, ""delta_T"": 13.525928131984916, ""v_reset"": -49.19745066980746}","{""C_m"": 200.0, ""g_L"": 10.0, ""E_L"": -70.0, ""v_T"": -50.0, ""delta_T"": 2.0, ""v_reset"": -58.0}",2026-04-28T18:21:34.278198+00:00,0.4856864020391447,0.2527900587092926,0.23902338571966325,0.16164937345661343,0.6066277964202588,0.2515014094340726
tonic_086_nm_guarino,tonic,86,nm_guarino,-0.5625,9,9,0.3308400809764862,0.2586236298084259,0.2586236298084259,0.2586236298084259,training,50,0.5843968391418457,False,"{""C_m"": 119.82909457282813, ""g_L"": 6.073981933037023, ""E_L"": -78.84950669385498, ""v_T"": -56.84370780094303, ""delta_T"": 3.435190573432349, ""v_reset"": -75.24893556998207}","{""C_m"": 124.18134408138633, ""g_L"": 6.128317194597187, ""E_L"": -78.53561642527475, ""v_T"": -56.49880907449598, ""delta_T"": 3.43487762741558, ""v_reset"": -73.13503196023419}","{""C_m"": 200.0, ""g_L"": 10.0, ""E_L"": -70.0, ""v_T"": -50.0, ""delta_T"": 2.0, ""v_reset"": -58.0}",2026-04-28T18:21:34.863496+00:00,0.32964633008092903,0.4839603506753516,0.18968036500610563,0.2599523629798392,0.0755198751271358,0.43242948457811964
tonic_087_grad_guarino,tonic,87,grad_guarino,-0.5625,9,9,0.6532018184661865,0.8689736127853394,11.588337898254395,0.6532018184661865,warmstart,25,1.2969441413879395,True,"{""C_m"": 158.20861072918015, ""g_L"": 12.595758277059014, ""E_L"": -68.5657401931181, ""v_T"": -59.22717633056297, ""delta_T"": 5.546075448693599, ""v_reset"": -73.65296745192943}","{""C_m"": 158.20861072918015, ""g_L"": 12.595758277059014, ""E_L"": -68.5657401931181, ""v_T"": -59.22717633056297, ""delta_T"": 5.546075448693599, ""v_reset"": -73.65296745192943}","{""C_m"": 200.0, ""g_L"": 10.0, ""E_L"": -70.0, ""v_T"": -50.0, ""delta_T"": 2.0, ""v_reset"": -58.0}",2026-04-28T18:21:36.160559+00:00,0.18170169248182544,0.32446978463237675,0.03187244015293105,0.3690870532225188,0.18663554993124204,0.4472276414836979
tonic_087_grad_vanrossum,tonic,87,grad_vanrossum,0.0,9,0,5.528903961181641,4.431421756744385,13.974555015563965,4.431421756744385,training,25,1.4515609741210938,True,"{""C_m"": 115.92519055656405, ""g_L"": 11.428048078421934, ""E_L"": -77.0444371021646, ""v_T"": -52.034380228203055, ""delta_T"": 13.341059902541623, ""v_reset"": -54.28735213781461}","{""C_m"": 240.0, ""g_L"": 8.688222885131836, ""E_L"": -110.0, ""v_T"": -35.0, ""delta_T"": 20.0, ""v_reset"": -78.0514144897461}","{""C_m"": 200.0, ""g_L"": 10.0, ""E_L"": -70.0, ""v_T"": -50.0, ""delta_T"": 2.0, ""v_reset"": -58.0}",2026-04-28T18:21:37.612236+00:00,0.17391304347826086,0.1639721393585205,0.8888888888888888,0.6,0.9473684210526315,0.5728975568498884
tonic_087_nm_guarino,tonic,87,nm_guarino,-0.10526315789473688,9,10,0.6532018184661865,0.2572261095046997,0.2572261095046997,0.2572261095046997,training,50,0.5855741500854492,False,"{""C_m"": 158.20861072918015, ""g_L"": 12.595758277059014, ""E_L"": -68.5657401931181, ""v_T"": -59.22717633056297, ""delta_T"": 5.546075448693599, ""v_reset"": -73.65296745192943}","{""C_m"": 160.78185340077465, ""g_L"": 12.600224717003645, ""E_L"": -69.68491573636511, ""v_T"": -59.89716877231845, ""delta_T"": 5.650228085536009, ""v_reset"": -71.17020375763812}","{""C_m"": 200.0, ""g_L"": 10.0, ""E_L"": -70.0, ""v_T"": -50.0, ""delta_T"": 2.0, ""v_reset"": -58.0}",2026-04-28T18:21:38.197932+00:00,0.17051368086619717,0.3250280896254556,0.00700187252521971,0.39588675089273806,0.19211726765978993,0.37629153593251774
tonic_088_grad_guarino,tonic,88,grad_guarino,0.0,9,0,0.528822660446167,0.4735516905784607,11.59799575805664,0.4735516905784607,training,25,1.3318631649017334,True,"{""C_m"": 135.75906571704436, ""g_L"": 13.19674459436447, ""E_L"": -72.58786242994061, ""v_T"": -51.04790036268259, ""delta_T"": 5.761946396631315, ""v_reset"": -59.559524495814436}","{""C_m"": 240.0, ""g_L"": 13.781091690063477, ""E_L"": -110.0, ""v_T"": -35.0, ""delta_T"": 19.995525360107422, ""v_reset"": -58.458683013916016}","{""C_m"": 200.0, ""g_L"": 10.0, ""E_L"": -70.0, ""v_T"": -50.0, ""delta_T"": 2.0, ""v_reset"": -58.0}",2026-04-28T18:21:39.529920+00:00,0.17391304347826086,0.47263646125793457,0.8888888888888888,0.6,0.9471329136898643,0.013105228969029019
tonic_088_grad_vanrossum,tonic,88,grad_vanrossum,0.0,9,0,4.4904866218566895,4.4903035163879395,21.744670867919922,4.4903035163879395,training,25,1.5687942504882812,True,"{""C_m"": 135.75906571704436, ""g_L"": 13.19674459436447, ""E_L"": -72.58786242994061, ""v_T"": -51.04790036268259, ""delta_T"": 5.761946396631315, ""v_reset"": -59.559524495814436}","{""C_m"": 239.99827575683594, ""g_L"": 13.473807334899902, ""E_L"": -109.89566040039062, ""v_T"": -35.00390625, ""delta_T"": 17.277795791625977, ""v_reset"": -59.131370544433594}","{""C_m"": 200.0, ""g_L"": 10.0, ""E_L"": -70.0, ""v_T"": -50.0, ""delta_T"": 2.0, ""v_reset"": -58.0}",2026-04-28T18:21:41.098833+00:00,0.1739055467688519,0.4342259168624878,0.8865702311197917,0.59984375,0.8040945153487357,0.03232487269810268
tonic_088_nm_guarino,tonic,88,nm_guarino,0.6527777777777778,9,9,0.528822660446167,0.3749648332595825,0.3749648332595825,0.3749648332595825,training,50,0.5821518898010254,False,"{""C_m"": 135.75906571704436, ""g_L"": 13.19674459436447, ""E_L"": -72.58786242994061, ""v_T"": -51.04790036268259, ""delta_T"": 5.761946396631315, ""v_reset"": -59.559524495814436}","{""C_m"": 131.75234909370886, ""g_L"": 13.453086251132637, ""E_L"": -71.59589460022535, ""v_T"": -51.93905946030432, ""delta_T"": 5.8738699755837045, ""v_reset"": -60.59872145117559}","{""C_m"": 200.0, ""g_L"": 10.0, ""E_L"": -70.0, ""v_T"": -50.0, ""delta_T"": 2.0, ""v_reset"": -58.0}",2026-04-28T18:21:41.681480+00:00,0.29672891698387455,0.43163578139157965,0.03546432444945222,0.07756237841217285,0.2038878934517739,0.07424918431930264
tonic_089_grad_guarino,tonic,89,grad_guarino,-0.6315789473684211,9,10,0.49477618932724,1.1162410974502563,11.606521606445312,0.49477618932724,warmstart,25,1.2912371158599854,True,"{""C_m"": 129.33632819997993, ""g_L"": 7.071939250475463, ""E_L"": -65.09622635969056, ""v_T"": -48.756603523977354, ""delta_T"": 9.261032641806032, ""v_reset"": -54.749134048855275}","{""C_m"": 129.33632819997993, ""g_L"": 7.071939250475463, ""E_L"": -65.09622635969056, ""v_T"": -48.756603523977354, ""delta_T"": 9.261032641806032, ""v_reset"": -54.749134048855275}","{""C_m"": 200.0, ""g_L"": 10.0, ""E_L"": -70.0, ""v_T"": -50.0, ""delta_T"": 2.0, ""v_reset"": -58.0}",2026-04-28T18:21:42.972820+00:00,0.3072333556522612,0.3660075936905671,0.10897274756243197,0.049735859040905835,0.3821596127266333,0.0928818843184207
tonic_089_grad_vanrossum,tonic,89,grad_vanrossum,-1.0,9,94,5.381175518035889,5.336186408996582,5.336186408996582,5.336186408996582,training,1,1.316307783126831,True,"{""C_m"": 31.582318442258217, ""g_L"": 13.454708820502079, ""E_L"": -86.2328254694221, ""v_T"": -50.39410307560843, ""delta_T"": 6.496177406726462, ""v_reset"": -66.75472708091276}","{""C_m"": 10.0, ""g_L"": 6.0, ""E_L"": -65.0, ""v_T"": -60.0, ""delta_T"": 20.0, ""v_reset"": -73.64939880371094}","{""C_m"": 200.0, ""g_L"": 10.0, ""E_L"": -70.0, ""v_T"": -50.0, ""delta_T"": 2.0, ""v_reset"": -58.0}",2026-04-28T18:21:44.289242+00:00,0.8260869565217391,0.5,0.1111111111111111,0.4,0.9473684210526315,0.44712568010602677
tonic_089_nm_guarino,tonic,89,nm_guarino,-0.5625,9,9,0.49477618932724,0.37598472833633423,0.37598472833633423,0.37598472833633423,training,50,0.5893290042877197,False,"{""C_m"": 129.33632819997993, ""g_L"": 7.071939250475463, ""E_L"": -65.09622635969056, ""v_T"": -48.756603523977354, ""delta_T"": 9.261032641806032, ""v_reset"": -54.749134048855275}","{""C_m"": 129.33632819997993, ""g_L"": 7.071939250475463, ""E_L"": -65.09622635969056, ""v_T"": -48.756603523977354, ""delta_T"": 9.724084273896334, ""v_reset"": -54.749134048855275}","{""C_m"": 200.0, ""g_L"": 10.0, ""E_L"": -70.0, ""v_T"": -50.0, ""delta_T"": 2.0, ""v_reset"": -58.0}",2026-04-28T18:21:44.878686+00:00,0.3072333556522612,0.3660075936905671,0.10897274756243197,0.049735859040905835,0.40653075125770183,0.0928818843184207
tonic_090_grad_guarino,tonic,90,grad_guarino,0.0,9,0,0.41904041171073914,0.4180030822753906,11.603919982910156,0.4180030822753906,training,25,1.31166410446167,True,"{""C_m"": 91.19463979429739, ""g_L"": 11.692977165268266, ""E_L"": -86.30633648533299, ""v_T"": -57.68617507943435, ""delta_T"": 12.703107202700819, ""v_reset"": -66.96183675884649}","{""C_m"": 240.0, ""g_L"": 13.999164581298828, ""E_L"": -110.0, ""v_T"": -35.0, ""delta_T"": 19.999998092651367, ""v_reset"": -73.41665649414062}","{""C_m"": 200.0, ""g_L"": 10.0, ""E_L"": -70.0, ""v_T"": -50.0, ""delta_T"": 2.0, ""v_reset"": -58.0}",2026-04-28T18:21:46.190468+00:00,0.17391304347826086,0.4998955726623535,0.8888888888888888,0.6,0.9473683206658614,0.4404758998325893
tonic_090_grad_vanrossum,tonic,90,grad_vanrossum,0.5428571428571428,9,11,4.963533401489258,5.108597278594971,15.299832344055176,4.963533401489258,warmstart,25,1.460076093673706,True,"{""C_m"": 47.089829326302535, ""g_L"": 6.225305899782595, ""E_L"": -103.89993868049572, ""v_T"": -46.4440227737119, ""delta_T"": 1.574791416795192, ""v_reset"": -56.473350845998304}","{""C_m"": 47.089829326302535, ""g_L"": 6.225305899782595, ""E_L"": -103.89993868049572, ""v_T"": -46.4440227737119, ""delta_T"": 1.574791416795192, ""v_reset"": -56.473350845998304}","{""C_m"": 200.0, ""g_L"": 10.0, ""E_L"": -70.0, ""v_T"": -50.0, ""delta_T"": 2.0, ""v_reset"": -58.0}",2026-04-28T18:21:47.650659+00:00,0.6648268290160759,0.47183676252717566,0.7533319706776828,0.142239089051524,0.022379399116042527,0.04361854725719131
tonic_090_nm_guarino,tonic,90,nm_guarino,-0.5625,9,9,0.41904041171073914,0.28938329219818115,0.28938329219818115,0.28938329219818115,training,50,0.585075855255127,False,"{""C_m"": 91.19463979429739, ""g_L"": 11.692977165268266, ""E_L"": -86.30633648533299, ""v_T"": -57.68617507943435, ""delta_T"": 12.703107202700819, ""v_reset"": -66.96183675884649}","{""C_m"": 90.49805750959366, ""g_L"": 11.897405996538431, ""E_L"": -83.80115398738621, ""v_T"": -58.495229125447565, ""delta_T"": 12.925196181601873, ""v_reset"": -68.0823006206697}","{""C_m"": 200.0, ""g_L"": 10.0, ""E_L"": -70.0, ""v_T"": -50.0, ""delta_T"": 2.0, ""v_reset"": -58.0}",2026-04-28T18:21:48.235841+00:00,0.4760954021322015,0.23717574956730392,0.3066923108308048,0.3398091650179026,0.575010325347467,0.28806573201913427
tonic_091_grad_guarino,tonic,91,grad_guarino,-0.21527777777777773,9,9,0.4531806707382202,0.6666797995567322,0.856806755065918,0.4531806707382202,warmstart,25,1.2997629642486572,True,"{""C_m"": 85.33436249316735, ""g_L"": 10.443257451100251, ""E_L"": -66.43907913518917, ""v_T"": -36.77041053824855, ""delta_T"": 15.96215021050876, ""v_reset"": -47.23397906946069}","{""C_m"": 85.33436249316735, ""g_L"": 10.443257451100251, ""E_L"": -66.43907913518917, ""v_T"": -36.77041053824855, ""delta_T"": 15.96215021050876, ""v_reset"": -47.23397906946069}","{""C_m"": 200.0, ""g_L"": 10.0, ""E_L"": -70.0, ""v_T"": -50.0, ""delta_T"": 2.0, ""v_reset"": -58.0}",2026-04-28T18:21:49.536103+00:00,0.4985462500297072,0.05540718138753142,0.0791315747735739,0.529183578470058,0.7348500110794084,0.3076005980154089
tonic_091_grad_vanrossum,tonic,91,grad_vanrossum,0.5624999999999994,9,23,5.313061714172363,5.152162075042725,27.92278480529785,5.152162075042725,training,7,1.3456039428710938,True,"{""C_m"": 92.0155354973266, ""g_L"": 11.128364489879582, ""E_L"": -73.51333290583081, ""v_T"": -45.106764075932354, ""delta_T"": 2.518410215505292, ""v_reset"": -66.17881175246202}","{""C_m"": 54.96175765991211, ""g_L"": 10.733932495117188, ""E_L"": -70.81608581542969, ""v_T"": -49.36330032348633, ""delta_T"": 2.3019089698791504, ""v_reset"": -63.509185791015625}","{""C_m"": 200.0, ""g_L"": 10.0, ""E_L"": -70.0, ""v_T"": -50.0, ""delta_T"": 2.0, ""v_reset"": -58.0}",2026-04-28T18:21:50.881820+00:00,0.630601053652556,0.09174156188964844,0.018135240342881945,0.025467987060546874,0.015889945783113178,0.15740530831473215
tonic_091_nm_guarino,tonic,91,nm_guarino,0.1319444444444445,9,9,0.4531806707382202,0.38060590624809265,0.38060590624809265,0.38060590624809265,training,50,0.6281030178070068,False,"{""C_m"": 85.33436249316735, ""g_L"": 10.443257451100251, ""E_L"": -66.43907913518917, ""v_T"": -36.77041053824855, ""delta_T"": 15.96215021050876, ""v_reset"": -47.23397906946069}","{""C_m"": 85.33436249316735, ""g_L"": 10.965420323655264, ""E_L"": -66.43907913518917, ""v_T"": -36.77041053824855, ""delta_T"": 15.96215021050876, ""v_reset"": -47.23397906946069}","{""C_m"": 200.0, ""g_L"": 10.0, ""E_L"": -70.0, ""v_T"": -50.0, ""delta_T"": 2.0, ""v_reset"": -58.0}",2026-04-28T18:21:51.510036+00:00,0.4985462500297072,0.12067754045690804,0.0791315747735739,0.529183578470058,0.7348500110794084,0.3076005980154089
tonic_092_grad_guarino,tonic,92,grad_guarino,0.007142857142857149,9,11,1.0584933757781982,1.2137435674667358,1.3602826595306396,1.0584933757781982,warmstart,25,1.5051920413970947,True,"{""C_m"": 144.83092921595357, ""g_L"": 10.478906481659441, ""E_L"": -68.8894191971024, ""v_T"": -56.5121456349649, ""delta_T"": 18.35880549562692, ""v_reset"": -51.981314167881784}","{""C_m"": 144.83092921595357, ""g_L"": 10.478906481659441, ""E_L"": -68.8894191971024, ""v_T"": -56.5121456349649, ""delta_T"": 18.35880549562692, ""v_reset"": -51.981314167881784}","{""C_m"": 200.0, ""g_L"": 10.0, ""E_L"": -70.0, ""v_T"": -50.0, ""delta_T"": 2.0, ""v_reset"": -58.0}",2026-04-28T18:21:53.015345+00:00,0.23986552514802795,0.05986331020743019,0.024679573397724475,0.2604858253985961,0.8609897629277327,0.17196245234623472
tonic_092_grad_vanrossum,tonic,92,grad_vanrossum,0.0,9,0,5.653927326202393,5.55588960647583,20.365333557128906,5.55588960647583,training,25,1.4978489875793457,True,"{""C_m"": 91.86123956502816, ""g_L"": 7.9599284006757545, ""E_L"": -90.0767404384662, ""v_T"": -50.84086931804498, ""delta_T"": 4.12856078095492, ""v_reset"": -53.75322013230642}","{""C_m"": 238.89894104003906, ""g_L"": 11.326055526733398, ""E_L"": -109.62725830078125, ""v_T"": -35.080753326416016, ""delta_T"": 15.041690826416016, ""v_reset"": -78.40795135498047}","{""C_m"": 200.0, ""g_L"": 10.0, ""E_L"": -70.0, ""v_T"": -50.0, ""delta_T"": 2.0, ""v_reset"": -58.0}",2026-04-28T18:21:54.513336+00:00,0.1691258306088655,0.1657569408416748,0.8806057400173611,0.5967698669433594,0.686404780337685,0.5830843244280134
tonic_092_nm_guarino,tonic,92,nm_guarino,-0.5625,9,9,1.0584933757781982,0.32588061690330505,0.32588061690330505,0.32588061690330505,training,50,0.6000049114227295,False,"{""C_m"": 144.83092921595357, ""g_L"": 10.478906481659441, ""E_L"": -68.8894191971024, ""v_T"": -56.5121456349649, ""delta_T"": 18.35880549562692, ""v_reset"": -51.981314167881784}","{""C_m"": 149.70995011672426, ""g_L"": 10.33887628416219, ""E_L"": -68.77917092678237, ""v_T"": -55.359034295705484, ""delta_T"": 18.977271428361405, ""v_reset"": -53.73244508755198}","{""C_m"": 200.0, ""g_L"": 10.0, ""E_L"": -70.0, ""v_T"": -50.0, ""delta_T"": 2.0, ""v_reset"": -58.0}",2026-04-28T18:21:55.113789+00:00,0.21865239079685106,0.04235953552027372,0.027129534960391766,0.21436137182821938,0.8935406014927055,0.1219301403556577
tonic_093_grad_guarino,tonic,93,grad_guarino,0.020761245674740504,9,8,0.5348069071769714,0.9002377390861511,8.467883110046387,0.5348069071769714,warmstart,25,1.3177101612091064,True,"{""C_m"": 96.79215186637896, ""g_L"": 12.187154065090876, ""E_L"": -65.69761705058222, ""v_T"": -39.75304441237542, ""delta_T"": 2.5060277770713775, ""v_reset"": -59.564504742428326}","{""C_m"": 96.79215186637896, ""g_L"": 12.187154065090876, ""E_L"": -65.69761705058222, ""v_T"": -39.75304441237542, ""delta_T"": 2.5060277770713775, ""v_reset"": -59.564504742428326}","{""C_m"": 200.0, ""g_L"": 10.0, ""E_L"": -70.0, ""v_T"": -50.0, ""delta_T"": 2.0, ""v_reset"": -58.0}",2026-04-28T18:21:56.431620+00:00,0.44872977449400453,0.27339425813635954,0.09560850998706169,0.4098782235049833,0.02663304089849355,0.04470013549795218
tonic_093_grad_vanrossum,tonic,93,grad_vanrossum,0.020761245674740504,9,8,5.599695205688477,5.6536784172058105,10.01585578918457,5.599695205688477,warmstart,25,1.46268630027771,True,"{""C_m"": 96.79215186637896, ""g_L"": 12.187154065090876, ""E_L"": -65.69761705058222, ""v_T"": -39.75304441237542, ""delta_T"": 2.5060277770713775, ""v_reset"": -59.564504742428326}","{""C_m"": 96.79215186637896, ""g_L"": 12.187154065090876, ""E_L"": -65.69761705058222, ""v_T"": -39.75304441237542, ""delta_T"": 2.5060277770713775, ""v_reset"": -59.564504742428326}","{""C_m"": 200.0, ""g_L"": 10.0, ""E_L"": -70.0, ""v_T"": -50.0, ""delta_T"": 2.0, ""v_reset"": -58.0}",2026-04-28T18:21:57.894428+00:00,0.44872977449400453,0.27339425813635954,0.09560850998706169,0.4098782235049833,0.02663304089849355,0.04470013549795218
tonic_093_nm_guarino,tonic,93,nm_guarino,-0.21527777777777773,9,9,0.5348069071769714,0.20757204294204712,0.20757204294204712,0.20757204294204712,training,50,0.5879828929901123,False,"{""C_m"": 96.79215186637896, ""g_L"": 12.187154065090876, ""E_L"": -65.69761705058222, ""v_T"": -39.75304441237542, ""delta_T"": 2.5060277770713775, ""v_reset"": -59.564504742428326}","{""C_m"": 95.67353200427439, ""g_L"": 12.717103014149012, ""E_L"": -65.47943229402152, ""v_T"": -40.581914474197234, ""delta_T"": 2.5582796593916584, ""v_reset"": -57.84661213308735}","{""C_m"": 200.0, ""g_L"": 10.0, ""E_L"": -70.0, ""v_T"": -50.0, ""delta_T"": 2.0, ""v_reset"": -58.0}",2026-04-28T18:21:58.482527+00:00,0.45359333911185046,0.33963787676862656,0.10045706013285509,0.37672342103211065,0.02938313996798202,0.004382510483218636
tonic_094_grad_guarino,tonic,94,grad_guarino,0.19377162629757788,9,8,0.5802838206291199,0.7679386138916016,11.605902671813965,0.5802838206291199,warmstart,25,1.283339023590088,True,"{""C_m"": 114.74007562919442, ""g_L"": 7.934268253201344, ""E_L"": -70.118421652031, ""v_T"": -44.51734780605798, ""delta_T"": 4.869013256924083, ""v_reset"": -60.09008872196071}","{""C_m"": 114.74007562919442, ""g_L"": 7.934268253201344, ""E_L"": -70.118421652031, ""v_T"": -44.51734780605798, ""delta_T"": 4.869013256924083, ""v_reset"": -60.09008872196071}","{""C_m"": 200.0, ""g_L"": 10.0, ""E_L"": -70.0, ""v_T"": -50.0, ""delta_T"": 2.0, ""v_reset"": -58.0}",2026-04-28T18:21:59.765984+00:00,0.3706953233513286,0.25821646834983203,0.002631592267355624,0.21930608775768093,0.15100069773284647,0.059716820627448895
tonic_094_grad_vanrossum,tonic,94,grad_vanrossum,-1.0,9,180,4.866672515869141,4.764829158782959,4.764829158782959,4.764829158782959,training,1,1.3105058670043945,True,"{""C_m"": 114.74007562919442, ""g_L"": 7.934268253201344, ""E_L"": -70.118421652031, ""v_T"": -44.51734780605798, ""delta_T"": 4.869013256924083, ""v_reset"": -60.09008872196071}","{""C_m"": 10.0, ""g_L"": 6.0, ""E_L"": -65.0, ""v_T"": -60.0, ""delta_T"": 1.0, ""v_reset"": -80.0}","{""C_m"": 200.0, ""g_L"": 10.0, ""E_L"": -70.0, ""v_T"": -50.0, ""delta_T"": 2.0, ""v_reset"": -58.0}",2026-04-28T18:22:01.076611+00:00,0.8260869565217391,0.5,0.1111111111111111,0.4,0.05263157894736842,0.6285714285714286
tonic_094_nm_guarino,tonic,94,nm_guarino,0.30555555555555564,9,9,0.5802838206291199,0.17571747303009033,0.17571747303009033,0.17571747303009033,training,50,0.5878839492797852,False,"{""C_m"": 114.74007562919442, ""g_L"": 7.934268253201344, ""E_L"": -70.118421652031, ""v_T"": -44.51734780605798, ""delta_T"": 4.869013256924083, ""v_reset"": -60.09008872196071}","{""C_m"": 116.4647673095518, ""g_L"": 7.987411660890076, ""E_L"": -70.58807200281674, ""v_T"": -45.775886509680035, ""delta_T"": 4.90162571068756, ""v_reset"": -58.88264577406894}","{""C_m"": 200.0, ""g_L"": 10.0, ""E_L"": -70.0, ""v_T"": -50.0, ""delta_T"": 2.0, ""v_reset"": -58.0}",2026-04-28T18:22:01.664953+00:00,0.3631966638715139,0.2515735423887405,0.01306826672926099,0.16896453961279861,0.1527171426677663,0.025218450687684017
tonic_095_grad_guarino,tonic,95,grad_guarino,0.6527777777777778,9,9,0.5290305018424988,0.5327962040901184,11.6314115524292,0.5290305018424988,warmstart,25,1.3012158870697021,True,"{""C_m"": 122.7498185064376, ""g_L"": 12.62942746676846, ""E_L"": -72.58686967530335, ""v_T"": -47.35402877153042, ""delta_T"": 11.24652405012639, ""v_reset"": -48.074415073973185}","{""C_m"": 122.7498185064376, ""g_L"": 12.62942746676846, ""E_L"": -72.58686967530335, ""v_T"": -47.35402877153042, ""delta_T"": 11.24652405012639, ""v_reset"": -48.074415073973185}","{""C_m"": 200.0, ""g_L"": 10.0, ""E_L"": -70.0, ""v_T"": -50.0, ""delta_T"": 2.0, ""v_reset"": -58.0}",2026-04-28T18:22:02.966285+00:00,0.3358703543198365,0.3286784333460575,0.05748599278451883,0.10583884913878308,0.48665916053296787,0.28358814074362326
tonic_095_grad_vanrossum,tonic,95,grad_vanrossum,0.0,9,0,4.718980312347412,4.607208728790283,22.259990692138672,4.607208728790283,training,25,1.4727528095245361,True,"{""C_m"": 191.67927022793995, ""g_L"": 6.858185636418275, ""E_L"": -74.45047781677201, ""v_T"": -52.538814093774974, ""delta_T"": 1.3121947630535389, ""v_reset"": -61.869420872127016}","{""C_m"": 240.0, ""g_L"": 14.0, ""E_L"": -110.0, ""v_T"": -35.0, ""delta_T"": 20.0, ""v_reset"": -45.0}","{""C_m"": 200.0, ""g_L"": 10.0, ""E_L"": -70.0, ""v_T"": -50.0, ""delta_T"": 2.0, ""v_reset"": -58.0}",2026-04-28T18:22:04.439167+00:00,0.17391304347826086,0.5,0.8888888888888888,0.6,0.9473684210526315,0.37142857142857144
tonic_095_nm_guarino,tonic,95,nm_guarino,1.0,9,9,0.5290305018424988,0.25197654962539673,0.25197654962539673,0.25197654962539673,training,50,0.6488232612609863,False,"{""C_m"": 122.7498185064376, ""g_L"": 12.62942746676846, ""E_L"": -72.58686967530335, ""v_T"": -47.35402877153042, ""delta_T"": 11.24652405012639, ""v_reset"": -48.074415073973185}","{""C_m"": 122.39735289310946, ""g_L"": 12.680387199807488, ""E_L"": -72.52682414620584, ""v_T"": -47.40430578082923, ""delta_T"": 11.463725663832957, ""v_reset"": -49.28849285503151}","{""C_m"": 200.0, ""g_L"": 10.0, ""E_L"": -70.0, ""v_T"": -50.0, ""delta_T"": 2.0, ""v_reset"": -58.0}",2026-04-28T18:22:05.088111+00:00,0.33740281350821977,0.33504839997593594,0.056151647693463105,0.10382776876683067,0.4980908244122609,0.24890020414195696
tonic_096_grad_guarino,tonic,96,grad_guarino,0.18571428571428572,9,11,1.1808706521987915,1.6892809867858887,1141.716064453125,1.1808706521987915,warmstart,25,1.5028069019317627,True,"{""C_m"": 110.42181147666021, ""g_L"": 7.4487267543794795, ""E_L"": -67.55068094936725, ""v_T"": -51.478040142705254, ""delta_T"": 6.831023385322612, ""v_reset"": -61.774784732072476}","{""C_m"": 110.42181147666021, ""g_L"": 7.4487267543794795, ""E_L"": -67.55068094936725, ""v_T"": -51.478040142705254, ""delta_T"": 6.831023385322612, ""v_reset"": -61.774784732072476}","{""C_m"": 200.0, ""g_L"": 10.0, ""E_L"": -70.0, ""v_T"": -50.0, ""delta_T"": 2.0, ""v_reset"": -58.0}",2026-04-28T18:22:06.591036+00:00,0.38947038488408603,0.31890915570256506,0.05442931223628338,0.05912160570821015,0.2542643887011901,0.10785099234492788
tonic_096_grad_vanrossum,tonic,96,grad_vanrossum,-1.0,9,3791,5.934980869293213,5.924932956695557,1291059.625,5.924932956695557,training,25,1.480767011642456,True,"{""C_m"": 110.42181147666021, ""g_L"": 7.4487267543794795, ""E_L"": -67.55068094936725, ""v_T"": -51.478040142705254, ""delta_T"": 6.831023385322612, ""v_reset"": -61.774784732072476}","{""C_m"": 10.0, ""g_L"": 14.0, ""E_L"": -65.0, ""v_T"": -60.0, ""delta_T"": 1.0, ""v_reset"": -45.0}","{""C_m"": 200.0, ""g_L"": 10.0, ""E_L"": -70.0, ""v_T"": -50.0, ""delta_T"": 2.0, ""v_reset"": -58.0}",2026-04-28T18:22:08.071912+00:00,0.8260869565217391,0.5,0.1111111111111111,0.4,0.05263157894736842,0.37142857142857144
tonic_096_nm_guarino,tonic,96,nm_guarino,-0.5625,9,9,1.1808706521987915,0.07511080056428909,0.07511080056428909,0.07511080056428909,training,50,0.5850403308868408,False,"{""C_m"": 110.42181147666021, ""g_L"": 7.4487267543794795, ""E_L"": -67.55068094936725, ""v_T"": -51.478040142705254, ""delta_T"": 6.831023385322612, ""v_reset"": -61.774784732072476}","{""C_m"": 117.1622998878894, ""g_L"": 7.534320234264633, ""E_L"": -70.88964391531556, ""v_T"": -49.29426198125512, ""delta_T"": 6.844978729546038, ""v_reset"": -60.82009270702545}","{""C_m"": 200.0, ""g_L"": 10.0, ""E_L"": -70.0, ""v_T"": -50.0, ""delta_T"": 2.0, ""v_reset"": -58.0}",2026-04-28T18:22:08.657496+00:00,0.36016391353091565,0.3082099707169209,0.019769864784790217,0.028229520749795255,0.25499888050242303,0.08057407734358435
tonic_097_grad_guarino,tonic,97,grad_guarino,0.08333333333333325,9,7,1.0728029012680054,1.2297340631484985,1.4498555660247803,1.0728029012680054,warmstart,25,1.303637981414795,True,"{""C_m"": 76.00532795381513, ""g_L"": 6.052306006757656, ""E_L"": -81.0006903139691, ""v_T"": -50.418643762373726, ""delta_T"": 19.16867696055423, ""v_reset"": -77.82634946041078}","{""C_m"": 76.00532795381513, ""g_L"": 6.052306006757656, ""E_L"": -81.0006903139691, ""v_T"": -50.418643762373726, ""delta_T"": 19.16867696055423, ""v_reset"": -77.82634946041078}","{""C_m"": 200.0, ""g_L"": 10.0, ""E_L"": -70.0, ""v_T"": -50.0, ""delta_T"": 2.0, ""v_reset"": -58.0}",2026-04-28T18:22:09.961877+00:00,0.5391072697660212,0.49346174915529295,0.24445978475486893,0.01674575049494905,0.9036145768712752,0.566467127440308
tonic_097_grad_vanrossum,tonic,97,grad_vanrossum,0.19377162629757788,9,8,5.555720329284668,6.362672805786133,2930.55712890625,5.555720329284668,warmstart,3,1.3302769660949707,True,"{""C_m"": 143.85897502413903, ""g_L"": 7.30061439266241, ""E_L"": -84.39019332559683, ""v_T"": -48.699209740563866, ""delta_T"": 5.074142529883964, ""v_reset"": -50.690047721792354}","{""C_m"": 143.85897502413903, ""g_L"": 7.30061439266241, ""E_L"": -84.39019332559683, ""v_T"": -48.699209740563866, ""delta_T"": 5.074142529883964, ""v_reset"": -50.690047721792354}","{""C_m"": 200.0, ""g_L"": 10.0, ""E_L"": -70.0, ""v_T"": -50.0, ""delta_T"": 2.0, ""v_reset"": -58.0}",2026-04-28T18:22:11.292271+00:00,0.24409141293852596,0.3374232009171988,0.3197820739021517,0.05203161037744536,0.16179697525705075,0.20885577937736133
tonic_097_nm_guarino,tonic,97,nm_guarino,0.08333333333333325,9,7,1.0728029012680054,0.9592688083648682,0.9592688083648682,0.9592688083648682,training,50,0.5841610431671143,False,"{""C_m"": 76.00532795381513, ""g_L"": 6.052306006757656, ""E_L"": -81.0006903139691, ""v_T"": -50.418643762373726, ""delta_T"": 19.16867696055423, ""v_reset"": -77.82634946041078}","{""C_m"": 76.00532795381513, ""g_L"": 6.052306006757656, ""E_L"": -81.0006903139691, ""v_T"": -50.418643762373726, ""delta_T"": 19.16867696055423, ""v_reset"": -80.0}","{""C_m"": 200.0, ""g_L"": 10.0, ""E_L"": -70.0, ""v_T"": -50.0, ""delta_T"": 2.0, ""v_reset"": -58.0}",2026-04-28T18:22:11.876550+00:00,0.5391072697660212,0.49346174915529295,0.24445978475486893,0.01674575049494905,0.9036145768712752,0.6285714285714286
tonic_098_grad_guarino,tonic,98,grad_guarino,1.0,9,9,0.45324817299842834,1.1750526428222656,11.644410133361816,0.45324817299842834,warmstart,25,1.2862789630889893,True,"{""C_m"": 88.58797518352509, ""g_L"": 7.341186672732603, ""E_L"": -87.45928133562958, ""v_T"": -56.22179135781669, ""delta_T"": 13.244056239782239, ""v_reset"": -63.66487537024403}","{""C_m"": 88.58797518352509, ""g_L"": 7.341186672732603, ""E_L"": -87.45928133562958, ""v_T"": -56.22179135781669, ""delta_T"": 13.244056239782239, ""v_reset"": -63.66487537024403}","{""C_m"": 200.0, ""g_L"": 10.0, ""E_L"": -70.0, ""v_T"": -50.0, ""delta_T"": 2.0, ""v_reset"": -58.0}",2026-04-28T18:22:13.162949+00:00,0.484400107897717,0.3323516659084246,0.3879840296806574,0.24887165431266767,0.5917924336727495,0.16185358200697236
tonic_098_grad_vanrossum,tonic,98,grad_vanrossum,0.451923076923077,9,17,4.8264946937561035,4.593747615814209,4.593747615814209,4.593747615814209,training,1,1.3098957538604736,True,"{""C_m"": 220.0054178117744, ""g_L"": 10.633033568994804, ""E_L"": -76.14137297884268, ""v_T"": -54.90559055046904, ""delta_T"": 2.567486045819326, ""v_reset"": -60.448123359608765}","{""C_m"": 211.8486785888672, ""g_L"": 10.11595344543457, ""E_L"": -68.46205139160156, ""v_T"": -57.91659164428711, ""delta_T"": 1.975098729133606, ""v_reset"": -60.568870544433594}","{""C_m"": 200.0, ""g_L"": 10.0, ""E_L"": -70.0, ""v_T"": -50.0, ""delta_T"": 2.0, ""v_reset"": -58.0}",2026-04-28T18:22:14.472955+00:00,0.051515993864639946,0.014494180679321289,0.0341766357421875,0.31666366577148436,0.0013105932034944232,0.07339630126953126
tonic_098_nm_guarino,tonic,98,nm_guarino,1.0,9,9,0.45324817299842834,0.3976142406463623,0.3976142406463623,0.3976142406463623,training,50,0.5953588485717773,False,"{""C_m"": 88.58797518352509, ""g_L"": 7.341186672732603, ""E_L"": -87.45928133562958, ""v_T"": -56.22179135781669, ""delta_T"": 13.244056239782239, ""v_reset"": -63.66487537024403}","{""C_m"": 87.25885175613163, ""g_L"": 7.488043973570303, ""E_L"": -89.20886686760659, ""v_T"": -55.870324826623204, ""delta_T"": 13.50899792267683, ""v_reset"": -61.76586377708867}","{""C_m"": 200.0, ""g_L"": 10.0, ""E_L"": -70.0, ""v_T"": -50.0, ""delta_T"": 2.0, ""v_reset"": -58.0}",2026-04-28T18:22:15.068544+00:00,0.4901789054081233,0.31399450330371215,0.4268637081690353,0.23481299306492814,0.6057367327724648,0.1075961079168191
tonic_099_grad_guarino,tonic,99,grad_guarino,-0.21527777777777773,9,9,0.49738073348999023,0.5733094215393066,8.840062141418457,0.49738073348999023,warmstart,25,1.2977609634399414,True,"{""C_m"": 115.0960680171784, ""g_L"": 13.850744624906593, ""E_L"": -67.126707306947, ""v_T"": -44.111941007159174, ""delta_T"": 14.40956828086645, ""v_reset"": -47.927092649166276}","{""C_m"": 115.0960680171784, ""g_L"": 13.850744624906593, ""E_L"": -67.126707306947, ""v_T"": -44.111941007159174, ""delta_T"": 14.40956828086645, ""v_reset"": -47.927092649166276}","{""C_m"": 200.0, ""g_L"": 10.0, ""E_L"": -70.0, ""v_T"": -50.0, ""delta_T"": 2.0, ""v_reset"": -58.0}",2026-04-28T18:22:16.366426+00:00,0.36914753036009396,0.4813430781133241,0.06385094873451116,0.23552235971363303,0.6531351726771816,0.28779735288096353
tonic_099_grad_vanrossum,tonic,99,grad_vanrossum,0.5964912280701755,9,10,4.999900817871094,5.33143949508667,26.00746726989746,4.999900817871094,warmstart,25,1.4705288410186768,True,"{""C_m"": 49.04345094039381, ""g_L"": 8.946733275205453, ""E_L"": -105.98575828664792, ""v_T"": -59.25799347079102, ""delta_T"": 13.730427704228603, ""v_reset"": -61.47287787215069}","{""C_m"": 49.04345094039381, ""g_L"": 8.946733275205453, ""E_L"": -105.98575828664792, ""v_T"": -59.25799347079102, ""delta_T"": 13.730427704228603, ""v_reset"": -61.47287787215069}","{""C_m"": 200.0, ""g_L"": 10.0, ""E_L"": -70.0, ""v_T"": -50.0, ""delta_T"": 2.0, ""v_reset"": -58.0}",2026-04-28T18:22:17.837070+00:00,0.6563328219982877,0.13165834059931836,0.7996835174810649,0.3703197388316408,0.6173909318015054,0.09922508206144828
tonic_099_nm_guarino,tonic,99,nm_guarino,-0.21527777777777773,9,9,0.49738073348999023,0.4957377314567566,0.4957377314567566,0.4957377314567566,training,50,0.591209888458252,False,"{""C_m"": 115.0960680171784, ""g_L"": 13.850744624906593, ""E_L"": -67.126707306947, ""v_T"": -44.111941007159174, ""delta_T"": 14.40956828086645, ""v_reset"": -47.927092649166276}","{""C_m"": 115.0960680171784, ""g_L"": 13.850744624906593, ""E_L"": -67.126707306947, ""v_T"": -44.111941007159174, ""delta_T"": 15.130046694909774, ""v_reset"": -47.927092649166276}","{""C_m"": 200.0, ""g_L"": 10.0, ""E_L"": -70.0, ""v_T"": -50.0, ""delta_T"": 2.0, ""v_reset"": -58.0}",2026-04-28T18:22:18.428407+00:00,0.36914753036009396,0.4813430781133241,0.06385094873451116,0.23552235971363303,0.6910550892057776,0.28779735288096353
adaptation_000_grad_guarino,adaptation,0,grad_guarino,-0.25,5,5,0.8932671546936035,0.9857561588287354,1.0863019227981567,0.8932671546936035,warmstart,25,1.3976991176605225,True,"{""C_m"": 70.69464944562343, ""g_L"": 7.411375991259942, ""E_L"": -78.68178365278408, ""v_T"": -44.943384562781986, ""delta_T"": 12.807859126837808, ""v_reset"": -70.41897037788664}","{""C_m"": 70.69464944562343, ""g_L"": 7.411375991259942, ""E_L"": -78.68178365278408, ""v_T"": -44.943384562781986, ""delta_T"": 12.807859126837808, ""v_reset"": -70.41897037788664}","{""C_m"": 200.0, ""g_L"": 12.0, ""E_L"": -70.0, ""v_T"": -50.0, ""delta_T"": 2.0, ""v_reset"": -58.0}",2026-04-28T18:22:20.002884+00:00,0.5621971763233763,0.5735780010925072,0.19292852561742393,0.20226461748872054,0.5688346908862004,0.35482772508247534
adaptation_000_grad_vanrossum,adaptation,0,grad_vanrossum,-0.21164021164021166,5,4,4.194557189941406,6.2961297035217285,34.20783615112305,4.194557189941406,warmstart,25,1.657008171081543,True,"{""C_m"": 73.91408739390621, ""g_L"": 6.867370890168299, ""E_L"": -106.05008366239811, ""v_T"": -58.84219811494793, ""delta_T"": 14.967530108942759, ""v_reset"": -66.16076664867128}","{""C_m"": 73.91408739390621, ""g_L"": 6.867370890168299, ""E_L"": -106.05008366239811, ""v_T"": -58.84219811494793, ""delta_T"": 14.967530108942759, ""v_reset"": -66.16076664867128}","{""C_m"": 200.0, ""g_L"": 12.0, ""E_L"": -70.0, ""v_T"": -50.0, ""delta_T"": 2.0, ""v_reset"": -58.0}",2026-04-28T18:22:21.660363+00:00,0.5481996200264947,0.6415786387289626,0.8011129702755135,0.35368792459791704,0.6825015846811978,0.23316476139060813
adaptation_000_nm_guarino,adaptation,0,nm_guarino,0.5,5,5,0.8932671546936035,0.413139671087265,0.413139671087265,0.413139671087265,training,50,0.5898942947387695,False,"{""C_m"": 70.69464944562343, ""g_L"": 7.411375991259942, ""E_L"": -78.68178365278408, ""v_T"": -44.943384562781986, ""delta_T"": 12.807859126837808, ""v_reset"": -70.41897037788664}","{""C_m"": 73.67006616563273, ""g_L"": 7.498075479735061, ""E_L"": -81.68858059074762, ""v_T"": -45.20407274918798, ""delta_T"": 12.677253217273933, ""v_reset"": -67.0105131884076}","{""C_m"": 200.0, ""g_L"": 12.0, ""E_L"": -70.0, ""v_T"": -50.0, ""delta_T"": 2.0, ""v_reset"": -58.0}",2026-04-28T18:22:22.250369+00:00,0.5492605818885533,0.5627405650331174,0.2597462353499471,0.19183709003248084,0.5619606956459965,0.25744323395450286
adaptation_001_grad_guarino,adaptation,1,grad_guarino,0.25,5,5,0.6980277299880981,0.5816606879234314,9.847834587097168,0.5816606879234314,training,3,1.2496099472045898,True,"{""C_m"": 70.38439712360127, ""g_L"": 10.081565189054675, ""E_L"": -87.23056087157931, ""v_T"": -47.156187831526644, ""delta_T"": 12.085519789564572, ""v_reset"": -54.56713854825114}","{""C_m"": 53.2480583190918, ""g_L"": 9.931548118591309, ""E_L"": -84.18290710449219, ""v_T"": -48.49827575683594, ""delta_T"": 11.96650218963623, ""v_reset"": -54.53299331665039}","{""C_m"": 200.0, ""g_L"": 12.0, ""E_L"": -70.0, ""v_T"": -50.0, ""delta_T"": 2.0, ""v_reset"": -58.0}",2026-04-28T18:22:23.500102+00:00,0.6380519203517748,0.2585564851760864,0.3151757134331597,0.0600689697265625,0.5245527468229595,0.09905733380998884
adaptation_001_grad_vanrossum,adaptation,1,grad_vanrossum,-0.4444444444444445,5,10,5.121516704559326,4.59678316116333,15.07509708404541,4.59678316116333,training,25,1.462289810180664,True,"{""C_m"": 91.574094566612, ""g_L"": 9.083181739706724, ""E_L"": -94.5437445720731, ""v_T"": -56.48630200657251, ""delta_T"": 7.889653386586902, ""v_reset"": -57.8726763960172}","{""C_m"": 10.899896621704102, ""g_L"": 7.441325664520264, ""E_L"": -69.24174499511719, ""v_T"": -58.588714599609375, ""delta_T"": 5.933454990386963, ""v_reset"": -59.2259521484375}","{""C_m"": 200.0, ""g_L"": 12.0, ""E_L"": -70.0, ""v_T"": -50.0, ""delta_T"": 2.0, ""v_reset"": -58.0}",2026-04-28T18:22:24.962517+00:00,0.82217436251433,0.569834291934967,0.016850111219618054,0.343548583984375,0.20702394686247172,0.035027204241071426
adaptation_001_nm_guarino,adaptation,1,nm_guarino,-0.25,5,5,0.6980277299880981,0.622204601764679,0.622204601764679,0.622204601764679,training,50,0.5920419692993164,False,"{""C_m"": 70.38439712360127, ""g_L"": 10.081565189054675, ""E_L"": -87.23056087157931, ""v_T"": -47.156187831526644, ""delta_T"": 12.085519789564572, ""v_reset"": -54.56713854825114}","{""C_m"": 71.55747040899465, ""g_L"": 10.249591275538918, ""E_L"": -82.86903282800034, ""v_T"": -47.94212429538542, ""delta_T"": 12.286945119390648, ""v_reset"": -55.47659085738866}","{""C_m"": 200.0, ""g_L"": 12.0, ""E_L"": -70.0, ""v_T"": -50.0, ""delta_T"": 2.0, ""v_reset"": -58.0}",2026-04-28T18:22:25.554683+00:00,0.558445780830458,0.2188010905576352,0.2859785072888965,0.08231502818458324,0.5414181641784551,0.07209740407460978
adaptation_002_grad_guarino,adaptation,2,grad_guarino,-0.25,5,5,0.5884696841239929,0.6526872515678406,0.6543024778366089,0.5884696841239929,warmstart,25,1.2860991954803467,True,"{""C_m"": 54.880910119563445, ""g_L"": 9.801371078978795, ""E_L"": -78.0642899482483, ""v_T"": -40.66786927812739, ""delta_T"": 14.320344462590194, ""v_reset"": -66.172755233929}","{""C_m"": 54.880910119563445, ""g_L"": 9.801371078978795, ""E_L"": -78.0642899482483, ""v_T"": -40.66786927812739, ""delta_T"": 14.320344462590194, ""v_reset"": -66.172755233929}","{""C_m"": 200.0, ""g_L"": 12.0, ""E_L"": -70.0, ""v_T"": -50.0, ""delta_T"": 2.0, ""v_reset"": -58.0}",2026-04-28T18:22:26.841026+00:00,0.6309525646975502,0.27482861512765067,0.17920644329440671,0.37328522887490434,0.6484391822415891,0.2335072923979713
adaptation_002_grad_vanrossum,adaptation,2,grad_vanrossum,-0.2678571428571429,5,11,4.2886528968811035,3.802067518234253,1294064.125,3.802067518234253,training,25,1.460845947265625,True,"{""C_m"": 68.05321939611747, ""g_L"": 12.199361816179096, ""E_L"": -82.04219046889477, ""v_T"": -51.55093938667979, ""delta_T"": 8.303790068469961, ""v_reset"": -55.23688681626816}","{""C_m"": 10.0, ""g_L"": 6.088621616363525, ""E_L"": -65.0, ""v_T"": -60.0, ""delta_T"": 2.9371235370635986, ""v_reset"": -71.46171569824219}","{""C_m"": 200.0, ""g_L"": 12.0, ""E_L"": -70.0, ""v_T"": -50.0, ""delta_T"": 2.0, ""v_reset"": -58.0}",2026-04-28T18:22:28.301987+00:00,0.8260869565217391,0.7389222979545593,0.1111111111111111,0.4,0.04932229142439993,0.38462044852120536
adaptation_002_nm_guarino,adaptation,2,nm_guarino,-0.25,5,5,0.5884696841239929,0.4854288399219513,0.4854288399219513,0.4854288399219513,training,50,0.5891399383544922,False,"{""C_m"": 54.880910119563445, ""g_L"": 9.801371078978795, ""E_L"": -78.0642899482483, ""v_T"": -40.66786927812739, ""delta_T"": 14.320344462590194, ""v_reset"": -66.172755233929}","{""C_m"": 56.22318564948746, ""g_L"": 9.38008457367036, ""E_L"": -78.64748780253588, ""v_T"": -41.04962319984799, ""delta_T"": 14.566972231118797, ""v_reset"": -67.31239534547566}","{""C_m"": 200.0, ""g_L"": 12.0, ""E_L"": -70.0, ""v_T"": -50.0, ""delta_T"": 2.0, ""v_reset"": -58.0}",2026-04-28T18:22:28.891239+00:00,0.6251165841326632,0.3274894282912051,0.1921663956119084,0.3580150720060803,0.6614195911115156,0.2660684384421618
adaptation_003_grad_guarino,adaptation,3,grad_guarino,-0.21164021164021166,5,4,0.9761493802070618,0.9689775109291077,0.9708563685417175,0.9689775109291077,training,25,1.303990125656128,True,"{""C_m"": 44.27048241352695, ""g_L"": 10.340741624562718, ""E_L"": -83.16908054216903, ""v_T"": -41.33220607886722, ""delta_T"": 13.260500303449755, ""v_reset"": -68.89255906220201}","{""C_m"": 46.54127502441406, ""g_L"": 10.371064186096191, ""E_L"": -83.68399810791016, ""v_T"": -41.26325225830078, ""delta_T"": 13.193805694580078, ""v_reset"": -68.87220764160156}","{""C_m"": 200.0, ""g_L"": 12.0, ""E_L"": -70.0, ""v_T"": -50.0, ""delta_T"": 2.0, ""v_reset"": -58.0}",2026-04-28T18:22:30.195344+00:00,0.6672118477199389,0.20361697673797607,0.3040888468424479,0.34946990966796876,0.5891476681357936,0.31063450404575893
adaptation_003_grad_vanrossum,adaptation,3,grad_vanrossum,-0.06944444444444445,5,1,5.081332683563232,4.172384262084961,6.451685905456543,4.172384262084961,training,25,1.4677250385284424,True,"{""C_m"": 116.41410412476374, ""g_L"": 13.154224532383994, ""E_L"": -79.1284560361956, ""v_T"": -50.930316061758234, ""delta_T"": 6.018667769593059, ""v_reset"": -64.32184355288713}","{""C_m"": 163.149169921875, ""g_L"": 13.1774263381958, ""E_L"": -85.48150634765625, ""v_T"": -48.063270568847656, ""delta_T"": 6.612154006958008, ""v_reset"": -64.18009948730469}","{""C_m"": 200.0, ""g_L"": 12.0, ""E_L"": -70.0, ""v_T"": -50.0, ""delta_T"": 2.0, ""v_reset"": -58.0}",2026-04-28T18:22:31.663186+00:00,0.1602210003396739,0.1471782922744751,0.3440334743923611,0.07746917724609376,0.24274494773463198,0.17657427106584822
adaptation_003_nm_guarino,adaptation,3,nm_guarino,0.05291005291005289,5,4,0.9761493802070618,0.9197089076042175,0.9197089076042175,0.9197089076042175,training,50,0.582495927810669,False,"{""C_m"": 44.27048241352695, ""g_L"": 10.340741624562718, ""E_L"": -83.16908054216903, ""v_T"": -41.33220607886722, ""delta_T"": 13.260500303449755, ""v_reset"": -68.89255906220201}","{""C_m"": 45.70176449834683, ""g_L"": 10.457236055512467, ""E_L"": -83.87554459795146, ""v_T"": -41.9086168851715, ""delta_T"": 13.409887503424851, ""v_reset"": -66.23556313590065}","{""C_m"": 200.0, ""g_L"": 12.0, ""E_L"": -70.0, ""v_T"": -50.0, ""delta_T"": 2.0, ""v_reset"": -58.0}",2026-04-28T18:22:32.246100+00:00,0.6708618934854484,0.19284549306094156,0.30834543551003246,0.3236553245931401,0.6005203949170974,0.23530180388287567
adaptation_004_grad_guarino,adaptation,4,grad_guarino,0.25,5,5,0.7079878449440002,0.8052315711975098,13.02640438079834,0.7079878449440002,warmstart,25,1.386106014251709,True,"{""C_m"": 234.80840121808635, ""g_L"": 10.352108279899486, ""E_L"": -69.71004509823183, ""v_T"": -53.89294147388772, ""delta_T"": 2.5687351477543543, ""v_reset"": -61.095520702478005}","{""C_m"": 234.80840121808635, ""g_L"": 10.352108279899486, ""E_L"": -69.71004509823183, ""v_T"": -53.89294147388772, ""delta_T"": 2.5687351477543543, ""v_reset"": -61.095520702478005}","{""C_m"": 200.0, ""g_L"": 12.0, ""E_L"": -70.0, ""v_T"": -50.0, ""delta_T"": 2.0, ""v_reset"": -58.0}",2026-04-28T18:22:33.632336+00:00,0.15134087486124498,0.20598646501256423,0.006443442261514873,0.15571765895550868,0.02993342882917654,0.08844344864222872
adaptation_004_grad_vanrossum,adaptation,4,grad_vanrossum,0.25,5,5,3.2356507778167725,3.4876668453216553,30.963850021362305,3.2356507778167725,warmstart,25,1.6760849952697754,True,"{""C_m"": 234.80840121808635, ""g_L"": 10.352108279899486, ""E_L"": -69.71004509823183, ""v_T"": -53.89294147388772, ""delta_T"": 2.5687351477543543, ""v_reset"": -61.095520702478005}","{""C_m"": 234.80840121808635, ""g_L"": 10.352108279899486, ""E_L"": -69.71004509823183, ""v_T"": -53.89294147388772, ""delta_T"": 2.5687351477543543, ""v_reset"": -61.095520702478005}","{""C_m"": 200.0, ""g_L"": 12.0, ""E_L"": -70.0, ""v_T"": -50.0, ""delta_T"": 2.0, ""v_reset"": -58.0}",2026-04-28T18:22:35.308550+00:00,0.15134087486124498,0.20598646501256423,0.006443442261514873,0.15571765895550868,0.02993342882917654,0.08844344864222872
adaptation_004_nm_guarino,adaptation,4,nm_guarino,0.75,5,5,0.7079878449440002,0.40011847019195557,0.40011847019195557,0.40011847019195557,training,50,0.5926408767700195,False,"{""C_m"": 234.80840121808635, ""g_L"": 10.352108279899486, ""E_L"": -69.71004509823183, ""v_T"": -53.89294147388772, ""delta_T"": 2.5687351477543543, ""v_reset"": -61.095520702478005}","{""C_m"": 235.07449315391102, ""g_L"": 10.632369841632528, ""E_L"": -73.16922782149337, ""v_T"": -54.47741507769881, ""delta_T"": 2.5203056945733664, ""v_reset"": -60.5822166746386}","{""C_m"": 200.0, ""g_L"": 12.0, ""E_L"": -70.0, ""v_T"": -50.0, ""delta_T"": 2.0, ""v_reset"": -58.0}",2026-04-28T18:22:35.901315+00:00,0.15249779632135227,0.17095376979593402,0.07042728492207478,0.1790966031079523,0.027384510240703496,0.07377761927538862
adaptation_005_grad_guarino,adaptation,5,grad_guarino,0.25,5,5,0.6811134219169617,0.9043225646018982,0.9489569067955017,0.6811134219169617,warmstart,25,1.2979180812835693,True,"{""C_m"": 100.54788556010938, ""g_L"": 9.509891826144246, ""E_L"": -66.53726407566025, ""v_T"": -41.823457267899315, ""delta_T"": 10.961317086748197, ""v_reset"": -62.31078817073367}","{""C_m"": 100.54788556010938, ""g_L"": 9.509891826144246, ""E_L"": -66.53726407566025, ""v_T"": -41.823457267899315, ""delta_T"": 10.961317086748197, ""v_reset"": -62.31078817073367}","{""C_m"": 200.0, ""g_L"": 12.0, ""E_L"": -70.0, ""v_T"": -50.0, ""delta_T"": 2.0, ""v_reset"": -58.0}",2026-04-28T18:22:37.199343+00:00,0.43240049756474186,0.31126352173196925,0.07694968720755008,0.3270617092840274,0.4716482677235893,0.12316537630667637
adaptation_005_grad_vanrossum,adaptation,5,grad_vanrossum,-0.0478468899521531,5,6,4.456760883331299,4.042703151702881,6.149173259735107,4.042703151702881,training,25,1.4732141494750977,True,"{""C_m"": 61.709719137774385, ""g_L"": 10.697976769672092, ""E_L"": -75.43817324601247, ""v_T"": -45.02115029449895, ""delta_T"": 1.8799108224650303, ""v_reset"": -60.215743721636606}","{""C_m"": 34.883934020996094, ""g_L"": 10.338611602783203, ""E_L"": -71.95875549316406, ""v_T"": -47.84495544433594, ""delta_T"": 1.8123698234558105, ""v_reset"": -60.28515625}","{""C_m"": 200.0, ""g_L"": 12.0, ""E_L"": -70.0, ""v_T"": -50.0, ""delta_T"": 2.0, ""v_reset"": -58.0}",2026-04-28T18:22:38.672683+00:00,0.7178959390391474,0.2076735496520996,0.04352789984809028,0.0862017822265625,0.009875272449694182,0.06529017857142858
adaptation_005_nm_guarino,adaptation,5,nm_guarino,0.5,5,5,0.6811134219169617,0.3195051848888397,0.3195051848888397,0.3195051848888397,training,50,0.5862982273101807,False,"{""C_m"": 100.54788556010938, ""g_L"": 9.509891826144246, ""E_L"": -66.53726407566025, ""v_T"": -41.823457267899315, ""delta_T"": 10.961317086748197, ""v_reset"": -62.31078817073367}","{""C_m"": 87.72314893871331, ""g_L"": 10.587117527530724, ""E_L"": -69.58034548691616, ""v_T"": -41.16834383733419, ""delta_T"": 10.938917980633535, ""v_reset"": -61.39737019421105}","{""C_m"": 200.0, ""g_L"": 12.0, ""E_L"": -70.0, ""v_T"": -50.0, ""delta_T"": 2.0, ""v_reset"": -58.0}",2026-04-28T18:22:39.259482+00:00,0.48816022200559434,0.1766103090586595,0.009325655846307592,0.35326624650663235,0.47046936740176504,0.09706771983460141
adaptation_006_grad_guarino,adaptation,6,grad_guarino,0.0,5,5,0.6414576172828674,1.1038792133331299,22.73148536682129,0.6414576172828674,warmstart,25,1.2928316593170166,True,"{""C_m"": 135.9888847547848, ""g_L"": 7.691228690046597, ""E_L"": -97.12999097247933, ""v_T"": -59.99108375541843, ""delta_T"": 8.145020024535716, ""v_reset"": -58.14070076185767}","{""C_m"": 135.9888847547848, ""g_L"": 7.691228690046597, ""E_L"": -97.12999097247933, ""v_T"": -59.99108375541843, ""delta_T"": 8.145020024535716, ""v_reset"": -58.14070076185767}","{""C_m"": 200.0, ""g_L"": 12.0, ""E_L"": -70.0, ""v_T"": -50.0, ""delta_T"": 2.0, ""v_reset"": -58.0}",2026-04-28T18:22:40.552433+00:00,0.27830919671832693,0.5385964137441753,0.6028886882773186,0.3996433502167372,0.32342210655451137,0.00402002176736208
adaptation_006_grad_vanrossum,adaptation,6,grad_vanrossum,0.11363636363636365,5,3,4.210146427154541,4.486225605010986,5.939915657043457,4.210146427154541,warmstart,25,1.5261340141296387,True,"{""C_m"": 207.66687492111564, ""g_L"": 13.042912291145292, ""E_L"": -65.1111405419056, ""v_T"": -41.735490970130066, ""delta_T"": 1.441768334585296, ""v_reset"": -59.08694007619634}","{""C_m"": 207.66687492111564, ""g_L"": 13.042912291145292, ""E_L"": -65.1111405419056, ""v_T"": -41.735490970130066, ""delta_T"": 1.441768334585296, ""v_reset"": -59.08694007619634}","{""C_m"": 200.0, ""g_L"": 12.0, ""E_L"": -70.0, ""v_T"": -50.0, ""delta_T"": 2.0, ""v_reset"": -58.0}",2026-04-28T18:22:42.078689+00:00,0.03333423878745928,0.13036403639316152,0.1086413212909867,0.3305803611947974,0.029380613969194943,0.031055430748466912
adaptation_006_nm_guarino,adaptation,6,nm_guarino,-0.21164021164021166,5,4,0.6414576172828674,0.20569291710853577,0.20569291710853577,0.20569291710853577,training,50,0.9494857788085938,False,"{""C_m"": 135.9888847547848, ""g_L"": 7.691228690046597, ""E_L"": -97.12999097247933, ""v_T"": -59.99108375541843, ""delta_T"": 8.145020024535716, ""v_reset"": -58.14070076185767}","{""C_m"": 136.46791187595775, ""g_L"": 7.8046074404054995, ""E_L"": -95.74330387874893, ""v_T"": -59.987020545272244, ""delta_T"": 8.329272749442477, ""v_reset"": -61.002088661056916}","{""C_m"": 200.0, ""g_L"": 12.0, ""E_L"": -70.0, ""v_T"": -50.0, ""delta_T"": 2.0, ""v_reset"": -58.0}",2026-04-28T18:22:43.028349+00:00,0.2762264701045315,0.5244240699493126,0.572073419527754,0.3994808218108898,0.33311961839170934,0.08577396174448333
adaptation_007_grad_guarino,adaptation,7,grad_guarino,0.31746031746031744,5,4,0.5981321930885315,0.6538475751876831,3.6423943042755127,0.5981321930885315,warmstart,25,1.3630688190460205,True,"{""C_m"": 59.81339972548607, ""g_L"": 6.5950597602480965, ""E_L"": -96.55235125084953, ""v_T"": -47.51338467857165, ""delta_T"": 6.880261829551272, ""v_reset"": -69.97916841685286}","{""C_m"": 59.81339972548607, ""g_L"": 6.5950597602480965, ""E_L"": -96.55235125084953, ""v_T"": -47.51338467857165, ""delta_T"": 6.880261829551272, ""v_reset"": -69.97916841685286}","{""C_m"": 200.0, ""g_L"": 12.0, ""E_L"": -70.0, ""v_T"": -50.0, ""delta_T"": 2.0, ""v_reset"": -58.0}",2026-04-28T18:22:44.391703+00:00,0.609506957715278,0.6756175299689879,0.5900522500188784,0.09946461285713411,0.25685588576585644,0.3422619547672245
adaptation_007_grad_vanrossum,adaptation,7,grad_vanrossum,0.11363636363636365,5,3,5.207115173339844,3.7315521240234375,10.60863971710205,3.7315521240234375,training,25,1.4977378845214844,True,"{""C_m"": 82.44966152707231, ""g_L"": 12.127983998679738, ""E_L"": -84.75464708031407, ""v_T"": -49.07109523725047, ""delta_T"": 2.487883923415812, ""v_reset"": -61.80794523094235}","{""C_m"": 76.07405090332031, ""g_L"": 12.055074691772461, ""E_L"": -82.77950286865234, ""v_T"": -49.79413986206055, ""delta_T"": 2.4713010787963867, ""v_reset"": -61.753761291503906}","{""C_m"": 200.0, ""g_L"": 12.0, ""E_L"": -70.0, ""v_T"": -50.0, ""delta_T"": 2.0, ""v_reset"": -58.0}",2026-04-28T18:22:45.889570+00:00,0.53880847433339,0.006884336471557617,0.28398895263671875,0.008234405517578125,0.024805319936651932,0.10725032261439732
adaptation_007_nm_guarino,adaptation,7,nm_guarino,0.5820105820105821,5,4,0.5981321930885315,0.5320369005203247,0.5320369005203247,0.5320369005203247,training,50,0.5875158309936523,False,"{""C_m"": 59.81339972548607, ""g_L"": 6.5950597602480965, ""E_L"": -96.55235125084953, ""v_T"": -47.51338467857165, ""delta_T"": 6.880261829551272, ""v_reset"": -69.97916841685286}","{""C_m"": 61.135210817379516, ""g_L"": 6.705625426061994, ""E_L"": -96.6889261830826, ""v_T"": -47.8620553707041, ""delta_T"": 7.003728026041582, ""v_reset"": -65.8705198892388}","{""C_m"": 200.0, ""g_L"": 12.0, ""E_L"": -70.0, ""v_T"": -50.0, ""delta_T"": 2.0, ""v_reset"": -58.0}",2026-04-28T18:22:46.477203+00:00,0.6037599529679152,0.6617968217422507,0.5930872485129467,0.08551778517183607,0.26335410663376746,0.2248719968353945
adaptation_008_grad_guarino,adaptation,8,grad_guarino,1.0,5,5,0.42369359731674194,0.26500362157821655,0.3209356963634491,0.26500362157821655,training,25,1.3059849739074707,True,"{""C_m"": 64.10022855887816, ""g_L"": 6.784029610242009, ""E_L"": -100.11558938687418, ""v_T"": -52.20018766465711, ""delta_T"": 16.52296377497942, ""v_reset"": -61.69329565439377}","{""C_m"": 65.10406494140625, ""g_L"": 6.785116672515869, ""E_L"": -100.16056823730469, ""v_T"": -52.178955078125, ""delta_T"": 16.5181884765625, ""v_reset"": -61.71258544921875}","{""C_m"": 200.0, ""g_L"": 12.0, ""E_L"": -70.0, ""v_T"": -50.0, ""delta_T"": 2.0, ""v_reset"": -58.0}",2026-04-28T18:22:47.783314+00:00,0.5865040654721467,0.6518604159355164,0.6702348497178819,0.087158203125,0.7641151829769737,0.10607386997767858
adaptation_008_grad_vanrossum,adaptation,8,grad_vanrossum,-0.2678571428571429,5,11,4.559096813201904,4.284928798675537,34.019107818603516,4.284928798675537,training,25,1.5891358852386475,True,"{""C_m"": 155.35171408442025, ""g_L"": 9.480338636514244, ""E_L"": -82.79929188861186, ""v_T"": -57.990143334561964, ""delta_T"": 4.2336473399048025, ""v_reset"": -57.962759060705785}","{""C_m"": 10.0, ""g_L"": 6.0, ""E_L"": -65.0, ""v_T"": -60.0, ""delta_T"": 1.0, ""v_reset"": -79.99407196044922}","{""C_m"": 200.0, ""g_L"": 12.0, ""E_L"": -70.0, ""v_T"": -50.0, ""delta_T"": 2.0, ""v_reset"": -58.0}",2026-04-28T18:22:49.372572+00:00,0.8260869565217391,0.75,0.1111111111111111,0.4,0.05263157894736842,0.6284020560128348
adaptation_008_nm_guarino,adaptation,8,nm_guarino,0.25,5,5,0.42369359731674194,0.3925403356552124,0.3925403356552124,0.3925403356552124,training,50,0.8130548000335693,False,"{""C_m"": 64.10022855887816, ""g_L"": 6.784029610242009, ""E_L"": -100.11558938687418, ""v_T"": -52.20018766465711, ""delta_T"": 16.52296377497942, ""v_reset"": -61.69329565439377}","{""C_m"": 64.10022855887816, ""g_L"": 6.784029610242009, ""E_L"": -100.11558938687418, ""v_T"": -52.20018766465711, ""delta_T"": 17.34911196372839, ""v_reset"": -61.69329565439377}","{""C_m"": 200.0, ""g_L"": 12.0, ""E_L"": -70.0, ""v_T"": -50.0, ""delta_T"": 2.0, ""v_reset"": -58.0}",2026-04-28T18:22:50.186079+00:00,0.5908685714831385,0.6519962987197488,0.6692353197083151,0.08800750658628431,0.8078479980909679,0.1055227329826792
adaptation_009_grad_guarino,adaptation,9,grad_guarino,0.5,5,5,0.8403909206390381,0.8467435240745544,1756.360107421875,0.8403909206390381,warmstart,25,1.2847950458526611,True,"{""C_m"": 177.86194198518476, ""g_L"": 10.990957555575328, ""E_L"": -67.4711457017711, ""v_T"": -53.44906399164055, ""delta_T"": 5.6467935583984055, ""v_reset"": -69.9987240447018}","{""C_m"": 177.86194198518476, ""g_L"": 10.990957555575328, ""E_L"": -67.4711457017711, ""v_T"": -53.44906399164055, ""delta_T"": 5.6467935583984055, ""v_reset"": -69.9987240447018}","{""C_m"": 200.0, ""g_L"": 12.0, ""E_L"": -70.0, ""v_T"": -50.0, ""delta_T"": 2.0, ""v_reset"": -58.0}",2026-04-28T18:22:51.470988+00:00,0.09625242615137063,0.12613030555308402,0.05619676218286429,0.137962559665622,0.1919365030736003,0.34282068699148005
adaptation_009_grad_vanrossum,adaptation,9,grad_vanrossum,0.18633540372670807,5,2,4.248188018798828,4.526308536529541,7.570810794830322,4.248188018798828,warmstart,25,1.4811630249023438,True,"{""C_m"": 49.088537804460344, ""g_L"": 11.391125043408941, ""E_L"": -85.43367560629278, ""v_T"": -46.16053682808014, ""delta_T"": 5.386675694420251, ""v_reset"": -61.64310004341791}","{""C_m"": 49.088537804460344, ""g_L"": 11.391125043408941, ""E_L"": -85.43367560629278, ""v_T"": -46.16053682808014, ""delta_T"": 5.386675694420251, ""v_reset"": -61.64310004341791}","{""C_m"": 200.0, ""g_L"": 12.0, ""E_L"": -70.0, ""v_T"": -50.0, ""delta_T"": 2.0, ""v_reset"": -58.0}",2026-04-28T18:22:52.952269+00:00,0.6561367921545203,0.07610936957388237,0.34297056902872847,0.1535785268767944,0.17824608918001322,0.10408857266908314
adaptation_009_nm_guarino,adaptation,9,nm_guarino,0.5,5,5,0.8403909206390381,0.6543610692024231,0.6543610692024231,0.6543610692024231,training,50,0.5849151611328125,False,"{""C_m"": 177.86194198518476, ""g_L"": 10.990957555575328, ""E_L"": -67.4711457017711, ""v_T"": -53.44906399164055, ""delta_T"": 5.6467935583984055, ""v_reset"": -69.9987240447018}","{""C_m"": 177.9109135290163, ""g_L"": 12.177643288531607, ""E_L"": -69.66797994778493, ""v_T"": -52.87530468658247, ""delta_T"": 5.275134940522705, ""v_reset"": -65.52443411466164}","{""C_m"": 200.0, ""g_L"": 12.0, ""E_L"": -70.0, ""v_T"": -50.0, ""delta_T"": 2.0, ""v_reset"": -58.0}",2026-04-28T18:22:53.537296+00:00,0.09603950639558125,0.02220541106645091,0.007378223382557141,0.11501218746329869,0.1723755231854055,0.21498383184747558
adaptation_010_grad_guarino,adaptation,10,grad_guarino,0.25,5,5,0.9704050421714783,0.725864052772522,7.278430461883545,0.725864052772522,training,25,1.2993671894073486,True,"{""C_m"": 91.54891089675766, ""g_L"": 9.868351102071127, ""E_L"": -75.77590540264188, ""v_T"": -50.08958030314761, ""delta_T"": 12.884544973360201, ""v_reset"": -70.37294898228384}","{""C_m"": 93.90756225585938, ""g_L"": 9.857476234436035, ""E_L"": -75.85546875, ""v_T"": -49.92493438720703, ""delta_T"": 13.019763946533203, ""v_reset"": -70.38491821289062}","{""C_m"": 200.0, ""g_L"": 12.0, ""E_L"": -70.0, ""v_T"": -50.0, ""delta_T"": 2.0, ""v_reset"": -58.0}",2026-04-28T18:22:54.836782+00:00,0.4612714684527853,0.2678154706954956,0.13012152777777777,0.00300262451171875,0.5799875761333265,0.3538548060825893
adaptation_010_grad_vanrossum,adaptation,10,grad_vanrossum,0.39772727272727276,5,3,4.2173590660095215,3.9753780364990234,5.118056297302246,3.9753780364990234,training,25,1.4876279830932617,True,"{""C_m"": 154.7037652868653, ""g_L"": 12.945979899098042, ""E_L"": -67.49446411746827, ""v_T"": -43.83372039905994, ""delta_T"": 1.8328132283815703, ""v_reset"": -66.90370893257213}","{""C_m"": 156.50267028808594, ""g_L"": 12.95082950592041, ""E_L"": -67.52226257324219, ""v_T"": -43.570587158203125, ""delta_T"": 1.8392161130905151, ""v_reset"": -66.95853424072266}","{""C_m"": 200.0, ""g_L"": 12.0, ""E_L"": -70.0, ""v_T"": -50.0, ""delta_T"": 2.0, ""v_reset"": -58.0}",2026-04-28T18:22:56.324529+00:00,0.18911882483440898,0.11885368824005127,0.05506083170572917,0.257176513671875,0.008462309837341309,0.25595812116350447
adaptation_010_nm_guarino,adaptation,10,nm_guarino,1.0,5,5,0.9704050421714783,0.4372580647468567,0.4372580647468567,0.4372580647468567,training,50,0.5884008407592773,False,"{""C_m"": 91.54891089675766, ""g_L"": 9.868351102071127, ""E_L"": -75.77590540264188, ""v_T"": -50.08958030314761, ""delta_T"": 12.884544973360201, ""v_reset"": -70.37294898228384}","{""C_m"": 96.79039343927087, ""g_L"": 9.923195637676432, ""E_L"": -79.47791161950958, ""v_T"": -49.737313991758285, ""delta_T"": 12.894823732491037, ""v_reset"": -64.51684881133076}","{""C_m"": 200.0, ""g_L"": 12.0, ""E_L"": -70.0, ""v_T"": -50.0, ""delta_T"": 2.0, ""v_reset"": -58.0}",2026-04-28T18:22:56.913428+00:00,0.4487374198292571,0.25960054529044596,0.21062025821132407,0.010507440329668612,0.5734117753942651,0.186195680323736
adaptation_011_grad_guarino,adaptation,11,grad_guarino,0.0,5,5,0.8201425671577454,0.8185570240020752,22.762969970703125,0.8185570240020752,training,25,1.3262240886688232,True,"{""C_m"": 151.60464549647853, ""g_L"": 10.418832829769954, ""E_L"": -65.18313792119936, ""v_T"": -49.661050302883815, ""delta_T"": 8.146243857235897, ""v_reset"": -68.44723926394417}","{""C_m"": 153.81919860839844, ""g_L"": 10.414413452148438, ""E_L"": -65.1832275390625, ""v_T"": -49.43596267700195, ""delta_T"": 8.230583190917969, ""v_reset"": -68.49688720703125}","{""C_m"": 200.0, ""g_L"": 12.0, ""E_L"": -70.0, ""v_T"": -50.0, ""delta_T"": 2.0, ""v_reset"": -58.0}",2026-04-28T18:22:58.239767+00:00,0.20078609300696332,0.1981983184814453,0.10703938802083333,0.022561492919921874,0.32792543110094574,0.2999110630580357
adaptation_011_grad_vanrossum,adaptation,11,grad_vanrossum,0.11363636363636365,5,3,3.68623423576355,3.9464681148529053,8.47422981262207,3.68623423576355,warmstart,25,1.4623191356658936,True,"{""C_m"": 218.55660432402132, ""g_L"": 13.450975777198835, ""E_L"": -73.34829202015105, ""v_T"": -48.4659628858253, ""delta_T"": 4.755605484780041, ""v_reset"": -53.015528979248245}","{""C_m"": 218.55660432402132, ""g_L"": 13.450975777198835, ""E_L"": -73.34829202015105, ""v_T"": -48.4659628858253, ""delta_T"": 4.755605484780041, ""v_reset"": -53.015528979248245}","{""C_m"": 200.0, ""g_L"": 12.0, ""E_L"": -70.0, ""v_T"": -50.0, ""delta_T"": 2.0, ""v_reset"": -58.0}",2026-04-28T18:22:59.702199+00:00,0.0806808883653101,0.18137197214985434,0.07440648933668999,0.061361484566988055,0.14503186762000217,0.14241345773576444
adaptation_011_nm_guarino,adaptation,11,nm_guarino,0.0,5,5,0.8201425671577454,0.7034235000610352,0.7034235000610352,0.7034235000610352,training,50,0.6029272079467773,False,"{""C_m"": 151.60464549647853, ""g_L"": 10.418832829769954, ""E_L"": -65.18313792119936, ""v_T"": -49.661050302883815, ""delta_T"": 8.146243857235897, ""v_reset"": -68.44723926394417}","{""C_m"": 151.6181792274698, ""g_L"": 11.205192232912173, ""E_L"": -65.56316535202619, ""v_T"": -48.055300482121226, ""delta_T"": 7.626591781256391, ""v_reset"": -64.29613105991305}","{""C_m"": 200.0, ""g_L"": 12.0, ""E_L"": -70.0, ""v_T"": -50.0, ""delta_T"": 2.0, ""v_reset"": -58.0}",2026-04-28T18:23:00.305237+00:00,0.21035574248926175,0.09935097088597833,0.09859632551052913,0.07778798071515097,0.29613640953981,0.1798894588546586
adaptation_012_grad_guarino,adaptation,12,grad_guarino,0.75,5,5,0.3322524130344391,0.3676781952381134,0.40142586827278137,0.3322524130344391,warmstart,25,1.2955660820007324,True,"{""C_m"": 94.64061543895893, ""g_L"": 11.737894475569755, ""E_L"": -69.24413929081891, ""v_T"": -39.32941574354129, ""delta_T"": 13.807322036453279, ""v_reset"": -51.1494696194994}","{""C_m"": 94.64061543895893, ""g_L"": 11.737894475569755, ""E_L"": -69.24413929081891, ""v_T"": -39.32941574354129, ""delta_T"": 13.807322036453279, ""v_reset"": -51.1494696194994}","{""C_m"": 200.0, ""g_L"": 12.0, ""E_L"": -70.0, ""v_T"": -50.0, ""delta_T"": 2.0, ""v_reset"": -58.0}",2026-04-28T18:23:01.600920+00:00,0.45808428070017854,0.03276319055378063,0.016796904648468728,0.4268233702583484,0.6214380019185937,0.1957294394428743
adaptation_012_grad_vanrossum,adaptation,12,grad_vanrossum,-0.21164021164021166,5,4,4.3619513511657715,5.78965950012207,10.371289253234863,4.3619513511657715,warmstart,25,1.467803716659546,True,"{""C_m"": 89.11419275700794, ""g_L"": 12.980135104543189, ""E_L"": -93.88840564030099, ""v_T"": -57.896538588813414, ""delta_T"": 16.797494966086163, ""v_reset"": -60.73646956940547}","{""C_m"": 89.11419275700794, ""g_L"": 12.980135104543189, ""E_L"": -93.88840564030099, ""v_T"": -57.896538588813414, ""delta_T"": 16.797494966086163, ""v_reset"": -60.73646956940547}","{""C_m"": 200.0, ""g_L"": 12.0, ""E_L"": -70.0, ""v_T"": -50.0, ""delta_T"": 2.0, ""v_reset"": -58.0}",2026-04-28T18:23:03.068842+00:00,0.4821122054043133,0.12251688806789862,0.5308534586733553,0.31586154355253654,0.7788155245308507,0.07818484484015634
adaptation_012_nm_guarino,adaptation,12,nm_guarino,1.0,5,5,0.3322524130344391,0.2557876706123352,0.2557876706123352,0.2557876706123352,training,50,0.6753699779510498,False,"{""C_m"": 94.64061543895893, ""g_L"": 11.737894475569755, ""E_L"": -69.24413929081891, ""v_T"": -39.32941574354129, ""delta_T"": 13.807322036453279, ""v_reset"": -51.1494696194994}","{""C_m"": 91.94202449024473, ""g_L"": 11.732934778991286, ""E_L"": -70.51222196380516, ""v_T"": -39.71378403697677, ""delta_T"": 14.121314454527333, ""v_reset"": -51.42405782768123}","{""C_m"": 200.0, ""g_L"": 12.0, ""E_L"": -70.0, ""v_T"": -50.0, ""delta_T"": 2.0, ""v_reset"": -58.0}",2026-04-28T18:23:03.744961+00:00,0.4698172848250229,0.03338315262608926,0.011382710306781342,0.4114486385209293,0.6379639186593333,0.18788406206625052
adaptation_013_grad_guarino,adaptation,13,grad_guarino,0.75,5,5,0.24932989478111267,0.27241989970207214,1.4131674766540527,0.24932989478111267,warmstart,25,1.526630163192749,True,"{""C_m"": 75.94290247378808, ""g_L"": 6.510018805671937, ""E_L"": -82.28422709560569, ""v_T"": -43.32156116839376, ""delta_T"": 9.729004703237692, ""v_reset"": -63.23233770157677}","{""C_m"": 75.94290247378808, ""g_L"": 6.510018805671937, ""E_L"": -82.28422709560569, ""v_T"": -43.32156116839376, ""delta_T"": 9.729004703237692, ""v_reset"": -63.23233770157677}","{""C_m"": 200.0, ""g_L"": 12.0, ""E_L"": -70.0, ""v_T"": -50.0, ""delta_T"": 2.0, ""v_reset"": -58.0}",2026-04-28T18:23:05.271708+00:00,0.5393786848965736,0.6862476492910079,0.27298282434679305,0.2671375532642497,0.4067897212230364,0.14949536290219337
adaptation_013_grad_vanrossum,adaptation,13,grad_vanrossum,-0.25,5,5,4.727563381195068,4.1277971267700195,5.358801364898682,4.1277971267700195,training,25,1.4952330589294434,True,"{""C_m"": 75.94290247378808, ""g_L"": 6.510018805671937, ""E_L"": -82.28422709560569, ""v_T"": -43.32156116839376, ""delta_T"": 9.729004703237692, ""v_reset"": -63.23233770157677}","{""C_m"": 61.845947265625, ""g_L"": 6.507585048675537, ""E_L"": -81.23348236083984, ""v_T"": -44.10268020629883, ""delta_T"": 9.039794921875, ""v_reset"": -63.11229705810547}","{""C_m"": 200.0, ""g_L"": 12.0, ""E_L"": -70.0, ""v_T"": -50.0, ""delta_T"": 2.0, ""v_reset"": -58.0}",2026-04-28T18:23:06.767069+00:00,0.6006697944972826,0.6865518689155579,0.24963294135199654,0.23589279174804687,0.37051552220394735,0.1460656302315848
adaptation_013_nm_guarino,adaptation,13,nm_guarino,0.75,5,5,0.24932989478111267,0.1055414006114006,0.1055414006114006,0.1055414006114006,training,50,0.5953328609466553,False,"{""C_m"": 75.94290247378808, ""g_L"": 6.510018805671937, ""E_L"": -82.28422709560569, ""v_T"": -43.32156116839376, ""delta_T"": 9.729004703237692, ""v_reset"": -63.23233770157677}","{""C_m"": 72.682440269702, ""g_L"": 6.5817863063146635, ""E_L"": -84.74547183315437, ""v_T"": -44.088536570077984, ""delta_T"": 9.859647528530541, ""v_reset"": -62.27574943911449}","{""C_m"": 200.0, ""g_L"": 12.0, ""E_L"": -70.0, ""v_T"": -50.0, ""delta_T"": 2.0, ""v_reset"": -58.0}",2026-04-28T18:23:07.362517+00:00,0.5535546075230348,0.6772767117106671,0.3276771518478749,0.23645853719688062,0.41366565939634425,0.12216426968898547
adaptation_014_grad_guarino,adaptation,14,grad_guarino,0.0,5,5,0.6030539274215698,1.029645323753357,22.730390548706055,0.6030539274215698,warmstart,25,1.3013579845428467,True,"{""C_m"": 126.29184465367474, ""g_L"": 7.162790547785732, ""E_L"": -91.54062976421679, ""v_T"": -55.39766584251871, ""delta_T"": 11.186563315257857, ""v_reset"": -55.517109995053175}","{""C_m"": 126.29184465367474, ""g_L"": 7.162790547785732, ""E_L"": -91.54062976421679, ""v_T"": -55.39766584251871, ""delta_T"": 11.186563315257857, ""v_reset"": -55.517109995053175}","{""C_m"": 200.0, ""g_L"": 12.0, ""E_L"": -70.0, ""v_T"": -50.0, ""delta_T"": 2.0, ""v_reset"": -58.0}",2026-04-28T18:23:08.663998+00:00,0.3204702406361968,0.6046511815267835,0.47868066142703974,0.2159066337007485,0.48350333238199245,0.07093971442705213
adaptation_014_grad_vanrossum,adaptation,14,grad_vanrossum,0.0,5,5,3.507697820663452,3.756075859069824,14.585535049438477,3.507697820663452,warmstart,25,1.472594976425171,True,"{""C_m"": 235.72192331580828, ""g_L"": 12.2293841409722, ""E_L"": -70.92134669670982, ""v_T"": -53.58367564760532, ""delta_T"": 5.409817934264741, ""v_reset"": -55.42835998743751}","{""C_m"": 235.72192331580828, ""g_L"": 12.2293841409722, ""E_L"": -70.92134669670982, ""v_T"": -53.58367564760532, ""delta_T"": 5.409817934264741, ""v_reset"": -55.42835998743751}","{""C_m"": 200.0, ""g_L"": 12.0, ""E_L"": -70.0, ""v_T"": -50.0, ""delta_T"": 2.0, ""v_reset"": -58.0}",2026-04-28T18:23:10.136823+00:00,0.15531271006873165,0.028673017621525076,0.020474371037995966,0.14334702590421272,0.1794641018034074,0.07347542893035686
adaptation_014_nm_guarino,adaptation,14,nm_guarino,-0.21164021164021166,5,4,0.6030539274215698,0.31098005175590515,0.31098005175590515,0.31098005175590515,training,50,0.5905020236968994,False,"{""C_m"": 126.29184465367474, ""g_L"": 7.162790547785732, ""E_L"": -91.54062976421679, ""v_T"": -55.39766584251871, ""delta_T"": 11.186563315257857, ""v_reset"": -55.517109995053175}","{""C_m"": 121.0543062119491, ""g_L"": 7.372766287156825, ""E_L"": -91.17106668761451, ""v_T"": -55.46108165198169, ""delta_T"": 10.91700646768443, ""v_reset"": -59.70625183412149}","{""C_m"": 200.0, ""g_L"": 12.0, ""E_L"": -70.0, ""v_T"": -50.0, ""delta_T"": 2.0, ""v_reset"": -58.0}",2026-04-28T18:23:10.727443+00:00,0.34324214690456917,0.5784042141053969,0.4704681486136558,0.21844326607926745,0.46931612987812793,0.04875005240347109
adaptation_015_grad_guarino,adaptation,15,grad_guarino,0.75,5,5,0.9816268682479858,0.2779298722743988,1.7264846563339233,0.2779298722743988,training,25,1.2880020141601562,True,"{""C_m"": 75.01124491323647, ""g_L"": 6.8463349601658114, ""E_L"": -78.48578443893506, ""v_T"": -43.00641213786422, ""delta_T"": 9.691373576251634, ""v_reset"": -61.3423045516747}","{""C_m"": 86.15831756591797, ""g_L"": 6.851807117462158, ""E_L"": -79.14476013183594, ""v_T"": -42.65624237060547, ""delta_T"": 9.818207740783691, ""v_reset"": -61.303436279296875}","{""C_m"": 200.0, ""g_L"": 12.0, ""E_L"": -70.0, ""v_T"": -50.0, ""delta_T"": 2.0, ""v_reset"": -58.0}",2026-04-28T18:23:12.015567+00:00,0.4949638366699219,0.6435241103172302,0.20321689181857638,0.29375030517578127,0.41148461793598373,0.09438389369419643
adaptation_015_grad_vanrossum,adaptation,15,grad_vanrossum,0.25,5,5,3.928208827972412,4.007715225219727,10.161982536315918,3.928208827972412,warmstart,25,1.4687321186065674,True,"{""C_m"": 104.8840507390551, ""g_L"": 12.63500749552886, ""E_L"": -86.60757680484001, ""v_T"": -57.370562418591874, ""delta_T"": 12.512479277571256, ""v_reset"": -54.18610053406272}","{""C_m"": 104.8840507390551, ""g_L"": 12.63500749552886, ""E_L"": -86.60757680484001, ""v_T"": -57.370562418591874, ""delta_T"": 12.512479277571256, ""v_reset"": -54.18610053406272}","{""C_m"": 200.0, ""g_L"": 12.0, ""E_L"": -70.0, ""v_T"": -50.0, ""delta_T"": 2.0, ""v_reset"": -58.0}",2026-04-28T18:23:13.484405+00:00,0.41354760548236913,0.07937593694110756,0.369057262329778,0.29482249674367494,0.5532883830300661,0.10896855616963665
adaptation_015_nm_guarino,adaptation,15,nm_guarino,1.0,5,5,0.9816268682479858,0.2057020366191864,0.2057020366191864,0.2057020366191864,training,50,0.5838220119476318,False,"{""C_m"": 75.01124491323647, ""g_L"": 6.8463349601658114, ""E_L"": -78.48578443893506, ""v_T"": -43.00641213786422, ""delta_T"": 9.691373576251634, ""v_reset"": -61.3423045516747}","{""C_m"": 75.01124491323647, ""g_L"": 6.8463349601658114, ""E_L"": -82.4100736608818, ""v_T"": -43.00641213786422, ""delta_T"": 9.691373576251634, ""v_reset"": -61.3423045516747}","{""C_m"": 200.0, ""g_L"": 12.0, ""E_L"": -70.0, ""v_T"": -50.0, ""delta_T"": 2.0, ""v_reset"": -58.0}",2026-04-28T18:23:14.068344+00:00,0.5434293699424502,0.6442081299792736,0.2757794146862624,0.27974351448543133,0.4048091355921912,0.09549441576213431
adaptation_016_grad_guarino,adaptation,16,grad_guarino,-0.25,5,5,0.5416416525840759,0.9871906042098999,3.0440735816955566,0.5416416525840759,warmstart,25,1.2845261096954346,True,"{""C_m"": 124.79187310093026, ""g_L"": 8.1426280611255, ""E_L"": -69.63160879360993, ""v_T"": -43.088675330088904, ""delta_T"": 1.753155671271632, ""v_reset"": -60.98075615474275}","{""C_m"": 124.79187310093026, ""g_L"": 8.1426280611255, ""E_L"": -69.63160879360993, ""v_T"": -43.088675330088904, ""delta_T"": 1.753155671271632, ""v_reset"": -60.98075615474275}","{""C_m"": 200.0, ""g_L"": 12.0, ""E_L"": -70.0, ""v_T"": -50.0, ""delta_T"": 2.0, ""v_reset"": -58.0}",2026-04-28T18:23:15.353359+00:00,0.3269918560829119,0.48217149235931256,0.008186471253112712,0.2764529867964438,0.012991806775177259,0.08516446156407856
adaptation_016_grad_vanrossum,adaptation,16,grad_vanrossum,-0.13574660633484167,5,8,4.717824459075928,4.201864242553711,16.170852661132812,4.201864242553711,training,25,1.4665782451629639,True,"{""C_m"": 81.93828462662394, ""g_L"": 13.93152602715169, ""E_L"": -75.37410522261796, ""v_T"": -46.38311571732089, ""delta_T"": 13.094198197429685, ""v_reset"": -66.04301712921898}","{""C_m"": 35.75443649291992, ""g_L"": 13.931367874145508, ""E_L"": -70.93215942382812, ""v_T"": -51.126251220703125, ""delta_T"": 12.949422836303711, ""v_reset"": -65.92398071289062}","{""C_m"": 200.0, ""g_L"": 12.0, ""E_L"": -70.0, ""v_T"": -50.0, ""delta_T"": 2.0, ""v_reset"": -58.0}",2026-04-28T18:23:16.820058+00:00,0.7141111456829569,0.24142098426818848,0.020714653862847224,0.045050048828125,0.5762854124370375,0.22639944893973216
adaptation_016_nm_guarino,adaptation,16,nm_guarino,-0.25,5,5,0.5416416525840759,0.1754988133907318,0.1754988133907318,0.1754988133907318,training,50,0.5849578380584717,False,"{""C_m"": 124.79187310093026, ""g_L"": 8.1426280611255, ""E_L"": -69.63160879360993, ""v_T"": -43.088675330088904, ""delta_T"": 1.753155671271632, ""v_reset"": -60.98075615474275}","{""C_m"": 117.48324115492531, ""g_L"": 8.68303728847821, ""E_L"": -70.38427093087473, ""v_T"": -42.7413596493691, ""delta_T"": 1.7918752368759465, ""v_reset"": -61.80008224086279}","{""C_m"": 200.0, ""g_L"": 12.0, ""E_L"": -70.0, ""v_T"": -50.0, ""delta_T"": 2.0, ""v_reset"": -58.0}",2026-04-28T18:23:17.405127+00:00,0.35876851671771604,0.41462033894022365,0.008539354019438545,0.29034561402523595,0.010953934901265972,0.1085737783103655
adaptation_017_grad_guarino,adaptation,17,grad_guarino,0.5,5,5,0.7289418578147888,0.8744904398918152,0.9487318992614746,0.7289418578147888,warmstart,25,1.3042700290679932,True,"{""C_m"": 93.08418688239908, ""g_L"": 6.557552799511804, ""E_L"": -67.63990581744122, ""v_T"": -40.45322526838533, ""delta_T"": 16.82117861308479, ""v_reset"": -68.8866860069287}","{""C_m"": 93.08418688239908, ""g_L"": 6.557552799511804, ""E_L"": -67.63990581744122, ""v_T"": -40.45322526838533, ""delta_T"": 16.82117861308479, ""v_reset"": -68.8866860069287}","{""C_m"": 200.0, ""g_L"": 12.0, ""E_L"": -70.0, ""v_T"": -50.0, ""delta_T"": 2.0, ""v_reset"": -58.0}",2026-04-28T18:23:18.709512+00:00,0.4648513613808736,0.6803059000610245,0.05244653739019516,0.38187098926458674,0.7800620322676205,0.31104817162653425
adaptation_017_grad_vanrossum,adaptation,17,grad_vanrossum,-0.12422360248447205,5,2,4.12197208404541,3.554882526397705,8.272424697875977,3.554882526397705,training,25,1.5528099536895752,True,"{""C_m"": 74.94879328959864, ""g_L"": 13.645061887035782, ""E_L"": -73.29304955626819, ""v_T"": -47.343414382116734, ""delta_T"": 1.1418535224015192, ""v_reset"": -53.62700687100654}","{""C_m"": 98.30429077148438, ""g_L"": 13.654207229614258, ""E_L"": -76.58404541015625, ""v_T"": -44.742706298828125, ""delta_T"": 1.143389105796814, ""v_reset"": -53.78340148925781}","{""C_m"": 200.0, ""g_L"": 12.0, ""E_L"": -70.0, ""v_T"": -50.0, ""delta_T"": 2.0, ""v_reset"": -58.0}",2026-04-28T18:23:20.262454+00:00,0.44215525751528534,0.20677590370178223,0.14631212022569445,0.210291748046875,0.045084783905430845,0.1204742431640625
adaptation_017_nm_guarino,adaptation,17,nm_guarino,0.5,5,5,0.7289418578147888,0.69498610496521,0.69498610496521,0.69498610496521,training,50,0.6228349208831787,False,"{""C_m"": 93.08418688239908, ""g_L"": 6.557552799511804, ""E_L"": -67.63990581744122, ""v_T"": -40.45322526838533, ""delta_T"": 16.82117861308479, ""v_reset"": -68.8866860069287}","{""C_m"": 93.09356867677687, ""g_L"": 6.659116534964801, ""E_L"": -69.1701803804269, ""v_T"": -39.89188929386257, ""delta_T"": 17.033754171373467, ""v_reset"": -66.67140252231323}","{""C_m"": 200.0, ""g_L"": 12.0, ""E_L"": -70.0, ""v_T"": -50.0, ""delta_T"": 2.0, ""v_reset"": -58.0}",2026-04-28T18:23:20.885416+00:00,0.46481057097053535,0.6676104331293998,0.018440435990513353,0.40432442824549725,0.791250219545972,0.247754357780378
adaptation_018_grad_guarino,adaptation,18,grad_guarino,1.0,5,5,0.22475209832191467,0.33318257331848145,13.687068939208984,0.22475209832191467,warmstart,25,1.5037939548492432,True,"{""C_m"": 93.78718118526523, ""g_L"": 11.77467805018547, ""E_L"": -79.7950792717231, ""v_T"": -51.83701449146033, ""delta_T"": 10.662877026430536, ""v_reset"": -64.78169267359816}","{""C_m"": 93.78718118526523, ""g_L"": 11.77467805018547, ""E_L"": -79.7950792717231, ""v_T"": -51.83701449146033, ""delta_T"": 10.662877026430536, ""v_reset"": -64.78169267359816}","{""C_m"": 200.0, ""g_L"": 12.0, ""E_L"": -70.0, ""v_T"": -50.0, ""delta_T"": 2.0, ""v_reset"": -58.0}",2026-04-28T18:23:22.389327+00:00,0.4617948644118903,0.02816524372681628,0.21766842826051327,0.0734805796584132,0.45594089612792293,0.19376264781709024
adaptation_018_grad_vanrossum,adaptation,18,grad_vanrossum,1.0,5,5,2.9939162731170654,3.539461612701416,9.122865676879883,2.9939162731170654,warmstart,25,1.4732511043548584,True,"{""C_m"": 93.78718118526523, ""g_L"": 11.77467805018547, ""E_L"": -79.7950792717231, ""v_T"": -51.83701449146033, ""delta_T"": 10.662877026430536, ""v_reset"": -64.78169267359816}","{""C_m"": 93.78718118526523, ""g_L"": 11.77467805018547, ""E_L"": -79.7950792717231, ""v_T"": -51.83701449146033, ""delta_T"": 10.662877026430536, ""v_reset"": -64.78169267359816}","{""C_m"": 200.0, ""g_L"": 12.0, ""E_L"": -70.0, ""v_T"": -50.0, ""delta_T"": 2.0, ""v_reset"": -58.0}",2026-04-28T18:23:23.862693+00:00,0.4617948644118903,0.02816524372681628,0.21766842826051327,0.0734805796584132,0.45594089612792293,0.19376264781709024
adaptation_018_nm_guarino,adaptation,18,nm_guarino,0.25,5,5,0.22475209832191467,0.197178453207016,0.197178453207016,0.197178453207016,training,50,0.5896451473236084,False,"{""C_m"": 93.78718118526523, ""g_L"": 11.77467805018547, ""E_L"": -79.7950792717231, ""v_T"": -51.83701449146033, ""delta_T"": 10.662877026430536, ""v_reset"": -64.78169267359816}","{""C_m"": 92.85244526167237, ""g_L"": 11.93114882331465, ""E_L"": -80.85545626821806, ""v_T"": -52.525863706667494, ""delta_T"": 10.804573351798913, ""v_reset"": -63.05995701440616}","{""C_m"": 200.0, ""g_L"": 12.0, ""E_L"": -70.0, ""v_T"": -50.0, ""delta_T"": 2.0, ""v_reset"": -58.0}",2026-04-28T18:23:24.452447+00:00,0.4658589336449027,0.008606397085668682,0.24123236151595695,0.10103454826669975,0.4633985974631007,0.14457020041160454
adaptation_019_grad_guarino,adaptation,19,grad_guarino,-0.0478468899521531,5,6,0.5332820415496826,0.387329638004303,12.92850112915039,0.387329638004303,training,25,1.3158299922943115,True,"{""C_m"": 108.48106165792423, ""g_L"": 7.897500278377206, ""E_L"": -83.40204762777574, ""v_T"": -53.08623361788935, ""delta_T"": 7.74075952041316, ""v_reset"": -66.492059956015}","{""C_m"": 70.5280990600586, ""g_L"": 7.828975677490234, ""E_L"": -79.69234466552734, ""v_T"": -54.44652557373047, ""delta_T"": 6.775057792663574, ""v_reset"": -66.44425964355469}","{""C_m"": 200.0, ""g_L"": 12.0, ""E_L"": -70.0, ""v_T"": -50.0, ""delta_T"": 2.0, ""v_reset"": -58.0}",2026-04-28T18:23:25.768397+00:00,0.5629213084345278,0.5213780403137207,0.21538543701171875,0.17786102294921874,0.25131883119281967,0.24126456124441964
adaptation_019_grad_vanrossum,adaptation,19,grad_vanrossum,-0.17045454545454547,5,3,3.8316116333007812,7.828461170196533,9.642155647277832,3.8316116333007812,warmstart,25,1.46903395652771,True,"{""C_m"": 141.6986714133979, ""g_L"": 13.31523189382386, ""E_L"": -99.7288119859046, ""v_T"": -59.796638791160646, ""delta_T"": 18.292469370989068, ""v_reset"": -54.60985577568809}","{""C_m"": 141.6986714133979, ""g_L"": 13.31523189382386, ""E_L"": -99.7288119859046, ""v_T"": -59.796638791160646, ""delta_T"": 18.292469370989068, ""v_reset"": -54.60985577568809}","{""C_m"": 200.0, ""g_L"": 12.0, ""E_L"": -70.0, ""v_T"": -50.0, ""delta_T"": 2.0, ""v_reset"": -58.0}",2026-04-28T18:23:27.237549+00:00,0.2534840373330526,0.1644039867279825,0.6606402663534355,0.39186555164642584,0.857498387946793,0.09686126355176887
adaptation_019_nm_guarino,adaptation,19,nm_guarino,0.31746031746031744,5,4,0.5332820415496826,0.3971375524997711,0.3971375524997711,0.3971375524997711,training,50,0.5842139720916748,False,"{""C_m"": 108.48106165792423, ""g_L"": 7.897500278377206, ""E_L"": -83.40204762777574, ""v_T"": -53.08623361788935, ""delta_T"": 7.74075952041316, ""v_reset"": -66.492059956015}","{""C_m"": 110.76967071818304, ""g_L"": 8.184768938650741, ""E_L"": -84.15133024259464, ""v_T"": -53.270430179745986, ""delta_T"": 7.904065189632778, ""v_reset"": -65.4399800224885}","{""C_m"": 200.0, ""g_L"": 12.0, ""E_L"": -70.0, ""v_T"": -50.0, ""delta_T"": 2.0, ""v_reset"": -58.0}",2026-04-28T18:23:27.822225+00:00,0.3879579533992042,0.47690388266865735,0.31447400539099196,0.13081720718983944,0.3107402731385673,0.21257085778538568
adaptation_020_grad_guarino,adaptation,20,grad_guarino,0.0,5,5,0.5960132479667664,0.7379143238067627,0.8333387970924377,0.5960132479667664,warmstart,25,1.2974700927734375,True,"{""C_m"": 71.58953257939463, ""g_L"": 6.121855025005652, ""E_L"": -78.81471592152377, ""v_T"": -42.76836193665453, ""delta_T"": 13.676681145159751, ""v_reset"": -73.28089430853521}","{""C_m"": 71.58953257939463, ""g_L"": 6.121855025005652, ""E_L"": -78.81471592152377, ""v_T"": -42.76836193665453, ""delta_T"": 13.676681145159751, ""v_reset"": -73.28089430853521}","{""C_m"": 200.0, ""g_L"": 12.0, ""E_L"": -70.0, ""v_T"": -50.0, ""delta_T"": 2.0, ""v_reset"": -58.0}",2026-04-28T18:23:29.119812+00:00,0.5583063800895885,0.7347681218742935,0.19588257603386158,0.2892655225338189,0.6145621655347238,0.4365969802438631
adaptation_020_grad_vanrossum,adaptation,20,grad_vanrossum,0.39772727272727276,5,3,4.674066066741943,4.609789848327637,15.162964820861816,4.609789848327637,training,25,1.4620451927185059,True,"{""C_m"": 74.53585731743328, ""g_L"": 7.527367482007466, ""E_L"": -89.102573419253, ""v_T"": -42.152468924028845, ""delta_T"": 1.9676915749855546, ""v_reset"": -68.19897274193204}","{""C_m"": 70.9051742553711, ""g_L"": 7.507171630859375, ""E_L"": -88.65814971923828, ""v_T"": -42.285865783691406, ""delta_T"": 1.9597406387329102, ""v_reset"": -68.16373443603516}","{""C_m"": 200.0, ""g_L"": 12.0, ""E_L"": -70.0, ""v_T"": -50.0, ""delta_T"": 2.0, ""v_reset"": -58.0}",2026-04-28T18:23:30.581970+00:00,0.561281851063604,0.5616035461425781,0.41462554931640627,0.30856536865234374,0.0021189137508994655,0.29039241245814734
adaptation_020_nm_guarino,adaptation,20,nm_guarino,0.5,5,5,0.5960132479667664,0.42575329542160034,0.42575329542160034,0.42575329542160034,training,50,0.5874061584472656,False,"{""C_m"": 71.58953257939463, ""g_L"": 6.121855025005652, ""E_L"": -78.81471592152377, ""v_T"": -42.76836193665453, ""delta_T"": 13.676681145159751, ""v_reset"": -73.28089430853521}","{""C_m"": 72.73365625477832, ""g_L"": 6.434139406452369, ""E_L"": -79.77405313523454, ""v_T"": -41.72325856108115, ""delta_T"": 13.84975336006346, ""v_reset"": -67.36971512080063}","{""C_m"": 200.0, ""g_L"": 12.0, ""E_L"": -70.0, ""v_T"": -50.0, ""delta_T"": 2.0, ""v_reset"": -58.0}",2026-04-28T18:23:31.169492+00:00,0.5533319293270508,0.6957325741934539,0.21720118078298975,0.3310696575567539,0.6236712294770242,0.2677061463085896
adaptation_021_grad_guarino,adaptation,21,grad_guarino,0.75,5,5,0.4033682942390442,0.3712801933288574,1.7559261322021484,0.3712801933288574,training,25,1.2920570373535156,True,"{""C_m"": 100.1540571128992, ""g_L"": 7.023600085255307, ""E_L"": -72.42510150611889, ""v_T"": -38.905443739411034, ""delta_T"": 8.170920922529607, ""v_reset"": -52.523976132825645}","{""C_m"": 100.33438110351562, ""g_L"": 7.023797035217285, ""E_L"": -72.43080139160156, ""v_T"": -38.902442932128906, ""delta_T"": 8.170933723449707, ""v_reset"": -52.52248764038086}","{""C_m"": 200.0, ""g_L"": 12.0, ""E_L"": -70.0, ""v_T"": -50.0, ""delta_T"": 2.0, ""v_reset"": -58.0}",2026-04-28T18:23:32.461658+00:00,0.43332877781080165,0.6220253705978394,0.05401780870225695,0.4439022827148438,0.3247859854447214,0.15650035313197544
adaptation_021_grad_vanrossum,adaptation,21,grad_vanrossum,0.5820105820105821,5,4,4.80983304977417,4.926812171936035,826486.875,4.80983304977417,warmstart,25,1.4656429290771484,True,"{""C_m"": 61.16702395091092, ""g_L"": 10.770913693926854, ""E_L"": -97.09301492865217, ""v_T"": -52.47578109897379, ""delta_T"": 19.30188376918907, ""v_reset"": -56.51790315947959}","{""C_m"": 61.16702395091092, ""g_L"": 10.770913693926854, ""E_L"": -97.09301492865217, ""v_T"": -52.47578109897379, ""delta_T"": 19.30188376918907, ""v_reset"": -56.51790315947959}","{""C_m"": 200.0, ""g_L"": 12.0, ""E_L"": -70.0, ""v_T"": -50.0, ""delta_T"": 2.0, ""v_reset"": -58.0}",2026-04-28T18:23:33.927416+00:00,0.6036216349960396,0.15363578825914326,0.6020669984144926,0.09903124395895162,0.9106254615362669,0.04234562401486893
adaptation_021_nm_guarino,adaptation,21,nm_guarino,1.0,5,5,0.4033682942390442,0.1825854331254959,0.1825854331254959,0.1825854331254959,training,50,0.5845859050750732,False,"{""C_m"": 100.1540571128992, ""g_L"": 7.023600085255307, ""E_L"": -72.42510150611889, ""v_T"": -38.905443739411034, ""delta_T"": 8.170920922529607, ""v_reset"": -52.523976132825645}","{""C_m"": 95.5482072386148, ""g_L"": 7.454265249200095, ""E_L"": -74.68840485297628, ""v_T"": -39.828278338041756, ""delta_T"": 8.037863995199581, ""v_reset"": -51.8726798083395}","{""C_m"": 200.0, ""g_L"": 12.0, ""E_L"": -70.0, ""v_T"": -50.0, ""delta_T"": 2.0, ""v_reset"": -58.0}",2026-04-28T18:23:34.512925+00:00,0.454138229397327,0.5682168438499882,0.10418677451058392,0.40686886647832976,0.31778231553682007,0.17506629119030004
adaptation_022_grad_guarino,adaptation,22,grad_guarino,0.05291005291005289,5,4,0.8641301989555359,0.909199595451355,13.030463218688965,0.8641301989555359,warmstart,25,1.376965045928955,True,"{""C_m"": 61.97188511745214, ""g_L"": 7.635850977572661, ""E_L"": -84.25681075072558, ""v_T"": -41.675472078743915, ""delta_T"": 3.8796740838748827, ""v_reset"": -66.66398260005985}","{""C_m"": 61.97188511745214, ""g_L"": 7.635850977572661, ""E_L"": -84.25681075072558, ""v_T"": -41.675472078743915, ""delta_T"": 3.8796740838748827, ""v_reset"": -66.66398260005985}","{""C_m"": 200.0, ""g_L"": 12.0, ""E_L"": -70.0, ""v_T"": -50.0, ""delta_T"": 2.0, ""v_reset"": -58.0}",2026-04-28T18:23:35.890017+00:00,0.6001222386197733,0.5455186278034174,0.31681801668279064,0.3329811168502434,0.0989302149407833,0.2475423600017101
adaptation_022_grad_vanrossum,adaptation,22,grad_vanrossum,0.0,5,0,5.404224872589111,5.030309200286865,14.945413589477539,5.030309200286865,training,25,1.7208471298217773,True,"{""C_m"": 81.07610387415006, ""g_L"": 12.221441330135224, ""E_L"": -74.57330092601367, ""v_T"": -48.6888084460292, ""delta_T"": 7.08669818159034, ""v_reset"": -49.34903778178993}","{""C_m"": 240.0, ""g_L"": 13.712678909301758, ""E_L"": -109.99996185302734, ""v_T"": -35.0000114440918, ""delta_T"": 17.990480422973633, ""v_reset"": -48.576026916503906}","{""C_m"": 200.0, ""g_L"": 12.0, ""E_L"": -70.0, ""v_T"": -50.0, ""delta_T"": 2.0, ""v_reset"": -58.0}",2026-04-28T18:23:37.610985+00:00,0.17391304347826086,0.21408486366271973,0.8888880411783854,0.5999995422363281,0.8416042327880859,0.2692563738141741
adaptation_022_nm_guarino,adaptation,22,nm_guarino,0.05291005291005289,5,4,0.8641301989555359,0.8463403582572937,0.8463403582572937,0.8463403582572937,training,50,0.5890529155731201,False,"{""C_m"": 61.97188511745214, ""g_L"": 7.635850977572661, ""E_L"": -84.25681075072558, ""v_T"": -41.675472078743915, ""delta_T"": 3.8796740838748827, ""v_reset"": -66.66398260005985}","{""C_m"": 63.0086172737168, ""g_L"": 7.676092100616449, ""E_L"": -84.21800911024211, ""v_T"": -42.12082507163394, ""delta_T"": 3.9616408141108383, ""v_reset"": -65.88083053215837}","{""C_m"": 200.0, ""g_L"": 12.0, ""E_L"": -70.0, ""v_T"": -50.0, ""delta_T"": 2.0, ""v_reset"": -58.0}",2026-04-28T18:23:38.200183+00:00,0.5956147075055792,0.5404884874229439,0.31595575800538017,0.31516699713464247,0.10324425337425465,0.2251665866330963
adaptation_023_grad_guarino,adaptation,23,grad_guarino,0.05291005291005289,5,4,0.9566615223884583,0.7993189096450806,13.030661582946777,0.7993189096450806,training,25,1.2977337837219238,True,"{""C_m"": 73.94731560991899, ""g_L"": 9.257613843960137, ""E_L"": -93.25424423015713, ""v_T"": -53.68185360523051, ""delta_T"": 8.7526882336446, ""v_reset"": -58.83983380353981}","{""C_m"": 60.86064147949219, ""g_L"": 9.142678260803223, ""E_L"": -91.36717987060547, ""v_T"": -54.068233489990234, ""delta_T"": 8.631895065307617, ""v_reset"": -59.059818267822266}","{""C_m"": 200.0, ""g_L"": 12.0, ""E_L"": -70.0, ""v_T"": -50.0, ""delta_T"": 2.0, ""v_reset"": -58.0}",2026-04-28T18:23:39.498036+00:00,0.60495373269786,0.35716521739959717,0.4748262193467882,0.16272933959960936,0.3490471087004009,0.03028052193777902
adaptation_023_grad_vanrossum,adaptation,23,grad_vanrossum,-0.21164021164021166,5,4,3.4758174419403076,3.8067777156829834,16.618431091308594,3.4758174419403076,warmstart,25,1.4766719341278076,True,"{""C_m"": 169.20277907798499, ""g_L"": 12.121411452196973, ""E_L"": -76.94650855651167, ""v_T"": -51.169705240420726, ""delta_T"": 4.227310587666963, ""v_reset"": -53.04246721165344}","{""C_m"": 169.20277907798499, ""g_L"": 12.121411452196973, ""E_L"": -76.94650855651167, ""v_T"": -51.169705240420726, ""delta_T"": 4.227310587666963, ""v_reset"": -53.04246721165344}","{""C_m"": 200.0, ""g_L"": 12.0, ""E_L"": -70.0, ""v_T"": -50.0, ""delta_T"": 2.0, ""v_reset"": -58.0}",2026-04-28T18:23:40.974938+00:00,0.13390096053050007,0.01517643152462167,0.15436685681137052,0.04678820961682902,0.11722687303510333,0.14164379395275892
adaptation_023_nm_guarino,adaptation,23,nm_guarino,0.31746031746031744,5,4,0.9566615223884583,0.5961865186691284,0.5961865186691284,0.5961865186691284,training,50,0.5964369773864746,False,"{""C_m"": 73.94731560991899, ""g_L"": 9.257613843960137, ""E_L"": -93.25424423015713, ""v_T"": -53.68185360523051, ""delta_T"": 8.7526882336446, ""v_reset"": -58.83983380353981}","{""C_m"": 75.16455537304522, ""g_L"": 9.41000254921051, ""E_L"": -91.76716523265976, ""v_T"": -52.35637573843468, ""delta_T"": 8.896765406214882, ""v_reset"": -60.298722686940316}","{""C_m"": 200.0, ""g_L"": 12.0, ""E_L"": -70.0, ""v_T"": -50.0, ""delta_T"": 2.0, ""v_reset"": -58.0}",2026-04-28T18:23:41.571492+00:00,0.5427628027258904,0.3237496813486862,0.48371478294799475,0.09425502953738714,0.362987652958678,0.0656777910554376
adaptation_024_grad_guarino,adaptation,24,grad_guarino,0.25,5,5,0.5781848430633545,0.7650614976882935,12.918307304382324,0.5781848430633545,warmstart,25,1.2942850589752197,True,"{""C_m"": 131.6209110974032, ""g_L"": 13.090259552396937, ""E_L"": -69.52985158279651, ""v_T"": -48.78961548646281, ""delta_T"": 8.283296513699337, ""v_reset"": -57.59948879702115}","{""C_m"": 131.6209110974032, ""g_L"": 13.090259552396937, ""E_L"": -69.52985158279651, ""v_T"": -48.78961548646281, ""delta_T"": 8.283296513699337, ""v_reset"": -57.59948879702115}","{""C_m"": 200.0, ""g_L"": 12.0, ""E_L"": -70.0, ""v_T"": -50.0, ""delta_T"": 2.0, ""v_reset"": -58.0}",2026-04-28T18:23:42.865893+00:00,0.2973003865330296,0.1362824440496171,0.01044774260452199,0.04841538054148771,0.33069981651049146,0.01144317722796708
adaptation_024_grad_vanrossum,adaptation,24,grad_vanrossum,0.25,5,5,4.324399948120117,5.327383041381836,5.327383041381836,4.324399948120117,warmstart,1,1.3164300918579102,True,"{""C_m"": 131.6209110974032, ""g_L"": 13.090259552396937, ""E_L"": -69.52985158279651, ""v_T"": -48.78961548646281, ""delta_T"": 8.283296513699337, ""v_reset"": -57.59948879702115}","{""C_m"": 131.6209110974032, ""g_L"": 13.090259552396937, ""E_L"": -69.52985158279651, ""v_T"": -48.78961548646281, ""delta_T"": 8.283296513699337, ""v_reset"": -57.59948879702115}","{""C_m"": 200.0, ""g_L"": 12.0, ""E_L"": -70.0, ""v_T"": -50.0, ""delta_T"": 2.0, ""v_reset"": -58.0}",2026-04-28T18:23:44.182433+00:00,0.2973003865330296,0.1362824440496171,0.01044774260452199,0.04841538054148771,0.33069981651049146,0.01144317722796708
adaptation_024_nm_guarino,adaptation,24,nm_guarino,1.0,5,5,0.5781848430633545,0.3336864411830902,0.3336864411830902,0.3336864411830902,training,50,0.5899810791015625,False,"{""C_m"": 131.6209110974032, ""g_L"": 13.090259552396937, ""E_L"": -69.52985158279651, ""v_T"": -48.78961548646281, ""delta_T"": 8.283296513699337, ""v_reset"": -57.59948879702115}","{""C_m"": 127.55944670391031, ""g_L"": 13.338654174139904, ""E_L"": -70.54871109721299, ""v_T"": -48.56971078237541, ""delta_T"": 8.22299021619863, ""v_reset"": -59.905792228766714}","{""C_m"": 200.0, ""g_L"": 12.0, ""E_L"": -70.0, ""v_T"": -50.0, ""delta_T"": 2.0, ""v_reset"": -58.0}",2026-04-28T18:23:44.772536+00:00,0.314958927374303,0.16733177176748804,0.012193579938066376,0.05721156870498362,0.32752580085255945,0.05445120653619183
adaptation_025_grad_guarino,adaptation,25,grad_guarino,0.05291005291005289,5,4,0.8191207051277161,0.8106175661087036,1.486411213874817,0.8106175661087036,training,25,1.2948341369628906,True,"{""C_m"": 105.47121155769831, ""g_L"": 7.197307673752554, ""E_L"": -72.2055540909727, ""v_T"": -48.78513213770147, ""delta_T"": 9.3541158301938, ""v_reset"": -74.86329678273897}","{""C_m"": 116.20526123046875, ""g_L"": 7.193536281585693, ""E_L"": -72.4268798828125, ""v_T"": -48.18698501586914, ""delta_T"": 9.724869728088379, ""v_reset"": -74.87088775634766}","{""C_m"": 200.0, ""g_L"": 12.0, ""E_L"": -70.0, ""v_T"": -50.0, ""delta_T"": 2.0, ""v_reset"": -58.0}",2026-04-28T18:23:46.067497+00:00,0.364324951171875,0.6008079648017883,0.0539306640625,0.07252059936523438,0.40657209095201996,0.4820253644670759
adaptation_025_grad_vanrossum,adaptation,25,grad_vanrossum,0.8465608465608466,5,4,2.8861594200134277,3.5244345664978027,47.08722686767578,2.8861594200134277,warmstart,25,1.4601860046386719,True,"{""C_m"": 81.88423256413577, ""g_L"": 12.166597861591145, ""E_L"": -90.18762598230992, ""v_T"": -52.325620324822964, ""delta_T"": 18.389982129905576, ""v_reset"": -56.04062871730515}","{""C_m"": 81.88423256413577, ""g_L"": 12.166597861591145, ""E_L"": -90.18762598230992, ""v_T"": -52.325620324822964, ""delta_T"": 18.389982129905576, ""v_reset"": -56.04062871730515}","{""C_m"": 200.0, ""g_L"": 12.0, ""E_L"": -70.0, ""v_T"": -50.0, ""delta_T"": 2.0, ""v_reset"": -58.0}",2026-04-28T18:23:47.527941+00:00,0.5135468149385402,0.020824732698893067,0.44861391071799833,0.09302481299291855,0.8626306384160829,0.05598203664842438
adaptation_025_nm_guarino,adaptation,25,nm_guarino,0.5,5,5,0.8191207051277161,0.5833300352096558,0.5833300352096558,0.5833300352096558,training,50,0.5868003368377686,False,"{""C_m"": 105.47121155769831, ""g_L"": 7.197307673752554, ""E_L"": -72.2055540909727, ""v_T"": -48.78513213770147, ""delta_T"": 9.3541158301938, ""v_reset"": -74.86329678273897}","{""C_m"": 100.12052569608335, ""g_L"": 8.02186463959515, ""E_L"": -74.37822222460537, ""v_T"": -45.3232022458069, ""delta_T"": 10.206320196360602, ""v_reset"": -65.87294307163228}","{""C_m"": 200.0, ""g_L"": 12.0, ""E_L"": -70.0, ""v_T"": -50.0, ""delta_T"": 2.0, ""v_reset"": -58.0}",2026-04-28T18:23:48.114852+00:00,0.4342585839300724,0.49726692005060635,0.09729382721345259,0.18707191016772412,0.43191158928213697,0.2249412306180651
adaptation_026_grad_guarino,adaptation,26,grad_guarino,0.11363636363636365,5,3,0.4288925528526306,0.3901628851890564,2.635694980621338,0.3901628851890564,training,25,1.2917208671569824,True,"{""C_m"": 138.52729649582542, ""g_L"": 6.9360677192139795, ""E_L"": -69.54048329001031, ""v_T"": -42.28307547639125, ""delta_T"": 3.47297719465221, ""v_reset"": -59.980321734767315}","{""C_m"": 198.2760772705078, ""g_L"": 6.993643760681152, ""E_L"": -70.71611785888672, ""v_T"": -39.05647659301758, ""delta_T"": 4.971238136291504, ""v_reset"": -59.68659210205078}","{""C_m"": 200.0, ""g_L"": 12.0, ""E_L"": -70.0, ""v_T"": -50.0, ""delta_T"": 2.0, ""v_reset"": -58.0}",2026-04-28T18:23:49.406697+00:00,0.007495316215183424,0.625794529914856,0.01591373019748264,0.4377409362792969,0.1563809545416581,0.04818834577287946
adaptation_026_grad_vanrossum,adaptation,26,grad_vanrossum,0.18633540372670807,5,2,3.7925188541412354,3.4610865116119385,6.393912315368652,3.4610865116119385,training,25,1.4619410037994385,True,"{""C_m"": 138.52729649582542, ""g_L"": 6.9360677192139795, ""E_L"": -69.54048329001031, ""v_T"": -42.28307547639125, ""delta_T"": 3.47297719465221, ""v_reset"": -59.980321734767315}","{""C_m"": 239.03199768066406, ""g_L"": 7.20211124420166, ""E_L"": -76.19856262207031, ""v_T"": -35.54547119140625, ""delta_T"": 11.664372444152832, ""v_reset"": -58.59296417236328}","{""C_m"": 200.0, ""g_L"": 12.0, ""E_L"": -70.0, ""v_T"": -50.0, ""delta_T"": 2.0, ""v_reset"": -58.0}",2026-04-28T18:23:50.868751+00:00,0.16970433774201765,0.5997360944747925,0.13774583604600693,0.57818115234375,0.5086511812712017,0.01694183349609375
adaptation_026_nm_guarino,adaptation,26,nm_guarino,0.5,5,5,0.4288925528526306,0.3684083819389343,0.3684083819389343,0.3684083819389343,training,50,0.5855298042297363,False,"{""C_m"": 138.52729649582542, ""g_L"": 6.9360677192139795, ""E_L"": -69.54048329001031, ""v_T"": -42.28307547639125, ""delta_T"": 3.47297719465221, ""v_reset"": -59.980321734767315}","{""C_m"": 136.93400320099462, ""g_L"": 7.042436071339672, ""E_L"": -70.66503222217418, ""v_T"": -42.45712311705906, ""delta_T"": 3.5262371794332017, ""v_reset"": -59.69287464293285}","{""C_m"": 200.0, ""g_L"": 12.0, ""E_L"": -70.0, ""v_T"": -50.0, ""delta_T"": 2.0, ""v_reset"": -58.0}",2026-04-28T18:23:51.454398+00:00,0.2741999860826321,0.619695491082541,0.0147784938260928,0.3017150753176375,0.08032827260174746,0.04836784694093857
adaptation_027_grad_guarino,adaptation,27,grad_guarino,-0.28708133971291866,5,6,0.9884161353111267,1.4786105155944824,53.32550048828125,0.9884161353111267,warmstart,25,1.3930270671844482,True,"{""C_m"": 147.80322396232916, ""g_L"": 9.585814291643846, ""E_L"": -66.5217613177629, ""v_T"": -56.841021884054264, ""delta_T"": 10.128666469359551, ""v_reset"": -69.29346730172739}","{""C_m"": 147.80322396232916, ""g_L"": 9.585814291643846, ""E_L"": -66.5217613177629, ""v_T"": -56.841021884054264, ""delta_T"": 10.128666469359551, ""v_reset"": -69.29346730172739}","{""C_m"": 200.0, ""g_L"": 12.0, ""E_L"": -70.0, ""v_T"": -50.0, ""delta_T"": 2.0, ""v_reset"": -58.0}",2026-04-28T18:23:52.847895+00:00,0.22694250451161235,0.30177321354451925,0.07729419293860233,0.2736408753621706,0.42782455101892375,0.3226704943350683
adaptation_027_grad_vanrossum,adaptation,27,grad_vanrossum,0.25,5,5,4.605278968811035,2.395033597946167,11.39378833770752,2.395033597946167,training,25,1.7160439491271973,True,"{""C_m"": 161.21670684851637, ""g_L"": 12.074935361889251, ""E_L"": -74.04202861070871, ""v_T"": -49.28718099577084, ""delta_T"": 1.3398102323934649, ""v_reset"": -55.25513469561017}","{""C_m"": 149.88357543945312, ""g_L"": 12.008020401000977, ""E_L"": -72.58073425292969, ""v_T"": -50.578861236572266, ""delta_T"": 1.3340628147125244, ""v_reset"": -55.59103012084961}","{""C_m"": 200.0, ""g_L"": 12.0, ""E_L"": -70.0, ""v_T"": -50.0, ""delta_T"": 2.0, ""v_reset"": -58.0}",2026-04-28T18:23:54.564056+00:00,0.21789749808933423,0.0010025501251220703,0.05734965006510417,0.023154449462890626,0.03504932554144608,0.0688277108328683
adaptation_027_nm_guarino,adaptation,27,nm_guarino,-0.28708133971291866,5,6,0.9884161353111267,0.9757703542709351,0.9757703542709351,0.9757703542709351,training,50,0.5930850505828857,False,"{""C_m"": 147.80322396232916, ""g_L"": 9.585814291643846, ""E_L"": -66.5217613177629, ""v_T"": -56.841021884054264, ""delta_T"": 10.128666469359551, ""v_reset"": -69.29346730172739}","{""C_m"": 147.80322396232916, ""g_L"": 9.980353883212855, ""E_L"": -66.5217613177629, ""v_T"": -56.841021884054264, ""delta_T"": 10.128666469359551, ""v_reset"": -69.29346730172739}","{""C_m"": 200.0, ""g_L"": 12.0, ""E_L"": -70.0, ""v_T"": -50.0, ""delta_T"": 2.0, ""v_reset"": -58.0}",2026-04-28T18:23:55.157253+00:00,0.22694250451161235,0.25245576459839314,0.07729419293860233,0.2736408753621706,0.42782455101892375,0.3226704943350683
adaptation_028_grad_guarino,adaptation,28,grad_guarino,0.25,5,5,0.693976640701294,0.6731471419334412,0.7107982635498047,0.6731471419334412,training,25,1.3105640411376953,True,"{""C_m"": 117.8399400379327, ""g_L"": 11.127559754343665, ""E_L"": -81.71842581633675, ""v_T"": -54.180247553852176, ""delta_T"": 16.810720418207175, ""v_reset"": -62.76165801174755}","{""C_m"": 117.98626708984375, ""g_L"": 11.126934051513672, ""E_L"": -81.72991943359375, ""v_T"": -54.17205047607422, ""delta_T"": 16.812698364257812, ""v_reset"": -62.76683807373047}","{""C_m"": 200.0, ""g_L"": 12.0, ""E_L"": -70.0, ""v_T"": -50.0, ""delta_T"": 2.0, ""v_reset"": -58.0}",2026-04-28T18:23:56.467938+00:00,0.35658144743546194,0.10913324356079102,0.26066487630208335,0.16688201904296876,0.7796157033819902,0.13619537353515626
adaptation_028_grad_vanrossum,adaptation,28,grad_vanrossum,0.11363636363636365,5,3,4.328899383544922,4.357964038848877,6.448297500610352,4.328899383544922,warmstart,25,1.5098049640655518,True,"{""C_m"": 100.41609575921149, ""g_L"": 13.816941123904133, ""E_L"": -72.9209066811046, ""v_T"": -45.79574534225476, ""delta_T"": 4.53836223691425, ""v_reset"": -67.12856924637383}","{""C_m"": 100.41609575921149, ""g_L"": 13.816941123904133, ""E_L"": -72.9209066811046, ""v_T"": -45.79574534225476, ""delta_T"": 4.53836223691425, ""v_reset"": -67.12856924637383}","{""C_m"": 200.0, ""g_L"": 12.0, ""E_L"": -70.0, ""v_T"": -50.0, ""delta_T"": 2.0, ""v_reset"": -58.0}",2026-04-28T18:23:57.977862+00:00,0.4329734966990805,0.22711764048801664,0.06490903735787994,0.16817018630980954,0.13359801246917105,0.2608162641821094
adaptation_028_nm_guarino,adaptation,28,nm_guarino,0.5,5,5,0.693976640701294,0.5783533453941345,0.5783533453941345,0.5783533453941345,training,50,0.5894291400909424,False,"{""C_m"": 117.8399400379327, ""g_L"": 11.127559754343665, ""E_L"": -81.71842581633675, ""v_T"": -54.180247553852176, ""delta_T"": 16.810720418207175, ""v_reset"": -62.76165801174755}","{""C_m"": 111.1598488647511, ""g_L"": 12.149734601754155, ""E_L"": -81.95022437395941, ""v_T"": -53.87898506295848, ""delta_T"": 16.710890328688563, ""v_reset"": -63.4974274234263}","{""C_m"": 200.0, ""g_L"": 12.0, ""E_L"": -70.0, ""v_T"": -50.0, ""delta_T"": 2.0, ""v_reset"": -58.0}",2026-04-28T18:23:58.567736+00:00,0.38626152667499525,0.018716825219269317,0.26556054164354254,0.1551594025183391,0.7742573857204507,0.1570693549550372
adaptation_029_grad_guarino,adaptation,29,grad_guarino,0.0,5,5,0.490569144487381,0.9301312565803528,2.406615734100342,0.490569144487381,warmstart,25,1.2933218479156494,True,"{""C_m"": 102.46798044719091, ""g_L"": 6.050130329114384, ""E_L"": -101.57157547032654, ""v_T"": -59.5357140799129, ""delta_T"": 16.106167335147024, ""v_reset"": -62.40497899178605}","{""C_m"": 102.46798044719091, ""g_L"": 6.050130329114384, ""E_L"": -101.57157547032654, ""v_T"": -59.5357140799129, ""delta_T"": 16.106167335147024, ""v_reset"": -62.40497899178605}","{""C_m"": 200.0, ""g_L"": 12.0, ""E_L"": -70.0, ""v_T"": -50.0, ""delta_T"": 2.0, ""v_reset"": -58.0}",2026-04-28T18:23:59.861191+00:00,0.4240522589252569,0.743733708860702,0.7015905660072563,0.38142856319651597,0.7424298597445802,0.12585654262245863
adaptation_029_grad_vanrossum,adaptation,29,grad_vanrossum,0.0,5,5,3.891712188720703,7.031896591186523,7.945438861846924,3.891712188720703,warmstart,25,1.4679250717163086,True,"{""C_m"": 102.46798044719091, ""g_L"": 6.050130329114384, ""E_L"": -101.57157547032654, ""v_T"": -59.5357140799129, ""delta_T"": 16.106167335147024, ""v_reset"": -62.40497899178605}","{""C_m"": 102.46798044719091, ""g_L"": 6.050130329114384, ""E_L"": -101.57157547032654, ""v_T"": -59.5357140799129, ""delta_T"": 16.106167335147024, ""v_reset"": -62.40497899178605}","{""C_m"": 200.0, ""g_L"": 12.0, ""E_L"": -70.0, ""v_T"": -50.0, ""delta_T"": 2.0, ""v_reset"": -58.0}",2026-04-28T18:24:01.329253+00:00,0.4240522589252569,0.743733708860702,0.7015905660072563,0.38142856319651597,0.7424298597445802,0.12585654262245863
adaptation_029_nm_guarino,adaptation,29,nm_guarino,-0.21164021164021166,5,4,0.490569144487381,0.13647586107254028,0.13647586107254028,0.13647586107254028,training,50,0.5973279476165771,False,"{""C_m"": 102.46798044719091, ""g_L"": 6.050130329114384, ""E_L"": -101.57157547032654, ""v_T"": -59.5357140799129, ""delta_T"": 16.106167335147024, ""v_reset"": -62.40497899178605}","{""C_m"": 88.59934628766129, ""g_L"": 6.484232671785463, ""E_L"": -106.0066906783351, ""v_T"": -59.80916005597504, ""delta_T"": 15.224522017464832, ""v_reset"": -62.72604263248982}","{""C_m"": 200.0, ""g_L"": 12.0, ""E_L"": -70.0, ""v_T"": -50.0, ""delta_T"": 2.0, ""v_reset"": -58.0}",2026-04-28T18:24:01.926697+00:00,0.4843506683145161,0.6894709160268171,0.8001486817407801,0.39236640223900165,0.6960274746034122,0.1350297894997092
adaptation_030_grad_guarino,adaptation,30,grad_guarino,-0.25,5,5,0.6189684867858887,0.7744644284248352,22.735227584838867,0.6189684867858887,warmstart,25,1.2941498756408691,True,"{""C_m"": 87.84885905183687, ""g_L"": 12.466906623457966, ""E_L"": -80.54732579059181, ""v_T"": -55.97261847475046, ""delta_T"": 7.189217501872363, ""v_reset"": -78.5680107071879}","{""C_m"": 87.84885905183687, ""g_L"": 12.466906623457966, ""E_L"": -80.54732579059181, ""v_T"": -55.97261847475046, ""delta_T"": 7.189217501872363, ""v_reset"": -78.5680107071879}","{""C_m"": 200.0, ""g_L"": 12.0, ""E_L"": -70.0, ""v_T"": -50.0, ""delta_T"": 2.0, ""v_reset"": -58.0}",2026-04-28T18:24:03.220978+00:00,0.48761365629636144,0.058363327932245745,0.23438501756870697,0.23890473899001846,0.27311671062486126,0.587657448776797
adaptation_030_grad_vanrossum,adaptation,30,grad_vanrossum,0.0,5,0,5.005209445953369,4.789469242095947,10.825079917907715,4.789469242095947,training,25,1.4639458656311035,True,"{""C_m"": 77.79455924619296, ""g_L"": 6.6163055942015845, ""E_L"": -96.19109368096888, ""v_T"": -55.941909747468436, ""delta_T"": 12.05358406813973, ""v_reset"": -56.30142888175165}","{""C_m"": 240.0, ""g_L"": 7.080348014831543, ""E_L"": -109.95137786865234, ""v_T"": -39.91548538208008, ""delta_T"": 17.294551849365234, ""v_reset"": -58.94544219970703}","{""C_m"": 200.0, ""g_L"": 12.0, ""E_L"": -70.0, ""v_T"": -50.0, ""delta_T"": 2.0, ""v_reset"": -58.0}",2026-04-28T18:24:04.685043+00:00,0.17391304347826086,0.6149564981460571,0.8878083970811632,0.4033805847167969,0.804976413124486,0.02701263427734375
adaptation_030_nm_guarino,adaptation,30,nm_guarino,-0.25,5,5,0.6189684867858887,0.6189684867858887,0.6189684867858887,0.6189684867858887,warmstart,50,0.5903060436248779,False,"{""C_m"": 87.84885905183687, ""g_L"": 12.466906623457966, ""E_L"": -80.54732579059181, ""v_T"": -55.97261847475046, ""delta_T"": 7.189217501872363, ""v_reset"": -78.5680107071879}","{""C_m"": 87.84885905183687, ""g_L"": 12.466906623457966, ""E_L"": -80.54732579059181, ""v_T"": -55.97261847475046, ""delta_T"": 7.189217501872363, ""v_reset"": -78.5680107071879}","{""C_m"": 200.0, ""g_L"": 12.0, ""E_L"": -70.0, ""v_T"": -50.0, ""delta_T"": 2.0, ""v_reset"": -58.0}",2026-04-28T18:24:05.275852+00:00,0.48761365629636144,0.058363327932245745,0.23438501756870697,0.23890473899001846,0.27311671062486126,0.587657448776797
adaptation_031_grad_guarino,adaptation,31,grad_guarino,0.25,5,5,0.709094762802124,0.7548238635063171,12.98891830444336,0.709094762802124,warmstart,25,1.3352959156036377,True,"{""C_m"": 131.85432469563096, ""g_L"": 12.02637241896084, ""E_L"": -79.19579046466448, ""v_T"": -59.00026406707281, ""delta_T"": 9.11666644357936, ""v_reset"": -69.88145965995777}","{""C_m"": 131.85432469563096, ""g_L"": 12.02637241896084, ""E_L"": -79.19579046466448, ""v_T"": -59.00026406707281, ""delta_T"": 9.11666644357936, ""v_reset"": -69.88145965995777}","{""C_m"": 200.0, ""g_L"": 12.0, ""E_L"": -70.0, ""v_T"": -50.0, ""delta_T"": 2.0, ""v_reset"": -58.0}",2026-04-28T18:24:06.611263+00:00,0.2962855448016045,0.003296552370104955,0.2043508992147663,0.3600105626829125,0.3745613917673348,0.3394702759987934
adaptation_031_grad_vanrossum,adaptation,31,grad_vanrossum,-0.21164021164021166,5,4,4.792385101318359,4.782647609710693,9.290030479431152,4.782647609710693,training,25,1.4767248630523682,True,"{""C_m"": 52.309181411903914, ""g_L"": 7.347003612243411, ""E_L"": -98.84755430062856, ""v_T"": -47.6413758240364, ""delta_T"": 8.79587866894334, ""v_reset"": -62.910567972383454}","{""C_m"": 43.91099548339844, ""g_L"": 7.288390636444092, ""E_L"": -97.9422836303711, ""v_T"": -48.31419372558594, ""delta_T"": 8.666289329528809, ""v_reset"": -62.86170196533203}","{""C_m"": 200.0, ""g_L"": 12.0, ""E_L"": -70.0, ""v_T"": -50.0, ""delta_T"": 2.0, ""v_reset"": -58.0}",2026-04-28T18:24:08.088113+00:00,0.6786478457243547,0.5889511704444885,0.6209396362304688,0.0674322509765625,0.3508573331330952,0.13890577043805805
adaptation_031_nm_guarino,adaptation,31,nm_guarino,0.25,5,5,0.709094762802124,0.5382445454597473,0.5382445454597473,0.5382445454597473,training,50,0.5874700546264648,False,"{""C_m"": 131.85432469563096, ""g_L"": 12.02637241896084, ""E_L"": -79.19579046466448, ""v_T"": -59.00026406707281, ""delta_T"": 9.11666644357936, ""v_reset"": -69.88145965995777}","{""C_m"": 123.12864182745341, ""g_L"": 13.228252592091813, ""E_L"": -80.69704937219382, ""v_T"": -59.326614500365565, ""delta_T"": 8.636918396214003, ""v_reset"": -70.58564444482059}","{""C_m"": 200.0, ""g_L"": 12.0, ""E_L"": -70.0, ""v_T"": -50.0, ""delta_T"": 2.0, ""v_reset"": -58.0}",2026-04-28T18:24:08.675700+00:00,0.33422329640237647,0.15353157401147666,0.2377122082709737,0.3730645800146226,0.34931149453757915,0.35958984128058824
adaptation_032_grad_guarino,adaptation,32,grad_guarino,-0.25,5,5,0.39827728271484375,0.6667885780334473,12.875781059265137,0.39827728271484375,warmstart,25,1.4053919315338135,True,"{""C_m"": 127.07452290103967, ""g_L"": 13.542754772381482, ""E_L"": -72.08431676391628, ""v_T"": -50.388172764168765, ""delta_T"": 4.506615475835205, ""v_reset"": -57.479734043466536}","{""C_m"": 127.07452290103967, ""g_L"": 13.542754772381482, ""E_L"": -72.08431676391628, ""v_T"": -50.388172764168765, ""delta_T"": 4.506615475835205, ""v_reset"": -57.479734043466536}","{""C_m"": 200.0, ""g_L"": 12.0, ""E_L"": -70.0, ""v_T"": -50.0, ""delta_T"": 2.0, ""v_reset"": -58.0}",2026-04-28T18:24:10.081215+00:00,0.3170672917346101,0.19284434654768523,0.04631815030925061,0.015526910566750587,0.13192713030711606,0.014864741615241834
adaptation_032_grad_vanrossum,adaptation,32,grad_vanrossum,0.5820105820105821,5,4,3.8812692165374756,3.8847408294677734,96.30925750732422,3.8812692165374756,warmstart,25,1.733137845993042,True,"{""C_m"": 75.48255892444655, ""g_L"": 7.88578067959161, ""E_L"": -91.45107160635052, ""v_T"": -50.03920679696691, ""delta_T"": 9.377319160494109, ""v_reset"": -56.882727623791745}","{""C_m"": 75.48255892444655, ""g_L"": 7.88578067959161, ""E_L"": -91.45107160635052, ""v_T"": -50.03920679696691, ""delta_T"": 9.377319160494109, ""v_reset"": -56.882727623791745}","{""C_m"": 200.0, ""g_L"": 12.0, ""E_L"": -70.0, ""v_T"": -50.0, ""delta_T"": 2.0, ""v_reset"": -58.0}",2026-04-28T18:24:11.814470+00:00,0.5413801785893628,0.5142774150510487,0.47669048014112275,0.0015682718786763417,0.3882799558154794,0.03192206789166444
adaptation_032_nm_guarino,adaptation,32,nm_guarino,-0.25,5,5,0.39827728271484375,0.2031542956829071,0.2031542956829071,0.2031542956829071,training,50,0.5902767181396484,False,"{""C_m"": 127.07452290103967, ""g_L"": 13.542754772381482, ""E_L"": -72.08431676391628, ""v_T"": -50.388172764168765, ""delta_T"": 4.506615475835205, ""v_reset"": -57.479734043466536}","{""C_m"": 127.00915534810704, ""g_L"": 13.540312872004751, ""E_L"": -72.04723635405828, ""v_T"": -50.65255515212889, ""delta_T"": 4.504297257997842, ""v_reset"": -60.19996837062645}","{""C_m"": 200.0, ""g_L"": 12.0, ""E_L"": -70.0, ""v_T"": -50.0, ""delta_T"": 2.0, ""v_reset"": -58.0}",2026-04-28T18:24:12.405206+00:00,0.31735149848649113,0.1925391090005939,0.04549414120129522,0.026102206085155615,0.13180511884199167,0.06285623916075574
adaptation_033_grad_guarino,adaptation,33,grad_guarino,0.5,5,5,0.9023498296737671,0.8120834827423096,13.030411720275879,0.8120834827423096,training,25,1.298354148864746,True,"{""C_m"": 64.20974090938913, ""g_L"": 6.671650898878405, ""E_L"": -97.43810402697538, ""v_T"": -57.6807977737729, ""delta_T"": 11.812116908383908, ""v_reset"": -79.57177599882326}","{""C_m"": 51.00946044921875, ""g_L"": 6.66628885269165, ""E_L"": -96.55175018310547, ""v_T"": -57.76240539550781, ""delta_T"": 11.506623268127441, ""v_reset"": -79.57169342041016}","{""C_m"": 200.0, ""g_L"": 12.0, ""E_L"": -70.0, ""v_T"": -50.0, ""delta_T"": 2.0, ""v_reset"": -58.0}",2026-04-28T18:24:13.703674+00:00,0.6477849545686142,0.6667138934135437,0.5900388929578994,0.3104962158203125,0.500348593059339,0.6163340977260044
adaptation_033_grad_vanrossum,adaptation,33,grad_vanrossum,0.25,5,5,4.100801944732666,4.302020072937012,9.819872856140137,4.100801944732666,warmstart,25,1.481684923171997,True,"{""C_m"": 84.40375646243237, ""g_L"": 8.101866358162226, ""E_L"": -74.13750535163457, ""v_T"": -43.732899809304385, ""delta_T"": 1.649915761143455, ""v_reset"": -56.53260815920899}","{""C_m"": 84.40375646243237, ""g_L"": 8.101866358162226, ""E_L"": -74.13750535163457, ""v_T"": -43.732899809304385, ""delta_T"": 1.649915761143455, ""v_reset"": -56.53260815920899}","{""C_m"": 200.0, ""g_L"": 12.0, ""E_L"": -70.0, ""v_T"": -50.0, ""delta_T"": 2.0, ""v_reset"": -58.0}",2026-04-28T18:24:15.185467+00:00,0.5025923632068158,0.4872667052297217,0.09194456336965717,0.2506840076278246,0.018425486255607634,0.04192548116545741
adaptation_033_nm_guarino,adaptation,33,nm_guarino,0.75,5,5,0.9023498296737671,0.6938218474388123,0.6938218474388123,0.6938218474388123,training,50,0.5895121097564697,False,"{""C_m"": 64.20974090938913, ""g_L"": 6.671650898878405, ""E_L"": -97.43810402697538, ""v_T"": -57.6807977737729, ""delta_T"": 11.812116908383908, ""v_reset"": -79.57177599882326}","{""C_m"": 65.96478024782186, ""g_L"": 6.798409469578499, ""E_L"": -98.53894223166974, ""v_T"": -57.25993202913006, ""delta_T"": 12.036542178672084, ""v_reset"": -79.73449752952496}","{""C_m"": 200.0, ""g_L"": 12.0, ""E_L"": -70.0, ""v_T"": -50.0, ""delta_T"": 2.0, ""v_reset"": -58.0}",2026-04-28T18:24:15.775089+00:00,0.5827618250094702,0.6501988163026876,0.6341987162593274,0.2903972811652025,0.5282390620353729,0.6209856437007131
adaptation_034_grad_guarino,adaptation,34,grad_guarino,-0.25,5,5,0.48144659399986267,0.9897847175598145,13.03001594543457,0.48144659399986267,warmstart,25,1.2931320667266846,True,"{""C_m"": 115.73323296163393, ""g_L"": 12.99883150281163, ""E_L"": -65.48233892521188, ""v_T"": -45.921002648370866, ""delta_T"": 6.05483325441358, ""v_reset"": -63.313140124288765}","{""C_m"": 115.73323296163393, ""g_L"": 12.99883150281163, ""E_L"": -65.48233892521188, ""v_T"": -45.921002648370866, ""delta_T"": 6.05483325441358, ""v_reset"": -63.313140124288765}","{""C_m"": 200.0, ""g_L"": 12.0, ""E_L"": -70.0, ""v_T"": -50.0, ""delta_T"": 2.0, ""v_reset"": -58.0}",2026-04-28T18:24:17.068333+00:00,0.36637724799289595,0.12485393785145371,0.10039246832862495,0.16315989406516537,0.21341227654808317,0.15180400355110757
adaptation_034_grad_vanrossum,adaptation,34,grad_vanrossum,-0.25,5,5,4.443605899810791,6.671545505523682,7.237253189086914,4.443605899810791,warmstart,25,1.4940500259399414,True,"{""C_m"": 115.73323296163393, ""g_L"": 12.99883150281163, ""E_L"": -65.48233892521188, ""v_T"": -45.921002648370866, ""delta_T"": 6.05483325441358, ""v_reset"": -63.313140124288765}","{""C_m"": 115.73323296163393, ""g_L"": 12.99883150281163, ""E_L"": -65.48233892521188, ""v_T"": -45.921002648370866, ""delta_T"": 6.05483325441358, ""v_reset"": -63.313140124288765}","{""C_m"": 200.0, ""g_L"": 12.0, ""E_L"": -70.0, ""v_T"": -50.0, ""delta_T"": 2.0, ""v_reset"": -58.0}",2026-04-28T18:24:18.562502+00:00,0.36637724799289595,0.12485393785145371,0.10039246832862495,0.16315989406516537,0.21341227654808317,0.15180400355110757
adaptation_034_nm_guarino,adaptation,34,nm_guarino,-0.25,5,5,0.48144659399986267,0.24984535574913025,0.24984535574913025,0.24984535574913025,training,50,0.5906202793121338,False,"{""C_m"": 115.73323296163393, ""g_L"": 12.99883150281163, ""E_L"": -65.48233892521188, ""v_T"": -45.921002648370866, ""delta_T"": 6.05483325441358, ""v_reset"": -63.313140124288765}","{""C_m"": 107.29118113614172, ""g_L"": 13.841898291957545, ""E_L"": -65.72867324547204, ""v_T"": -44.79445033648905, ""delta_T"": 5.9961978085026555, ""v_reset"": -63.34617698564219}","{""C_m"": 200.0, ""g_L"": 12.0, ""E_L"": -70.0, ""v_T"": -50.0, ""delta_T"": 2.0, ""v_reset"": -58.0}",2026-04-28T18:24:19.153519+00:00,0.4030818211472099,0.2302372864946931,0.0949183723228436,0.20822198654043803,0.2103262004475082,0.15274791387549108
adaptation_035_grad_guarino,adaptation,35,grad_guarino,0.5,5,5,0.5771769285202026,0.5145670771598816,0.5177988409996033,0.5145670771598816,training,25,1.2941970825195312,True,"{""C_m"": 76.91483464297609, ""g_L"": 6.607305566851767, ""E_L"": -74.00144357614994, ""v_T"": -37.45306434982721, ""delta_T"": 15.128918047729014, ""v_reset"": -66.14498476436442}","{""C_m"": 76.33346557617188, ""g_L"": 6.6069865226745605, ""E_L"": -73.9693374633789, ""v_T"": -37.45665740966797, ""delta_T"": 15.130657196044922, ""v_reset"": -66.10533905029297}","{""C_m"": 200.0, ""g_L"": 12.0, ""E_L"": -70.0, ""v_T"": -50.0, ""delta_T"": 2.0, ""v_reset"": -58.0}",2026-04-28T18:24:20.447832+00:00,0.5376805844514266,0.6741266846656799,0.08820749918619791,0.5017337036132813,0.6910872208444696,0.23158111572265624
adaptation_035_grad_vanrossum,adaptation,35,grad_vanrossum,0.09049773755656108,5,8,4.998375415802002,4.882691860198975,30.958389282226562,4.882691860198975,training,25,1.4617359638214111,True,"{""C_m"": 191.30912361116435, ""g_L"": 13.018761193725604, ""E_L"": -79.6313879770876, ""v_T"": -55.03104921269485, ""delta_T"": 6.656318678724739, ""v_reset"": -58.67020112035446}","{""C_m"": 143.23391723632812, ""g_L"": 12.905030250549316, ""E_L"": -67.71578216552734, ""v_T"": -58.071754455566406, ""delta_T"": 5.247063159942627, ""v_reset"": -59.162742614746094}","{""C_m"": 200.0, ""g_L"": 12.0, ""E_L"": -70.0, ""v_T"": -50.0, ""delta_T"": 2.0, ""v_reset"": -58.0}",2026-04-28T18:24:21.909690+00:00,0.24680905549422555,0.11312878131866455,0.05076039632161458,0.32287017822265623,0.17089806104961194,0.03322121756417411
adaptation_035_nm_guarino,adaptation,35,nm_guarino,0.5,5,5,0.5771769285202026,0.4122161865234375,0.4122161865234375,0.4122161865234375,training,50,0.5817890167236328,False,"{""C_m"": 76.91483464297609, ""g_L"": 6.607305566851767, ""E_L"": -74.00144357614994, ""v_T"": -37.45306434982721, ""delta_T"": 15.128918047729014, ""v_reset"": -66.14498476436442}","{""C_m"": 75.68397371055924, ""g_L"": 6.902481594215105, ""E_L"": -76.08275754377243, ""v_T"": -38.16425663610645, ""delta_T"": 15.583959295221835, ""v_reset"": -62.23663265999386}","{""C_m"": 200.0, ""g_L"": 12.0, ""E_L"": -70.0, ""v_T"": -50.0, ""delta_T"": 2.0, ""v_reset"": -58.0}",2026-04-28T18:24:22.491590+00:00,0.5405044621280033,0.6371898007231118,0.13517238986160957,0.47342973455574194,0.7149452260643071,0.12104664742839596
adaptation_036_grad_guarino,adaptation,36,grad_guarino,-0.06944444444444445,5,1,0.8962048888206482,0.6391739249229431,13.03038501739502,0.6391739249229431,training,25,1.283160924911499,True,"{""C_m"": 55.1978320665483, ""g_L"": 6.142621491516483, ""E_L"": -101.47850857208547, ""v_T"": -49.44206665666355, ""delta_T"": 6.328424646649831, ""v_reset"": -73.59366306387184}","{""C_m"": 226.67691040039062, ""g_L"": 6.155815124511719, ""E_L"": -106.53172302246094, ""v_T"": -41.32405090332031, ""delta_T"": 10.004903793334961, ""v_reset"": -73.56370544433594}","{""C_m"": 200.0, ""g_L"": 12.0, ""E_L"": -70.0, ""v_T"": -50.0, ""delta_T"": 2.0, ""v_reset"": -58.0}",2026-04-28T18:24:23.774868+00:00,0.11598656695822011,0.7305231094360352,0.8118160671657986,0.3470379638671875,0.42131072596499797,0.4446772984095982
adaptation_036_grad_vanrossum,adaptation,36,grad_vanrossum,0.18633540372670807,5,2,4.295454025268555,4.76723051071167,4.76723051071167,4.295454025268555,warmstart,25,1.4694931507110596,True,"{""C_m"": 54.97529804822914, ""g_L"": 13.056816543709704, ""E_L"": -93.19102122415093, ""v_T"": -48.217127332259146, ""delta_T"": 16.608582715586266, ""v_reset"": -60.980871156789334}","{""C_m"": 54.97529804822914, ""g_L"": 13.056816543709704, ""E_L"": -93.19102122415093, ""v_T"": -48.217127332259146, ""delta_T"": 16.608582715586266, ""v_reset"": -60.980871156789334}","{""C_m"": 200.0, ""g_L"": 12.0, ""E_L"": -70.0, ""v_T"": -50.0, ""delta_T"": 2.0, ""v_reset"": -58.0}",2026-04-28T18:24:25.244476+00:00,0.6305421823990037,0.13210206796371304,0.515356027203354,0.07131490670963415,0.7688727745045403,0.08516774733683811
adaptation_036_nm_guarino,adaptation,36,nm_guarino,0.5820105820105821,5,4,0.8962048888206482,0.8252156972885132,0.8252156972885132,0.8252156972885132,training,50,0.5867912769317627,False,"{""C_m"": 55.1978320665483, ""g_L"": 6.142621491516483, ""E_L"": -101.47850857208547, ""v_T"": -49.44206665666355, ""delta_T"": 6.328424646649831, ""v_reset"": -73.59366306387184}","{""C_m"": 58.49109486377438, ""g_L"": 6.059373622059686, ""E_L"": -101.61792063905807, ""v_T"": -49.2373355324096, ""delta_T"": 6.6532599486017805, ""v_reset"": -71.42667751795176}","{""C_m"": 200.0, ""g_L"": 12.0, ""E_L"": -70.0, ""v_T"": -50.0, ""delta_T"": 2.0, ""v_reset"": -58.0}",2026-04-28T18:24:25.831745+00:00,0.6152561092879375,0.7425782972425392,0.7026204586457349,0.0305065787036159,0.24490841834746213,0.38361935765576455
adaptation_037_grad_guarino,adaptation,37,grad_guarino,0.75,5,5,0.8652541041374207,0.6524403095245361,24.51824951171875,0.6524403095245361,training,25,1.3863089084625244,True,"{""C_m"": 130.10721793530954, ""g_L"": 10.636506782966809, ""E_L"": -75.88970548937208, ""v_T"": -52.274814959874924, ""delta_T"": 13.381968793432966, ""v_reset"": -62.617868686564414}","{""C_m"": 126.52705383300781, ""g_L"": 10.6422700881958, ""E_L"": -75.66412353515625, ""v_T"": -52.45307540893555, ""delta_T"": 13.322587966918945, ""v_reset"": -62.63825988769531}","{""C_m"": 200.0, ""g_L"": 12.0, ""E_L"": -70.0, ""v_T"": -50.0, ""delta_T"": 2.0, ""v_reset"": -58.0}",2026-04-28T18:24:27.218163+00:00,0.3194475920304008,0.1697162389755249,0.12586941189236112,0.09812301635742188,0.5959256824694181,0.13252171107700894
adaptation_037_grad_vanrossum,adaptation,37,grad_vanrossum,-0.21164021164021166,5,4,3.8461503982543945,4.039262771606445,30.979150772094727,3.8461503982543945,warmstart,24,1.7224371433258057,True,"{""C_m"": 112.00102937028481, ""g_L"": 12.9886334051656, ""E_L"": -71.64916520881998, ""v_T"": -47.0215511280519, ""delta_T"": 1.6972725784978193, ""v_reset"": -59.37969000987041}","{""C_m"": 112.00102937028481, ""g_L"": 12.9886334051656, ""E_L"": -71.64916520881998, ""v_T"": -47.0215511280519, ""delta_T"": 1.6972725784978193, ""v_reset"": -59.37969000987041}","{""C_m"": 200.0, ""g_L"": 12.0, ""E_L"": -70.0, ""v_T"": -50.0, ""delta_T"": 2.0, ""v_reset"": -58.0}",2026-04-28T18:24:28.940721+00:00,0.3826042201291965,0.12357917564570009,0.03664811575155511,0.11913795487792413,0.0159330221843253,0.03941971456772596
adaptation_037_nm_guarino,adaptation,37,nm_guarino,0.5,5,5,0.8652541041374207,0.5697532296180725,0.5697532296180725,0.5697532296180725,training,50,0.5935242176055908,False,"{""C_m"": 130.10721793530954, ""g_L"": 10.636506782966809, ""E_L"": -75.88970548937208, ""v_T"": -52.274814959874924, ""delta_T"": 13.381968793432966, ""v_reset"": -62.617868686564414}","{""C_m"": 105.08184298126335, ""g_L"": 11.592516074016004, ""E_L"": -80.18045955684356, ""v_T"": -54.80031802692679, ""delta_T"": 12.940570280308702, ""v_reset"": -66.60412111371106}","{""C_m"": 200.0, ""g_L"": 12.0, ""E_L"": -70.0, ""v_T"": -50.0, ""delta_T"": 2.0, ""v_reset"": -58.0}",2026-04-28T18:24:29.534350+00:00,0.4126876392118985,0.05093549074799952,0.22623243459652354,0.19201272107707154,0.5758194884373001,0.245832031820316
adaptation_038_grad_guarino,adaptation,38,grad_guarino,-0.25,5,5,0.6936826109886169,0.9513375759124756,24.518455505371094,0.6936826109886169,warmstart,25,1.3076791763305664,True,"{""C_m"": 129.00834800978788, ""g_L"": 9.709258308923957, ""E_L"": -86.50800175250521, ""v_T"": -54.748698889472514, ""delta_T"": 14.454726392889729, ""v_reset"": -55.69877601919845}","{""C_m"": 129.00834800978788, ""g_L"": 9.709258308923957, ""E_L"": -86.50800175250521, ""v_T"": -54.748698889472514, ""delta_T"": 14.454726392889729, ""v_reset"": -55.69877601919845}","{""C_m"": 200.0, ""g_L"": 12.0, ""E_L"": -70.0, ""v_T"": -50.0, ""delta_T"": 2.0, ""v_reset"": -58.0}",2026-04-28T18:24:30.842147+00:00,0.30865935647918313,0.2863427113845054,0.36684448338900466,0.18994795557890057,0.6555119154152489,0.06574925659433006
adaptation_038_grad_vanrossum,adaptation,38,grad_vanrossum,0.11363636363636365,5,3,3.5385425090789795,3.515723943710327,33.986724853515625,3.515723943710327,training,25,1.4732229709625244,True,"{""C_m"": 217.73974586050133, ""g_L"": 11.124090328910814, ""E_L"": -71.2363765163847, ""v_T"": -45.79999469097349, ""delta_T"": 2.0161894170069865, ""v_reset"": -56.34738766618791}","{""C_m"": 217.52947998046875, ""g_L"": 11.107894897460938, ""E_L"": -71.115966796875, ""v_T"": -46.036720275878906, ""delta_T"": 2.007876396179199, ""v_reset"": -56.39436340332031}","{""C_m"": 200.0, ""g_L"": 12.0, ""E_L"": -70.0, ""v_T"": -50.0, ""delta_T"": 2.0, ""v_reset"": -58.0}",2026-04-28T18:24:32.315490+00:00,0.07621513034986413,0.11151313781738281,0.02479926215277778,0.15853118896484375,0.00041454716732627466,0.04587533133370536
adaptation_038_nm_guarino,adaptation,38,nm_guarino,0.0,5,5,0.6936826109886169,0.46756523847579956,0.46756523847579956,0.46756523847579956,training,50,0.5862910747528076,False,"{""C_m"": 129.00834800978788, ""g_L"": 9.709258308923957, ""E_L"": -86.50800175250521, ""v_T"": -54.748698889472514, ""delta_T"": 14.454726392889729, ""v_reset"": -55.69877601919845}","{""C_m"": 125.9429857347813, ""g_L"": 10.703462317964917, ""E_L"": -84.48454748295055, ""v_T"": -54.56894958824928, ""delta_T"": 13.454965530633373, ""v_reset"": -58.16305191190922}","{""C_m"": 200.0, ""g_L"": 12.0, ""E_L"": -70.0, ""v_T"": -50.0, ""delta_T"": 2.0, ""v_reset"": -58.0}",2026-04-28T18:24:32.902266+00:00,0.3219870185444291,0.16206721025438542,0.3218788329544566,0.18275798352997127,0.6028929226649143,0.00465862605454918
adaptation_039_grad_guarino,adaptation,39,grad_guarino,-0.21164021164021166,5,4,1.3089840412139893,1.3241719007492065,22.735300064086914,1.3089840412139893,warmstart,25,1.2931859493255615,True,"{""C_m"": 60.23238192917978, ""g_L"": 8.343427552343243, ""E_L"": -84.42743398483691, ""v_T"": -43.84408952748522, ""delta_T"": 1.9633309318603014, ""v_reset"": -66.21260044765549}","{""C_m"": 60.23238192917978, ""g_L"": 8.343427552343243, ""E_L"": -84.42743398483691, ""v_T"": -43.84408952748522, ""delta_T"": 1.9633309318603014, ""v_reset"": -66.21260044765549}","{""C_m"": 200.0, ""g_L"": 12.0, ""E_L"": -70.0, ""v_T"": -50.0, ""delta_T"": 2.0, ""v_reset"": -58.0}",2026-04-28T18:24:34.195575+00:00,0.6076852959600879,0.4570715559570946,0.3206096441074869,0.24623641890059134,0.0019299509547209797,0.23464572707587114
adaptation_039_grad_vanrossum,adaptation,39,grad_vanrossum,0.5820105820105821,5,4,4.465627670288086,4.956136703491211,10.766159057617188,4.465627670288086,warmstart,25,1.4653661251068115,True,"{""C_m"": 74.69001662631007, ""g_L"": 7.967783178114334, ""E_L"": -94.60678871574729, ""v_T"": -54.50970126429516, ""delta_T"": 15.901011996111102, ""v_reset"": -69.90208681872537}","{""C_m"": 74.69001662631007, ""g_L"": 7.967783178114334, ""E_L"": -94.60678871574729, ""v_T"": -54.50970126429516, ""delta_T"": 15.901011996111102, ""v_reset"": -69.90208681872537}","{""C_m"": 200.0, ""g_L"": 12.0, ""E_L"": -70.0, ""v_T"": -50.0, ""delta_T"": 2.0, ""v_reset"": -58.0}",2026-04-28T18:24:35.661066+00:00,0.5448260146682171,0.5040271027357083,0.5468175270166064,0.1803880505718064,0.7316322103216369,0.3400596233921533
adaptation_039_nm_guarino,adaptation,39,nm_guarino,-0.21164021164021166,5,4,1.3089840412139893,1.1557461023330688,1.1557461023330688,1.1557461023330688,training,50,0.5913748741149902,False,"{""C_m"": 60.23238192917978, ""g_L"": 8.343427552343243, ""E_L"": -84.42743398483691, ""v_T"": -43.84408952748522, ""delta_T"": 1.9633309318603014, ""v_reset"": -66.21260044765549}","{""C_m"": 63.244001025638774, ""g_L"": 8.343427552343243, ""E_L"": -84.42743398483691, ""v_T"": -43.84408952748522, ""delta_T"": 1.9633309318603014, ""v_reset"": -66.21260044765549}","{""C_m"": 200.0, ""g_L"": 12.0, ""E_L"": -70.0, ""v_T"": -50.0, ""delta_T"": 2.0, ""v_reset"": -58.0}",2026-04-28T18:24:36.252570+00:00,0.5945912998885271,0.4570715559570946,0.3206096441074869,0.24623641890059134,0.0019299509547209797,0.23464572707587114
adaptation_040_grad_guarino,adaptation,40,grad_guarino,0.75,5,5,0.9085806012153625,0.9136390686035156,0.9577168226242065,0.9085806012153625,warmstart,25,1.30649995803833,True,"{""C_m"": 121.7535452617247, ""g_L"": 7.196316774777448, ""E_L"": -78.46744104352123, ""v_T"": -56.4352355215307, ""delta_T"": 16.80341503800548, ""v_reset"": -68.27456264966061}","{""C_m"": 121.7535452617247, ""g_L"": 7.196316774777448, ""E_L"": -78.46744104352123, ""v_T"": -56.4352355215307, ""delta_T"": 16.80341503800548, ""v_reset"": -68.27456264966061}","{""C_m"": 200.0, ""g_L"": 12.0, ""E_L"": -70.0, ""v_T"": -50.0, ""delta_T"": 2.0, ""v_reset"": -58.0}",2026-04-28T18:24:37.559181+00:00,0.3402019771229361,0.600460403152819,0.1881653565226941,0.257409420861228,0.7791271072634463,0.293558932847446
adaptation_040_grad_vanrossum,adaptation,40,grad_vanrossum,-0.12422360248447205,5,2,4.245867729187012,3.70237135887146,7.1038432121276855,3.70237135887146,training,25,1.4615449905395508,True,"{""C_m"": 179.57236655220737, ""g_L"": 13.959181831861756, ""E_L"": -65.16852080405732, ""v_T"": -45.5058382577349, ""delta_T"": 3.677227465755224, ""v_reset"": -51.11419424940419}","{""C_m"": 239.987548828125, ""g_L"": 13.960697174072266, ""E_L"": -65.22111511230469, ""v_T"": -35.0000114440918, ""delta_T"": 18.45340919494629, ""v_reset"": -51.074623107910156}","{""C_m"": 200.0, ""g_L"": 12.0, ""E_L"": -70.0, ""v_T"": -50.0, ""delta_T"": 2.0, ""v_reset"": -58.0}",2026-04-28T18:24:39.020841+00:00,0.17385890794836956,0.2450871467590332,0.10619744194878472,0.5999995422363281,0.8659689049971732,0.19786791120256697
adaptation_040_nm_guarino,adaptation,40,nm_guarino,0.25,5,5,0.9085806012153625,0.7078096866607666,0.7078096866607666,0.7078096866607666,training,50,0.5899231433868408,False,"{""C_m"": 121.7535452617247, ""g_L"": 7.196316774777448, ""E_L"": -78.46744104352123, ""v_T"": -56.4352355215307, ""delta_T"": 16.80341503800548, ""v_reset"": -68.27456264966061}","{""C_m"": 118.52517305473594, ""g_L"": 7.514799820105969, ""E_L"": -84.78141754633582, ""v_T"": -56.56280477164577, ""delta_T"": 15.831983087590416, ""v_reset"": -65.03870666077671}","{""C_m"": 200.0, ""g_L"": 12.0, ""E_L"": -70.0, ""v_T"": -50.0, ""delta_T"": 2.0, ""v_reset"": -58.0}",2026-04-28T18:24:39.611650+00:00,0.3542383780228872,0.5606500224867539,0.3284759454741293,0.26251219086583094,0.7279991098731798,0.20110590459362032
adaptation_041_grad_guarino,adaptation,41,grad_guarino,0.25,5,5,0.65862637758255,0.6196304559707642,0.955289363861084,0.6196304559707642,training,25,1.2971141338348389,True,"{""C_m"": 102.497675090764, ""g_L"": 13.869561754298807, ""E_L"": -82.99752835307261, ""v_T"": -55.246825856175555, ""delta_T"": 17.918226591407095, ""v_reset"": -70.00090482698769}","{""C_m"": 105.71826171875, ""g_L"": 13.869546890258789, ""E_L"": -83.36521911621094, ""v_T"": -55.172359466552734, ""delta_T"": 17.920143127441406, ""v_reset"": -69.99449157714844}","{""C_m"": 200.0, ""g_L"": 12.0, ""E_L"": -70.0, ""v_T"": -50.0, ""delta_T"": 2.0, ""v_reset"": -58.0}",2026-04-28T18:24:40.908885+00:00,0.4099206012228261,0.23369336128234863,0.29700486924913194,0.20689437866210938,0.8379022698653372,0.34269975934709823
adaptation_041_grad_vanrossum,adaptation,41,grad_vanrossum,0.0,5,5,4.509336948394775,4.635193347930908,8.63973617553711,4.509336948394775,warmstart,25,1.4628221988677979,True,"{""C_m"": 92.99619919169209, ""g_L"": 11.526956447413188, ""E_L"": -75.15476013660269, ""v_T"": -50.515738353773095, ""delta_T"": 4.77779208884604, ""v_reset"": -76.38246860035791}","{""C_m"": 92.99619919169209, ""g_L"": 11.526956447413188, ""E_L"": -75.15476013660269, ""v_T"": -50.515738353773095, ""delta_T"": 4.77779208884604, ""v_reset"": -76.38246860035791}","{""C_m"": 200.0, ""g_L"": 12.0, ""E_L"": -70.0, ""v_T"": -50.0, ""delta_T"": 2.0, ""v_reset"": -58.0}",2026-04-28T18:24:42.371821+00:00,0.4652339165578605,0.05913044407335155,0.11455022525783755,0.020629534150923803,0.14619958362347577,0.5252133885816546
adaptation_041_nm_guarino,adaptation,41,nm_guarino,0.75,5,5,0.65862637758255,0.5150018334388733,0.5150018334388733,0.5150018334388733,training,50,0.5874183177947998,False,"{""C_m"": 102.497675090764, ""g_L"": 13.869561754298807, ""E_L"": -82.99752835307261, ""v_T"": -55.246825856175555, ""delta_T"": 17.918226591407095, ""v_reset"": -70.00090482698769}","{""C_m"": 96.84804801660835, ""g_L"": 13.803949998747733, ""E_L"": -85.64448924145044, ""v_T"": -55.91920902041839, ""delta_T"": 18.39815213537927, ""v_reset"": -67.84999919549946}","{""C_m"": 200.0, ""g_L"": 12.0, ""E_L"": -70.0, ""v_T"": -50.0, ""delta_T"": 2.0, ""v_reset"": -58.0}",2026-04-28T18:24:42.959355+00:00,0.44848674775387676,0.2254937498434666,0.3476553164766765,0.23676836081673572,0.8630606387041722,0.2814285484428418
adaptation_042_grad_guarino,adaptation,42,grad_guarino,0.39772727272727276,5,3,1.0238012075424194,0.9436550140380859,1.8528748750686646,0.9436550140380859,training,25,1.2824671268463135,True,"{""C_m"": 53.66200564922341, ""g_L"": 9.69949637327424, ""E_L"": -83.59642706880211, ""v_T"": -40.08312419930106, ""delta_T"": 11.985633831001826, ""v_reset"": -49.835306775760095}","{""C_m"": 55.95760726928711, ""g_L"": 9.731451988220215, ""E_L"": -84.05308532714844, ""v_T"": -40.03817367553711, ""delta_T"": 11.915135383605957, ""v_reset"": -49.8259391784668}","{""C_m"": 200.0, ""g_L"": 12.0, ""E_L"": -70.0, ""v_T"": -50.0, ""delta_T"": 2.0, ""v_reset"": -58.0}",2026-04-28T18:24:44.241934+00:00,0.6262712727422299,0.28356850147247314,0.31229078504774305,0.39847305297851565,0.521849230716103,0.23354459490094867
adaptation_042_grad_vanrossum,adaptation,42,grad_vanrossum,0.11363636363636365,5,3,4.670148849487305,4.727647304534912,6.422531604766846,4.670148849487305,warmstart,25,1.5899701118469238,True,"{""C_m"": 54.57707297689403, ""g_L"": 10.486552543958332, ""E_L"": -85.89364191906911, ""v_T"": -46.39224748262082, ""delta_T"": 6.138199073977601, ""v_reset"": -62.51814272638249}","{""C_m"": 54.57707297689403, ""g_L"": 10.486552543958332, ""E_L"": -85.89364191906911, ""v_T"": -46.39224748262082, ""delta_T"": 6.138199073977601, ""v_reset"": -62.51814272638249}","{""C_m"": 200.0, ""g_L"": 12.0, ""E_L"": -70.0, ""v_T"": -50.0, ""delta_T"": 2.0, ""v_reset"": -58.0}",2026-04-28T18:24:45.832016+00:00,0.6322735957526346,0.18918093200520847,0.35319204264598025,0.1443101006951673,0.217799951261979,0.12908979218235694
adaptation_042_nm_guarino,adaptation,42,nm_guarino,0.31746031746031744,5,4,1.0238012075424194,0.8511126637458801,0.8511126637458801,0.8511126637458801,training,50,0.5948202610015869,False,"{""C_m"": 53.66200564922341, ""g_L"": 9.69949637327424, ""E_L"": -83.59642706880211, ""v_T"": -40.08312419930106, ""delta_T"": 11.985633831001826, ""v_reset"": -49.835306775760095}","{""C_m"": 56.05582576072071, ""g_L"": 9.374981161689774, ""E_L"": -84.37226030839419, ""v_T"": -40.31263660567573, ""delta_T"": 11.962244773013232, ""v_reset"": -52.47371506589569}","{""C_m"": 200.0, ""g_L"": 12.0, ""E_L"": -70.0, ""v_T"": -50.0, ""delta_T"": 2.0, ""v_reset"": -58.0}",2026-04-28T18:24:46.427777+00:00,0.6258442358229533,0.3281273547887782,0.31938356240875976,0.3874945357729709,0.5243286722638544,0.15789385526012317
adaptation_043_grad_guarino,adaptation,43,grad_guarino,0.31746031746031744,5,4,0.9587138295173645,0.7800593972206116,0.8378976583480835,0.7800593972206116,training,25,1.568195104598999,True,"{""C_m"": 56.134562123493566, ""g_L"": 6.66451155049323, ""E_L"": -103.62703514528215, ""v_T"": -51.24465699120289, ""delta_T"": 15.643685609297965, ""v_reset"": -69.25484665662113}","{""C_m"": 56.883731842041016, ""g_L"": 6.665515899658203, ""E_L"": -103.6498794555664, ""v_T"": -51.20579528808594, ""delta_T"": 15.640480041503906, ""v_reset"": -69.2590103149414}","{""C_m"": 200.0, ""g_L"": 12.0, ""E_L"": -70.0, ""v_T"": -50.0, ""delta_T"": 2.0, ""v_reset"": -58.0}",2026-04-28T18:24:47.999209+00:00,0.6222446441650391,0.6668105125427246,0.7477750990125868,0.0482318115234375,0.7179200021844161,0.3216860089983259
adaptation_043_grad_vanrossum,adaptation,43,grad_vanrossum,-0.17045454545454547,5,3,4.302841663360596,6.9358391761779785,8.39794635772705,4.302841663360596,warmstart,25,1.4771299362182617,True,"{""C_m"": 149.22610828942828, ""g_L"": 11.134286899738488, ""E_L"": -92.75308832235542, ""v_T"": -53.98504254780386, ""delta_T"": 14.1237973763207, ""v_reset"": -52.8085485349198}","{""C_m"": 149.22610828942828, ""g_L"": 11.134286899738488, ""E_L"": -92.75308832235542, ""v_T"": -53.98504254780386, ""delta_T"": 14.1237973763207, ""v_reset"": -52.8085485349198}","{""C_m"": 200.0, ""g_L"": 12.0, ""E_L"": -70.0, ""v_T"": -50.0, ""delta_T"": 2.0, ""v_reset"": -58.0}",2026-04-28T18:24:49.476456+00:00,0.22075605091552922,0.10821413753268905,0.5056241849412316,0.1594017019121543,0.6380945987537211,0.1483271847165771
adaptation_043_nm_guarino,adaptation,43,nm_guarino,0.05291005291005289,5,4,0.9587138295173645,0.7330334186553955,0.7330334186553955,0.7330334186553955,training,50,0.5894567966461182,False,"{""C_m"": 56.134562123493566, ""g_L"": 6.66451155049323, ""E_L"": -103.62703514528215, ""v_T"": -51.24465699120289, ""delta_T"": 15.643685609297965, ""v_reset"": -69.25484665662113}","{""C_m"": 56.96717949211055, ""g_L"": 6.898604779659599, ""E_L"": -103.77630528030375, ""v_T"": -50.438786752604244, ""delta_T"": 15.86531049739424, ""v_reset"": -68.18120142458709}","{""C_m"": 200.0, ""g_L"": 12.0, ""E_L"": -70.0, ""v_T"": -50.0, ""delta_T"": 2.0, ""v_reset"": -58.0}",2026-04-28T18:24:50.066025+00:00,0.6218818282951716,0.6376744025425501,0.7505845617845277,0.017551470104169766,0.7297531840733811,0.2908914692739168
adaptation_044_grad_guarino,adaptation,44,grad_guarino,-0.25,5,5,0.8838890790939331,0.8978597521781921,1.1745805740356445,0.8838890790939331,warmstart,25,1.3178250789642334,True,"{""C_m"": 56.86343018718159, ""g_L"": 8.703865580069774, ""E_L"": -71.6720248424763, ""v_T"": -36.379006762881325, ""delta_T"": 7.92268121950986, ""v_reset"": -65.77329064691224}","{""C_m"": 56.86343018718159, ""g_L"": 8.703865580069774, ""E_L"": -71.6720248424763, ""v_T"": -36.379006762881325, ""delta_T"": 7.92268121950986, ""v_reset"": -65.77329064691224}","{""C_m"": 200.0, ""g_L"": 12.0, ""E_L"": -70.0, ""v_T"": -50.0, ""delta_T"": 2.0, ""v_reset"": -58.0}",2026-04-28T18:24:51.383970+00:00,0.6223329122296453,0.41201680249127826,0.037156107610584535,0.544839729484747,0.3117200641847295,0.22209401848320698
adaptation_044_grad_vanrossum,adaptation,44,grad_vanrossum,0.6698564593301435,5,6,3.483661651611328,3.766237258911133,30.963638305664062,3.483661651611328,warmstart,25,1.4879708290100098,True,"{""C_m"": 117.14109935118016, ""g_L"": 13.802519403246835, ""E_L"": -65.472014447941, ""v_T"": -49.776408212322416, ""delta_T"": 3.137833552671243, ""v_reset"": -54.470002274166426}","{""C_m"": 117.14109935118016, ""g_L"": 13.802519403246835, ""E_L"": -65.472014447941, ""v_T"": -49.776408212322416, ""delta_T"": 3.137833552671243, ""v_reset"": -54.470002274166426}","{""C_m"": 200.0, ""g_L"": 12.0, ""E_L"": -70.0, ""v_T"": -50.0, ""delta_T"": 2.0, ""v_reset"": -58.0}",2026-04-28T18:24:52.872050+00:00,0.3602560897774776,0.2253149254058544,0.10062190115686652,0.008943671507103375,0.05988597645638122,0.10085707788095927
adaptation_044_nm_guarino,adaptation,44,nm_guarino,-0.25,5,5,0.8838890790939331,0.6456981301307678,0.6456981301307678,0.6456981301307678,training,50,0.5902519226074219,False,"{""C_m"": 56.86343018718159, ""g_L"": 8.703865580069774, ""E_L"": -71.6720248424763, ""v_T"": -36.379006762881325, ""delta_T"": 7.92268121950986, ""v_reset"": -65.77329064691224}","{""C_m"": 60.89926652640753, ""g_L"": 8.388529914652594, ""E_L"": -72.28355153686408, ""v_T"": -36.69366099531122, ""delta_T"": 7.869496999364454, ""v_reset"": -65.50342528628582}","{""C_m"": 200.0, ""g_L"": 12.0, ""E_L"": -70.0, ""v_T"": -50.0, ""delta_T"": 2.0, ""v_reset"": -58.0}",2026-04-28T18:24:53.462734+00:00,0.6047857977112716,0.4514337606684258,0.0507455897080907,0.5322535601875512,0.30892089470339235,0.21438357960816623
adaptation_045_grad_guarino,adaptation,45,grad_guarino,0.0,5,5,0.5729746222496033,0.7075194120407104,1.36319100856781,0.5729746222496033,warmstart,25,1.2832109928131104,True,"{""C_m"": 101.53731361254542, ""g_L"": 7.268473158816976, ""E_L"": -69.88783048904038, ""v_T"": -43.764682249675346, ""delta_T"": 5.698011119115083, ""v_reset"": -71.27257689124944}","{""C_m"": 101.53731361254542, ""g_L"": 7.268473158816976, ""E_L"": -69.88783048904038, ""v_T"": -43.764682249675346, ""delta_T"": 5.698011119115083, ""v_reset"": -71.27257689124944}","{""C_m"": 200.0, ""g_L"": 12.0, ""E_L"": -70.0, ""v_T"": -50.0, ""delta_T"": 2.0, ""v_reset"": -58.0}",2026-04-28T18:24:54.746055+00:00,0.4280986364671938,0.591440855147878,0.0024926557991026103,0.24941271001298618,0.19463216416395177,0.3792164826071269
adaptation_045_grad_vanrossum,adaptation,45,grad_vanrossum,0.5820105820105821,5,4,3.3391847610473633,3.5108563899993896,14.934608459472656,3.3391847610473633,warmstart,25,1.4635670185089111,True,"{""C_m"": 79.54749400176448, ""g_L"": 12.401037408969854, ""E_L"": -90.42885919982855, ""v_T"": -53.1554477486778, ""delta_T"": 19.38501105092577, ""v_reset"": -60.52464637236541}","{""C_m"": 79.54749400176448, ""g_L"": 12.401037408969854, ""E_L"": -90.42885919982855, ""v_T"": -53.1554477486778, ""delta_T"": 19.38501105092577, ""v_reset"": -60.52464637236541}","{""C_m"": 200.0, ""g_L"": 12.0, ""E_L"": -70.0, ""v_T"": -50.0, ""delta_T"": 2.0, ""v_reset"": -58.0}",2026-04-28T18:24:56.209729+00:00,0.5237065478184153,0.05012967612123176,0.45397464888507894,0.12621790994711204,0.9150005816276721,0.07213275349615458
adaptation_045_nm_guarino,adaptation,45,nm_guarino,0.5,5,5,0.5729746222496033,0.35472235083580017,0.35472235083580017,0.35472235083580017,training,50,0.5887608528137207,False,"{""C_m"": 101.53731361254542, ""g_L"": 7.268473158816976, ""E_L"": -69.88783048904038, ""v_T"": -43.764682249675346, ""delta_T"": 5.698011119115083, ""v_reset"": -71.27257689124944}","{""C_m"": 101.19059637316033, ""g_L"": 7.587498558404434, ""E_L"": -72.48494364402511, ""v_T"": -43.478042433128905, ""delta_T"": 5.551295919112958, ""v_reset"": -64.79797997670661}","{""C_m"": 200.0, ""g_L"": 12.0, ""E_L"": -70.0, ""v_T"": -50.0, ""delta_T"": 2.0, ""v_reset"": -58.0}",2026-04-28T18:24:56.798610+00:00,0.42960610272538985,0.5515626801994458,0.05522096986722463,0.2608783026748438,0.18691031153226093,0.19422799933447468
adaptation_046_grad_guarino,adaptation,46,grad_guarino,0.5,5,5,0.9638707637786865,0.9043139815330505,0.9649222493171692,0.9043139815330505,training,25,1.2906270027160645,True,"{""C_m"": 120.38176432982732, ""g_L"": 12.419679333311649, ""E_L"": -68.96562593865465, ""v_T"": -47.67104416285922, ""delta_T"": 17.000257619461188, ""v_reset"": -67.4120480532108}","{""C_m"": 120.35438537597656, ""g_L"": 12.419647216796875, ""E_L"": -68.965576171875, ""v_T"": -47.668670654296875, ""delta_T"": 17.000123977661133, ""v_reset"": -67.40850830078125}","{""C_m"": 200.0, ""g_L"": 12.0, ""E_L"": -70.0, ""v_T"": -50.0, ""delta_T"": 2.0, ""v_reset"": -58.0}",2026-04-28T18:24:58.089352+00:00,0.34628528097401495,0.052455902099609375,0.022987196180555555,0.093253173828125,0.7894802093505859,0.2688145228794643
adaptation_046_grad_vanrossum,adaptation,46,grad_vanrossum,-0.4444444444444445,5,10,4.629665851593018,4.2661967277526855,15.171158790588379,4.2661967277526855,training,25,1.4612882137298584,True,"{""C_m"": 97.66926834074765, ""g_L"": 10.620162810194287, ""E_L"": -76.4527902916283, ""v_T"": -48.071786537118015, ""delta_T"": 1.2875180850673464, ""v_reset"": -68.97742192429399}","{""C_m"": 13.355886459350586, ""g_L"": 9.033003807067871, ""E_L"": -66.29212951660156, ""v_T"": -58.2657585144043, ""delta_T"": 1.2358884811401367, ""v_reset"": -69.27684020996094}","{""C_m"": 200.0, ""g_L"": 12.0, ""E_L"": -70.0, ""v_T"": -50.0, ""delta_T"": 2.0, ""v_reset"": -58.0}",2026-04-28T18:24:59.550755+00:00,0.8114961458289105,0.3708745241165161,0.08239712185329862,0.33063034057617186,0.04021639572946649,0.3221954345703125
adaptation_046_nm_guarino,adaptation,46,nm_guarino,0.25,5,5,0.9638707637786865,0.7145504951477051,0.7145504951477051,0.7145504951477051,training,50,0.5878469944000244,False,"{""C_m"": 120.38176432982732, ""g_L"": 12.419679333311649, ""E_L"": -68.96562593865465, ""v_T"": -47.67104416285922, ""delta_T"": 17.000257619461188, ""v_reset"": -67.4120480532108}","{""C_m"": 106.35744258347935, ""g_L"": 13.776087434893029, ""E_L"": -72.03803953302133, ""v_T"": -48.962435588906814, ""delta_T"": 15.996975681405104, ""v_reset"": -69.24907404921302}","{""C_m"": 200.0, ""g_L"": 12.0, ""E_L"": -70.0, ""v_T"": -50.0, ""delta_T"": 2.0, ""v_reset"": -58.0}",2026-04-28T18:25:00.138816+00:00,0.4071415539848724,0.22201092936162858,0.04528976740047407,0.041502576443727436,0.7366829306002686,0.3214021156918006
adaptation_047_grad_guarino,adaptation,47,grad_guarino,0.5,5,5,0.6673636436462402,0.8929545283317566,1.005399227142334,0.6673636436462402,warmstart,25,1.3003036975860596,True,"{""C_m"": 85.26158795117576, ""g_L"": 6.900195213373579, ""E_L"": -70.34025069067386, ""v_T"": -42.49187161140955, ""delta_T"": 13.645834854623606, ""v_reset"": -73.84982476098052}","{""C_m"": 85.26158795117576, ""g_L"": 6.900195213373579, ""E_L"": -70.34025069067386, ""v_T"": -42.49187161140955, ""delta_T"": 13.645834854623606, ""v_reset"": -73.84982476098052}","{""C_m"": 200.0, ""g_L"": 12.0, ""E_L"": -70.0, ""v_T"": -50.0, ""delta_T"": 2.0, ""v_reset"": -58.0}",2026-04-28T18:25:01.439241+00:00,0.4988626610818445,0.6374755983283026,0.007561126459419003,0.300325135543618,0.6129386765591371,0.452852136028015
adaptation_047_grad_vanrossum,adaptation,47,grad_vanrossum,0.0,5,5,4.66370964050293,4.574705123901367,6.385912895202637,4.574705123901367,training,2,1.3070180416107178,True,"{""C_m"": 59.10027052015199, ""g_L"": 11.769460243925089, ""E_L"": -77.63792143977167, ""v_T"": -48.20116113965835, ""delta_T"": 3.565610098823524, ""v_reset"": -54.58437813634927}","{""C_m"": 46.433536529541016, ""g_L"": 11.68362808227539, ""E_L"": -75.48191833496094, ""v_T"": -49.24030303955078, ""delta_T"": 3.4773430824279785, ""v_reset"": -54.804840087890625}","{""C_m"": 200.0, ""g_L"": 12.0, ""E_L"": -70.0, ""v_T"": -50.0, ""delta_T"": 2.0, ""v_reset"": -58.0}",2026-04-28T18:25:02.746383+00:00,0.6676802759585173,0.03954648971557617,0.12182040744357639,0.03038787841796875,0.07775489907515676,0.091290283203125
adaptation_047_nm_guarino,adaptation,47,nm_guarino,0.5,5,5,0.6673636436462402,0.6608490943908691,0.6608490943908691,0.6608490943908691,training,50,0.596217155456543,False,"{""C_m"": 85.26158795117576, ""g_L"": 6.900195213373579, ""E_L"": -70.34025069067386, ""v_T"": -42.49187161140955, ""delta_T"": 13.645834854623606, ""v_reset"": -73.84982476098052}","{""C_m"": 86.45771802102267, ""g_L"": 7.2216808316969345, ""E_L"": -70.45267732787187, ""v_T"": -42.43475250207773, ""delta_T"": 13.106547222079122, ""v_reset"": -72.52463955983632}","{""C_m"": 200.0, ""g_L"": 12.0, ""E_L"": -70.0, ""v_T"": -50.0, ""delta_T"": 2.0, ""v_reset"": -58.0}",2026-04-28T18:25:03.342731+00:00,0.493662095560771,0.5972898960378832,0.010059496174930398,0.30260989991689086,0.5845551169515327,0.414989701709609
adaptation_048_grad_guarino,adaptation,48,grad_guarino,0.5,5,5,0.7249005436897278,0.72763592004776,0.7314183712005615,0.7249005436897278,warmstart,25,1.4076001644134521,True,"{""C_m"": 70.79335437043274, ""g_L"": 7.659951361762622, ""E_L"": -82.74098904671796, ""v_T"": -46.881201871792584, ""delta_T"": 17.11186819755824, ""v_reset"": -78.57680920599046}","{""C_m"": 70.79335437043274, ""g_L"": 7.659951361762622, ""E_L"": -82.74098904671796, ""v_T"": -46.881201871792584, ""delta_T"": 17.11186819755824, ""v_reset"": -78.57680920599046}","{""C_m"": 200.0, ""g_L"": 12.0, ""E_L"": -70.0, ""v_T"": -50.0, ""delta_T"": 2.0, ""v_reset"": -58.0}",2026-04-28T18:25:04.750456+00:00,0.5617680244763794,0.5425060797796722,0.2831330899270657,0.12475192512829665,0.7953614840820127,0.5879088344568703
adaptation_048_grad_vanrossum,adaptation,48,grad_vanrossum,0.0,5,0,4.255591869354248,4.037830829620361,6.694421768188477,4.037830829620361,training,25,1.7619340419769287,True,"{""C_m"": 71.02160120159282, ""g_L"": 13.702375567083806, ""E_L"": -74.48558353912705, ""v_T"": -51.8996952407191, ""delta_T"": 6.664398022812516, ""v_reset"": -63.55806911295034}","{""C_m"": 217.41766357421875, ""g_L"": 13.71182632446289, ""E_L"": -93.15216064453125, ""v_T"": -42.7099723815918, ""delta_T"": 8.179654121398926, ""v_reset"": -62.15653991699219}","{""C_m"": 200.0, ""g_L"": 12.0, ""E_L"": -70.0, ""v_T"": -50.0, ""delta_T"": 2.0, ""v_reset"": -58.0}",2026-04-28T18:25:06.512508+00:00,0.07572897206182065,0.21397829055786133,0.5144924587673612,0.2916011047363281,0.3252449537578382,0.11875828334263393
adaptation_048_nm_guarino,adaptation,48,nm_guarino,0.25,5,5,0.7249005436897278,0.5925481915473938,0.5925481915473938,0.5925481915473938,training,50,0.5855329036712646,False,"{""C_m"": 70.79335437043274, ""g_L"": 7.659951361762622, ""E_L"": -82.74098904671796, ""v_T"": -46.881201871792584, ""delta_T"": 17.11186819755824, ""v_reset"": -78.57680920599046}","{""C_m"": 68.980282443395, ""g_L"": 7.970184885127061, ""E_L"": -84.17841264334635, ""v_T"": -48.09303371672021, ""delta_T"": 17.944812134269302, ""v_reset"": -76.70527095068584}","{""C_m"": 200.0, ""g_L"": 12.0, ""E_L"": -70.0, ""v_T"": -50.0, ""delta_T"": 2.0, ""v_reset"": -58.0}",2026-04-28T18:25:07.098535+00:00,0.5696509458982826,0.5037268893591174,0.3150758365188077,0.07627865133119173,0.8392006386457528,0.5344363128767384
adaptation_049_grad_guarino,adaptation,49,grad_guarino,0.11363636363636365,5,3,0.6300032734870911,0.6066790223121643,6.991017818450928,0.6066790223121643,training,25,1.2961010932922363,True,"{""C_m"": 67.54713912661073, ""g_L"": 8.533511403546683, ""E_L"": -93.60299852494965, ""v_T"": -50.68444363202108, ""delta_T"": 8.522683599833183, ""v_reset"": -59.800256713772875}","{""C_m"": 92.06837463378906, ""g_L"": 8.723109245300293, ""E_L"": -96.3115234375, ""v_T"": -49.541202545166016, ""delta_T"": 8.785675048828125, ""v_reset"": -59.715354919433594}","{""C_m"": 200.0, ""g_L"": 12.0, ""E_L"": -70.0, ""v_T"": -50.0, ""delta_T"": 2.0, ""v_reset"": -58.0}",2026-04-28T18:25:08.394752+00:00,0.46926793637483016,0.4096113443374634,0.5847005208333333,0.018351898193359376,0.3571407920435855,0.04901014055524554
adaptation_049_grad_vanrossum,adaptation,49,grad_vanrossum,0.5820105820105821,5,4,4.900337219238281,4.948451995849609,10.440539360046387,4.900337219238281,warmstart,25,1.482987880706787,True,"{""C_m"": 135.19257596529994, ""g_L"": 7.434574028424105, ""E_L"": -92.19161145261472, ""v_T"": -54.746958457592214, ""delta_T"": 11.268944401775734, ""v_reset"": -63.684766923470896}","{""C_m"": 135.19257596529994, ""g_L"": 7.434574028424105, ""E_L"": -92.19161145261472, ""v_T"": -54.746958457592214, ""delta_T"": 11.268944401775734, ""v_reset"": -63.684766923470896}","{""C_m"": 200.0, ""g_L"": 12.0, ""E_L"": -70.0, ""v_T"": -50.0, ""delta_T"": 2.0, ""v_reset"": -58.0}",2026-04-28T18:25:09.877848+00:00,0.281771408846522,0.5706782464469868,0.49314692116921605,0.18987833830368855,0.4878391790408281,0.16242191209916845
adaptation_049_nm_guarino,adaptation,49,nm_guarino,0.5820105820105821,5,4,0.6300032734870911,0.4834568202495575,0.4834568202495575,0.4834568202495575,training,50,0.5958101749420166,False,"{""C_m"": 67.54713912661073, ""g_L"": 8.533511403546683, ""E_L"": -93.60299852494965, ""v_T"": -50.68444363202108, ""delta_T"": 8.522683599833183, ""v_reset"": -59.800256713772875}","{""C_m"": 70.49295441047224, ""g_L"": 8.156613750311205, ""E_L"": -94.24943886519252, ""v_T"": -50.98209092741281, ""delta_T"": 8.894368499186884, ""v_reset"": -60.419407637501294}","{""C_m"": 200.0, ""g_L"": 12.0, ""E_L"": -70.0, ""v_T"": -50.0, ""delta_T"": 2.0, ""v_reset"": -58.0}",2026-04-28T18:25:10.473777+00:00,0.5630741112588163,0.48042328121109934,0.5388764192265003,0.03928363709651251,0.3628614999572044,0.06912593250003697
adaptation_050_grad_guarino,adaptation,50,grad_guarino,-0.25,5,5,0.7751337885856628,0.9251050353050232,1.0781666040420532,0.7751337885856628,warmstart,25,1.3114471435546875,True,"{""C_m"": 77.95167065716099, ""g_L"": 13.291697183126768, ""E_L"": -74.37887459007324, ""v_T"": -42.05021807563415, ""delta_T"": 18.094765981179513, ""v_reset"": -53.67627185603278}","{""C_m"": 77.95167065716099, ""g_L"": 13.291697183126768, ""E_L"": -74.37887459007324, ""v_T"": -42.05021807563415, ""delta_T"": 18.094765981179513, ""v_reset"": -53.67627185603278}","{""C_m"": 200.0, ""g_L"": 12.0, ""E_L"": -70.0, ""v_T"": -50.0, ""delta_T"": 2.0, ""v_reset"": -58.0}",2026-04-28T18:25:11.785368+00:00,0.5306449101862566,0.161462147890846,0.09730832422384973,0.31799127697463403,0.8470929463778691,0.12353508982763495
adaptation_050_grad_vanrossum,adaptation,50,grad_vanrossum,0.0,5,0,5.013490200042725,4.62354850769043,6.463520050048828,4.62354850769043,training,25,1.465451955795288,True,"{""C_m"": 51.095879001107214, ""g_L"": 12.731844666950991, ""E_L"": -72.90489135518256, ""v_T"": -43.27651159711186, ""delta_T"": 6.680304518965084, ""v_reset"": -56.95195495323957}","{""C_m"": 223.4640655517578, ""g_L"": 13.060771942138672, ""E_L"": -93.17987823486328, ""v_T"": -36.554725646972656, ""delta_T"": 7.827858924865723, ""v_reset"": -56.51695251464844}","{""C_m"": 200.0, ""g_L"": 12.0, ""E_L"": -70.0, ""v_T"": -50.0, ""delta_T"": 2.0, ""v_reset"": -58.0}",2026-04-28T18:25:13.250934+00:00,0.10201767631199049,0.13259649276733398,0.515108405219184,0.5378109741210938,0.30672941709819596,0.04237278529575893
adaptation_050_nm_guarino,adaptation,50,nm_guarino,0.75,5,5,0.7751337885856628,0.14505141973495483,0.14505141973495483,0.14505141973495483,training,50,0.587913990020752,False,"{""C_m"": 77.95167065716099, ""g_L"": 13.291697183126768, ""E_L"": -74.37887459007324, ""v_T"": -42.05021807563415, ""delta_T"": 18.094765981179513, ""v_reset"": -53.67627185603278}","{""C_m"": 80.07405592884719, ""g_L"": 13.309502633099878, ""E_L"": -75.57452265125627, ""v_T"": -42.10654820744414, ""delta_T"": 18.119005583241922, ""v_reset"": -53.748176155394106}","{""C_m"": 200.0, ""g_L"": 12.0, ""E_L"": -70.0, ""v_T"": -50.0, ""delta_T"": 2.0, ""v_reset"": -58.0}",2026-04-28T18:25:13.839314+00:00,0.521417148135447,0.1636878291374848,0.12387828113902831,0.31573807170223434,0.8483687149074696,0.12148068127445413
adaptation_051_grad_guarino,adaptation,51,grad_guarino,0.5820105820105821,5,4,0.928852915763855,0.913720965385437,0.9163936376571655,0.913720965385437,training,25,1.297572135925293,True,"{""C_m"": 48.418106049995245, ""g_L"": 6.303300063336201, ""E_L"": -99.41433454347855, ""v_T"": -38.189968726233914, ""delta_T"": 14.17205306200378, ""v_reset"": -46.61452783400184}","{""C_m"": 48.73706817626953, ""g_L"": 6.303274631500244, ""E_L"": -99.41275787353516, ""v_T"": -38.20318603515625, ""delta_T"": 14.159809112548828, ""v_reset"": -46.615394592285156}","{""C_m"": 200.0, ""g_L"": 12.0, ""E_L"": -70.0, ""v_T"": -50.0, ""delta_T"": 2.0, ""v_reset"": -58.0}",2026-04-28T18:25:15.137004+00:00,0.6576649209727412,0.7120906710624695,0.6536168416341146,0.47187255859375,0.6399899532920436,0.3252744402204241
adaptation_051_grad_vanrossum,adaptation,51,grad_vanrossum,0.31746031746031744,5,4,4.665266036987305,4.700642108917236,33.629600524902344,4.665266036987305,warmstart,25,1.4702389240264893,True,"{""C_m"": 95.64624101397344, ""g_L"": 6.1312869254206, ""E_L"": -86.12451235757241, ""v_T"": -43.909418112898805, ""delta_T"": 2.9405692821912712, ""v_reset"": -56.96681262100475}","{""C_m"": 95.64624101397344, ""g_L"": 6.1312869254206, ""E_L"": -86.12451235757241, ""v_T"": -43.909418112898805, ""delta_T"": 2.9405692821912712, ""v_reset"": -56.96681262100475}","{""C_m"": 200.0, ""g_L"": 12.0, ""E_L"": -70.0, ""v_T"": -50.0, ""delta_T"": 2.0, ""v_reset"": -58.0}",2026-04-28T18:25:16.607352+00:00,0.45371199559141984,0.733589134322425,0.35832249683494255,0.24362327548404777,0.04950364643111954,0.029519639399864316
adaptation_051_nm_guarino,adaptation,51,nm_guarino,0.5820105820105821,5,4,0.928852915763855,0.7027338743209839,0.7027338743209839,0.7027338743209839,training,50,0.5895884037017822,False,"{""C_m"": 48.418106049995245, ""g_L"": 6.303300063336201, ""E_L"": -99.41433454347855, ""v_T"": -38.189968726233914, ""delta_T"": 14.17205306200378, ""v_reset"": -46.61452783400184}","{""C_m"": 48.05594784290058, ""g_L"": 6.079282298601541, ""E_L"": -98.69596258373349, ""v_T"": -37.93745568184348, ""delta_T"": 14.576897302955437, ""v_reset"": -51.82808328776497}","{""C_m"": 200.0, ""g_L"": 12.0, ""E_L"": -70.0, ""v_T"": -50.0, ""delta_T"": 2.0, ""v_reset"": -58.0}",2026-04-28T18:25:17.197060+00:00,0.6606263137265191,0.7400897126748074,0.6376880574162997,0.48250177272626077,0.6619419633134441,0.17634047749242945
adaptation_052_grad_guarino,adaptation,52,grad_guarino,0.25,5,5,0.8588894605636597,0.9983523488044739,6.910553455352783,0.8588894605636597,warmstart,25,1.3153910636901855,True,"{""C_m"": 134.8656355138188, ""g_L"": 11.946230995517006, ""E_L"": -66.79120718326992, ""v_T"": -50.74335858311426, ""delta_T"": 4.4909799644483686, ""v_reset"": -77.71668715523343}","{""C_m"": 134.8656355138188, ""g_L"": 11.946230995517006, ""E_L"": -66.79120718326992, ""v_T"": -50.74335858311426, ""delta_T"": 4.4909799644483686, ""v_reset"": -77.71668715523343}","{""C_m"": 200.0, ""g_L"": 12.0, ""E_L"": -70.0, ""v_T"": -50.0, ""delta_T"": 2.0, ""v_reset"": -58.0}",2026-04-28T18:25:18.512566+00:00,0.28319288907035306,0.006721125560374297,0.07130650703844627,0.02973434332457032,0.1311042086551773,0.5633339187209552
adaptation_052_grad_vanrossum,adaptation,52,grad_vanrossum,-0.17045454545454547,5,3,4.650408744812012,4.415205955505371,7.9184675216674805,4.415205955505371,training,25,1.465179204940796,True,"{""C_m"": 40.71689163458534, ""g_L"": 8.226049989205762, ""E_L"": -94.3382813103391, ""v_T"": -49.407650587828485, ""delta_T"": 4.696373279677076, ""v_reset"": -57.98425435353898}","{""C_m"": 45.39759063720703, ""g_L"": 8.29946517944336, ""E_L"": -95.31170654296875, ""v_T"": -49.036842346191406, ""delta_T"": 4.751243591308594, ""v_reset"": -57.93145751953125}","{""C_m"": 200.0, ""g_L"": 12.0, ""E_L"": -70.0, ""v_T"": -50.0, ""delta_T"": 2.0, ""v_reset"": -58.0}",2026-04-28T18:25:19.977883+00:00,0.6721843885338825,0.4625668525695801,0.5624823676215278,0.03852630615234375,0.14480229427939967,0.0019583565848214288
adaptation_052_nm_guarino,adaptation,52,nm_guarino,-0.25,5,5,0.8588894605636597,0.7033895254135132,0.7033895254135132,0.7033895254135132,training,50,0.5864808559417725,False,"{""C_m"": 134.8656355138188, ""g_L"": 11.946230995517006, ""E_L"": -66.79120718326992, ""v_T"": -50.74335858311426, ""delta_T"": 4.4909799644483686, ""v_reset"": -77.71668715523343}","{""C_m"": 129.83949020952943, ""g_L"": 12.235623807669207, ""E_L"": -67.70303007129183, ""v_T"": -52.26897090290825, ""delta_T"": 4.485203151148955, ""v_reset"": -77.46101022518937}","{""C_m"": 200.0, ""g_L"": 12.0, ""E_L"": -70.0, ""v_T"": -50.0, ""delta_T"": 2.0, ""v_reset"": -58.0}",2026-04-28T18:25:20.564475+00:00,0.3050456947411764,0.029452975958650818,0.05104377619351479,0.09075883611633002,0.130800165849945,0.5560288635768391
adaptation_053_grad_guarino,adaptation,53,grad_guarino,0.5,5,5,0.2364233285188675,0.35382136702537537,2.811842203140259,0.2364233285188675,warmstart,25,1.2952580451965332,True,"{""C_m"": 107.07865210630438, ""g_L"": 13.895303131827024, ""E_L"": -73.44631013425656, ""v_T"": -48.20456890387422, ""delta_T"": 10.930699846904291, ""v_reset"": -56.90313550833814}","{""C_m"": 107.07865210630438, ""g_L"": 13.895303131827024, ""E_L"": -73.44631013425656, ""v_T"": -48.20456890387422, ""delta_T"": 10.930699846904291, ""v_reset"": -56.90313550833814}","{""C_m"": 200.0, ""g_L"": 12.0, ""E_L"": -70.0, ""v_T"": -50.0, ""delta_T"": 2.0, ""v_reset"": -58.0}",2026-04-28T18:25:21.860228+00:00,0.4040058604073723,0.23691289147837802,0.07658466965014586,0.07181724384503127,0.4700368340475943,0.03133898547605318
adaptation_053_grad_vanrossum,adaptation,53,grad_vanrossum,0.5,5,5,3.9710614681243896,4.680346965789795,6.224240779876709,3.9710614681243896,warmstart,25,1.5769813060760498,True,"{""C_m"": 107.07865210630438, ""g_L"": 13.895303131827024, ""E_L"": -73.44631013425656, ""v_T"": -48.20456890387422, ""delta_T"": 10.930699846904291, ""v_reset"": -56.90313550833814}","{""C_m"": 107.07865210630438, ""g_L"": 13.895303131827024, ""E_L"": -73.44631013425656, ""v_T"": -48.20456890387422, ""delta_T"": 10.930699846904291, ""v_reset"": -56.90313550833814}","{""C_m"": 200.0, ""g_L"": 12.0, ""E_L"": -70.0, ""v_T"": -50.0, ""delta_T"": 2.0, ""v_reset"": -58.0}",2026-04-28T18:25:23.437329+00:00,0.4040058604073723,0.23691289147837802,0.07658466965014586,0.07181724384503127,0.4700368340475943,0.03133898547605318
adaptation_053_nm_guarino,adaptation,53,nm_guarino,1.0,5,5,0.2364233285188675,0.19107110798358917,0.19107110798358917,0.19107110798358917,training,50,0.5885579586029053,False,"{""C_m"": 107.07865210630438, ""g_L"": 13.895303131827024, ""E_L"": -73.44631013425656, ""v_T"": -48.20456890387422, ""delta_T"": 10.930699846904291, ""v_reset"": -56.90313550833814}","{""C_m"": 109.20707680759321, ""g_L"": 13.783241789453946, ""E_L"": -73.47970349837988, ""v_T"": -47.768940698741545, ""delta_T"": 11.056882482184097, ""v_reset"": -56.41047348568462}","{""C_m"": 200.0, ""g_L"": 12.0, ""E_L"": -70.0, ""v_T"": -50.0, ""delta_T"": 2.0, ""v_reset"": -58.0}",2026-04-28T18:25:24.026002+00:00,0.39475183996698604,0.22290522368174326,0.0773267444084417,0.08924237205033819,0.4766780253781104,0.04541504326615373
adaptation_054_grad_guarino,adaptation,54,grad_guarino,0.25,5,5,0.9290360808372498,0.998141884803772,3.2558655738830566,0.9290360808372498,warmstart,25,1.5868442058563232,True,"{""C_m"": 132.2113280228937, ""g_L"": 10.177453089941848, ""E_L"": -70.92589290874842, ""v_T"": -57.11447219497296, ""delta_T"": 14.199563354517613, ""v_reset"": -77.54518455804796}","{""C_m"": 132.2113280228937, ""g_L"": 10.177453089941848, ""E_L"": -70.92589290874842, ""v_T"": -57.11447219497296, ""delta_T"": 14.199563354517613, ""v_reset"": -77.54518455804796}","{""C_m"": 200.0, ""g_L"": 12.0, ""E_L"": -70.0, ""v_T"": -50.0, ""delta_T"": 2.0, ""v_reset"": -58.0}",2026-04-28T18:25:25.612963+00:00,0.29473335642220133,0.22781836375726905,0.020575397972187184,0.28457888779891843,0.6420822818167164,0.5584338445156561
adaptation_054_grad_vanrossum,adaptation,54,grad_vanrossum,0.4968944099378882,5,2,4.812800407409668,4.100976467132568,6.132261276245117,4.100976467132568,training,25,1.4658970832824707,True,"{""C_m"": 67.90386662184892, ""g_L"": 9.220390796103612, ""E_L"": -86.99274227726629, ""v_T"": -46.66447919746779, ""delta_T"": 1.1334421713702723, ""v_reset"": -66.7730954166772}","{""C_m"": 71.13532257080078, ""g_L"": 9.551177024841309, ""E_L"": -89.84686279296875, ""v_T"": -45.56913757324219, ""delta_T"": 1.1334292888641357, ""v_reset"": -66.2336196899414}","{""C_m"": 200.0, ""g_L"": 12.0, ""E_L"": -70.0, ""v_T"": -50.0, ""delta_T"": 2.0, ""v_reset"": -58.0}",2026-04-28T18:25:27.078991+00:00,0.5602812062139096,0.3061028718948364,0.44104139539930554,0.1772344970703125,0.04560898479662443,0.23524627685546876
adaptation_054_nm_guarino,adaptation,54,nm_guarino,0.25,5,5,0.9290360808372498,0.9290360808372498,0.9290360808372498,0.9290360808372498,warmstart,50,0.5929830074310303,False,"{""C_m"": 132.2113280228937, ""g_L"": 10.177453089941848, ""E_L"": -70.92589290874842, ""v_T"": -57.11447219497296, ""delta_T"": 14.199563354517613, ""v_reset"": -77.54518455804796}","{""C_m"": 132.2113280228937, ""g_L"": 10.177453089941848, ""E_L"": -70.92589290874842, ""v_T"": -57.11447219497296, ""delta_T"": 14.199563354517613, ""v_reset"": -77.54518455804796}","{""C_m"": 200.0, ""g_L"": 12.0, ""E_L"": -70.0, ""v_T"": -50.0, ""delta_T"": 2.0, ""v_reset"": -58.0}",2026-04-28T18:25:27.672879+00:00,0.29473335642220133,0.22781836375726905,0.020575397972187184,0.28457888779891843,0.6420822818167164,0.5584338445156561
adaptation_055_grad_guarino,adaptation,55,grad_guarino,0.05291005291005289,5,4,0.8121129274368286,0.8329442739486694,1.7620192766189575,0.8121129274368286,warmstart,25,1.298844814300537,True,"{""C_m"": 71.90006291547627, ""g_L"": 12.865924238294033, ""E_L"": -78.89399235461761, ""v_T"": -46.82935427534685, ""delta_T"": 9.837033668277023, ""v_reset"": -64.33403583432133}","{""C_m"": 71.90006291547627, ""g_L"": 12.865924238294033, ""E_L"": -78.89399235461761, ""v_T"": -46.82935427534685, ""delta_T"": 9.837033668277023, ""v_reset"": -64.33403583432133}","{""C_m"": 200.0, ""g_L"": 12.0, ""E_L"": -70.0, ""v_T"": -50.0, ""delta_T"": 2.0, ""v_reset"": -58.0}",2026-04-28T18:25:28.971835+00:00,0.5569562481935815,0.10824052978675414,0.19764427454705796,0.12682582898612593,0.41247545622510645,0.18097245240918078
adaptation_055_grad_vanrossum,adaptation,55,grad_vanrossum,0.11363636363636365,5,3,4.587811470031738,4.284024715423584,34.01548767089844,4.284024715423584,training,25,1.4794130325317383,True,"{""C_m"": 86.95181347800184, ""g_L"": 10.938478665507358, ""E_L"": -81.93244094563758, ""v_T"": -44.88126629955164, ""delta_T"": 9.265770710199844, ""v_reset"": -58.369658612496764}","{""C_m"": 82.1843032836914, ""g_L"": 10.899505615234375, ""E_L"": -81.18142700195312, ""v_T"": -45.22795104980469, ""delta_T"": 9.224933624267578, ""v_reset"": -58.361549377441406}","{""C_m"": 200.0, ""g_L"": 12.0, ""E_L"": -70.0, ""v_T"": -50.0, ""delta_T"": 2.0, ""v_reset"": -58.0}",2026-04-28T18:25:30.451369+00:00,0.5122421596361243,0.13756179809570312,0.24847615559895833,0.1908819580078125,0.3802596644351357,0.010329982212611607
adaptation_055_nm_guarino,adaptation,55,nm_guarino,-0.25,5,5,0.8121129274368286,0.5905728340148926,0.5905728340148926,0.5905728340148926,training,50,0.5865771770477295,False,"{""C_m"": 71.90006291547627, ""g_L"": 12.865924238294033, ""E_L"": -78.89399235461761, ""v_T"": -46.82935427534685, ""delta_T"": 9.837033668277023, ""v_reset"": -64.33403583432133}","{""C_m"": 73.09839729740088, ""g_L"": 13.080356308932265, ""E_L"": -74.94929273688669, ""v_T"": -47.60984351326929, ""delta_T"": 10.000984229414975, ""v_reset"": -65.40626976489335}","{""C_m"": 200.0, ""g_L"": 12.0, ""E_L"": -70.0, ""v_T"": -50.0, ""delta_T"": 2.0, ""v_reset"": -58.0}",2026-04-28T18:25:31.038062+00:00,0.5517460987069527,0.1350445386165331,0.10998428304192645,0.0956062594692284,0.42110443312710394,0.2116077075683815
adaptation_056_grad_guarino,adaptation,56,grad_guarino,0.25,5,5,0.8393638730049133,0.9611149430274963,0.9703371524810791,0.8393638730049133,warmstart,25,1.320033073425293,True,"{""C_m"": 125.61939282128502, ""g_L"": 9.032340308324095, ""E_L"": -78.83660694432557, ""v_T"": -51.047523228368945, ""delta_T"": 15.292627001258582, ""v_reset"": -55.960451343803605}","{""C_m"": 125.61939282128502, ""g_L"": 9.032340308324095, ""E_L"": -78.83660694432557, ""v_T"": -51.047523228368945, ""delta_T"": 15.292627001258582, ""v_reset"": -55.960451343803605}","{""C_m"": 200.0, ""g_L"": 12.0, ""E_L"": -70.0, ""v_T"": -50.0, ""delta_T"": 2.0, ""v_reset"": -58.0}",2026-04-28T18:25:32.358207+00:00,0.3233939442552825,0.37095746145948816,0.1963690432072348,0.041900929134757806,0.6996119474346623,0.05827281874846842
adaptation_056_grad_vanrossum,adaptation,56,grad_vanrossum,0.05291005291005289,5,4,4.049851417541504,6.301234722137451,9.554720878601074,4.049851417541504,warmstart,25,1.4669818878173828,True,"{""C_m"": 148.25997308988337, ""g_L"": 7.951455224948754, ""E_L"": -93.64196957902134, ""v_T"": -54.65469959615172, ""delta_T"": 1.983650285841826, ""v_reset"": -54.11429625578748}","{""C_m"": 148.25997308988337, ""g_L"": 7.951455224948754, ""E_L"": -93.64196957902134, ""v_T"": -54.65469959615172, ""delta_T"": 1.983650285841826, ""v_reset"": -54.11429625578748}","{""C_m"": 200.0, ""g_L"": 12.0, ""E_L"": -70.0, ""v_T"": -50.0, ""delta_T"": 2.0, ""v_reset"": -58.0}",2026-04-28T18:25:33.825305+00:00,0.2249566387396375,0.5060680968814057,0.5253771017560297,0.1861879838460689,0.0008605112714828474,0.11102010697750059
adaptation_056_nm_guarino,adaptation,56,nm_guarino,-0.21164021164021166,5,4,0.8393638730049133,0.5056148171424866,0.5056148171424866,0.5056148171424866,training,50,0.5858428478240967,False,"{""C_m"": 125.61939282128502, ""g_L"": 9.032340308324095, ""E_L"": -78.83660694432557, ""v_T"": -51.047523228368945, ""delta_T"": 15.292627001258582, ""v_reset"": -55.960451343803605}","{""C_m"": 121.85646453689915, ""g_L"": 9.214787494605886, ""E_L"": -81.51183999860727, ""v_T"": -50.579399571267885, ""delta_T"": 15.131936775180458, ""v_reset"": -57.3930702669147}","{""C_m"": 200.0, ""g_L"": 12.0, ""E_L"": -70.0, ""v_T"": -50.0, ""delta_T"": 2.0, ""v_reset"": -58.0}",2026-04-28T18:25:34.411264+00:00,0.33975450201348195,0.3481515631742642,0.2558186666357172,0.0231759828507154,0.691154567114761,0.01734084951672291
adaptation_057_grad_guarino,adaptation,57,grad_guarino,-0.25,5,5,0.3919042944908142,0.6931817531585693,1.386278510093689,0.3919042944908142,warmstart,25,1.2835922241210938,True,"{""C_m"": 90.5246445215039, ""g_L"": 6.43545711123528, ""E_L"": -77.04808176562956, ""v_T"": -44.05073525323636, ""delta_T"": 3.48691577154545, ""v_reset"": -72.64204303243636}","{""C_m"": 90.5246445215039, ""g_L"": 6.43545711123528, ""E_L"": -77.04808176562956, ""v_T"": -44.05073525323636, ""delta_T"": 3.48691577154545, ""v_reset"": -72.64204303243636}","{""C_m"": 200.0, ""g_L"": 12.0, ""E_L"": -70.0, ""v_T"": -50.0, ""delta_T"": 2.0, ""v_reset"": -58.0}",2026-04-28T18:25:35.695320+00:00,0.4759798064282439,0.69556786109559,0.1566240392362125,0.23797058987054556,0.07825872481818158,0.4183440866410389
adaptation_057_grad_vanrossum,adaptation,57,grad_vanrossum,0.0,5,0,4.501838684082031,4.113947868347168,16.832067489624023,4.113947868347168,training,25,1.4607517719268799,True,"{""C_m"": 70.18958621762795, ""g_L"": 10.31624010977545, ""E_L"": -87.70047746949523, ""v_T"": -49.939942186560444, ""delta_T"": 4.036450038057868, ""v_reset"": -54.276561811143225}","{""C_m"": 239.6619415283203, ""g_L"": 13.51475715637207, ""E_L"": -109.94125366210938, ""v_T"": -35.748619079589844, ""delta_T"": 6.405778884887695, ""v_reset"": -53.22624206542969}","{""C_m"": 200.0, ""g_L"": 12.0, ""E_L"": -70.0, ""v_T"": -50.0, ""delta_T"": 2.0, ""v_reset"": -58.0}",2026-04-28T18:25:37.156189+00:00,0.17244322403617526,0.1893446445465088,0.8875834147135416,0.5700552368164062,0.23188309920461556,0.13639308384486606
adaptation_057_nm_guarino,adaptation,57,nm_guarino,-0.25,5,5,0.3919042944908142,0.1913893073797226,0.1913893073797226,0.1913893073797226,training,50,0.5881469249725342,False,"{""C_m"": 90.5246445215039, ""g_L"": 6.43545711123528, ""E_L"": -77.04808176562956, ""v_T"": -44.05073525323636, ""delta_T"": 3.48691577154545, ""v_reset"": -72.64204303243636}","{""C_m"": 92.94535375392255, ""g_L"": 6.713651555236449, ""E_L"": -78.37629611093817, ""v_T"": -43.792851123599256, ""delta_T"": 3.583048651917374, ""v_reset"": -65.79140015740447}","{""C_m"": 200.0, ""g_L"": 12.0, ""E_L"": -70.0, ""v_T"": -50.0, ""delta_T"": 2.0, ""v_reset"": -58.0}",2026-04-28T18:25:37.744445+00:00,0.4654549836785976,0.6607935555954438,0.1861399135764038,0.24828595505602977,0.08331835010091443,0.22261143306869907
adaptation_058_grad_guarino,adaptation,58,grad_guarino,0.5,5,5,0.7564788460731506,0.7814906239509583,1.5714644193649292,0.7564788460731506,warmstart,25,1.2865350246429443,True,"{""C_m"": 114.50345604346712, ""g_L"": 12.121553417490114, ""E_L"": -70.73676047710163, ""v_T"": -50.26839451389756, ""delta_T"": 12.167683900076362, ""v_reset"": -71.80806614904319}","{""C_m"": 114.50345604346712, ""g_L"": 12.121553417490114, ""E_L"": -70.73676047710163, ""v_T"": -50.26839451389756, ""delta_T"": 12.167683900076362, ""v_reset"": -71.80806614904319}","{""C_m"": 200.0, ""g_L"": 12.0, ""E_L"": -70.0, ""v_T"": -50.0, ""delta_T"": 2.0, ""v_reset"": -58.0}",2026-04-28T18:25:39.031113+00:00,0.3717241041588386,0.015194177186264257,0.016372455046702802,0.010735780555902465,0.5351412578987559,0.39451617568694813
adaptation_058_grad_vanrossum,adaptation,58,grad_vanrossum,0.25,5,5,5.218311309814453,5.090096950531006,6.8296942710876465,5.090096950531006,training,25,1.4786169528961182,True,"{""C_m"": 82.73603286448188, ""g_L"": 6.761590468701079, ""E_L"": -81.89276336162521, ""v_T"": -36.77949875478798, ""delta_T"": 1.1982439406418617, ""v_reset"": -59.91619328907044}","{""C_m"": 39.333984375, ""g_L"": 6.680644512176514, ""E_L"": -76.77407836914062, ""v_T"": -36.996612548828125, ""delta_T"": 1.191699743270874, ""v_reset"": -60.3741569519043}","{""C_m"": 200.0, ""g_L"": 12.0, ""E_L"": -70.0, ""v_T"": -50.0, ""delta_T"": 2.0, ""v_reset"": -58.0}",2026-04-28T18:25:40.509859+00:00,0.6985478940217391,0.6649194359779358,0.15053507486979167,0.520135498046875,0.04254211877521716,0.0678330557686942
adaptation_058_nm_guarino,adaptation,58,nm_guarino,0.25,5,5,0.7564788460731506,0.6082819700241089,0.6082819700241089,0.6082819700241089,training,50,0.5847177505493164,False,"{""C_m"": 114.50345604346712, ""g_L"": 12.121553417490114, ""E_L"": -70.73676047710163, ""v_T"": -50.26839451389756, ""delta_T"": 12.167683900076362, ""v_reset"": -71.80806614904319}","{""C_m"": 110.9892224013644, ""g_L"": 13.501503845744665, ""E_L"": -71.5082268441978, ""v_T"": -50.447558262252855, ""delta_T"": 11.561032017046173, ""v_reset"": -69.32885369671806}","{""C_m"": 200.0, ""g_L"": 12.0, ""E_L"": -70.0, ""v_T"": -50.0, ""delta_T"": 2.0, ""v_reset"": -58.0}",2026-04-28T18:25:41.094694+00:00,0.38700338086363306,0.18768798071808312,0.03351615209328429,0.017902330490114197,0.5032122114234828,0.32368153419194445
adaptation_059_grad_guarino,adaptation,59,grad_guarino,0.25,5,5,0.6471639275550842,0.6564580202102661,13.0353422164917,0.6471639275550842,warmstart,25,1.2888457775115967,True,"{""C_m"": 87.51233543930464, ""g_L"": 10.388567262162539, ""E_L"": -91.02404282374422, ""v_T"": -57.25975300110577, ""delta_T"": 12.469320880555292, ""v_reset"": -60.00915188475463}","{""C_m"": 87.51233543930464, ""g_L"": 10.388567262162539, ""E_L"": -91.02404282374422, ""v_T"": -57.25975300110577, ""delta_T"": 12.469320880555292, ""v_reset"": -60.00915188475463}","{""C_m"": 200.0, ""g_L"": 12.0, ""E_L"": -70.0, ""v_T"": -50.0, ""delta_T"": 2.0, ""v_reset"": -58.0}",2026-04-28T18:25:42.383987+00:00,0.48907680243780594,0.20142909222968264,0.4672009516387605,0.29039012004423087,0.5510168884502785,0.05740433956441799
adaptation_059_grad_vanrossum,adaptation,59,grad_vanrossum,-0.17045454545454547,5,3,4.994204521179199,4.8695173263549805,6.289715766906738,4.8695173263549805,training,25,1.5783121585845947,True,"{""C_m"": 36.41359261978059, ""g_L"": 13.641638260646438, ""E_L"": -92.13689718961112, ""v_T"": -47.35260873881878, ""delta_T"": 16.911313891990897, ""v_reset"": -62.05137208502666}","{""C_m"": 34.661216735839844, ""g_L"": 13.63965892791748, ""E_L"": -90.94912719726562, ""v_T"": -47.81145477294922, ""delta_T"": 16.95562744140625, ""v_reset"": -62.044883728027344}","{""C_m"": 200.0, ""g_L"": 12.0, ""E_L"": -70.0, ""v_T"": -50.0, ""delta_T"": 2.0, ""v_reset"": -58.0}",2026-04-28T18:25:43.962417+00:00,0.7188642750615659,0.20495736598968506,0.46553615993923614,0.08754180908203125,0.7871382863898027,0.11556810651506697
adaptation_059_nm_guarino,adaptation,59,nm_guarino,0.5,5,5,0.6471639275550842,0.30156275629997253,0.30156275629997253,0.30156275629997253,training,50,0.5956969261169434,False,"{""C_m"": 87.51233543930464, ""g_L"": 10.388567262162539, ""E_L"": -91.02404282374422, ""v_T"": -57.25975300110577, ""delta_T"": 12.469320880555292, ""v_reset"": -60.00915188475463}","{""C_m"": 87.51233543930464, ""g_L"": 10.388567262162539, ""E_L"": -91.02404282374422, ""v_T"": -57.25975300110577, ""delta_T"": 12.469320880555292, ""v_reset"": -63.00960947899237}","{""C_m"": 200.0, ""g_L"": 12.0, ""E_L"": -70.0, ""v_T"": -50.0, ""delta_T"": 2.0, ""v_reset"": -58.0}",2026-04-28T18:25:44.558230+00:00,0.48907680243780594,0.20142909222968264,0.4672009516387605,0.29039012004423087,0.5510168884502785,0.1431316993997819
adaptation_060_grad_guarino,adaptation,60,grad_guarino,-0.28708133971291866,5,6,0.9532730579376221,1.363789677619934,46105.26953125,0.9532730579376221,warmstart,25,1.6134681701660156,True,"{""C_m"": 113.0299273318184, ""g_L"": 6.966439712733445, ""E_L"": -71.28317348597793, ""v_T"": -56.27387190043366, ""delta_T"": 14.113485107312291, ""v_reset"": -70.02102370530277}","{""C_m"": 113.0299273318184, ""g_L"": 6.966439712733445, ""E_L"": -71.28317348597793, ""v_T"": -56.27387190043366, ""delta_T"": 14.113485107312291, ""v_reset"": -70.02102370530277}","{""C_m"": 200.0, ""g_L"": 12.0, ""E_L"": -70.0, ""v_T"": -50.0, ""delta_T"": 2.0, ""v_reset"": -58.0}",2026-04-28T18:25:46.171814+00:00,0.3781307507312244,0.6291950359083194,0.028514966355065022,0.25095487601734645,0.6375518477532784,0.3434578201515076
adaptation_060_grad_vanrossum,adaptation,60,grad_vanrossum,0.11363636363636365,5,3,5.285755634307861,4.3967156410217285,5.396964073181152,4.3967156410217285,training,25,1.4714980125427246,True,"{""C_m"": 54.29254413020709, ""g_L"": 7.697284193563206, ""E_L"": -76.19368273825843, ""v_T"": -40.67094327208998, ""delta_T"": 8.788429274207576, ""v_reset"": -60.07805232708116}","{""C_m"": 106.91439056396484, ""g_L"": 7.800285339355469, ""E_L"": -79.39655303955078, ""v_T"": -39.43289566040039, ""delta_T"": 9.985020637512207, ""v_reset"": -60.225372314453125}","{""C_m"": 200.0, ""g_L"": 12.0, ""E_L"": -70.0, ""v_T"": -50.0, ""delta_T"": 2.0, ""v_reset"": -58.0}",2026-04-28T18:25:47.643447+00:00,0.4047200410262398,0.5249643325805664,0.20881228976779515,0.42268417358398436,0.42026424407958984,0.06358206612723215
adaptation_060_nm_guarino,adaptation,60,nm_guarino,-0.28708133971291866,5,6,0.9532730579376221,0.9484599232673645,0.9484599232673645,0.9484599232673645,training,50,0.5873353481292725,False,"{""C_m"": 113.0299273318184, ""g_L"": 6.966439712733445, ""E_L"": -71.28317348597793, ""v_T"": -56.27387190043366, ""delta_T"": 14.113485107312291, ""v_reset"": -70.02102370530277}","{""C_m"": 112.68106953141155, ""g_L"": 6.995108188917533, ""E_L"": -71.57651987892434, ""v_T"": -56.20150323801026, ""delta_T"": 14.579941598127526, ""v_reset"": -69.6608332541438}","{""C_m"": 200.0, ""g_L"": 12.0, ""E_L"": -70.0, ""v_T"": -50.0, ""delta_T"": 2.0, ""v_reset"": -58.0}",2026-04-28T18:25:48.230980+00:00,0.37964752377647154,0.6256114763853083,0.03503377508720765,0.24806012952041046,0.662102189375133,0.33316666440410847
adaptation_061_grad_guarino,adaptation,61,grad_guarino,-0.25,5,5,0.6707274913787842,0.9053422212600708,12.819083213806152,0.6707274913787842,warmstart,25,1.312229871749878,True,"{""C_m"": 133.62404832240475, ""g_L"": 9.836764355654111, ""E_L"": -77.38655704825432, ""v_T"": -52.012790979874104, ""delta_T"": 1.90402877074134, ""v_reset"": -61.779982954599525}","{""C_m"": 133.62404832240475, ""g_L"": 9.836764355654111, ""E_L"": -77.38655704825432, ""v_T"": -52.012790979874104, ""delta_T"": 1.90402877074134, ""v_reset"": -61.779982954599525}","{""C_m"": 200.0, ""g_L"": 12.0, ""E_L"": -70.0, ""v_T"": -50.0, ""delta_T"": 2.0, ""v_reset"": -58.0}",2026-04-28T18:25:49.543319+00:00,0.2885910942504141,0.2704044555432361,0.16414571218342927,0.08051163919496418,0.005051117329403163,0.10799951298855787
adaptation_061_grad_vanrossum,adaptation,61,grad_vanrossum,0.0,5,5,5.027585029602051,5.143856048583984,14.953131675720215,5.027585029602051,warmstart,25,1.4776461124420166,True,"{""C_m"": 62.317188795831484, ""g_L"": 9.586961673429748, ""E_L"": -74.15390551226248, ""v_T"": -45.97094872668497, ""delta_T"": 3.2191355508301838, ""v_reset"": -61.1094885735342}","{""C_m"": 62.317188795831484, ""g_L"": 9.586961673429748, ""E_L"": -74.15390551226248, ""v_T"": -45.97094872668497, ""delta_T"": 3.2191355508301838, ""v_reset"": -61.1094885735342}","{""C_m"": 200.0, ""g_L"": 12.0, ""E_L"": -70.0, ""v_T"": -50.0, ""delta_T"": 2.0, ""v_reset"": -58.0}",2026-04-28T18:25:51.021091+00:00,0.5986209182789934,0.3016297908212815,0.09230901138361074,0.16116205093260105,0.0641650289910623,0.08884253067240573
adaptation_061_nm_guarino,adaptation,61,nm_guarino,-0.25,5,5,0.6707274913787842,0.35702094435691833,0.35702094435691833,0.35702094435691833,training,50,0.5887141227722168,False,"{""C_m"": 133.62404832240475, ""g_L"": 9.836764355654111, ""E_L"": -77.38655704825432, ""v_T"": -52.012790979874104, ""delta_T"": 1.90402877074134, ""v_reset"": -61.779982954599525}","{""C_m"": 133.62404832240475, ""g_L"": 9.836764355654111, ""E_L"": -77.38655704825432, ""v_T"": -52.012790979874104, ""delta_T"": 1.90402877074134, ""v_reset"": -64.86898210232951}","{""C_m"": 200.0, ""g_L"": 12.0, ""E_L"": -70.0, ""v_T"": -50.0, ""delta_T"": 2.0, ""v_reset"": -58.0}",2026-04-28T18:25:51.609925+00:00,0.2885910942504141,0.2704044555432361,0.16414571218342927,0.08051163919496418,0.005051117329403163,0.1962566314951289
adaptation_062_grad_guarino,adaptation,62,grad_guarino,-0.25,5,5,0.744426965713501,0.6895710825920105,0.6917157769203186,0.6895710825920105,training,25,1.3123359680175781,True,"{""C_m"": 55.074750890267126, ""g_L"": 7.75484729254353, ""E_L"": -80.1028766050898, ""v_T"": -39.5818266999626, ""delta_T"": 15.47624300252081, ""v_reset"": -77.73226770804376}","{""C_m"": 54.54654312133789, ""g_L"": 7.7523932456970215, ""E_L"": -80.0112533569336, ""v_T"": -39.596656799316406, ""delta_T"": 15.476874351501465, ""v_reset"": -77.7304916381836}","{""C_m"": 200.0, ""g_L"": 12.0, ""E_L"": -70.0, ""v_T"": -50.0, ""delta_T"": 2.0, ""v_reset"": -58.0}",2026-04-28T18:25:52.922375+00:00,0.6324063342550527,0.5309508442878723,0.22247229682074654,0.4161337280273438,0.709309176394814,0.5637283325195312
adaptation_062_grad_vanrossum,adaptation,62,grad_vanrossum,0.39772727272727276,5,3,3.402811288833618,3.8410229682922363,6.700701713562012,3.402811288833618,warmstart,25,1.4624769687652588,True,"{""C_m"": 92.85531072506562, ""g_L"": 9.673546310958912, ""E_L"": -86.02110539609747, ""v_T"": -50.681672896687445, ""delta_T"": 1.607351522954937, ""v_reset"": -62.7501573185121}","{""C_m"": 92.85531072506562, ""g_L"": 9.673546310958912, ""E_L"": -86.02110539609747, ""v_T"": -50.681672896687445, ""delta_T"": 1.607351522954937, ""v_reset"": -62.7501573185121}","{""C_m"": 200.0, ""g_L"": 12.0, ""E_L"": -70.0, ""v_T"": -50.0, ""delta_T"": 2.0, ""v_reset"": -58.0}",2026-04-28T18:25:54.384962+00:00,0.4658464751084103,0.290806711130136,0.3560245643577215,0.027266915867497802,0.020665709318161207,0.1357187805289172
adaptation_062_nm_guarino,adaptation,62,nm_guarino,0.0,5,5,0.744426965713501,0.6658059358596802,0.6658059358596802,0.6658059358596802,training,50,0.5920021533966064,False,"{""C_m"": 55.074750890267126, ""g_L"": 7.75484729254353, ""E_L"": -80.1028766050898, ""v_T"": -39.5818266999626, ""delta_T"": 15.47624300252081, ""v_reset"": -77.73226770804376}","{""C_m"": 55.94152539530316, ""g_L"": 8.092475070456741, ""E_L"": -80.03706297961577, ""v_T"": -39.185729834860865, ""delta_T"": 15.979501762302554, ""v_reset"": -73.2210250367637}","{""C_m"": 200.0, ""g_L"": 12.0, ""E_L"": -70.0, ""v_T"": -50.0, ""delta_T"": 2.0, ""v_reset"": -58.0}",2026-04-28T18:25:54.977455+00:00,0.6263411939334645,0.48844061619290735,0.22304584399146152,0.4325708066055654,0.7357632506475028,0.43488642962182017
adaptation_063_grad_guarino,adaptation,63,grad_guarino,0.05291005291005289,5,4,0.8454073667526245,0.8237814903259277,0.824307382106781,0.8237814903259277,training,25,1.2984049320220947,True,"{""C_m"": 43.4269285599599, ""g_L"": 8.25855874683462, ""E_L"": -97.932601057124, ""v_T"": -45.956330833784946, ""delta_T"": 18.637937634281926, ""v_reset"": -79.7468322313728}","{""C_m"": 43.221431732177734, ""g_L"": 8.244564056396484, ""E_L"": -97.80606079101562, ""v_T"": -45.971893310546875, ""delta_T"": 18.64022445678711, ""v_reset"": -79.74681854248047}","{""C_m"": 200.0, ""g_L"": 12.0, ""E_L"": -70.0, ""v_T"": -50.0, ""delta_T"": 2.0, ""v_reset"": -58.0}",2026-04-28T18:25:56.275966+00:00,0.6816459489905315,0.46942949295043945,0.6179124620225694,0.161124267578125,0.8758012871993216,0.6213376726422991
adaptation_063_grad_vanrossum,adaptation,63,grad_vanrossum,0.05291005291005289,5,4,4.9019927978515625,4.11862850189209,6.277206897735596,4.11862850189209,training,25,1.460162878036499,True,"{""C_m"": 59.95094160458604, ""g_L"": 13.493563360797278, ""E_L"": -69.55201149714517, ""v_T"": -43.002519023520485, ""delta_T"": 10.35949892800819, ""v_reset"": -60.54483057069706}","{""C_m"": 94.09284973144531, ""g_L"": 13.498717308044434, ""E_L"": -70.42601013183594, ""v_T"": -41.23005676269531, ""delta_T"": 10.529485702514648, ""v_reset"": -60.61050796508789}","{""C_m"": 200.0, ""g_L"": 12.0, ""E_L"": -70.0, ""v_T"": -50.0, ""delta_T"": 2.0, ""v_reset"": -58.0}",2026-04-28T18:25:57.736249+00:00,0.46046587073284645,0.1873396635055542,0.009466891818576389,0.3507977294921875,0.4489203001323499,0.07458594185965402
adaptation_063_nm_guarino,adaptation,63,nm_guarino,0.05291005291005289,5,4,0.8454073667526245,0.7718393206596375,0.7718393206596375,0.7718393206596375,training,50,0.5832779407501221,False,"{""C_m"": 43.4269285599599, ""g_L"": 8.25855874683462, ""E_L"": -97.932601057124, ""v_T"": -45.956330833784946, ""delta_T"": 18.637937634281926, ""v_reset"": -79.7468322313728}","{""C_m"": 43.4269285599599, ""g_L"": 8.25855874683462, ""E_L"": -97.932601057124, ""v_T"": -45.956330833784946, ""delta_T"": 19.56983451599602, ""v_reset"": -79.7468322313728}","{""C_m"": 200.0, ""g_L"": 12.0, ""E_L"": -70.0, ""v_T"": -50.0, ""delta_T"": 2.0, ""v_reset"": -58.0}",2026-04-28T18:25:58.319647+00:00,0.6807524845219135,0.46768015664567253,0.6207244679360889,0.16174676664860216,0.9247281324208432,0.6213380637535088
adaptation_064_grad_guarino,adaptation,64,grad_guarino,0.5,5,5,0.7641187906265259,0.7576121687889099,0.8322867155075073,0.7576121687889099,training,25,1.2869949340820312,True,"{""C_m"": 86.8170766308306, ""g_L"": 8.520928304798275, ""E_L"": -73.26091151862724, ""v_T"": -36.92458615981296, ""delta_T"": 19.378298794995068, ""v_reset"": -50.243288230481326}","{""C_m"": 86.7741470336914, ""g_L"": 8.520769119262695, ""E_L"": -73.25862121582031, ""v_T"": -36.92486572265625, ""delta_T"": 19.37830924987793, ""v_reset"": -50.242881774902344}","{""C_m"": 200.0, ""g_L"": 12.0, ""E_L"": -70.0, ""v_T"": -50.0, ""delta_T"": 2.0, ""v_reset"": -58.0}",2026-04-28T18:25:59.606764+00:00,0.49228631724481997,0.4349038600921631,0.07241380479600694,0.52300537109375,0.9146478552567331,0.22163194928850447
adaptation_064_grad_vanrossum,adaptation,64,grad_vanrossum,0.18633540372670807,5,2,4.244339942932129,4.42363166809082,13.823406219482422,4.244339942932129,warmstart,25,1.4722518920898438,True,"{""C_m"": 175.66511703755992, ""g_L"": 13.931388719104417, ""E_L"": -80.045003815042, ""v_T"": -50.68145133826014, ""delta_T"": 1.3780047641111033, ""v_reset"": -59.9906108155158}","{""C_m"": 175.66511703755992, ""g_L"": 13.931388719104417, ""E_L"": -80.045003815042, ""v_T"": -50.68145133826014, ""delta_T"": 1.3780047641111033, ""v_reset"": -59.9906108155158}","{""C_m"": 200.0, ""g_L"": 12.0, ""E_L"": -70.0, ""v_T"": -50.0, ""delta_T"": 2.0, ""v_reset"": -58.0}",2026-04-28T18:26:01.079138+00:00,0.10580383896713076,0.24142358988805213,0.2232223070009332,0.02725805353040556,0.03273659136257351,0.056874594729022884
adaptation_064_nm_guarino,adaptation,64,nm_guarino,1.0,5,5,0.7641187906265259,0.4078789949417114,0.4078789949417114,0.4078789949417114,training,50,0.5851259231567383,False,"{""C_m"": 86.8170766308306, ""g_L"": 8.520928304798275, ""E_L"": -73.26091151862724, ""v_T"": -36.92458615981296, ""delta_T"": 19.378298794995068, ""v_reset"": -50.243288230481326}","{""C_m"": 83.75174195972193, ""g_L"": 8.88580568074948, ""E_L"": -73.30744476907384, ""v_T"": -35.500570945015774, ""delta_T"": 19.549526544358358, ""v_reset"": -52.795805130571566}","{""C_m"": 200.0, ""g_L"": 12.0, ""E_L"": -70.0, ""v_T"": -50.0, ""delta_T"": 2.0, ""v_reset"": -58.0}",2026-04-28T18:26:01.664387+00:00,0.5054272088707742,0.3892742899063151,0.07349877264608533,0.579977162199369,0.9236592918083346,0.14869128198366954
adaptation_065_grad_guarino,adaptation,65,grad_guarino,0.31746031746031744,5,4,0.7729353308677673,0.692735493183136,0.692735493183136,0.692735493183136,training,25,1.2867381572723389,True,"{""C_m"": 51.32704610920413, ""g_L"": 8.156239476838515, ""E_L"": -98.60217238615981, ""v_T"": -46.762871377723066, ""delta_T"": 18.163118078636664, ""v_reset"": -65.34893127484195}","{""C_m"": 50.91696548461914, ""g_L"": 8.144919395446777, ""E_L"": -98.50555419921875, ""v_T"": -46.7773323059082, ""delta_T"": 18.166990280151367, ""v_reset"": -65.33409881591797}","{""C_m"": 200.0, ""g_L"": 12.0, ""E_L"": -70.0, ""v_T"": -50.0, ""delta_T"": 2.0, ""v_reset"": -58.0}",2026-04-28T18:26:02.951237+00:00,0.6481871065886124,0.48188507556915283,0.6334567599826388,0.12890670776367188,0.8508942252711246,0.2095456804547991
adaptation_065_grad_vanrossum,adaptation,65,grad_vanrossum,0.31746031746031744,5,4,4.0734639167785645,4.1720967292785645,7.670650959014893,4.0734639167785645,warmstart,25,1.5909950733184814,True,"{""C_m"": 74.16192001733434, ""g_L"": 13.416058682332249, ""E_L"": -83.16735176323523, ""v_T"": -49.76476839603015, ""delta_T"": 17.2331342698434, ""v_reset"": -67.6663746485131}","{""C_m"": 74.16192001733434, ""g_L"": 13.416058682332249, ""E_L"": -83.16735176323523, ""v_T"": -49.76476839603015, ""delta_T"": 17.2331342698434, ""v_reset"": -67.6663746485131}","{""C_m"": 200.0, ""g_L"": 12.0, ""E_L"": -70.0, ""v_T"": -50.0, ""delta_T"": 2.0, ""v_reset"": -58.0}",2026-04-28T18:26:04.542346+00:00,0.547122086881155,0.17700733529153112,0.2926078169607829,0.00940926415879403,0.8017439089391264,0.27618213281466
adaptation_065_nm_guarino,adaptation,65,nm_guarino,0.31746031746031744,5,4,0.7729353308677673,0.6943957209587097,0.6943957209587097,0.6943957209587097,training,50,0.9087748527526855,False,"{""C_m"": 51.32704610920413, ""g_L"": 8.156239476838515, ""E_L"": -98.60217238615981, ""v_T"": -46.762871377723066, ""delta_T"": 18.163118078636664, ""v_reset"": -65.34893127484195}","{""C_m"": 52.122044427226285, ""g_L"": 8.054584974778974, ""E_L"": -98.86731794452454, ""v_T"": -47.2444205364711, ""delta_T"": 18.733874959333708, ""v_reset"": -64.00752929733761}","{""C_m"": 200.0, ""g_L"": 12.0, ""E_L"": -70.0, ""v_T"": -50.0, ""delta_T"": 2.0, ""v_reset"": -58.0}",2026-04-28T18:26:05.451242+00:00,0.6429476329251032,0.49317687815262823,0.6414959543227676,0.11022317854115612,0.8807302610175636,0.17164369420964606
adaptation_066_grad_guarino,adaptation,66,grad_guarino,0.09049773755656108,5,8,0.5980697870254517,0.5462146997451782,13.151944160461426,0.5462146997451782,training,25,1.314587116241455,True,"{""C_m"": 77.82226323610581, ""g_L"": 12.835055243521602, ""E_L"": -88.37423502629512, ""v_T"": -57.28818345519931, ""delta_T"": 16.47735086219545, ""v_reset"": -70.8738980018781}","{""C_m"": 42.12001037597656, ""g_L"": 12.812996864318848, ""E_L"": -81.36648559570312, ""v_T"": -57.801902770996094, ""delta_T"": 16.349197387695312, ""v_reset"": -70.77918243408203}","{""C_m"": 200.0, ""g_L"": 12.0, ""E_L"": -70.0, ""v_T"": -50.0, ""delta_T"": 2.0, ""v_reset"": -58.0}",2026-04-28T18:26:06.765952+00:00,0.6864347374957541,0.10162460803985596,0.2525885687934028,0.31207611083984377,0.7552209151418585,0.36511949811662947
adaptation_066_grad_vanrossum,adaptation,66,grad_vanrossum,-0.2678571428571429,5,11,5.161678791046143,4.9296135902404785,887976.0625,4.9296135902404785,training,4,1.3386638164520264,True,"{""C_m"": 59.68714748224447, ""g_L"": 6.474537699352922, ""E_L"": -80.05867017717657, ""v_T"": -50.6038343533566, ""delta_T"": 4.896089045669312, ""v_reset"": -63.762685790275754}","{""C_m"": 10.0, ""g_L"": 6.283078193664551, ""E_L"": -65.00064849853516, ""v_T"": -59.99750900268555, ""delta_T"": 1.007084846496582, ""v_reset"": -73.25382995605469}","{""C_m"": 200.0, ""g_L"": 12.0, ""E_L"": -70.0, ""v_T"": -50.0, ""delta_T"": 2.0, ""v_reset"": -58.0}",2026-04-28T18:26:08.105119+00:00,0.8260869565217391,0.7146152257919312,0.11109670003255208,0.39990036010742186,0.052258692289653574,0.43582371303013395
adaptation_066_nm_guarino,adaptation,66,nm_guarino,1.0,5,5,0.5980697870254517,0.3647412955760956,0.3647412955760956,0.3647412955760956,training,50,0.5874631404876709,False,"{""C_m"": 77.82226323610581, ""g_L"": 12.835055243521602, ""E_L"": -88.37423502629512, ""v_T"": -57.28818345519931, ""delta_T"": 16.47735086219545, ""v_reset"": -70.8738980018781}","{""C_m"": 80.02671316372681, ""g_L"": 12.866364824739694, ""E_L"": -89.33958765972224, ""v_T"": -57.342001640324185, ""delta_T"": 16.51754538767981, ""v_reset"": -71.04678639414682}","{""C_m"": 200.0, ""g_L"": 12.0, ""E_L"": -70.0, ""v_T"": -50.0, ""delta_T"": 2.0, ""v_reset"": -58.0}",2026-04-28T18:26:08.692696+00:00,0.5216229862446661,0.10829560309246178,0.42976861466049426,0.2936800656129674,0.7640813361936742,0.37276532554705205
adaptation_067_grad_guarino,adaptation,67,grad_guarino,0.0,5,5,0.9123595356941223,0.9965004324913025,1.882125973701477,0.9123595356941223,warmstart,25,1.3224518299102783,True,"{""C_m"": 198.3978215793675, ""g_L"": 12.585780746098763, ""E_L"": -72.98398742592956, ""v_T"": -58.45645703946723, ""delta_T"": 13.387686801829032, ""v_reset"": -65.23720654566428}","{""C_m"": 198.3978215793675, ""g_L"": 12.585780746098763, ""E_L"": -72.98398742592956, ""v_T"": -58.45645703946723, ""delta_T"": 13.387686801829032, ""v_reset"": -65.23720654566428}","{""C_m"": 200.0, ""g_L"": 12.0, ""E_L"": -70.0, ""v_T"": -50.0, ""delta_T"": 2.0, ""v_reset"": -58.0}",2026-04-28T18:26:10.015266+00:00,0.006965993133184774,0.07322259326234537,0.06631083168732346,0.33825828157868926,0.5993519369383701,0.20677732987612224
adaptation_067_grad_vanrossum,adaptation,67,grad_vanrossum,-0.06944444444444445,5,1,4.392196178436279,4.339455604553223,5.577565670013428,4.339455604553223,training,25,1.4739651679992676,True,"{""C_m"": 50.426662441604755, ""g_L"": 13.214026291297962, ""E_L"": -84.07724533003208, ""v_T"": -46.12267869487954, ""delta_T"": 3.1390253569263438, ""v_reset"": -60.17241499622966}","{""C_m"": 51.39344787597656, ""g_L"": 13.226844787597656, ""E_L"": -85.29679870605469, ""v_T"": -45.66291809082031, ""delta_T"": 3.119272232055664, ""v_reset"": -60.162742614746094}","{""C_m"": 200.0, ""g_L"": 12.0, ""E_L"": -70.0, ""v_T"": -50.0, ""delta_T"": 2.0, ""v_reset"": -58.0}",2026-04-28T18:26:11.489349+00:00,0.6461154440174932,0.15335559844970703,0.3399288601345486,0.1734832763671875,0.05890906484503495,0.06179264613560268
adaptation_067_nm_guarino,adaptation,67,nm_guarino,0.0,5,5,0.9123595356941223,0.833965539932251,0.833965539932251,0.833965539932251,training,50,0.5913891792297363,False,"{""C_m"": 198.3978215793675, ""g_L"": 12.585780746098763, ""E_L"": -72.98398742592956, ""v_T"": -58.45645703946723, ""delta_T"": 13.387686801829032, ""v_reset"": -65.23720654566428}","{""C_m"": 190.0670385622297, ""g_L"": 13.483417100651476, ""E_L"": -75.08195427911195, ""v_T"": -58.43100998979102, ""delta_T"": 12.849331872974478, ""v_reset"": -64.37898122695509}","{""C_m"": 200.0, ""g_L"": 12.0, ""E_L"": -70.0, ""v_T"": -50.0, ""delta_T"": 2.0, ""v_reset"": -58.0}",2026-04-28T18:26:12.080848+00:00,0.04318678885987088,0.18542713758143448,0.11293231731359898,0.33724039959164087,0.5710174669986567,0.18225660648443118
adaptation_068_grad_guarino,adaptation,68,grad_guarino,-0.21164021164021166,5,4,0.5831233859062195,0.8142378330230713,2.949312210083008,0.5831233859062195,warmstart,25,1.301724910736084,True,"{""C_m"": 74.48465219480056, ""g_L"": 6.673234457301528, ""E_L"": -99.11864558675272, ""v_T"": -48.47176197955847, ""delta_T"": 9.988344389856024, ""v_reset"": -55.54424497457216}","{""C_m"": 74.48465219480056, ""g_L"": 6.673234457301528, ""E_L"": -99.11864558675272, ""v_T"": -48.47176197955847, ""delta_T"": 9.988344389856024, ""v_reset"": -55.54424497457216}","{""C_m"": 200.0, ""g_L"": 12.0, ""E_L"": -70.0, ""v_T"": -50.0, ""delta_T"": 2.0, ""v_reset"": -58.0}",2026-04-28T18:26:13.382686+00:00,0.5457189035008672,0.665845692837309,0.6470810130389494,0.061129520817661105,0.42043917841347495,0.07016442929793831
adaptation_068_grad_vanrossum,adaptation,68,grad_vanrossum,-0.17045454545454547,5,3,3.639429807662964,4.845953941345215,7.260554790496826,3.639429807662964,warmstart,25,1.4762451648712158,True,"{""C_m"": 192.6168198549952, ""g_L"": 10.843108841964849, ""E_L"": -83.048139219225, ""v_T"": -51.19402173959492, ""delta_T"": 5.014501168514461, ""v_reset"": -52.9619248212938}","{""C_m"": 192.6168198549952, ""g_L"": 10.843108841964849, ""E_L"": -83.048139219225, ""v_T"": -51.19402173959492, ""delta_T"": 5.014501168514461, ""v_reset"": -52.9619248212938}","{""C_m"": 200.0, ""g_L"": 12.0, ""E_L"": -70.0, ""v_T"": -50.0, ""delta_T"": 2.0, ""v_reset"": -58.0}",2026-04-28T18:26:14.859875+00:00,0.03210078323915124,0.14461139475439388,0.28995864931611126,0.04776086958379693,0.15865795623760323,0.14394500510589145
adaptation_068_nm_guarino,adaptation,68,nm_guarino,-0.21164021164021166,5,4,0.5831233859062195,0.5372719764709473,0.5372719764709473,0.5372719764709473,training,50,0.5892999172210693,False,"{""C_m"": 74.48465219480056, ""g_L"": 6.673234457301528, ""E_L"": -99.11864558675272, ""v_T"": -48.47176197955847, ""delta_T"": 9.988344389856024, ""v_reset"": -55.54424497457216}","{""C_m"": 73.8168377517697, ""g_L"": 6.783815487278453, ""E_L"": -98.7281199226758, ""v_T"": -48.91484601740029, ""delta_T"": 9.64959866854902, ""v_reset"": -56.59464037130493}","{""C_m"": 200.0, ""g_L"": 12.0, ""E_L"": -70.0, ""v_T"": -50.0, ""delta_T"": 2.0, ""v_reset"": -58.0}",2026-04-28T18:26:15.449286+00:00,0.5486224445575231,0.6520230640901934,0.6384026649483512,0.04340615930398826,0.4026104562394221,0.04015313224843047
adaptation_069_grad_guarino,adaptation,69,grad_guarino,0.5,5,5,0.8346026539802551,0.7733978629112244,0.8687958121299744,0.7733978629112244,training,25,1.3008990287780762,True,"{""C_m"": 104.89099854637442, ""g_L"": 6.128203633489464, ""E_L"": -68.86119895438958, ""v_T"": -43.79129661723687, ""delta_T"": 7.129383514598206, ""v_reset"": -72.82839159692323}","{""C_m"": 103.17940521240234, ""g_L"": 6.128215312957764, ""E_L"": -68.85055541992188, ""v_T"": -43.899593353271484, ""delta_T"": 7.034141540527344, ""v_reset"": -72.82270050048828}","{""C_m"": 200.0, ""g_L"": 12.0, ""E_L"": -70.0, ""v_T"": -50.0, ""delta_T"": 2.0, ""v_reset"": -58.0}",2026-04-28T18:26:16.750311+00:00,0.4209591077721637,0.7339730858802795,0.025543212890625,0.24401626586914063,0.26495481792249176,0.42350572858537944
adaptation_069_grad_vanrossum,adaptation,69,grad_vanrossum,0.0,5,0,4.686180114746094,4.500988960266113,14.307782173156738,4.500988960266113,training,25,1.4868378639221191,True,"{""C_m"": 53.04564379713851, ""g_L"": 8.059712501750862, ""E_L"": -79.41165824039027, ""v_T"": -44.50832953969763, ""delta_T"": 4.987070259954267, ""v_reset"": -63.99734391119638}","{""C_m"": 240.0, ""g_L"": 13.095903396606445, ""E_L"": -109.99861145019531, ""v_T"": -35.00194549560547, ""delta_T"": 19.321088790893555, ""v_reset"": -61.93882369995117}","{""C_m"": 200.0, ""g_L"": 12.0, ""E_L"": -70.0, ""v_T"": -50.0, ""delta_T"": 2.0, ""v_reset"": -58.0}",2026-04-28T18:26:18.237267+00:00,0.17391304347826086,0.13698792457580566,0.8888580322265625,0.5999221801757812,0.9116362521522924,0.1125378199986049
adaptation_069_nm_guarino,adaptation,69,nm_guarino,0.5,5,5,0.8346026539802551,0.41217997670173645,0.41217997670173645,0.41217997670173645,training,50,0.6043670177459717,False,"{""C_m"": 104.89099854637442, ""g_L"": 6.128203633489464, ""E_L"": -68.86119895438958, ""v_T"": -43.79129661723687, ""delta_T"": 7.129383514598206, ""v_reset"": -72.82839159692323}","{""C_m"": 90.29528376809526, ""g_L"": 6.528372622285756, ""E_L"": -76.48041499256081, ""v_T"": -43.66576394190549, ""delta_T"": 7.528928718421117, ""v_reset"": -66.14348586273849}","{""C_m"": 200.0, ""g_L"": 12.0, ""E_L"": -70.0, ""v_T"": -50.0, ""delta_T"": 2.0, ""v_reset"": -58.0}",2026-04-28T18:26:18.841754+00:00,0.476977027095238,0.6839534222142805,0.1440092220569069,0.25336944232378045,0.2909962483379535,0.23267102464967104
adaptation_070_grad_guarino,adaptation,70,grad_guarino,-0.25,5,5,0.5514642596244812,0.772827684879303,46105.25,0.5514642596244812,warmstart,25,1.3011157512664795,True,"{""C_m"": 112.82972353778261, ""g_L"": 10.485004681881131, ""E_L"": -75.08564673151061, ""v_T"": -51.30525612686286, ""delta_T"": 4.852881554953649, ""v_reset"": -64.96393516333137}","{""C_m"": 112.82972353778261, ""g_L"": 10.485004681881131, ""E_L"": -75.08564673151061, ""v_T"": -51.30525612686286, ""delta_T"": 4.852881554953649, ""v_reset"": -64.96393516333137}","{""C_m"": 200.0, ""g_L"": 12.0, ""E_L"": -70.0, ""v_T"": -50.0, ""delta_T"": 2.0, ""v_reset"": -58.0}",2026-04-28T18:26:20.142985+00:00,0.3790012020096408,0.1893744147648586,0.11301437181134683,0.05221024507451432,0.15015166078703418,0.19896957609518204
adaptation_070_grad_vanrossum,adaptation,70,grad_vanrossum,-0.25,5,5,4.91952657699585,5.419058799743652,6.884419918060303,4.91952657699585,warmstart,25,1.488204002380371,True,"{""C_m"": 192.74547371126317, ""g_L"": 10.43195433014051, ""E_L"": -65.71772576217732, ""v_T"": -51.692392424332155, ""delta_T"": 4.6323700851690965, ""v_reset"": -60.021017203233036}","{""C_m"": 192.74547371126317, ""g_L"": 10.43195433014051, ""E_L"": -65.71772576217732, ""v_T"": -51.692392424332155, ""delta_T"": 4.6323700851690965, ""v_reset"": -60.021017203233036}","{""C_m"": 200.0, ""g_L"": 12.0, ""E_L"": -70.0, ""v_T"": -50.0, ""delta_T"": 2.0, ""v_reset"": -58.0}",2026-04-28T18:26:21.632101+00:00,0.031541418646681856,0.19600570873243628,0.09516164972939281,0.0676956969732862,0.13854579395626823,0.057743348663801035
adaptation_070_nm_guarino,adaptation,70,nm_guarino,0.5,5,5,0.5514642596244812,0.13749173283576965,0.13749173283576965,0.13749173283576965,training,50,0.5977218151092529,False,"{""C_m"": 112.82972353778261, ""g_L"": 10.485004681881131, ""E_L"": -75.08564673151061, ""v_T"": -51.30525612686286, ""delta_T"": 4.852881554953649, ""v_reset"": -64.96393516333137}","{""C_m"": 117.98343472525471, ""g_L"": 10.743062434859393, ""E_L"": -75.26974315551915, ""v_T"": -50.553452677493354, ""delta_T"": 4.951084843476757, ""v_reset"": -63.32549658426947}","{""C_m"": 200.0, ""g_L"": 12.0, ""E_L"": -70.0, ""v_T"": -50.0, ""delta_T"": 2.0, ""v_reset"": -58.0}",2026-04-28T18:26:22.229940+00:00,0.35659376206411,0.15711719564257587,0.11710540345598114,0.022138107099734156,0.1553202549198293,0.15215704526484208
adaptation_071_grad_guarino,adaptation,71,grad_guarino,0.0,5,0,0.693428635597229,0.611908495426178,13.016255378723145,0.611908495426178,training,25,1.3265857696533203,True,"{""C_m"": 120.97406338096359, ""g_L"": 9.873134028199608, ""E_L"": -82.13599669828491, ""v_T"": -57.98528060919446, ""delta_T"": 5.799461517313372, ""v_reset"": -71.31511525000982}","{""C_m"": 240.0, ""g_L"": 13.658599853515625, ""E_L"": -110.0, ""v_T"": -35.42974090576172, ""delta_T"": 19.998876571655273, ""v_reset"": -68.36494445800781}","{""C_m"": 200.0, ""g_L"": 12.0, ""E_L"": -70.0, ""v_T"": -50.0, ""delta_T"": 2.0, ""v_reset"": -58.0}",2026-04-28T18:26:23.556641+00:00,0.17391304347826086,0.20732498168945312,0.8888888888888888,0.5828103637695312,0.9473092932450143,0.29614127022879466
adaptation_071_grad_vanrossum,adaptation,71,grad_vanrossum,0.18633540372670807,5,2,3.994126319885254,4.959601402282715,17.6204776763916,3.994126319885254,warmstart,25,1.6008329391479492,True,"{""C_m"": 70.87047274765236, ""g_L"": 8.012128309988558, ""E_L"": -99.39968246040588, ""v_T"": -48.91271872509295, ""delta_T"": 3.1219125712840943, ""v_reset"": -50.33270430631777}","{""C_m"": 70.87047274765236, ""g_L"": 8.012128309988558, ""E_L"": -99.39968246040588, ""v_T"": -48.91271872509295, ""delta_T"": 3.1219125712840943, ""v_reset"": -50.33270430631777}","{""C_m"": 200.0, ""g_L"": 12.0, ""E_L"": -70.0, ""v_T"": -50.0, ""delta_T"": 2.0, ""v_reset"": -58.0}",2026-04-28T18:26:25.157586+00:00,0.5614327271841203,0.49848396125143024,0.6533262768979086,0.04349125099628196,0.05904803006758391,0.21906559124806363
adaptation_071_nm_guarino,adaptation,71,nm_guarino,1.0,5,5,0.693428635597229,0.5056160688400269,0.5056160688400269,0.5056160688400269,training,50,0.6093449592590332,False,"{""C_m"": 120.97406338096359, ""g_L"": 9.873134028199608, ""E_L"": -82.13599669828491, ""v_T"": -57.98528060919446, ""delta_T"": 5.799461517313372, ""v_reset"": -71.31511525000982}","{""C_m"": 125.86092798061748, ""g_L"": 10.12112930366154, ""E_L"": -82.32237542429495, ""v_T"": -57.55435477890536, ""delta_T"": 5.904527992909561, ""v_reset"": -70.8594822857084}","{""C_m"": 200.0, ""g_L"": 12.0, ""E_L"": -70.0, ""v_T"": -50.0, ""delta_T"": 2.0, ""v_reset"": -58.0}",2026-04-28T18:26:25.767045+00:00,0.3223437913886197,0.23485883704230748,0.27383056498433217,0.3021741911562145,0.2055014733110295,0.36741377959166843
adaptation_072_grad_guarino,adaptation,72,grad_guarino,-0.06944444444444445,5,1,0.9835321307182312,0.8667030334472656,13.082143783569336,0.8667030334472656,training,25,1.633988857269287,True,"{""C_m"": 163.65222137362497, ""g_L"": 10.680152991412527, ""E_L"": -71.84924626928196, ""v_T"": -56.58259159123461, ""delta_T"": 5.831161444989618, ""v_reset"": -71.76576026831216}","{""C_m"": 237.4958038330078, ""g_L"": 10.622108459472656, ""E_L"": -90.70355987548828, ""v_T"": -46.410396575927734, ""delta_T"": 16.255691528320312, ""v_reset"": -71.36746978759766}","{""C_m"": 200.0, ""g_L"": 12.0, ""E_L"": -70.0, ""v_T"": -50.0, ""delta_T"": 2.0, ""v_reset"": -58.0}",2026-04-28T18:26:27.401311+00:00,0.1630252340565557,0.17223644256591797,0.46007910834418403,0.14358413696289063,0.7502995541221217,0.3819277082170759
adaptation_072_grad_vanrossum,adaptation,72,grad_vanrossum,0.5,5,5,3.1937849521636963,3.1443405151367188,13.413485527038574,3.1443405151367188,training,25,1.4835128784179688,True,"{""C_m"": 115.09954734335939, ""g_L"": 7.186045752611414, ""E_L"": -84.63859486785267, ""v_T"": -50.154339180781115, ""delta_T"": 3.2432773532494914, ""v_reset"": -64.71588670025425}","{""C_m"": 86.81272888183594, ""g_L"": 7.153878211975098, ""E_L"": -81.84793853759766, ""v_T"": -50.8963623046875, ""delta_T"": 3.0981152057647705, ""v_reset"": -66.19203186035156}","{""C_m"": 200.0, ""g_L"": 12.0, ""E_L"": -70.0, ""v_T"": -50.0, ""delta_T"": 2.0, ""v_reset"": -58.0}",2026-04-28T18:26:28.884951+00:00,0.4921185700789742,0.6057652235031128,0.2632875230577257,0.0358544921875,0.05779553714551424,0.2340580531529018
adaptation_072_nm_guarino,adaptation,72,nm_guarino,0.25,5,5,0.9835321307182312,0.588268518447876,0.588268518447876,0.588268518447876,training,50,0.6073760986328125,False,"{""C_m"": 163.65222137362497, ""g_L"": 10.680152991412527, ""E_L"": -71.84924626928196, ""v_T"": -56.58259159123461, ""delta_T"": 5.831161444989618, ""v_reset"": -71.76576026831216}","{""C_m"": 174.24682993970342, ""g_L"": 11.188333036362666, ""E_L"": -73.92165303765223, ""v_T"": -55.137199900967616, ""delta_T"": 6.017381879597899, ""v_reset"": -64.93913888290228}","{""C_m"": 200.0, ""g_L"": 12.0, ""E_L"": -70.0, ""v_T"": -50.0, ""delta_T"": 2.0, ""v_reset"": -58.0}",2026-04-28T18:26:29.492442+00:00,0.11197030460998514,0.10145837045466677,0.08714784528116076,0.20548799603870463,0.21144115155778415,0.19826111094006527
adaptation_073_grad_guarino,adaptation,73,grad_guarino,-0.21164021164021166,5,4,0.7842744588851929,1.1080256700515747,1.537491798400879,0.7842744588851929,warmstart,25,1.32462477684021,True,"{""C_m"": 94.39399046148314, ""g_L"": 6.082449079475745, ""E_L"": -107.73862666420393, ""v_T"": -59.794512027508276, ""delta_T"": 4.490815889876634, ""v_reset"": -73.12436819250415}","{""C_m"": 94.39399046148314, ""g_L"": 6.082449079475745, ""E_L"": -107.73862666420393, ""v_T"": -59.794512027508276, ""delta_T"": 4.490815889876634, ""v_reset"": -73.12436819250415}","{""C_m"": 200.0, ""g_L"": 12.0, ""E_L"": -70.0, ""v_T"": -50.0, ""delta_T"": 2.0, ""v_reset"": -58.0}",2026-04-28T18:26:30.817180+00:00,0.45915656321094284,0.7396938650655319,0.8386361480934208,0.39178048110033104,0.1310955731514018,0.43212480550011856
adaptation_073_grad_vanrossum,adaptation,73,grad_vanrossum,-0.12422360248447205,5,2,4.588143348693848,4.7861223220825195,18.075441360473633,4.588143348693848,warmstart,25,1.4900429248809814,True,"{""C_m"": 55.74583729422419, ""g_L"": 8.988484218170449, ""E_L"": -94.55145553727469, ""v_T"": -49.08782752918672, ""delta_T"": 1.9163800932628008, ""v_reset"": -49.49409003155843}","{""C_m"": 55.74583729422419, ""g_L"": 8.988484218170449, ""E_L"": -94.55145553727469, ""v_T"": -49.08782752918672, ""delta_T"": 1.9163800932628008, ""v_reset"": -49.49409003155843}","{""C_m"": 200.0, ""g_L"": 12.0, ""E_L"": -70.0, ""v_T"": -50.0, ""delta_T"": 2.0, ""v_reset"": -58.0}",2026-04-28T18:26:32.307351+00:00,0.6271920117642426,0.37643947272869394,0.5455879008283264,0.03648689883253127,0.004401047723010485,0.24302599909833061
adaptation_073_nm_guarino,adaptation,73,nm_guarino,-0.21164021164021166,5,4,0.7842744588851929,0.6044678092002869,0.6044678092002869,0.6044678092002869,training,50,0.6020967960357666,False,"{""C_m"": 94.39399046148314, ""g_L"": 6.082449079475745, ""E_L"": -107.73862666420393, ""v_T"": -59.794512027508276, ""delta_T"": 4.490815889876634, ""v_reset"": -73.12436819250415}","{""C_m"": 95.31266417112363, ""g_L"": 6.118402732886712, ""E_L"": -108.55776073239812, ""v_T"": -59.87280085729715, ""delta_T"": 4.667444638503246, ""v_reset"": -69.20181230977998}","{""C_m"": 200.0, ""g_L"": 12.0, ""E_L"": -70.0, ""v_T"": -50.0, ""delta_T"": 2.0, ""v_reset"": -58.0}",2026-04-28T18:26:32.909929+00:00,0.4551623296907668,0.735199658389161,0.8568391273866249,0.39491203429188604,0.14039182307911824,0.32005178027942804
adaptation_074_grad_guarino,adaptation,74,grad_guarino,-0.2678571428571429,5,11,0.2696514129638672,0.24395407736301422,1203.0621337890625,0.24395407736301422,training,25,1.3385329246520996,True,"{""C_m"": 134.99965310260654, ""g_L"": 11.383872562860974, ""E_L"": -74.7483973853912, ""v_T"": -50.711373209404684, ""delta_T"": 7.2811784784367415, ""v_reset"": -58.404490223210715}","{""C_m"": 10.0, ""g_L"": 6.001073360443115, ""E_L"": -65.0, ""v_T"": -60.0, ""delta_T"": 1.0, ""v_reset"": -77.18905639648438}","{""C_m"": 200.0, ""g_L"": 12.0, ""E_L"": -70.0, ""v_T"": -50.0, ""delta_T"": 2.0, ""v_reset"": -58.0}",2026-04-28T18:26:34.248571+00:00,0.8260869565217391,0.7498658299446106,0.1111111111111111,0.4,0.05263157894736842,0.5482587541852678
adaptation_074_grad_vanrossum,adaptation,74,grad_vanrossum,0.0,5,0,2.418360948562622,2.272339344024658,14.99181079864502,2.272339344024658,training,25,1.5011959075927734,True,"{""C_m"": 134.99965310260654, ""g_L"": 11.383872562860974, ""E_L"": -74.7483973853912, ""v_T"": -50.711373209404684, ""delta_T"": 7.2811784784367415, ""v_reset"": -58.404490223210715}","{""C_m"": 240.0, ""g_L"": 14.0, ""E_L"": -110.0, ""v_T"": -35.0, ""delta_T"": 20.0, ""v_reset"": -45.00021743774414}","{""C_m"": 200.0, ""g_L"": 12.0, ""E_L"": -70.0, ""v_T"": -50.0, ""delta_T"": 2.0, ""v_reset"": -58.0}",2026-04-28T18:26:35.749878+00:00,0.17391304347826086,0.25,0.8888888888888888,0.6,0.9473684210526315,0.371422358921596
adaptation_074_nm_guarino,adaptation,74,nm_guarino,0.75,5,5,0.2696514129638672,0.1470189094543457,0.1470189094543457,0.1470189094543457,training,50,0.6015059947967529,False,"{""C_m"": 134.99965310260654, ""g_L"": 11.383872562860974, ""E_L"": -74.7483973853912, ""v_T"": -50.711373209404684, ""delta_T"": 7.2811784784367415, ""v_reset"": -58.404490223210715}","{""C_m"": 128.2496704474762, ""g_L"": 11.57360377224199, ""E_L"": -75.99420400848106, ""v_T"": -51.55656276289476, ""delta_T"": 7.402531453077355, ""v_reset"": -59.37789839359755}","{""C_m"": 200.0, ""g_L"": 12.0, ""E_L"": -70.0, ""v_T"": -50.0, ""delta_T"": 2.0, ""v_reset"": -58.0}",2026-04-28T18:26:36.351497+00:00,0.3119579545761904,0.05329952846975128,0.1332045335218014,0.062262510515790265,0.2843437606882818,0.0393685255313585
adaptation_075_grad_guarino,adaptation,75,grad_guarino,0.11363636363636365,5,3,0.7045150399208069,0.55003422498703,22.735294342041016,0.55003422498703,training,25,1.3142399787902832,True,"{""C_m"": 139.73152655113435, ""g_L"": 7.324246126697673, ""E_L"": -84.83833068729011, ""v_T"": -58.6150346931607, ""delta_T"": 4.147043556484238, ""v_reset"": -71.75522889275864}","{""C_m"": 193.57228088378906, ""g_L"": 7.406097888946533, ""E_L"": -92.93020629882812, ""v_T"": -58.43951416015625, ""delta_T"": 5.2289719581604, ""v_reset"": -70.10384368896484}","{""C_m"": 200.0, ""g_L"": 12.0, ""E_L"": -70.0, ""v_T"": -50.0, ""delta_T"": 2.0, ""v_reset"": -58.0}",2026-04-28T18:26:37.665849+00:00,0.02794660485309103,0.5742377638816833,0.5095601399739583,0.33758056640625,0.16994589253475792,0.34582410539899555
adaptation_075_grad_vanrossum,adaptation,75,grad_vanrossum,-0.4910714285714286,5,11,5.077078819274902,4.459389686584473,34.06181335449219,4.459389686584473,training,25,1.484570026397705,True,"{""C_m"": 101.46327601728075, ""g_L"": 10.400389680943178, ""E_L"": -88.5977607206904, ""v_T"": -57.56859912147134, ""delta_T"": 5.974129363649508, ""v_reset"": -63.53490080617263}","{""C_m"": 10.0, ""g_L"": 6.000002384185791, ""E_L"": -65.0, ""v_T"": -60.0, ""delta_T"": 1.000014066696167, ""v_reset"": -70.8065414428711}","{""C_m"": 200.0, ""g_L"": 12.0, ""E_L"": -70.0, ""v_T"": -50.0, ""delta_T"": 2.0, ""v_reset"": -58.0}",2026-04-28T18:26:39.150538+00:00,0.8260869565217391,0.7499997019767761,0.1111111111111111,0.4,0.05263083859493858,0.36590118408203126
adaptation_075_nm_guarino,adaptation,75,nm_guarino,0.5,5,5,0.7045150399208069,0.488925576210022,0.488925576210022,0.488925576210022,training,50,0.6037111282348633,False,"{""C_m"": 139.73152655113435, ""g_L"": 7.324246126697673, ""E_L"": -84.83833068729011, ""v_T"": -58.6150346931607, ""delta_T"": 4.147043556484238, ""v_reset"": -71.75522889275864}","{""C_m"": 126.68319546006614, ""g_L"": 7.9054837234240996, ""E_L"": -86.12492793749352, ""v_T"": -59.534614673063345, ""delta_T"": 4.011123524023406, ""v_reset"": -74.02734451248881}","{""C_m"": 200.0, ""g_L"": 12.0, ""E_L"": -70.0, ""v_T"": -50.0, ""delta_T"": 2.0, ""v_reset"": -58.0}",2026-04-28T18:26:39.755165+00:00,0.31876871539101675,0.5118145345719876,0.3583317319443005,0.3813845869225338,0.10584860652754771,0.4579241289282517
adaptation_076_grad_guarino,adaptation,76,grad_guarino,0.25,5,5,0.37946173548698425,0.4385131001472473,2.0366079807281494,0.37946173548698425,warmstart,25,1.311676263809204,True,"{""C_m"": 79.66450808051458, ""g_L"": 6.880055539810834, ""E_L"": -95.34161194661897, ""v_T"": -53.1954813904447, ""delta_T"": 17.26349486704199, ""v_reset"": -66.13863960582748}","{""C_m"": 79.66450808051458, ""g_L"": 6.880055539810834, ""E_L"": -95.34161194661897, ""v_T"": -53.1954813904447, ""delta_T"": 17.26349486704199, ""v_reset"": -66.13863960582748}","{""C_m"": 200.0, ""g_L"": 12.0, ""E_L"": -70.0, ""v_T"": -50.0, ""delta_T"": 2.0, ""v_reset"": -58.0}",2026-04-28T18:26:41.066964+00:00,0.5231977909542844,0.6399930575236458,0.5631469321470882,0.12781925561778792,0.8033418351074733,0.23253256016649937
adaptation_076_grad_vanrossum,adaptation,76,grad_vanrossum,0.25,5,5,3.81022310256958,4.580775737762451,5.168124675750732,3.81022310256958,warmstart,25,1.4789750576019287,True,"{""C_m"": 79.66450808051458, ""g_L"": 6.880055539810834, ""E_L"": -95.34161194661897, ""v_T"": -53.1954813904447, ""delta_T"": 17.26349486704199, ""v_reset"": -66.13863960582748}","{""C_m"": 79.66450808051458, ""g_L"": 6.880055539810834, ""E_L"": -95.34161194661897, ""v_T"": -53.1954813904447, ""delta_T"": 17.26349486704199, ""v_reset"": -66.13863960582748}","{""C_m"": 200.0, ""g_L"": 12.0, ""E_L"": -70.0, ""v_T"": -50.0, ""delta_T"": 2.0, ""v_reset"": -58.0}",2026-04-28T18:26:42.546060+00:00,0.5231977909542844,0.6399930575236458,0.5631469321470882,0.12781925561778792,0.8033418351074733,0.23253256016649937
adaptation_076_nm_guarino,adaptation,76,nm_guarino,-0.21164021164021166,5,4,0.37946173548698425,0.19002625346183777,0.19002625346183777,0.19002625346183777,training,50,0.6002130508422852,False,"{""C_m"": 79.66450808051458, ""g_L"": 6.880055539810834, ""E_L"": -95.34161194661897, ""v_T"": -53.1954813904447, ""delta_T"": 17.26349486704199, ""v_reset"": -66.13863960582748}","{""C_m"": 79.27905165456777, ""g_L"": 6.870028554080044, ""E_L"": -98.04166629749926, ""v_T"": -53.23384176734909, ""delta_T"": 17.789284907879708, ""v_reset"": -61.9721262013049}","{""C_m"": 200.0, ""g_L"": 12.0, ""E_L"": -70.0, ""v_T"": -50.0, ""delta_T"": 2.0, ""v_reset"": -58.0}",2026-04-28T18:26:43.146386+00:00,0.524873688458401,0.6412464307399945,0.6231481399444281,0.12935367069396364,0.8310149951515635,0.11348932003728293
adaptation_077_grad_guarino,adaptation,77,grad_guarino,0.5,5,5,0.8424121141433716,0.84151691198349,0.84151691198349,0.84151691198349,training,25,1.3146579265594482,True,"{""C_m"": 94.77611938120937, ""g_L"": 12.033154732859536, ""E_L"": -66.2597857702046, ""v_T"": -42.587370081365044, ""delta_T"": 14.067792548951788, ""v_reset"": -76.58739942402602}","{""C_m"": 93.73429870605469, ""g_L"": 12.03272819519043, ""E_L"": -66.25774383544922, ""v_T"": -42.60258865356445, ""delta_T"": 14.075528144836426, ""v_reset"": -76.5788803100586}","{""C_m"": 200.0, ""g_L"": 12.0, ""E_L"": -70.0, ""v_T"": -50.0, ""delta_T"": 2.0, ""v_reset"": -58.0}",2026-04-28T18:26:44.461164+00:00,0.46202478823454485,0.004091024398803711,0.08316124810112847,0.29589645385742186,0.6355541128861276,0.5308251517159598
adaptation_077_grad_vanrossum,adaptation,77,grad_vanrossum,0.25,5,5,3.5878756046295166,3.9474148750305176,5.79353141784668,3.5878756046295166,warmstart,25,1.6086039543151855,True,"{""C_m"": 101.08018633162267, ""g_L"": 13.308872665686527, ""E_L"": -78.69676225729664, ""v_T"": -51.131740892496914, ""delta_T"": 13.983145480312904, ""v_reset"": -64.92022272965862}","{""C_m"": 101.08018633162267, ""g_L"": 13.308872665686527, ""E_L"": -78.69676225729664, ""v_T"": -51.131740892496914, ""delta_T"": 13.983145480312904, ""v_reset"": -64.92022272965862}","{""C_m"": 200.0, ""g_L"": 12.0, ""E_L"": -70.0, ""v_T"": -50.0, ""delta_T"": 2.0, ""v_reset"": -58.0}",2026-04-28T18:26:46.069888+00:00,0.43008614638424925,0.1636090832108159,0.1932613834954809,0.045269635699876576,0.6306918673848897,0.19772064941881767
adaptation_077_nm_guarino,adaptation,77,nm_guarino,0.5,5,5,0.8424121141433716,0.7955449819564819,0.7955449819564819,0.7955449819564819,training,50,0.5977747440338135,False,"{""C_m"": 94.77611938120937, ""g_L"": 12.033154732859536, ""E_L"": -66.2597857702046, ""v_T"": -42.587370081365044, ""delta_T"": 14.067792548951788, ""v_reset"": -76.58739942402602}","{""C_m"": 90.03731341214889, ""g_L"": 12.233707311740528, ""E_L"": -67.36411553304136, ""v_T"": -43.29715958272113, ""delta_T"": 14.302255758100982, ""v_reset"": -77.72493294935066}","{""C_m"": 200.0, ""g_L"": 12.0, ""E_L"": -70.0, ""v_T"": -50.0, ""delta_T"": 2.0, ""v_reset"": -58.0}",2026-04-28T18:26:46.668592+00:00,0.47809863733848307,0.029213413967565938,0.05857521037685874,0.26811361669115485,0.6474871451632096,0.5635695128385902
adaptation_078_grad_guarino,adaptation,78,grad_guarino,0.5,5,5,0.9194977283477783,0.9507113099098206,46109.421875,0.9194977283477783,warmstart,25,1.6574227809906006,True,"{""C_m"": 120.95465181798426, ""g_L"": 8.473162053777923, ""E_L"": -70.3024110386828, ""v_T"": -51.24138460903582, ""delta_T"": 12.895251590192315, ""v_reset"": -69.97667938835178}","{""C_m"": 120.95465181798426, ""g_L"": 8.473162053777923, ""E_L"": -70.3024110386828, ""v_T"": -51.24138460903582, ""delta_T"": 12.895251590192315, ""v_reset"": -69.97667938835178}","{""C_m"": 200.0, ""g_L"": 12.0, ""E_L"": -70.0, ""v_T"": -50.0, ""delta_T"": 2.0, ""v_reset"": -58.0}",2026-04-28T18:26:48.326132+00:00,0.3436754268783293,0.44085474327775964,0.006720245304062347,0.04965538436143277,0.5734342942206482,0.3421908396671938
adaptation_078_grad_vanrossum,adaptation,78,grad_vanrossum,0.18633540372670807,5,2,4.07903528213501,3.651949882507324,5.303415298461914,3.651949882507324,training,25,1.5009889602661133,True,"{""C_m"": 69.29544500994302, ""g_L"": 13.95309692134679, ""E_L"": -79.33963584937098, ""v_T"": -45.77340613551296, ""delta_T"": 3.5791905995832756, ""v_reset"": -56.83377983899649}","{""C_m"": 68.78605651855469, ""g_L"": 13.953091621398926, ""E_L"": -79.19583129882812, ""v_T"": -45.8297119140625, ""delta_T"": 3.57798171043396, ""v_reset"": -56.83294677734375}","{""C_m"": 200.0, ""g_L"": 12.0, ""E_L"": -70.0, ""v_T"": -50.0, ""delta_T"": 2.0, ""v_reset"": -58.0}",2026-04-28T18:26:49.827235+00:00,0.5704954064410666,0.24413645267486572,0.204351806640625,0.1668115234375,0.08305166897020842,0.03334437779017857
adaptation_078_nm_guarino,adaptation,78,nm_guarino,0.25,5,5,0.9194977283477783,0.5723974704742432,0.5723974704742432,0.5723974704742432,training,50,0.6040549278259277,False,"{""C_m"": 120.95465181798426, ""g_L"": 8.473162053777923, ""E_L"": -70.3024110386828, ""v_T"": -51.24138460903582, ""delta_T"": 12.895251590192315, ""v_reset"": -69.97667938835178}","{""C_m"": 113.70030041217484, ""g_L"": 8.726114958953843, ""E_L"": -77.38314316009196, ""v_T"": -50.34432429610386, ""delta_T"": 13.08557290245638, ""v_reset"": -63.450287566041}","{""C_m"": 200.0, ""g_L"": 12.0, ""E_L"": -70.0, ""v_T"": -50.0, ""delta_T"": 2.0, ""v_reset"": -58.0}",2026-04-28T18:26:50.431412+00:00,0.3752160851644572,0.4092356301307696,0.16406984800204358,0.01377297184415454,0.5834512053924411,0.15572250188688566
adaptation_079_grad_guarino,adaptation,79,grad_guarino,0.0,5,5,0.7714521884918213,1.2306309938430786,24.5186767578125,0.7714521884918213,warmstart,25,1.326429843902588,True,"{""C_m"": 63.02953225100208, ""g_L"": 8.372291271025166, ""E_L"": -92.67995175722375, ""v_T"": -53.36503294813653, ""delta_T"": 12.295607716090759, ""v_reset"": -70.33742570879137}","{""C_m"": 63.02953225100208, ""g_L"": 8.372291271025166, ""E_L"": -92.67995175722375, ""v_T"": -53.36503294813653, ""delta_T"": 12.295607716090759, ""v_reset"": -70.33742570879137}","{""C_m"": 200.0, ""g_L"": 12.0, ""E_L"": -70.0, ""v_T"": -50.0, ""delta_T"": 2.0, ""v_reset"": -58.0}",2026-04-28T18:26:51.757974+00:00,0.5955237728217301,0.4534635911218543,0.5039989279383055,0.1346013179254612,0.5418740903205662,0.3524978773940392
adaptation_079_grad_vanrossum,adaptation,79,grad_vanrossum,-0.0478468899521531,5,6,3.849630117416382,4.633520603179932,33.69468688964844,3.849630117416382,warmstart,25,1.512498140335083,True,"{""C_m"": 217.61138500152882, ""g_L"": 13.590991671678697, ""E_L"": -65.80421187192275, ""v_T"": -52.81023013742433, ""delta_T"": 5.00061087723091, ""v_reset"": -56.41667553373188}","{""C_m"": 217.61138500152882, ""g_L"": 13.590991671678697, ""E_L"": -65.80421187192275, ""v_T"": -52.81023013742433, ""delta_T"": 5.00061087723091, ""v_reset"": -56.41667553373188}","{""C_m"": 200.0, ""g_L"": 12.0, ""E_L"": -70.0, ""v_T"": -50.0, ""delta_T"": 2.0, ""v_reset"": -58.0}",2026-04-28T18:26:53.270596+00:00,0.07657123913708182,0.19887395895983717,0.09323973617949453,0.11240920549697307,0.15792688827531107,0.045237841893374764
adaptation_079_nm_guarino,adaptation,79,nm_guarino,0.31746031746031744,5,4,0.7714521884918213,0.7111058831214905,0.7111058831214905,0.7111058831214905,training,50,0.6033279895782471,False,"{""C_m"": 63.02953225100208, ""g_L"": 8.372291271025166, ""E_L"": -92.67995175722375, ""v_T"": -53.36503294813653, ""delta_T"": 12.295607716090759, ""v_reset"": -70.33742570879137}","{""C_m"": 63.02953225100208, ""g_L"": 8.372291271025166, ""E_L"": -97.31394934508494, ""v_T"": -53.36503294813653, ""delta_T"": 12.295607716090759, ""v_reset"": -70.33742570879137}","{""C_m"": 200.0, ""g_L"": 12.0, ""E_L"": -70.0, ""v_T"": -50.0, ""delta_T"": 2.0, ""v_reset"": -58.0}",2026-04-28T18:26:53.874367+00:00,0.5955237728217301,0.4534635911218543,0.6069766521129986,0.1346013179254612,0.5418740903205662,0.3524978773940392
adaptation_080_grad_guarino,adaptation,80,grad_guarino,-0.21164021164021166,5,4,0.9014983177185059,0.9832207560539246,1.01422917842865,0.9014983177185059,warmstart,25,1.3483598232269287,True,"{""C_m"": 59.74364362282724, ""g_L"": 6.770569192026686, ""E_L"": -107.12304291625357, ""v_T"": -48.72119351658682, ""delta_T"": 18.765032046313152, ""v_reset"": -57.931289979221695}","{""C_m"": 59.74364362282724, ""g_L"": 6.770569192026686, ""E_L"": -107.12304291625357, ""v_T"": -48.72119351658682, ""delta_T"": 18.765032046313152, ""v_reset"": -57.931289979221695}","{""C_m"": 200.0, ""g_L"": 12.0, ""E_L"": -70.0, ""v_T"": -50.0, ""delta_T"": 2.0, ""v_reset"": -58.0}",2026-04-28T18:26:55.222857+00:00,0.6098102451181424,0.6536788509966642,0.8249565092500792,0.051152259336527096,0.8823701077006922,0.001963143450808705
adaptation_080_grad_vanrossum,adaptation,80,grad_vanrossum,-0.4444444444444445,5,10,5.008627891540527,3.015892267227173,33.76801681518555,3.015892267227173,training,25,1.486475944519043,True,"{""C_m"": 120.25727694431893, ""g_L"": 13.13739215280885, ""E_L"": -73.45225381117103, ""v_T"": -46.271770134835066, ""delta_T"": 6.77103912749484, ""v_reset"": -62.139165158382475}","{""C_m"": 15.291597366333008, ""g_L"": 13.007979393005371, ""E_L"": -66.58782958984375, ""v_T"": -57.79872131347656, ""delta_T"": 4.615160942077637, ""v_reset"": -62.479736328125}","{""C_m"": 200.0, ""g_L"": 12.0, ""E_L"": -70.0, ""v_T"": -50.0, ""delta_T"": 2.0, ""v_reset"": -58.0}",2026-04-28T18:26:56.709439+00:00,0.803080011450726,0.1259974241256714,0.07582600911458333,0.3119488525390625,0.13764004958303352,0.12799246651785715
adaptation_080_nm_guarino,adaptation,80,nm_guarino,0.05291005291005289,5,4,0.9014983177185059,0.6156566739082336,0.6156566739082336,0.6156566739082336,training,50,0.607069730758667,False,"{""C_m"": 59.74364362282724, ""g_L"": 6.770569192026686, ""E_L"": -107.12304291625357, ""v_T"": -48.72119351658682, ""delta_T"": 18.765032046313152, ""v_reset"": -57.931289979221695}","{""C_m"": 57.385790408754346, ""g_L"": 6.996565335203046, ""E_L"": -106.48416880691488, ""v_T"": -50.09330151197007, ""delta_T"": 18.69438448947288, ""v_reset"": -58.867772640749536}","{""C_m"": 200.0, ""g_L"": 12.0, ""E_L"": -70.0, ""v_T"": -50.0, ""delta_T"": 2.0, ""v_reset"": -58.0}",2026-04-28T18:26:57.316621+00:00,0.6200617808315028,0.6254293330996192,0.8107593068203307,0.0037320604788027368,0.8786518152354148,0.024793504021415304
adaptation_081_grad_guarino,adaptation,81,grad_guarino,0.5,5,5,0.7752902507781982,0.6826232075691223,0.7211765050888062,0.6826232075691223,training,25,1.3160600662231445,True,"{""C_m"": 100.0983021020392, ""g_L"": 6.575102846818029, ""E_L"": -82.51808917152273, ""v_T"": -50.798794022463355, ""delta_T"": 19.442902827454063, ""v_reset"": -65.37944137262781}","{""C_m"": 100.0545654296875, ""g_L"": 6.575098991394043, ""E_L"": -82.5145034790039, ""v_T"": -50.80070877075195, ""delta_T"": 19.44290542602539, ""v_reset"": -65.37845611572266}","{""C_m"": 200.0, ""g_L"": 12.0, ""E_L"": -70.0, ""v_T"": -50.0, ""delta_T"": 2.0, ""v_reset"": -58.0}",2026-04-28T18:26:58.632803+00:00,0.43454536769701085,0.6781126260757446,0.2781000773111979,0.03202835083007813,0.9180476540013364,0.21081303187779019
adaptation_081_grad_vanrossum,adaptation,81,grad_vanrossum,0.11363636363636365,5,3,5.326657295227051,3.9951610565185547,11.102593421936035,3.9951610565185547,training,25,1.4975392818450928,True,"{""C_m"": 182.1617013874898, ""g_L"": 12.545830437521793, ""E_L"": -71.58562571121013, ""v_T"": -49.96399215178841, ""delta_T"": 6.17776516677984, ""v_reset"": -66.42236225444354}","{""C_m"": 184.21717834472656, ""g_L"": 12.550832748413086, ""E_L"": -71.81684112548828, ""v_T"": -49.5185661315918, ""delta_T"": 6.294908046722412, ""v_reset"": -66.41896057128906}","{""C_m"": 200.0, ""g_L"": 12.0, ""E_L"": -70.0, ""v_T"": -50.0, ""delta_T"": 2.0, ""v_reset"": -58.0}",2026-04-28T18:27:00.130454+00:00,0.06862096371858016,0.06885409355163574,0.04037424723307292,0.019257354736328124,0.22604779193275853,0.24054173060825892
adaptation_081_nm_guarino,adaptation,81,nm_guarino,0.75,5,5,0.7752902507781982,0.585297167301178,0.585297167301178,0.585297167301178,training,50,0.6026971340179443,False,"{""C_m"": 100.0983021020392, ""g_L"": 6.575102846818029, ""E_L"": -82.51808917152273, ""v_T"": -50.798794022463355, ""delta_T"": 19.442902827454063, ""v_reset"": -65.37944137262781}","{""C_m"": 88.78442891251768, ""g_L"": 7.000905742786172, ""E_L"": -87.53068029121141, ""v_T"": -51.42095452491742, ""delta_T"": 19.550163758150255, ""v_reset"": -65.3917408986227}","{""C_m"": 200.0, ""g_L"": 12.0, ""E_L"": -70.0, ""v_T"": -50.0, ""delta_T"": 2.0, ""v_reset"": -58.0}",2026-04-28T18:27:00.733649+00:00,0.4835459612499231,0.6248867821517285,0.38957067313803134,0.05683818099669679,0.9236928293763292,0.2111925971035057
adaptation_082_grad_guarino,adaptation,82,grad_guarino,0.0,5,5,0.6778013110160828,1.0344624519348145,1.1533095836639404,0.6778013110160828,warmstart,25,1.3117458820343018,True,"{""C_m"": 73.60591335888803, ""g_L"": 7.017738408254776, ""E_L"": -67.4794916351705, ""v_T"": -36.029552037393145, ""delta_T"": 16.43771587513366, ""v_reset"": -76.77482239285708}","{""C_m"": 73.60591335888803, ""g_L"": 7.017738408254776, ""E_L"": -67.4794916351705, ""v_T"": -36.029552037393145, ""delta_T"": 16.43771587513366, ""v_reset"": -76.77482239285708}","{""C_m"": 200.0, ""g_L"": 12.0, ""E_L"": -70.0, ""v_T"": -50.0, ""delta_T"": 2.0, ""v_reset"": -58.0}",2026-04-28T18:27:02.045509+00:00,0.5495395071352694,0.622782698968153,0.05601129699621102,0.5588179185042742,0.7598797829017715,0.5364234969387736
adaptation_082_grad_vanrossum,adaptation,82,grad_vanrossum,0.5,5,5,5.750217914581299,4.238280296325684,6.52931547164917,4.238280296325684,training,25,1.481806755065918,True,"{""C_m"": 117.63481599005944, ""g_L"": 12.282014599432756, ""E_L"": -77.64562753278875, ""v_T"": -53.96070921794896, ""delta_T"": 18.404309613509668, ""v_reset"": -63.09022886730759}","{""C_m"": 126.3138656616211, ""g_L"": 12.297622680664062, ""E_L"": -78.65460205078125, ""v_T"": -53.70780944824219, ""delta_T"": 18.351688385009766, ""v_reset"": -63.72658157348633}","{""C_m"": 200.0, ""g_L"": 12.0, ""E_L"": -70.0, ""v_T"": -50.0, ""delta_T"": 2.0, ""v_reset"": -58.0}",2026-04-28T18:27:03.527435+00:00,0.32037449712338656,0.03720283508300781,0.1923244900173611,0.1483123779296875,0.8606151781584087,0.16361661638532365
adaptation_082_nm_guarino,adaptation,82,nm_guarino,0.25,5,5,0.6778013110160828,0.6368893980979919,0.6368893980979919,0.6368893980979919,training,50,0.5971598625183105,False,"{""C_m"": 73.60591335888803, ""g_L"": 7.017738408254776, ""E_L"": -67.4794916351705, ""v_T"": -36.029552037393145, ""delta_T"": 16.43771587513366, ""v_reset"": -76.77482239285708}","{""C_m"": 74.25193419581326, ""g_L"": 7.497947089571173, ""E_L"": -68.500801816054, ""v_T"": -36.244626972579695, ""delta_T"": 16.15853318322137, ""v_reset"": -74.59940301760095}","{""C_m"": 200.0, ""g_L"": 12.0, ""E_L"": -70.0, ""v_T"": -50.0, ""delta_T"": 2.0, ""v_reset"": -58.0}",2026-04-28T18:27:04.124723+00:00,0.5467307208877684,0.5627566138036034,0.03331551519880015,0.5502149210968121,0.745185957011651,0.4742686576457414
adaptation_083_grad_guarino,adaptation,83,grad_guarino,0.25,5,5,0.5827786922454834,0.5809103846549988,13.030428886413574,0.5809103846549988,training,25,1.3280091285705566,True,"{""C_m"": 114.01666754724454, ""g_L"": 6.270539021538837, ""E_L"": -94.31648440177048, ""v_T"": -57.89124733409635, ""delta_T"": 7.370459256473856, ""v_reset"": -64.55624517478739}","{""C_m"": 106.29717254638672, ""g_L"": 6.2698845863342285, ""E_L"": -93.77826690673828, ""v_T"": -57.922882080078125, ""delta_T"": 7.204516410827637, ""v_reset"": -64.5754165649414}","{""C_m"": 200.0, ""g_L"": 12.0, ""E_L"": -70.0, ""v_T"": -50.0, ""delta_T"": 2.0, ""v_reset"": -58.0}",2026-04-28T18:27:05.452865+00:00,0.4074035976244056,0.7162644267082214,0.5284059312608507,0.316915283203125,0.2739219163593493,0.1878690447126116
adaptation_083_grad_vanrossum,adaptation,83,grad_vanrossum,-0.17045454545454547,5,3,3.314887762069702,5.191488265991211,10.437755584716797,3.314887762069702,warmstart,25,1.485795021057129,True,"{""C_m"": 82.56249384140143, ""g_L"": 6.6427440606074315, ""E_L"": -99.04121114288678, ""v_T"": -48.26146119384095, ""delta_T"": 2.446113399604125, ""v_reset"": -59.13744204401415}","{""C_m"": 82.56249384140143, ""g_L"": 6.6427440606074315, ""E_L"": -99.04121114288678, ""v_T"": -48.26146119384095, ""delta_T"": 2.446113399604125, ""v_reset"": -59.13744204401415}","{""C_m"": 200.0, ""g_L"": 12.0, ""E_L"": -70.0, ""v_T"": -50.0, ""delta_T"": 2.0, ""v_reset"": -58.0}",2026-04-28T18:27:06.938797+00:00,0.510597852863472,0.6696569924240711,0.6453602476197062,0.06954155224636197,0.023479652610743414,0.03249834411469002
adaptation_083_nm_guarino,adaptation,83,nm_guarino,-0.21164021164021166,5,4,0.5827786922454834,0.2144489288330078,0.2144489288330078,0.2144489288330078,training,50,0.5994880199432373,False,"{""C_m"": 114.01666754724454, ""g_L"": 6.270539021538837, ""E_L"": -94.31648440177048, ""v_T"": -57.89124733409635, ""delta_T"": 7.370459256473856, ""v_reset"": -64.55624517478739}","{""C_m"": 115.91927446644468, ""g_L"": 6.322921607640522, ""E_L"": -95.32762355250169, ""v_T"": -57.434793304455056, ""delta_T"": 7.432030313648534, ""v_reset"": -65.09553263630453}","{""C_m"": 200.0, ""g_L"": 12.0, ""E_L"": -70.0, ""v_T"": -50.0, ""delta_T"": 2.0, ""v_reset"": -58.0}",2026-04-28T18:27:07.538755+00:00,0.36556837188502317,0.7096347990449348,0.5628360789444821,0.29739173217820225,0.2858963322972913,0.20272950389441502
adaptation_084_grad_guarino,adaptation,84,grad_guarino,0.5,5,5,0.9363791942596436,0.9535038471221924,1.049787163734436,0.9363791942596436,warmstart,25,1.498884916305542,True,"{""C_m"": 120.79026574627622, ""g_L"": 10.702588735482284, ""E_L"": -78.78899181174636, ""v_T"": -59.69503229083434, ""delta_T"": 17.194874811798424, ""v_reset"": -79.79473480373126}","{""C_m"": 120.79026574627622, ""g_L"": 10.702588735482284, ""E_L"": -78.78899181174636, ""v_T"": -59.69503229083434, ""delta_T"": 17.194874811798424, ""v_reset"": -79.79473480373126}","{""C_m"": 200.0, ""g_L"": 12.0, ""E_L"": -70.0, ""v_T"": -50.0, ""delta_T"": 2.0, ""v_reset"": -58.0}",2026-04-28T18:27:09.037761+00:00,0.3443901489292338,0.16217640806471456,0.19531092914991904,0.3878012916333736,0.7997302532525487,0.622706708678036
adaptation_084_grad_vanrossum,adaptation,84,grad_vanrossum,0.19138755980861247,5,6,4.707451343536377,5.113227367401123,34.015316009521484,4.707451343536377,warmstart,25,1.498582124710083,True,"{""C_m"": 142.9657869621578, ""g_L"": 13.796657631976435, ""E_L"": -67.3515554254991, ""v_T"": -47.677634014735304, ""delta_T"": 5.628319022252825, ""v_reset"": -48.7421503984226}","{""C_m"": 142.9657869621578, ""g_L"": 13.796657631976435, ""E_L"": -67.3515554254991, ""v_T"": -47.677634014735304, ""delta_T"": 5.628319022252825, ""v_reset"": -48.7421503984226}","{""C_m"": 200.0, ""g_L"": 12.0, ""E_L"": -70.0, ""v_T"": -50.0, ""delta_T"": 2.0, ""v_reset"": -58.0}",2026-04-28T18:27:10.536465+00:00,0.24797483929496605,0.22458220399705442,0.05885432387779777,0.09289463941058784,0.19096415906593814,0.2645099886164971
adaptation_084_nm_guarino,adaptation,84,nm_guarino,0.25,5,5,0.9363791942596436,0.9208805561065674,0.9208805561065674,0.9208805561065674,training,50,0.6304121017456055,False,"{""C_m"": 120.79026574627622, ""g_L"": 10.702588735482284, ""E_L"": -78.78899181174636, ""v_T"": -59.69503229083434, ""delta_T"": 17.194874811798424, ""v_reset"": -79.79473480373126}","{""C_m"": 118.12722932678085, ""g_L"": 10.851377837900948, ""E_L"": -79.07863905594874, ""v_T"": -59.77982648938746, ""delta_T"": 17.43392071486737, ""v_reset"": -79.84712627984452}","{""C_m"": 200.0, ""g_L"": 12.0, ""E_L"": -70.0, ""v_T"": -50.0, ""delta_T"": 2.0, ""v_reset"": -58.0}",2026-04-28T18:27:11.166997+00:00,0.35596856814443106,0.1435777702623815,0.2017475345766387,0.39119305957549844,0.8123116165719668,0.6242036079955576
adaptation_085_grad_guarino,adaptation,85,grad_guarino,0.25,5,5,0.8130348920822144,0.8130471706390381,13.046896934509277,0.8130348920822144,warmstart,25,1.6530430316925049,True,"{""C_m"": 120.66489134692989, ""g_L"": 13.34003790244956, ""E_L"": -84.71518232222955, ""v_T"": -58.19735373302402, ""delta_T"": 9.638564899711616, ""v_reset"": -58.396294352791394}","{""C_m"": 120.66489134692989, ""g_L"": 13.34003790244956, ""E_L"": -84.71518232222955, ""v_T"": -58.19735373302402, ""delta_T"": 9.638564899711616, ""v_reset"": -58.396294352791394}","{""C_m"": 200.0, ""g_L"": 12.0, ""E_L"": -70.0, ""v_T"": -50.0, ""delta_T"": 2.0, ""v_reset"": -58.0}",2026-04-28T18:27:12.820170+00:00,0.3449352550133483,0.1675047378061949,0.32700405160510115,0.32789414932096095,0.40202973156376925,0.011322695794039817
adaptation_085_grad_vanrossum,adaptation,85,grad_vanrossum,-0.28708133971291866,5,6,4.346445083618164,5.362016677856445,12.598445892333984,4.346445083618164,warmstart,25,1.4941630363464355,True,"{""C_m"": 159.0459260095047, ""g_L"": 13.399493539660646, ""E_L"": -70.65930094520698, ""v_T"": -54.73683801725553, ""delta_T"": 10.481541363159213, ""v_reset"": -59.98559364160405}","{""C_m"": 159.0459260095047, ""g_L"": 13.399493539660646, ""E_L"": -70.65930094520698, ""v_T"": -54.73683801725553, ""delta_T"": 10.481541363159213, ""v_reset"": -59.98559364160405}","{""C_m"": 200.0, ""g_L"": 12.0, ""E_L"": -70.0, ""v_T"": -50.0, ""delta_T"": 2.0, ""v_reset"": -58.0}",2026-04-28T18:27:14.314836+00:00,0.178061191263023,0.1749366924575808,0.014651132115710652,0.18947352069022116,0.4463969138504849,0.05673124690297279
adaptation_085_nm_guarino,adaptation,85,nm_guarino,1.0,5,5,0.8130348920822144,0.2679656147956848,0.2679656147956848,0.2679656147956848,training,50,0.6051690578460693,False,"{""C_m"": 120.66489134692989, ""g_L"": 13.34003790244956, ""E_L"": -84.71518232222955, ""v_T"": -58.19735373302402, ""delta_T"": 9.638564899711616, ""v_reset"": -58.396294352791394}","{""C_m"": 120.66489134692989, ""g_L"": 13.34003790244956, ""E_L"": -84.71518232222955, ""v_T"": -58.19735373302402, ""delta_T"": 9.638564899711616, ""v_reset"": -61.31610907043097}","{""C_m"": 200.0, ""g_L"": 12.0, ""E_L"": -70.0, ""v_T"": -50.0, ""delta_T"": 2.0, ""v_reset"": -58.0}",2026-04-28T18:27:14.920134+00:00,0.3449352550133483,0.1675047378061949,0.32700405160510115,0.32789414932096095,0.40202973156376925,0.09474597344088481
adaptation_086_grad_guarino,adaptation,86,grad_guarino,0.31746031746031744,5,4,0.6029815077781677,0.5474177598953247,2.3378946781158447,0.5474177598953247,training,25,1.3251121044158936,True,"{""C_m"": 66.23705619814314, ""g_L"": 12.945655391831872, ""E_L"": -86.9730198463704, ""v_T"": -47.34326150414982, ""delta_T"": 17.902895396001792, ""v_reset"": -54.09205674599848}","{""C_m"": 66.85823059082031, ""g_L"": 12.946311950683594, ""E_L"": -87.09260559082031, ""v_T"": -47.29875946044922, ""delta_T"": 17.901887893676758, ""v_reset"": -54.08961868286133}","{""C_m"": 200.0, ""g_L"": 12.0, ""E_L"": -70.0, ""v_T"": -50.0, ""delta_T"": 2.0, ""v_reset"": -58.0}",2026-04-28T18:27:16.245368+00:00,0.5788772583007813,0.11828899383544922,0.37983567979600696,0.10804962158203125,0.8369414680882504,0.11172518048967633
adaptation_086_grad_vanrossum,adaptation,86,grad_vanrossum,0.4968944099378882,5,2,3.0883400440216064,3.3790688514709473,5.912608623504639,3.0883400440216064,warmstart,25,1.5031349658966064,True,"{""C_m"": 101.3874123193724, ""g_L"": 11.807739065997437, ""E_L"": -84.03641669280212, ""v_T"": -50.42143397057646, ""delta_T"": 1.2750250349309584, ""v_reset"": -54.42065888255713}","{""C_m"": 101.3874123193724, ""g_L"": 11.807739065997437, ""E_L"": -84.03641669280212, ""v_T"": -50.42143397057646, ""delta_T"": 1.2750250349309584, ""v_reset"": -54.42065888255713}","{""C_m"": 200.0, ""g_L"": 12.0, ""E_L"": -70.0, ""v_T"": -50.0, ""delta_T"": 2.0, ""v_reset"": -58.0}",2026-04-28T18:27:17.748615+00:00,0.42875038122012,0.024032616750320424,0.3119203709511582,0.016857358823058347,0.03815657710889692,0.10226688906979636
adaptation_086_nm_guarino,adaptation,86,nm_guarino,0.31746031746031744,5,4,0.6029815077781677,0.6029815077781677,0.6029815077781677,0.6029815077781677,warmstart,50,0.6298518180847168,False,"{""C_m"": 66.23705619814314, ""g_L"": 12.945655391831872, ""E_L"": -86.9730198463704, ""v_T"": -47.34326150414982, ""delta_T"": 17.902895396001792, ""v_reset"": -54.09205674599848}","{""C_m"": 66.23705619814314, ""g_L"": 12.945655391831872, ""E_L"": -86.9730198463704, ""v_T"": -47.34326150414982, ""delta_T"": 17.902895396001792, ""v_reset"": -54.09205674599848}","{""C_m"": 200.0, ""g_L"": 12.0, ""E_L"": -70.0, ""v_T"": -50.0, ""delta_T"": 2.0, ""v_reset"": -58.0}",2026-04-28T18:27:18.378589+00:00,0.5815780165298124,0.11820692397898402,0.3771782188082312,0.10626953983400711,0.8369944945264102,0.11165552154290066
adaptation_087_grad_guarino,adaptation,87,grad_guarino,0.0,5,5,0.7736907005310059,0.7550661563873291,13.351812362670898,0.7550661563873291,training,25,1.4845449924468994,True,"{""C_m"": 148.86428854571287, ""g_L"": 12.27327412229199, ""E_L"": -72.87536228545235, ""v_T"": -53.07457967099702, ""delta_T"": 13.489643353038831, ""v_reset"": -64.51158623887066}","{""C_m"": 150.12657165527344, ""g_L"": 12.267536163330078, ""E_L"": -72.90011596679688, ""v_T"": -52.9738883972168, ""delta_T"": 13.636625289916992, ""v_reset"": -64.52442169189453}","{""C_m"": 200.0, ""g_L"": 12.0, ""E_L"": -70.0, ""v_T"": -50.0, ""delta_T"": 2.0, ""v_reset"": -58.0}",2026-04-28T18:27:19.863475+00:00,0.21684099280315897,0.033442020416259766,0.064447021484375,0.11895553588867187,0.6124539626272101,0.18641204833984376
adaptation_087_grad_vanrossum,adaptation,87,grad_vanrossum,0.31746031746031744,5,4,4.017252445220947,4.728644371032715,34.018798828125,4.017252445220947,warmstart,25,1.4947619438171387,True,"{""C_m"": 175.31190580289584, ""g_L"": 13.871661023001089, ""E_L"": -82.68397291392486, ""v_T"": -55.54943095194892, ""delta_T"": 15.007228173938692, ""v_reset"": -61.54263840363579}","{""C_m"": 175.31190580289584, ""g_L"": 13.871661023001089, ""E_L"": -82.68397291392486, ""v_T"": -55.54943095194892, ""delta_T"": 15.007228173938692, ""v_reset"": -61.54263840363579}","{""C_m"": 200.0, ""g_L"": 12.0, ""E_L"": -70.0, ""v_T"": -50.0, ""delta_T"": 2.0, ""v_reset"": -58.0}",2026-04-28T18:27:21.358384+00:00,0.1073395399874094,0.23395762787513608,0.2818660647538858,0.22197723807795683,0.6845909565230891,0.10121824010387977
adaptation_087_nm_guarino,adaptation,87,nm_guarino,0.25,5,5,0.7736907005310059,0.6210795044898987,0.6210795044898987,0.6210795044898987,training,50,0.6007821559906006,False,"{""C_m"": 148.86428854571287, ""g_L"": 12.27327412229199, ""E_L"": -72.87536228545235, ""v_T"": -53.07457967099702, ""delta_T"": 13.489643353038831, ""v_reset"": -64.51158623887066}","{""C_m"": 136.77905877376426, ""g_L"": 13.417779330456707, ""E_L"": -75.62039970443205, ""v_T"": -52.7560800277965, ""delta_T"": 13.454586754912853, ""v_reset"": -62.56503142087182}","{""C_m"": 200.0, ""g_L"": 12.0, ""E_L"": -70.0, ""v_T"": -50.0, ""delta_T"": 2.0, ""v_reset"": -58.0}",2026-04-28T18:27:21.959289+00:00,0.2748736575053728,0.17722241630708835,0.12489777120960102,0.11024320111186,0.6028729871006765,0.13042946916776624
adaptation_088_grad_guarino,adaptation,88,grad_guarino,0.0,5,0,0.842370867729187,0.8394581079483032,12.945387840270996,0.8394581079483032,training,25,1.3193509578704834,True,"{""C_m"": 96.42547555046771, ""g_L"": 11.421164076266855, ""E_L"": -77.42160976474636, ""v_T"": -46.63183752826388, ""delta_T"": 4.893554317649297, ""v_reset"": -59.00010035539358}","{""C_m"": 226.4822235107422, ""g_L"": 12.376809120178223, ""E_L"": -100.90451049804688, ""v_T"": -37.31842041015625, ""delta_T"": 7.006096839904785, ""v_reset"": -58.4874382019043}","{""C_m"": 200.0, ""g_L"": 12.0, ""E_L"": -70.0, ""v_T"": -50.0, ""delta_T"": 2.0, ""v_reset"": -58.0}",2026-04-28T18:27:23.278777+00:00,0.11514010222061821,0.04710114002227783,0.6867668999565972,0.50726318359375,0.2634787810476203,0.013926805768694197
adaptation_088_grad_vanrossum,adaptation,88,grad_vanrossum,0.25,5,5,3.499617338180542,3.8801069259643555,6.980018138885498,3.499617338180542,warmstart,25,1.4843709468841553,True,"{""C_m"": 62.34811415950375, ""g_L"": 6.2049887225567915, ""E_L"": -82.79913762415845, ""v_T"": -44.200134535762764, ""delta_T"": 5.299971164652004, ""v_reset"": -62.52537824169576}","{""C_m"": 62.34811415950375, ""g_L"": 6.2049887225567915, ""E_L"": -82.79913762415845, ""v_T"": -44.200134535762764, ""delta_T"": 5.299971164652004, ""v_reset"": -62.52537824169576}","{""C_m"": 200.0, ""g_L"": 12.0, ""E_L"": -70.0, ""v_T"": -50.0, ""delta_T"": 2.0, ""v_reset"": -58.0}",2026-04-28T18:27:24.763275+00:00,0.5984864601760707,0.7243764096804011,0.2844252805368544,0.23199461856948944,0.17368269287642127,0.1292965211913075
adaptation_088_nm_guarino,adaptation,88,nm_guarino,0.31746031746031744,5,4,0.842370867729187,0.7055841684341431,0.7055841684341431,0.7055841684341431,training,50,0.6018431186676025,False,"{""C_m"": 96.42547555046771, ""g_L"": 11.421164076266855, ""E_L"": -77.42160976474636, ""v_T"": -46.63183752826388, ""delta_T"": 4.893554317649297, ""v_reset"": -59.00010035539358}","{""C_m"": 97.41679843293682, ""g_L"": 11.275891153236893, ""E_L"": -77.1733829168898, ""v_T"": -46.81797988643066, ""delta_T"": 5.0627220843990335, ""v_reset"": -58.154963944955554}","{""C_m"": 200.0, ""g_L"": 12.0, ""E_L"": -70.0, ""v_T"": -50.0, ""delta_T"": 2.0, ""v_reset"": -58.0}",2026-04-28T18:27:25.365365+00:00,0.44601391985679645,0.09051360584538837,0.15940850926421793,0.12728080454277346,0.1611958991788965,0.004427541284444406
adaptation_089_grad_guarino,adaptation,89,grad_guarino,-0.25,5,5,0.6937097311019897,0.7498028874397278,1.5299171209335327,0.6937097311019897,warmstart,25,1.3162219524383545,True,"{""C_m"": 55.805866412895476, ""g_L"": 7.441007682724842, ""E_L"": -79.70572232801165, ""v_T"": -38.353273043447786, ""delta_T"": 10.363373738516861, ""v_reset"": -61.26806281075958}","{""C_m"": 55.805866412895476, ""g_L"": 7.441007682724842, ""E_L"": -79.70572232801165, ""v_T"": -38.353273043447786, ""delta_T"": 10.363373738516861, ""v_reset"": -61.26806281075958}","{""C_m"": 200.0, ""g_L"": 12.0, ""E_L"": -70.0, ""v_T"": -50.0, ""delta_T"": 2.0, ""v_reset"": -58.0}",2026-04-28T18:27:26.681704+00:00,0.6269310155961066,0.5698740396593948,0.2156827184002588,0.46586907826208857,0.44017756518509793,0.09337322316455945
adaptation_089_grad_vanrossum,adaptation,89,grad_vanrossum,-0.12422360248447205,5,2,4.863620758056641,4.103432655334473,15.013933181762695,4.103432655334473,training,25,1.4879240989685059,True,"{""C_m"": 84.27564002358827, ""g_L"": 13.52039691400536, ""E_L"": -74.95825316021725, ""v_T"": -43.51840675027487, ""delta_T"": 2.407780704505733, ""v_reset"": -53.608665825163826}","{""C_m"": 91.43141174316406, ""g_L"": 13.525459289550781, ""E_L"": -75.95838928222656, ""v_T"": -42.933231353759766, ""delta_T"": 2.424437999725342, ""v_reset"": -53.5960807800293}","{""C_m"": 200.0, ""g_L"": 12.0, ""E_L"": -70.0, ""v_T"": -50.0, ""delta_T"": 2.0, ""v_reset"": -58.0}",2026-04-28T18:27:28.169745+00:00,0.47203734024711275,0.19068241119384766,0.13240865071614583,0.2826707458496094,0.022338842090807463,0.12582626342773437
adaptation_089_nm_guarino,adaptation,89,nm_guarino,-0.25,5,5,0.6937097311019897,0.47300824522972107,0.47300824522972107,0.47300824522972107,training,50,0.6025958061218262,False,"{""C_m"": 55.805866412895476, ""g_L"": 7.441007682724842, ""E_L"": -79.70572232801165, ""v_T"": -38.353273043447786, ""delta_T"": 10.363373738516861, ""v_reset"": -61.26806281075958}","{""C_m"": 58.14371873593163, ""g_L"": 7.266539493088834, ""E_L"": -78.63920243060429, ""v_T"": -37.50536488208577, ""delta_T"": 10.857608657835044, ""v_reset"": -63.19562462445424}","{""C_m"": 200.0, ""g_L"": 12.0, ""E_L"": -70.0, ""v_T"": -50.0, ""delta_T"": 2.0, ""v_reset"": -58.0}",2026-04-28T18:27:28.772454+00:00,0.6167664402785581,0.5916825633638958,0.19198227623565078,0.4997854047165691,0.4661899293597392,0.14844641784154972
adaptation_090_grad_guarino,adaptation,90,grad_guarino,-0.25,5,5,0.7432240843772888,1.0708749294281006,11.473094940185547,0.7432240843772888,warmstart,25,1.3156108856201172,True,"{""C_m"": 94.81600635483895, ""g_L"": 7.454973791111475, ""E_L"": -69.86306466465422, ""v_T"": -36.745726596796246, ""delta_T"": 3.832444430443584, ""v_reset"": -50.41668559398169}","{""C_m"": 94.81600635483895, ""g_L"": 7.454973791111475, ""E_L"": -69.86306466465422, ""v_T"": -36.745726596796246, ""delta_T"": 3.832444430443584, ""v_reset"": -50.41668559398169}","{""C_m"": 200.0, ""g_L"": 12.0, ""E_L"": -70.0, ""v_T"": -50.0, ""delta_T"": 2.0, ""v_reset"": -58.0}",2026-04-28T18:27:30.088181+00:00,0.4573217115007002,0.5681282761110656,0.0030430074521285,0.5301709361281501,0.09644444370755706,0.21666612588623743
adaptation_090_grad_vanrossum,adaptation,90,grad_vanrossum,0.2777777777777778,5,1,5.5423173904418945,5.601196765899658,7.318833351135254,5.5423173904418945,warmstart,25,1.4784808158874512,True,"{""C_m"": 36.77138069990921, ""g_L"": 10.323970909130704, ""E_L"": -105.25097450207824, ""v_T"": -42.678212992481946, ""delta_T"": 19.38576444364717, ""v_reset"": -50.12630852334156}","{""C_m"": 36.77138069990921, ""g_L"": 10.323970909130704, ""E_L"": -105.25097450207824, ""v_T"": -42.678212992481946, ""delta_T"": 19.38576444364717, ""v_reset"": -50.12630852334156}","{""C_m"": 200.0, ""g_L"": 12.0, ""E_L"": -70.0, ""v_T"": -50.0, ""delta_T"": 2.0, ""v_reset"": -58.0}",2026-04-28T18:27:31.566782+00:00,0.7096896491308295,0.20950363635866198,0.7833549889350719,0.2928714803007222,0.9150402338761667,0.22496261361881267
adaptation_090_nm_guarino,adaptation,90,nm_guarino,-0.25,5,5,0.7432240843772888,0.23879344761371613,0.23879344761371613,0.23879344761371613,training,50,0.6009671688079834,False,"{""C_m"": 94.81600635483895, ""g_L"": 7.454973791111475, ""E_L"": -69.86306466465422, ""v_T"": -36.745726596796246, ""delta_T"": 3.832444430443584, ""v_reset"": -50.41668559398169}","{""C_m"": 97.6802948820694, ""g_L"": 7.3062813004751455, ""E_L"": -70.08781266896341, ""v_T"": -36.18860472516724, ""delta_T"": 3.864928873907903, ""v_reset"": -52.632170275886416}","{""C_m"": 200.0, ""g_L"": 12.0, ""E_L"": -70.0, ""v_T"": -50.0, ""delta_T"": 2.0, ""v_reset"": -58.0}",2026-04-28T18:27:32.168205+00:00,0.4448682831214374,0.5867148374406068,0.0019513926436313038,0.5524558109933104,0.09815415125831067,0.1533665635461024
adaptation_091_grad_guarino,adaptation,91,grad_guarino,0.75,5,5,0.6110886931419373,0.6231963634490967,13.713981628417969,0.6110886931419373,warmstart,25,1.457176923751831,True,"{""C_m"": 109.91707016943143, ""g_L"": 12.009445834147332, ""E_L"": -78.29525564687857, ""v_T"": -54.31909584106291, ""delta_T"": 11.873536580371116, ""v_reset"": -69.89472553845069}","{""C_m"": 109.91707016943143, ""g_L"": 12.009445834147332, ""E_L"": -78.29525564687857, ""v_T"": -54.31909584106291, ""delta_T"": 11.873536580371116, ""v_reset"": -69.89472553845069}","{""C_m"": 200.0, ""g_L"": 12.0, ""E_L"": -70.0, ""v_T"": -50.0, ""delta_T"": 2.0, ""v_reset"": -58.0}",2026-04-28T18:27:33.625498+00:00,0.3916649123068199,0.0011807292684165027,0.1843390143750794,0.17276383364251643,0.5196598200195325,0.339849301098591
adaptation_091_grad_vanrossum,adaptation,91,grad_vanrossum,0.0,5,0,4.475459098815918,4.24225378036499,12.929677963256836,4.24225378036499,training,25,1.8277702331542969,True,"{""C_m"": 109.91707016943143, ""g_L"": 12.009445834147332, ""E_L"": -78.29525564687857, ""v_T"": -54.31909584106291, ""delta_T"": 11.873536580371116, ""v_reset"": -69.89472553845069}","{""C_m"": 239.9618682861328, ""g_L"": 12.158873558044434, ""E_L"": -109.36436462402344, ""v_T"": -36.94378662109375, ""delta_T"": 15.119041442871094, ""v_reset"": -71.02830505371094}","{""C_m"": 200.0, ""g_L"": 12.0, ""E_L"": -70.0, ""v_T"": -50.0, ""delta_T"": 2.0, ""v_reset"": -58.0}",2026-04-28T18:27:35.453394+00:00,0.17374725341796876,0.0198591947555542,0.8747636583116319,0.52224853515625,0.6904758654142681,0.37223728724888394
adaptation_091_nm_guarino,adaptation,91,nm_guarino,0.75,5,5,0.6110886931419373,0.33881816267967224,0.33881816267967224,0.33881816267967224,training,50,0.6120090484619141,False,"{""C_m"": 109.91707016943143, ""g_L"": 12.009445834147332, ""E_L"": -78.29525564687857, ""v_T"": -54.31909584106291, ""delta_T"": 11.873536580371116, ""v_reset"": -69.89472553845069}","{""C_m"": 109.37612557307139, ""g_L"": 13.048353980629585, ""E_L"": -79.94917057358575, ""v_T"": -54.45202747901274, ""delta_T"": 11.739384276336544, ""v_reset"": -63.9830541032654}","{""C_m"": 200.0, ""g_L"": 12.0, ""E_L"": -70.0, ""v_T"": -50.0, ""delta_T"": 2.0, ""v_reset"": -58.0}",2026-04-28T18:27:36.065522+00:00,0.39401684533447223,0.13104424757869815,0.22109267941301658,0.17808109916050965,0.5125991724387655,0.17094440295044008
adaptation_092_grad_guarino,adaptation,92,grad_guarino,0.31746031746031744,5,4,0.7463890314102173,0.6770095229148865,0.9786072373390198,0.6770095229148865,training,25,1.3439819812774658,True,"{""C_m"": 65.9592393972101, ""g_L"": 11.862136835035457, ""E_L"": -80.81216346362442, ""v_T"": -48.906450554143426, ""delta_T"": 13.540829687577418, ""v_reset"": -73.30179075322495}","{""C_m"": 68.22438049316406, ""g_L"": 11.86479377746582, ""E_L"": -81.09038543701172, ""v_T"": -48.733375549316406, ""delta_T"": 13.568328857421875, ""v_reset"": -73.30558776855469}","{""C_m"": 200.0, ""g_L"": 12.0, ""E_L"": -70.0, ""v_T"": -50.0, ""delta_T"": 2.0, ""v_reset"": -58.0}",2026-04-28T18:27:37.409622+00:00,0.572937476116678,0.01690077781677246,0.24645300971137152,0.05066497802734375,0.6088594135485197,0.43730250767299106
adaptation_092_grad_vanrossum,adaptation,92,grad_vanrossum,-0.17045454545454547,5,3,3.7837085723876953,6.873517990112305,1294064.125,3.7837085723876953,warmstart,25,1.4902160167694092,True,"{""C_m"": 172.53970076029876, ""g_L"": 11.037396570555513, ""E_L"": -93.14331993196228, ""v_T"": -59.24695257590839, ""delta_T"": 12.27439989092331, ""v_reset"": -59.90512712030134}","{""C_m"": 172.53970076029876, ""g_L"": 11.037396570555513, ""E_L"": -93.14331993196228, ""v_T"": -59.24695257590839, ""delta_T"": 12.27439989092331, ""v_reset"": -59.90512712030134}","{""C_m"": 200.0, ""g_L"": 12.0, ""E_L"": -70.0, ""v_T"": -50.0, ""delta_T"": 2.0, ""v_reset"": -58.0}",2026-04-28T18:27:38.900335+00:00,0.1193926053900054,0.12032542868056084,0.5142959984880507,0.3698781030363355,0.5407578889959637,0.05443220343718106
adaptation_092_nm_guarino,adaptation,92,nm_guarino,-0.25,5,5,0.7463890314102173,0.6866881847381592,0.6866881847381592,0.6866881847381592,training,50,0.6030597686767578,False,"{""C_m"": 65.9592393972101, ""g_L"": 11.862136835035457, ""E_L"": -80.81216346362442, ""v_T"": -48.906450554143426, ""delta_T"": 13.540829687577418, ""v_reset"": -73.30179075322495}","{""C_m"": 65.34850569908781, ""g_L"": 11.422798433737846, ""E_L"": -83.20659793662071, ""v_T"": -50.3555305705625, ""delta_T"": 13.942039456098229, ""v_reset"": -71.67286206981997}","{""C_m"": 200.0, ""g_L"": 12.0, ""E_L"": -70.0, ""v_T"": -50.0, ""delta_T"": 2.0, ""v_reset"": -58.0}",2026-04-28T18:27:39.503518+00:00,0.5854412795691835,0.07215019578276927,0.2934799541471269,0.014221222822500011,0.6285283924262226,0.3906532019948563
adaptation_093_grad_guarino,adaptation,93,grad_guarino,0.75,5,5,0.2629111111164093,0.2839370667934418,0.35711997747421265,0.2629111111164093,warmstart,25,1.325185775756836,True,"{""C_m"": 82.88326916971134, ""g_L"": 12.412020582923798, ""E_L"": -77.47739890642573, ""v_T"": -42.54607387573677, ""delta_T"": 18.513889925524396, ""v_reset"": -51.04143620614249}","{""C_m"": 82.88326916971134, ""g_L"": 12.412020582923798, ""E_L"": -77.47739890642573, ""v_T"": -42.54607387573677, ""delta_T"": 18.513889925524396, ""v_reset"": -51.04143620614249}","{""C_m"": 200.0, ""g_L"": 12.0, ""E_L"": -70.0, ""v_T"": -50.0, ""delta_T"": 2.0, ""v_reset"": -58.0}",2026-04-28T18:27:40.828816+00:00,0.5092031775229942,0.05150257286547477,0.1661644201427941,0.29815704497052936,0.8691521013433893,0.19881610839592878
adaptation_093_grad_vanrossum,adaptation,93,grad_vanrossum,0.39772727272727276,5,3,4.435066223144531,4.623001575469971,16.497695922851562,4.435066223144531,warmstart,25,1.491506814956665,True,"{""C_m"": 66.06025730033942, ""g_L"": 6.357228880593205, ""E_L"": -101.6596251434083, ""v_T"": -47.741607363399226, ""delta_T"": 1.8752578837247298, ""v_reset"": -63.232069472452146}","{""C_m"": 66.06025730033942, ""g_L"": 6.357228880593205, ""E_L"": -101.6596251434083, ""v_T"": -47.741607363399226, ""delta_T"": 1.8752578837247298, ""v_reset"": -63.232069472452146}","{""C_m"": 200.0, ""g_L"": 12.0, ""E_L"": -70.0, ""v_T"": -50.0, ""delta_T"": 2.0, ""v_reset"": -58.0}",2026-04-28T18:27:42.320435+00:00,0.5823467073898287,0.7053463899258494,0.7035472254090734,0.09033570546403098,0.006565374540803695,0.14948769921291846
adaptation_093_nm_guarino,adaptation,93,nm_guarino,0.5,5,5,0.2629111111164093,0.20481732487678528,0.20481732487678528,0.20481732487678528,training,50,0.6070888042449951,False,"{""C_m"": 82.88326916971134, ""g_L"": 12.412020582923798, ""E_L"": -77.47739890642573, ""v_T"": -42.54607387573677, ""delta_T"": 18.513889925524396, ""v_reset"": -51.04143620614249}","{""C_m"": 78.73910571122578, ""g_L"": 12.618887592639197, ""E_L"": -78.76868888819949, ""v_T"": -43.25517510699903, ""delta_T"": 18.82245475761647, ""v_reset"": -51.892126809578215}","{""C_m"": 200.0, ""g_L"": 12.0, ""E_L"": -70.0, ""v_T"": -50.0, ""delta_T"": 2.0, ""v_reset"": -58.0}",2026-04-28T18:27:42.927641+00:00,0.5272212795164096,0.07736094907989965,0.19485975307109982,0.2697929957200387,0.8853923556640247,0.17451066258347955
adaptation_094_grad_guarino,adaptation,94,grad_guarino,-0.25,5,5,0.6473255157470703,0.7774156928062439,22.735021591186523,0.6473255157470703,warmstart,25,1.328801155090332,True,"{""C_m"": 70.91113518512228, ""g_L"": 10.272834786513357, ""E_L"": -75.77424541326332, ""v_T"": -46.59014321375426, ""delta_T"": 7.815593498580065, ""v_reset"": -70.50330454695968}","{""C_m"": 70.91113518512228, ""g_L"": 10.272834786513357, ""E_L"": -75.77424541326332, ""v_T"": -46.59014321375426, ""delta_T"": 7.815593498580065, ""v_reset"": -70.50330454695968}","{""C_m"": 200.0, ""g_L"": 12.0, ""E_L"": -70.0, ""v_T"": -50.0, ""delta_T"": 2.0, ""v_reset"": -58.0}",2026-04-28T18:27:44.256555+00:00,0.5612559339777292,0.21589565168583036,0.1283165647391848,0.1363942714498296,0.30608386834631923,0.35723727277027667
adaptation_094_grad_vanrossum,adaptation,94,grad_vanrossum,0.5820105820105821,5,4,3.4834063053131104,3.836564064025879,33.979026794433594,3.4834063053131104,warmstart,25,1.4896020889282227,True,"{""C_m"": 89.78804250142643, ""g_L"": 11.994478473217136, ""E_L"": -73.89613994800983, ""v_T"": -45.49131636100504, ""delta_T"": 8.008096974673576, ""v_reset"": -58.08480728947755}","{""C_m"": 89.78804250142643, ""g_L"": 11.994478473217136, ""E_L"": -73.89613994800983, ""v_T"": -45.49131636100504, ""delta_T"": 8.008096974673576, ""v_reset"": -58.08480728947755}","{""C_m"": 200.0, ""g_L"": 12.0, ""E_L"": -70.0, ""v_T"": -50.0, ""delta_T"": 2.0, ""v_reset"": -58.0}",2026-04-28T18:27:45.746655+00:00,0.4791824239068416,0.000690190847858041,0.08658088773355183,0.1803473455597984,0.31621563024597765,0.002423065413644362
adaptation_094_nm_guarino,adaptation,94,nm_guarino,-0.25,5,5,0.6473255157470703,0.5105761289596558,0.5105761289596558,0.5105761289596558,training,50,0.6022839546203613,False,"{""C_m"": 70.91113518512228, ""g_L"": 10.272834786513357, ""E_L"": -75.77424541326332, ""v_T"": -46.59014321375426, ""delta_T"": 7.815593498580065, ""v_reset"": -70.50330454695968}","{""C_m"": 74.45669194437839, ""g_L"": 10.272834786513357, ""E_L"": -75.77424541326332, ""v_T"": -46.59014321375426, ""delta_T"": 7.815593498580065, ""v_reset"": -70.50330454695968}","{""C_m"": 200.0, ""g_L"": 12.0, ""E_L"": -70.0, ""v_T"": -50.0, ""delta_T"": 2.0, ""v_reset"": -58.0}",2026-04-28T18:27:46.349049+00:00,0.5458404698070505,0.21589565168583036,0.1283165647391848,0.1363942714498296,0.30608386834631923,0.35723727277027667
adaptation_095_grad_guarino,adaptation,95,grad_guarino,-0.25,5,5,0.6276977062225342,0.7718316912651062,13.16828727722168,0.6276977062225342,warmstart,25,1.3381590843200684,True,"{""C_m"": 84.79369385232384, ""g_L"": 12.689284398989574, ""E_L"": -75.54802676436647, ""v_T"": -49.403291069339, ""delta_T"": 8.175208618746431, ""v_reset"": -61.19633612251488}","{""C_m"": 84.79369385232384, ""g_L"": 12.689284398989574, ""E_L"": -75.54802676436647, ""v_T"": -49.403291069339, ""delta_T"": 8.175208618746431, ""v_reset"": -61.19633612251488}","{""C_m"": 200.0, ""g_L"": 12.0, ""E_L"": -70.0, ""v_T"": -50.0, ""delta_T"": 2.0, ""v_reset"": -58.0}",2026-04-28T18:27:47.687319+00:00,0.5008969832507659,0.08616054987369681,0.1232894836525882,0.02386835722644008,0.3250109799340227,0.09132388921471082
adaptation_095_grad_vanrossum,adaptation,95,grad_vanrossum,-0.17045454545454547,5,3,4.223537445068359,4.057150840759277,9.295297622680664,4.057150840759277,training,25,1.4895260334014893,True,"{""C_m"": 71.52359393588745, ""g_L"": 11.97535008130817, ""E_L"": -79.84258532048389, ""v_T"": -45.28218844134339, ""delta_T"": 6.77242872539042, ""v_reset"": -53.953073741798875}","{""C_m"": 78.61021423339844, ""g_L"": 12.020874977111816, ""E_L"": -81.14229583740234, ""v_T"": -44.73626708984375, ""delta_T"": 6.794147968292236, ""v_reset"": -53.9444580078125}","{""C_m"": 200.0, ""g_L"": 12.0, ""E_L"": -70.0, ""v_T"": -50.0, ""delta_T"": 2.0, ""v_reset"": -58.0}",2026-04-28T18:27:49.176957+00:00,0.5277816772460937,0.0026093721389770508,0.24760657416449652,0.21054931640625,0.25232357727853877,0.11587262834821428
adaptation_095_nm_guarino,adaptation,95,nm_guarino,-0.25,5,5,0.6276977062225342,0.43042492866516113,0.43042492866516113,0.43042492866516113,training,50,0.6004598140716553,False,"{""C_m"": 84.79369385232384, ""g_L"": 12.689284398989574, ""E_L"": -75.54802676436647, ""v_T"": -49.403291069339, ""delta_T"": 8.175208618746431, ""v_reset"": -61.19633612251488}","{""C_m"": 89.03337854494004, ""g_L"": 12.689284398989574, ""E_L"": -75.54802676436647, ""v_T"": -49.403291069339, ""delta_T"": 8.175208618746431, ""v_reset"": -61.19633612251488}","{""C_m"": 200.0, ""g_L"": 12.0, ""E_L"": -70.0, ""v_T"": -50.0, ""delta_T"": 2.0, ""v_reset"": -58.0}",2026-04-28T18:27:49.777530+00:00,0.482463571543739,0.08616054987369681,0.1232894836525882,0.02386835722644008,0.3250109799340227,0.09132388921471082
adaptation_096_grad_guarino,adaptation,96,grad_guarino,0.05291005291005289,5,4,1.0113849639892578,1.0450234413146973,13.030460357666016,1.0113849639892578,warmstart,25,1.3293330669403076,True,"{""C_m"": 104.27134874556303, ""g_L"": 10.903854186510216, ""E_L"": -74.9340812900749, ""v_T"": -47.04145146139945, ""delta_T"": 4.742188088169078, ""v_reset"": -74.1550964331421}","{""C_m"": 104.27134874556303, ""g_L"": 10.903854186510216, ""E_L"": -74.9340812900749, ""v_T"": -47.04145146139945, ""delta_T"": 4.742188088169078, ""v_reset"": -74.1550964331421}","{""C_m"": 200.0, ""g_L"": 12.0, ""E_L"": -70.0, ""v_T"": -50.0, ""delta_T"": 2.0, ""v_reset"": -58.0}",2026-04-28T18:27:51.106986+00:00,0.4162115271932042,0.137018226686223,0.10964625089055334,0.11834194154402213,0.1443256888510041,0.4615741838040602
adaptation_096_grad_vanrossum,adaptation,96,grad_vanrossum,0.19138755980861247,5,6,4.217939376831055,3.6964938640594482,15.529505729675293,3.6964938640594482,training,25,1.4922387599945068,True,"{""C_m"": 178.4598169852216, ""g_L"": 13.246939962302502, ""E_L"": -78.460808558641, ""v_T"": -50.12492380811057, ""delta_T"": 3.0165821674298323, ""v_reset"": -51.03413961727581}","{""C_m"": 159.3497772216797, ""g_L"": 13.184612274169922, ""E_L"": -71.6077880859375, ""v_T"": -53.77930450439453, ""delta_T"": 2.841705560684204, ""v_reset"": -51.00670623779297}","{""C_m"": 200.0, ""g_L"": 12.0, ""E_L"": -70.0, ""v_T"": -50.0, ""delta_T"": 2.0, ""v_reset"": -58.0}",2026-04-28T18:27:52.599477+00:00,0.17674009903617527,0.14807653427124023,0.03572862413194444,0.15117218017578124,0.04430029266758969,0.19980839320591517
adaptation_096_nm_guarino,adaptation,96,nm_guarino,0.05291005291005289,5,4,1.0113849639892578,0.955081045627594,0.955081045627594,0.955081045627594,training,50,0.6012880802154541,False,"{""C_m"": 104.27134874556303, ""g_L"": 10.903854186510216, ""E_L"": -74.9340812900749, ""v_T"": -47.04145146139945, ""delta_T"": 4.742188088169078, ""v_reset"": -74.1550964331421}","{""C_m"": 101.72434113625673, ""g_L"": 11.324340607757959, ""E_L"": -75.21667145422128, ""v_T"": -47.380922171426676, ""delta_T"": 4.6094605675868445, ""v_reset"": -73.7652072575571}","{""C_m"": 200.0, ""g_L"": 12.0, ""E_L"": -70.0, ""v_T"": -50.0, ""delta_T"": 2.0, ""v_reset"": -58.0}",2026-04-28T18:27:53.200874+00:00,0.42728547332062294,0.08445742403025513,0.11592603231602855,0.10476311314293298,0.13734002987299182,0.4504344930730598
adaptation_097_grad_guarino,adaptation,97,grad_guarino,0.5,5,5,0.41125571727752686,0.39820778369903564,0.3986545503139496,0.39820778369903564,training,25,1.3114171028137207,True,"{""C_m"": 89.12897863757578, ""g_L"": 9.632836878149377, ""E_L"": -77.61592467397196, ""v_T"": -43.59095340271267, ""delta_T"": 17.669558925828547, ""v_reset"": -60.177802756849104}","{""C_m"": 88.53565979003906, ""g_L"": 9.6297607421875, ""E_L"": -77.54302978515625, ""v_T"": -43.63215255737305, ""delta_T"": 17.670713424682617, ""v_reset"": -60.130470275878906}","{""C_m"": 200.0, ""g_L"": 12.0, ""E_L"": -70.0, ""v_T"": -50.0, ""delta_T"": 2.0, ""v_reset"": -58.0}",2026-04-28T18:27:54.512400+00:00,0.4846275661302649,0.2962799072265625,0.16762288411458334,0.25471389770507813,0.8247743907727694,0.060870579310825894
adaptation_097_grad_vanrossum,adaptation,97,grad_vanrossum,-0.21164021164021166,5,4,2.9074037075042725,5.593032360076904,9.65108871459961,2.9074037075042725,warmstart,25,1.5189082622528076,True,"{""C_m"": 186.53681746357273, ""g_L"": 7.2642917821219255, ""E_L"": -86.252769118341, ""v_T"": -52.67842642514439, ""delta_T"": 2.589814737830888, ""v_reset"": -56.972884504805705}","{""C_m"": 186.53681746357273, ""g_L"": 7.2642917821219255, ""E_L"": -86.252769118341, ""v_T"": -52.67842642514439, ""delta_T"": 2.589814737830888, ""v_reset"": -56.972884504805705}","{""C_m"": 200.0, ""g_L"": 12.0, ""E_L"": -70.0, ""v_T"": -50.0, ""delta_T"": 2.0, ""v_reset"": -58.0}",2026-04-28T18:27:56.031421+00:00,0.05853557624533595,0.5919635272347593,0.3611726470742446,0.10713705700577549,0.031042880938467788,0.029346157005551276
adaptation_097_nm_guarino,adaptation,97,nm_guarino,0.5,5,5,0.41125571727752686,0.3945819139480591,0.3945819139480591,0.3945819139480591,training,50,0.6003692150115967,False,"{""C_m"": 89.12897863757578, ""g_L"": 9.632836878149377, ""E_L"": -77.61592467397196, ""v_T"": -43.59095340271267, ""delta_T"": 17.669558925828547, ""v_reset"": -60.177802756849104}","{""C_m"": 90.08415030507376, ""g_L"": 9.55541245622495, ""E_L"": -78.44771399017964, ""v_T"": -44.05810610978905, ""delta_T"": 18.046385296096027, ""v_reset"": -58.887983596251345}","{""C_m"": 200.0, ""g_L"": 12.0, ""E_L"": -70.0, ""v_T"": -50.0, ""delta_T"": 2.0, ""v_reset"": -58.0}",2026-04-28T18:27:56.631908+00:00,0.4778949986735923,0.30557344297188127,0.18772697755954748,0.23767575560843796,0.8445465945313698,0.025370959892895582
adaptation_098_grad_guarino,adaptation,98,grad_guarino,0.5,5,5,0.5530179738998413,0.5302983522415161,0.6461233496665955,0.5302983522415161,training,25,1.486663818359375,True,"{""C_m"": 99.07623195468359, ""g_L"": 13.916061382153863, ""E_L"": -72.29436059325684, ""v_T"": -44.866289914405556, ""delta_T"": 14.72775814426369, ""v_reset"": -54.88973261298013}","{""C_m"": 98.46019744873047, ""g_L"": 13.9160795211792, ""E_L"": -72.31275177001953, ""v_T"": -44.87218475341797, ""delta_T"": 14.652874946594238, ""v_reset"": -54.947940826416016}","{""C_m"": 200.0, ""g_L"": 12.0, ""E_L"": -70.0, ""v_T"": -50.0, ""delta_T"": 2.0, ""v_reset"": -58.0}",2026-04-28T18:27:58.118686+00:00,0.44147740239682404,0.2395099401473999,0.051394483778211805,0.20511260986328125,0.6659407866628546,0.08720169067382813
adaptation_098_grad_vanrossum,adaptation,98,grad_vanrossum,0.0,5,0,5.051671028137207,4.567961692810059,16.69332504272461,4.567961692810059,training,25,1.8649508953094482,True,"{""C_m"": 57.40595037353785, ""g_L"": 10.183176715941475, ""E_L"": -94.26765111503455, ""v_T"": -50.91256282162974, ""delta_T"": 11.108389234072956, ""v_reset"": -58.53328220996649}","{""C_m"": 238.98190307617188, ""g_L"": 13.051514625549316, ""E_L"": -109.77188110351562, ""v_T"": -36.888648986816406, ""delta_T"": 10.14755630493164, ""v_reset"": -58.22162628173828}","{""C_m"": 200.0, ""g_L"": 12.0, ""E_L"": -70.0, ""v_T"": -50.0, ""delta_T"": 2.0, ""v_reset"": -58.0}",2026-04-28T18:27:59.983887+00:00,0.16948653511379075,0.13143932819366455,0.883819580078125,0.5244540405273438,0.42881875289113897,0.006332179478236607
adaptation_098_nm_guarino,adaptation,98,nm_guarino,0.75,5,5,0.5530179738998413,0.41284462809562683,0.41284462809562683,0.41284462809562683,training,50,0.6142909526824951,False,"{""C_m"": 99.07623195468359, ""g_L"": 13.916061382153863, ""E_L"": -72.29436059325684, ""v_T"": -44.866289914405556, ""delta_T"": 14.72775814426369, ""v_reset"": -54.88973261298013}","{""C_m"": 95.85392088690847, ""g_L"": 13.893515471267165, ""E_L"": -73.18095795337095, ""v_T"": -45.46864167406861, ""delta_T"": 14.529810688724307, ""v_reset"": -57.21910769852724}","{""C_m"": 200.0, ""g_L"": 12.0, ""E_L"": -70.0, ""v_T"": -50.0, ""delta_T"": 2.0, ""v_reset"": -58.0}",2026-04-28T18:28:00.598305+00:00,0.4528090396221371,0.23668943390839559,0.07068795451935443,0.18125433303725572,0.6594637204591741,0.02231120861350746
adaptation_099_grad_guarino,adaptation,99,grad_guarino,-0.21164021164021166,5,4,0.8127431273460388,0.6735783219337463,3.1808981895446777,0.6735783219337463,training,25,1.3299992084503174,True,"{""C_m"": 121.87973096535168, ""g_L"": 10.793358992788045, ""E_L"": -74.50727026105406, ""v_T"": -50.62578612833162, ""delta_T"": 10.720813215179612, ""v_reset"": -59.85431950748494}","{""C_m"": 146.8350067138672, ""g_L"": 10.798198699951172, ""E_L"": -76.01040649414062, ""v_T"": -49.04130935668945, ""delta_T"": 11.25263786315918, ""v_reset"": -59.92254638671875}","{""C_m"": 200.0, ""g_L"": 12.0, ""E_L"": -70.0, ""v_T"": -50.0, ""delta_T"": 2.0, ""v_reset"": -58.0}",2026-04-28T18:28:01.928422+00:00,0.23115214472231657,0.15022516250610352,0.13356458875868055,0.038347625732421876,0.48698094016627264,0.054929896763392855
adaptation_099_grad_vanrossum,adaptation,99,grad_vanrossum,-0.17045454545454547,5,3,3.7459819316864014,6.870343208312988,7.268653392791748,3.7459819316864014,warmstart,25,1.4988269805908203,True,"{""C_m"": 164.0417180751629, ""g_L"": 9.891976908799183, ""E_L"": -90.59585440494385, ""v_T"": -54.18511148823472, ""delta_T"": 10.170765672552017, ""v_reset"": -55.95667466404114}","{""C_m"": 164.0417180751629, ""g_L"": 9.891976908799183, ""E_L"": -90.59585440494385, ""v_T"": -54.18511148823472, ""delta_T"": 10.170765672552017, ""v_reset"": -55.95667466404114}","{""C_m"": 200.0, ""g_L"": 12.0, ""E_L"": -70.0, ""v_T"": -50.0, ""delta_T"": 2.0, ""v_reset"": -58.0}",2026-04-28T18:28:03.427368+00:00,0.15634035619494396,0.2635028864001021,0.45768565344319667,0.1674044595293887,0.4300402985553693,0.05838072388453891
adaptation_099_nm_guarino,adaptation,99,nm_guarino,0.25,5,5,0.8127431273460388,0.3623509407043457,0.3623509407043457,0.3623509407043457,training,50,0.6093790531158447,False,"{""C_m"": 121.87973096535168, ""g_L"": 10.793358992788045, ""E_L"": -74.50727026105406, ""v_T"": -50.62578612833162, ""delta_T"": 10.720813215179612, ""v_reset"": -59.85431950748494}","{""C_m"": 124.30793623542786, ""g_L"": 11.063957331190917, ""E_L"": -76.16598733150533, ""v_T"": -49.98062131788326, ""delta_T"": 10.604294467410186, ""v_reset"": -59.20036394273083}","{""C_m"": 200.0, ""g_L"": 12.0, ""E_L"": -70.0, ""v_T"": -50.0, ""delta_T"": 2.0, ""v_reset"": -58.0}",2026-04-28T18:28:04.036864+00:00,0.3290959294111832,0.11700533360113541,0.13702194070011856,0.0007751472846695151,0.45285760354790455,0.03429611264945233
initial_bursting_000_grad_guarino,initial_bursting,0,grad_guarino,-0.3888888888888889,7,7,0.6926523447036743,0.6834514141082764,0.8188223838806152,0.6834514141082764,training,25,1.4064929485321045,True,"{""C_m"": 99.6445938761943, ""g_L"": 11.597873432683508, ""E_L"": -87.21229224413153, ""v_T"": -53.117375318156704, ""delta_T"": 19.592799968624604, ""v_reset"": -62.29788455670611}","{""C_m"": 99.51136016845703, ""g_L"": 11.60830307006836, ""E_L"": -87.38790893554688, ""v_T"": -53.164363861083984, ""delta_T"": 19.591981887817383, ""v_reset"": -62.215267181396484}","{""C_m"": 200.0, ""g_L"": 10.0, ""E_L"": -70.0, ""v_T"": -50.0, ""delta_T"": 2.0, ""v_reset"": -58.0}",2026-04-28T18:28:05.628073+00:00,0.43690712970236073,0.20103788375854492,0.3863979763454861,0.12657455444335938,0.9258937835693359,0.1204362051827567
initial_bursting_000_grad_vanrossum,initial_bursting,0,grad_vanrossum,-0.3888888888888889,7,7,3.694098949432373,4.573985576629639,5.895153045654297,3.694098949432373,warmstart,25,1.5699779987335205,True,"{""C_m"": 99.6445938761943, ""g_L"": 11.597873432683508, ""E_L"": -87.21229224413153, ""v_T"": -53.117375318156704, ""delta_T"": 19.592799968624604, ""v_reset"": -62.29788455670611}","{""C_m"": 99.6445938761943, ""g_L"": 11.597873432683508, ""E_L"": -87.21229224413153, ""v_T"": -53.117375318156704, ""delta_T"": 19.592799968624604, ""v_reset"": -62.29788455670611}","{""C_m"": 200.0, ""g_L"": 10.0, ""E_L"": -70.0, ""v_T"": -50.0, ""delta_T"": 2.0, ""v_reset"": -58.0}",2026-04-28T18:28:07.198152+00:00,0.43632785271219865,0.19973417908543856,0.3824953832029229,0.12469501272626815,0.9259368404539265,0.12279670162017453
initial_bursting_000_nm_guarino,initial_bursting,0,nm_guarino,-0.3888888888888889,7,7,0.6926523447036743,0.4412521719932556,0.4412521719932556,0.4412521719932556,training,50,0.6118099689483643,False,"{""C_m"": 99.6445938761943, ""g_L"": 11.597873432683508, ""E_L"": -87.21229224413153, ""v_T"": -53.117375318156704, ""delta_T"": 19.592799968624604, ""v_reset"": -62.29788455670611}","{""C_m"": 101.02300120421509, ""g_L"": 11.641650635554992, ""E_L"": -88.68954127635904, ""v_T"": -53.10484766964386, ""delta_T"": 19.581924985673215, ""v_reset"": -63.073141146951286}","{""C_m"": 200.0, ""g_L"": 10.0, ""E_L"": -70.0, ""v_T"": -50.0, ""delta_T"": 2.0, ""v_reset"": -58.0}",2026-04-28T18:28:07.810072+00:00,0.4303347773729779,0.205206329444374,0.4153231394746453,0.1241939067857544,0.9253644729301692,0.1449468899128939
initial_bursting_001_grad_guarino,initial_bursting,1,grad_guarino,0.0,7,0,0.5856048464775085,0.5639576315879822,11.80055046081543,0.5639576315879822,training,25,1.3355331420898438,True,"{""C_m"": 45.910952162170275, ""g_L"": 13.218010413933161, ""E_L"": -88.59807193640135, ""v_T"": -52.94402070398657, ""delta_T"": 6.9541299813859245, ""v_reset"": -71.40668815655343}","{""C_m"": 240.0, ""g_L"": 14.0, ""E_L"": -110.0, ""v_T"": -35.0, ""delta_T"": 1.0, ""v_reset"": -51.996368408203125}","{""C_m"": 200.0, ""g_L"": 10.0, ""E_L"": -70.0, ""v_T"": -50.0, ""delta_T"": 2.0, ""v_reset"": -58.0}",2026-04-28T18:28:09.146482+00:00,0.17391304347826086,0.5,0.8888888888888888,0.6,0.05263157894736842,0.17153233119419642
initial_bursting_001_grad_vanrossum,initial_bursting,1,grad_vanrossum,0.26720647773279355,7,6,4.030280113220215,4.258311748504639,15.211405754089355,4.030280113220215,warmstart,25,1.4963719844818115,True,"{""C_m"": 195.96405863431167, ""g_L"": 9.459820599560885, ""E_L"": -69.08578191967823, ""v_T"": -49.2764101232466, ""delta_T"": 1.5065021646844008, ""v_reset"": -64.72786214720615}","{""C_m"": 195.96405863431167, ""g_L"": 9.459820599560885, ""E_L"": -69.08578191967823, ""v_T"": -49.2764101232466, ""delta_T"": 1.5065021646844008, ""v_reset"": -64.72786214720615}","{""C_m"": 200.0, ""g_L"": 10.0, ""E_L"": -70.0, ""v_T"": -50.0, ""delta_T"": 2.0, ""v_reset"": -58.0}",2026-04-28T18:28:10.642965+00:00,0.017547571155166655,0.06752242505488937,0.02031595734048387,0.028943595070136042,0.02597357027976838,0.19222463277731866
initial_bursting_001_nm_guarino,initial_bursting,1,nm_guarino,0.2063492063492063,7,7,0.5856048464775085,0.5209273099899292,0.5209273099899292,0.5209273099899292,training,50,0.6124117374420166,False,"{""C_m"": 45.910952162170275, ""g_L"": 13.218010413933161, ""E_L"": -88.59807193640135, ""v_T"": -52.94402070398657, ""delta_T"": 6.9541299813859245, ""v_reset"": -71.40668815655343}","{""C_m"": 47.03205501266102, ""g_L"": 12.980139992065236, ""E_L"": -88.3860730462791, ""v_T"": -52.76930465997997, ""delta_T"": 7.155244122083781, ""v_reset"": -70.79469636741713}","{""C_m"": 200.0, ""g_L"": 10.0, ""E_L"": -70.0, ""v_T"": -50.0, ""delta_T"": 2.0, ""v_reset"": -58.0}",2026-04-28T18:28:11.255490+00:00,0.6650780216840825,0.37251749900815456,0.4085794010284243,0.11077218639919892,0.27132863800440954,0.36556275335477517
initial_bursting_002_grad_guarino,initial_bursting,2,grad_guarino,0.0079365079365079,7,7,0.1556413322687149,0.4852176904678345,11.80685043334961,0.1556413322687149,warmstart,25,1.317234992980957,True,"{""C_m"": 94.07217623219843, ""g_L"": 8.655884958463536, ""E_L"": -95.67448466071427, ""v_T"": -55.13438618465333, ""delta_T"": 3.7021354146397654, ""v_reset"": -65.94255331603912}","{""C_m"": 94.07217623219843, ""g_L"": 8.655884958463536, ""E_L"": -95.67448466071427, ""v_T"": -55.13438618465333, ""delta_T"": 3.7021354146397654, ""v_reset"": -65.94255331603912}","{""C_m"": 200.0, ""g_L"": 10.0, ""E_L"": -70.0, ""v_T"": -50.0, ""delta_T"": 2.0, ""v_reset"": -58.0}",2026-04-28T18:28:12.572844+00:00,0.46055575551218075,0.16801438019205794,0.5705441035714283,0.2053754473861332,0.0895860744547245,0.22693009474397496
initial_bursting_002_grad_vanrossum,initial_bursting,2,grad_vanrossum,0.0079365079365079,7,7,3.6328463554382324,6.779051780700684,48892.2265625,3.6328463554382324,warmstart,3,1.3522939682006836,True,"{""C_m"": 94.07217623219843, ""g_L"": 8.655884958463536, ""E_L"": -95.67448466071427, ""v_T"": -55.13438618465333, ""delta_T"": 3.7021354146397654, ""v_reset"": -65.94255331603912}","{""C_m"": 94.07217623219843, ""g_L"": 8.655884958463536, ""E_L"": -95.67448466071427, ""v_T"": -55.13438618465333, ""delta_T"": 3.7021354146397654, ""v_reset"": -65.94255331603912}","{""C_m"": 200.0, ""g_L"": 10.0, ""E_L"": -70.0, ""v_T"": -50.0, ""delta_T"": 2.0, ""v_reset"": -58.0}",2026-04-28T18:28:13.925254+00:00,0.46055575551218075,0.16801438019205794,0.5705441035714283,0.2053754473861332,0.0895860744547245,0.22693009474397496
initial_bursting_002_nm_guarino,initial_bursting,2,nm_guarino,0.0079365079365079,7,7,0.1556413322687149,0.12933669984340668,0.12933669984340668,0.12933669984340668,training,50,0.6109533309936523,False,"{""C_m"": 94.07217623219843, ""g_L"": 8.655884958463536, ""E_L"": -95.67448466071427, ""v_T"": -55.13438618465333, ""delta_T"": 3.7021354146397654, ""v_reset"": -65.94255331603912}","{""C_m"": 94.07217623219843, ""g_L"": 8.655884958463536, ""E_L"": -95.67448466071427, ""v_T"": -55.13438618465333, ""delta_T"": 3.8872421853717536, ""v_reset"": -65.94255331603912}","{""C_m"": 200.0, ""g_L"": 10.0, ""E_L"": -70.0, ""v_T"": -50.0, ""delta_T"": 2.0, ""v_reset"": -58.0}",2026-04-28T18:28:14.536509+00:00,0.46055575551218075,0.16801438019205794,0.5705441035714283,0.2053754473861332,0.09932853607219756,0.22693009474397496
initial_bursting_003_grad_guarino,initial_bursting,3,grad_guarino,0.0079365079365079,7,7,0.38825559616088867,0.40282079577445984,11.810525894165039,0.38825559616088867,warmstart,25,1.3203980922698975,True,"{""C_m"": 21.738244160422788, ""g_L"": 12.090985988233653, ""E_L"": -97.44891134557368, ""v_T"": -49.74167363847087, ""delta_T"": 6.282532924263515, ""v_reset"": -51.01713896438704}","{""C_m"": 21.738244160422788, ""g_L"": 12.090985988233653, ""E_L"": -97.44891134557368, ""v_T"": -49.74167363847087, ""delta_T"": 6.282532924263515, ""v_reset"": -51.01713896438704}","{""C_m"": 200.0, ""g_L"": 10.0, ""E_L"": -70.0, ""v_T"": -50.0, ""delta_T"": 2.0, ""v_reset"": -58.0}",2026-04-28T18:28:15.857039+00:00,0.7750511123459879,0.2613732485292066,0.6099758076794151,0.010333054461165147,0.22539646969807975,0.19951031530322752
initial_bursting_003_grad_vanrossum,initial_bursting,3,grad_vanrossum,-0.19047619047619052,7,7,4.664977073669434,5.345456123352051,11.406974792480469,4.664977073669434,warmstart,25,1.5163609981536865,True,"{""C_m"": 59.43987295818356, ""g_L"": 12.453783157624024, ""E_L"": -94.28545267583407, ""v_T"": -49.5382932383904, ""delta_T"": 17.009701722924596, ""v_reset"": -59.85864610745793}","{""C_m"": 59.43987295818356, ""g_L"": 12.453783157624024, ""E_L"": -94.28545267583407, ""v_T"": -49.5382932383904, ""delta_T"": 17.009701722924596, ""v_reset"": -59.85864610745793}","{""C_m"": 200.0, ""g_L"": 10.0, ""E_L"": -70.0, ""v_T"": -50.0, ""delta_T"": 2.0, ""v_reset"": -58.0}",2026-04-28T18:28:17.373522+00:00,0.6111309871383322,0.30672289470300296,0.5396767261296459,0.01846827046438392,0.7899843012065577,0.05310417449879797
initial_bursting_003_nm_guarino,initial_bursting,3,nm_guarino,0.2063492063492063,7,7,0.38825559616088867,0.2799823582172394,0.2799823582172394,0.2799823582172394,training,50,0.6123940944671631,False,"{""C_m"": 21.738244160422788, ""g_L"": 12.090985988233653, ""E_L"": -97.44891134557368, ""v_T"": -49.74167363847087, ""delta_T"": 6.282532924263515, ""v_reset"": -51.01713896438704}","{""C_m"": 22.152980338345028, ""g_L"": 12.04389635913073, ""E_L"": -97.39547655053055, ""v_T"": -50.01757153066882, ""delta_T"": 6.417184946665955, ""v_reset"": -50.73639306481402}","{""C_m"": 200.0, ""g_L"": 10.0, ""E_L"": -70.0, ""v_T"": -50.0, ""delta_T"": 2.0, ""v_reset"": -58.0}",2026-04-28T18:28:17.986034+00:00,0.7732479115724129,0.25548704489134133,0.6087883677895677,0.0007028612267527024,0.23248341824557658,0.20753162671959952
initial_bursting_004_grad_guarino,initial_bursting,4,grad_guarino,0.6031746031746031,7,7,0.49469858407974243,0.5060105919837952,1400.6483154296875,0.49469858407974243,warmstart,25,1.3349740505218506,True,"{""C_m"": 97.41846445489696, ""g_L"": 10.526605794325661, ""E_L"": -82.00583227837848, ""v_T"": -58.978814838137694, ""delta_T"": 8.921643848543729, ""v_reset"": -77.94683391342662}","{""C_m"": 97.41846445489696, ""g_L"": 10.526605794325661, ""E_L"": -82.00583227837848, ""v_T"": -58.978814838137694, ""delta_T"": 8.921643848543729, ""v_reset"": -77.94683391342662}","{""C_m"": 200.0, ""g_L"": 10.0, ""E_L"": -70.0, ""v_T"": -50.0, ""delta_T"": 2.0, ""v_reset"": -58.0}",2026-04-28T18:28:19.321116+00:00,0.4460066762830567,0.06582572429070765,0.26679627285285507,0.35915259352550777,0.36429704466019625,0.5699095403836176
initial_bursting_004_grad_vanrossum,initial_bursting,4,grad_vanrossum,0.7372549019607844,7,8,5.00888729095459,5.377457618713379,6.284574508666992,5.00888729095459,warmstart,2,1.3461298942565918,True,"{""C_m"": 56.83444268100813, ""g_L"": 10.689591506534118, ""E_L"": -92.21955671492773, ""v_T"": -50.7665379759391, ""delta_T"": 16.898521141104478, ""v_reset"": -73.28538438731263}","{""C_m"": 56.83444268100813, ""g_L"": 10.689591506534118, ""E_L"": -92.21955671492773, ""v_T"": -50.7665379759391, ""delta_T"": 16.898521141104478, ""v_reset"": -73.28538438731263}","{""C_m"": 200.0, ""g_L"": 10.0, ""E_L"": -70.0, ""v_T"": -50.0, ""delta_T"": 2.0, ""v_reset"": -58.0}",2026-04-28T18:28:20.667382+00:00,0.6224589448651822,0.08619893831676473,0.49376792699839406,0.03066151903756406,0.7841326916370778,0.43672526820893237
initial_bursting_004_nm_guarino,initial_bursting,4,nm_guarino,-0.43921568627450985,7,8,0.49469858407974243,0.27729859948158264,0.27729859948158264,0.27729859948158264,training,50,0.6028809547424316,False,"{""C_m"": 97.41846445489696, ""g_L"": 10.526605794325661, ""E_L"": -82.00583227837848, ""v_T"": -58.978814838137694, ""delta_T"": 8.921643848543729, ""v_reset"": -77.94683391342662}","{""C_m"": 97.28145178954313, ""g_L"": 10.692770814458562, ""E_L"": -80.49972496029957, ""v_T"": -59.51373624063193, ""delta_T"": 9.07678907171515, ""v_reset"": -77.58584574829902}","{""C_m"": 200.0, ""g_L"": 10.0, ""E_L"": -70.0, ""v_T"": -50.0, ""delta_T"": 2.0, ""v_reset"": -58.0}",2026-04-28T18:28:21.270762+00:00,0.44660238352372555,0.08659635180732028,0.23332722133999054,0.38054944962527715,0.37246258272184996,0.5595955928085434
initial_bursting_005_grad_guarino,initial_bursting,5,grad_guarino,0.8015873015873016,7,7,0.19493012130260468,0.2937580645084381,1400.203125,0.19493012130260468,warmstart,10,1.4876117706298828,True,"{""C_m"": 138.11033819439845, ""g_L"": 9.258674322202864, ""E_L"": -70.22028304248924, ""v_T"": -48.926878788667274, ""delta_T"": 4.383686481210777, ""v_reset"": -61.73793303460606}","{""C_m"": 138.11033819439845, ""g_L"": 9.258674322202864, ""E_L"": -70.22028304248924, ""v_T"": -48.926878788667274, ""delta_T"": 4.383686481210777, ""v_reset"": -61.73793303460606}","{""C_m"": 200.0, ""g_L"": 10.0, ""E_L"": -70.0, ""v_T"": -50.0, ""delta_T"": 2.0, ""v_reset"": -58.0}",2026-04-28T18:28:22.758513+00:00,0.26908548611131106,0.09266570972464194,0.004895178721983169,0.04292484845330904,0.12545718322161983,0.10679808670303025
initial_bursting_005_grad_vanrossum,initial_bursting,5,grad_vanrossum,-0.07291666666666669,7,1,2.437791109085083,2.357605457305908,9.610358238220215,2.357605457305908,training,25,1.524186134338379,True,"{""C_m"": 138.11033819439845, ""g_L"": 9.258674322202864, ""E_L"": -70.22028304248924, ""v_T"": -48.926878788667274, ""delta_T"": 4.383686481210777, ""v_reset"": -61.73793303460606}","{""C_m"": 239.74549865722656, ""g_L"": 10.278888702392578, ""E_L"": -85.71371459960938, ""v_T"": -35.266883850097656, ""delta_T"": 15.437112808227539, ""v_reset"": -61.186580657958984}","{""C_m"": 200.0, ""g_L"": 10.0, ""E_L"": -70.0, ""v_T"": -50.0, ""delta_T"": 2.0, ""v_reset"": -58.0}",2026-04-28T18:28:24.282817+00:00,0.17280651590098506,0.034861087799072266,0.3491936577690972,0.5893246459960938,0.7072164635909232,0.09104516165597099
initial_bursting_005_nm_guarino,initial_bursting,5,nm_guarino,0.9999999999999999,7,7,0.19493012130260468,0.1767493337392807,0.1767493337392807,0.1767493337392807,training,50,0.9187238216400146,False,"{""C_m"": 138.11033819439845, ""g_L"": 9.258674322202864, ""E_L"": -70.22028304248924, ""v_T"": -48.926878788667274, ""delta_T"": 4.383686481210777, ""v_reset"": -61.73793303460606}","{""C_m"": 137.9848908174612, ""g_L"": 9.527408738505606, ""E_L"": -70.58074223977414, ""v_T"": -49.10648545791035, ""delta_T"": 4.406502318766036, ""v_reset"": -61.4803614800129}","{""C_m"": 200.0, ""g_L"": 10.0, ""E_L"": -70.0, ""v_T"": -50.0, ""delta_T"": 2.0, ""v_reset"": -58.0}",2026-04-28T18:28:25.201652+00:00,0.2696309094892991,0.05907390768679921,0.01290538310609198,0.035740581683585904,0.12665801677715982,0.09943889942894008
initial_bursting_006_grad_guarino,initial_bursting,6,grad_guarino,-0.1015625,7,9,0.5314092040061951,0.964187502861023,0.964187502861023,0.5314092040061951,warmstart,25,1.326052188873291,True,"{""C_m"": 110.62123366384466, ""g_L"": 11.374421316324007, ""E_L"": -67.6375538263923, ""v_T"": -52.79233955602062, ""delta_T"": 19.320813151884124, ""v_reset"": -64.73806765001565}","{""C_m"": 110.62123366384466, ""g_L"": 11.374421316324007, ""E_L"": -67.6375538263923, ""v_T"": -52.79233955602062, ""delta_T"": 19.320813151884124, ""v_reset"": -64.73806765001565}","{""C_m"": 200.0, ""g_L"": 10.0, ""E_L"": -70.0, ""v_T"": -50.0, ""delta_T"": 2.0, ""v_reset"": -58.0}",2026-04-28T18:28:26.527838+00:00,0.38860333189632756,0.17180266454050086,0.05249880385794875,0.11169358224082487,0.9116217448360066,0.19251621857187576
initial_bursting_006_grad_vanrossum,initial_bursting,6,grad_vanrossum,-0.1015625,7,9,5.91098690032959,5.588881492614746,6.691019535064697,5.588881492614746,training,2,1.3371577262878418,True,"{""C_m"": 32.37652230951864, ""g_L"": 11.619776794853205, ""E_L"": -96.37478805356155, ""v_T"": -42.88262100074652, ""delta_T"": 15.592339237801117, ""v_reset"": -60.48804678809325}","{""C_m"": 28.56406021118164, ""g_L"": 11.430158615112305, ""E_L"": -94.24990844726562, ""v_T"": -43.77027893066406, ""delta_T"": 15.738245964050293, ""v_reset"": -60.44499206542969}","{""C_m"": 200.0, ""g_L"": 10.0, ""E_L"": -70.0, ""v_T"": -50.0, ""delta_T"": 2.0, ""v_reset"": -58.0}",2026-04-28T18:28:27.865202+00:00,0.745373651255732,0.17876982688903809,0.5388868543836806,0.2491888427734375,0.7230655770552786,0.06985691615513392
initial_bursting_006_nm_guarino,initial_bursting,6,nm_guarino,-0.1015625,7,9,0.5314092040061951,0.42865824699401855,0.42865824699401855,0.42865824699401855,training,50,0.606036901473999,False,"{""C_m"": 110.62123366384466, ""g_L"": 11.374421316324007, ""E_L"": -67.6375538263923, ""v_T"": -52.79233955602062, ""delta_T"": 19.320813151884124, ""v_reset"": -64.73806765001565}","{""C_m"": 112.63935983985542, ""g_L"": 11.637745905156303, ""E_L"": -68.97102580663558, ""v_T"": -51.85020328133101, ""delta_T"": 19.506487098390295, ""v_reset"": -62.10998769088413}","{""C_m"": 200.0, ""g_L"": 10.0, ""E_L"": -70.0, ""v_T"": -50.0, ""delta_T"": 2.0, ""v_reset"": -58.0}",2026-04-28T18:28:28.471361+00:00,0.3798288702614982,0.20471823814453782,0.02286609318587599,0.07400813125324049,0.9213940578100155,0.11742821973954665
initial_bursting_007_grad_guarino,initial_bursting,7,grad_guarino,0.9999999999999999,7,7,0.3207651674747467,0.4204373061656952,20.952085494995117,0.3207651674747467,warmstart,25,1.3374152183532715,True,"{""C_m"": 92.8253141852725, ""g_L"": 9.622013341072488, ""E_L"": -72.75493612740384, ""v_T"": -41.114914458216525, ""delta_T"": 5.247282011611521, ""v_reset"": -55.54428904845192}","{""C_m"": 92.8253141852725, ""g_L"": 9.622013341072488, ""E_L"": -72.75493612740384, ""v_T"": -41.114914458216525, ""delta_T"": 5.247282011611521, ""v_reset"": -55.54428904845192}","{""C_m"": 200.0, ""g_L"": 10.0, ""E_L"": -70.0, ""v_T"": -50.0, ""delta_T"": 2.0, ""v_reset"": -58.0}",2026-04-28T18:28:29.808886+00:00,0.4659768948466413,0.04724833236593895,0.06122080283119639,0.355403421671339,0.17090957955850108,0.07016317004423078
initial_bursting_007_grad_vanrossum,initial_bursting,7,grad_vanrossum,0.8015873015873016,7,7,3.4623947143554688,3.996828317642212,44.39540481567383,3.4623947143554688,warmstart,25,1.509507656097412,True,"{""C_m"": 71.80481315171004, ""g_L"": 6.805871073848097, ""E_L"": -89.300810966218, ""v_T"": -39.0863351295988, ""delta_T"": 2.5548034839600815, ""v_reset"": -64.35481195243861}","{""C_m"": 71.80481315171004, ""g_L"": 6.805871073848097, ""E_L"": -89.300810966218, ""v_T"": -39.0863351295988, ""delta_T"": 2.5548034839600815, ""v_reset"": -64.35481195243861}","{""C_m"": 200.0, ""g_L"": 10.0, ""E_L"": -70.0, ""v_T"": -50.0, ""delta_T"": 2.0, ""v_reset"": -58.0}",2026-04-28T18:28:31.318506+00:00,0.5573703776012606,0.39926611576898785,0.4289069103603999,0.43654659481604796,0.02920018336632008,0.18156605578396026
initial_bursting_007_nm_guarino,initial_bursting,7,nm_guarino,0.8015873015873016,7,7,0.3207651674747467,0.2505800127983093,0.2505800127983093,0.2505800127983093,training,50,0.6039600372314453,False,"{""C_m"": 92.8253141852725, ""g_L"": 9.622013341072488, ""E_L"": -72.75493612740384, ""v_T"": -41.114914458216525, ""delta_T"": 5.247282011611521, ""v_reset"": -55.54428904845192}","{""C_m"": 93.50680252184307, ""g_L"": 10.142141395602984, ""E_L"": -71.16751508032198, ""v_T"": -41.99072915823451, ""delta_T"": 5.01500804343959, ""v_reset"": -58.02040690485252}","{""C_m"": 200.0, ""g_L"": 10.0, ""E_L"": -70.0, ""v_T"": -50.0, ""delta_T"": 2.0, ""v_reset"": -58.0}",2026-04-28T18:28:31.922593+00:00,0.46301390207894316,0.017767674450372972,0.025944779562710588,0.3203708336706197,0.15868463386524156,0.0005830544243577508
initial_bursting_008_grad_guarino,initial_bursting,8,grad_guarino,-0.19047619047619052,7,7,0.6081889271736145,0.6196191310882568,0.6353869438171387,0.6081889271736145,warmstart,25,1.3644509315490723,True,"{""C_m"": 135.96511281325957, ""g_L"": 8.436754455973167, ""E_L"": -82.74304764639334, ""v_T"": -59.95794787325502, ""delta_T"": 18.380322839089402, ""v_reset"": -63.48170326124404}","{""C_m"": 135.96511281325957, ""g_L"": 8.436754455973167, ""E_L"": -82.74304764639334, ""v_T"": -59.95794787325502, ""delta_T"": 18.380322839089402, ""v_reset"": -63.48170326124404}","{""C_m"": 200.0, ""g_L"": 10.0, ""E_L"": -70.0, ""v_T"": -50.0, ""delta_T"": 2.0, ""v_reset"": -58.0}",2026-04-28T18:28:33.287174+00:00,0.27841255298582795,0.1954056930033541,0.2831788365865186,0.3983179149302009,0.8621222546889159,0.15662009317840123
initial_bursting_008_grad_vanrossum,initial_bursting,8,grad_vanrossum,-0.19047619047619052,7,7,3.7005221843719482,4.441548824310303,42.062076568603516,3.7005221843719482,warmstart,25,1.5087573528289795,True,"{""C_m"": 135.96511281325957, ""g_L"": 8.436754455973167, ""E_L"": -82.74304764639334, ""v_T"": -59.95794787325502, ""delta_T"": 18.380322839089402, ""v_reset"": -63.48170326124404}","{""C_m"": 135.96511281325957, ""g_L"": 8.436754455973167, ""E_L"": -82.74304764639334, ""v_T"": -59.95794787325502, ""delta_T"": 18.380322839089402, ""v_reset"": -63.48170326124404}","{""C_m"": 200.0, ""g_L"": 10.0, ""E_L"": -70.0, ""v_T"": -50.0, ""delta_T"": 2.0, ""v_reset"": -58.0}",2026-04-28T18:28:34.796231+00:00,0.27841255298582795,0.1954056930033541,0.2831788365865186,0.3983179149302009,0.8621222546889159,0.15662009317840123
initial_bursting_008_nm_guarino,initial_bursting,8,nm_guarino,-0.3888888888888889,7,7,0.6081889271736145,0.41820964217185974,0.41820964217185974,0.41820964217185974,training,50,0.6075620651245117,False,"{""C_m"": 135.96511281325957, ""g_L"": 8.436754455973167, ""E_L"": -82.74304764639334, ""v_T"": -59.95794787325502, ""delta_T"": 18.380322839089402, ""v_reset"": -63.48170326124404}","{""C_m"": 142.76336845392254, ""g_L"": 8.436754455973167, ""E_L"": -82.74304764639334, ""v_T"": -59.95794787325502, ""delta_T"": 18.380322839089402, ""v_reset"": -63.48170326124404}","{""C_m"": 200.0, ""g_L"": 10.0, ""E_L"": -70.0, ""v_T"": -50.0, ""delta_T"": 2.0, ""v_reset"": -58.0}",2026-04-28T18:28:35.403906+00:00,0.24885491976555418,0.1954056930033541,0.2831788365865186,0.3983179149302009,0.8621222546889159,0.15662009317840123
initial_bursting_009_grad_guarino,initial_bursting,9,grad_guarino,-0.43921568627450985,7,8,0.26261085271835327,1.204238772392273,1400.71630859375,0.26261085271835327,warmstart,25,1.3240091800689697,True,"{""C_m"": 193.50878448657096, ""g_L"": 10.872324782634418, ""E_L"": -65.79167634692986, ""v_T"": -55.718968830753056, ""delta_T"": 2.642488707215874, ""v_reset"": -66.76701167503774}","{""C_m"": 193.50878448657096, ""g_L"": 10.872324782634418, ""E_L"": -65.79167634692986, ""v_T"": -55.718968830753056, ""delta_T"": 2.642488707215874, ""v_reset"": -66.76701167503774}","{""C_m"": 200.0, ""g_L"": 10.0, ""E_L"": -70.0, ""v_T"": -50.0, ""delta_T"": 2.0, ""v_reset"": -58.0}",2026-04-28T18:28:36.728045+00:00,0.028222676145343652,0.10904059782930231,0.09351830340155863,0.22875875323012224,0.03381519511662495,0.25048604785822104
initial_bursting_009_grad_vanrossum,initial_bursting,9,grad_vanrossum,-0.43921568627450985,7,8,4.346678733825684,6.245173931121826,8.170866966247559,4.346678733825684,warmstart,25,1.5000722408294678,True,"{""C_m"": 193.50878448657096, ""g_L"": 10.872324782634418, ""E_L"": -65.79167634692986, ""v_T"": -55.718968830753056, ""delta_T"": 2.642488707215874, ""v_reset"": -66.76701167503774}","{""C_m"": 193.50878448657096, ""g_L"": 10.872324782634418, ""E_L"": -65.79167634692986, ""v_T"": -55.718968830753056, ""delta_T"": 2.642488707215874, ""v_reset"": -66.76701167503774}","{""C_m"": 200.0, ""g_L"": 10.0, ""E_L"": -70.0, ""v_T"": -50.0, ""delta_T"": 2.0, ""v_reset"": -58.0}",2026-04-28T18:28:38.228227+00:00,0.028222676145343652,0.10904059782930231,0.09351830340155863,0.22875875323012224,0.03381519511662495,0.25048604785822104
initial_bursting_009_nm_guarino,initial_bursting,9,nm_guarino,-0.43921568627450985,7,8,0.26261085271835327,0.12336541712284088,0.12336541712284088,0.12336541712284088,training,50,0.60306715965271,False,"{""C_m"": 193.50878448657096, ""g_L"": 10.872324782634418, ""E_L"": -65.79167634692986, ""v_T"": -55.718968830753056, ""delta_T"": 2.642488707215874, ""v_reset"": -66.76701167503774}","{""C_m"": 194.42139131532429, ""g_L"": 10.817958740529406, ""E_L"": -67.58315232596507, ""v_T"": -54.967308927691676, ""delta_T"": 2.777288389042867, ""v_reset"": -64.10427459370477}","{""C_m"": 200.0, ""g_L"": 10.0, ""E_L"": -70.0, ""v_T"": -50.0, ""delta_T"": 2.0, ""v_reset"": -58.0}",2026-04-28T18:28:38.831405+00:00,0.02425482036815528,0.10224484256617572,0.05370772608966503,0.19869235710766703,0.04090991521278246,0.17440784553442207
initial_bursting_010_grad_guarino,initial_bursting,10,grad_guarino,-0.3888888888888889,7,7,0.20094266533851624,0.4629689157009125,1400.71630859375,0.20094266533851624,warmstart,25,1.336211919784546,True,"{""C_m"": 135.35942570413116, ""g_L"": 10.937480280743259, ""E_L"": -67.39404153715061, ""v_T"": -45.081128582851605, ""delta_T"": 2.4378919522887594, ""v_reset"": -57.50929723396353}","{""C_m"": 135.35942570413116, ""g_L"": 10.937480280743259, ""E_L"": -67.39404153715061, ""v_T"": -45.081128582851605, ""delta_T"": 2.4378919522887594, ""v_reset"": -57.50929723396353}","{""C_m"": 200.0, ""g_L"": 10.0, ""E_L"": -70.0, ""v_T"": -50.0, ""delta_T"": 2.0, ""v_reset"": -58.0}",2026-04-28T18:28:40.167734+00:00,0.28104597519942975,0.11718503509290734,0.057910188063319705,0.19675485668593581,0.023046944857303128,0.014020079029613441
initial_bursting_010_grad_vanrossum,initial_bursting,10,grad_vanrossum,-0.3888888888888889,7,7,2.990968942642212,5.156079292297363,1292156.0,2.990968942642212,warmstart,25,1.4804811477661133,True,"{""C_m"": 135.35942570413116, ""g_L"": 10.937480280743259, ""E_L"": -67.39404153715061, ""v_T"": -45.081128582851605, ""delta_T"": 2.4378919522887594, ""v_reset"": -57.50929723396353}","{""C_m"": 135.35942570413116, ""g_L"": 10.937480280743259, ""E_L"": -67.39404153715061, ""v_T"": -45.081128582851605, ""delta_T"": 2.4378919522887594, ""v_reset"": -57.50929723396353}","{""C_m"": 200.0, ""g_L"": 10.0, ""E_L"": -70.0, ""v_T"": -50.0, ""delta_T"": 2.0, ""v_reset"": -58.0}",2026-04-28T18:28:41.648471+00:00,0.28104597519942975,0.11718503509290734,0.057910188063319705,0.19675485668593581,0.023046944857303128,0.014020079029613441
initial_bursting_010_nm_guarino,initial_bursting,10,nm_guarino,-0.3888888888888889,7,7,0.20094266533851624,0.07560185343027115,0.07560185343027115,0.07560185343027115,training,50,0.603175163269043,False,"{""C_m"": 135.35942570413116, ""g_L"": 10.937480280743259, ""E_L"": -67.39404153715061, ""v_T"": -45.081128582851605, ""delta_T"": 2.4378919522887594, ""v_reset"": -57.50929723396353}","{""C_m"": 135.04996167164742, ""g_L"": 11.312183795579276, ""E_L"": -65.89302994524796, ""v_T"": -45.58714452453688, ""delta_T"": 2.4654899986058614, ""v_reset"": -58.56440221057311}","{""C_m"": 200.0, ""g_L"": 10.0, ""E_L"": -70.0, ""v_T"": -50.0, ""delta_T"": 2.0, ""v_reset"": -58.0}",2026-04-28T18:28:42.251759+00:00,0.2823914709928373,0.16402297444740954,0.091266001216712,0.17651421901852474,0.02449947361083481,0.016125777444945907
initial_bursting_011_grad_guarino,initial_bursting,11,grad_guarino,0.19047619047619044,7,4,0.615794837474823,0.5522854328155518,11.800838470458984,0.5522854328155518,training,25,1.3273310661315918,True,"{""C_m"": 59.83039832469599, ""g_L"": 11.37778658227452, ""E_L"": -88.85326023360513, ""v_T"": -51.90416157658986, ""delta_T"": 3.745242785223581, ""v_reset"": -69.33321437972322}","{""C_m"": 78.24821472167969, ""g_L"": 11.605989456176758, ""E_L"": -93.12168884277344, ""v_T"": -50.60105514526367, ""delta_T"": 3.845574378967285, ""v_reset"": -69.2668228149414}","{""C_m"": 200.0, ""g_L"": 10.0, ""E_L"": -70.0, ""v_T"": -50.0, ""delta_T"": 2.0, ""v_reset"": -58.0}",2026-04-28T18:28:43.579197+00:00,0.5293555881666101,0.20074868202209473,0.5138153076171875,0.024042205810546877,0.09713549362985711,0.3219092232840402
initial_bursting_011_grad_vanrossum,initial_bursting,11,grad_vanrossum,0.2063492063492063,7,7,4.66337776184082,5.650539875030518,11.576786041259766,4.66337776184082,warmstart,25,1.4896421432495117,True,"{""C_m"": 59.83039832469599, ""g_L"": 11.37778658227452, ""E_L"": -88.85326023360513, ""v_T"": -51.90416157658986, ""delta_T"": 3.745242785223581, ""v_reset"": -69.33321437972322}","{""C_m"": 59.83039832469599, ""g_L"": 11.37778658227452, ""E_L"": -88.85326023360513, ""v_T"": -51.90416157658986, ""delta_T"": 3.745242785223581, ""v_reset"": -69.33321437972322}","{""C_m"": 200.0, ""g_L"": 10.0, ""E_L"": -70.0, ""v_T"": -50.0, ""delta_T"": 2.0, ""v_reset"": -58.0}",2026-04-28T18:28:45.068963+00:00,0.6094330507621915,0.17222332278431507,0.41896133852455836,0.07616646306359427,0.09185488343282006,0.32380612513494905
initial_bursting_011_nm_guarino,initial_bursting,11,nm_guarino,0.8015873015873016,7,7,0.615794837474823,0.3405454754829407,0.3405454754829407,0.3405454754829407,training,50,0.604949951171875,False,"{""C_m"": 59.83039832469599, ""g_L"": 11.37778658227452, ""E_L"": -88.85326023360513, ""v_T"": -51.90416157658986, ""delta_T"": 3.745242785223581, ""v_reset"": -69.33321437972322}","{""C_m"": 62.74807075056634, ""g_L"": 11.062925273795553, ""E_L"": -91.63067008326044, ""v_T"": -52.81591021322012, ""delta_T"": 3.8996687760262274, ""v_reset"": -64.44546233494525}","{""C_m"": 200.0, ""g_L"": 10.0, ""E_L"": -70.0, ""v_T"": -50.0, ""delta_T"": 2.0, ""v_reset"": -58.0}",2026-04-28T18:28:45.674032+00:00,0.5967475184757985,0.13286565922444415,0.48068155740578755,0.11263640852880485,0.09998256715927513,0.18415606671272136
initial_bursting_012_grad_guarino,initial_bursting,12,grad_guarino,0.6031746031746031,7,7,0.37504810094833374,0.32930395007133484,11.671269416809082,0.32930395007133484,training,25,1.3247911930084229,True,"{""C_m"": 65.45334384362123, ""g_L"": 10.745951859231745, ""E_L"": -81.91918949032446, ""v_T"": -43.475862463684045, ""delta_T"": 1.4745251791325908, ""v_reset"": -60.12461041433128}","{""C_m"": 65.4564437866211, ""g_L"": 10.746292114257812, ""E_L"": -81.92131042480469, ""v_T"": -43.47346496582031, ""delta_T"": 1.4745436906814575, ""v_reset"": -60.12580871582031}","{""C_m"": 200.0, ""g_L"": 10.0, ""E_L"": -70.0, ""v_T"": -50.0, ""delta_T"": 2.0, ""v_reset"": -58.0}",2026-04-28T18:28:46.998945+00:00,0.58497198353643,0.09328651428222656,0.2649180094401042,0.2610614013671875,0.027655595227291708,0.06073739188058036
initial_bursting_012_grad_vanrossum,initial_bursting,12,grad_vanrossum,-0.04705882352941181,7,8,3.662578582763672,3.531285524368286,16.862579345703125,3.531285524368286,training,25,1.6587469577789307,True,"{""C_m"": 65.45334384362123, ""g_L"": 10.745951859231745, ""E_L"": -81.91918949032446, ""v_T"": -43.475862463684045, ""delta_T"": 1.4745251791325908, ""v_reset"": -60.12461041433128}","{""C_m"": 61.81543731689453, ""g_L"": 10.484182357788086, ""E_L"": -80.26577758789062, ""v_T"": -44.504581451416016, ""delta_T"": 1.468719720840454, ""v_reset"": -59.251190185546875}","{""C_m"": 200.0, ""g_L"": 10.0, ""E_L"": -70.0, ""v_T"": -50.0, ""delta_T"": 2.0, ""v_reset"": -58.0}",2026-04-28T18:28:48.658141+00:00,0.6008024464482846,0.06052279472351074,0.2281283908420139,0.21981674194335937,0.027962119955765575,0.035748291015625
initial_bursting_012_nm_guarino,initial_bursting,12,nm_guarino,0.6031746031746031,7,7,0.37504810094833374,0.29845869541168213,0.29845869541168213,0.29845869541168213,training,50,0.6134450435638428,False,"{""C_m"": 65.45334384362123, ""g_L"": 10.745951859231745, ""E_L"": -81.91918949032446, ""v_T"": -43.475862463684045, ""delta_T"": 1.4745251791325908, ""v_reset"": -60.12461041433128}","{""C_m"": 68.51845062729905, ""g_L"": 10.836303400515739, ""E_L"": -82.54335890439319, ""v_T"": -44.060120499419924, ""delta_T"": 1.515733984303799, ""v_reset"": -57.54937598274752}","{""C_m"": 200.0, ""g_L"": 10.0, ""E_L"": -70.0, ""v_T"": -50.0, ""delta_T"": 2.0, ""v_reset"": -58.0}",2026-04-28T18:28:49.271708+00:00,0.5716589103160911,0.10453792506446735,0.2787413089865153,0.23759518002320307,0.02548768503664216,0.012874971921499423
initial_bursting_013_grad_guarino,initial_bursting,13,grad_guarino,-0.43921568627450985,7,8,0.4142226576805115,0.7213698029518127,20.951810836791992,0.4142226576805115,warmstart,25,1.7534210681915283,True,"{""C_m"": 95.26097061761014, ""g_L"": 12.998948363400949, ""E_L"": -79.18086233019241, ""v_T"": -53.55339989627606, ""delta_T"": 6.89086846284594, ""v_reset"": -64.1487781569629}","{""C_m"": 95.26097061761014, ""g_L"": 12.998948363400949, ""E_L"": -79.18086233019241, ""v_T"": -53.55339989627606, ""delta_T"": 6.89086846284594, ""v_reset"": -64.1487781569629}","{""C_m"": 200.0, ""g_L"": 10.0, ""E_L"": -70.0, ""v_T"": -50.0, ""delta_T"": 2.0, ""v_reset"": -58.0}",2026-04-28T18:28:51.025238+00:00,0.45538708427126023,0.3748685454251186,0.2040191628931647,0.14213599585104247,0.2574141296234705,0.17567937591322585
initial_bursting_013_grad_vanrossum,initial_bursting,13,grad_vanrossum,0.40476190476190477,7,7,4.0990071296691895,4.608119964599609,19.656829833984375,4.0990071296691895,warmstart,25,1.5154550075531006,True,"{""C_m"": 31.2067079286116, ""g_L"": 11.169301814753904, ""E_L"": -102.48982659686487, ""v_T"": -48.691015199465575, ""delta_T"": 14.735471265305007, ""v_reset"": -66.98417167140165}","{""C_m"": 31.2067079286116, ""g_L"": 11.169301814753904, ""E_L"": -102.48982659686487, ""v_T"": -48.691015199465575, ""delta_T"": 14.735471265305007, ""v_reset"": -66.98417167140165}","{""C_m"": 200.0, ""g_L"": 10.0, ""E_L"": -70.0, ""v_T"": -50.0, ""delta_T"": 2.0, ""v_reset"": -58.0}",2026-04-28T18:28:52.540829+00:00,0.7338838785712539,0.14616272684423803,0.7219961465969972,0.052359392021377,0.6702879613318424,0.2566906191829044
initial_bursting_013_nm_guarino,initial_bursting,13,nm_guarino,0.9999999999999999,7,7,0.4142226576805115,0.09733091294765472,0.09733091294765472,0.09733091294765472,training,50,0.603339672088623,False,"{""C_m"": 95.26097061761014, ""g_L"": 12.998948363400949, ""E_L"": -79.18086233019241, ""v_T"": -53.55339989627606, ""delta_T"": 6.89086846284594, ""v_reset"": -64.1487781569629}","{""C_m"": 100.02401914849065, ""g_L"": 12.998948363400949, ""E_L"": -79.18086233019241, ""v_T"": -53.55339989627606, ""delta_T"": 6.89086846284594, ""v_reset"": -64.1487781569629}","{""C_m"": 200.0, ""g_L"": 10.0, ""E_L"": -70.0, ""v_T"": -50.0, ""delta_T"": 2.0, ""v_reset"": -58.0}",2026-04-28T18:28:53.144283+00:00,0.434678177615258,0.3748685454251186,0.2040191628931647,0.14213599585104247,0.2574141296234705,0.17567937591322585
initial_bursting_014_grad_guarino,initial_bursting,14,grad_guarino,0.14901960784313723,7,8,0.4130097031593323,0.6147735714912415,8.82102108001709,0.4130097031593323,warmstart,25,1.3253540992736816,True,"{""C_m"": 119.83174836399728, ""g_L"": 9.18815489791829, ""E_L"": -76.41098398261627, ""v_T"": -54.856678387058615, ""delta_T"": 13.921227258408056, ""v_reset"": -60.06655546951159}","{""C_m"": 119.83174836399728, ""g_L"": 9.18815489791829, ""E_L"": -76.41098398261627, ""v_T"": -54.856678387058615, ""delta_T"": 13.921227258408056, ""v_reset"": -60.06655546951159}","{""C_m"": 200.0, ""g_L"": 10.0, ""E_L"": -70.0, ""v_T"": -50.0, ""delta_T"": 2.0, ""v_reset"": -58.0}",2026-04-28T18:28:54.470084+00:00,0.3485576158087075,0.10148063776021377,0.14246631072480606,0.1942671354823446,0.627433013600424,0.05904444198604547
initial_bursting_014_grad_vanrossum,initial_bursting,14,grad_vanrossum,0.09375,7,9,5.130221366882324,5.373324394226074,44.44615173339844,5.130221366882324,warmstart,25,1.5117979049682617,True,"{""C_m"": 56.64319358835275, ""g_L"": 10.620835321990398, ""E_L"": -80.25640142451844, ""v_T"": -46.96846225187497, ""delta_T"": 1.2227695848930829, ""v_reset"": -64.83598584544873}","{""C_m"": 56.64319358835275, ""g_L"": 10.620835321990398, ""E_L"": -80.25640142451844, ""v_T"": -46.96846225187497, ""delta_T"": 1.2227695848930829, ""v_reset"": -64.83598584544873}","{""C_m"": 200.0, ""g_L"": 10.0, ""E_L"": -70.0, ""v_T"": -50.0, ""delta_T"": 2.0, ""v_reset"": -58.0}",2026-04-28T18:28:55.982012+00:00,0.6232904626593359,0.0776044152487998,0.22792003165596542,0.12126150992500129,0.04090686395299564,0.19531388129853522
initial_bursting_014_nm_guarino,initial_bursting,14,nm_guarino,0.14901960784313723,7,8,0.4130097031593323,0.4130097031593323,0.4130097031593323,0.4130097031593323,warmstart,50,0.6078882217407227,False,"{""C_m"": 119.83174836399728, ""g_L"": 9.18815489791829, ""E_L"": -76.41098398261627, ""v_T"": -54.856678387058615, ""delta_T"": 13.921227258408056, ""v_reset"": -60.06655546951159}","{""C_m"": 119.83174836399728, ""g_L"": 9.18815489791829, ""E_L"": -76.41098398261627, ""v_T"": -54.856678387058615, ""delta_T"": 13.921227258408056, ""v_reset"": -60.06655546951159}","{""C_m"": 200.0, ""g_L"": 10.0, ""E_L"": -70.0, ""v_T"": -50.0, ""delta_T"": 2.0, ""v_reset"": -58.0}",2026-04-28T18:28:56.590020+00:00,0.3485576158087075,0.10148063776021377,0.14246631072480606,0.1942671354823446,0.627433013600424,0.05904444198604547
initial_bursting_015_grad_guarino,initial_bursting,15,grad_guarino,-0.08333333333333337,7,5,0.4669394791126251,0.45413917303085327,11.707289695739746,0.45413917303085327,training,25,1.3267018795013428,True,"{""C_m"": 70.06647832281807, ""g_L"": 7.720712481470707, ""E_L"": -94.00196674197491, ""v_T"": -47.2390830931487, ""delta_T"": 1.2405315801823034, ""v_reset"": -75.88649742228651}","{""C_m"": 91.70256805419922, ""g_L"": 7.88875675201416, ""E_L"": -96.16134643554688, ""v_T"": -45.93034362792969, ""delta_T"": 1.2442843914031982, ""v_reset"": -75.88601684570312}","{""C_m"": 200.0, ""g_L"": 10.0, ""E_L"": -70.0, ""v_T"": -50.0, ""delta_T"": 2.0, ""v_reset"": -58.0}",2026-04-28T18:28:57.916837+00:00,0.47085839976435123,0.26390540599823,0.5813632541232638,0.1627862548828125,0.03977450571562115,0.511029052734375
initial_bursting_015_grad_vanrossum,initial_bursting,15,grad_vanrossum,0.26720647773279355,7,6,4.2125325202941895,4.52968168258667,15.96738338470459,4.2125325202941895,warmstart,25,1.5023839473724365,True,"{""C_m"": 138.20854274626257, ""g_L"": 7.9577936659406046, ""E_L"": -84.39837403670026, ""v_T"": -45.36322301057967, ""delta_T"": 1.4347403871616553, ""v_reset"": -61.247674972431284}","{""C_m"": 138.20854274626257, ""g_L"": 7.9577936659406046, ""E_L"": -84.39837403670026, ""v_T"": -45.36322301057967, ""delta_T"": 1.4347403871616553, ""v_reset"": -61.247674972431284}","{""C_m"": 200.0, ""g_L"": 10.0, ""E_L"": -70.0, ""v_T"": -50.0, ""delta_T"": 2.0, ""v_reset"": -58.0}",2026-04-28T18:28:59.419336+00:00,0.2686585097988584,0.25527579175742443,0.31996386748222805,0.18547107957681333,0.029750505938860246,0.09279071349803668
initial_bursting_015_nm_guarino,initial_bursting,15,nm_guarino,0.9999999999999999,7,7,0.4669394791126251,0.3653544783592224,0.3653544783592224,0.3653544783592224,training,50,0.611321210861206,False,"{""C_m"": 70.06647832281807, ""g_L"": 7.720712481470707, ""E_L"": -94.00196674197491, ""v_T"": -47.2390830931487, ""delta_T"": 1.2405315801823034, ""v_reset"": -75.88649742228651}","{""C_m"": 72.98322944089709, ""g_L"": 7.613139350461432, ""E_L"": -94.14639581181098, ""v_T"": -47.26256568821207, ""delta_T"": 1.2627609337118386, ""v_reset"": -72.99818333788934}","{""C_m"": 200.0, ""g_L"": 10.0, ""E_L"": -70.0, ""v_T"": -50.0, ""delta_T"": 2.0, ""v_reset"": -58.0}",2026-04-28T18:29:00.031153+00:00,0.5522468285178387,0.29835758119232103,0.5365865735957994,0.10949737247151717,0.03880205612042955,0.42851952393969556
initial_bursting_016_grad_guarino,initial_bursting,16,grad_guarino,-0.296875,7,9,0.8324529528617859,1.0881361961364746,1.1029305458068848,0.8324529528617859,warmstart,25,1.327064037322998,True,"{""C_m"": 91.27418052157093, ""g_L"": 7.334501490104654, ""E_L"": -71.94451369101594, ""v_T"": -44.29709906117312, ""delta_T"": 13.323726317841931, ""v_reset"": -54.593548192956646}","{""C_m"": 91.27418052157093, ""g_L"": 7.334501490104654, ""E_L"": -71.94451369101594, ""v_T"": -44.29709906117312, ""delta_T"": 13.323726317841931, ""v_reset"": -54.593548192956646}","{""C_m"": 200.0, ""g_L"": 10.0, ""E_L"": -70.0, ""v_T"": -50.0, ""delta_T"": 2.0, ""v_reset"": -58.0}",2026-04-28T18:29:01.358339+00:00,0.4727209542540394,0.33318731373691823,0.04321141535590982,0.22811603755307516,0.5959855956758912,0.09732719448695296
initial_bursting_016_grad_vanrossum,initial_bursting,16,grad_vanrossum,0.484375,7,9,5.208175182342529,5.6245293617248535,17.951021194458008,5.208175182342529,warmstart,25,1.4896340370178223,True,"{""C_m"": 21.11226332395626, ""g_L"": 10.465324720497408, ""E_L"": -88.6308944909253, ""v_T"": -42.30622909583083, ""delta_T"": 6.544062293882993, ""v_reset"": -68.10468773431546}","{""C_m"": 21.11226332395626, ""g_L"": 10.465324720497408, ""E_L"": -88.6308944909253, ""v_T"": -42.30622909583083, ""delta_T"": 6.544062293882993, ""v_reset"": -68.10468773431546}","{""C_m"": 200.0, ""g_L"": 10.0, ""E_L"": -70.0, ""v_T"": -50.0, ""delta_T"": 2.0, ""v_reset"": -58.0}",2026-04-28T18:29:02.848088+00:00,0.7777727681567119,0.05816559006217603,0.4140198775761178,0.3077508361667668,0.23916117336226278,0.2887053638375846
initial_bursting_016_nm_guarino,initial_bursting,16,nm_guarino,-0.24313725490196084,7,8,0.8324529528617859,0.60494065284729,0.60494065284729,0.60494065284729,training,50,0.6119999885559082,False,"{""C_m"": 91.27418052157093, ""g_L"": 7.334501490104654, ""E_L"": -71.94451369101594, ""v_T"": -44.29709906117312, ""delta_T"": 13.323726317841931, ""v_reset"": -54.593548192956646}","{""C_m"": 94.63350488779605, ""g_L"": 7.4235569563415105, ""E_L"": -69.19102449536315, ""v_T"": -44.064753991016424, ""delta_T"": 13.48006767660862, ""v_reset"": -55.76878256900517}","{""C_m"": 200.0, ""g_L"": 10.0, ""E_L"": -70.0, ""v_T"": -50.0, ""delta_T"": 2.0, ""v_reset"": -58.0}",2026-04-28T18:29:03.460205+00:00,0.45811519614001717,0.3220553804573112,0.0179772334363744,0.23740984035934304,0.604214088242559,0.0637490694569952
initial_bursting_017_grad_guarino,initial_bursting,17,grad_guarino,-0.1352657004830918,7,2,0.44947585463523865,0.44548362493515015,8.677474021911621,0.44548362493515015,training,25,1.324167251586914,True,"{""C_m"": 78.08058617869557, ""g_L"": 7.152780542707682, ""E_L"": -85.96663401537214, ""v_T"": -47.88275919768622, ""delta_T"": 3.933571186631663, ""v_reset"": -76.8875695256463}","{""C_m"": 177.48402404785156, ""g_L"": 7.3322954177856445, ""E_L"": -94.24581909179688, ""v_T"": -43.32037353515625, ""delta_T"": 5.176069259643555, ""v_reset"": -76.83257293701172}","{""C_m"": 200.0, ""g_L"": 10.0, ""E_L"": -70.0, ""v_T"": -50.0, ""delta_T"": 2.0, ""v_reset"": -58.0}",2026-04-28T18:29:04.784503+00:00,0.09789554761803669,0.33346307277679443,0.5387959798177083,0.26718505859375,0.16716153998123973,0.5380735124860491
initial_bursting_017_grad_vanrossum,initial_bursting,17,grad_vanrossum,-1.0,7,28,4.676023483276367,4.453115463256836,4.453115463256836,4.453115463256836,training,1,1.3546602725982666,True,"{""C_m"": 79.71224101529292, ""g_L"": 11.736561563292641, ""E_L"": -97.44780143364075, ""v_T"": -52.613815112435816, ""delta_T"": 11.613916384242433, ""v_reset"": -56.75347080708885}","{""C_m"": 10.0, ""g_L"": 6.000768661499023, ""E_L"": -65.0, ""v_T"": -60.0, ""delta_T"": 19.770885467529297, ""v_reset"": -57.1390380859375}","{""C_m"": 200.0, ""g_L"": 10.0, ""E_L"": -70.0, ""v_T"": -50.0, ""delta_T"": 2.0, ""v_reset"": -58.0}",2026-04-28T18:29:06.139275+00:00,0.8260869565217391,0.49990391731262207,0.1111111111111111,0.4,0.9353097614489103,0.024598911830357142
initial_bursting_017_nm_guarino,initial_bursting,17,nm_guarino,0.9999999999999999,7,7,0.44947585463523865,0.27075865864753723,0.27075865864753723,0.27075865864753723,training,50,0.603600025177002,False,"{""C_m"": 78.08058617869557, ""g_L"": 7.152780542707682, ""E_L"": -85.96663401537214, ""v_T"": -47.88275919768622, ""delta_T"": 3.933571186631663, ""v_reset"": -76.8875695256463}","{""C_m"": 79.39517428449182, ""g_L"": 7.01617628193309, ""E_L"": -89.05600923414424, ""v_T"": -48.96378256684993, ""delta_T"": 3.975658382944923, ""v_reset"": -73.64425722457706}","{""C_m"": 200.0, ""g_L"": 10.0, ""E_L"": -70.0, ""v_T"": -50.0, ""delta_T"": 2.0, ""v_reset"": -58.0}",2026-04-28T18:29:06.743378+00:00,0.5243688074587313,0.37297796475836376,0.42346687186987203,0.04144869732600284,0.10398202015499595,0.44697877784505885
initial_bursting_018_grad_guarino,initial_bursting,18,grad_guarino,-0.3888888888888889,7,7,0.672580897808075,0.7661529779434204,11.809478759765625,0.672580897808075,warmstart,25,1.344559669494629,True,"{""C_m"": 51.28522996950687, ""g_L"": 12.665399111340097, ""E_L"": -96.52008073985662, ""v_T"": -52.77277555049357, ""delta_T"": 7.741057096884594, ""v_reset"": -53.33948065642172}","{""C_m"": 51.28522996950687, ""g_L"": 12.665399111340097, ""E_L"": -96.52008073985662, ""v_T"": -52.77277555049357, ""delta_T"": 7.741057096884594, ""v_reset"": -53.33948065642172}","{""C_m"": 200.0, ""g_L"": 10.0, ""E_L"": -70.0, ""v_T"": -50.0, ""delta_T"": 2.0, ""v_reset"": -58.0}",2026-04-28T18:29:08.088058+00:00,0.646585956654318,0.3331748889175121,0.5893351275523694,0.1109110220197428,0.3021608998360313,0.13315769553080797
initial_bursting_018_grad_vanrossum,initial_bursting,18,grad_vanrossum,-0.09195402298850583,7,22,3.8355863094329834,3.118070363998413,46.655845642089844,3.118070363998413,training,25,1.4852468967437744,True,"{""C_m"": 49.14142145106086, ""g_L"": 13.570384680065477, ""E_L"": -71.10591358663753, ""v_T"": -43.238089792138645, ""delta_T"": 3.219351167874103, ""v_reset"": -65.50846788068624}","{""C_m"": 10.0, ""g_L"": 12.887182235717773, ""E_L"": -65.00007629394531, ""v_T"": -59.999969482421875, ""delta_T"": 1.1659748554229736, ""v_reset"": -65.67269897460938}","{""C_m"": 200.0, ""g_L"": 10.0, ""E_L"": -70.0, ""v_T"": -50.0, ""delta_T"": 2.0, ""v_reset"": -58.0}",2026-04-28T18:29:09.573424+00:00,0.8260869565217391,0.3608977794647217,0.11110941569010417,0.399998779296875,0.04389606024089612,0.219219970703125
initial_bursting_018_nm_guarino,initial_bursting,18,nm_guarino,0.40476190476190477,7,7,0.672580897808075,0.2571060061454773,0.2571060061454773,0.2571060061454773,training,50,0.6063849925994873,False,"{""C_m"": 51.28522996950687, ""g_L"": 12.665399111340097, ""E_L"": -96.52008073985662, ""v_T"": -52.77277555049357, ""delta_T"": 7.741057096884594, ""v_reset"": -53.33948065642172}","{""C_m"": 51.68434011251992, ""g_L"": 12.490868911757662, ""E_L"": -93.63264157721818, ""v_T"": -51.81284895264622, ""delta_T"": 7.817915636007299, ""v_reset"": -56.358313487834664}","{""C_m"": 200.0, ""g_L"": 10.0, ""E_L"": -70.0, ""v_T"": -50.0, ""delta_T"": 2.0, ""v_reset"": -58.0}",2026-04-28T18:29:10.179919+00:00,0.6448506951629569,0.31135861396970776,0.5251698128270706,0.07251395810584882,0.3062060861056473,0.046905328919009594
initial_bursting_019_grad_guarino,initial_bursting,19,grad_guarino,0.0079365079365079,7,7,0.45869362354278564,0.461985319852829,0.5107434988021851,0.45869362354278564,warmstart,25,1.3264412879943848,True,"{""C_m"": 52.66306018326892, ""g_L"": 12.611264430483558, ""E_L"": -77.40068661718698, ""v_T"": -36.780457725394875, ""delta_T"": 19.151259516100165, ""v_reset"": -72.7975224414593}","{""C_m"": 52.66306018326892, ""g_L"": 12.611264430483558, ""E_L"": -77.40068661718698, ""v_T"": -36.780457725394875, ""delta_T"": 19.151259516100165, ""v_reset"": -72.7975224414593}","{""C_m"": 200.0, ""g_L"": 10.0, ""E_L"": -70.0, ""v_T"": -50.0, ""delta_T"": 2.0, ""v_reset"": -58.0}",2026-04-28T18:29:11.506479+00:00,0.6405953905075265,0.3264080538104448,0.16445970260415504,0.528781690984205,0.9026978692684298,0.4227863554702655
initial_bursting_019_grad_vanrossum,initial_bursting,19,grad_vanrossum,0.484375,7,9,4.981666088104248,5.112763404846191,13.771954536437988,4.981666088104248,warmstart,25,1.4817030429840088,True,"{""C_m"": 88.57308209211689, ""g_L"": 13.750179553915743, ""E_L"": -71.3855028939044, ""v_T"": -52.94679422890722, ""delta_T"": 5.898690137544485, ""v_reset"": -69.1202764699378}","{""C_m"": 88.57308209211689, ""g_L"": 13.750179553915743, ""E_L"": -71.3855028939044, ""v_T"": -52.94679422890722, ""delta_T"": 5.898690137544485, ""v_reset"": -69.1202764699378}","{""C_m"": 200.0, ""g_L"": 10.0, ""E_L"": -70.0, ""v_T"": -50.0, ""delta_T"": 2.0, ""v_reset"": -58.0}",2026-04-28T18:29:12.988301+00:00,0.484464860469057,0.46877244423946784,0.030788953197875595,0.1178717691562889,0.20519421776549923,0.3177221848553659
initial_bursting_019_nm_guarino,initial_bursting,19,nm_guarino,0.0079365079365079,7,7,0.45869362354278564,0.45869362354278564,0.45869362354278564,0.45869362354278564,warmstart,50,0.6045830249786377,False,"{""C_m"": 52.66306018326892, ""g_L"": 12.611264430483558, ""E_L"": -77.40068661718698, ""v_T"": -36.780457725394875, ""delta_T"": 19.151259516100165, ""v_reset"": -72.7975224414593}","{""C_m"": 52.66306018326892, ""g_L"": 12.611264430483558, ""E_L"": -77.40068661718698, ""v_T"": -36.780457725394875, ""delta_T"": 19.151259516100165, ""v_reset"": -72.7975224414593}","{""C_m"": 200.0, ""g_L"": 10.0, ""E_L"": -70.0, ""v_T"": -50.0, ""delta_T"": 2.0, ""v_reset"": -58.0}",2026-04-28T18:29:13.593139+00:00,0.6405953905075265,0.3264080538104448,0.16445970260415504,0.528781690984205,0.9026978692684298,0.4227863554702655
initial_bursting_020_grad_guarino,initial_bursting,20,grad_guarino,-0.04705882352941181,7,8,0.5295723080635071,1.0705171823501587,22.605424880981445,0.5295723080635071,warmstart,25,1.525113821029663,True,"{""C_m"": 93.45745335951237, ""g_L"": 6.266637882549212, ""E_L"": -80.53778699384848, ""v_T"": -52.96401584055579, ""delta_T"": 8.257092699956564, ""v_reset"": -66.3344556743628}","{""C_m"": 93.45745335951237, ""g_L"": 6.266637882549212, ""E_L"": -80.53778699384848, ""v_T"": -52.96401584055579, ""delta_T"": 8.257092699956564, ""v_reset"": -66.3344556743628}","{""C_m"": 200.0, ""g_L"": 10.0, ""E_L"": -70.0, ""v_T"": -50.0, ""delta_T"": 2.0, ""v_reset"": -58.0}",2026-04-28T18:29:15.118375+00:00,0.46322846365429404,0.46667026468134853,0.2341730443077441,0.11856063362223153,0.3293206684187665,0.2381273049817943
initial_bursting_020_grad_vanrossum,initial_bursting,20,grad_vanrossum,-1.0,7,24,5.597616672515869,5.430021286010742,46.4339599609375,5.430021286010742,training,25,1.8907570838928223,True,"{""C_m"": 35.809790925905915, ""g_L"": 13.032380110350523, ""E_L"": -104.79517501255854, ""v_T"": -53.70129940026685, ""delta_T"": 10.844564295534367, ""v_reset"": -51.61820375693981}","{""C_m"": 10.0, ""g_L"": 6.0, ""E_L"": -65.0, ""v_T"": -60.0, ""delta_T"": 20.0, ""v_reset"": -80.0}","{""C_m"": 200.0, ""g_L"": 10.0, ""E_L"": -70.0, ""v_T"": -50.0, ""delta_T"": 2.0, ""v_reset"": -58.0}",2026-04-28T18:29:17.009254+00:00,0.8260869565217391,0.5,0.1111111111111111,0.4,0.9473684210526315,0.6285714285714286
initial_bursting_020_nm_guarino,initial_bursting,20,nm_guarino,-0.1015625,7,9,0.5295723080635071,0.518542468547821,0.518542468547821,0.518542468547821,training,50,0.6091320514678955,False,"{""C_m"": 93.45745335951237, ""g_L"": 6.266637882549212, ""E_L"": -80.53778699384848, ""v_T"": -52.96401584055579, ""delta_T"": 8.257092699956564, ""v_reset"": -66.3344556743628}","{""C_m"": 94.23057591168345, ""g_L"": 6.344226828241518, ""E_L"": -79.97323847400507, ""v_T"": -52.92056007985485, ""delta_T"": 8.35932600736648, ""v_reset"": -65.44070478948416}","{""C_m"": 200.0, ""g_L"": 10.0, ""E_L"": -70.0, ""v_T"": -50.0, ""delta_T"": 2.0, ""v_reset"": -58.0}",2026-04-28T18:29:17.618505+00:00,0.45986706125355026,0.45697164646981026,0.22162752164455715,0.11682240319419407,0.3347013688087621,0.2125915654138331
initial_bursting_021_grad_guarino,initial_bursting,21,grad_guarino,0.8015873015873016,7,7,0.5192667245864868,0.7290921211242676,11.788041114807129,0.5192667245864868,warmstart,25,1.4271748065948486,True,"{""C_m"": 72.61803063110086, ""g_L"": 11.151262972609711, ""E_L"": -77.60597309573672, ""v_T"": -43.808966957669156, ""delta_T"": 12.939264586319066, ""v_reset"": -61.27488835256178}","{""C_m"": 72.61803063110086, ""g_L"": 11.151262972609711, ""E_L"": -77.60597309573672, ""v_T"": -43.808966957669156, ""delta_T"": 12.939264586319066, ""v_reset"": -61.27488835256178}","{""C_m"": 200.0, ""g_L"": 10.0, ""E_L"": -70.0, ""v_T"": -50.0, ""delta_T"": 2.0, ""v_reset"": -58.0}",2026-04-28T18:29:19.045812+00:00,0.5538346494299963,0.14390787157621387,0.16902162434970477,0.24764132169323375,0.5757507677010034,0.09356823864462233
initial_bursting_021_grad_vanrossum,initial_bursting,21,grad_vanrossum,0.8015873015873016,7,7,4.1103196144104,5.04177713394165,11.79256534576416,4.1103196144104,warmstart,25,1.5016770362854004,True,"{""C_m"": 72.61803063110086, ""g_L"": 11.151262972609711, ""E_L"": -77.60597309573672, ""v_T"": -43.808966957669156, ""delta_T"": 12.939264586319066, ""v_reset"": -61.27488835256178}","{""C_m"": 72.61803063110086, ""g_L"": 11.151262972609711, ""E_L"": -77.60597309573672, ""v_T"": -43.808966957669156, ""delta_T"": 12.939264586319066, ""v_reset"": -61.27488835256178}","{""C_m"": 200.0, ""g_L"": 10.0, ""E_L"": -70.0, ""v_T"": -50.0, ""delta_T"": 2.0, ""v_reset"": -58.0}",2026-04-28T18:29:20.547973+00:00,0.5538346494299963,0.14390787157621387,0.16902162434970477,0.24764132169323375,0.5757507677010034,0.09356823864462233
initial_bursting_021_nm_guarino,initial_bursting,21,nm_guarino,0.40476190476190477,7,7,0.5192667245864868,0.3450721204280853,0.3450721204280853,0.3450721204280853,training,50,0.6128749847412109,False,"{""C_m"": 72.61803063110086, ""g_L"": 11.151262972609711, ""E_L"": -77.60597309573672, ""v_T"": -43.808966957669156, ""delta_T"": 12.939264586319066, ""v_reset"": -61.27488835256178}","{""C_m"": 71.48195567963796, ""g_L"": 11.440088271300201, ""E_L"": -78.2851424437936, ""v_T"": -43.93829183240614, ""delta_T"": 12.677991802456702, ""v_reset"": -64.08921604393285}","{""C_m"": 200.0, ""g_L"": 10.0, ""E_L"": -70.0, ""v_T"": -50.0, ""delta_T"": 2.0, ""v_reset"": -58.0}",2026-04-28T18:29:21.160964+00:00,0.5587741057407045,0.18001103391252515,0.18411427652874673,0.24246832670375454,0.5619995685503527,0.1739776012552243
initial_bursting_022_grad_guarino,initial_bursting,22,grad_guarino,0.0079365079365079,7,7,0.3239208459854126,0.33191442489624023,11.522364616394043,0.3239208459854126,warmstart,25,1.3421199321746826,True,"{""C_m"": 156.0549223023999, ""g_L"": 12.987305585321097, ""E_L"": -70.87450025649524, ""v_T"": -52.88861383080125, ""delta_T"": 11.623059345435149, ""v_reset"": -59.40888632205189}","{""C_m"": 156.0549223023999, ""g_L"": 12.987305585321097, ""E_L"": -70.87450025649524, ""v_T"": -52.88861383080125, ""delta_T"": 11.623059345435149, ""v_reset"": -59.40888632205189}","{""C_m"": 200.0, ""g_L"": 10.0, ""E_L"": -70.0, ""v_T"": -50.0, ""delta_T"": 2.0, ""v_reset"": -58.0}",2026-04-28T18:29:22.503211+00:00,0.191065555206957,0.3734131981651372,0.019433339033227526,0.1155445532320499,0.5064768076544816,0.040253894915768335
initial_bursting_022_grad_vanrossum,initial_bursting,22,grad_vanrossum,0.0079365079365079,7,7,3.8462934494018555,4.046374797821045,44.531227111816406,3.8462934494018555,warmstart,25,1.4993820190429688,True,"{""C_m"": 156.0549223023999, ""g_L"": 12.987305585321097, ""E_L"": -70.87450025649524, ""v_T"": -52.88861383080125, ""delta_T"": 11.623059345435149, ""v_reset"": -59.40888632205189}","{""C_m"": 156.0549223023999, ""g_L"": 12.987305585321097, ""E_L"": -70.87450025649524, ""v_T"": -52.88861383080125, ""delta_T"": 11.623059345435149, ""v_reset"": -59.40888632205189}","{""C_m"": 200.0, ""g_L"": 10.0, ""E_L"": -70.0, ""v_T"": -50.0, ""delta_T"": 2.0, ""v_reset"": -58.0}",2026-04-28T18:29:24.002709+00:00,0.191065555206957,0.3734131981651372,0.019433339033227526,0.1155445532320499,0.5064768076544816,0.040253894915768335
initial_bursting_022_nm_guarino,initial_bursting,22,nm_guarino,0.0079365079365079,7,7,0.3239208459854126,0.32016098499298096,0.32016098499298096,0.32016098499298096,training,50,0.6054050922393799,False,"{""C_m"": 156.0549223023999, ""g_L"": 12.987305585321097, ""E_L"": -70.87450025649524, ""v_T"": -52.88861383080125, ""delta_T"": 11.623059345435149, ""v_reset"": -59.40888632205189}","{""C_m"": 156.0549223023999, ""g_L"": 13.636670864587153, ""E_L"": -70.87450025649524, ""v_T"": -52.88861383080125, ""delta_T"": 11.623059345435149, ""v_reset"": -59.40888632205189}","{""C_m"": 200.0, ""g_L"": 10.0, ""E_L"": -70.0, ""v_T"": -50.0, ""delta_T"": 2.0, ""v_reset"": -58.0}",2026-04-28T18:29:24.608229+00:00,0.191065555206957,0.4545838580733941,0.019433339033227526,0.1155445532320499,0.5064768076544816,0.040253894915768335
initial_bursting_023_grad_guarino,initial_bursting,23,grad_guarino,-0.3888888888888889,7,7,0.28587132692337036,0.8104434013366699,11.665079116821289,0.28587132692337036,warmstart,25,1.3488991260528564,True,"{""C_m"": 183.9170497742397, ""g_L"": 9.87524382863246, ""E_L"": -84.07501480732547, ""v_T"": -58.299035056004364, ""delta_T"": 4.201904809756842, ""v_reset"": -61.796111220257984}","{""C_m"": 183.9170497742397, ""g_L"": 9.87524382863246, ""E_L"": -84.07501480732547, ""v_T"": -58.299035056004364, ""delta_T"": 4.201904809756842, ""v_reset"": -61.796111220257984}","{""C_m"": 200.0, ""g_L"": 10.0, ""E_L"": -70.0, ""v_T"": -50.0, ""delta_T"": 2.0, ""v_reset"": -58.0}",2026-04-28T18:29:25.957251+00:00,0.06992587054678391,0.015594521420942531,0.31277810682945495,0.33196140224017456,0.11588972682930747,0.10846032057879955
initial_bursting_023_grad_vanrossum,initial_bursting,23,grad_vanrossum,-0.3888888888888889,7,7,3.1807761192321777,6.721355438232422,15.624658584594727,3.1807761192321777,warmstart,25,1.4972970485687256,True,"{""C_m"": 183.9170497742397, ""g_L"": 9.87524382863246, ""E_L"": -84.07501480732547, ""v_T"": -58.299035056004364, ""delta_T"": 4.201904809756842, ""v_reset"": -61.796111220257984}","{""C_m"": 183.9170497742397, ""g_L"": 9.87524382863246, ""E_L"": -84.07501480732547, ""v_T"": -58.299035056004364, ""delta_T"": 4.201904809756842, ""v_reset"": -61.796111220257984}","{""C_m"": 200.0, ""g_L"": 10.0, ""E_L"": -70.0, ""v_T"": -50.0, ""delta_T"": 2.0, ""v_reset"": -58.0}",2026-04-28T18:29:27.454668+00:00,0.06992587054678391,0.015594521420942531,0.31277810682945495,0.33196140224017456,0.11588972682930747,0.10846032057879955
initial_bursting_023_nm_guarino,initial_bursting,23,nm_guarino,-0.3888888888888889,7,7,0.28587132692337036,0.1092749536037445,0.1092749536037445,0.1092749536037445,training,50,0.6088271141052246,False,"{""C_m"": 183.9170497742397, ""g_L"": 9.87524382863246, ""E_L"": -84.07501480732547, ""v_T"": -58.299035056004364, ""delta_T"": 4.201904809756842, ""v_reset"": -61.796111220257984}","{""C_m"": 183.9170497742397, ""g_L"": 10.369006020064083, ""E_L"": -84.07501480732547, ""v_T"": -58.299035056004364, ""delta_T"": 4.201904809756842, ""v_reset"": -61.796111220257984}","{""C_m"": 200.0, ""g_L"": 10.0, ""E_L"": -70.0, ""v_T"": -50.0, ""delta_T"": 2.0, ""v_reset"": -58.0}",2026-04-28T18:29:28.063614+00:00,0.06992587054678391,0.04612575250801032,0.31277810682945495,0.33196140224017456,0.11588972682930747,0.10846032057879955
initial_bursting_024_grad_guarino,initial_bursting,24,grad_guarino,0.40476190476190477,7,7,0.4595853090286255,0.6898213624954224,8.311127662658691,0.4595853090286255,warmstart,25,1.3690118789672852,True,"{""C_m"": 93.45382862538689, ""g_L"": 10.648807751732544, ""E_L"": -69.3916063126526, ""v_T"": -47.77473810138647, ""delta_T"": 11.094675781209606, ""v_reset"": -70.04034610874604}","{""C_m"": 93.45382862538689, ""g_L"": 10.648807751732544, ""E_L"": -69.3916063126526, ""v_T"": -47.77473810138647, ""delta_T"": 11.094675781209606, ""v_reset"": -70.04034610874604}","{""C_m"": 200.0, ""g_L"": 10.0, ""E_L"": -70.0, ""v_T"": -50.0, ""delta_T"": 2.0, ""v_reset"": -58.0}",2026-04-28T18:29:29.432746+00:00,0.46324422336788307,0.08110096896656804,0.013519859718831148,0.08901047594454127,0.47866714637945296,0.3440098888213153
initial_bursting_024_grad_vanrossum,initial_bursting,24,grad_vanrossum,0.0,7,0,6.068119049072266,5.608442783355713,11.169480323791504,5.608442783355713,training,25,1.5027849674224854,True,"{""C_m"": 123.54866126526476, ""g_L"": 11.004773476848051, ""E_L"": -71.26590972006137, ""v_T"": -48.475774723724854, ""delta_T"": 5.341055469613148, ""v_reset"": -65.4391545296418}","{""C_m"": 239.94418334960938, ""g_L"": 12.183660507202148, ""E_L"": -99.51274871826172, ""v_T"": -35.084312438964844, ""delta_T"": 16.480945587158203, ""v_reset"": -65.07221221923828}","{""C_m"": 200.0, ""g_L"": 10.0, ""E_L"": -70.0, ""v_T"": -50.0, ""delta_T"": 2.0, ""v_reset"": -58.0}",2026-04-28T18:29:30.935658+00:00,0.17367036238960598,0.27295756340026855,0.655838860405816,0.5966275024414063,0.7621550309030634,0.20206320626395088
initial_bursting_024_nm_guarino,initial_bursting,24,nm_guarino,-0.43921568627450985,7,8,0.4595853090286255,0.2406638264656067,0.2406638264656067,0.2406638264656067,training,50,0.600085973739624,False,"{""C_m"": 93.45382862538689, ""g_L"": 10.648807751732544, ""E_L"": -69.3916063126526, ""v_T"": -47.77473810138647, ""delta_T"": 11.094675781209606, ""v_reset"": -70.04034610874604}","{""C_m"": 91.88084257545262, ""g_L"": 10.795887619034023, ""E_L"": -67.19573074882679, ""v_T"": -48.399611174292374, ""delta_T"": 11.263194165461513, ""v_reset"": -72.97371521486431}","{""C_m"": 200.0, ""g_L"": 10.0, ""E_L"": -70.0, ""v_T"": -50.0, ""delta_T"": 2.0, ""v_reset"": -58.0}",2026-04-28T18:29:31.535858+00:00,0.470083293150206,0.09948595237925284,0.062317094470515776,0.06401555302830503,0.4875365350242902,0.4278204347104089
initial_bursting_025_grad_guarino,initial_bursting,25,grad_guarino,0.2063492063492063,7,7,0.27761176228523254,0.7603814601898193,0.7603814601898193,0.27761176228523254,warmstart,1,1.2970662117004395,True,"{""C_m"": 82.71405335276259, ""g_L"": 12.990425829985842, ""E_L"": -68.93518718469154, ""v_T"": -45.16561166927436, ""delta_T"": 9.736388988717227, ""v_reset"": -67.97757661463541}","{""C_m"": 82.71405335276259, ""g_L"": 12.990425829985842, ""E_L"": -68.93518718469154, ""v_T"": -45.16561166927436, ""delta_T"": 9.736388988717227, ""v_reset"": -67.97757661463541}","{""C_m"": 200.0, ""g_L"": 10.0, ""E_L"": -70.0, ""v_T"": -50.0, ""delta_T"": 2.0, ""v_reset"": -58.0}",2026-04-28T18:29:32.833044+00:00,0.5099388984662496,0.37380322874823024,0.023662507006854603,0.1933755332290255,0.4071783678272225,0.28507361756101174
initial_bursting_025_grad_vanrossum,initial_bursting,25,grad_vanrossum,0.2063492063492063,7,7,4.644516944885254,6.220605373382568,8.313692092895508,4.644516944885254,warmstart,25,1.5191740989685059,True,"{""C_m"": 82.71405335276259, ""g_L"": 12.990425829985842, ""E_L"": -68.93518718469154, ""v_T"": -45.16561166927436, ""delta_T"": 9.736388988717227, ""v_reset"": -67.97757661463541}","{""C_m"": 82.71405335276259, ""g_L"": 12.990425829985842, ""E_L"": -68.93518718469154, ""v_T"": -45.16561166927436, ""delta_T"": 9.736388988717227, ""v_reset"": -67.97757661463541}","{""C_m"": 200.0, ""g_L"": 10.0, ""E_L"": -70.0, ""v_T"": -50.0, ""delta_T"": 2.0, ""v_reset"": -58.0}",2026-04-28T18:29:34.353222+00:00,0.5099388984662496,0.37380322874823024,0.023662507006854603,0.1933755332290255,0.4071783678272225,0.28507361756101174
initial_bursting_025_nm_guarino,initial_bursting,25,nm_guarino,0.40476190476190477,7,7,0.27761176228523254,0.2668941020965576,0.2668941020965576,0.2668941020965576,training,50,0.651940107345581,False,"{""C_m"": 82.71405335276259, ""g_L"": 12.990425829985842, ""E_L"": -68.93518718469154, ""v_T"": -45.16561166927436, ""delta_T"": 9.736388988717227, ""v_reset"": -67.97757661463541}","{""C_m"": 82.85387642606759, ""g_L"": 13.113784823924135, ""E_L"": -69.34853490568392, ""v_T"": -45.3216798162237, ""delta_T"": 9.893993917824304, ""v_reset"": -67.7727846371478}","{""C_m"": 200.0, ""g_L"": 10.0, ""E_L"": -70.0, ""v_T"": -50.0, ""delta_T"": 2.0, ""v_reset"": -58.0}",2026-04-28T18:29:35.005284+00:00,0.5093309720605758,0.3892231029905169,0.014477002095912895,0.187132807351052,0.415473364096016,0.27922241820422267
initial_bursting_026_grad_guarino,initial_bursting,26,grad_guarino,0.8015873015873016,7,7,0.25391530990600586,0.32948213815689087,11.8206205368042,0.25391530990600586,warmstart,25,1.613955020904541,True,"{""C_m"": 35.73650859580086, ""g_L"": 10.379119113779074, ""E_L"": -106.4056902540785, ""v_T"": -54.99087163457335, ""delta_T"": 6.9575051691309975, ""v_reset"": -62.3577015581075}","{""C_m"": 35.73650859580086, ""g_L"": 10.379119113779074, ""E_L"": -106.4056902540785, ""v_T"": -54.99087163457335, ""delta_T"": 6.9575051691309975, ""v_reset"": -62.3577015581075}","{""C_m"": 200.0, ""g_L"": 10.0, ""E_L"": -70.0, ""v_T"": -50.0, ""delta_T"": 2.0, ""v_reset"": -58.0}",2026-04-28T18:29:36.619444+00:00,0.7141890930617354,0.047389889222384296,0.809015338979522,0.1996348653829341,0.2609213246911051,0.12450575880307144
initial_bursting_026_grad_vanrossum,initial_bursting,26,grad_vanrossum,0.8015873015873016,7,7,4.944568157196045,5.6863508224487305,20.138782501220703,4.944568157196045,warmstart,25,2.088606119155884,True,"{""C_m"": 35.73650859580086, ""g_L"": 10.379119113779074, ""E_L"": -106.4056902540785, ""v_T"": -54.99087163457335, ""delta_T"": 6.9575051691309975, ""v_reset"": -62.3577015581075}","{""C_m"": 35.73650859580086, ""g_L"": 10.379119113779074, ""E_L"": -106.4056902540785, ""v_T"": -54.99087163457335, ""delta_T"": 6.9575051691309975, ""v_reset"": -62.3577015581075}","{""C_m"": 200.0, ""g_L"": 10.0, ""E_L"": -70.0, ""v_T"": -50.0, ""delta_T"": 2.0, ""v_reset"": -58.0}",2026-04-28T18:29:38.708379+00:00,0.7141890930617354,0.047389889222384296,0.809015338979522,0.1996348653829341,0.2609213246911051,0.12450575880307144
initial_bursting_026_nm_guarino,initial_bursting,26,nm_guarino,0.9999999999999999,7,7,0.25391530990600586,0.2067631483078003,0.2067631483078003,0.2067631483078003,training,50,0.6242637634277344,False,"{""C_m"": 35.73650859580086, ""g_L"": 10.379119113779074, ""E_L"": -106.4056902540785, ""v_T"": -54.99087163457335, ""delta_T"": 6.9575051691309975, ""v_reset"": -62.3577015581075}","{""C_m"": 36.1332621885378, ""g_L"": 10.404632980019077, ""E_L"": -105.43974217252782, ""v_T"": -55.028692211682554, ""delta_T"": 7.0789454319322545, ""v_reset"": -63.248163237464595}","{""C_m"": 200.0, ""g_L"": 10.0, ""E_L"": -70.0, ""v_T"": -50.0, ""delta_T"": 2.0, ""v_reset"": -58.0}",2026-04-28T18:29:39.333635+00:00,0.71246407744114,0.05057912250238461,0.7875498260561736,0.20114768846730213,0.26731291747011865,0.149947521070417
initial_bursting_027_grad_guarino,initial_bursting,27,grad_guarino,0.8015873015873016,7,7,0.9406206607818604,0.6286472678184509,0.6620244383811951,0.6286472678184509,training,25,1.3622570037841797,True,"{""C_m"": 81.94544311751326, ""g_L"": 13.51675255511686, ""E_L"": -69.46127672723094, ""v_T"": -46.711751377332085, ""delta_T"": 16.737088982951033, ""v_reset"": -66.80008951045653}","{""C_m"": 95.39625549316406, ""g_L"": 13.515974044799805, ""E_L"": -69.66171264648438, ""v_T"": -45.91584014892578, ""delta_T"": 16.717527389526367, ""v_reset"": -66.89768981933594}","{""C_m"": 200.0, ""g_L"": 10.0, ""E_L"": -70.0, ""v_T"": -50.0, ""delta_T"": 2.0, ""v_reset"": -58.0}",2026-04-28T18:29:40.696035+00:00,0.45479888916015626,0.4394967555999756,0.007517496744791667,0.16336639404296874,0.7746067047119141,0.2542197091238839
initial_bursting_027_grad_vanrossum,initial_bursting,27,grad_vanrossum,0.8744939271255061,7,6,4.740987777709961,5.264858245849609,44.37395095825195,4.740987777709961,warmstart,25,1.6408109664916992,True,"{""C_m"": 143.7318907968938, ""g_L"": 6.058430438124266, ""E_L"": -92.78676067644894, ""v_T"": -50.781269618053756, ""delta_T"": 7.190043306809423, ""v_reset"": -57.63353148270728}","{""C_m"": 143.7318907968938, ""g_L"": 6.058430438124266, ""E_L"": -92.78676067644894, ""v_T"": -50.781269618053756, ""delta_T"": 7.190043306809423, ""v_reset"": -57.63353148270728}","{""C_m"": 200.0, ""g_L"": 10.0, ""E_L"": -70.0, ""v_T"": -50.0, ""delta_T"": 2.0, ""v_reset"": -58.0}",2026-04-28T18:29:42.336966+00:00,0.2446439530569835,0.4926961952344667,0.506372459476643,0.03125078472215023,0.27316017404260123,0.010470529065506185
initial_bursting_027_nm_guarino,initial_bursting,27,nm_guarino,0.8015873015873016,7,7,0.9406206607818604,0.3462728261947632,0.3462728261947632,0.3462728261947632,training,50,0.8406360149383545,False,"{""C_m"": 81.94544311751326, ""g_L"": 13.51675255511686, ""E_L"": -69.46127672723094, ""v_T"": -46.711751377332085, ""delta_T"": 16.737088982951033, ""v_reset"": -66.80008951045653}","{""C_m"": 83.5388267336871, ""g_L"": 13.629785934787584, ""E_L"": -70.81191266359377, ""v_T"": -43.59763461884326, ""delta_T"": 17.06253237984174, ""v_reset"": -68.09898013982651}","{""C_m"": 200.0, ""g_L"": 10.0, ""E_L"": -70.0, ""v_T"": -50.0, ""delta_T"": 2.0, ""v_reset"": -58.0}",2026-04-28T18:29:43.177735+00:00,0.5063529272448387,0.45372324184844803,0.018042503635417182,0.25609461524626964,0.7927648620969338,0.2885422897093288
initial_bursting_028_grad_guarino,initial_bursting,28,grad_guarino,0.18181818181818177,7,15,0.40199899673461914,0.3634430170059204,0.3634430170059204,0.3634430170059204,training,1,1.325833797454834,True,"{""C_m"": 49.45443685158233, ""g_L"": 12.174757228887922, ""E_L"": -79.30921009561843, ""v_T"": -38.432627030280564, ""delta_T"": 8.70268560918666, ""v_reset"": -51.161626070672405}","{""C_m"": 17.57067108154297, ""g_L"": 11.440486907958984, ""E_L"": -69.07610321044922, ""v_T"": -40.70470428466797, ""delta_T"": 8.907135009765625, ""v_reset"": -51.188087463378906}","{""C_m"": 200.0, ""g_L"": 10.0, ""E_L"": -70.0, ""v_T"": -50.0, ""delta_T"": 2.0, ""v_reset"": -58.0}",2026-04-28T18:29:44.503690+00:00,0.7931709952976392,0.18006086349487305,0.020531039767795137,0.37181182861328127,0.36353342156661184,0.1946260724748884
initial_bursting_028_grad_vanrossum,initial_bursting,28,grad_vanrossum,-0.43921568627450985,7,8,4.215036869049072,7.634328842163086,44.60641860961914,4.215036869049072,warmstart,25,1.9416608810424805,True,"{""C_m"": 135.71955223548645, ""g_L"": 13.573951152866652, ""E_L"": -68.41111023453274, ""v_T"": -55.31738926649782, ""delta_T"": 13.399752506067063, ""v_reset"": -65.34872379341235}","{""C_m"": 135.71955223548645, ""g_L"": 13.573951152866652, ""E_L"": -68.41111023453274, ""v_T"": -55.31738926649782, ""delta_T"": 13.399752506067063, ""v_reset"": -65.34872379341235}","{""C_m"": 200.0, ""g_L"": 10.0, ""E_L"": -70.0, ""v_T"": -50.0, ""delta_T"": 2.0, ""v_reset"": -58.0}",2026-04-28T18:29:46.445811+00:00,0.27948020767179804,0.4467438941083315,0.035308661454827944,0.2126955706599128,0.5999869740035296,0.20996353695463849
initial_bursting_028_nm_guarino,initial_bursting,28,nm_guarino,0.9999999999999999,7,7,0.40199899673461914,0.36664238572120667,0.36664238572120667,0.36664238572120667,training,50,0.6153731346130371,False,"{""C_m"": 49.45443685158233, ""g_L"": 12.174757228887922, ""E_L"": -79.30921009561843, ""v_T"": -38.432627030280564, ""delta_T"": 8.70268560918666, ""v_reset"": -51.161626070672405}","{""C_m"": 49.499938009347915, ""g_L"": 12.152199941685119, ""E_L"": -79.02049358449634, ""v_T"": -38.4808941193729, ""delta_T"": 8.660229210436068, ""v_reset"": -51.6283213733017}","{""C_m"": 200.0, ""g_L"": 10.0, ""E_L"": -70.0, ""v_T"": -50.0, ""delta_T"": 2.0, ""v_reset"": -58.0}",2026-04-28T18:29:47.061302+00:00,0.6543480956115308,0.26902499271063984,0.20045541298880745,0.4607642352250841,0.35053837949663513,0.18204796076280852
initial_bursting_029_grad_guarino,initial_bursting,29,grad_guarino,0.8015873015873016,7,7,0.3049706220626831,0.5320568084716797,11.704240798950195,0.3049706220626831,warmstart,25,1.3546078205108643,True,"{""C_m"": 93.56508376992005, ""g_L"": 6.996508050450837, ""E_L"": -74.95680916808071, ""v_T"": -38.313259477735635, ""delta_T"": 1.8010624900548828, ""v_reset"": -62.91747849029776}","{""C_m"": 93.56508376992005, ""g_L"": 6.996508050450837, ""E_L"": -74.95680916808071, ""v_T"": -38.313259477735635, ""delta_T"": 1.8010624900548828, ""v_reset"": -62.91747849029776}","{""C_m"": 200.0, ""g_L"": 10.0, ""E_L"": -70.0, ""v_T"": -50.0, ""delta_T"": 2.0, ""v_reset"": -58.0}",2026-04-28T18:29:48.416021+00:00,0.4627605053481737,0.3754364936936454,0.110151314846238,0.46746962089057464,0.010470395260269324,0.14049938543707888
initial_bursting_029_grad_vanrossum,initial_bursting,29,grad_vanrossum,-0.1015625,7,9,3.913795232772827,4.566042423248291,1291734.75,3.913795232772827,warmstart,25,1.516239881515503,True,"{""C_m"": 95.02908450462748, ""g_L"": 11.501603111248695, ""E_L"": -75.47942456155074, ""v_T"": -49.18830558126313, ""delta_T"": 1.6433242679782727, ""v_reset"": -58.746851018914576}","{""C_m"": 95.02908450462748, ""g_L"": 11.501603111248695, ""E_L"": -75.47942456155074, ""v_T"": -49.18830558126313, ""delta_T"": 1.6433242679782727, ""v_reset"": -58.746851018914576}","{""C_m"": 200.0, ""g_L"": 10.0, ""E_L"": -70.0, ""v_T"": -50.0, ""delta_T"": 2.0, ""v_reset"": -58.0}",2026-04-28T18:29:49.932370+00:00,0.45639528476248925,0.18770038890608687,0.12176499025668319,0.032467776749474805,0.018772406948511965,0.021338600540416457
initial_bursting_029_nm_guarino,initial_bursting,29,nm_guarino,-0.3888888888888889,7,7,0.3049706220626831,0.18131662905216217,0.18131662905216217,0.18131662905216217,training,50,0.6067910194396973,False,"{""C_m"": 93.56508376992005, ""g_L"": 6.996508050450837, ""E_L"": -74.95680916808071, ""v_T"": -38.313259477735635, ""delta_T"": 1.8010624900548828, ""v_reset"": -62.91747849029776}","{""C_m"": 92.35068057961979, ""g_L"": 6.921578279359695, ""E_L"": -71.88303805655585, ""v_T"": -38.865331554540994, ""delta_T"": 1.8137932944227626, ""v_reset"": -66.87371225456317}","{""C_m"": 200.0, ""g_L"": 10.0, ""E_L"": -70.0, ""v_T"": -50.0, ""delta_T"": 2.0, ""v_reset"": -58.0}",2026-04-28T18:29:50.539358+00:00,0.4680405192190444,0.38480271508003816,0.04184529014568549,0.44538673781836025,0.009800352925117758,0.2535346358446621
initial_bursting_030_grad_guarino,initial_bursting,30,grad_guarino,0.2063492063492063,7,7,0.3620273470878601,0.3829306662082672,9.294586181640625,0.3620273470878601,warmstart,25,1.9965620040893555,True,"{""C_m"": 126.92552154192757, ""g_L"": 10.26339801944577, ""E_L"": -72.35376353579954, ""v_T"": -50.61148138303806, ""delta_T"": 8.018379490380791, ""v_reset"": -62.95786638673771}","{""C_m"": 126.92552154192757, ""g_L"": 10.26339801944577, ""E_L"": -72.35376353579954, ""v_T"": -50.61148138303806, ""delta_T"": 8.018379490380791, ""v_reset"": -62.95786638673771}","{""C_m"": 200.0, ""g_L"": 10.0, ""E_L"": -70.0, ""v_T"": -50.0, ""delta_T"": 2.0, ""v_reset"": -58.0}",2026-04-28T18:29:52.536066+00:00,0.3177151237307497,0.03292475243072124,0.05230585635110098,0.024459255321522447,0.31675681528319954,0.14165332533536323
initial_bursting_030_grad_vanrossum,initial_bursting,30,grad_vanrossum,0.2063492063492063,7,7,3.6855509281158447,4.081932544708252,8.518595695495605,3.6855509281158447,warmstart,25,3.160149097442627,True,"{""C_m"": 126.92552154192757, ""g_L"": 10.26339801944577, ""E_L"": -72.35376353579954, ""v_T"": -50.61148138303806, ""delta_T"": 8.018379490380791, ""v_reset"": -62.95786638673771}","{""C_m"": 126.92552154192757, ""g_L"": 10.26339801944577, ""E_L"": -72.35376353579954, ""v_T"": -50.61148138303806, ""delta_T"": 8.018379490380791, ""v_reset"": -62.95786638673771}","{""C_m"": 200.0, ""g_L"": 10.0, ""E_L"": -70.0, ""v_T"": -50.0, ""delta_T"": 2.0, ""v_reset"": -58.0}",2026-04-28T18:29:55.696393+00:00,0.3177151237307497,0.03292475243072124,0.05230585635110098,0.024459255321522447,0.31675681528319954,0.14165332533536323
initial_bursting_030_nm_guarino,initial_bursting,30,nm_guarino,0.2063492063492063,7,7,0.3620273470878601,0.3300728499889374,0.3300728499889374,0.3300728499889374,training,50,0.660722017288208,False,"{""C_m"": 126.92552154192757, ""g_L"": 10.26339801944577, ""E_L"": -72.35376353579954, ""v_T"": -50.61148138303806, ""delta_T"": 8.018379490380791, ""v_reset"": -62.95786638673771}","{""C_m"": 126.81712553338195, ""g_L"": 10.326842478596557, ""E_L"": -72.59596743055275, ""v_T"": -50.74685373369944, ""delta_T"": 8.031415214362838, ""v_reset"": -62.80812052797879}","{""C_m"": 200.0, ""g_L"": 10.0, ""E_L"": -70.0, ""v_T"": -50.0, ""delta_T"": 2.0, ""v_reset"": -58.0}",2026-04-28T18:29:56.357277+00:00,0.31818641072442627,0.04085530982456964,0.05768816512339438,0.02987414934797755,0.3174429060190967,0.13737487222796532
initial_bursting_031_grad_guarino,initial_bursting,31,grad_guarino,0.09375,7,9,0.5773714184761047,1.071393370628357,8.837199211120605,0.5773714184761047,warmstart,25,1.4393560886383057,True,"{""C_m"": 90.74964899684835, ""g_L"": 7.03697336745823, ""E_L"": -83.75153767424555, ""v_T"": -53.091220632101454, ""delta_T"": 8.799560872898565, ""v_reset"": -64.46233316135843}","{""C_m"": 90.74964899684835, ""g_L"": 7.03697336745823, ""E_L"": -83.75153767424555, ""v_T"": -53.091220632101454, ""delta_T"": 8.799560872898565, ""v_reset"": -64.46233316135843}","{""C_m"": 200.0, ""g_L"": 10.0, ""E_L"": -70.0, ""v_T"": -50.0, ""delta_T"": 2.0, ""v_reset"": -58.0}",2026-04-28T18:29:57.796788+00:00,0.4750015261006593,0.3703783290677213,0.30558972609434565,0.12364882528405814,0.35787162488939817,0.18463809032452658
initial_bursting_031_grad_vanrossum,initial_bursting,31,grad_vanrossum,0.4696356275303644,7,6,5.909815788269043,5.7204155921936035,14.399057388305664,5.7204155921936035,training,25,1.567798137664795,True,"{""C_m"": 38.33268676650251, ""g_L"": 7.82305172213781, ""E_L"": -100.20516895155886, ""v_T"": -37.85177921215016, ""delta_T"": 11.004747542771474, ""v_reset"": -62.81770678443217}","{""C_m"": 47.894447326660156, ""g_L"": 8.094520568847656, ""E_L"": -101.41027069091797, ""v_T"": -37.7186279296875, ""delta_T"": 10.550741195678711, ""v_reset"": -62.674598693847656}","{""C_m"": 200.0, ""g_L"": 10.0, ""E_L"": -70.0, ""v_T"": -50.0, ""delta_T"": 2.0, ""v_reset"": -58.0}",2026-04-28T18:29:59.364726+00:00,0.6613284898840863,0.23818492889404297,0.6980060153537326,0.4912548828125,0.45003901029887955,0.1335599626813616
initial_bursting_031_nm_guarino,initial_bursting,31,nm_guarino,-0.04705882352941181,7,8,0.5773714184761047,0.4721440374851227,0.4721440374851227,0.4721440374851227,training,50,0.6164910793304443,False,"{""C_m"": 90.74964899684835, ""g_L"": 7.03697336745823, ""E_L"": -83.75153767424555, ""v_T"": -53.091220632101454, ""delta_T"": 8.799560872898565, ""v_reset"": -64.46233316135843}","{""C_m"": 92.07126597012203, ""g_L"": 7.3430712516205565, ""E_L"": -81.93287609726293, ""v_T"": -52.51133195681597, ""delta_T"": 8.927711770841787, ""v_reset"": -64.16896248932062}","{""C_m"": 200.0, ""g_L"": 10.0, ""E_L"": -70.0, ""v_T"": -50.0, ""delta_T"": 2.0, ""v_reset"": -58.0}",2026-04-28T18:29:59.981338+00:00,0.4692553653472955,0.33211609354743044,0.2651750243836207,0.10045327827263889,0.364616408991673,0.1762560711234463
initial_bursting_032_grad_guarino,initial_bursting,32,grad_guarino,0.6031746031746031,7,7,0.1692138910293579,0.45116737484931946,1.2757573127746582,0.1692138910293579,warmstart,25,1.4361999034881592,True,"{""C_m"": 118.78381878812571, ""g_L"": 10.506109216266953, ""E_L"": -68.82264819080872, ""v_T"": -45.30679603852096, ""delta_T"": 3.357646323692357, ""v_reset"": -60.36962955711225}","{""C_m"": 118.78381878812571, ""g_L"": 10.506109216266953, ""E_L"": -68.82264819080872, ""v_T"": -45.30679603852096, ""delta_T"": 3.357646323692357, ""v_reset"": -60.36962955711225}","{""C_m"": 200.0, ""g_L"": 10.0, ""E_L"": -70.0, ""v_T"": -50.0, ""delta_T"": 2.0, ""v_reset"": -58.0}",2026-04-28T18:30:01.417675+00:00,0.3531138313559752,0.06326365203336914,0.02616337353758398,0.18772815845916171,0.07145506966801878,0.06770370163177851
initial_bursting_032_grad_vanrossum,initial_bursting,32,grad_vanrossum,0.6031746031746031,7,7,3.0241711139678955,4.147631645202637,22.00836944580078,3.0241711139678955,warmstart,25,1.5368340015411377,True,"{""C_m"": 118.78381878812571, ""g_L"": 10.506109216266953, ""E_L"": -68.82264819080872, ""v_T"": -45.30679603852096, ""delta_T"": 3.357646323692357, ""v_reset"": -60.36962955711225}","{""C_m"": 118.78381878812571, ""g_L"": 10.506109216266953, ""E_L"": -68.82264819080872, ""v_T"": -45.30679603852096, ""delta_T"": 3.357646323692357, ""v_reset"": -60.36962955711225}","{""C_m"": 200.0, ""g_L"": 10.0, ""E_L"": -70.0, ""v_T"": -50.0, ""delta_T"": 2.0, ""v_reset"": -58.0}",2026-04-28T18:30:02.955009+00:00,0.3531138313559752,0.06326365203336914,0.02616337353758398,0.18772815845916171,0.07145506966801878,0.06770370163177851
initial_bursting_032_nm_guarino,initial_bursting,32,nm_guarino,-0.3888888888888889,7,7,0.1692138910293579,0.12994365394115448,0.12994365394115448,0.12994365394115448,training,50,0.6198909282684326,False,"{""C_m"": 118.78381878812571, ""g_L"": 10.506109216266953, ""E_L"": -68.82264819080872, ""v_T"": -45.30679603852096, ""delta_T"": 3.357646323692357, ""v_reset"": -60.36962955711225}","{""C_m"": 120.77698028478846, ""g_L"": 10.565161590324248, ""E_L"": -68.42485492677581, ""v_T"": -45.745992392485256, ""delta_T"": 3.4090942241386317, ""v_reset"": -59.64503082250299}","{""C_m"": 200.0, ""g_L"": 10.0, ""E_L"": -70.0, ""v_T"": -50.0, ""delta_T"": 2.0, ""v_reset"": -58.0}",2026-04-28T18:30:03.575268+00:00,0.34444791180526757,0.070645198790531,0.03500322384942649,0.17016030430058976,0.07416285390203325,0.047000880642942534
initial_bursting_033_grad_guarino,initial_bursting,33,grad_guarino,0.34509803921568627,7,8,0.567755937576294,0.6140772700309753,11.79909896850586,0.567755937576294,warmstart,25,1.3462958335876465,True,"{""C_m"": 33.01217798306751, ""g_L"": 11.087279205452898, ""E_L"": -108.83820350516747, ""v_T"": -53.49670306393394, ""delta_T"": 17.63916159933299, ""v_reset"": -67.43962069285826}","{""C_m"": 33.01217798306751, ""g_L"": 11.087279205452898, ""E_L"": -108.83820350516747, ""v_T"": -53.49670306393394, ""delta_T"": 17.63916159933299, ""v_reset"": -67.43962069285826}","{""C_m"": 200.0, ""g_L"": 10.0, ""E_L"": -70.0, ""v_T"": -50.0, ""delta_T"": 2.0, ""v_reset"": -58.0}",2026-04-28T18:30:04.921710+00:00,0.7260340087692717,0.13590990068161224,0.8630711890037216,0.1398681225573577,0.8231137683859469,0.26970344836737875
initial_bursting_033_grad_vanrossum,initial_bursting,33,grad_vanrossum,0.0,7,0,6.157806873321533,6.034238815307617,18.58837127685547,6.034238815307617,training,25,1.7123520374298096,True,"{""C_m"": 16.802411014613444, ""g_L"": 10.14461632328866, ""E_L"": -93.80904137073688, ""v_T"": -40.44081677118884, ""delta_T"": 9.123573258430149, ""v_reset"": -70.03994495258269}","{""C_m"": 240.0, ""g_L"": 14.0, ""E_L"": -110.0, ""v_T"": -35.0, ""delta_T"": 1.0000195503234863, ""v_reset"": -69.2146987915039}","{""C_m"": 200.0, ""g_L"": 10.0, ""E_L"": -70.0, ""v_T"": -50.0, ""delta_T"": 2.0, ""v_reset"": -58.0}",2026-04-28T18:30:06.634184+00:00,0.17391304347826086,0.5,0.8888888888888888,0.6,0.0526305499829744,0.32041996547154017
initial_bursting_033_nm_guarino,initial_bursting,33,nm_guarino,0.34509803921568627,7,8,0.567755937576294,0.4725785255432129,0.4725785255432129,0.4725785255432129,training,50,0.6157989501953125,False,"{""C_m"": 33.01217798306751, ""g_L"": 11.087279205452898, ""E_L"": -108.83820350516747, ""v_T"": -53.49670306393394, ""delta_T"": 17.63916159933299, ""v_reset"": -67.43962069285826}","{""C_m"": 33.75274578085211, ""g_L"": 10.704753967090749, ""E_L"": -109.3179015140792, ""v_T"": -52.87056360509361, ""delta_T"": 18.18185692188389, ""v_reset"": -67.43476678529088}","{""C_m"": 200.0, ""g_L"": 10.0, ""E_L"": -70.0, ""v_T"": -50.0, ""delta_T"": 2.0, ""v_reset"": -58.0}",2026-04-28T18:30:07.250095+00:00,0.7228141487789038,0.08809424588634363,0.8737311447573155,0.11482254420374431,0.8516766800991522,0.269564765294025
initial_bursting_034_grad_guarino,initial_bursting,34,grad_guarino,0.0079365079365079,7,7,0.6965161561965942,0.8775004744529724,8.230171203613281,0.6965161561965942,warmstart,25,1.3607022762298584,True,"{""C_m"": 78.1527940784812, ""g_L"": 7.952827972134538, ""E_L"": -87.52166469248097, ""v_T"": -52.342909937013296, ""delta_T"": 11.206225062519707, ""v_reset"": -78.6985793681153}","{""C_m"": 78.1527940784812, ""g_L"": 7.952827972134538, ""E_L"": -87.52166469248097, ""v_T"": -52.342909937013296, ""delta_T"": 11.206225062519707, ""v_reset"": -78.6985793681153}","{""C_m"": 200.0, ""g_L"": 10.0, ""E_L"": -70.0, ""v_T"": -50.0, ""delta_T"": 2.0, ""v_reset"": -58.0}",2026-04-28T18:30:08.610931+00:00,0.5297704605283426,0.2558965034831827,0.3893703264995771,0.09371639748053184,0.48453816118524773,0.5913879819461515
initial_bursting_034_grad_vanrossum,initial_bursting,34,grad_vanrossum,-0.3400809716599191,7,6,4.310378074645996,7.889313697814941,46.693565368652344,4.310378074645996,warmstart,25,1.5076117515563965,True,"{""C_m"": 130.48422828707072, ""g_L"": 11.251868412717927, ""E_L"": -93.6819266921192, ""v_T"": -54.63987409489576, ""delta_T"": 12.104230864443743, ""v_reset"": -56.081679331328}","{""C_m"": 130.48422828707072, ""g_L"": 11.251868412717927, ""E_L"": -93.6819266921192, ""v_T"": -54.63987409489576, ""delta_T"": 12.104230864443743, ""v_reset"": -56.081679331328}","{""C_m"": 200.0, ""g_L"": 10.0, ""E_L"": -70.0, ""v_T"": -50.0, ""delta_T"": 2.0, ""v_reset"": -58.0}",2026-04-28T18:30:10.118785+00:00,0.3022424857083882,0.15648355158974092,0.526265037602649,0.18559496379583038,0.5318016244444075,0.05480916196205722
initial_bursting_034_nm_guarino,initial_bursting,34,nm_guarino,0.2063492063492063,7,7,0.6965161561965942,0.5408249497413635,0.5408249497413635,0.5408249497413635,training,50,0.6124310493469238,False,"{""C_m"": 78.1527940784812, ""g_L"": 7.952827972134538, ""E_L"": -87.52166469248097, ""v_T"": -52.342909937013296, ""delta_T"": 11.206225062519707, ""v_reset"": -78.6985793681153}","{""C_m"": 77.18956829439688, ""g_L"": 8.084960489731372, ""E_L"": -89.16239741143488, ""v_T"": -54.18161204260559, ""delta_T"": 11.086866602331618, ""v_reset"": -78.23619429113839}","{""C_m"": 200.0, ""g_L"": 10.0, ""E_L"": -70.0, ""v_T"": -50.0, ""delta_T"": 2.0, ""v_reset"": -58.0}",2026-04-28T18:30:10.731324+00:00,0.5339583987200136,0.23937993878357844,0.4258310535874418,0.16726448170422373,0.478256136964822,0.5781769797468111
initial_bursting_035_grad_guarino,initial_bursting,35,grad_guarino,0.2063492063492063,7,7,0.5162762403488159,0.5365146398544312,0.5943824648857117,0.5162762403488159,warmstart,25,1.3351788520812988,True,"{""C_m"": 74.10475252865513, ""g_L"": 7.561426535583283, ""E_L"": -81.58835771849056, ""v_T"": -41.90004932538, ""delta_T"": 15.775721773926946, ""v_reset"": -65.80134087588331}","{""C_m"": 74.10475252865513, ""g_L"": 7.561426535583283, ""E_L"": -81.58835771849056, ""v_T"": -41.90004932538, ""delta_T"": 15.775721773926946, ""v_reset"": -65.80134087588331}","{""C_m"": 200.0, ""g_L"": 10.0, ""E_L"": -70.0, ""v_T"": -50.0, ""delta_T"": 2.0, ""v_reset"": -58.0}",2026-04-28T18:30:12.066614+00:00,0.5473706411797603,0.3048216830520897,0.2575190604109012,0.3239980269847999,0.7250379881014183,0.22289545359666607
initial_bursting_035_grad_vanrossum,initial_bursting,35,grad_vanrossum,0.6031746031746031,7,7,5.066675186157227,4.989950656890869,9.644522666931152,4.989950656890869,training,16,1.4570987224578857,True,"{""C_m"": 85.47816583423761, ""g_L"": 8.406624220140568, ""E_L"": -72.66841568708787, ""v_T"": -50.037720467245244, ""delta_T"": 16.367878314253336, ""v_reset"": -74.2636241142937}","{""C_m"": 89.07130432128906, ""g_L"": 8.407102584838867, ""E_L"": -72.74797058105469, ""v_T"": -49.920196533203125, ""delta_T"": 16.348644256591797, ""v_reset"": -74.27867889404297}","{""C_m"": 200.0, ""g_L"": 10.0, ""E_L"": -70.0, ""v_T"": -50.0, ""delta_T"": 2.0, ""v_reset"": -58.0}",2026-04-28T18:30:13.523825+00:00,0.4822986768639606,0.1991121768951416,0.06106601291232639,0.003192138671875,0.7551918029785156,0.46510511125837056
initial_bursting_035_nm_guarino,initial_bursting,35,nm_guarino,0.40476190476190477,7,7,0.5162762403488159,0.37390267848968506,0.37390267848968506,0.37390267848968506,training,50,0.6158101558685303,False,"{""C_m"": 74.10475252865513, ""g_L"": 7.561426535583283, ""E_L"": -81.58835771849056, ""v_T"": -41.90004932538, ""delta_T"": 15.775721773926946, ""v_reset"": -65.80134087588331}","{""C_m"": 73.56846801951446, ""g_L"": 8.00885068736557, ""E_L"": -77.25068184024319, ""v_T"": -41.939556561234475, ""delta_T"": 15.227570714661876, ""v_reset"": -69.36775048626293}","{""C_m"": 200.0, ""g_L"": 10.0, ""E_L"": -70.0, ""v_T"": -50.0, ""delta_T"": 2.0, ""v_reset"": -58.0}",2026-04-28T18:30:14.139746+00:00,0.5497023129586328,0.2488936640793038,0.16112626311651532,0.322417737550621,0.696187932350625,0.32479287103608384
initial_bursting_036_grad_guarino,initial_bursting,36,grad_guarino,-0.43921568627450985,7,8,0.1307397335767746,0.6550012826919556,20.95755958557129,0.1307397335767746,warmstart,25,1.7209389209747314,True,"{""C_m"": 102.61591910225725, ""g_L"": 11.629668201508665, ""E_L"": -77.4584657043897, ""v_T"": -53.81963908006518, ""delta_T"": 6.321207167566, ""v_reset"": -67.13618148848352}","{""C_m"": 102.61591910225725, ""g_L"": 11.629668201508665, ""E_L"": -77.4584657043897, ""v_T"": -53.81963908006518, ""delta_T"": 6.321207167566, ""v_reset"": -67.13618148848352}","{""C_m"": 200.0, ""g_L"": 10.0, ""E_L"": -70.0, ""v_T"": -50.0, ""delta_T"": 2.0, ""v_reset"": -58.0}",2026-04-28T18:30:15.861171+00:00,0.4234090473814902,0.20370852518858307,0.16574368231977102,0.1527855632026072,0.22743195618768422,0.26103375681381474
initial_bursting_036_grad_vanrossum,initial_bursting,36,grad_vanrossum,-0.43921568627450985,7,8,3.3388419151306152,5.609656810760498,44.46466064453125,3.3388419151306152,warmstart,25,2.0546369552612305,True,"{""C_m"": 102.61591910225725, ""g_L"": 11.629668201508665, ""E_L"": -77.4584657043897, ""v_T"": -53.81963908006518, ""delta_T"": 6.321207167566, ""v_reset"": -67.13618148848352}","{""C_m"": 102.61591910225725, ""g_L"": 11.629668201508665, ""E_L"": -77.4584657043897, ""v_T"": -53.81963908006518, ""delta_T"": 6.321207167566, ""v_reset"": -67.13618148848352}","{""C_m"": 200.0, ""g_L"": 10.0, ""E_L"": -70.0, ""v_T"": -50.0, ""delta_T"": 2.0, ""v_reset"": -58.0}",2026-04-28T18:30:17.915997+00:00,0.4234090473814902,0.20370852518858307,0.16574368231977102,0.1527855632026072,0.22743195618768422,0.26103375681381474
initial_bursting_036_nm_guarino,initial_bursting,36,nm_guarino,-0.43921568627450985,7,8,0.1307397335767746,0.11971846222877502,0.11971846222877502,0.11971846222877502,training,50,0.6305749416351318,False,"{""C_m"": 102.61591910225725, ""g_L"": 11.629668201508665, ""E_L"": -77.4584657043897, ""v_T"": -53.81963908006518, ""delta_T"": 6.321207167566, ""v_reset"": -67.13618148848352}","{""C_m"": 102.61591910225725, ""g_L"": 11.629668201508665, ""E_L"": -77.4584657043897, ""v_T"": -53.81963908006518, ""delta_T"": 6.637267525944301, ""v_reset"": -67.13618148848352}","{""C_m"": 200.0, ""g_L"": 10.0, ""E_L"": -70.0, ""v_T"": -50.0, ""delta_T"": 2.0, ""v_reset"": -58.0}",2026-04-28T18:30:18.546843+00:00,0.4234090473814902,0.20370852518858307,0.16574368231977102,0.1527855632026072,0.24406671189180532,0.26103375681381474
initial_bursting_037_grad_guarino,initial_bursting,37,grad_guarino,-0.43921568627450985,7,8,0.2747167944908142,1.0809240341186523,1.6199252605438232,0.2747167944908142,warmstart,25,1.3686699867248535,True,"{""C_m"": 86.24580650810773, ""g_L"": 6.14095127455367, ""E_L"": -73.07732016436044, ""v_T"": -51.11256350206115, ""delta_T"": 11.41146785138331, ""v_reset"": -75.41195094544602}","{""C_m"": 86.24580650810773, ""g_L"": 6.14095127455367, ""E_L"": -73.07732016436044, ""v_T"": -51.11256350206115, ""delta_T"": 11.41146785138331, ""v_reset"": -75.41195094544602}","{""C_m"": 200.0, ""g_L"": 10.0, ""E_L"": -70.0, ""v_T"": -50.0, ""delta_T"": 2.0, ""v_reset"": -58.0}",2026-04-28T18:30:19.915630+00:00,0.494583449964749,0.48238109068079127,0.0683848925413432,0.04450254008244599,0.49534041323070055,0.4974843127270292
initial_bursting_037_grad_vanrossum,initial_bursting,37,grad_vanrossum,0.5411764705882354,7,8,5.650839328765869,5.93117094039917,15.454509735107422,5.650839328765869,warmstart,25,1.5329630374908447,True,"{""C_m"": 38.69505034116576, ""g_L"": 9.681963132341345, ""E_L"": -75.17495494428697, ""v_T"": -36.80951637441368, ""delta_T"": 3.926474516423779, ""v_reset"": -69.4822194635526}","{""C_m"": 38.69505034116576, ""g_L"": 9.681963132341345, ""E_L"": -75.17495494428697, ""v_T"": -36.80951637441368, ""delta_T"": 3.926474516423779, ""v_reset"": -69.4822194635526}","{""C_m"": 200.0, ""g_L"": 10.0, ""E_L"": -70.0, ""v_T"": -50.0, ""delta_T"": 2.0, ""v_reset"": -58.0}",2026-04-28T18:30:21.448703+00:00,0.701325868081888,0.03975460845733192,0.11499899876193259,0.5276193450234526,0.10139339560125153,0.3280634132443599
initial_bursting_037_nm_guarino,initial_bursting,37,nm_guarino,-0.43921568627450985,7,8,0.2747167944908142,0.2747167944908142,0.2747167944908142,0.2747167944908142,warmstart,50,0.613516092300415,False,"{""C_m"": 86.24580650810773, ""g_L"": 6.14095127455367, ""E_L"": -73.07732016436044, ""v_T"": -51.11256350206115, ""delta_T"": 11.41146785138331, ""v_reset"": -75.41195094544602}","{""C_m"": 86.24580650810773, ""g_L"": 6.14095127455367, ""E_L"": -73.07732016436044, ""v_T"": -51.11256350206115, ""delta_T"": 11.41146785138331, ""v_reset"": -75.41195094544602}","{""C_m"": 200.0, ""g_L"": 10.0, ""E_L"": -70.0, ""v_T"": -50.0, ""delta_T"": 2.0, ""v_reset"": -58.0}",2026-04-28T18:30:22.062330+00:00,0.494583449964749,0.48238109068079127,0.0683848925413432,0.04450254008244599,0.49534041323070055,0.4974843127270292
initial_bursting_038_grad_guarino,initial_bursting,38,grad_guarino,-0.43921568627450985,7,8,0.19655220210552216,1.2661402225494385,22.594043731689453,0.19655220210552216,warmstart,25,1.3442752361297607,True,"{""C_m"": 164.12903994828628, ""g_L"": 9.021755115783183, ""E_L"": -66.91256273718199, ""v_T"": -59.35827681828823, ""delta_T"": 5.617691010664948, ""v_reset"": -70.61024251916677}","{""C_m"": 164.12903994828628, ""g_L"": 9.021755115783183, ""E_L"": -66.91256273718199, ""v_T"": -59.35827681828823, ""delta_T"": 5.617691010664948, ""v_reset"": -70.61024251916677}","{""C_m"": 200.0, ""g_L"": 10.0, ""E_L"": -70.0, ""v_T"": -50.0, ""delta_T"": 2.0, ""v_reset"": -58.0}",2026-04-28T18:30:23.406724+00:00,0.1559606958770162,0.12228061052710215,0.06860971695151143,0.37433107273152927,0.19040479003499725,0.360292643404765
initial_bursting_038_grad_vanrossum,initial_bursting,38,grad_vanrossum,-0.43921568627450985,7,8,4.334507465362549,8.100627899169922,42.210975646972656,4.334507465362549,warmstart,25,1.5176401138305664,True,"{""C_m"": 164.12903994828628, ""g_L"": 9.021755115783183, ""E_L"": -66.91256273718199, ""v_T"": -59.35827681828823, ""delta_T"": 5.617691010664948, ""v_reset"": -70.61024251916677}","{""C_m"": 164.12903994828628, ""g_L"": 9.021755115783183, ""E_L"": -66.91256273718199, ""v_T"": -59.35827681828823, ""delta_T"": 5.617691010664948, ""v_reset"": -70.61024251916677}","{""C_m"": 200.0, ""g_L"": 10.0, ""E_L"": -70.0, ""v_T"": -50.0, ""delta_T"": 2.0, ""v_reset"": -58.0}",2026-04-28T18:30:24.924558+00:00,0.1559606958770162,0.12228061052710215,0.06860971695151143,0.37433107273152927,0.19040479003499725,0.360292643404765
initial_bursting_038_nm_guarino,initial_bursting,38,nm_guarino,-0.43921568627450985,7,8,0.19655220210552216,0.13060329854488373,0.13060329854488373,0.13060329854488373,training,50,0.613865852355957,False,"{""C_m"": 164.12903994828628, ""g_L"": 9.021755115783183, ""E_L"": -66.91256273718199, ""v_T"": -59.35827681828823, ""delta_T"": 5.617691010664948, ""v_reset"": -70.61024251916677}","{""C_m"": 166.35350994892838, ""g_L"": 8.782954553018268, ""E_L"": -66.65089660636559, ""v_T"": -59.66225990765342, ""delta_T"": 5.724742135720482, ""v_reset"": -69.87456028336763}","{""C_m"": 200.0, ""g_L"": 10.0, ""E_L"": -70.0, ""v_T"": -50.0, ""delta_T"": 2.0, ""v_reset"": -58.0}",2026-04-28T18:30:25.538550+00:00,0.14628908717857228,0.15213068087271653,0.0744245198585424,0.38649039630613685,0.19603905977476221,0.3392731509533608
initial_bursting_039_grad_guarino,initial_bursting,39,grad_guarino,0.5411764705882354,7,8,0.5805785059928894,0.4774979054927826,0.47751885652542114,0.4774979054927826,training,25,1.385932207107544,True,"{""C_m"": 103.85584756072953, ""g_L"": 10.15070803895877, ""E_L"": -76.25187535759767, ""v_T"": -49.7420038062226, ""delta_T"": 17.74870615100176, ""v_reset"": -57.413338825121386}","{""C_m"": 107.67183685302734, ""g_L"": 10.142718315124512, ""E_L"": -76.41218566894531, ""v_T"": -49.542816162109375, ""delta_T"": 17.75392723083496, ""v_reset"": -57.45946502685547}","{""C_m"": 200.0, ""g_L"": 10.0, ""E_L"": -70.0, ""v_T"": -50.0, ""delta_T"": 2.0, ""v_reset"": -58.0}",2026-04-28T18:30:26.924612+00:00,0.40142679629118544,0.017839789390563965,0.14249301486545138,0.018287353515625,0.8291540647807875,0.015443856375558035
initial_bursting_039_grad_vanrossum,initial_bursting,39,grad_vanrossum,0.2890625,7,9,4.577066421508789,4.600987911224365,15.207233428955078,4.577066421508789,warmstart,25,1.5186529159545898,True,"{""C_m"": 110.93786377331595, ""g_L"": 10.160940965085903, ""E_L"": -81.16796768449862, ""v_T"": -51.29849733888514, ""delta_T"": 4.8014027978200176, ""v_reset"": -55.50691488274437}","{""C_m"": 110.93786377331595, ""g_L"": 10.160940965085903, ""E_L"": -81.16796768449862, ""v_T"": -51.29849733888514, ""delta_T"": 4.8014027978200176, ""v_reset"": -55.50691488274437}","{""C_m"": 200.0, ""g_L"": 10.0, ""E_L"": -70.0, ""v_T"": -50.0, ""delta_T"": 2.0, ""v_reset"": -58.0}",2026-04-28T18:30:28.443393+00:00,0.3872266792464524,0.020117620635737854,0.2481770596555249,0.05193989355540566,0.14744225251684304,0.0712310033501609
initial_bursting_039_nm_guarino,initial_bursting,39,nm_guarino,0.34509803921568627,7,8,0.5805785059928894,0.4818018674850464,0.4818018674850464,0.4818018674850464,training,50,0.6076798439025879,False,"{""C_m"": 103.85584756072953, ""g_L"": 10.15070803895877, ""E_L"": -76.25187535759767, ""v_T"": -49.7420038062226, ""delta_T"": 17.74870615100176, ""v_reset"": -57.413338825121386}","{""C_m"": 105.56449213322202, ""g_L"": 10.244867557001374, ""E_L"": -76.31218928450858, ""v_T"": -49.82355518036193, ""delta_T"": 17.79009095611428, ""v_reset"": -58.399578389448024}","{""C_m"": 200.0, ""g_L"": 10.0, ""E_L"": -70.0, ""v_T"": -50.0, ""delta_T"": 2.0, ""v_reset"": -58.0}",2026-04-28T18:30:29.051194+00:00,0.41058916463816514,0.03060844462517176,0.14027087298907948,0.007057792785522849,0.8310574187428569,0.011416525412800686
initial_bursting_040_grad_guarino,initial_bursting,40,grad_guarino,-0.4583333333333336,7,17,0.4437328577041626,0.42685019969940186,11.643903732299805,0.42685019969940186,training,25,1.3515520095825195,True,"{""C_m"": 75.03493504673429, ""g_L"": 12.27104168419186, ""E_L"": -73.67308669399549, ""v_T"": -43.24548900162152, ""delta_T"": 6.0076011026142035, ""v_reset"": -61.990662747792975}","{""C_m"": 18.072465896606445, ""g_L"": 11.867361068725586, ""E_L"": -68.08405303955078, ""v_T"": -51.01828384399414, ""delta_T"": 4.759147644042969, ""v_reset"": -62.56526184082031}","{""C_m"": 200.0, ""g_L"": 10.0, ""E_L"": -70.0, ""v_T"": -50.0, ""delta_T"": 2.0, ""v_reset"": -58.0}",2026-04-28T18:30:30.402864+00:00,0.7909892787104068,0.23342013359069824,0.04257659912109375,0.04073135375976562,0.1452182970548931,0.13043605259486607
initial_bursting_040_grad_vanrossum,initial_bursting,40,grad_vanrossum,-0.43921568627450985,7,8,4.586673259735107,7.157765865325928,10.074040412902832,4.586673259735107,warmstart,25,1.5232908725738525,True,"{""C_m"": 130.4705605789214, ""g_L"": 12.647838482148273, ""E_L"": -66.46536237661232, ""v_T"": -50.315192800501855, ""delta_T"": 8.2209550652772, ""v_reset"": -60.916392600770195}","{""C_m"": 130.4705605789214, ""g_L"": 12.647838482148273, ""E_L"": -66.46536237661232, ""v_T"": -50.315192800501855, ""delta_T"": 8.2209550652772, ""v_reset"": -60.916392600770195}","{""C_m"": 200.0, ""g_L"": 10.0, ""E_L"": -70.0, ""v_T"": -50.0, ""delta_T"": 2.0, ""v_reset"": -58.0}",2026-04-28T18:30:31.926381+00:00,0.3023019105264287,0.3309798102685342,0.07854750274194847,0.012607712020074189,0.32741868764616844,0.08332550287914842
initial_bursting_040_nm_guarino,initial_bursting,40,nm_guarino,0.6031746031746031,7,7,0.4437328577041626,0.22891363501548767,0.22891363501548767,0.22891363501548767,training,50,0.6128849983215332,False,"{""C_m"": 75.03493504673429, ""g_L"": 12.27104168419186, ""E_L"": -73.67308669399549, ""v_T"": -43.24548900162152, ""delta_T"": 6.0076011026142035, ""v_reset"": -61.990662747792975}","{""C_m"": 75.16559136523418, ""g_L"": 12.474999767077609, ""E_L"": -76.03870879499125, ""v_T"": -44.1688855057245, ""delta_T"": 6.228407173997692, ""v_reset"": -57.64324986779694}","{""C_m"": 200.0, ""g_L"": 10.0, ""E_L"": -70.0, ""v_T"": -50.0, ""delta_T"": 2.0, ""v_reset"": -58.0}",2026-04-28T18:30:32.539385+00:00,0.5427582984120253,0.3093749708847011,0.13419352877758337,0.23324457977102014,0.2225477459998785,0.010192860920087452
initial_bursting_041_grad_guarino,initial_bursting,41,grad_guarino,-0.04705882352941181,7,8,0.5091555714607239,0.5036196112632751,11.70161247253418,0.5036196112632751,training,25,1.330826997756958,True,"{""C_m"": 109.20539153874054, ""g_L"": 13.635268522868078, ""E_L"": -73.62074025347988, ""v_T"": -46.52148967812434, ""delta_T"": 13.797081009193523, ""v_reset"": -55.408822246307594}","{""C_m"": 99.42980194091797, ""g_L"": 13.634885787963867, ""E_L"": -73.06172180175781, ""v_T"": -47.15616226196289, ""delta_T"": 13.835476875305176, ""v_reset"": -55.45308303833008}","{""C_m"": 200.0, ""g_L"": 10.0, ""E_L"": -70.0, ""v_T"": -50.0, ""delta_T"": 2.0, ""v_reset"": -58.0}",2026-04-28T18:30:33.870331+00:00,0.437261730691661,0.4543607234954834,0.06803826226128472,0.11375350952148437,0.6229198355423776,0.07276905604771206
initial_bursting_041_grad_vanrossum,initial_bursting,41,grad_vanrossum,0.5411764705882354,7,8,4.272894859313965,4.320219039916992,15.235539436340332,4.272894859313965,warmstart,25,1.509007215499878,True,"{""C_m"": 56.079103294543295, ""g_L"": 10.721396805232839, ""E_L"": -81.36418741691598, ""v_T"": -45.31271178822203, ""delta_T"": 4.345699186151362, ""v_reset"": -56.81506508130504}","{""C_m"": 56.079103294543295, ""g_L"": 10.721396805232839, ""E_L"": -81.36418741691598, ""v_T"": -45.31271178822203, ""delta_T"": 4.345699186151362, ""v_reset"": -56.81506508130504}","{""C_m"": 200.0, ""g_L"": 10.0, ""E_L"": -70.0, ""v_T"": -50.0, ""delta_T"": 2.0, ""v_reset"": -58.0}",2026-04-28T18:30:35.379464+00:00,0.6257430291541596,0.09017460065410488,0.2525374981536885,0.18749152847111872,0.12345785190270324,0.03385528339128448
initial_bursting_041_nm_guarino,initial_bursting,41,nm_guarino,0.34509803921568627,7,8,0.5091555714607239,0.3866024911403656,0.3866024911403656,0.3866024911403656,training,50,0.6046698093414307,False,"{""C_m"": 109.20539153874054, ""g_L"": 13.635268522868078, ""E_L"": -73.62074025347988, ""v_T"": -46.52148967812434, ""delta_T"": 13.797081009193523, ""v_reset"": -55.408822246307594}","{""C_m"": 111.22771360427278, ""g_L"": 13.652935014764532, ""E_L"": -72.59822997218154, ""v_T"": -47.38299874623774, ""delta_T"": 14.052582509363768, ""v_reset"": -53.81838382997839}","{""C_m"": 200.0, ""g_L"": 10.0, ""E_L"": -70.0, ""v_T"": -50.0, ""delta_T"": 2.0, ""v_reset"": -58.0}",2026-04-28T18:30:35.984249+00:00,0.38596646259011835,0.4566168768455665,0.057738443826256494,0.10468005015049045,0.6343464478612509,0.11947474771490323
initial_bursting_042_grad_guarino,initial_bursting,42,grad_guarino,-0.24313725490196084,7,8,0.5352857708930969,0.7418811321258545,8.803049087524414,0.5352857708930969,warmstart,25,1.335198163986206,True,"{""C_m"": 51.88227907813827, ""g_L"": 11.56222568561719, ""E_L"": -78.39799858447826, ""v_T"": -38.0309510385334, ""delta_T"": 11.02659738777385, ""v_reset"": -50.719464961147004}","{""C_m"": 51.88227907813827, ""g_L"": 11.56222568561719, ""E_L"": -78.39799858447826, ""v_T"": -38.0309510385334, ""delta_T"": 11.02659738777385, ""v_reset"": -50.719464961147004}","{""C_m"": 200.0, ""g_L"": 10.0, ""E_L"": -70.0, ""v_T"": -50.0, ""delta_T"": 2.0, ""v_reset"": -58.0}",2026-04-28T18:30:37.319577+00:00,0.6439900909646162,0.19527821070214868,0.18662219076618353,0.4787619584586639,0.4750840730407289,0.20801528682437131
initial_bursting_042_grad_vanrossum,initial_bursting,42,grad_vanrossum,0.0,7,0,5.838387489318848,5.636953353881836,14.493781089782715,5.636953353881836,training,25,1.5140891075134277,True,"{""C_m"": 62.56501938814726, ""g_L"": 13.300051334991554, ""E_L"": -76.26359101219701, ""v_T"": -49.12962738157688, ""delta_T"": 5.608431279050987, ""v_reset"": -58.901326751121395}","{""C_m"": 240.0, ""g_L"": 14.0, ""E_L"": -110.0, ""v_T"": -35.0, ""delta_T"": 20.0, ""v_reset"": -45.0}","{""C_m"": 200.0, ""g_L"": 10.0, ""E_L"": -70.0, ""v_T"": -50.0, ""delta_T"": 2.0, ""v_reset"": -58.0}",2026-04-28T18:30:38.834036+00:00,0.17391304347826086,0.5,0.8888888888888888,0.6,0.9473684210526315,0.37142857142857144
initial_bursting_042_nm_guarino,initial_bursting,42,nm_guarino,-0.24313725490196084,7,8,0.5352857708930969,0.5352857708930969,0.5352857708930969,0.5352857708930969,warmstart,50,0.6051340103149414,False,"{""C_m"": 51.88227907813827, ""g_L"": 11.56222568561719, ""E_L"": -78.39799858447826, ""v_T"": -38.0309510385334, ""delta_T"": 11.02659738777385, ""v_reset"": -50.719464961147004}","{""C_m"": 51.88227907813827, ""g_L"": 11.56222568561719, ""E_L"": -78.39799858447826, ""v_T"": -38.0309510385334, ""delta_T"": 11.02659738777385, ""v_reset"": -50.719464961147004}","{""C_m"": 200.0, ""g_L"": 10.0, ""E_L"": -70.0, ""v_T"": -50.0, ""delta_T"": 2.0, ""v_reset"": -58.0}",2026-04-28T18:30:39.439296+00:00,0.6439900909646162,0.19527821070214868,0.18662219076618353,0.4787619584586639,0.4750840730407289,0.20801528682437131
initial_bursting_043_grad_guarino,initial_bursting,43,grad_guarino,0.5185185185185184,7,20,0.5785191059112549,0.4327079951763153,0.4327079951763153,0.4327079951763153,training,1,1.2980878353118896,True,"{""C_m"": 101.51592930559214, ""g_L"": 7.3599603916947505, ""E_L"": -78.79825201864458, ""v_T"": -48.3350703984881, ""delta_T"": 11.28024814092234, ""v_reset"": -57.93093389931808}","{""C_m"": 22.042354583740234, ""g_L"": 7.359446048736572, ""E_L"": -73.01142883300781, ""v_T"": -54.130149841308594, ""delta_T"": 7.951256275177002, ""v_reset"": -58.22947692871094}","{""C_m"": 200.0, ""g_L"": 10.0, ""E_L"": -70.0, ""v_T"": -50.0, ""delta_T"": 2.0, ""v_reset"": -58.0}",2026-04-28T18:30:40.737508+00:00,0.7737288931141729,0.33006924390792847,0.06692064073350694,0.16520599365234376,0.3132240144830001,0.0065564836774553575
initial_bursting_043_grad_vanrossum,initial_bursting,43,grad_vanrossum,0.9999999999999999,7,7,4.495983600616455,4.549727439880371,1292156.125,4.495983600616455,warmstart,25,1.50380277633667,True,"{""C_m"": 96.11747655910489, ""g_L"": 8.042507600680786, ""E_L"": -85.17968653694088, ""v_T"": -55.45915791710655, ""delta_T"": 19.857834074093628, ""v_reset"": -69.46804197187423}","{""C_m"": 96.11747655910489, ""g_L"": 8.042507600680786, ""E_L"": -85.17968653694088, ""v_T"": -55.45915791710655, ""delta_T"": 19.857834074093628, ""v_reset"": -69.46804197187423}","{""C_m"": 200.0, ""g_L"": 10.0, ""E_L"": -70.0, ""v_T"": -50.0, ""delta_T"": 2.0, ""v_reset"": -58.0}",2026-04-28T18:30:42.241428+00:00,0.45166314539519614,0.2446865499149018,0.33732636748757505,0.21836631668426207,0.9398860038996646,0.3276583420535494
initial_bursting_043_nm_guarino,initial_bursting,43,nm_guarino,-0.04705882352941181,7,8,0.5785191059112549,0.4114249646663666,0.4114249646663666,0.4114249646663666,training,50,0.6032590866088867,False,"{""C_m"": 101.51592930559214, ""g_L"": 7.3599603916947505, ""E_L"": -78.79825201864458, ""v_T"": -48.3350703984881, ""delta_T"": 11.28024814092234, ""v_reset"": -57.93093389931808}","{""C_m"": 103.20786146068535, ""g_L"": 7.482626398222996, ""E_L"": -74.85833941771234, ""v_T"": -49.140654905129566, ""delta_T"": 11.468252276604384, ""v_reset"": -58.8964494643067}","{""C_m"": 200.0, ""g_L"": 10.0, ""E_L"": -70.0, ""v_T"": -50.0, ""delta_T"": 2.0, ""v_reset"": -58.0}",2026-04-28T18:30:42.844808+00:00,0.42083538495354195,0.31467170022212554,0.10796309817138541,0.03437380379481738,0.4983290671897044,0.02561284183733424
initial_bursting_044_grad_guarino,initial_bursting,44,grad_guarino,0.0079365079365079,7,7,0.43575319647789,0.6416975259780884,20.944236755371094,0.43575319647789,warmstart,25,1.5555291175842285,True,"{""C_m"": 109.14871399620175, ""g_L"": 9.39857851800858, ""E_L"": -68.61599057968274, ""v_T"": -47.055641322159445, ""delta_T"": 5.210584352055324, ""v_reset"": -65.73819249210345}","{""C_m"": 109.14871399620175, ""g_L"": 9.39857851800858, ""E_L"": -68.61599057968274, ""v_T"": -47.055641322159445, ""delta_T"": 5.210584352055324, ""v_reset"": -65.73819249210345}","{""C_m"": 200.0, ""g_L"": 10.0, ""E_L"": -70.0, ""v_T"": -50.0, ""delta_T"": 2.0, ""v_reset"": -58.0}",2026-04-28T18:30:44.400843+00:00,0.39500559132086194,0.07517768524892743,0.030755764895939012,0.11777434711362218,0.1689781237923855,0.2210912140600986
initial_bursting_044_grad_vanrossum,initial_bursting,44,grad_vanrossum,0.05357142857142861,7,21,5.9484758377075195,5.4956440925598145,44.59748840332031,5.4956440925598145,training,25,1.5088539123535156,True,"{""C_m"": 109.14871399620175, ""g_L"": 9.39857851800858, ""E_L"": -68.61599057968274, ""v_T"": -47.055641322159445, ""delta_T"": 5.210584352055324, ""v_reset"": -65.73819249210345}","{""C_m"": 10.0, ""g_L"": 6.0, ""E_L"": -65.0, ""v_T"": -60.0, ""delta_T"": 1.0, ""v_reset"": -80.0}","{""C_m"": 200.0, ""g_L"": 10.0, ""E_L"": -70.0, ""v_T"": -50.0, ""delta_T"": 2.0, ""v_reset"": -58.0}",2026-04-28T18:30:45.909817+00:00,0.8260869565217391,0.5,0.1111111111111111,0.4,0.05263157894736842,0.6285714285714286
initial_bursting_044_nm_guarino,initial_bursting,44,nm_guarino,-0.43921568627450985,7,8,0.43575319647789,0.14227941632270813,0.14227941632270813,0.14227941632270813,training,50,0.6242341995239258,False,"{""C_m"": 109.14871399620175, ""g_L"": 9.39857851800858, ""E_L"": -68.61599057968274, ""v_T"": -47.055641322159445, ""delta_T"": 5.210584352055324, ""v_reset"": -65.73819249210345}","{""C_m"": 109.43779500949185, ""g_L"": 9.497712158729334, ""E_L"": -66.34273465185441, ""v_T"": -47.5112093974649, ""delta_T"": 5.332818575142002, ""v_reset"": -66.56169721251109}","{""C_m"": 200.0, ""g_L"": 10.0, ""E_L"": -70.0, ""v_T"": -50.0, ""delta_T"": 2.0, ""v_reset"": -58.0}",2026-04-28T18:30:46.534168+00:00,0.3937487173500354,0.0627859801588333,0.08127256329212414,0.09955162410140389,0.1754115039548422,0.24461992035745977
initial_bursting_045_grad_guarino,initial_bursting,45,grad_guarino,0.1875,7,1,0.4377579391002655,0.3663567304611206,9.435028076171875,0.3663567304611206,training,25,1.7848072052001953,True,"{""C_m"": 81.94076569008152, ""g_L"": 11.783009387644267, ""E_L"": -86.00387604556182, ""v_T"": -53.92691487590994, ""delta_T"": 14.484650154662395, ""v_reset"": -70.73675156947237}","{""C_m"": 199.484375, ""g_L"": 11.85937213897705, ""E_L"": -98.25054931640625, ""v_T"": -49.09806823730469, ""delta_T"": 15.541234970092773, ""v_reset"": -71.11536407470703}","{""C_m"": 200.0, ""g_L"": 10.0, ""E_L"": -70.0, ""v_T"": -50.0, ""delta_T"": 2.0, ""v_reset"": -58.0}",2026-04-28T18:30:48.319110+00:00,0.0022418478260869566,0.23242151737213135,0.6277899848090278,0.0360772705078125,0.7126965773733038,0.37472468784877233
initial_bursting_045_grad_vanrossum,initial_bursting,45,grad_vanrossum,-0.13765182186234817,7,6,5.463085651397705,6.119731426239014,10.754339218139648,5.463085651397705,warmstart,25,1.506814956665039,True,"{""C_m"": 123.3535179624252, ""g_L"": 6.068932457755844, ""E_L"": -82.67624594876409, ""v_T"": -49.556855210804585, ""delta_T"": 6.895210099759397, ""v_reset"": -65.755735787077}","{""C_m"": 123.3535179624252, ""g_L"": 6.068932457755844, ""E_L"": -82.67624594876409, ""v_T"": -49.556855210804585, ""delta_T"": 6.895210099759397, ""v_reset"": -65.755735787077}","{""C_m"": 200.0, ""g_L"": 10.0, ""E_L"": -70.0, ""v_T"": -50.0, ""delta_T"": 2.0, ""v_reset"": -58.0}",2026-04-28T18:30:49.826051+00:00,0.33324557407641214,0.4913834427805195,0.2816943544169798,0.0177257915678166,0.25764263682944194,0.22159245105934286
initial_bursting_045_nm_guarino,initial_bursting,45,nm_guarino,0.9999999999999999,7,7,0.4377579391002655,0.3113660514354706,0.3113660514354706,0.3113660514354706,training,50,0.6067850589752197,False,"{""C_m"": 81.94076569008152, ""g_L"": 11.783009387644267, ""E_L"": -86.00387604556182, ""v_T"": -53.92691487590994, ""delta_T"": 14.484650154662395, ""v_reset"": -70.73675156947237}","{""C_m"": 82.52802257622534, ""g_L"": 11.99915039263405, ""E_L"": -85.0539664592805, ""v_T"": -53.879552472423185, ""delta_T"": 14.755117301291898, ""v_reset"": -70.4056474781998}","{""C_m"": 200.0, ""g_L"": 10.0, ""E_L"": -70.0, ""v_T"": -50.0, ""delta_T"": 2.0, ""v_reset"": -58.0}",2026-04-28T18:30:50.433100+00:00,0.510747727929455,0.24989379907925624,0.33453258798401114,0.1551820988969274,0.6713219632258894,0.3544470708057085
initial_bursting_046_grad_guarino,initial_bursting,46,grad_guarino,-0.04705882352941181,7,8,0.5339586138725281,1.1525843143463135,1400.286376953125,0.5339586138725281,warmstart,25,1.3449459075927734,True,"{""C_m"": 84.67901396304961, ""g_L"": 6.1274291291744625, ""E_L"": -107.60814774703994, ""v_T"": -50.63136407180168, ""delta_T"": 2.706146130714723, ""v_reset"": -64.56123470850687}","{""C_m"": 84.67901396304961, ""g_L"": 6.1274291291744625, ""E_L"": -107.60814774703994, ""v_T"": -50.63136407180168, ""delta_T"": 2.706146130714723, ""v_reset"": -64.56123470850687}","{""C_m"": 200.0, ""g_L"": 10.0, ""E_L"": -70.0, ""v_T"": -50.0, ""delta_T"": 2.0, ""v_reset"": -58.0}",2026-04-28T18:30:51.778174+00:00,0.5013955914650017,0.4840713588531922,0.8357366166008875,0.025254562872067083,0.03716558582709068,0.1874638488144821
initial_bursting_046_grad_vanrossum,initial_bursting,46,grad_vanrossum,0.06477732793522269,7,6,3.415097951889038,6.090122699737549,46.534481048583984,3.415097951889038,warmstart,25,1.513782024383545,True,"{""C_m"": 65.32137089039234, ""g_L"": 11.541474536352307, ""E_L"": -100.14639539859407, ""v_T"": -53.06934585027615, ""delta_T"": 5.48402653223413, ""v_reset"": -54.573577524482936}","{""C_m"": 65.32137089039234, ""g_L"": 11.541474536352307, ""E_L"": -100.14639539859407, ""v_T"": -53.06934585027615, ""delta_T"": 5.48402653223413, ""v_reset"": -54.573577524482936}","{""C_m"": 200.0, ""g_L"": 10.0, ""E_L"": -70.0, ""v_T"": -50.0, ""delta_T"": 2.0, ""v_reset"": -58.0}",2026-04-28T18:30:53.292066+00:00,0.5855592569982941,0.19268431704403843,0.6699198977465348,0.12277383401104601,0.18336981748600684,0.09789778501477327
initial_bursting_046_nm_guarino,initial_bursting,46,nm_guarino,-0.04705882352941181,7,8,0.5339586138725281,0.5107637643814087,0.5107637643814087,0.5107637643814087,training,50,0.6062901020050049,False,"{""C_m"": 84.67901396304961, ""g_L"": 6.1274291291744625, ""E_L"": -107.60814774703994, ""v_T"": -50.63136407180168, ""delta_T"": 2.706146130714723, ""v_reset"": -64.56123470850687}","{""C_m"": 85.65940604382737, ""g_L"": 6.090605206505405, ""E_L"": -108.16199288468309, ""v_T"": -50.628059467546734, ""delta_T"": 2.7788211013743904, ""v_reset"": -64.23266620668247}","{""C_m"": 200.0, ""g_L"": 10.0, ""E_L"": -70.0, ""v_T"": -50.0, ""delta_T"": 2.0, ""v_reset"": -58.0}",2026-04-28T18:30:53.898471+00:00,0.49713301720075054,0.4886743491868244,0.8480442863262908,0.025122378701869365,0.040990584282862653,0.17807617733378475
initial_bursting_047_grad_guarino,initial_bursting,47,grad_guarino,0.05357142857142861,7,21,0.8779030442237854,0.854236364364624,20.97914695739746,0.854236364364624,training,25,1.347409963607788,True,"{""C_m"": 46.53567205998609, ""g_L"": 7.819314475911061, ""E_L"": -104.72746878476029, ""v_T"": -45.19837365627697, ""delta_T"": 5.730472017294533, ""v_reset"": -59.7056197576563}","{""C_m"": 10.0, ""g_L"": 6.0, ""E_L"": -65.0, ""v_T"": -60.0, ""delta_T"": 1.0, ""v_reset"": -80.0}","{""C_m"": 200.0, ""g_L"": 10.0, ""E_L"": -70.0, ""v_T"": -50.0, ""delta_T"": 2.0, ""v_reset"": -58.0}",2026-04-28T18:30:55.245995+00:00,0.8260869565217391,0.5,0.1111111111111111,0.4,0.05263157894736842,0.6285714285714286
initial_bursting_047_grad_vanrossum,initial_bursting,47,grad_vanrossum,-0.3888888888888889,7,7,5.080027103424072,7.508828639984131,16.158626556396484,5.080027103424072,warmstart,25,1.5058610439300537,True,"{""C_m"": 135.24338509716662, ""g_L"": 7.738987952864818, ""E_L"": -87.83075951818921, ""v_T"": -56.73090603163179, ""delta_T"": 8.092533208022425, ""v_reset"": -64.97264960411346}","{""C_m"": 135.24338509716662, ""g_L"": 7.738987952864818, ""E_L"": -87.83075951818921, ""v_T"": -56.73090603163179, ""delta_T"": 8.092533208022425, ""v_reset"": -64.97264960411346}","{""C_m"": 200.0, ""g_L"": 10.0, ""E_L"": -70.0, ""v_T"": -50.0, ""delta_T"": 2.0, ""v_reset"": -58.0}",2026-04-28T18:30:56.751971+00:00,0.2815504995775364,0.28262650589189775,0.3962391004042047,0.26923624126527157,0.32065964252749607,0.19921856011752734
initial_bursting_047_nm_guarino,initial_bursting,47,nm_guarino,0.14901960784313723,7,8,0.8779030442237854,0.4630579352378845,0.4630579352378845,0.4630579352378845,training,50,0.6012160778045654,False,"{""C_m"": 46.53567205998609, ""g_L"": 7.819314475911061, ""E_L"": -104.72746878476029, ""v_T"": -45.19837365627697, ""delta_T"": 5.730472017294533, ""v_reset"": -59.7056197576563}","{""C_m"": 43.998898098668555, ""g_L"": 8.038573488364307, ""E_L"": -102.52499552576666, ""v_T"": -46.465767467192016, ""delta_T"": 5.838098509343172, ""v_reset"": -61.37980683202218}","{""C_m"": 200.0, ""g_L"": 10.0, ""E_L"": -70.0, ""v_T"": -50.0, ""delta_T"": 2.0, ""v_reset"": -58.0}",2026-04-28T18:30:57.353629+00:00,0.6782656604405716,0.24517831395446166,0.7227776783503701,0.14136930131231934,0.2020051847022722,0.09656590948634809
initial_bursting_048_grad_guarino,initial_bursting,48,grad_guarino,-0.07287449392712547,7,12,0.5156182646751404,0.39304545521736145,11.648571968078613,0.39304545521736145,training,25,1.3299307823181152,True,"{""C_m"": 72.34622981435092, ""g_L"": 11.295123448596254, ""E_L"": -75.90341085704156, ""v_T"": -39.778368673226794, ""delta_T"": 8.699780066312194, ""v_reset"": -53.3365188775482}","{""C_m"": 35.401878356933594, ""g_L"": 10.953317642211914, ""E_L"": -72.05218505859375, ""v_T"": -41.54932403564453, ""delta_T"": 8.022891998291016, ""v_reset"": -53.22798538208008}","{""C_m"": 200.0, ""g_L"": 10.0, ""E_L"": -70.0, ""v_T"": -50.0, ""delta_T"": 2.0, ""v_reset"": -58.0}",2026-04-28T18:30:58.683668+00:00,0.715644007143767,0.11916470527648926,0.045604112413194446,0.33802703857421873,0.31699431569952713,0.13634327479771205
initial_bursting_048_grad_vanrossum,initial_bursting,48,grad_vanrossum,0.6720647773279353,7,6,4.904927730560303,5.550934314727783,20.48181915283203,4.904927730560303,warmstart,25,1.5228018760681152,True,"{""C_m"": 31.629508340589318, ""g_L"": 12.447542488269987, ""E_L"": -109.51547894588919, ""v_T"": -52.43155796855258, ""delta_T"": 17.547418337856456, ""v_reset"": -64.52055735847425}","{""C_m"": 31.629508340589318, ""g_L"": 12.447542488269987, ""E_L"": -109.51547894588919, ""v_T"": -52.43155796855258, ""delta_T"": 17.547418337856456, ""v_reset"": -64.52055735847425}","{""C_m"": 200.0, ""g_L"": 10.0, ""E_L"": -70.0, ""v_T"": -50.0, ""delta_T"": 2.0, ""v_reset"": -58.0}",2026-04-28T18:31:00.206583+00:00,0.7320456159104812,0.3059428110337483,0.878121754353093,0.09726231874210328,0.8182851756766556,0.18630163881355
initial_bursting_048_nm_guarino,initial_bursting,48,nm_guarino,-0.04705882352941181,7,8,0.5156182646751404,0.3887943923473358,0.3887943923473358,0.3887943923473358,training,50,0.6152379512786865,False,"{""C_m"": 72.34622981435092, ""g_L"": 11.295123448596254, ""E_L"": -75.90341085704156, ""v_T"": -39.778368673226794, ""delta_T"": 8.699780066312194, ""v_reset"": -53.3365188775482}","{""C_m"": 71.75470820087111, ""g_L"": 11.609488986227635, ""E_L"": -74.68713611313507, ""v_T"": -40.647815260435735, ""delta_T"": 8.966973179476856, ""v_reset"": -51.367640877525545}","{""C_m"": 200.0, ""g_L"": 10.0, ""E_L"": -70.0, ""v_T"": -50.0, ""delta_T"": 2.0, ""v_reset"": -58.0}",2026-04-28T18:31:00.821929+00:00,0.5575882252136038,0.20118612327845442,0.1041585802918904,0.3740873895825706,0.3666827989198345,0.18949597492784157
initial_bursting_049_grad_guarino,initial_bursting,49,grad_guarino,0.8015873015873016,7,7,0.5550644397735596,0.5544112920761108,2.3093101978302,0.5544112920761108,training,4,1.3096132278442383,True,"{""C_m"": 39.42521357591459, ""g_L"": 12.89402945418339, ""E_L"": -82.31009307381852, ""v_T"": -36.28679691882291, ""delta_T"": 12.997274116330939, ""v_reset"": -49.980228980625085}","{""C_m"": 36.95261001586914, ""g_L"": 12.87004280090332, ""E_L"": -80.98379516601562, ""v_T"": -36.307334899902344, ""delta_T"": 13.153372764587402, ""v_reset"": -49.98701477050781}","{""C_m"": 200.0, ""g_L"": 10.0, ""E_L"": -70.0, ""v_T"": -50.0, ""delta_T"": 2.0, ""v_reset"": -58.0}",2026-04-28T18:31:02.131681+00:00,0.7089016955831776,0.35875535011291504,0.24408433702256943,0.5477066040039062,0.5870196191888106,0.22894243512834822
initial_bursting_049_grad_vanrossum,initial_bursting,49,grad_vanrossum,-0.13765182186234817,7,6,4.448874473571777,7.1844072341918945,17.468952178955078,4.448874473571777,warmstart,25,1.5113661289215088,True,"{""C_m"": 90.03434701514833, ""g_L"": 9.146135847138112, ""E_L"": -99.91017419700255, ""v_T"": -50.74375146243997, ""delta_T"": 8.056626423225955, ""v_reset"": -59.23485246320347}","{""C_m"": 90.03434701514833, ""g_L"": 9.146135847138112, ""E_L"": -99.91017419700255, ""v_T"": -50.74375146243997, ""delta_T"": 8.056626423225955, ""v_reset"": -59.23485246320347}","{""C_m"": 200.0, ""g_L"": 10.0, ""E_L"": -70.0, ""v_T"": -50.0, ""delta_T"": 2.0, ""v_reset"": -58.0}",2026-04-28T18:31:03.643209+00:00,0.4781115347167464,0.10673301910773603,0.6646705377111677,0.029750058497598673,0.3187698117487345,0.03528149894867048
initial_bursting_049_nm_guarino,initial_bursting,49,nm_guarino,0.0079365079365079,7,7,0.5550644397735596,0.5008444786071777,0.5008444786071777,0.5008444786071777,training,50,0.6109631061553955,False,"{""C_m"": 39.42521357591459, ""g_L"": 12.89402945418339, ""E_L"": -82.31009307381852, ""v_T"": -36.28679691882291, ""delta_T"": 12.997274116330939, ""v_reset"": -49.980228980625085}","{""C_m"": 39.655133898189916, ""g_L"": 12.454635577807359, ""E_L"": -82.41688543280206, ""v_T"": -36.498414594041066, ""delta_T"": 13.073071738778136, ""v_reset"": -52.951685381049714}","{""C_m"": 200.0, ""g_L"": 10.0, ""E_L"": -70.0, ""v_T"": -50.0, ""delta_T"": 2.0, ""v_reset"": -58.0}",2026-04-28T18:31:04.254309+00:00,0.6971515917470004,0.30682944722591987,0.27593078739560134,0.5400634162383574,0.5827932494093756,0.14423756054143674
initial_bursting_050_grad_guarino,initial_bursting,50,grad_guarino,-0.04705882352941181,7,8,0.426835834980011,0.5464912056922913,0.5697051882743835,0.426835834980011,warmstart,25,1.3315379619598389,True,"{""C_m"": 71.18041506904805, ""g_L"": 8.726797412135713, ""E_L"": -83.08839957836804, ""v_T"": -46.98146006505953, ""delta_T"": 14.842644387477117, ""v_reset"": -63.33259889459246}","{""C_m"": 71.18041506904805, ""g_L"": 8.726797412135713, ""E_L"": -83.08839957836804, ""v_T"": -46.98146006505953, ""delta_T"": 14.842644387477117, ""v_reset"": -63.33259889459246}","{""C_m"": 200.0, ""g_L"": 10.0, ""E_L"": -70.0, ""v_T"": -50.0, ""delta_T"": 2.0, ""v_reset"": -58.0}",2026-04-28T18:31:05.585976+00:00,0.5600851518737041,0.15915032348303582,0.29085332396373426,0.12074159739761882,0.6759286519724799,0.15235996841692737
initial_bursting_050_grad_vanrossum,initial_bursting,50,grad_vanrossum,0.0,7,0,5.133649826049805,4.714441299438477,16.79631996154785,4.714441299438477,training,25,1.501913070678711,True,"{""C_m"": 61.08092507797751, ""g_L"": 13.010500616315994, ""E_L"": -79.89564004899576, ""v_T"": -43.406416571951425, ""delta_T"": 3.3450963158776186, ""v_reset"": -52.301253456141254}","{""C_m"": 240.0, ""g_L"": 14.0, ""E_L"": -110.0, ""v_T"": -35.0, ""delta_T"": 8.473735809326172, ""v_reset"": -52.22954559326172}","{""C_m"": 200.0, ""g_L"": 10.0, ""E_L"": -70.0, ""v_T"": -50.0, ""delta_T"": 2.0, ""v_reset"": -58.0}",2026-04-28T18:31:07.088014+00:00,0.17391304347826086,0.5,0.8888888888888888,0.6,0.3407229373329564,0.16487012590680802
initial_bursting_050_nm_guarino,initial_bursting,50,nm_guarino,-0.04705882352941181,7,8,0.426835834980011,0.426835834980011,0.426835834980011,0.426835834980011,warmstart,50,0.605086088180542,False,"{""C_m"": 71.18041506904805, ""g_L"": 8.726797412135713, ""E_L"": -83.08839957836804, ""v_T"": -46.98146006505953, ""delta_T"": 14.842644387477117, ""v_reset"": -63.33259889459246}","{""C_m"": 71.18041506904805, ""g_L"": 8.726797412135713, ""E_L"": -83.08839957836804, ""v_T"": -46.98146006505953, ""delta_T"": 14.842644387477117, ""v_reset"": -63.33259889459246}","{""C_m"": 200.0, ""g_L"": 10.0, ""E_L"": -70.0, ""v_T"": -50.0, ""delta_T"": 2.0, ""v_reset"": -58.0}",2026-04-28T18:31:07.693213+00:00,0.5600851518737041,0.15915032348303582,0.29085332396373426,0.12074159739761882,0.6759286519724799,0.15235996841692737
initial_bursting_051_grad_guarino,initial_bursting,51,grad_guarino,-0.19047619047619052,7,7,0.5233122110366821,0.7155404090881348,11.69445514678955,0.5233122110366821,warmstart,25,1.3327672481536865,True,"{""C_m"": 69.85125354324695, ""g_L"": 7.44967761742476, ""E_L"": -99.62720134565382, ""v_T"": -52.897289886466645, ""delta_T"": 6.279469589112413, ""v_reset"": -75.97546999005857}","{""C_m"": 69.85125354324695, ""g_L"": 7.44967761742476, ""E_L"": -99.62720134565382, ""v_T"": -52.897289886466645, ""delta_T"": 6.279469589112413, ""v_reset"": -75.97546999005857}","{""C_m"": 200.0, ""g_L"": 10.0, ""E_L"": -70.0, ""v_T"": -50.0, ""delta_T"": 2.0, ""v_reset"": -58.0}",2026-04-28T18:31:09.026426+00:00,0.565864115029361,0.31879029782190504,0.6583822521256404,0.11589159545866579,0.22523524153223226,0.5135848568588163
initial_bursting_051_grad_vanrossum,initial_bursting,51,grad_vanrossum,-0.19047619047619052,7,7,4.690283298492432,5.764894485473633,9.726737022399902,4.690283298492432,warmstart,25,1.4951376914978027,True,"{""C_m"": 188.62901705170356, ""g_L"": 8.377950321729575, ""E_L"": -68.17361204889453, ""v_T"": -54.25549798380989, ""delta_T"": 8.790568419271885, ""v_reset"": -60.120031641853195}","{""C_m"": 188.62901705170356, ""g_L"": 8.377950321729575, ""E_L"": -68.17361204889453, ""v_T"": -54.25549798380989, ""delta_T"": 8.790568419271885, ""v_reset"": -60.120031641853195}","{""C_m"": 200.0, ""g_L"": 10.0, ""E_L"": -70.0, ""v_T"": -50.0, ""delta_T"": 2.0, ""v_reset"": -58.0}",2026-04-28T18:31:10.521682+00:00,0.04943905629694106,0.20275620978380315,0.040586398913454974,0.17021991935239555,0.357398337856415,0.060572332624377015
initial_bursting_051_nm_guarino,initial_bursting,51,nm_guarino,0.9999999999999999,7,7,0.5233122110366821,0.28189340233802795,0.28189340233802795,0.28189340233802795,training,50,0.6032178401947021,False,"{""C_m"": 69.85125354324695, ""g_L"": 7.44967761742476, ""E_L"": -99.62720134565382, ""v_T"": -52.897289886466645, ""delta_T"": 6.279469589112413, ""v_reset"": -75.97546999005857}","{""C_m"": 70.97732677266964, ""g_L"": 7.571883789863284, ""E_L"": -98.3572796299425, ""v_T"": -53.95046027174841, ""delta_T"": 6.3599920572874336, ""v_reset"": -74.25770484743546}","{""C_m"": 200.0, ""g_L"": 10.0, ""E_L"": -70.0, ""v_T"": -50.0, ""delta_T"": 2.0, ""v_reset"": -58.0}",2026-04-28T18:31:11.125013+00:00,0.5609681444666538,0.3035145262670895,0.6301617695542777,0.15801841086993648,0.22947326617302283,0.46450585278387035
initial_bursting_052_grad_guarino,initial_bursting,52,grad_guarino,-0.3888888888888889,7,7,0.6331276297569275,0.7811808586120605,11.70017147064209,0.6331276297569275,warmstart,25,1.3151028156280518,True,"{""C_m"": 66.26305761855613, ""g_L"": 7.3512869747001, ""E_L"": -102.78989206454551, ""v_T"": -44.44689152166919, ""delta_T"": 2.0208753130478754, ""v_reset"": -61.9184586941911}","{""C_m"": 66.26305761855613, ""g_L"": 7.3512869747001, ""E_L"": -102.78989206454551, ""v_T"": -44.44689152166919, ""delta_T"": 2.0208753130478754, ""v_reset"": -61.9184586941911}","{""C_m"": 200.0, ""g_L"": 10.0, ""E_L"": -70.0, ""v_T"": -50.0, ""delta_T"": 2.0, ""v_reset"": -58.0}",2026-04-28T18:31:12.440239+00:00,0.5814649668758429,0.3310891281624875,0.7286642681010114,0.2221243391332325,0.001098700686730283,0.11195596269117435
initial_bursting_052_grad_vanrossum,initial_bursting,52,grad_vanrossum,-0.04705882352941181,7,8,5.246000289916992,5.310410499572754,46.55449676513672,5.246000289916992,warmstart,25,1.494046926498413,True,"{""C_m"": 21.153045582052293, ""g_L"": 12.812040439916515, ""E_L"": -98.712546753809, ""v_T"": -52.373157838794036, ""delta_T"": 9.403382558634378, ""v_reset"": -50.05474380623353}","{""C_m"": 21.153045582052293, ""g_L"": 12.812040439916515, ""E_L"": -98.712546753809, ""v_T"": -52.373157838794036, ""delta_T"": 9.403382558634378, ""v_reset"": -50.05474380623353}","{""C_m"": 200.0, ""g_L"": 10.0, ""E_L"": -70.0, ""v_T"": -50.0, ""delta_T"": 2.0, ""v_reset"": -58.0}",2026-04-28T18:31:13.934397+00:00,0.777595453991077,0.3515050549895644,0.6380565945290887,0.09492631355176144,0.3896517136123357,0.2270073198218991
initial_bursting_052_nm_guarino,initial_bursting,52,nm_guarino,0.9999999999999999,7,7,0.6331276297569275,0.37523153424263,0.37523153424263,0.37523153424263,training,50,0.8274340629577637,False,"{""C_m"": 66.26305761855613, ""g_L"": 7.3512869747001, ""E_L"": -102.78989206454551, ""v_T"": -44.44689152166919, ""delta_T"": 2.0208753130478754, ""v_reset"": -61.9184586941911}","{""C_m"": 63.667776036767705, ""g_L"": 7.5325377570290275, ""E_L"": -97.05784417068207, ""v_T"": -43.96746415163413, ""delta_T"": 2.074351699450978, ""v_reset"": -64.2595158997666}","{""C_m"": 200.0, ""g_L"": 10.0, ""E_L"": -70.0, ""v_T"": -50.0, ""delta_T"": 2.0, ""v_reset"": -58.0}",2026-04-28T18:31:14.762353+00:00,0.5927487998401405,0.30843278037137156,0.6012854260151572,0.2413014339346347,0.003913247339525162,0.1788433114219028
initial_bursting_053_grad_guarino,initial_bursting,53,grad_guarino,-0.43921568627450985,7,8,0.1922900676727295,1.1183723211288452,22.60374641418457,0.1922900676727295,warmstart,25,1.3355588912963867,True,"{""C_m"": 127.84655396432234, ""g_L"": 6.824964019724298, ""E_L"": -73.87938204477605, ""v_T"": -52.34174065554009, ""delta_T"": 2.1289197021377704, ""v_reset"": -70.81893543590337}","{""C_m"": 127.84655396432234, ""g_L"": 6.824964019724298, ""E_L"": -73.87938204477605, ""v_T"": -52.34174065554009, ""delta_T"": 2.1289197021377704, ""v_reset"": -70.81893543590337}","{""C_m"": 200.0, ""g_L"": 10.0, ""E_L"": -70.0, ""v_T"": -50.0, ""delta_T"": 2.0, ""v_reset"": -58.0}",2026-04-28T18:31:16.098034+00:00,0.31371063493772894,0.3968794975344627,0.08620848988391225,0.09366962622160373,0.006785247480935283,0.3662552981686677
initial_bursting_053_grad_vanrossum,initial_bursting,53,grad_vanrossum,0.0,7,0,4.583115577697754,4.472225666046143,16.986957550048828,4.472225666046143,training,25,1.965284824371338,True,"{""C_m"": 29.110334487647606, ""g_L"": 9.933338580079237, ""E_L"": -93.73078951443165, ""v_T"": -47.01309527327064, ""delta_T"": 3.925512604357627, ""v_reset"": -57.29170826943998}","{""C_m"": 240.0, ""g_L"": 14.0, ""E_L"": -110.0, ""v_T"": -35.0, ""delta_T"": 19.999975204467773, ""v_reset"": -45.00000762939453}","{""C_m"": 200.0, ""g_L"": 10.0, ""E_L"": -70.0, ""v_T"": -50.0, ""delta_T"": 2.0, ""v_reset"": -58.0}",2026-04-28T18:31:18.063435+00:00,0.17391304347826086,0.5,0.8888888888888888,0.6,0.9473671160246196,0.37142835344587055
initial_bursting_053_nm_guarino,initial_bursting,53,nm_guarino,-0.43921568627450985,7,8,0.1922900676727295,0.11391854286193848,0.11391854286193848,0.11391854286193848,training,50,0.6261279582977295,False,"{""C_m"": 127.84655396432234, ""g_L"": 6.824964019724298, ""E_L"": -73.87938204477605, ""v_T"": -52.34174065554009, ""delta_T"": 2.1289197021377704, ""v_reset"": -70.81893543590337}","{""C_m"": 125.58860974796363, ""g_L"": 6.936764472185086, ""E_L"": -72.81184912248105, ""v_T"": -52.70967239561614, ""delta_T"": 2.1637937593875707, ""v_reset"": -71.5739027018164}","{""C_m"": 200.0, ""g_L"": 10.0, ""E_L"": -70.0, ""v_T"": -50.0, ""delta_T"": 2.0, ""v_reset"": -58.0}",2026-04-28T18:31:18.689735+00:00,0.32352778370450597,0.38290444097686427,0.06248553605513444,0.10838689582464553,0.008620724178293194,0.3878257914804684
initial_bursting_054_grad_guarino,initial_bursting,54,grad_guarino,0.5411764705882354,7,8,0.5609442591667175,0.567764401435852,0.567764401435852,0.5609442591667175,warmstart,1,1.324324131011963,True,"{""C_m"": 50.995171712880996, ""g_L"": 11.937432709406124, ""E_L"": -94.86680490759503, ""v_T"": -50.15574761995745, ""delta_T"": 16.314109193830003, ""v_reset"": -63.02637281345437}","{""C_m"": 50.995171712880996, ""g_L"": 11.937432709406124, ""E_L"": -94.86680490759503, ""v_T"": -50.15574761995745, ""delta_T"": 16.314109193830003, ""v_reset"": -63.02637281345437}","{""C_m"": 200.0, ""g_L"": 10.0, ""E_L"": -70.0, ""v_T"": -50.0, ""delta_T"": 2.0, ""v_reset"": -58.0}",2026-04-28T18:31:20.014198+00:00,0.647847079509213,0.24217908867576554,0.5525956646132227,0.006229904798298094,0.753374168096316,0.14361065181298208
initial_bursting_054_grad_vanrossum,initial_bursting,54,grad_vanrossum,0.14901960784313723,7,8,4.898037910461426,7.116971492767334,1266886.875,4.898037910461426,warmstart,25,1.5038249492645264,True,"{""C_m"": 83.66775642609788, ""g_L"": 6.175462526583999, ""E_L"": -104.97665418184117, ""v_T"": -51.307570398535454, ""delta_T"": 3.4252057893297705, ""v_reset"": -64.49710776532616}","{""C_m"": 83.66775642609788, ""g_L"": 6.175462526583999, ""E_L"": -104.97665418184117, ""v_T"": -51.307570398535454, ""delta_T"": 3.4252057893297705, ""v_reset"": -64.49710776532616}","{""C_m"": 200.0, ""g_L"": 10.0, ""E_L"": -70.0, ""v_T"": -50.0, ""delta_T"": 2.0, ""v_reset"": -58.0}",2026-04-28T18:31:21.518239+00:00,0.5057923633647918,0.4780671841770001,0.7772589818186927,0.05230281594141815,0.07501083101735634,0.18563165043789037
initial_bursting_054_nm_guarino,initial_bursting,54,nm_guarino,-0.19047619047619052,7,7,0.5609442591667175,0.49244949221611023,0.49244949221611023,0.49244949221611023,training,50,0.6020758152008057,False,"{""C_m"": 50.995171712880996, ""g_L"": 11.937432709406124, ""E_L"": -94.86680490759503, ""v_T"": -50.15574761995745, ""delta_T"": 16.314109193830003, ""v_reset"": -63.02637281345437}","{""C_m"": 51.62692774104555, ""g_L"": 12.085320143091755, ""E_L"": -95.52966881362802, ""v_T"": -48.788332689989474, ""delta_T"": 16.6521681952145, ""v_reset"": -63.80717792932749}","{""C_m"": 200.0, ""g_L"": 10.0, ""E_L"": -70.0, ""v_T"": -50.0, ""delta_T"": 2.0, ""v_reset"": -58.0}",2026-04-28T18:31:22.120416+00:00,0.6451003141693671,0.26066501788646934,0.5673259736361782,0.048466692400421035,0.7711667471165526,0.16591936940935678
initial_bursting_055_grad_guarino,initial_bursting,55,grad_guarino,0.2063492063492063,7,7,0.6407102346420288,0.6739906072616577,8.267074584960938,0.6407102346420288,warmstart,25,1.3404440879821777,True,"{""C_m"": 93.22373535446366, ""g_L"": 10.212393215317984, ""E_L"": -66.2548267672532, ""v_T"": -38.81382729666638, ""delta_T"": 2.185219904028946, ""v_reset"": -65.09038666133969}","{""C_m"": 93.22373535446366, ""g_L"": 10.212393215317984, ""E_L"": -66.2548267672532, ""v_T"": -38.81382729666638, ""delta_T"": 2.185219904028946, ""v_reset"": -65.09038666133969}","{""C_m"": 200.0, ""g_L"": 10.0, ""E_L"": -70.0, ""v_T"": -50.0, ""delta_T"": 2.0, ""v_reset"": -58.0}",2026-04-28T18:31:23.460973+00:00,0.46424462889363627,0.026549151914748048,0.08322607183881764,0.4474469081333447,0.009748416001523472,0.20258247603827695
initial_bursting_055_grad_vanrossum,initial_bursting,55,grad_vanrossum,0.039215686274509755,7,10,4.8272223472595215,4.703526496887207,42.14737319946289,4.703526496887207,training,25,1.5180842876434326,True,"{""C_m"": 160.60360562291405, ""g_L"": 7.686763243470441, ""E_L"": -72.93452194436422, ""v_T"": -50.96078180021389, ""delta_T"": 10.537245246537914, ""v_reset"": -59.18385876038153}","{""C_m"": 106.81459045410156, ""g_L"": 7.702744483947754, ""E_L"": -71.007080078125, ""v_T"": -53.919349670410156, ""delta_T"": 9.848753929138184, ""v_reset"": -59.87854766845703}","{""C_m"": 200.0, ""g_L"": 10.0, ""E_L"": -70.0, ""v_T"": -50.0, ""delta_T"": 2.0, ""v_reset"": -58.0}",2026-04-28T18:31:24.979185+00:00,0.4051539545473845,0.28715693950653076,0.022379557291666668,0.15677398681640625,0.4130923120599044,0.05367279052734375
initial_bursting_055_nm_guarino,initial_bursting,55,nm_guarino,0.9999999999999999,7,7,0.6407102346420288,0.2530103921890259,0.2530103921890259,0.2530103921890259,training,50,0.6052322387695312,False,"{""C_m"": 93.22373535446366, ""g_L"": 10.212393215317984, ""E_L"": -66.2548267672532, ""v_T"": -38.81382729666638, ""delta_T"": 2.185219904028946, ""v_reset"": -65.09038666133969}","{""C_m"": 100.33893866064246, ""g_L"": 9.543021301713239, ""E_L"": -71.04836284582483, ""v_T"": -39.41007803635007, ""delta_T"": 2.2279251031862435, ""v_reset"": -56.75456295728114}","{""C_m"": 200.0, ""g_L"": 10.0, ""E_L"": -70.0, ""v_T"": -50.0, ""delta_T"": 2.0, ""v_reset"": -58.0}",2026-04-28T18:31:25.584527+00:00,0.4333089623450328,0.05712233728584515,0.023296952129440582,0.42359687854599715,0.011996058062433868,0.03558391550625321
initial_bursting_056_grad_guarino,initial_bursting,56,grad_guarino,-0.3888888888888889,7,7,0.38697272539138794,0.7885276675224304,11.663312911987305,0.38697272539138794,warmstart,25,1.3350956439971924,True,"{""C_m"": 117.06057372887408, ""g_L"": 9.38348853126988, ""E_L"": -83.17974340515048, ""v_T"": -47.94517396164329, ""delta_T"": 1.8379360987629059, ""v_reset"": -61.20448734260776}","{""C_m"": 117.06057372887408, ""g_L"": 9.38348853126988, ""E_L"": -83.17974340515048, ""v_T"": -47.94517396164329, ""delta_T"": 1.8379360987629059, ""v_reset"": -61.20448734260776}","{""C_m"": 200.0, ""g_L"": 10.0, ""E_L"": -70.0, ""v_T"": -50.0, ""delta_T"": 2.0, ""v_reset"": -58.0}",2026-04-28T18:31:26.919750+00:00,0.36060620117880837,0.07706393359126507,0.2928831867811217,0.08219304153426833,0.008529679012478638,0.09155678121736466
initial_bursting_056_grad_vanrossum,initial_bursting,56,grad_vanrossum,-0.3888888888888889,7,7,3.582695722579956,5.955183506011963,1291734.75,3.582695722579956,warmstart,25,1.5006840229034424,True,"{""C_m"": 117.06057372887408, ""g_L"": 9.38348853126988, ""E_L"": -83.17974340515048, ""v_T"": -47.94517396164329, ""delta_T"": 1.8379360987629059, ""v_reset"": -61.20448734260776}","{""C_m"": 117.06057372887408, ""g_L"": 9.38348853126988, ""E_L"": -83.17974340515048, ""v_T"": -47.94517396164329, ""delta_T"": 1.8379360987629059, ""v_reset"": -61.20448734260776}","{""C_m"": 200.0, ""g_L"": 10.0, ""E_L"": -70.0, ""v_T"": -50.0, ""delta_T"": 2.0, ""v_reset"": -58.0}",2026-04-28T18:31:28.421300+00:00,0.36060620117880837,0.07706393359126507,0.2928831867811217,0.08219304153426833,0.008529679012478638,0.09155678121736466
initial_bursting_056_nm_guarino,initial_bursting,56,nm_guarino,-0.3888888888888889,7,7,0.38697272539138794,0.09591125696897507,0.09591125696897507,0.09591125696897507,training,50,0.6043009757995605,False,"{""C_m"": 117.06057372887408, ""g_L"": 9.38348853126988, ""E_L"": -83.17974340515048, ""v_T"": -47.94517396164329, ""delta_T"": 1.8379360987629059, ""v_reset"": -61.20448734260776}","{""C_m"": 119.24626887847026, ""g_L"": 9.312007210825552, ""E_L"": -86.44241327160645, ""v_T"": -48.92835037913265, ""delta_T"": 1.8357108697108924, ""v_reset"": -58.7379378472117}","{""C_m"": 200.0, ""g_L"": 10.0, ""E_L"": -70.0, ""v_T"": -50.0, ""delta_T"": 2.0, ""v_reset"": -58.0}",2026-04-28T18:31:29.025715+00:00,0.35110317878925973,0.085999098646806,0.36538696159125456,0.04286598483469391,0.008646796331005666,0.021083938491762766
initial_bursting_057_grad_guarino,initial_bursting,57,grad_guarino,0.8015873015873016,7,7,0.303512841463089,0.3245522081851959,8.81181526184082,0.303512841463089,warmstart,25,1.3636109828948975,True,"{""C_m"": 123.9581560600396, ""g_L"": 8.193512418937047, ""E_L"": -68.83053859096641, ""v_T"": -40.11998737502315, ""delta_T"": 2.070488243183374, ""v_reset"": -57.90516467738736}","{""C_m"": 123.9581560600396, ""g_L"": 8.193512418937047, ""E_L"": -68.83053859096641, ""v_T"": -40.11998737502315, ""delta_T"": 2.070488243183374, ""v_reset"": -57.90516467738736}","{""C_m"": 200.0, ""g_L"": 10.0, ""E_L"": -70.0, ""v_T"": -50.0, ""delta_T"": 2.0, ""v_reset"": -58.0}",2026-04-28T18:31:30.389447+00:00,0.33061671278243654,0.22581094763286913,0.0259880313118575,0.395200504999074,0.003709907535967052,0.0027095806460753886
initial_bursting_057_grad_vanrossum,initial_bursting,57,grad_vanrossum,0.8015873015873016,7,7,3.5431716442108154,3.6053307056427,44.589054107666016,3.5431716442108154,warmstart,25,1.516563892364502,True,"{""C_m"": 123.9581560600396, ""g_L"": 8.193512418937047, ""E_L"": -68.83053859096641, ""v_T"": -40.11998737502315, ""delta_T"": 2.070488243183374, ""v_reset"": -57.90516467738736}","{""C_m"": 123.9581560600396, ""g_L"": 8.193512418937047, ""E_L"": -68.83053859096641, ""v_T"": -40.11998737502315, ""delta_T"": 2.070488243183374, ""v_reset"": -57.90516467738736}","{""C_m"": 200.0, ""g_L"": 10.0, ""E_L"": -70.0, ""v_T"": -50.0, ""delta_T"": 2.0, ""v_reset"": -58.0}",2026-04-28T18:31:31.906138+00:00,0.33061671278243654,0.22581094763286913,0.0259880313118575,0.395200504999074,0.003709907535967052,0.0027095806460753886
initial_bursting_057_nm_guarino,initial_bursting,57,nm_guarino,0.9999999999999999,7,7,0.303512841463089,0.2087591141462326,0.2087591141462326,0.2087591141462326,training,50,0.6056110858917236,False,"{""C_m"": 123.9581560600396, ""g_L"": 8.193512418937047, ""E_L"": -68.83053859096641, ""v_T"": -40.11998737502315, ""delta_T"": 2.070488243183374, ""v_reset"": -57.90516467738736}","{""C_m"": 129.38285715475746, ""g_L"": 8.325986019203903, ""E_L"": -73.00163731885624, ""v_T"": -41.1789266956095, ""delta_T"": 1.9992224563777898, ""v_reset"": -54.31349620720998}","{""C_m"": 200.0, ""g_L"": 10.0, ""E_L"": -70.0, ""v_T"": -50.0, ""delta_T"": 2.0, ""v_reset"": -58.0}",2026-04-28T18:31:32.511882+00:00,0.30703105584888063,0.20925174759951215,0.06670305153013865,0.35284293217562007,4.092334853737705e-05,0.10532867979400058
initial_bursting_058_grad_guarino,initial_bursting,58,grad_guarino,0.8015873015873016,7,7,0.34479302167892456,0.4159298539161682,0.4159298539161682,0.34479302167892456,warmstart,1,1.316565990447998,True,"{""C_m"": 179.2529155036602, ""g_L"": 11.70269448752964, ""E_L"": -71.71058896719944, ""v_T"": -54.54248562984695, ""delta_T"": 2.793763195073079, ""v_reset"": -64.26231803573673}","{""C_m"": 179.2529155036602, ""g_L"": 11.70269448752964, ""E_L"": -71.71058896719944, ""v_T"": -54.54248562984695, ""delta_T"": 2.793763195073079, ""v_reset"": -64.26231803573673}","{""C_m"": 200.0, ""g_L"": 10.0, ""E_L"": -70.0, ""v_T"": -50.0, ""delta_T"": 2.0, ""v_reset"": -58.0}",2026-04-28T18:31:33.828569+00:00,0.09020471520147737,0.2128368109412051,0.0380130881599876,0.18169942519387802,0.041777010267004144,0.17892337244962075
initial_bursting_058_grad_vanrossum,initial_bursting,58,grad_vanrossum,-1.0,7,3790,3.9294142723083496,3.228147506713867,1268149.75,3.228147506713867,training,25,1.5124232769012451,True,"{""C_m"": 179.2529155036602, ""g_L"": 11.70269448752964, ""E_L"": -71.71058896719944, ""v_T"": -54.54248562984695, ""delta_T"": 2.793763195073079, ""v_reset"": -64.26231803573673}","{""C_m"": 10.0, ""g_L"": 6.012287616729736, ""E_L"": -65.36334228515625, ""v_T"": -60.0, ""delta_T"": 1.0, ""v_reset"": -45.0}","{""C_m"": 200.0, ""g_L"": 10.0, ""E_L"": -70.0, ""v_T"": -50.0, ""delta_T"": 2.0, ""v_reset"": -58.0}",2026-04-28T18:31:35.341911+00:00,0.8260869565217391,0.49846404790878296,0.10303683810763889,0.4,0.05263157894736842,0.37142857142857144
initial_bursting_058_nm_guarino,initial_bursting,58,nm_guarino,0.9999999999999999,7,7,0.34479302167892456,0.09504766017198563,0.09504766017198563,0.09504766017198563,training,50,0.6037719249725342,False,"{""C_m"": 179.2529155036602, ""g_L"": 11.70269448752964, ""E_L"": -71.71058896719944, ""v_T"": -54.54248562984695, ""delta_T"": 2.793763195073079, ""v_reset"": -64.26231803573673}","{""C_m"": 177.15089880786968, ""g_L"": 11.96683023545589, ""E_L"": -73.63017502379324, ""v_T"": -54.371077696042235, ""delta_T"": 2.8993864642529363, ""v_reset"": -61.77196295100137}","{""C_m"": 200.0, ""g_L"": 10.0, ""E_L"": -70.0, ""v_T"": -50.0, ""delta_T"": 2.0, ""v_reset"": -58.0}",2026-04-28T18:31:35.945796+00:00,0.09934391822665356,0.24585377943198616,0.08067055608429427,0.1748431078416894,0.04733612969752297,0.10777037002861058
initial_bursting_059_grad_guarino,initial_bursting,59,grad_guarino,0.9333333333333333,7,8,0.485588401556015,0.6962869763374329,2.0498013496398926,0.485588401556015,warmstart,25,1.3372302055358887,True,"{""C_m"": 119.58840366091334, ""g_L"": 11.797101237722067, ""E_L"": -72.8962085826258, ""v_T"": -52.080594576548435, ""delta_T"": 16.07032199694781, ""v_reset"": -62.81950643152548}","{""C_m"": 119.58840366091334, ""g_L"": 11.797101237722067, ""E_L"": -72.8962085826258, ""v_T"": -52.080594576548435, ""delta_T"": 16.07032199694781, ""v_reset"": -62.81950643152548}","{""C_m"": 200.0, ""g_L"": 10.0, ""E_L"": -70.0, ""v_T"": -50.0, ""delta_T"": 2.0, ""v_reset"": -58.0}",2026-04-28T18:31:37.283144+00:00,0.3496156362568985,0.22463765471525843,0.06436019072501785,0.08322378306193741,0.7405432629972533,0.13770018375787094
initial_bursting_059_grad_vanrossum,initial_bursting,59,grad_vanrossum,0.9333333333333333,7,8,3.8255412578582764,4.144885540008545,5.706945896148682,3.8255412578582764,warmstart,25,1.4921858310699463,True,"{""C_m"": 119.58840366091334, ""g_L"": 11.797101237722067, ""E_L"": -72.8962085826258, ""v_T"": -52.080594576548435, ""delta_T"": 16.07032199694781, ""v_reset"": -62.81950643152548}","{""C_m"": 119.58840366091334, ""g_L"": 11.797101237722067, ""E_L"": -72.8962085826258, ""v_T"": -52.080594576548435, ""delta_T"": 16.07032199694781, ""v_reset"": -62.81950643152548}","{""C_m"": 200.0, ""g_L"": 10.0, ""E_L"": -70.0, ""v_T"": -50.0, ""delta_T"": 2.0, ""v_reset"": -58.0}",2026-04-28T18:31:38.775452+00:00,0.3496156362568985,0.22463765471525843,0.06436019072501785,0.08322378306193741,0.7405432629972533,0.13770018375787094
initial_bursting_059_nm_guarino,initial_bursting,59,nm_guarino,0.9999999999999999,7,7,0.485588401556015,0.3846164643764496,0.3846164643764496,0.3846164643764496,training,50,0.602675199508667,False,"{""C_m"": 119.58840366091334, ""g_L"": 11.797101237722067, ""E_L"": -72.8962085826258, ""v_T"": -52.080594576548435, ""delta_T"": 16.07032199694781, ""v_reset"": -62.81950643152548}","{""C_m"": 122.97545922303838, ""g_L"": 11.950992428758184, ""E_L"": -73.28956276023814, ""v_T"": -52.22156140643765, ""delta_T"": 15.72884819417844, ""v_reset"": -63.36815066267825}","{""C_m"": 200.0, ""g_L"": 10.0, ""E_L"": -70.0, ""v_T"": -50.0, ""delta_T"": 2.0, ""v_reset"": -58.0}",2026-04-28T18:31:39.378245+00:00,0.33488930772592007,0.243874053594773,0.07310139467195868,0.08886245625750604,0.7225709575883389,0.15337573321937847
initial_bursting_060_grad_guarino,initial_bursting,60,grad_guarino,0.6031746031746031,7,7,0.3483692407608032,0.7176863551139832,9.247785568237305,0.3483692407608032,warmstart,25,1.3185811042785645,True,"{""C_m"": 105.4173651723907, ""g_L"": 10.435121901651293, ""E_L"": -69.97402157454803, ""v_T"": -49.44650357994854, ""delta_T"": 12.822464279663105, ""v_reset"": -66.182878051523}","{""C_m"": 105.4173651723907, ""g_L"": 10.435121901651293, ""E_L"": -69.97402157454803, ""v_T"": -49.44650357994854, ""delta_T"": 12.822464279663105, ""v_reset"": -66.182878051523}","{""C_m"": 200.0, ""g_L"": 10.0, ""E_L"": -70.0, ""v_T"": -50.0, ""delta_T"": 2.0, ""v_reset"": -58.0}",2026-04-28T18:31:40.697277+00:00,0.41122884707656215,0.054390237706411604,0.0005772983433770504,0.022139856802058374,0.5696033831401635,0.23379651575780014
initial_bursting_060_grad_vanrossum,initial_bursting,60,grad_vanrossum,0.6031746031746031,7,7,3.996785879135132,5.101369380950928,9.852615356445312,3.996785879135132,warmstart,25,1.4923930168151855,True,"{""C_m"": 105.4173651723907, ""g_L"": 10.435121901651293, ""E_L"": -69.97402157454803, ""v_T"": -49.44650357994854, ""delta_T"": 12.822464279663105, ""v_reset"": -66.182878051523}","{""C_m"": 105.4173651723907, ""g_L"": 10.435121901651293, ""E_L"": -69.97402157454803, ""v_T"": -49.44650357994854, ""delta_T"": 12.822464279663105, ""v_reset"": -66.182878051523}","{""C_m"": 200.0, ""g_L"": 10.0, ""E_L"": -70.0, ""v_T"": -50.0, ""delta_T"": 2.0, ""v_reset"": -58.0}",2026-04-28T18:31:42.189783+00:00,0.41122884707656215,0.054390237706411604,0.0005772983433770504,0.022139856802058374,0.5696033831401635,0.23379651575780014
initial_bursting_060_nm_guarino,initial_bursting,60,nm_guarino,0.8015873015873016,7,7,0.3483692407608032,0.30831998586654663,0.30831998586654663,0.30831998586654663,training,50,0.599524974822998,False,"{""C_m"": 105.4173651723907, ""g_L"": 10.435121901651293, ""E_L"": -69.97402157454803, ""v_T"": -49.44650357994854, ""delta_T"": 12.822464279663105, ""v_reset"": -66.182878051523}","{""C_m"": 107.53953701229273, ""g_L"": 10.83255853961846, ""E_L"": -70.97506971195268, ""v_T"": -49.54921819441637, ""delta_T"": 12.7393478967224, ""v_reset"": -65.62764373885483}","{""C_m"": 200.0, ""g_L"": 10.0, ""E_L"": -70.0, ""v_T"": -50.0, ""delta_T"": 2.0, ""v_reset"": -58.0}",2026-04-28T18:31:42.789430+00:00,0.40200201299003163,0.10406981745230759,0.02166821582117077,0.01803127222334524,0.5652288366696,0.21793267825299512
initial_bursting_061_grad_guarino,initial_bursting,61,grad_guarino,-0.08333333333333337,7,5,0.4662342965602875,0.44650205969810486,21.376516342163086,0.44650205969810486,training,5,1.2934391498565674,True,"{""C_m"": 44.44652372453638, ""g_L"": 10.304397158426266, ""E_L"": -95.79048726689683, ""v_T"": -53.17259507683669, ""delta_T"": 3.420488772314916, ""v_reset"": -73.33701156712755}","{""C_m"": 56.809200286865234, ""g_L"": 10.649412155151367, ""E_L"": -98.5250244140625, ""v_T"": -52.272308349609375, ""delta_T"": 3.491053342819214, ""v_reset"": -73.29437255859375}","{""C_m"": 200.0, ""g_L"": 10.0, ""E_L"": -70.0, ""v_T"": -50.0, ""delta_T"": 2.0, ""v_reset"": -58.0}",2026-04-28T18:31:44.083003+00:00,0.6225686944049338,0.0811765193939209,0.6338894314236111,0.090892333984375,0.07847649172732704,0.43698207310267856
initial_bursting_061_grad_vanrossum,initial_bursting,61,grad_vanrossum,0.0,7,0,4.966235637664795,4.877621173858643,18.80401039123535,4.877621173858643,training,25,1.7168681621551514,True,"{""C_m"": 62.90233940222458, ""g_L"": 9.863169780326215, ""E_L"": -95.7591604193297, ""v_T"": -53.75357929826972, ""delta_T"": 11.917525837831157, ""v_reset"": -68.3576759078788}","{""C_m"": 240.0, ""g_L"": 14.0, ""E_L"": -110.0, ""v_T"": -35.0, ""delta_T"": 7.259023666381836, ""v_reset"": -79.5186996459961}","{""C_m"": 200.0, ""g_L"": 10.0, ""E_L"": -70.0, ""v_T"": -50.0, ""delta_T"": 2.0, ""v_reset"": -58.0}",2026-04-28T18:31:45.799991+00:00,0.17391304347826086,0.5,0.8888888888888888,0.6,0.27679071928325455,0.6148199898856027
initial_bursting_061_nm_guarino,initial_bursting,61,nm_guarino,0.8015873015873016,7,7,0.4662342965602875,0.3870771825313568,0.3870771825313568,0.3870771825313568,training,50,0.6076321601867676,False,"{""C_m"": 44.44652372453638, ""g_L"": 10.304397158426266, ""E_L"": -95.79048726689683, ""v_T"": -53.17259507683669, ""delta_T"": 3.420488772314916, ""v_reset"": -73.33701156712755}","{""C_m"": 47.00842023237711, ""g_L"": 10.186245795927812, ""E_L"": -96.78249788026312, ""v_T"": -53.190715212705896, ""delta_T"": 3.56538819163164, ""v_reset"": -71.0052099596617}","{""C_m"": 200.0, ""g_L"": 10.0, ""E_L"": -70.0, ""v_T"": -50.0, ""delta_T"": 2.0, ""v_reset"": -58.0}",2026-04-28T18:31:46.408537+00:00,0.6651807815983604,0.023280724490976512,0.5951666195614027,0.12762860850823585,0.08238885219113894,0.37157742741890565
initial_bursting_062_grad_guarino,initial_bursting,62,grad_guarino,-0.3888888888888889,7,7,0.5401743650436401,1.1367324590682983,1.958301305770874,0.5401743650436401,warmstart,25,1.794111967086792,True,"{""C_m"": 132.8025815726195, ""g_L"": 6.958819797898023, ""E_L"": -86.98277224372315, ""v_T"": -57.698931003169825, ""delta_T"": 17.034429773391864, ""v_reset"": -61.156156436429654}","{""C_m"": 132.8025815726195, ""g_L"": 6.958819797898023, ""E_L"": -86.98277224372315, ""v_T"": -57.698931003169825, ""delta_T"": 17.034429773391864, ""v_reset"": -61.156156436429654}","{""C_m"": 200.0, ""g_L"": 10.0, ""E_L"": -70.0, ""v_T"": -50.0, ""delta_T"": 2.0, ""v_reset"": -58.0}",2026-04-28T18:31:48.202771+00:00,0.29216268881469787,0.3801475252627471,0.3773949387494033,0.307957240126793,0.7912857775469402,0.09017589818370442
initial_bursting_062_grad_vanrossum,initial_bursting,62,grad_vanrossum,-0.13765182186234817,7,6,3.6044323444366455,6.715549468994141,44.392433166503906,3.6044323444366455,warmstart,25,1.5247721672058105,True,"{""C_m"": 199.9539297462138, ""g_L"": 12.616310543479933, ""E_L"": -90.60123380012314, ""v_T"": -55.774521088814524, ""delta_T"": 3.2979409808554716, ""v_reset"": -54.7885733841326}","{""C_m"": 199.9539297462138, ""g_L"": 12.616310543479933, ""E_L"": -90.60123380012314, ""v_T"": -55.774521088814524, ""delta_T"": 3.2979409808554716, ""v_reset"": -54.7885733841326}","{""C_m"": 200.0, ""g_L"": 10.0, ""E_L"": -70.0, ""v_T"": -50.0, ""delta_T"": 2.0, ""v_reset"": -58.0}",2026-04-28T18:31:49.727682+00:00,0.00020030545124439947,0.3270388179349917,0.457805195558292,0.23098084355258094,0.06831268320291956,0.09175504616764008
initial_bursting_062_nm_guarino,initial_bursting,62,nm_guarino,-0.3888888888888889,7,7,0.5401743650436401,0.4621201157569885,0.4621201157569885,0.4621201157569885,training,50,0.610245943069458,False,"{""C_m"": 132.8025815726195, ""g_L"": 6.958819797898023, ""E_L"": -86.98277224372315, ""v_T"": -57.698931003169825, ""delta_T"": 17.034429773391864, ""v_reset"": -61.156156436429654}","{""C_m"": 133.96777535809852, ""g_L"": 7.070570632611892, ""E_L"": -86.03054614695772, ""v_T"": -57.233189693731475, ""delta_T"": 17.44993717593535, ""v_reset"": -61.509856607860314}","{""C_m"": 200.0, ""g_L"": 10.0, ""E_L"": -70.0, ""v_T"": -50.0, ""delta_T"": 2.0, ""v_reset"": -58.0}",2026-04-28T18:31:50.338048+00:00,0.2870966288778325,0.3661786709235135,0.3562343588212826,0.289327587749259,0.8131545882071237,0.10028161736743754
initial_bursting_063_grad_guarino,initial_bursting,63,grad_guarino,-0.04705882352941181,7,8,0.5103498697280884,0.7382011413574219,0.7550526261329651,0.5103498697280884,warmstart,25,1.3605611324310303,True,"{""C_m"": 66.20193887312816, ""g_L"": 13.598090842939877, ""E_L"": -75.55620637117568, ""v_T"": -39.55824442409657, ""delta_T"": 16.18745774619598, ""v_reset"": -50.64024249387743}","{""C_m"": 66.20193887312816, ""g_L"": 13.598090842939877, ""E_L"": -75.55620637117568, ""v_T"": -39.55824442409657, ""delta_T"": 16.18745774619598, ""v_reset"": -50.64024249387743}","{""C_m"": 200.0, ""g_L"": 10.0, ""E_L"": -70.0, ""v_T"": -50.0, ""delta_T"": 2.0, ""v_reset"": -58.0}",2026-04-28T18:31:51.698733+00:00,0.5817307005516168,0.4497613553674846,0.12347125269279281,0.41767022303613716,0.7467083024313674,0.21027878588921628
initial_bursting_063_grad_vanrossum,initial_bursting,63,grad_vanrossum,-0.07287449392712547,7,12,4.719714164733887,4.335794925689697,15.392486572265625,4.335794925689697,training,25,1.5254440307617188,True,"{""C_m"": 113.02571118704977, ""g_L"": 9.261639911616115, ""E_L"": -92.92042119681062, ""v_T"": -50.76673619243377, ""delta_T"": 1.6719299890942523, ""v_reset"": -60.05387569426398}","{""C_m"": 71.07195281982422, ""g_L"": 8.36945915222168, ""E_L"": -85.12418365478516, ""v_T"": -53.73405456542969, ""delta_T"": 1.620619773864746, ""v_reset"": -60.06903839111328}","{""C_m"": 200.0, ""g_L"": 10.0, ""E_L"": -70.0, ""v_T"": -50.0, ""delta_T"": 2.0, ""v_reset"": -58.0}",2026-04-28T18:31:53.224343+00:00,0.5605567268703295,0.20381760597229004,0.3360929701063368,0.1493621826171875,0.0199673803229081,0.05911538260323661
initial_bursting_063_nm_guarino,initial_bursting,63,nm_guarino,-0.04705882352941181,7,8,0.5103498697280884,0.49017608165740967,0.49017608165740967,0.49017608165740967,training,50,0.6104447841644287,False,"{""C_m"": 66.20193887312816, ""g_L"": 13.598090842939877, ""E_L"": -75.55620637117568, ""v_T"": -39.55824442409657, ""delta_T"": 16.18745774619598, ""v_reset"": -50.64024249387743}","{""C_m"": 66.20193887312816, ""g_L"": 13.722004614913129, ""E_L"": -75.55620637117568, ""v_T"": -39.55824442409657, ""delta_T"": 16.18745774619598, ""v_reset"": -50.64024249387743}","{""C_m"": 200.0, ""g_L"": 10.0, ""E_L"": -70.0, ""v_T"": -50.0, ""delta_T"": 2.0, ""v_reset"": -58.0}",2026-04-28T18:31:53.834917+00:00,0.5817307005516168,0.46525057686414106,0.12347125269279281,0.41767022303613716,0.7467083024313674,0.21027878588921628
initial_bursting_064_grad_guarino,initial_bursting,64,grad_guarino,0.6031746031746031,7,7,0.35646146535873413,0.43495839834213257,0.4670146405696869,0.35646146535873413,warmstart,25,1.339573860168457,True,"{""C_m"": 64.88154913321223, ""g_L"": 13.626414544421573, ""E_L"": -72.944624207253, ""v_T"": -41.52882333371641, ""delta_T"": 14.052282765533535, ""v_reset"": -67.16006480225117}","{""C_m"": 64.88154913321223, ""g_L"": 13.626414544421573, ""E_L"": -72.944624207253, ""v_T"": -41.52882333371641, ""delta_T"": 14.052282765533535, ""v_reset"": -67.16006480225117}","{""C_m"": 200.0, ""g_L"": 10.0, ""E_L"": -70.0, ""v_T"": -50.0, ""delta_T"": 2.0, ""v_reset"": -58.0}",2026-04-28T18:31:55.174614+00:00,0.5874715255077729,0.45330181805269665,0.0654360934945111,0.3388470666513436,0.6343306718701861,0.2617161372071763
initial_bursting_064_grad_vanrossum,initial_bursting,64,grad_vanrossum,0.6720647773279353,7,6,4.670007228851318,4.725869655609131,18.721389770507812,4.670007228851318,warmstart,25,1.5020899772644043,True,"{""C_m"": 71.90300816759466, ""g_L"": 13.79097204709625, ""E_L"": -95.77142961616305, ""v_T"": -54.57279619316271, ""delta_T"": 13.094737896337591, ""v_reset"": -60.36309596825154}","{""C_m"": 71.90300816759466, ""g_L"": 13.79097204709625, ""E_L"": -95.77142961616305, ""v_T"": -54.57279619316271, ""delta_T"": 13.094737896337591, ""v_reset"": -60.36309596825154}","{""C_m"": 200.0, ""g_L"": 10.0, ""E_L"": -70.0, ""v_T"": -50.0, ""delta_T"": 2.0, ""v_reset"": -58.0}",2026-04-28T18:31:56.676816+00:00,0.5569434427495884,0.4738715058870313,0.5726984359147343,0.18291184772650837,0.5839335734914521,0.06751702766432978
initial_bursting_064_nm_guarino,initial_bursting,64,nm_guarino,0.8015873015873016,7,7,0.35646146535873413,0.33616650104522705,0.33616650104522705,0.33616650104522705,training,50,0.6044611930847168,False,"{""C_m"": 64.88154913321223, ""g_L"": 13.626414544421573, ""E_L"": -72.944624207253, ""v_T"": -41.52882333371641, ""delta_T"": 14.052282765533535, ""v_reset"": -67.16006480225117}","{""C_m"": 64.9700104005783, ""g_L"": 13.653421398431597, ""E_L"": -73.76112780783191, ""v_T"": -41.78137130885388, ""delta_T"": 14.115213618979329, ""v_reset"": -67.2372115993064}","{""C_m"": 200.0, ""g_L"": 10.0, ""E_L"": -70.0, ""v_T"": -50.0, ""delta_T"": 2.0, ""v_reset"": -58.0}",2026-04-28T18:31:57.281388+00:00,0.5870869113018334,0.4566776748039496,0.08358061795182026,0.3287451476458449,0.6376428220515437,0.2639203314087544
initial_bursting_065_grad_guarino,initial_bursting,65,grad_guarino,0.2890625,7,9,0.5886050462722778,0.5083052515983582,1.3838744163513184,0.5083052515983582,training,2,1.3232090473175049,True,"{""C_m"": 104.59982891812736, ""g_L"": 11.342179691683679, ""E_L"": -83.87553421878982, ""v_T"": -56.313219655386035, ""delta_T"": 17.988842146295152, ""v_reset"": -62.168815735317416}","{""C_m"": 97.43964385986328, ""g_L"": 11.402667045593262, ""E_L"": -83.59881591796875, ""v_T"": -56.429805755615234, ""delta_T"": 17.89154052734375, ""v_reset"": -62.73332214355469}","{""C_m"": 200.0, ""g_L"": 10.0, ""E_L"": -70.0, ""v_T"": -50.0, ""delta_T"": 2.0, ""v_reset"": -58.0}",2026-04-28T18:31:58.604711+00:00,0.4459145919136379,0.17533338069915771,0.30219590928819445,0.25719223022460935,0.8363968698601973,0.13523777553013394
initial_bursting_065_grad_vanrossum,initial_bursting,65,grad_vanrossum,0.3333333333333333,7,5,5.656077861785889,5.768589019775391,19.652517318725586,5.656077861785889,warmstart,25,1.5150740146636963,True,"{""C_m"": 35.664683263915805, ""g_L"": 11.170943645069736, ""E_L"": -102.4548054268539, ""v_T"": -48.26425382247257, ""delta_T"": 7.308024183895184, ""v_reset"": -60.571143810312634}","{""C_m"": 35.664683263915805, ""g_L"": 11.170943645069736, ""E_L"": -102.4548054268539, ""v_T"": -48.26425382247257, ""delta_T"": 7.308024183895184, ""v_reset"": -60.571143810312634}","{""C_m"": 200.0, ""g_L"": 10.0, ""E_L"": -70.0, ""v_T"": -50.0, ""delta_T"": 2.0, ""v_reset"": -58.0}",2026-04-28T18:32:00.120676+00:00,0.7145013771134096,0.14636795563371696,0.721217898374531,0.06942984710109727,0.2793696938892202,0.07346125172321812
initial_bursting_065_nm_guarino,initial_bursting,65,nm_guarino,-0.04705882352941181,7,8,0.5886050462722778,0.4105447828769684,0.4105447828769684,0.4105447828769684,training,50,0.6135802268981934,False,"{""C_m"": 104.59982891812736, ""g_L"": 11.342179691683679, ""E_L"": -83.87553421878982, ""v_T"": -56.313219655386035, ""delta_T"": 17.988842146295152, ""v_reset"": -62.168815735317416}","{""C_m"": 102.27538827550235, ""g_L"": 11.678244275140976, ""E_L"": -80.76903295142725, ""v_T"": -55.79180095487321, ""delta_T"": 18.521844876555758, ""v_reset"": -64.01085472006758}","{""C_m"": 200.0, ""g_L"": 10.0, ""E_L"": -70.0, ""v_T"": -50.0, ""delta_T"": 2.0, ""v_reset"": -58.0}",2026-04-28T18:32:00.734373+00:00,0.42488961619346804,0.209780534392622,0.23931184336505,0.2316720381949284,0.8695707829766188,0.17173870628764526
initial_bursting_066_grad_guarino,initial_bursting,66,grad_guarino,-0.43921568627450985,7,8,0.5587924122810364,0.7881544232368469,2.7977895736694336,0.5587924122810364,warmstart,10,1.3197741508483887,True,"{""C_m"": 65.32983489793801, ""g_L"": 13.606866073438322, ""E_L"": -73.86076178625972, ""v_T"": -41.7528888057375, ""delta_T"": 15.447843455342035, ""v_reset"": -59.51974889251852}","{""C_m"": 65.32983489793801, ""g_L"": 13.606866073438322, ""E_L"": -73.86076178625972, ""v_T"": -41.7528888057375, ""delta_T"": 15.447843455342035, ""v_reset"": -59.51974889251852}","{""C_m"": 200.0, ""g_L"": 10.0, ""E_L"": -70.0, ""v_T"": -50.0, ""delta_T"": 2.0, ""v_reset"": -58.0}",2026-04-28T18:32:02.054273+00:00,0.5855224569654869,0.4508582591797903,0.08579470636132701,0.3298844477705001,0.7077812344916861,0.0434213969291006
initial_bursting_066_grad_vanrossum,initial_bursting,66,grad_vanrossum,0.2890625,7,9,5.98018217086792,6.004235744476318,20.127948760986328,5.98018217086792,warmstart,25,1.5083370208740234,True,"{""C_m"": 18.330218219139272, ""g_L"": 10.056665880855949, ""E_L"": -106.31757398433575, ""v_T"": -50.68281340363184, ""delta_T"": 12.355095048109366, ""v_reset"": -62.938374529613995}","{""C_m"": 18.330218219139272, ""g_L"": 10.056665880855949, ""E_L"": -106.31757398433575, ""v_T"": -50.68281340363184, ""delta_T"": 12.355095048109366, ""v_reset"": -62.938374529613995}","{""C_m"": 200.0, ""g_L"": 10.0, ""E_L"": -70.0, ""v_T"": -50.0, ""delta_T"": 2.0, ""v_reset"": -58.0}",2026-04-28T18:32:03.562729+00:00,0.7898686164385249,0.007083235106993602,0.8070571996519056,0.02731253614527361,0.5450050025320718,0.14109641513182844
initial_bursting_066_nm_guarino,initial_bursting,66,nm_guarino,0.2063492063492063,7,7,0.5587924122810364,0.37537622451782227,0.37537622451782227,0.37537622451782227,training,50,0.6081361770629883,False,"{""C_m"": 65.32983489793801, ""g_L"": 13.606866073438322, ""E_L"": -73.86076178625972, ""v_T"": -41.7528888057375, ""delta_T"": 15.447843455342035, ""v_reset"": -59.51974889251852}","{""C_m"": 64.80396507541896, ""g_L"": 13.554638376825707, ""E_L"": -76.37879347236571, ""v_T"": -40.94627721358276, ""delta_T"": 15.845753155685394, ""v_reset"": -62.7470238000804}","{""C_m"": 200.0, ""g_L"": 10.0, ""E_L"": -70.0, ""v_T"": -50.0, ""delta_T"": 2.0, ""v_reset"": -58.0}",2026-04-28T18:32:04.170981+00:00,0.5878088474981785,0.4443297971032134,0.14175096605257143,0.3621489114566896,0.7287238502992313,0.13562925143086854
initial_bursting_067_grad_guarino,initial_bursting,67,grad_guarino,0.2063492063492063,7,7,0.5407918095588684,0.977348268032074,1.060036063194275,0.5407918095588684,warmstart,25,1.3495519161224365,True,"{""C_m"": 73.53236458992586, ""g_L"": 7.365986710490519, ""E_L"": -67.68722411739785, ""v_T"": -43.33052740631245, ""delta_T"": 12.968305951038431, ""v_reset"": -79.04160283916734}","{""C_m"": 73.53236458992586, ""g_L"": 7.365986710490519, ""E_L"": -67.68722411739785, ""v_T"": -43.33052740631245, ""delta_T"": 12.968305951038431, ""v_reset"": -79.04160283916734}","{""C_m"": 200.0, ""g_L"": 10.0, ""E_L"": -70.0, ""v_T"": -50.0, ""delta_T"": 2.0, ""v_reset"": -58.0}",2026-04-28T18:32:05.520652+00:00,0.5498592843916267,0.3292516611886851,0.051395019613381186,0.26677890374750207,0.57727926058097,0.6011886525476383
initial_bursting_067_grad_vanrossum,initial_bursting,67,grad_vanrossum,-0.3888888888888889,7,7,5.512597560882568,5.740002155303955,44.56201171875,5.512597560882568,warmstart,25,1.49708890914917,True,"{""C_m"": 194.6385690173106, ""g_L"": 8.322971581515741, ""E_L"": -69.9315856964115, ""v_T"": -48.348037114040416, ""delta_T"": 6.689801700486797, ""v_reset"": -51.945512948950075}","{""C_m"": 194.6385690173106, ""g_L"": 8.322971581515741, ""E_L"": -69.9315856964115, ""v_T"": -48.348037114040416, ""delta_T"": 6.689801700486797, ""v_reset"": -51.945512948950075}","{""C_m"": 200.0, ""g_L"": 10.0, ""E_L"": -70.0, ""v_T"": -50.0, ""delta_T"": 2.0, ""v_reset"": -58.0}",2026-04-28T18:32:07.017866+00:00,0.023310569489953907,0.20962855231053235,0.00152031785752216,0.06607851543838336,0.2468316684466735,0.17298534431571214
initial_bursting_067_nm_guarino,initial_bursting,67,nm_guarino,0.40476190476190477,7,7,0.5407918095588684,0.4682941436767578,0.4682941436767578,0.4682941436767578,training,50,0.6040279865264893,False,"{""C_m"": 73.53236458992586, ""g_L"": 7.365986710490519, ""E_L"": -67.68722411739785, ""v_T"": -43.33052740631245, ""delta_T"": 12.968305951038431, ""v_reset"": -79.04160283916734}","{""C_m"": 73.79310272692857, ""g_L"": 7.398814130812115, ""E_L"": -68.05960504572495, ""v_T"": -43.2701974786701, ""delta_T"": 13.052967031451564, ""v_reset"": -79.27109515423928}","{""C_m"": 200.0, ""g_L"": 10.0, ""E_L"": -70.0, ""v_T"": -50.0, ""delta_T"": 2.0, ""v_reset"": -58.0}",2026-04-28T18:32:07.622361+00:00,0.5487256403177019,0.32514823364848566,0.04311988787277888,0.26919210085319606,0.5817351069185034,0.6077455758354079
initial_bursting_068_grad_guarino,initial_bursting,68,grad_guarino,-0.43921568627450985,7,8,0.41284820437431335,1.153231143951416,4.414932727813721,0.41284820437431335,warmstart,25,1.3410561084747314,True,"{""C_m"": 106.86484074200438, ""g_L"": 6.513357638037935, ""E_L"": -69.56746267788947, ""v_T"": -58.404739195819175, ""delta_T"": 11.320328578721917, ""v_reset"": -74.33468479319696}","{""C_m"": 106.86484074200438, ""g_L"": 6.513357638037935, ""E_L"": -69.56746267788947, ""v_T"": -58.404739195819175, ""delta_T"": 11.320328578721917, ""v_reset"": -74.33468479319696}","{""C_m"": 200.0, ""g_L"": 10.0, ""E_L"": -70.0, ""v_T"": -50.0, ""delta_T"": 2.0, ""v_reset"": -58.0}",2026-04-28T18:32:08.963532+00:00,0.40493547503476357,0.43583029524525807,0.009611940491345195,0.336189567832767,0.49054360940641667,0.4667052798056273
initial_bursting_068_grad_vanrossum,initial_bursting,68,grad_vanrossum,-0.43921568627450985,7,8,5.30297327041626,8.980982780456543,10.350701332092285,5.30297327041626,warmstart,25,1.4874632358551025,True,"{""C_m"": 106.86484074200438, ""g_L"": 6.513357638037935, ""E_L"": -69.56746267788947, ""v_T"": -58.404739195819175, ""delta_T"": 11.320328578721917, ""v_reset"": -74.33468479319696}","{""C_m"": 106.86484074200438, ""g_L"": 6.513357638037935, ""E_L"": -69.56746267788947, ""v_T"": -58.404739195819175, ""delta_T"": 11.320328578721917, ""v_reset"": -74.33468479319696}","{""C_m"": 200.0, ""g_L"": 10.0, ""E_L"": -70.0, ""v_T"": -50.0, ""delta_T"": 2.0, ""v_reset"": -58.0}",2026-04-28T18:32:10.451104+00:00,0.40493547503476357,0.43583029524525807,0.009611940491345195,0.336189567832767,0.49054360940641667,0.4667052798056273
initial_bursting_068_nm_guarino,initial_bursting,68,nm_guarino,-0.43921568627450985,7,8,0.41284820437431335,0.24810229241847992,0.24810229241847992,0.24810229241847992,training,50,0.605139970779419,False,"{""C_m"": 106.86484074200438, ""g_L"": 6.513357638037935, ""E_L"": -69.56746267788947, ""v_T"": -58.404739195819175, ""delta_T"": 11.320328578721917, ""v_reset"": -74.33468479319696}","{""C_m"": 107.9425139870111, ""g_L"": 6.564570631092497, ""E_L"": -70.47816562735609, ""v_T"": -58.16505274140084, ""delta_T"": 11.43514686735027, ""v_reset"": -74.90393967701829}","{""C_m"": 200.0, ""g_L"": 10.0, ""E_L"": -70.0, ""v_T"": -50.0, ""delta_T"": 2.0, ""v_reset"": -58.0}",2026-04-28T18:32:11.056371+00:00,0.40024993918690827,0.42942867111343785,0.010625902830135361,0.3266021096560337,0.49658667722896155,0.48296970505766534
initial_bursting_069_grad_guarino,initial_bursting,69,grad_guarino,0.6031746031746031,7,7,0.32129791378974915,0.33433854579925537,1400.4248046875,0.32129791378974915,warmstart,25,1.3349499702453613,True,"{""C_m"": 60.5593282282809, ""g_L"": 8.940650666964238, ""E_L"": -82.40835126867601, ""v_T"": -40.95679146376838, ""delta_T"": 5.7331165727077735, ""v_reset"": -67.21877304705649}","{""C_m"": 60.5593282282809, ""g_L"": 8.940650666964238, ""E_L"": -82.40835126867601, ""v_T"": -40.95679146376838, ""delta_T"": 5.7331165727077735, ""v_reset"": -67.21877304705649}","{""C_m"": 200.0, ""g_L"": 10.0, ""E_L"": -70.0, ""v_T"": -50.0, ""delta_T"": 2.0, ""v_reset"": -58.0}",2026-04-28T18:32:12.391433+00:00,0.6062637903118222,0.13241866662947022,0.2757411393039114,0.3617283414492647,0.19647981961619862,0.26339351563018537
initial_bursting_069_grad_vanrossum,initial_bursting,69,grad_vanrossum,0.0,7,0,4.58112907409668,4.495659351348877,15.385812759399414,4.495659351348877,training,25,1.4897639751434326,True,"{""C_m"": 60.5593282282809, ""g_L"": 8.940650666964238, ""E_L"": -82.40835126867601, ""v_T"": -40.95679146376838, ""delta_T"": 5.7331165727077735, ""v_reset"": -67.21877304705649}","{""C_m"": 240.0, ""g_L"": 14.0, ""E_L"": -110.0, ""v_T"": -35.0, ""delta_T"": 20.0, ""v_reset"": -54.86463928222656}","{""C_m"": 200.0, ""g_L"": 10.0, ""E_L"": -70.0, ""v_T"": -50.0, ""delta_T"": 2.0, ""v_reset"": -58.0}",2026-04-28T18:32:13.881306+00:00,0.17391304347826086,0.5,0.8888888888888888,0.6,0.9473684210526315,0.08958173479352678
initial_bursting_069_nm_guarino,initial_bursting,69,nm_guarino,0.40476190476190477,7,7,0.32129791378974915,0.3047170042991638,0.3047170042991638,0.3047170042991638,training,50,0.599412202835083,False,"{""C_m"": 60.5593282282809, ""g_L"": 8.940650666964238, ""E_L"": -82.40835126867601, ""v_T"": -40.95679146376838, ""delta_T"": 5.7331165727077735, ""v_reset"": -67.21877304705649}","{""C_m"": 61.83282520219019, ""g_L"": 8.87460767108513, ""E_L"": -82.60243173849, ""v_T"": -41.11652576720037, ""delta_T"": 5.814697461232149, ""v_reset"": -67.32922733237565}","{""C_m"": 200.0, ""g_L"": 10.0, ""E_L"": -70.0, ""v_T"": -50.0, ""delta_T"": 2.0, ""v_reset"": -58.0}",2026-04-28T18:32:14.481202+00:00,0.6007268469469992,0.14067404111435877,0.28005403863311107,0.3553389693119851,0.20077355059116575,0.26654935235359006
initial_bursting_070_grad_guarino,initial_bursting,70,grad_guarino,0.8015873015873016,7,7,0.21668250858783722,0.39459002017974854,20.976383209228516,0.21668250858783722,warmstart,25,1.334961175918579,True,"{""C_m"": 95.94100646868243, ""g_L"": 7.315208026225017, ""E_L"": -98.71900401628601, ""v_T"": -52.69479068364493, ""delta_T"": 1.3219328227164358, ""v_reset"": -68.50584573474518}","{""C_m"": 95.94100646868243, ""g_L"": 7.315208026225017, ""E_L"": -98.71900401628601, ""v_T"": -52.69479068364493, ""delta_T"": 1.3219328227164358, ""v_reset"": -68.50584573474518}","{""C_m"": 200.0, ""g_L"": 10.0, ""E_L"": -70.0, ""v_T"": -50.0, ""delta_T"": 2.0, ""v_reset"": -58.0}",2026-04-28T18:32:15.816284+00:00,0.45243040665790246,0.3355989967218729,0.6382000892508002,0.10779162734579728,0.03568774617281917,0.3001670209927194
initial_bursting_070_grad_vanrossum,initial_bursting,70,grad_vanrossum,0.06477732793522269,7,6,4.427746772766113,4.638542175292969,44.65248107910156,4.427746772766113,warmstart,25,1.7730071544647217,True,"{""C_m"": 197.1204300946204, ""g_L"": 10.072048181778523, ""E_L"": -65.96506059540486, ""v_T"": -44.81056477452841, ""delta_T"": 1.4479015236684851, ""v_reset"": -57.10355853013999}","{""C_m"": 197.1204300946204, ""g_L"": 10.072048181778523, ""E_L"": -65.96506059540486, ""v_T"": -44.81056477452841, ""delta_T"": 1.4479015236684851, ""v_reset"": -57.10355853013999}","{""C_m"": 200.0, ""g_L"": 10.0, ""E_L"": -70.0, ""v_T"": -50.0, ""delta_T"": 2.0, ""v_reset"": -58.0}",2026-04-28T18:32:17.589444+00:00,0.012519869153824397,0.009006022722315432,0.08966532010211413,0.20757740901886365,0.02905781454376394,0.02561261342457166
initial_bursting_070_nm_guarino,initial_bursting,70,nm_guarino,0.2063492063492063,7,7,0.21668250858783722,0.16052022576332092,0.16052022576332092,0.16052022576332092,training,50,0.610302209854126,False,"{""C_m"": 95.94100646868243, ""g_L"": 7.315208026225017, ""E_L"": -98.71900401628601, ""v_T"": -52.69479068364493, ""delta_T"": 1.3219328227164358, ""v_reset"": -68.50584573474518}","{""C_m"": 96.59215880413049, ""g_L"": 7.449211370388381, ""E_L"": -97.98637679437438, ""v_T"": -52.68922472987394, ""delta_T"": 1.349368672198596, ""v_reset"": -68.9475569182502}","{""C_m"": 200.0, ""g_L"": 10.0, ""E_L"": -70.0, ""v_T"": -50.0, ""delta_T"": 2.0, ""v_reset"": -58.0}",2026-04-28T18:32:18.199880+00:00,0.44959930954725874,0.31884857870145233,0.6219194843194307,0.10756898919495768,0.03424375409481074,0.3127873405214343
initial_bursting_071_grad_guarino,initial_bursting,71,grad_guarino,-0.1015625,7,9,0.4556693434715271,1.3319848775863647,9.010307312011719,0.4556693434715271,warmstart,25,1.3573808670043945,True,"{""C_m"": 141.46050244028714, ""g_L"": 10.137038990551975, ""E_L"": -69.28603343046416, ""v_T"": -57.746637013515766, ""delta_T"": 13.771150825792544, ""v_reset"": -61.75439214198559}","{""C_m"": 141.46050244028714, ""g_L"": 10.137038990551975, ""E_L"": -69.28603343046416, ""v_T"": -57.746637013515766, ""delta_T"": 13.771150825792544, ""v_reset"": -61.75439214198559}","{""C_m"": 200.0, ""g_L"": 10.0, ""E_L"": -70.0, ""v_T"": -50.0, ""delta_T"": 2.0, ""v_reset"": -58.0}",2026-04-28T18:32:19.557396+00:00,0.2545195546074472,0.017129873818996888,0.01586592376746315,0.3098654805406306,0.6195342539890812,0.10726834691387402
initial_bursting_071_grad_vanrossum,initial_bursting,71,grad_vanrossum,-0.43921568627450985,7,8,5.148921966552734,6.616741180419922,44.5047721862793,5.148921966552734,warmstart,25,1.9907219409942627,True,"{""C_m"": 81.50241790553724, ""g_L"": 13.789689252484944, ""E_L"": -73.0681851302344, ""v_T"": -45.54954876584782, ""delta_T"": 9.200389143203235, ""v_reset"": -57.764132785203834}","{""C_m"": 81.50241790553724, ""g_L"": 13.789689252484944, ""E_L"": -73.0681851302344, ""v_T"": -45.54954876584782, ""delta_T"": 9.200389143203235, ""v_reset"": -57.764132785203834}","{""C_m"": 200.0, ""g_L"": 10.0, ""E_L"": -70.0, ""v_T"": -50.0, ""delta_T"": 2.0, ""v_reset"": -58.0}",2026-04-28T18:32:21.548396+00:00,0.5152068786715772,0.473711156560618,0.0681818917829866,0.17801804936608734,0.37896784964227553,0.006739063279890445
initial_bursting_071_nm_guarino,initial_bursting,71,nm_guarino,-0.1015625,7,9,0.4556693434715271,0.4556693434715271,0.4556693434715271,0.4556693434715271,warmstart,50,0.6136538982391357,False,"{""C_m"": 141.46050244028714, ""g_L"": 10.137038990551975, ""E_L"": -69.28603343046416, ""v_T"": -57.746637013515766, ""delta_T"": 13.771150825792544, ""v_reset"": -61.75439214198559}","{""C_m"": 141.46050244028714, ""g_L"": 10.137038990551975, ""E_L"": -69.28603343046416, ""v_T"": -57.746637013515766, ""delta_T"": 13.771150825792544, ""v_reset"": -61.75439214198559}","{""C_m"": 200.0, ""g_L"": 10.0, ""E_L"": -70.0, ""v_T"": -50.0, ""delta_T"": 2.0, ""v_reset"": -58.0}",2026-04-28T18:32:22.162179+00:00,0.2545195546074472,0.017129873818996888,0.01586592376746315,0.3098654805406306,0.6195342539890812,0.10726834691387402
initial_bursting_072_grad_guarino,initial_bursting,72,grad_guarino,0.0,7,0,0.8713237643241882,0.8696264028549194,11.81586742401123,0.8696264028549194,training,25,1.340550184249878,True,"{""C_m"": 17.59348983491877, ""g_L"": 13.203600945554438, ""E_L"": -102.18819339259669, ""v_T"": -58.21632088500909, ""delta_T"": 8.867193735678798, ""v_reset"": -78.15661013768258}","{""C_m"": 240.0, ""g_L"": 14.0, ""E_L"": -110.0, ""v_T"": -35.0, ""delta_T"": 1.0, ""v_reset"": -77.85216522216797}","{""C_m"": 200.0, ""g_L"": 10.0, ""E_L"": -70.0, ""v_T"": -50.0, ""delta_T"": 2.0, ""v_reset"": -58.0}",2026-04-28T18:32:23.502850+00:00,0.17391304347826086,0.5,0.8888888888888888,0.6,0.05263157894736842,0.5672047206333706
initial_bursting_072_grad_vanrossum,initial_bursting,72,grad_vanrossum,0.12499999999999997,7,5,5.351598739624023,4.702757835388184,12.434919357299805,4.702757835388184,training,25,1.5002391338348389,True,"{""C_m"": 210.93602586395116, ""g_L"": 11.739448390699742, ""E_L"": -75.5980594288595, ""v_T"": -51.68247852076348, ""delta_T"": 2.8822065368204277, ""v_reset"": -61.01705982736798}","{""C_m"": 212.19874572753906, ""g_L"": 11.780710220336914, ""E_L"": -76.58311462402344, ""v_T"": -50.92831039428711, ""delta_T"": 2.9633030891418457, ""v_reset"": -61.00522994995117}","{""C_m"": 200.0, ""g_L"": 10.0, ""E_L"": -70.0, ""v_T"": -50.0, ""delta_T"": 2.0, ""v_reset"": -58.0}",2026-04-28T18:32:25.003202+00:00,0.05303802490234375,0.22258877754211426,0.14629143608940973,0.03713241577148438,0.05070016258641293,0.08586371285574777
initial_bursting_072_nm_guarino,initial_bursting,72,nm_guarino,-0.3888888888888889,7,7,0.8713237643241882,0.7698426246643066,0.7698426246643066,0.7698426246643066,training,50,0.6102907657623291,False,"{""C_m"": 17.59348983491877, ""g_L"": 13.203600945554438, ""E_L"": -102.18819339259669, ""v_T"": -58.21632088500909, ""delta_T"": 8.867193735678798, ""v_reset"": -78.15661013768258}","{""C_m"": 17.935464145010783, ""g_L"": 12.726713192049406, ""E_L"": -102.84125673408185, ""v_T"": -57.98956852612312, ""delta_T"": 9.113443524168925, ""v_reset"": -78.87322973085213}","{""C_m"": 200.0, ""g_L"": 10.0, ""E_L"": -70.0, ""v_T"": -50.0, ""delta_T"": 2.0, ""v_reset"": -58.0}",2026-04-28T18:32:25.613611+00:00,0.7915849384999532,0.34083914900617573,0.729805705201819,0.3195827410449249,0.37439176442994343,0.5963779923100608
initial_bursting_073_grad_guarino,initial_bursting,73,grad_guarino,0.6031746031746031,7,7,0.48317259550094604,0.5314674377441406,0.5314674377441406,0.48317259550094604,warmstart,1,1.329352855682373,True,"{""C_m"": 43.91832246174642, ""g_L"": 11.840184026201968, ""E_L"": -81.61350316543428, ""v_T"": -43.55277822166384, ""delta_T"": 7.175200522115123, ""v_reset"": -72.2967079842978}","{""C_m"": 43.91832246174642, ""g_L"": 11.840184026201968, ""E_L"": -81.61350316543428, ""v_T"": -43.55277822166384, ""delta_T"": 7.175200522115123, ""v_reset"": -72.2967079842978}","{""C_m"": 200.0, ""g_L"": 10.0, ""E_L"": -70.0, ""v_T"": -50.0, ""delta_T"": 2.0, ""v_reset"": -58.0}",2026-04-28T18:32:26.943454+00:00,0.6786159892967547,0.23002300327524594,0.2580778481207618,0.2578888711334463,0.27237897484816437,0.408477370979937
initial_bursting_073_grad_vanrossum,initial_bursting,73,grad_vanrossum,0.5411764705882354,7,8,4.448550701141357,5.897791862487793,8.454812049865723,4.448550701141357,warmstart,25,1.5137579441070557,True,"{""C_m"": 89.37737612959171, ""g_L"": 8.491775709640272, ""E_L"": -75.64026315007605, ""v_T"": -45.706269112398424, ""delta_T"": 10.396019890851267, ""v_reset"": -61.45196526192786}","{""C_m"": 89.37737612959171, ""g_L"": 8.491775709640272, ""E_L"": -75.64026315007605, ""v_T"": -45.706269112398424, ""delta_T"": 10.396019890851267, ""v_reset"": -61.45196526192786}","{""C_m"": 200.0, ""g_L"": 10.0, ""E_L"": -70.0, ""v_T"": -50.0, ""delta_T"": 2.0, ""v_reset"": -58.0}",2026-04-28T18:32:28.457333+00:00,0.4809679298713404,0.18852803629496595,0.12533918111280115,0.17174923550406304,0.44189578372901406,0.09862757891222458
initial_bursting_073_nm_guarino,initial_bursting,73,nm_guarino,0.6031746031746031,7,7,0.48317259550094604,0.461626261472702,0.461626261472702,0.461626261472702,training,50,0.6047050952911377,False,"{""C_m"": 43.91832246174642, ""g_L"": 11.840184026201968, ""E_L"": -81.61350316543428, ""v_T"": -43.55277822166384, ""delta_T"": 7.175200522115123, ""v_reset"": -72.2967079842978}","{""C_m"": 43.91832246174642, ""g_L"": 11.840184026201968, ""E_L"": -81.61350316543428, ""v_T"": -43.55277822166384, ""delta_T"": 7.53396054822088, ""v_reset"": -72.2967079842978}","{""C_m"": 200.0, ""g_L"": 10.0, ""E_L"": -70.0, ""v_T"": -50.0, ""delta_T"": 2.0, ""v_reset"": -58.0}",2026-04-28T18:32:29.062155+00:00,0.6786159892967547,0.23002300327524594,0.2580778481207618,0.2578888711334463,0.29126108148530944,0.408477370979937
initial_bursting_074_grad_guarino,initial_bursting,74,grad_guarino,-0.43921568627450985,7,8,0.5074276328086853,1.0112053155899048,8.635238647460938,0.5074276328086853,warmstart,25,1.347728967666626,True,"{""C_m"": 102.06187328135107, ""g_L"": 7.923443481447095, ""E_L"": -80.87443524977444, ""v_T"": -59.215904950243, ""delta_T"": 12.735687459540756, ""v_reset"": -72.82116221936452}","{""C_m"": 102.06187328135107, ""g_L"": 7.923443481447095, ""E_L"": -80.87443524977444, ""v_T"": -59.215904950243, ""delta_T"": 12.735687459540756, ""v_reset"": -72.82116221936452}","{""C_m"": 200.0, ""g_L"": 10.0, ""E_L"": -70.0, ""v_T"": -50.0, ""delta_T"": 2.0, ""v_reset"": -58.0}",2026-04-28T18:32:30.410011+00:00,0.42581794225499536,0.2595695648191131,0.24165411666165412,0.36863619800972003,0.5650361820810924,0.42346177769612925
initial_bursting_074_grad_vanrossum,initial_bursting,74,grad_vanrossum,-0.43921568627450985,7,8,5.988367557525635,7.485569000244141,10.527807235717773,5.988367557525635,warmstart,25,1.506824016571045,True,"{""C_m"": 102.06187328135107, ""g_L"": 7.923443481447095, ""E_L"": -80.87443524977444, ""v_T"": -59.215904950243, ""delta_T"": 12.735687459540756, ""v_reset"": -72.82116221936452}","{""C_m"": 102.06187328135107, ""g_L"": 7.923443481447095, ""E_L"": -80.87443524977444, ""v_T"": -59.215904950243, ""delta_T"": 12.735687459540756, ""v_reset"": -72.82116221936452}","{""C_m"": 200.0, ""g_L"": 10.0, ""E_L"": -70.0, ""v_T"": -50.0, ""delta_T"": 2.0, ""v_reset"": -58.0}",2026-04-28T18:32:31.916962+00:00,0.42581794225499536,0.2595695648191131,0.24165411666165412,0.36863619800972003,0.5650361820810924,0.42346177769612925
initial_bursting_074_nm_guarino,initial_bursting,74,nm_guarino,-0.43921568627450985,7,8,0.5074276328086853,0.2839987874031067,0.2839987874031067,0.2839987874031067,training,50,0.6055560111999512,False,"{""C_m"": 102.06187328135107, ""g_L"": 7.923443481447095, ""E_L"": -80.87443524977444, ""v_T"": -59.215904950243, ""delta_T"": 12.735687459540756, ""v_reset"": -72.82116221936452}","{""C_m"": 102.81387577640035, ""g_L"": 8.314929025122256, ""E_L"": -77.61166541051828, ""v_T"": -58.835368492220795, ""delta_T"": 12.604964747644644, ""v_reset"": -75.33043643970814}","{""C_m"": 200.0, ""g_L"": 10.0, ""E_L"": -70.0, ""v_T"": -50.0, ""delta_T"": 2.0, ""v_reset"": -58.0}",2026-04-28T18:32:32.522640+00:00,0.4225483661895637,0.21063387185971805,0.16914812023373965,0.3534147396888318,0.5581560393497181,0.4951553268488039
initial_bursting_075_grad_guarino,initial_bursting,75,grad_guarino,-0.04705882352941181,7,8,0.6311813592910767,1.1479614973068237,1.3951164484024048,0.6311813592910767,warmstart,25,1.3246700763702393,True,"{""C_m"": 96.05203904537913, ""g_L"": 9.717301248863734, ""E_L"": -67.16744975950172, ""v_T"": -41.6241607564547, ""delta_T"": 9.812831412648181, ""v_reset"": -51.974577005090545}","{""C_m"": 96.05203904537913, ""g_L"": 9.717301248863734, ""E_L"": -67.16744975950172, ""v_T"": -41.6241607564547, ""delta_T"": 9.812831412648181, ""v_reset"": -51.974577005090545}","{""C_m"": 200.0, ""g_L"": 10.0, ""E_L"": -70.0, ""v_T"": -50.0, ""delta_T"": 2.0, ""v_reset"": -58.0}",2026-04-28T18:32:33.847554+00:00,0.45194765632443856,0.035337343892033246,0.06294556089996174,0.33503356974181203,0.4112016532972727,0.1721549427116987
initial_bursting_075_grad_vanrossum,initial_bursting,75,grad_vanrossum,0.05357142857142861,7,21,4.918442249298096,3.299823760986328,44.424373626708984,3.299823760986328,training,25,1.5110838413238525,True,"{""C_m"": 47.889423800184005, ""g_L"": 11.94656504896135, ""E_L"": -83.67260676739534, ""v_T"": -50.54677788403149, ""delta_T"": 3.409783556079568, ""v_reset"": -65.5000855704533}","{""C_m"": 10.0, ""g_L"": 6.0, ""E_L"": -65.0, ""v_T"": -60.0, ""delta_T"": 1.0, ""v_reset"": -80.0}","{""C_m"": 200.0, ""g_L"": 10.0, ""E_L"": -70.0, ""v_T"": -50.0, ""delta_T"": 2.0, ""v_reset"": -58.0}",2026-04-28T18:32:35.358762+00:00,0.8260869565217391,0.5,0.1111111111111111,0.4,0.05263157894736842,0.6285714285714286
initial_bursting_075_nm_guarino,initial_bursting,75,nm_guarino,-0.24313725490196084,7,8,0.6311813592910767,0.4745417833328247,0.4745417833328247,0.4745417833328247,training,50,0.605280876159668,False,"{""C_m"": 96.05203904537913, ""g_L"": 9.717301248863734, ""E_L"": -67.16744975950172, ""v_T"": -41.6241607564547, ""delta_T"": 9.812831412648181, ""v_reset"": -51.974577005090545}","{""C_m"": 97.83078050918246, ""g_L"": 9.978228782398034, ""E_L"": -65.0, ""v_T"": -41.04604741261505, ""delta_T"": 9.994550512882407, ""v_reset"": -52.93706917185148}","{""C_m"": 200.0, ""g_L"": 10.0, ""E_L"": -70.0, ""v_T"": -50.0, ""delta_T"": 2.0, ""v_reset"": -58.0}",2026-04-28T18:32:35.964158+00:00,0.4442139977861632,0.0027214022002457483,0.1111111111111111,0.3581581034953979,0.4207658164674951,0.14465516651852905
initial_bursting_076_grad_guarino,initial_bursting,76,grad_guarino,0.6031746031746031,7,7,0.45936164259910583,0.48796820640563965,11.799931526184082,0.45936164259910583,warmstart,25,1.3329813480377197,True,"{""C_m"": 51.44613513369458, ""g_L"": 13.939917699092247, ""E_L"": -90.82637269888465, ""v_T"": -48.7927296831691, ""delta_T"": 14.027424574332695, ""v_reset"": -56.15018004923131}","{""C_m"": 51.44613513369458, ""g_L"": 13.939917699092247, ""E_L"": -90.82637269888465, ""v_T"": -48.7927296831691, ""delta_T"": 14.027424574332695, ""v_reset"": -56.15018004923131}","{""C_m"": 200.0, ""g_L"": 10.0, ""E_L"": -70.0, ""v_T"": -50.0, ""delta_T"": 2.0, ""v_reset"": -58.0}",2026-04-28T18:32:37.297252+00:00,0.6458863689839366,0.49248971238653083,0.46280828219743675,0.04829081267323602,0.6330223460175103,0.05285199859339116
initial_bursting_076_grad_vanrossum,initial_bursting,76,grad_vanrossum,0.6031746031746031,7,7,3.533323287963867,3.914064407348633,18.21748924255371,3.533323287963867,warmstart,25,1.4966537952423096,True,"{""C_m"": 51.44613513369458, ""g_L"": 13.939917699092247, ""E_L"": -90.82637269888465, ""v_T"": -48.7927296831691, ""delta_T"": 14.027424574332695, ""v_reset"": -56.15018004923131}","{""C_m"": 51.44613513369458, ""g_L"": 13.939917699092247, ""E_L"": -90.82637269888465, ""v_T"": -48.7927296831691, ""delta_T"": 14.027424574332695, ""v_reset"": -56.15018004923131}","{""C_m"": 200.0, ""g_L"": 10.0, ""E_L"": -70.0, ""v_T"": -50.0, ""delta_T"": 2.0, ""v_reset"": -58.0}",2026-04-28T18:32:38.794033+00:00,0.6458863689839366,0.49248971238653083,0.46280828219743675,0.04829081267323602,0.6330223460175103,0.05285199859339116
initial_bursting_076_nm_guarino,initial_bursting,76,nm_guarino,0.9999999999999999,7,7,0.45936164259910583,0.3672051429748535,0.3672051429748535,0.3672051429748535,training,50,0.6041359901428223,False,"{""C_m"": 51.44613513369458, ""g_L"": 13.939917699092247, ""E_L"": -90.82637269888465, ""v_T"": -48.7927296831691, ""delta_T"": 14.027424574332695, ""v_reset"": -56.15018004923131}","{""C_m"": 52.37500475228741, ""g_L"": 13.946837328512062, ""E_L"": -90.22247422832332, ""v_T"": -49.42153816361116, ""delta_T"": 13.72147146878027, ""v_reset"": -58.2926180303127}","{""C_m"": 200.0, ""g_L"": 10.0, ""E_L"": -70.0, ""v_T"": -50.0, ""delta_T"": 2.0, ""v_reset"": -58.0}",2026-04-28T18:32:39.398518+00:00,0.6418478054248374,0.4933546660640078,0.44938831618496267,0.023138473455553595,0.6169195509884353,0.008360515151791504
initial_bursting_077_grad_guarino,initial_bursting,77,grad_guarino,-0.9629629629629632,7,20,0.8435330986976624,0.644432783126831,3.8271260261535645,0.644432783126831,training,25,1.3278448581695557,True,"{""C_m"": 57.35059346968764, ""g_L"": 6.066582652082322, ""E_L"": -98.62816150714113, ""v_T"": -49.7627007763264, ""delta_T"": 7.999005975613768, ""v_reset"": -75.85923473724361}","{""C_m"": 10.003827095031738, ""g_L"": 6.06279182434082, ""E_L"": -75.60010528564453, ""v_T"": -58.94190979003906, ""delta_T"": 2.0621702671051025, ""v_reset"": -76.37171936035156}","{""C_m"": 200.0, ""g_L"": 10.0, ""E_L"": -70.0, ""v_T"": -50.0, ""delta_T"": 2.0, ""v_reset"": -58.0}",2026-04-28T18:32:40.726485+00:00,0.8260703169781228,0.49215102195739746,0.12444678412543403,0.3576763916015625,0.0032721193213211862,0.5249062674386161
initial_bursting_077_grad_vanrossum,initial_bursting,77,grad_vanrossum,0.5411764705882354,7,8,5.267767906188965,5.274393081665039,44.4084358215332,5.267767906188965,warmstart,25,1.5127677917480469,True,"{""C_m"": 69.53407909215629, ""g_L"": 10.332700162718925, ""E_L"": -87.32966103130596, ""v_T"": -45.07102874218596, ""delta_T"": 6.565098685002708, ""v_reset"": -51.229774953539554}","{""C_m"": 69.53407909215629, ""g_L"": 10.332700162718925, ""E_L"": -87.32966103130596, ""v_T"": -45.07102874218596, ""delta_T"": 6.565098685002708, ""v_reset"": -51.229774953539554}","{""C_m"": 200.0, ""g_L"": 10.0, ""E_L"": -70.0, ""v_T"": -50.0, ""delta_T"": 2.0, ""v_reset"": -58.0}",2026-04-28T18:32:42.239370+00:00,0.5672431343819292,0.04158752033986568,0.38510357847346577,0.19715885031256164,0.2402683518422478,0.19343500132744132
initial_bursting_077_nm_guarino,initial_bursting,77,nm_guarino,0.34509803921568627,7,8,0.8435330986976624,0.5250058174133301,0.5250058174133301,0.5250058174133301,training,50,0.6036636829376221,False,"{""C_m"": 57.35059346968764, ""g_L"": 6.066582652082322, ""E_L"": -98.62816150714113, ""v_T"": -49.7627007763264, ""delta_T"": 7.999005975613768, ""v_reset"": -75.85923473724361}","{""C_m"": 56.872597148728474, ""g_L"": 6.414135718032279, ""E_L"": -103.77995318154251, ""v_T"": -48.31347524411996, ""delta_T"": 8.205069551968961, ""v_reset"": -70.06820559337822}","{""C_m"": 200.0, ""g_L"": 10.0, ""E_L"": -70.0, ""v_T"": -50.0, ""delta_T"": 2.0, ""v_reset"": -58.0}",2026-04-28T18:32:42.843145+00:00,0.6222930558750936,0.44823303524596514,0.7506656262565002,0.06746099023520173,0.32658260799836636,0.3448058740965207
initial_bursting_078_grad_guarino,initial_bursting,78,grad_guarino,0.0,7,0,0.7554060220718384,0.4928835928440094,11.681615829467773,0.4928835928440094,training,25,1.3220739364624023,True,"{""C_m"": 61.25853009457849, ""g_L"": 9.12711594754463, ""E_L"": -92.50152435269771, ""v_T"": -45.912007983576935, ""delta_T"": 4.497402932956545, ""v_reset"": -62.55356668037177}","{""C_m"": 240.0, ""g_L"": 14.0, ""E_L"": -110.0, ""v_T"": -35.0, ""delta_T"": 19.98314666748047, ""v_reset"": -50.137516021728516}","{""C_m"": 200.0, ""g_L"": 10.0, ""E_L"": -70.0, ""v_T"": -50.0, ""delta_T"": 2.0, ""v_reset"": -58.0}",2026-04-28T18:32:44.165347+00:00,0.17391304347826086,0.5,0.8888888888888888,0.6,0.9464814035516036,0.22464239937918526
initial_bursting_078_grad_vanrossum,initial_bursting,78,grad_vanrossum,0.2352941176470588,7,10,6.607631683349609,6.665672302246094,11.68771743774414,6.607631683349609,warmstart,25,1.497175693511963,True,"{""C_m"": 43.766583973460015, ""g_L"": 10.552346767930532, ""E_L"": -74.35387355613858, ""v_T"": -41.419902202371134, ""delta_T"": 11.246751445970993, ""v_reset"": -66.83805266170901}","{""C_m"": 43.766583973460015, ""g_L"": 10.552346767930532, ""E_L"": -74.35387355613858, ""v_T"": -41.419902202371134, ""delta_T"": 11.246751445970993, ""v_reset"": -66.83805266170901}","{""C_m"": 200.0, ""g_L"": 10.0, ""E_L"": -70.0, ""v_T"": -50.0, ""delta_T"": 2.0, ""v_reset"": -58.0}",2026-04-28T18:32:45.662642+00:00,0.6792757218545218,0.06904334599131645,0.09675274569196846,0.34320391190515465,0.48667112873531543,0.25251579033454324
initial_bursting_078_nm_guarino,initial_bursting,78,nm_guarino,0.9999999999999999,7,7,0.7554060220718384,0.19092367589473724,0.19092367589473724,0.19092367589473724,training,50,0.6054627895355225,False,"{""C_m"": 61.25853009457849, ""g_L"": 9.12711594754463, ""E_L"": -92.50152435269771, ""v_T"": -45.912007983576935, ""delta_T"": 4.497402932956545, ""v_reset"": -62.55356668037177}","{""C_m"": 56.670655898982375, ""g_L"": 9.542947931259238, ""E_L"": -88.39328909997332, ""v_T"": -45.92303975625931, ""delta_T"": 4.630013615153539, ""v_reset"": -65.8172234396699}","{""C_m"": 200.0, ""g_L"": 10.0, ""E_L"": -70.0, ""v_T"": -50.0, ""delta_T"": 2.0, ""v_reset"": -58.0}",2026-04-28T18:32:46.268562+00:00,0.6231710613087723,0.05713150859259519,0.4087397577771848,0.16307840974962773,0.1384217692186073,0.22334924113342577
initial_bursting_079_grad_guarino,initial_bursting,79,grad_guarino,0.34509803921568627,7,8,0.6508493423461914,0.611146092414856,0.6690397262573242,0.611146092414856,training,25,1.3270368576049805,True,"{""C_m"": 43.30481350434183, ""g_L"": 6.165754110541519, ""E_L"": -98.75371077227659, ""v_T"": -38.27959379228452, ""delta_T"": 9.774022858858801, ""v_reset"": -74.56867656070109}","{""C_m"": 43.08148956298828, ""g_L"": 6.165515899658203, ""E_L"": -98.66897583007812, ""v_T"": -38.25713348388672, ""delta_T"": 9.997629165649414, ""v_reset"": -74.58578491210938}","{""C_m"": 200.0, ""g_L"": 10.0, ""E_L"": -70.0, ""v_T"": -50.0, ""delta_T"": 2.0, ""v_reset"": -58.0}",2026-04-28T18:32:47.595709+00:00,0.6822543932043987,0.4793105125427246,0.6370883517795138,0.46971466064453127,0.42092785082365336,0.47387956891741073
initial_bursting_079_grad_vanrossum,initial_bursting,79,grad_vanrossum,0.2352941176470588,7,10,6.043525695800781,6.078253746032715,44.40693283081055,6.043525695800781,warmstart,25,1.4974238872528076,True,"{""C_m"": 52.573414518121716, ""g_L"": 7.998618943172964, ""E_L"": -87.39515968675539, ""v_T"": -46.62406464424739, ""delta_T"": 6.4905513106488915, ""v_reset"": -62.1325814320943}","{""C_m"": 52.573414518121716, ""g_L"": 7.998618943172964, ""E_L"": -87.39515968675539, ""v_T"": -46.62406464424739, ""delta_T"": 6.4905513106488915, ""v_reset"": -62.1325814320943}","{""C_m"": 200.0, ""g_L"": 10.0, ""E_L"": -70.0, ""v_T"": -50.0, ""delta_T"": 2.0, ""v_reset"": -58.0}",2026-04-28T18:32:49.093249+00:00,0.640985154269036,0.2501726321033795,0.3865591041501198,0.1350374142301044,0.23634480582362585,0.11807375520269424
initial_bursting_079_nm_guarino,initial_bursting,79,nm_guarino,0.34509803921568627,7,8,0.6508493423461914,0.5884152054786682,0.5884152054786682,0.5884152054786682,training,50,0.6065127849578857,False,"{""C_m"": 43.30481350434183, ""g_L"": 6.165754110541519, ""E_L"": -98.75371077227659, ""v_T"": -38.27959379228452, ""delta_T"": 9.774022858858801, ""v_reset"": -74.56867656070109}","{""C_m"": 43.009635062543985, ""g_L"": 6.202765759559091, ""E_L"": -99.46446505889864, ""v_T"": -38.70461190327602, ""delta_T"": 10.04406575208428, ""v_reset"": -73.5109206469985}","{""C_m"": 200.0, ""g_L"": 10.0, ""E_L"": -70.0, ""v_T"": -50.0, ""delta_T"": 2.0, ""v_reset"": -58.0}",2026-04-28T18:32:49.699879+00:00,0.6825668040758957,0.4746542800551137,0.6547658901977476,0.4518155238689593,0.42337188168864637,0.44316916134281426
initial_bursting_080_grad_guarino,initial_bursting,80,grad_guarino,-0.24313725490196084,7,8,0.526441752910614,0.7519511580467224,11.647391319274902,0.526441752910614,warmstart,25,1.5659549236297607,True,"{""C_m"": 88.3626413585945, ""g_L"": 8.979540867688483, ""E_L"": -75.33514791889884, ""v_T"": -42.61355060732016, ""delta_T"": 6.054206175473568, ""v_reset"": -53.9144475866682}","{""C_m"": 88.3626413585945, ""g_L"": 8.979540867688483, ""E_L"": -75.33514791889884, ""v_T"": -42.61355060732016, ""delta_T"": 6.054206175473568, ""v_reset"": -53.9144475866682}","{""C_m"": 200.0, ""g_L"": 10.0, ""E_L"": -70.0, ""v_T"": -50.0, ""delta_T"": 2.0, ""v_reset"": -58.0}",2026-04-28T18:32:51.265958+00:00,0.4853798201800239,0.12755739153893964,0.11855884264219646,0.29545797570719373,0.21337927239334567,0.11673006895233706
initial_bursting_080_grad_vanrossum,initial_bursting,80,grad_vanrossum,0.0,7,0,5.450808048248291,4.723883152008057,14.229783058166504,4.723883152008057,training,25,1.5260980129241943,True,"{""C_m"": 138.33508514305592, ""g_L"": 8.88424108243293, ""E_L"": -74.47054345557865, ""v_T"": -50.941194676140384, ""delta_T"": 7.4408016779212485, ""v_reset"": -54.94202982007883}","{""C_m"": 240.0, ""g_L"": 14.0, ""E_L"": -110.0, ""v_T"": -35.0, ""delta_T"": 20.0, ""v_reset"": -45.0}","{""C_m"": 200.0, ""g_L"": 10.0, ""E_L"": -70.0, ""v_T"": -50.0, ""delta_T"": 2.0, ""v_reset"": -58.0}",2026-04-28T18:32:52.792549+00:00,0.17391304347826086,0.5,0.8888888888888888,0.6,0.9473684210526315,0.37142857142857144
initial_bursting_080_nm_guarino,initial_bursting,80,nm_guarino,-0.24313725490196084,7,8,0.526441752910614,0.41423314809799194,0.41423314809799194,0.41423314809799194,training,50,1.0736026763916016,False,"{""C_m"": 88.3626413585945, ""g_L"": 8.979540867688483, ""E_L"": -75.33514791889884, ""v_T"": -42.61355060732016, ""delta_T"": 6.054206175473568, ""v_reset"": -53.9144475866682}","{""C_m"": 89.74075415283951, ""g_L"": 9.256774135603013, ""E_L"": -73.21888587319307, ""v_T"": -42.128971406179886, ""delta_T"": 6.148628194339642, ""v_reset"": -54.550669980096316}","{""C_m"": 200.0, ""g_L"": 10.0, ""E_L"": -70.0, ""v_T"": -50.0, ""delta_T"": 2.0, ""v_reset"": -58.0}",2026-04-28T18:32:53.866270+00:00,0.4793880254224369,0.09290323304962333,0.0715307971820683,0.31484114375280453,0.21834885233366536,0.09855228628296239
initial_bursting_081_grad_guarino,initial_bursting,81,grad_guarino,0.8015873015873016,7,7,0.3554685413837433,0.4886358976364136,2.145261526107788,0.3554685413837433,warmstart,25,1.3766326904296875,True,"{""C_m"": 137.80831762648435, ""g_L"": 9.87202771575785, ""E_L"": -65.88283783020542, ""v_T"": -51.036938321406645, ""delta_T"": 11.44400799882377, ""v_reset"": -62.372453126594905}","{""C_m"": 137.80831762648435, ""g_L"": 9.87202771575785, ""E_L"": -65.88283783020542, ""v_T"": -51.036938321406645, ""delta_T"": 11.44400799882377, ""v_reset"": -62.372453126594905}","{""C_m"": 200.0, ""g_L"": 10.0, ""E_L"": -70.0, ""v_T"": -50.0, ""delta_T"": 2.0, ""v_reset"": -58.0}",2026-04-28T18:32:55.243046+00:00,0.27039861901528545,0.015996535530268696,0.09149249266210183,0.041477532856265785,0.4970530525696721,0.12492723218842587
initial_bursting_081_grad_vanrossum,initial_bursting,81,grad_vanrossum,-0.19090909090909092,7,3,4.668320178985596,4.002018928527832,8.36713695526123,4.002018928527832,training,25,1.5008411407470703,True,"{""C_m"": 137.80831762648435, ""g_L"": 9.87202771575785, ""E_L"": -65.88283783020542, ""v_T"": -51.036938321406645, ""delta_T"": 11.44400799882377, ""v_reset"": -62.372453126594905}","{""C_m"": 239.9820098876953, ""g_L"": 8.059385299682617, ""E_L"": -66.28536987304688, ""v_T"": -35.124900817871094, ""delta_T"": 19.303565979003906, ""v_reset"": -62.993202209472656}","{""C_m"": 200.0, ""g_L"": 10.0, ""E_L"": -70.0, ""v_T"": -50.0, ""delta_T"": 2.0, ""v_reset"": -58.0}",2026-04-28T18:32:56.744011+00:00,0.17383482559867527,0.24257683753967285,0.08254733615451389,0.5950039672851563,0.9107139988949424,0.1426629202706473
initial_bursting_081_nm_guarino,initial_bursting,81,nm_guarino,0.8015873015873016,7,7,0.3554685413837433,0.30644285678863525,0.30644285678863525,0.30644285678863525,training,50,0.610821008682251,False,"{""C_m"": 137.80831762648435, ""g_L"": 9.87202771575785, ""E_L"": -65.88283783020542, ""v_T"": -51.036938321406645, ""delta_T"": 11.44400799882377, ""v_reset"": -62.372453126594905}","{""C_m"": 138.77194380310172, ""g_L"": 10.1580027647849, ""E_L"": -65.52217656825728, ""v_T"": -51.36464787436097, ""delta_T"": 11.355832757929385, ""v_reset"": -62.691014294355426}","{""C_m"": 200.0, ""g_L"": 10.0, ""E_L"": -70.0, ""v_T"": -50.0, ""delta_T"": 2.0, ""v_reset"": -58.0}",2026-04-28T18:32:57.355271+00:00,0.26620893998651424,0.019750345598112506,0.09950718737206046,0.054585914974438765,0.49241225041733605,0.13402897983872647
initial_bursting_082_grad_guarino,initial_bursting,82,grad_guarino,0.14901960784313723,7,8,0.5535559058189392,0.5355846285820007,0.7366746664047241,0.5355846285820007,training,25,1.3325748443603516,True,"{""C_m"": 72.44082007046144, ""g_L"": 7.175876203080502, ""E_L"": -87.05023603914688, ""v_T"": -48.631867504586495, ""delta_T"": 16.10534438558014, ""v_reset"": -65.50072347836512}","{""C_m"": 72.87110900878906, ""g_L"": 7.177486896514893, ""E_L"": -87.1240234375, ""v_T"": -48.64702606201172, ""delta_T"": 16.09369659423828, ""v_reset"": -65.48314666748047}","{""C_m"": 200.0, ""g_L"": 10.0, ""E_L"": -70.0, ""v_T"": -50.0, ""delta_T"": 2.0, ""v_reset"": -58.0}",2026-04-28T18:32:58.687965+00:00,0.5527343086574389,0.3528141379356384,0.3805338541666667,0.05411895751953125,0.7417735049599096,0.21380419049944197
initial_bursting_082_grad_vanrossum,initial_bursting,82,grad_vanrossum,-1.0,7,24,5.290363311767578,5.073413372039795,46.54179763793945,5.073413372039795,training,25,1.5191266536712646,True,"{""C_m"": 40.22193458327137, ""g_L"": 10.83800407479456, ""E_L"": -99.46614877067115, ""v_T"": -46.66663895232152, ""delta_T"": 8.1517837047757, ""v_reset"": -57.24618196385404}","{""C_m"": 10.0, ""g_L"": 6.0, ""E_L"": -65.0, ""v_T"": -60.0, ""delta_T"": 20.0, ""v_reset"": -79.85676574707031}","{""C_m"": 200.0, ""g_L"": 10.0, ""E_L"": -70.0, ""v_T"": -50.0, ""delta_T"": 2.0, ""v_reset"": -58.0}",2026-04-28T18:33:00.207206+00:00,0.8260869565217391,0.5,0.1111111111111111,0.4,0.9473684210526315,0.6244790213448661
initial_bursting_082_nm_guarino,initial_bursting,82,nm_guarino,0.34509803921568627,7,8,0.5535559058189392,0.44511762261390686,0.44511762261390686,0.44511762261390686,training,50,0.6135909557342529,False,"{""C_m"": 72.44082007046144, ""g_L"": 7.175876203080502, ""E_L"": -87.05023603914688, ""v_T"": -48.631867504586495, ""delta_T"": 16.10534438558014, ""v_reset"": -65.50072347836512}","{""C_m"": 71.76043412968181, ""g_L"": 7.195398082006523, ""E_L"": -87.11776747763787, ""v_T"": -48.98615736303113, ""delta_T"": 16.60504643617639, ""v_reset"": -65.88997016530784}","{""C_m"": 200.0, ""g_L"": 10.0, ""E_L"": -70.0, ""v_T"": -50.0, ""delta_T"": 2.0, ""v_reset"": -58.0}",2026-04-28T18:33:00.820911+00:00,0.5575633298709487,0.3505752397491846,0.3803948328363971,0.04055370547875469,0.7686866545355995,0.22542771900879555
initial_bursting_083_grad_guarino,initial_bursting,83,grad_guarino,0.0,7,0,0.6397407054901123,0.6166629195213318,11.77765941619873,0.6166629195213318,training,25,1.357663869857788,True,"{""C_m"": 21.371233073245605, ""g_L"": 11.716334179579015, ""E_L"": -96.04963498498809, ""v_T"": -50.54795849582382, ""delta_T"": 5.029377772674812, ""v_reset"": -63.28087339511193}","{""C_m"": 142.03102111816406, ""g_L"": 13.973003387451172, ""E_L"": -109.99605560302734, ""v_T"": -35.136497497558594, ""delta_T"": 2.1682138442993164, ""v_reset"": -63.277244567871094}","{""C_m"": 200.0, ""g_L"": 10.0, ""E_L"": -70.0, ""v_T"": -50.0, ""delta_T"": 2.0, ""v_reset"": -58.0}",2026-04-28T18:33:02.178721+00:00,0.252039038616678,0.4966254234313965,0.8888012356228299,0.5945401000976562,0.00885336022627981,0.15077841622488838
initial_bursting_083_grad_vanrossum,initial_bursting,83,grad_vanrossum,0.0079365079365079,7,7,4.152979373931885,9.027689933776855,18.05512809753418,4.152979373931885,warmstart,25,1.5415370464324951,True,"{""C_m"": 214.9154528270718, ""g_L"": 6.0505232245504565, ""E_L"": -101.45517048519825, ""v_T"": -56.51799568412596, ""delta_T"": 1.4630641469737458, ""v_reset"": -60.764303508693224}","{""C_m"": 214.9154528270718, ""g_L"": 6.0505232245504565, ""E_L"": -101.45517048519825, ""v_T"": -56.51799568412596, ""delta_T"": 1.4630641469737458, ""v_reset"": -60.764303508693224}","{""C_m"": 200.0, ""g_L"": 10.0, ""E_L"": -70.0, ""v_T"": -50.0, ""delta_T"": 2.0, ""v_reset"": -58.0}",2026-04-28T18:33:03.720382+00:00,0.06484979490031213,0.49368459693119293,0.6990037885599611,0.2607198273650383,0.028259781738223907,0.07898010024837784
initial_bursting_083_nm_guarino,initial_bursting,83,nm_guarino,0.40476190476190477,7,7,0.6397407054901123,0.5481416583061218,0.5481416583061218,0.5481416583061218,training,50,0.6072168350219727,False,"{""C_m"": 21.371233073245605, ""g_L"": 11.716334179579015, ""E_L"": -96.04963498498809, ""v_T"": -50.54795849582382, ""delta_T"": 5.029377772674812, ""v_reset"": -63.28087339511193}","{""C_m"": 21.956876156806032, ""g_L"": 11.515849694836, ""E_L"": -96.60439317518525, ""v_T"": -50.494613702394204, ""delta_T"": 5.2091109837764735, ""v_reset"": -61.49937636227152}","{""C_m"": 200.0, ""g_L"": 10.0, ""E_L"": -70.0, ""v_T"": -50.0, ""delta_T"": 2.0, ""v_reset"": -58.0}",2026-04-28T18:33:04.328531+00:00,0.7741005384486694,0.18948121185449995,0.5912087372263389,0.019784548095768174,0.1689005780934986,0.09998218177918626
initial_bursting_084_grad_guarino,initial_bursting,84,grad_guarino,-0.43921568627450985,7,8,0.4346250593662262,1.3839399814605713,1.3923944234848022,0.4346250593662262,warmstart,25,1.347823143005371,True,"{""C_m"": 90.48005563869464, ""g_L"": 7.450871126165071, ""E_L"": -71.39500008348917, ""v_T"": -52.84382729641615, ""delta_T"": 19.596717020600327, ""v_reset"": -75.79830638463912}","{""C_m"": 90.48005563869464, ""g_L"": 7.450871126165071, ""E_L"": -71.39500008348917, ""v_T"": -52.84382729641615, ""delta_T"": 19.596717020600327, ""v_reset"": -75.79830638463912}","{""C_m"": 200.0, ""g_L"": 10.0, ""E_L"": -70.0, ""v_T"": -50.0, ""delta_T"": 2.0, ""v_reset"": -58.0}",2026-04-28T18:33:05.676482+00:00,0.47617367113611025,0.31864110922936617,0.031000001855314787,0.11375309185664605,0.9261430010842278,0.5085230395611177
initial_bursting_084_grad_vanrossum,initial_bursting,84,grad_vanrossum,-0.43921568627450985,7,8,5.518551826477051,5.526512145996094,5.742563724517822,5.518551826477051,warmstart,25,1.5126850605010986,True,"{""C_m"": 90.48005563869464, ""g_L"": 7.450871126165071, ""E_L"": -71.39500008348917, ""v_T"": -52.84382729641615, ""delta_T"": 19.596717020600327, ""v_reset"": -75.79830638463912}","{""C_m"": 90.48005563869464, ""g_L"": 7.450871126165071, ""E_L"": -71.39500008348917, ""v_T"": -52.84382729641615, ""delta_T"": 19.596717020600327, ""v_reset"": -75.79830638463912}","{""C_m"": 200.0, ""g_L"": 10.0, ""E_L"": -70.0, ""v_T"": -50.0, ""delta_T"": 2.0, ""v_reset"": -58.0}",2026-04-28T18:33:07.189279+00:00,0.47617367113611025,0.31864110922936617,0.031000001855314787,0.11375309185664605,0.9261430010842278,0.5085230395611177
initial_bursting_084_nm_guarino,initial_bursting,84,nm_guarino,-0.43921568627450985,7,8,0.4346250593662262,0.3522234857082367,0.3522234857082367,0.3522234857082367,training,50,0.6030547618865967,False,"{""C_m"": 90.48005563869464, ""g_L"": 7.450871126165071, ""E_L"": -71.39500008348917, ""v_T"": -52.84382729641615, ""delta_T"": 19.596717020600327, ""v_reset"": -75.79830638463912}","{""C_m"": 90.97698115585014, ""g_L"": 7.444209624551149, ""E_L"": -72.04862992795478, ""v_T"": -52.946362930288274, ""delta_T"": 19.52341681773151, ""v_reset"": -76.16021404235107}","{""C_m"": 200.0, ""g_L"": 10.0, ""E_L"": -70.0, ""v_T"": -50.0, ""delta_T"": 2.0, ""v_reset"": -58.0}",2026-04-28T18:33:07.792458+00:00,0.4740131254093472,0.31947379693110634,0.045525109510106174,0.11785451721153095,0.9222850956700794,0.5188632583528877
initial_bursting_085_grad_guarino,initial_bursting,85,grad_guarino,-0.3888888888888889,7,7,0.13383199274539948,0.7282878160476685,1400.71630859375,0.13383199274539948,warmstart,25,1.351619005203247,True,"{""C_m"": 122.41117958360485, ""g_L"": 8.66376070690082, ""E_L"": -68.44980591951511, ""v_T"": -45.49525344126398, ""delta_T"": 1.8794522523230972, ""v_reset"": -64.70687627161105}","{""C_m"": 122.41117958360485, ""g_L"": 8.66376070690082, ""E_L"": -68.44980591951511, ""v_T"": -45.49525344126398, ""delta_T"": 1.8794522523230972, ""v_reset"": -64.70687627161105}","{""C_m"": 200.0, ""g_L"": 10.0, ""E_L"": -70.0, ""v_T"": -50.0, ""delta_T"": 2.0, ""v_reset"": -58.0}",2026-04-28T18:33:09.144206+00:00,0.3373426974625876,0.16702991163739744,0.03444875734410857,0.18018986234944065,0.006344618298784357,0.19162503633174433
initial_bursting_085_grad_vanrossum,initial_bursting,85,grad_vanrossum,-0.3888888888888889,7,7,2.3571135997772217,6.450178146362305,9.438603401184082,2.3571135997772217,warmstart,25,1.511432409286499,True,"{""C_m"": 122.41117958360485, ""g_L"": 8.66376070690082, ""E_L"": -68.44980591951511, ""v_T"": -45.49525344126398, ""delta_T"": 1.8794522523230972, ""v_reset"": -64.70687627161105}","{""C_m"": 122.41117958360485, ""g_L"": 8.66376070690082, ""E_L"": -68.44980591951511, ""v_T"": -45.49525344126398, ""delta_T"": 1.8794522523230972, ""v_reset"": -64.70687627161105}","{""C_m"": 200.0, ""g_L"": 10.0, ""E_L"": -70.0, ""v_T"": -50.0, ""delta_T"": 2.0, ""v_reset"": -58.0}",2026-04-28T18:33:10.655758+00:00,0.3373426974625876,0.16702991163739744,0.03444875734410857,0.18018986234944065,0.006344618298784357,0.19162503633174433
initial_bursting_085_nm_guarino,initial_bursting,85,nm_guarino,-0.3888888888888889,7,7,0.13383199274539948,0.06588638573884964,0.06588638573884964,0.06588638573884964,training,50,0.6089818477630615,False,"{""C_m"": 122.41117958360485, ""g_L"": 8.66376070690082, ""E_L"": -68.44980591951511, ""v_T"": -45.49525344126398, ""delta_T"": 1.8794522523230972, ""v_reset"": -64.70687627161105}","{""C_m"": 125.4247076256413, ""g_L"": 8.454933262281187, ""E_L"": -70.24933381581175, ""v_T"": -45.83864565953033, ""delta_T"": 1.9167827691378638, ""v_reset"": -63.19651300002597}","{""C_m"": 200.0, ""g_L"": 10.0, ""E_L"": -70.0, ""v_T"": -50.0, ""delta_T"": 2.0, ""v_reset"": -58.0}",2026-04-28T18:33:11.265195+00:00,0.3242404016276465,0.19313334221485157,0.005540751462483387,0.16645417361878687,0.004379854255901904,0.1484718000007421
initial_bursting_086_grad_guarino,initial_bursting,86,grad_guarino,0.7372549019607844,7,8,0.487244576215744,0.6450870633125305,2.2041876316070557,0.487244576215744,warmstart,8,1.3085367679595947,True,"{""C_m"": 130.4893694339008, ""g_L"": 12.449005214596827, ""E_L"": -75.72242701596019, ""v_T"": -57.15197345335011, ""delta_T"": 18.988130328931245, ""v_reset"": -66.64317934810984}","{""C_m"": 130.4893694339008, ""g_L"": 12.449005214596827, ""E_L"": -75.72242701596019, ""v_T"": -57.15197345335011, ""delta_T"": 18.988130328931245, ""v_reset"": -66.64317934810984}","{""C_m"": 200.0, ""g_L"": 10.0, ""E_L"": -70.0, ""v_T"": -50.0, ""delta_T"": 2.0, ""v_reset"": -58.0}",2026-04-28T18:33:12.573851+00:00,0.30222013289608346,0.3061256518246034,0.1271650447991154,0.28607893813400437,0.8941121225753287,0.24694798137456683
initial_bursting_086_grad_vanrossum,initial_bursting,86,grad_vanrossum,-0.08333333333333337,7,5,4.05734920501709,4.016417026519775,6.443758487701416,4.016417026519775,training,25,1.500114917755127,True,"{""C_m"": 130.4893694339008, ""g_L"": 12.449005214596827, ""E_L"": -75.72242701596019, ""v_T"": -57.15197345335011, ""delta_T"": 18.988130328931245, ""v_reset"": -66.64317934810984}","{""C_m"": 172.32374572753906, ""g_L"": 12.383569717407227, ""E_L"": -78.4989013671875, ""v_T"": -56.66297912597656, ""delta_T"": 18.988306045532227, ""v_reset"": -66.9276351928711}","{""C_m"": 200.0, ""g_L"": 10.0, ""E_L"": -70.0, ""v_T"": -50.0, ""delta_T"": 2.0, ""v_reset"": -58.0}",2026-04-28T18:33:14.074084+00:00,0.12033154031504756,0.2979462146759033,0.18886447482638888,0.2665191650390625,0.8941213708174857,0.25507529122488837
initial_bursting_086_nm_guarino,initial_bursting,86,nm_guarino,0.9999999999999999,7,7,0.487244576215744,0.41753336787223816,0.41753336787223816,0.41753336787223816,training,50,0.6047079563140869,False,"{""C_m"": 130.4893694339008, ""g_L"": 12.449005214596827, ""E_L"": -75.72242701596019, ""v_T"": -57.15197345335011, ""delta_T"": 18.988130328931245, ""v_reset"": -66.64317934810984}","{""C_m"": 130.9457830781883, ""g_L"": 12.712679136871952, ""E_L"": -76.56500614098718, ""v_T"": -57.23102817469646, ""delta_T"": 18.983323486529525, ""v_reset"": -66.81764297800544}","{""C_m"": 200.0, ""g_L"": 10.0, ""E_L"": -70.0, ""v_T"": -50.0, ""delta_T"": 2.0, ""v_reset"": -58.0}",2026-04-28T18:33:14.678902+00:00,0.3002357257470074,0.33908489210899395,0.14588902535527065,0.2892411269878585,0.8938591308699749,0.2519326565144411
initial_bursting_087_grad_guarino,initial_bursting,87,grad_guarino,0.2890625,7,9,0.40449079871177673,0.3410654664039612,1.5302306413650513,0.3410654664039612,training,2,1.2952711582183838,True,"{""C_m"": 46.98334616121833, ""g_L"": 11.02094806027551, ""E_L"": -88.59808473889558, ""v_T"": -44.50367872506938, ""delta_T"": 10.397868083517173, ""v_reset"": -63.806037311219356}","{""C_m"": 39.04039764404297, ""g_L"": 10.853181838989258, ""E_L"": -86.08097839355469, ""v_T"": -45.4946174621582, ""delta_T"": 10.419424057006836, ""v_reset"": -63.768882751464844}","{""C_m"": 200.0, ""g_L"": 10.0, ""E_L"": -70.0, ""v_T"": -50.0, ""delta_T"": 2.0, ""v_reset"": -58.0}",2026-04-28T18:33:15.974288+00:00,0.6998243580693784,0.10664772987365723,0.35735507541232636,0.18021530151367188,0.4431275819477282,0.1648252214704241
initial_bursting_087_grad_vanrossum,initial_bursting,87,grad_vanrossum,0.9999999999999999,7,7,3.40399169921875,3.6113061904907227,6.219295978546143,3.40399169921875,warmstart,3,1.3508949279785156,True,"{""C_m"": 46.98334616121833, ""g_L"": 11.02094806027551, ""E_L"": -88.59808473889558, ""v_T"": -44.50367872506938, ""delta_T"": 10.397868083517173, ""v_reset"": -63.806037311219356}","{""C_m"": 46.98334616121833, ""g_L"": 11.02094806027551, ""E_L"": -88.59808473889558, ""v_T"": -44.50367872506938, ""delta_T"": 10.397868083517173, ""v_reset"": -63.806037311219356}","{""C_m"": 200.0, ""g_L"": 10.0, ""E_L"": -70.0, ""v_T"": -50.0, ""delta_T"": 2.0, ""v_reset"": -58.0}",2026-04-28T18:33:17.325299+00:00,0.6652897992990507,0.1276185075344387,0.4132907719754573,0.2198528509972249,0.44199305702721964,0.16588678032055304
initial_bursting_087_nm_guarino,initial_bursting,87,nm_guarino,0.0079365079365079,7,7,0.40449079871177673,0.3096868693828583,0.3096868693828583,0.3096868693828583,training,50,0.617347002029419,False,"{""C_m"": 46.98334616121833, ""g_L"": 11.02094806027551, ""E_L"": -88.59808473889558, ""v_T"": -44.50367872506938, ""delta_T"": 10.397868083517173, ""v_reset"": -63.806037311219356}","{""C_m"": 47.37487404589515, ""g_L"": 11.02094806027551, ""E_L"": -88.59808473889558, ""v_T"": -44.50367872506938, ""delta_T"": 10.397868083517173, ""v_reset"": -66.46462219918683}","{""C_m"": 200.0, ""g_L"": 10.0, ""E_L"": -70.0, ""v_T"": -50.0, ""delta_T"": 2.0, ""v_reset"": -58.0}",2026-04-28T18:33:17.942890+00:00,0.6635875041482819,0.1276185075344387,0.4132907719754573,0.2198528509972249,0.44199305702721964,0.24184634854819528
initial_bursting_088_grad_guarino,initial_bursting,88,grad_guarino,0.0,7,0,0.404213011264801,0.3162365257740021,11.743968963623047,0.3162365257740021,training,25,1.3441510200500488,True,"{""C_m"": 59.708678480641545, ""g_L"": 10.296292810237636, ""E_L"": -82.82880193480801, ""v_T"": -43.80115928285482, ""delta_T"": 6.085084366251023, ""v_reset"": -65.5394463758787}","{""C_m"": 239.9995880126953, ""g_L"": 13.883111953735352, ""E_L"": -109.99565887451172, ""v_T"": -35.00843811035156, ""delta_T"": 15.021657943725586, ""v_reset"": -65.3419418334961}","{""C_m"": 200.0, ""g_L"": 10.0, ""E_L"": -70.0, ""v_T"": -50.0, ""delta_T"": 2.0, ""v_reset"": -58.0}",2026-04-28T18:33:19.287161+00:00,0.17391125222911005,0.48538899421691895,0.8887924194335938,0.5996624755859375,0.6853504180908203,0.20976976667131697
initial_bursting_088_grad_vanrossum,initial_bursting,88,grad_vanrossum,-0.3400809716599191,7,6,4.855667591094971,5.271457672119141,13.735651969909668,4.855667591094971,warmstart,25,1.492021083831787,True,"{""C_m"": 148.76573483840707, ""g_L"": 11.851242779297362, ""E_L"": -74.28061418876894, ""v_T"": -49.850718571257254, ""delta_T"": 5.205448356676114, ""v_reset"": -58.46832271216613}","{""C_m"": 148.76573483840707, ""g_L"": 11.851242779297362, ""E_L"": -74.28061418876894, ""v_T"": -49.850718571257254, ""delta_T"": 5.205448356676114, ""v_reset"": -58.46832271216613}","{""C_m"": 200.0, ""g_L"": 10.0, ""E_L"": -70.0, ""v_T"": -50.0, ""delta_T"": 2.0, ""v_reset"": -58.0}",2026-04-28T18:33:20.779295+00:00,0.22275767461562143,0.23140534741217023,0.09512475975042081,0.005971257149709856,0.16870780824611126,0.013380648919032215
initial_bursting_088_nm_guarino,initial_bursting,88,nm_guarino,0.9999999999999999,7,7,0.404213011264801,0.2270745038986206,0.2270745038986206,0.2270745038986206,training,50,0.6035518646240234,False,"{""C_m"": 59.708678480641545, ""g_L"": 10.296292810237636, ""E_L"": -82.82880193480801, ""v_T"": -43.80115928285482, ""delta_T"": 6.085084366251023, ""v_reset"": -65.5394463758787}","{""C_m"": 60.86417356409416, ""g_L"": 10.061017924620137, ""E_L"": -83.60178717746948, ""v_T"": -44.52098274151577, ""delta_T"": 6.162559879036179, ""v_reset"": -65.14294302892006}","{""C_m"": 200.0, ""g_L"": 10.0, ""E_L"": -70.0, ""v_T"": -50.0, ""delta_T"": 2.0, ""v_reset"": -58.0}",2026-04-28T18:33:21.382961+00:00,0.6049383758082862,0.007627240577517069,0.30226193727709944,0.21916069033936908,0.219082098896641,0.20408408654057308
initial_bursting_089_grad_guarino,initial_bursting,89,grad_guarino,0.0079365079365079,7,7,0.35134002566337585,0.3689984977245331,0.3689984977245331,0.35134002566337585,warmstart,1,1.33223295211792,True,"{""C_m"": 31.185382389990174, ""g_L"": 11.351533335524309, ""E_L"": -92.91712261483777, ""v_T"": -43.3480558580487, ""delta_T"": 9.621828577597581, ""v_reset"": -59.34291211213608}","{""C_m"": 31.185382389990174, ""g_L"": 11.351533335524309, ""E_L"": -92.91712261483777, ""v_T"": -43.3480558580487, ""delta_T"": 9.621828577597581, ""v_reset"": -59.34291211213608}","{""C_m"": 200.0, ""g_L"": 10.0, ""E_L"": -70.0, ""v_T"": -50.0, ""delta_T"": 2.0, ""v_reset"": -58.0}",2026-04-28T18:33:22.715318+00:00,0.7339765983043905,0.16894166694053858,0.5092693914408393,0.2660777656780519,0.40114887250513587,0.03836891748960219
initial_bursting_089_grad_vanrossum,initial_bursting,89,grad_vanrossum,0.0079365079365079,7,7,4.7509355545043945,5.303913116455078,18.47858428955078,4.7509355545043945,warmstart,25,1.7703969478607178,True,"{""C_m"": 31.185382389990174, ""g_L"": 11.351533335524309, ""E_L"": -92.91712261483777, ""v_T"": -43.3480558580487, ""delta_T"": 9.621828577597581, ""v_reset"": -59.34291211213608}","{""C_m"": 31.185382389990174, ""g_L"": 11.351533335524309, ""E_L"": -92.91712261483777, ""v_T"": -43.3480558580487, ""delta_T"": 9.621828577597581, ""v_reset"": -59.34291211213608}","{""C_m"": 200.0, ""g_L"": 10.0, ""E_L"": -70.0, ""v_T"": -50.0, ""delta_T"": 2.0, ""v_reset"": -58.0}",2026-04-28T18:33:24.485835+00:00,0.7339765983043905,0.16894166694053858,0.5092693914408393,0.2660777656780519,0.40114887250513587,0.03836891748960219
initial_bursting_089_nm_guarino,initial_bursting,89,nm_guarino,0.0079365079365079,7,7,0.35134002566337585,0.35134002566337585,0.35134002566337585,0.35134002566337585,warmstart,50,0.6044008731842041,False,"{""C_m"": 31.185382389990174, ""g_L"": 11.351533335524309, ""E_L"": -92.91712261483777, ""v_T"": -43.3480558580487, ""delta_T"": 9.621828577597581, ""v_reset"": -59.34291211213608}","{""C_m"": 31.185382389990174, ""g_L"": 11.351533335524309, ""E_L"": -92.91712261483777, ""v_T"": -43.3480558580487, ""delta_T"": 9.621828577597581, ""v_reset"": -59.34291211213608}","{""C_m"": 200.0, ""g_L"": 10.0, ""E_L"": -70.0, ""v_T"": -50.0, ""delta_T"": 2.0, ""v_reset"": -58.0}",2026-04-28T18:33:25.090673+00:00,0.7339765983043905,0.16894166694053858,0.5092693914408393,0.2660777656780519,0.40114887250513587,0.03836891748960219
initial_bursting_090_grad_guarino,initial_bursting,90,grad_guarino,0.40476190476190477,7,7,0.3576550781726837,0.7425314784049988,20.9486141204834,0.3576550781726837,warmstart,25,1.3656229972839355,True,"{""C_m"": 68.06157561826586, ""g_L"": 9.492978017202322, ""E_L"": -70.3115592234817, ""v_T"": -38.916867403034004, ""delta_T"": 6.392171633099067, ""v_reset"": -69.67846708631535}","{""C_m"": 68.06157561826586, ""g_L"": 9.492978017202322, ""E_L"": -70.3115592234817, ""v_T"": -38.916867403034004, ""delta_T"": 6.392171633099067, ""v_reset"": -69.67846708631535}","{""C_m"": 200.0, ""g_L"": 10.0, ""E_L"": -70.0, ""v_T"": -50.0, ""delta_T"": 2.0, ""v_reset"": -58.0}",2026-04-28T18:33:26.456421+00:00,0.5736453233988441,0.06337774784970973,0.006923538299593209,0.44332530387863983,0.2311669280578456,0.3336704881804386
initial_bursting_090_grad_vanrossum,initial_bursting,90,grad_vanrossum,0.40476190476190477,7,7,5.205847263336182,5.886448860168457,8.563857078552246,5.205847263336182,warmstart,25,1.9547529220581055,True,"{""C_m"": 68.06157561826586, ""g_L"": 9.492978017202322, ""E_L"": -70.3115592234817, ""v_T"": -38.916867403034004, ""delta_T"": 6.392171633099067, ""v_reset"": -69.67846708631535}","{""C_m"": 68.06157561826586, ""g_L"": 9.492978017202322, ""E_L"": -70.3115592234817, ""v_T"": -38.916867403034004, ""delta_T"": 6.392171633099067, ""v_reset"": -69.67846708631535}","{""C_m"": 200.0, ""g_L"": 10.0, ""E_L"": -70.0, ""v_T"": -50.0, ""delta_T"": 2.0, ""v_reset"": -58.0}",2026-04-28T18:33:28.411292+00:00,0.5736453233988441,0.06337774784970973,0.006923538299593209,0.44332530387863983,0.2311669280578456,0.3336704881804386
initial_bursting_090_nm_guarino,initial_bursting,90,nm_guarino,0.6031746031746031,7,7,0.3576550781726837,0.3179067373275757,0.3179067373275757,0.3179067373275757,training,50,0.6134910583496094,False,"{""C_m"": 68.06157561826586, ""g_L"": 9.492978017202322, ""E_L"": -70.3115592234817, ""v_T"": -38.916867403034004, ""delta_T"": 6.392171633099067, ""v_reset"": -69.67846708631535}","{""C_m"": 69.68101550965244, ""g_L"": 9.471607111263566, ""E_L"": -70.7806394790395, ""v_T"": -39.058257500890136, ""delta_T"": 6.724492107003848, ""v_reset"": -68.3435835454604}","{""C_m"": 200.0, ""g_L"": 10.0, ""E_L"": -70.0, ""v_T"": -50.0, ""delta_T"": 2.0, ""v_reset"": -58.0}",2026-04-28T18:33:29.024894+00:00,0.5666042803928155,0.06604911109205425,0.017347543978655407,0.4376696999643946,0.248657479315992,0.29553095844172583
initial_bursting_091_grad_guarino,initial_bursting,91,grad_guarino,0.8015873015873016,7,7,0.5841163396835327,0.5014059543609619,0.6005728244781494,0.5014059543609619,training,25,1.3484621047973633,True,"{""C_m"": 76.79082133266931, ""g_L"": 8.305510185224916, ""E_L"": -75.82090740896165, ""v_T"": -46.4578275134645, ""delta_T"": 19.24187761848312, ""v_reset"": -78.29746309256272}","{""C_m"": 76.75721740722656, ""g_L"": 8.305521011352539, ""E_L"": -75.81979370117188, ""v_T"": -46.459224700927734, ""delta_T"": 19.24187660217285, ""v_reset"": -78.29743957519531}","{""C_m"": 200.0, ""g_L"": 10.0, ""E_L"": -70.0, ""v_T"": -50.0, ""delta_T"": 2.0, ""v_reset"": -58.0}",2026-04-28T18:33:30.373478+00:00,0.5358381851859715,0.21180987358093262,0.12932874891493057,0.14163101196289063,0.9074671895880448,0.5799268450055803
initial_bursting_091_grad_vanrossum,initial_bursting,91,grad_vanrossum,-0.13765182186234817,7,6,4.839034557342529,6.667703628540039,15.253931045532227,4.839034557342529,warmstart,25,1.507565975189209,True,"{""C_m"": 122.09855285087977, ""g_L"": 7.29942216507774, ""E_L"": -90.10215244205475, ""v_T"": -43.157802738560235, ""delta_T"": 6.106612149579743, ""v_reset"": -52.3199451395697}","{""C_m"": 122.09855285087977, ""g_L"": 7.29942216507774, ""E_L"": -90.10215244205475, ""v_T"": -43.157802738560235, ""delta_T"": 6.106612149579743, ""v_reset"": -52.3199451395697}","{""C_m"": 200.0, ""g_L"": 10.0, ""E_L"": -70.0, ""v_T"": -50.0, ""delta_T"": 2.0, ""v_reset"": -58.0}",2026-04-28T18:33:31.881295+00:00,0.3387019441266097,0.33757222936528253,0.44671449871232766,0.27368789045759057,0.2161374815568286,0.16228728172658008
initial_bursting_091_nm_guarino,initial_bursting,91,nm_guarino,0.2063492063492063,7,7,0.5841163396835327,0.5011126399040222,0.5011126399040222,0.5011126399040222,training,50,0.6046640872955322,False,"{""C_m"": 76.79082133266931, ""g_L"": 8.305510185224916, ""E_L"": -75.82090740896165, ""v_T"": -46.4578275134645, ""delta_T"": 19.24187761848312, ""v_reset"": -78.29746309256272}","{""C_m"": 77.96074491221499, ""g_L"": 8.534673084343767, ""E_L"": -76.9191894172954, ""v_T"": -46.766185782310586, ""delta_T"": 19.461059169271422, ""v_reset"": -77.41648706072073}","{""C_m"": 200.0, ""g_L"": 10.0, ""E_L"": -70.0, ""v_T"": -50.0, ""delta_T"": 2.0, ""v_reset"": -58.0}",2026-04-28T18:33:32.486080+00:00,0.5306054569034131,0.1831658644570291,0.15375976482878664,0.12935256870757655,0.9190031141721802,0.5547567731634493
initial_bursting_092_grad_guarino,initial_bursting,92,grad_guarino,-0.19047619047619052,7,7,0.5058600306510925,0.6414562463760376,0.6414562463760376,0.5058600306510925,warmstart,25,1.347520112991333,True,"{""C_m"": 80.5805790585387, ""g_L"": 6.618785908950045, ""E_L"": -87.18277735729916, ""v_T"": -43.257103758493024, ""delta_T"": 18.506522745015364, ""v_reset"": -65.22941802696411}","{""C_m"": 80.5805790585387, ""g_L"": 6.618785908950045, ""E_L"": -87.18277735729916, ""v_T"": -43.257103758493024, ""delta_T"": 18.506522745015364, ""v_reset"": -65.22941802696411}","{""C_m"": 200.0, ""g_L"": 10.0, ""E_L"": -70.0, ""v_T"": -50.0, ""delta_T"": 2.0, ""v_reset"": -58.0}",2026-04-28T18:33:33.833712+00:00,0.5192148736585274,0.4226517613812444,0.3818394968288702,0.26971584966027906,0.8687643550008086,0.2065548007704032
initial_bursting_092_grad_vanrossum,initial_bursting,92,grad_vanrossum,-0.19047619047619052,7,7,4.070333480834961,6.16084098815918,13.9043550491333,4.070333480834961,warmstart,25,1.5082497596740723,True,"{""C_m"": 124.06042987071352, ""g_L"": 7.174093162166241, ""E_L"": -88.81453079171708, ""v_T"": -55.62041557910278, ""delta_T"": 11.015737892643376, ""v_reset"": -59.99396053910574}","{""C_m"": 124.06042987071352, ""g_L"": 7.174093162166241, ""E_L"": -88.81453079171708, ""v_T"": -55.62041557910278, ""delta_T"": 11.015737892643376, ""v_reset"": -59.99396053910574}","{""C_m"": 200.0, ""g_L"": 10.0, ""E_L"": -70.0, ""v_T"": -50.0, ""delta_T"": 2.0, ""v_reset"": -58.0}",2026-04-28T18:33:35.342077+00:00,0.330172044040376,0.35323835472921983,0.41810068426037944,0.22481662316411133,0.4745125206654408,0.056970301117306936
initial_bursting_092_nm_guarino,initial_bursting,92,nm_guarino,-0.19047619047619052,7,7,0.5058600306510925,0.47325074672698975,0.47325074672698975,0.47325074672698975,training,50,0.6023387908935547,False,"{""C_m"": 80.5805790585387, ""g_L"": 6.618785908950045, ""E_L"": -87.18277735729916, ""v_T"": -43.257103758493024, ""delta_T"": 18.506522745015364, ""v_reset"": -65.22941802696411}","{""C_m"": 80.38603932272973, ""g_L"": 6.785442872509707, ""E_L"": -84.39193853260258, ""v_T"": -43.96810903965876, ""delta_T"": 18.025421989431326, ""v_reset"": -67.87155024737902}","{""C_m"": 200.0, ""g_L"": 10.0, ""E_L"": -70.0, ""v_T"": -50.0, ""delta_T"": 2.0, ""v_reset"": -58.0}",2026-04-28T18:33:35.944541+00:00,0.5200606985968272,0.40181964093628664,0.31982085628005735,0.24127563841364946,0.8434432626016487,0.2820442927822577
initial_bursting_093_grad_guarino,initial_bursting,93,grad_guarino,0.14901960784313723,7,8,0.3621126115322113,0.7075324654579163,38370.828125,0.3621126115322113,warmstart,25,1.3382458686828613,True,"{""C_m"": 75.81135398016026, ""g_L"": 6.163966605858911, ""E_L"": -94.50963105947889, ""v_T"": -51.31304560960691, ""delta_T"": 3.1434075670629875, ""v_reset"": -78.88122340407068}","{""C_m"": 75.81135398016026, ""g_L"": 6.163966605858911, ""E_L"": -94.50963105947889, ""v_T"": -51.31304560960691, ""delta_T"": 3.1434075670629875, ""v_reset"": -78.88122340407068}","{""C_m"": 200.0, ""g_L"": 10.0, ""E_L"": -70.0, ""v_T"": -50.0, ""delta_T"": 2.0, ""v_reset"": -58.0}",2026-04-28T18:33:37.283252+00:00,0.5399506348688684,0.47950417426763614,0.5446584679884198,0.05252182438427638,0.06017934563489408,0.596606382973448
initial_bursting_093_grad_vanrossum,initial_bursting,93,grad_vanrossum,0.0,7,0,5.398409366607666,5.254450798034668,13.433752059936523,5.254450798034668,training,25,1.5672030448913574,True,"{""C_m"": 107.38186013955767, ""g_L"": 9.45364669746876, ""E_L"": -69.11320218953276, ""v_T"": -49.198562051871896, ""delta_T"": 4.632059085291479, ""v_reset"": -61.43655285582002}","{""C_m"": 240.0, ""g_L"": 14.0, ""E_L"": -110.0, ""v_T"": -35.0, ""delta_T"": 20.0, ""v_reset"": -45.0}","{""C_m"": 200.0, ""g_L"": 10.0, ""E_L"": -70.0, ""v_T"": -50.0, ""delta_T"": 2.0, ""v_reset"": -58.0}",2026-04-28T18:33:38.850595+00:00,0.17391304347826086,0.5,0.8888888888888888,0.6,0.9473684210526315,0.37142857142857144
initial_bursting_093_nm_guarino,initial_bursting,93,nm_guarino,0.8015873015873016,7,7,0.3621126115322113,0.21574334800243378,0.21574334800243378,0.21574334800243378,training,50,0.6053318977355957,False,"{""C_m"": 75.81135398016026, ""g_L"": 6.163966605858911, ""E_L"": -94.50963105947889, ""v_T"": -51.31304560960691, ""delta_T"": 3.1434075670629875, ""v_reset"": -78.88122340407068}","{""C_m"": 75.3813397203563, ""g_L"": 6.341934878183807, ""E_L"": -95.07035328913248, ""v_T"": -51.22224083273945, ""delta_T"": 3.18470515959737, ""v_reset"": -78.80212487228583}","{""C_m"": 200.0, ""g_L"": 10.0, ""E_L"": -70.0, ""v_T"": -50.0, ""delta_T"": 2.0, ""v_reset"": -58.0}",2026-04-28T18:33:39.456042+00:00,0.5418202620854075,0.45725814022702416,0.5571189619807219,0.04888963330957807,0.06235290313670369,0.5943464249224523
initial_bursting_094_grad_guarino,initial_bursting,94,grad_guarino,0.2063492063492063,7,7,0.3503097891807556,0.2585238814353943,20.97842025756836,0.2585238814353943,training,25,1.339824914932251,True,"{""C_m"": 60.664378854989955, ""g_L"": 6.781413095288046, ""E_L"": -105.05484115892499, ""v_T"": -50.92803978335043, ""delta_T"": 2.8964833056203734, ""v_reset"": -78.25409036613954}","{""C_m"": 63.722137451171875, ""g_L"": 6.789554595947266, ""E_L"": -105.11087036132812, ""v_T"": -50.77375793457031, ""delta_T"": 2.914565324783325, ""v_reset"": -78.2541275024414}","{""C_m"": 200.0, ""g_L"": 10.0, ""E_L"": -70.0, ""v_T"": -50.0, ""delta_T"": 2.0, ""v_reset"": -58.0}",2026-04-28T18:33:40.796001+00:00,0.5925124458644702,0.4013056755065918,0.7802415635850695,0.0309503173828125,0.04813501709385922,0.5786893572126116
initial_bursting_094_grad_vanrossum,initial_bursting,94,grad_vanrossum,0.4696356275303644,7,6,4.974086761474609,5.308499813079834,18.783594131469727,4.974086761474609,warmstart,25,1.5055131912231445,True,"{""C_m"": 129.6869275469254, ""g_L"": 7.697378772193327, ""E_L"": -98.32717921479605, ""v_T"": -48.97825215349063, ""delta_T"": 2.4527497836117007, ""v_reset"": -55.637161741009095}","{""C_m"": 129.6869275469254, ""g_L"": 7.697378772193327, ""E_L"": -98.32717921479605, ""v_T"": -48.97825215349063, ""delta_T"": 2.4527497836117007, ""v_reset"": -55.637161741009095}","{""C_m"": 200.0, ""g_L"": 10.0, ""E_L"": -70.0, ""v_T"": -50.0, ""delta_T"": 2.0, ""v_reset"": -58.0}",2026-04-28T18:33:42.301624+00:00,0.30570901066554174,0.28782765347583417,0.6294928714399122,0.04086991386037482,0.023828935979563193,0.06750966454259728
initial_bursting_094_nm_guarino,initial_bursting,94,nm_guarino,0.9999999999999999,7,7,0.3503097891807556,0.28362762928009033,0.28362762928009033,0.28362762928009033,training,50,0.6042962074279785,False,"{""C_m"": 60.664378854989955, ""g_L"": 6.781413095288046, ""E_L"": -105.05484115892499, ""v_T"": -50.92803978335043, ""delta_T"": 2.8964833056203734, ""v_reset"": -78.25409036613954}","{""C_m"": 60.95602634991121, ""g_L"": 6.807341592853815, ""E_L"": -105.31200407354933, ""v_T"": -51.29328171768707, ""delta_T"": 2.912963809879387, ""v_reset"": -78.98624141469887}","{""C_m"": 200.0, ""g_L"": 10.0, ""E_L"": -70.0, ""v_T"": -50.0, ""delta_T"": 2.0, ""v_reset"": -58.0}",2026-04-28T18:33:42.906383+00:00,0.6045390158699513,0.3990823008932731,0.7847112016344296,0.05173126870748291,0.048050726835757215,0.5996068975628248
initial_bursting_095_grad_guarino,initial_bursting,95,grad_guarino,-0.43921568627450985,7,8,0.38234955072402954,1.0774099826812744,8.147749900817871,0.38234955072402954,warmstart,25,1.3283257484436035,True,"{""C_m"": 95.47901798401998, ""g_L"": 9.313636196904014, ""E_L"": -65.03282813293748, ""v_T"": -46.41946175993667, ""delta_T"": 9.052900681035464, ""v_reset"": -67.38067483689495}","{""C_m"": 95.47901798401998, ""g_L"": 9.313636196904014, ""E_L"": -65.03282813293748, ""v_T"": -46.41946175993667, ""delta_T"": 9.052900681035464, ""v_reset"": -67.38067483689495}","{""C_m"": 200.0, ""g_L"": 10.0, ""E_L"": -70.0, ""v_T"": -50.0, ""delta_T"": 2.0, ""v_reset"": -58.0}",2026-04-28T18:33:44.234823+00:00,0.45443905224339143,0.08579547538699828,0.11038159704583374,0.14322152960253334,0.3712052990018665,0.2680192810541415
initial_bursting_095_grad_vanrossum,initial_bursting,95,grad_vanrossum,-0.04705882352941181,7,8,3.9086012840270996,5.314797878265381,44.3843879699707,3.9086012840270996,warmstart,25,1.4897568225860596,True,"{""C_m"": 96.0945480569036, ""g_L"": 9.674202506445926, ""E_L"": -80.51910069350096, ""v_T"": -45.926301280811664, ""delta_T"": 2.2341047739131246, ""v_reset"": -56.757256539068074}","{""C_m"": 96.0945480569036, ""g_L"": 9.674202506445926, ""E_L"": -80.51910069350096, ""v_T"": -45.926301280811664, ""delta_T"": 2.2341047739131246, ""v_reset"": -56.757256539068074}","{""C_m"": 200.0, ""g_L"": 10.0, ""E_L"": -70.0, ""v_T"": -50.0, ""delta_T"": 2.0, ""v_reset"": -58.0}",2026-04-28T18:33:45.724702+00:00,0.4517628345352017,0.040724686694259216,0.2337577931889102,0.16294794876753343,0.012321303890164451,0.035506956026626464
initial_bursting_095_nm_guarino,initial_bursting,95,nm_guarino,-0.43921568627450985,7,8,0.38234955072402954,0.2280655801296234,0.2280655801296234,0.2280655801296234,training,50,0.6080379486083984,False,"{""C_m"": 95.47901798401998, ""g_L"": 9.313636196904014, ""E_L"": -65.03282813293748, ""v_T"": -46.41946175993667, ""delta_T"": 9.052900681035464, ""v_reset"": -67.38067483689495}","{""C_m"": 98.48768910561236, ""g_L"": 9.424972832608312, ""E_L"": -65.0, ""v_T"": -46.508383734005456, ""delta_T"": 9.009766959949694, ""v_reset"": -68.33236785570678}","{""C_m"": 200.0, ""g_L"": 10.0, ""E_L"": -70.0, ""v_T"": -50.0, ""delta_T"": 2.0, ""v_reset"": -58.0}",2026-04-28T18:33:46.332855+00:00,0.4413578734538593,0.07187839592396106,0.1111111111111111,0.13966465063978176,0.368935103155247,0.2952105101630508
initial_bursting_096_grad_guarino,initial_bursting,96,grad_guarino,0.6031746031746031,7,7,0.37033119797706604,0.4419909715652466,11.572234153747559,0.37033119797706604,warmstart,25,1.4477088451385498,True,"{""C_m"": 130.6011710442389, ""g_L"": 13.177345619938318, ""E_L"": -74.02468394871457, ""v_T"": -55.243561668671745, ""delta_T"": 8.363845249156864, ""v_reset"": -64.87984377892512}","{""C_m"": 130.6011710442389, ""g_L"": 13.177345619938318, ""E_L"": -74.02468394871457, ""v_T"": -55.243561668671745, ""delta_T"": 8.363845249156864, ""v_reset"": -64.87984377892512}","{""C_m"": 200.0, ""g_L"": 10.0, ""E_L"": -70.0, ""v_T"": -50.0, ""delta_T"": 2.0, ""v_reset"": -58.0}",2026-04-28T18:33:47.780688+00:00,0.30173403893809175,0.3971682024922898,0.08943742108254595,0.2097424667468698,0.3349392236398349,0.1965669651121463
initial_bursting_096_grad_vanrossum,initial_bursting,96,grad_vanrossum,0.6031746031746031,7,7,3.399730920791626,3.8155829906463623,9.826245307922363,3.399730920791626,warmstart,25,1.6460564136505127,True,"{""C_m"": 130.6011710442389, ""g_L"": 13.177345619938318, ""E_L"": -74.02468394871457, ""v_T"": -55.243561668671745, ""delta_T"": 8.363845249156864, ""v_reset"": -64.87984377892512}","{""C_m"": 130.6011710442389, ""g_L"": 13.177345619938318, ""E_L"": -74.02468394871457, ""v_T"": -55.243561668671745, ""delta_T"": 8.363845249156864, ""v_reset"": -64.87984377892512}","{""C_m"": 200.0, ""g_L"": 10.0, ""E_L"": -70.0, ""v_T"": -50.0, ""delta_T"": 2.0, ""v_reset"": -58.0}",2026-04-28T18:33:49.426956+00:00,0.30173403893809175,0.3971682024922898,0.08943742108254595,0.2097424667468698,0.3349392236398349,0.1965669651121463
initial_bursting_096_nm_guarino,initial_bursting,96,nm_guarino,0.9999999999999999,7,7,0.37033119797706604,0.21023377776145935,0.21023377776145935,0.21023377776145935,training,50,0.6144757270812988,False,"{""C_m"": 130.6011710442389, ""g_L"": 13.177345619938318, ""E_L"": -74.02468394871457, ""v_T"": -55.243561668671745, ""delta_T"": 8.363845249156864, ""v_reset"": -64.87984377892512}","{""C_m"": 134.11307454067773, ""g_L"": 13.454074797333544, ""E_L"": -74.63879264010221, ""v_T"": -55.30617326740491, ""delta_T"": 8.482340695087055, ""v_reset"": -64.08537829126938}","{""C_m"": 200.0, ""g_L"": 10.0, ""E_L"": -70.0, ""v_T"": -50.0, ""delta_T"": 2.0, ""v_reset"": -58.0}",2026-04-28T18:33:50.042395+00:00,0.2864648933014012,0.43175934966669294,0.10308428089116022,0.21224693069619632,0.3411758260572134,0.1738679511791251
initial_bursting_097_grad_guarino,initial_bursting,97,grad_guarino,-0.19047619047619052,7,7,0.5908840894699097,0.8827193379402161,11.690938949584961,0.5908840894699097,warmstart,25,1.3282220363616943,True,"{""C_m"": 57.35336458875859, ""g_L"": 7.81895865122429, ""E_L"": -97.4984196069526, ""v_T"": -48.044655885761316, ""delta_T"": 6.853871160931934, ""v_reset"": -78.40358588865773}","{""C_m"": 57.35336458875859, ""g_L"": 7.81895865122429, ""E_L"": -97.4984196069526, ""v_T"": -48.044655885761316, ""delta_T"": 6.853871160931934, ""v_reset"": -78.40358588865773}","{""C_m"": 200.0, ""g_L"": 10.0, ""E_L"": -70.0, ""v_T"": -50.0, ""delta_T"": 2.0, ""v_reset"": -58.0}",2026-04-28T18:33:51.370754+00:00,0.6202027626575713,0.27263016859696376,0.6110759912656132,0.07821376456954737,0.25546690320694393,0.5829595968187923
initial_bursting_097_grad_vanrossum,initial_bursting,97,grad_vanrossum,-0.13765182186234817,7,6,4.254234790802002,7.002290725708008,44.36787033081055,4.254234790802002,warmstart,25,1.499248743057251,True,"{""C_m"": 120.59772107636059, ""g_L"": 7.913602743125151, ""E_L"": -92.32572527839828, ""v_T"": -44.26432097754318, ""delta_T"": 3.794071519062773, ""v_reset"": -54.62086960585265}","{""C_m"": 120.59772107636059, ""g_L"": 7.913602743125151, ""E_L"": -92.32572527839828, ""v_T"": -44.26432097754318, ""delta_T"": 3.794071519062773, ""v_reset"": -54.62086960585265}","{""C_m"": 200.0, ""g_L"": 10.0, ""E_L"": -70.0, ""v_T"": -50.0, ""delta_T"": 2.0, ""v_reset"": -58.0}",2026-04-28T18:33:52.870130+00:00,0.3452272996679975,0.26079965710935615,0.4961272284088507,0.22942716089827286,0.09442481679277752,0.09654658268992437
initial_bursting_097_nm_guarino,initial_bursting,97,nm_guarino,0.0079365079365079,7,7,0.5908840894699097,0.4207281768321991,0.4207281768321991,0.4207281768321991,training,50,0.6000010967254639,False,"{""C_m"": 57.35336458875859, ""g_L"": 7.81895865122429, ""E_L"": -97.4984196069526, ""v_T"": -48.044655885761316, ""delta_T"": 6.853871160931934, ""v_reset"": -78.40358588865773}","{""C_m"": 57.49261246602535, ""g_L"": 7.714185349554967, ""E_L"": -97.49661503054688, ""v_T"": -49.541799715041925, ""delta_T"": 6.924760077596531, ""v_reset"": -78.69026780923944}","{""C_m"": 200.0, ""g_L"": 10.0, ""E_L"": -70.0, ""v_T"": -50.0, ""delta_T"": 2.0, ""v_reset"": -58.0}",2026-04-28T18:33:53.470249+00:00,0.6195973371042376,0.28572683130562915,0.6110358895677084,0.018328011398322984,0.2591978988208701,0.5911505088354126
initial_bursting_098_grad_guarino,initial_bursting,98,grad_guarino,-0.19047619047619052,7,7,0.6459635496139526,0.46815821528434753,2.125058174133301,0.46815821528434753,training,25,1.3159639835357666,True,"{""C_m"": 163.22747887127187, ""g_L"": 12.238214377733652, ""E_L"": -71.48162945029905, ""v_T"": -58.07586915191974, ""delta_T"": 15.027113652912492, ""v_reset"": -61.75052596292841}","{""C_m"": 184.13636779785156, ""g_L"": 12.163969039916992, ""E_L"": -72.58062744140625, ""v_T"": -57.84454345703125, ""delta_T"": 15.24596118927002, ""v_reset"": -61.950653076171875}","{""C_m"": 200.0, ""g_L"": 10.0, ""E_L"": -70.0, ""v_T"": -50.0, ""delta_T"": 2.0, ""v_reset"": -58.0}",2026-04-28T18:33:54.786331+00:00,0.06897231392238451,0.270496129989624,0.057347276475694445,0.31378173828125,0.6971558520668432,0.11287580217633929
initial_bursting_098_grad_vanrossum,initial_bursting,98,grad_vanrossum,0.9333333333333333,7,8,3.3920540809631348,3.699601411819458,18.86279296875,3.3920540809631348,warmstart,25,1.5078709125518799,True,"{""C_m"": 19.863312968718, ""g_L"": 13.561630718815167, ""E_L"": -96.03858974983385, ""v_T"": -52.943375943428485, ""delta_T"": 10.74773357573761, ""v_reset"": -57.154910342154494}","{""C_m"": 19.863312968718, ""g_L"": 13.561630718815167, ""E_L"": -96.03858974983385, ""v_T"": -52.943375943428485, ""delta_T"": 10.74773357573761, ""v_reset"": -57.154910342154494}","{""C_m"": 200.0, ""g_L"": 10.0, ""E_L"": -70.0, ""v_T"": -50.0, ""delta_T"": 2.0, ""v_reset"": -58.0}",2026-04-28T18:33:56.294328+00:00,0.7832029870925304,0.4452038398518958,0.5786353277740854,0.1177350377371394,0.4604070303019795,0.02414541879558588
initial_bursting_098_nm_guarino,initial_bursting,98,nm_guarino,0.9999999999999999,7,7,0.6459635496139526,0.4139192998409271,0.4139192998409271,0.4139192998409271,training,50,0.6037068367004395,False,"{""C_m"": 163.22747887127187, ""g_L"": 12.238214377733652, ""E_L"": -71.48162945029905, ""v_T"": -58.07586915191974, ""delta_T"": 15.027113652912492, ""v_reset"": -61.75052596292841}","{""C_m"": 165.3764236810828, ""g_L"": 12.1173742129055, ""E_L"": -71.93366308265709, ""v_T"": -58.58250578295416, ""delta_T"": 15.042379601197037, ""v_reset"": -63.62266786581513}","{""C_m"": 200.0, ""g_L"": 10.0, ""E_L"": -70.0, ""v_T"": -50.0, ""delta_T"": 2.0, ""v_reset"": -58.0}",2026-04-28T18:33:56.898147+00:00,0.15053728834311828,0.2646717766131874,0.04297029072571314,0.34330023131816634,0.6864410316419494,0.16064765330900377
initial_bursting_099_grad_guarino,initial_bursting,99,grad_guarino,-0.3888888888888889,7,7,0.11953894793987274,0.2395622283220291,38371.109375,0.11953894793987274,warmstart,25,1.3390159606933594,True,"{""C_m"": 54.013280732964255, ""g_L"": 9.481588186514614, ""E_L"": -98.92807384344582, ""v_T"": -48.47204495705948, ""delta_T"": 1.6174616311459975, ""v_reset"": -56.939301207970146}","{""C_m"": 54.013280732964255, ""g_L"": 9.481588186514614, ""E_L"": -98.92807384344582, ""v_T"": -48.47204495705948, ""delta_T"": 1.6174616311459975, ""v_reset"": -56.939301207970146}","{""C_m"": 200.0, ""g_L"": 10.0, ""E_L"": -70.0, ""v_T"": -50.0, ""delta_T"": 2.0, ""v_reset"": -58.0}",2026-04-28T18:33:58.239514+00:00,0.6347248663784163,0.06480147668567326,0.6428460854099071,0.061118201717620765,0.020133598360736974,0.030305679772281532
initial_bursting_099_grad_vanrossum,initial_bursting,99,grad_vanrossum,-0.3888888888888889,7,7,2.3811275959014893,5.605208396911621,46.54513168334961,2.3811275959014893,warmstart,25,1.762650728225708,True,"{""C_m"": 54.013280732964255, ""g_L"": 9.481588186514614, ""E_L"": -98.92807384344582, ""v_T"": -48.47204495705948, ""delta_T"": 1.6174616311459975, ""v_reset"": -56.939301207970146}","{""C_m"": 54.013280732964255, ""g_L"": 9.481588186514614, ""E_L"": -98.92807384344582, ""v_T"": -48.47204495705948, ""delta_T"": 1.6174616311459975, ""v_reset"": -56.939301207970146}","{""C_m"": 200.0, ""g_L"": 10.0, ""E_L"": -70.0, ""v_T"": -50.0, ""delta_T"": 2.0, ""v_reset"": -58.0}",2026-04-28T18:34:00.002300+00:00,0.6347248663784163,0.06480147668567326,0.6428460854099071,0.061118201717620765,0.020133598360736974,0.030305679772281532
initial_bursting_099_nm_guarino,initial_bursting,99,nm_guarino,-0.3888888888888889,7,7,0.11953894793987274,0.09973439574241638,0.09973439574241638,0.09973439574241638,training,50,0.6206409931182861,False,"{""C_m"": 54.013280732964255, ""g_L"": 9.481588186514614, ""E_L"": -98.92807384344582, ""v_T"": -48.47204495705948, ""delta_T"": 1.6174616311459975, ""v_reset"": -56.939301207970146}","{""C_m"": 54.60660953049487, ""g_L"": 9.463175991893289, ""E_L"": -98.66584986030895, ""v_T"": -48.49776224513782, ""delta_T"": 1.6399877120436586, ""v_reset"": -57.8061163290282}","{""C_m"": 200.0, ""g_L"": 10.0, ""E_L"": -70.0, ""v_T"": -50.0, ""delta_T"": 2.0, ""v_reset"": -58.0}",2026-04-28T18:34:00.623076+00:00,0.6321451759543701,0.06710300101333888,0.6370188857846434,0.06008951019448716,0.01894801515559692,0.005539533456337153
