trial,slope,tau_ms,weight_subthreshold,lr,polyak_alpha,polyak_beta,grad_clip_norm,init_dist,init_C_m,init_g_L,init_v_reset,init_v_T,init_E_L,init_delta_T,final_loss,min_loss,gamma,n_spikes_sim,elapsed_s
0,7.852582461281652,3.685463937612944,0.2148299911976241,0.01427073635322699,0.0,0.0,1.3141431248259345,0.2992352377737584,175.7675289334395,11.689902091797363,-72.90567391208366,-59.08361512079407,-96.32902151868188,3.985589792320065,7.68253755569458,7.648423671722412,0.12967032967032968,1,0.9762489795684814
1,4.669345177644497,2.892778984287419,0.10713467876898557,0.00657397417842875,0.0,0.0,6.2439795585749875,0.34309941453095966,101.03135021960964,13.834768953220834,-73.66250201831727,-52.02815141442578,-77.36985576561925,10.67447287437651,5.377847671508789,5.374490261077881,-0.0488262910798122,6,0.8661167621612549
2,8.656680239158133,3.905950323120207,0.25556035672396327,0.018541438760443122,0.0,0.0,0.35984621427921015,0.45291201663708297,20.103473021878532,7.293520145290573,-47.26626558293814,-57.42087518152429,-81.42082457556324,16.054187327977317,195.2792205810547,195.2792205810547,-1.0,79,0.875338077545166
3,7.124996276063957,3.3015891794354735,0.0722931480789352,0.007168013793436008,0.0,0.0,0.11270809773101849,0.48008702354408334,71.0509844267325,11.80062402510952,-74.0536687339437,-52.881243129155244,-95.96800861021066,19.93226482072025,3.900315046310425,3.7988805770874023,0.380952380952381,5,0.8728089332580566
4,1.3946848049326706,2.231797730638499,0.1615180470259874,0.00575344993371928,0.0,0.0,3.558852653530039,0.35415508828643855,59.351627900130175,7.03365971706868,-47.60079968815064,-55.95173265449118,-70.43240361667677,13.358675925287109,nan,20.094358444213867,nan,0,0.8993608951568604
5,9.768412340549181,3.770185976453601,0.05524176514475474,0.015762962332758576,0.0,0.0,2.5395415332369016,0.3145501463625442,142.6781445562193,12.010709692372615,-54.59003649981825,-57.236845264542154,-65.024025031699,18.895904802525845,4.32816743850708,4.32816743850708,0.27963525835866265,12,0.8832452297210693
6,7.730827168908354,2.978530381661596,0.1485901849157526,0.022612233131882792,0.0,0.0,1.2330573927856534,0.29260711484368296,216.21615145824074,10.978313071539255,-61.70230340336901,-46.59303540295829,-109.32783750972953,10.489920536963416,8.330254554748535,8.330254554748535,nan,0,0.8862159252166748
7,7.967610900131061,2.2832779359458097,0.04573995269351586,0.035736935699968726,0.0,0.0,4.272533331224688,0.22616502083409337,153.46700056178156,11.269649670199588,-68.37511872320404,-48.21794124266126,-81.36602270018415,9.137804695228452,5.364255905151367,5.285473823547363,-0.02610441767068273,3,0.8680019378662109
8,1.717079510417686,2.3053802676828417,0.048473587311456574,0.030325331587641512,0.0,0.0,4.788161003726411,0.31735179286178666,231.2910957662108,11.643536878816002,-79.95541888121883,-59.41801296294368,-78.93649084392315,8.84025685336455,5.53680944442749,4.885733604431152,0.08958130477117816,4,0.8655152320861816
9,4.7786664100078875,3.375067870219744,0.1836670131126047,0.03599237599883559,0.0,0.0,1.4990171999463051,0.3398252811035549,203.07831831882123,7.384123275890096,-79.51605800816978,-50.29794124715719,-76.8771153061648,19.4628269341738,6.701756000518799,6.701756000518799,-0.02610441767068273,3,0.9079501628875732
10,4.022581230209521,2.0947450134589793,0.07913581265273002,0.028776553292500087,0.0,0.0,8.547824241353698,0.2959485138367681,213.24039225074276,9.87259689549711,-51.55139508812717,-58.24173855330965,-84.24774435868025,18.56166984727493,5.438712120056152,5.438712120056152,0.019047619047619067,5,0.8695158958435059
11,9.304267394061718,2.5731875298276266,0.05171016796927419,0.02524697797894023,0.0,0.0,2.7505775578752494,0.4684661344740147,101.16858392287018,13.680805037304925,-72.27602161448131,-57.35915476166516,-86.38569487632346,18.237690567643263,4.928919315338135,4.872387409210205,0.1295774647887324,6,0.8590130805969238
12,6.616718640766313,2.2795751809397364,0.27893047504052193,0.005118085933369727,0.0,0.0,2.258139420477003,0.34569332663608265,81.59422031129117,12.401282555191619,-74.07809569419017,-41.36074009997651,-84.9337876375656,4.325322532493072,6.028944492340088,6.028944492340088,nan,0,0.8438279628753662
13,8.316235326072885,2.8821548592345687,0.01290097522201532,0.021138409948173682,0.0,0.0,0.5282549619544596,0.37844047474703085,175.16006737064998,11.71004890765142,-61.95976697997959,-54.36330905893313,-104.04677484897516,19.187845920735995,5.005430698394775,4.6317338943481445,nan,0,0.8778910636901855
14,4.7124348888596455,2.8287075439887226,0.16954443380876613,0.006598600087777805,0.0,0.0,0.10104554187035607,0.3580175637077852,160.8368837996057,12.473931868587073,-55.606031483241544,-39.26315837019278,-102.68791311129844,10.442054266393844,8.089653968811035,8.089653968811035,nan,0,0.9140470027923584
15,2.6587678569553805,3.0437528693777116,0.16447915254997958,0.00572317646206693,0.0,0.0,0.30330903533338455,0.3160228407079155,163.43869721552747,6.827119199161744,-74.75150677350571,-44.15043514372634,-70.9082388085781,13.547907399890356,6.18046236038208,6.18046236038208,-0.09542356377799423,4,0.8645460605621338
16,5.76855547665043,2.5592726582050602,0.07518266232091793,0.00716773856317187,0.0,0.0,3.3716385723779623,0.45354952749842026,18.327107094897393,13.763463336722584,-75.11725846828142,-54.185944161187756,-66.12647231428741,15.649626936414123,66.24598693847656,66.08650207519531,-1.0,57,0.8659601211547852
17,1.1062639329896655,2.0640871787563544,0.13583152353384534,0.03328604268546741,0.0,0.0,2.6287089807667288,0.3353944009199879,225.41263648705652,12.452957542464237,-57.189293374887995,-52.88617502842485,-95.29033512352136,18.998150387843026,6.461842060089111,5.61909294128418,-0.07912087912087915,1,0.8684391975402832
18,8.362496133929529,3.2287722130703713,0.026321334924790638,0.027721670515667575,0.0,0.0,0.45924484456478193,0.3172420775786202,207.94389171579826,8.875923587538612,-66.93564038327537,-52.55764024310288,-95.32414358187482,17.35268185948693,4.777685165405273,4.777685165405273,0.24660397074190177,2,0.8732309341430664
19,6.500811791659616,2.747436005764703,0.2163810437771657,0.04443676242095449,0.0,0.0,1.783059965671738,0.33910223474314344,12.416577015664775,9.488420968876198,-47.000611251523225,-46.43409112042978,-89.72993944352434,6.935026289292174,63.88859558105469,61.18894577026367,-1.0,53,0.8838870525360107
20,7.701833530811052,3.302669997480093,0.06650914451304696,0.04763720397185489,0.0,0.0,0.24579608370535666,0.4689786059084968,26.99990486823788,7.795891824220103,-76.83395565220951,-56.83251425711429,-102.64175551431786,6.7385592096012905,5.622742652893066,4.984832763671875,-0.2978723404255319,12,0.9228291511535645
21,3.8679966972337496,2.217333941608537,0.05801560794796677,0.039106954016782165,0.0,0.0,0.33670955325691615,0.3083525576786368,12.533836398973156,13.601151084745982,-75.6663317563059,-50.42127819101032,-70.42125981283488,3.0247914336244826,77.17493438720703,77.17493438720703,-1.0,65,0.8585710525512695
22,9.721631231751582,2.0275547105881007,0.09446354348325091,0.006790410904622703,0.0,0.0,7.84903359273118,0.2884367254699982,121.22897790344778,12.758268780331166,-60.5063081588051,-54.741410114431,-76.90207108643384,13.945480194482649,5.272969722747803,5.272969722747803,0.1054613935969869,9,0.8455259799957275
23,8.984650652560878,2.4965884957705855,0.27071097607894257,0.03778789894460584,0.0,0.0,0.6704418964370972,0.43602922619738377,93.30275850579258,6.370361292651001,-79.72473585363672,-39.36517792182071,-95.52991872984191,3.6176280735121873,8.081452369689941,7.467064380645752,-0.1504702194357367,2,0.8485758304595947
24,7.894643222200738,2.9130946459881044,0.23893999448506278,0.03448316650013678,0.0,0.0,0.30901188878504926,0.46458238892799586,129.2667820174859,13.366666365800722,-79.70316974171608,-58.59641148308964,-91.23297803367174,13.843352228346205,7.591334342956543,7.329367160797119,-0.02610441767068273,3,0.8607642650604248
25,2.349067724593692,2.7881439483369346,0.2840676873401273,0.03715830235145282,0.0,0.0,0.9423592409341875,0.3694862643582402,119.50310551642154,13.180387507723237,-78.45704055618826,-51.49647825890641,-94.18934497750756,7.462417293740493,7.6962785720825195,6.94170618057251,-0.07912087912087915,1,0.8737931251525879
26,4.933849535406825,3.620605110546933,0.19558870380992563,0.0070901532355861765,0.0,0.0,0.5943356202692761,0.4224444671150287,122.16775978837984,12.324616361556885,-68.8741084259014,-41.38791983419494,-103.40905379244178,11.653772257045055,8.66931438446045,8.66931438446045,nan,0,0.8691370487213135
27,0.9161357749786734,2.755675288385648,0.19887645330962628,0.006542772688095197,0.0,0.0,2.877783211745001,0.3925973685613336,96.27024590307538,10.313686418364565,-76.22875873697127,-36.16342883097729,-69.22036474392,16.70152978152195,4.726639270782471,4.726639270782471,0.5619047619047619,5,0.9068241119384766
28,1.9657501746417043,3.0608823592061576,0.1440092998278651,0.041954532289018256,0.0,0.0,8.399089575251717,0.12754292410281576,215.34004937925192,7.173502961451889,-62.369737944311694,-52.05227103108692,-70.06763264131287,4.599315967489863,4.7272515296936035,4.654166221618652,0.1295774647887324,6,0.9534106254577637
29,6.988965055803319,3.1870311848843844,0.27155589701009264,0.007460993359764728,0.0,0.0,1.525720033968361,0.4823267318382873,60.58743168265364,11.493715650840088,-76.88851193193162,-41.690820577084004,-97.93427202586449,13.5577719400758,6.810976505279541,6.810976505279541,nan,0,0.8724870681762695
30,7.575240481124263,2.043662783291623,0.1532631447810987,0.011684005033012139,0.0,0.0,1.5215785379979312,0.30062326551341295,210.7986908629519,10.876890985879925,-72.55606933498619,-58.770861861519585,-107.99237127372204,2.6874257582661505,8.116790771484375,8.116790771484375,nan,0,0.8546152114868164
31,9.691342458124995,3.030266753692378,0.1065180212385074,0.01428745428563566,0.0,0.0,0.5366210657352173,0.1816811205581045,143.35811986803466,8.785742832325209,-71.49125579114356,-54.51733605507022,-67.31383106436054,3.2575149419494136,6.779557704925537,4.179220199584961,-0.6889952153110047,10,0.9093849658966064
32,3.5953409023124436,2.6896625187976757,0.19211250297529955,0.006659053930263871,0.0,0.0,1.346672104140989,0.5197499489283964,80.10731447771057,9.771818096153545,-79.98426658740107,-36.976170313106884,-105.54056341579533,13.966941413037278,6.897243499755859,6.897243499755859,nan,0,0.8593299388885498
33,4.019367207331254,2.842560255366509,0.16384184802028903,0.005243294994536405,0.0,0.0,0.4351687822469358,0.3003670415625513,154.6390597473723,12.472510840837899,-57.201429430324666,-40.76531456960051,-91.04381260451626,10.28538539648084,6.038729190826416,6.038729190826416,nan,0,0.8479349613189697
34,4.960780207120175,2.2005747969905007,0.037205944592968644,0.049324248159485044,0.0,0.0,0.10050418556573724,0.24016205630951148,171.38228349781645,10.547413768440409,-62.096150740664804,-54.86103984863627,-98.38512826371311,7.811447580128477,5.044945240020752,4.606942653656006,nan,0,0.8599271774291992
35,2.299977911300714,3.5656411312972907,0.11781762417372886,0.0376380616403169,0.0,0.0,5.397496206301077,0.3974391138051916,12.135408647405733,9.338907596641896,-79.90310334826304,-45.87461410196658,-78.3187053962443,11.680824000687402,48.69967269897461,45.581119537353516,-1.0,44,0.8616981506347656
36,1.7342543006869806,3.8848085016170453,0.093997623328344,0.04086090052103028,0.0,0.0,0.7225837174532498,0.3752007406329125,169.50959383712146,6.00010534844966,-77.91953093504917,-42.53843897811112,-73.86949334194533,14.636329846898494,5.144820213317871,5.144820213317871,0.1646586345381526,3,0.8970270156860352
37,5.01919679914637,2.0445376412592,0.2540501325033395,0.009627933315122857,0.0,0.0,0.964221853122584,0.1630203188400692,162.49281578731689,11.65906131049248,-54.1143525971342,-41.89056254081077,-76.78961850402472,2.4063744408884356,6.837913990020752,5.951178073883057,-0.1504702194357367,2,0.8583929538726807
38,2.6556388159833992,3.2027455256226958,0.11365276709193262,0.008299875484165846,0.0,0.0,0.1468932470197959,0.3569926329210298,24.552456843763682,8.888959545835512,-61.534114990792155,-40.93452365195681,-94.93814815440443,6.227224456039062,5.502494812011719,5.4871368408203125,0.24660397074190177,2,0.9321939945220947
39,6.863232949483848,3.5276881345767164,0.24646656979166778,0.013330196841603036,0.0,0.0,4.723033508876602,0.2647162653279408,189.7331108672618,7.99469481163196,-51.27055181149378,-55.571661256999036,-93.82369147073854,8.620436579101415,6.742957592010498,6.742957592010498,-0.16190476190476188,5,0.8635189533233643
40,4.652943229287142,2.569615177299779,0.13271687817028366,0.014200033642695635,0.0,0.0,0.21911602500307767,0.46446935318174254,78.88740288075786,6.026855311096101,-71.75717597625632,-51.558661028028155,-95.88687974630018,15.925554433066935,6.093747138977051,6.093747138977051,-0.0488262910798122,6,0.8538963794708252
41,8.410442862549456,3.5751111697264335,0.226050169033683,0.005064883299648808,0.0,0.0,0.6625860950155903,0.50661391759991,20.894585383388794,9.111589597241926,-78.68695905471955,-36.733810846774766,-74.44057533360066,19.661070385522258,12.199424743652344,12.199424743652344,-0.2949308755760362,22,0.851478099822998
42,7.152518469021366,3.2647101015326028,0.040584578553356974,0.030076210579890406,0.0,0.0,4.792157620310398,0.13058628188636268,219.33692229008426,8.526502176928675,-55.79458056842969,-52.33614781303979,-70.03049654316692,8.804304529379486,4.1837615966796875,4.079554080963135,-0.0488262910798122,6,0.8533546924591064
43,3.46748309312939,3.85832526454214,0.2773950658975387,0.04961774724730582,0.0,0.0,0.8233147204136705,0.4419931122782503,96.45413463797338,13.312549953866668,-50.7140899333051,-35.83966116589246,-107.00803614914989,5.623438682738338,11.255372047424316,11.255372047424316,nan,0,0.8542709350585938
44,8.40646811325441,3.9620096227075456,0.14416796723967548,0.016891214399415114,0.0,0.0,7.282905435764149,0.1889828555896058,79.1972820094205,9.394816487638096,-63.44044839180124,-52.71318929833155,-74.42973095847373,5.241638745216073,5.881876468658447,5.881876468658447,-0.1547619047619047,15,0.8744609355926514
45,8.145261396219619,2.08469222799741,0.0779394736878919,0.012224432289489778,0.0,0.0,0.262197536451775,0.22246074741371835,170.198982058796,12.81414652473678,-58.87056162941448,-51.146026852679476,-101.54489410115069,3.552577693670224,6.107299327850342,6.107299327850342,nan,0,0.8726727962493896
46,4.181044600786658,2.8898755220540124,0.07244688190944205,0.01235156242243932,0.0,0.0,2.694422273316485,0.3813347137525584,181.16019000428417,9.753055980668128,-78.37881570914213,-35.4040123264345,-79.79135676549545,17.039468477112568,5.649065971374512,5.637487888336182,-0.07912087912087915,1,0.8513939380645752
47,3.239116987337319,3.0939755751564366,0.07952318657249158,0.006238025367287706,0.0,0.0,9.03643329604944,0.3879630869435113,110.78339440291263,13.6435089664642,-73.01662426765554,-55.3715969265296,-69.93493693533385,17.942624216108836,5.896546840667725,5.896546840667725,-0.25235404896421837,9,0.8586709499359131
48,6.983707287762267,2.293486466415305,0.1100172518753903,0.009228515005166093,0.0,0.0,1.256687439731375,0.2861180956260628,124.7744816647797,7.006290842831829,-69.31742396288548,-41.14619154913831,-71.93036413994135,7.605440207151524,4.978654384613037,4.929440021514893,0.2,5,0.9251058101654053
49,1.8276485942884433,2.6725716608547234,0.21525585980268502,0.015889227855319876,0.0,0.0,2.4230802472795885,0.38434190680932395,24.083746817879604,11.325813452582246,-54.11760354965973,-49.39963310340769,-83.76060747719588,19.760058452957583,nan,22.862764358520508,nan,0,0.9769301414489746
50,2.399127923513529,3.9752948955129233,0.28488091287023803,0.013515060852204566,0.0,0.0,0.6115800628153648,0.23215325765240355,66.34967785272165,10.583821550394006,-58.616385525307514,-46.27232009938842,-70.8891698925292,12.495143106520212,nan,6.29371452331543,nan,0,0.8815131187438965
51,0.5699415626345523,2.032460912684943,0.20071122903708963,0.01753899684946945,0.0,0.0,3.1818132017619547,0.38932181605622196,126.8147051499967,6.984120213289385,-55.38767802473011,-56.69731596263249,-108.80435479860994,10.282092098205782,7.033416748046875,6.426943302154541,0.2745861733203505,4,0.8552868366241455
52,7.9757815862703145,2.905015863048768,0.16414988128323021,0.03532121652030681,0.0,0.0,6.572765122285469,0.3806375642250091,141.66241259397844,13.992432490991039,-55.068562194064974,-38.78524199431057,-94.41253824361601,10.669378969019384,6.641454219818115,6.641454219818115,nan,0,0.8786110877990723
53,6.816083137624306,3.685309243436392,0.13457934240514038,0.008398704610671149,0.0,0.0,2.547482058951176,0.2880359485991885,234.0818678522268,9.33910841714221,-51.74483513191657,-46.850272056387595,-99.92171668114712,12.027954107006774,6.789577484130859,6.789577484130859,nan,0,0.8707609176635742
54,7.199071096950184,2.6478025254385766,0.24845834011128493,0.0053288584619568605,0.0,0.0,7.444875213404944,0.5097437592616744,60.154266525173945,6.024215919005929,-71.74363945843298,-55.17140419112274,-93.30854702602548,17.883341172376475,9.645611763000488,9.645611763000488,-0.6101694915254237,9,0.8624858856201172
55,7.916925794708695,2.9595970055103065,0.25489716073382096,0.005460035288958821,0.0,0.0,1.5041990289694134,0.471260642812946,99.20620692769543,12.761501019927929,-60.55354429539465,-59.80963239443582,-101.50684791935532,18.69428285895269,7.076828956604004,7.076828956604004,-0.16190476190476188,5,0.8783679008483887
56,4.859699867614229,3.95609149157596,0.08791130232984558,0.006809869816633601,0.0,0.0,1.4265101985368553,0.3877343180379215,148.95989262547525,13.436374868578191,-69.14579928937916,-42.08594054293143,-75.2588678046233,19.538292451988852,4.807596683502197,4.786273002624512,0.1646586345381526,3,0.8608641624450684
57,5.90304136155249,2.949753672951408,0.286026074596029,0.018597432416214674,0.0,0.0,0.4066818366266759,0.46521920665699285,14.18059112886096,13.617897720985969,-66.29434238385421,-39.050189856378324,-85.48791868005122,11.728341317633944,6.345661163330078,6.345661163330078,nan,0,0.8758578300476074
58,1.8280714822127457,2.2618426242929983,0.11853460896191462,0.03214806326929301,0.0,0.0,2.6257597230394922,0.37843080120453704,92.65691428288352,12.62778072302558,-70.75952502067584,-47.693965345534835,-84.79214755546361,15.10790077512228,5.636222839355469,5.507183074951172,0.08958130477117816,4,0.8686420917510986
59,1.5880356985917476,2.103442983332782,0.24002342075745833,0.03852795372458292,0.0,0.0,5.80637449937926,0.30148131362739333,118.47612751955351,11.44226319071595,-63.014706627820864,-43.516984076035136,-79.66354357063334,14.479389650055632,6.733806610107422,6.577908515930176,0.08958130477117816,4,0.8564798831939697
60,6.849828137009481,3.890833144879897,0.29004596342467,0.021581578501696008,0.0,0.0,1.9616993684151776,0.28942301314207725,199.358952587875,10.325780487679339,-73.23526426455373,-43.00897895952362,-106.52968624285272,5.160145426762496,10.809276580810547,10.809276580810547,nan,0,0.8802857398986816
61,4.975413958359759,2.5316188265501314,0.21109743025668334,0.01265066212712139,0.0,0.0,0.2924680578726615,0.2505964492303367,192.1962315929038,9.480561154640528,-62.5684541322074,-35.31507703791175,-99.41723813679869,1.3715022411827564,7.037807941436768,7.037807941436768,nan,0,0.9302542209625244
62,5.869743011571294,3.008127813129102,0.048465217935358115,0.007136490836704804,0.0,0.0,1.2252317135731918,0.3281996449630727,35.615700189104146,7.956014877286637,-54.59279914612358,-40.60444920038095,-84.55299706936488,5.845881575265066,5.975437641143799,5.3918232917785645,0.1471571906354514,14,0.8774380683898926
63,7.7674891454522434,2.181403532179937,0.17584108655217925,0.012600516395545582,0.0,0.0,3.2499361890923377,0.44806449663888154,130.00063574116945,6.119660447471474,-56.13696700403713,-44.64256111477081,-109.01915572783054,16.523221039023117,6.754534721374512,6.738543510437012,0.12967032967032968,1,1.0004520416259766
64,6.529824040005613,2.8473102411012103,0.03563313692867352,0.010749422631738089,0.0,0.0,7.563566501978724,0.22484519885769513,185.588103087288,8.465789964546506,-57.761817227869294,-44.96267591337567,-103.55688743479084,4.671926721172951,5.2437825202941895,5.2437825202941895,nan,0,0.8766958713531494
65,5.759004306250961,3.860211038500248,0.23674261196067786,0.03706772097132115,0.0,0.0,0.20568001676827394,0.2377811059019415,167.13741133246978,13.46841317016007,-59.83004877554364,-45.80467136101138,-80.89932373832727,9.370987703384447,7.020610809326172,5.7886128425598145,-0.1504702194357367,2,0.8681209087371826
66,5.812468027081429,3.004825987261877,0.08439455216216488,0.015335197788500135,0.0,0.0,0.1798846816546782,0.2817955556844878,22.45957000530906,9.172030773797577,-48.49117264587386,-39.87632999021129,-68.26593941403206,3.903800117515801,63.949771881103516,63.219024658203125,-1.0,53,0.8835549354553223
67,3.3875259315948156,3.942270303604656,0.20856444691800557,0.008417166233488819,0.0,0.0,0.6697104266386829,0.2914348879927104,126.37028411893078,10.67782523850355,-72.6526071502459,-54.97574401827575,-74.8085180310739,13.765186423991926,5.38433837890625,5.38433837890625,0.06156716417910444,7,1.12620210647583
68,0.7927694283954243,2.5176712744747993,0.2730269022390597,0.009722345964513589,0.0,0.0,0.17832914975311664,0.35586768877672365,158.85313346748683,8.13589966386412,-62.26307015134776,-59.4232511627668,-104.15242763298075,10.846766392455034,7.806055545806885,7.806055545806885,0.1646586345381526,3,0.8650538921356201
69,4.648815197707442,3.0090904794078743,0.05430295520105172,0.006846051611096927,0.0,0.0,9.13814037185325,0.49987997054463157,81.22462339533995,13.725358055172133,-63.49803468565463,-57.91089609107873,-109.19709437351094,14.779899603105756,6.062741756439209,6.062741756439209,nan,0,0.882526159286499
70,2.5385543917855276,3.7190615836186502,0.11785735158035002,0.04145295103502425,0.0,0.0,0.7056815038280964,0.33547403394379227,49.4465497515722,7.502498952040472,-65.1667472075765,-53.39848527116338,-82.25403141142148,10.228157637251512,7.430307388305664,7.266445636749268,0.1509971509971509,17,0.8815290927886963
71,4.381022115384043,2.8965047091074876,0.19413563642206988,0.005614561593883942,0.0,0.0,1.1674036266032475,0.47860651792430237,35.63363833976292,12.277926783275587,-65.09494009550131,-44.72914201026749,-109.82259503602933,12.901600635294203,9.128338813781738,9.128338813781738,nan,0,0.8569638729095459
72,8.607329196047578,2.558974747140379,0.12589757784285033,0.005150107008760113,0.0,0.0,0.28456112070179934,0.49904208706539105,75.05546711711493,9.954965945679948,-69.57977886625486,-35.09348138394393,-99.61209583797694,18.344332428295875,5.602731704711914,5.602731704711914,nan,0,0.8530211448669434
73,2.7224251157207373,3.7109507268357635,0.05244568248741457,0.007620069595739141,0.0,0.0,0.7911380036333174,0.196837772569373,221.13232532088088,9.368005223474942,-69.35989095668253,-50.474111327530224,-65.47974106736909,12.757128319414516,4.418299674987793,4.418299674987793,-0.09542356377799423,4,0.8720400333404541
74,1.0538760460461272,2.779778937745218,0.0087214842506391,0.03234774584721735,0.0,0.0,9.319398221946056,0.39083300206753374,135.29945469874687,6.287343050715418,-50.3254939361041,-57.90486360482002,-107.88624348345284,6.222303636241848,4.795897960662842,4.647097587585449,0.40191387559808617,10,0.8565828800201416
75,3.1731469742089673,3.0614465821204684,0.12197944311058886,0.016689248872346747,0.0,0.0,0.9492362232804608,0.39231343060121926,119.43137916322918,13.162311680035204,-52.347242032100645,-55.05919638735393,-93.25642122077255,15.824565027758773,5.320167064666748,5.060150146484375,0.019047619047619067,5,0.8616156578063965
76,3.2891406987834944,3.9530541328302915,0.1947627079745761,0.021125806214156224,0.0,0.0,0.10414726071597927,0.2960786432100585,131.2312629178924,7.395935536192634,-66.13806790625833,-44.35160488725733,-66.20484463360243,13.574429042271772,5.0954270362854,5.0954270362854,-0.0488262910798122,6,0.8803911209106445
77,6.788206889905503,2.372966589511728,0.1721952624457466,0.011394668100851253,0.0,0.0,0.3055308445217042,0.41779134095342757,13.724887313221297,11.640066213060226,-71.21973173899693,-38.44602714465463,-92.72495412982377,4.792685717331704,5.662141799926758,5.662141799926758,nan,0,0.8680119514465332
78,5.791805447242144,2.602801273440371,0.04687237192819272,0.005856632725305985,0.0,0.0,9.055442160344002,0.3454698249656812,117.62785289735393,8.041583794520044,-71.74624790257523,-45.66845498066267,-75.46941781171043,16.86413310903764,4.216877460479736,4.216877460479736,0.380952380952381,5,0.9559547901153564
79,7.947032986510928,2.06213920013968,0.13520803316021598,0.035902787353310754,0.0,0.0,9.509003928521773,0.42923574873687853,101.46407020818994,6.534430108775514,-63.06087505370563,-49.15546307429035,-101.13594732861323,18.026753121738285,6.76112174987793,6.3524909019470215,-0.09542356377799423,4,0.863929033279419
80,6.810978633110182,2.7836754198201055,0.11084131385437584,0.007777934409393873,0.0,0.0,0.2636247491773626,0.36986379795863944,234.05409819475844,6.413977504264651,-52.14887670498987,-43.85708605146153,-98.23536838253415,13.067966247373446,6.263622283935547,6.263622283935547,-0.07912087912087915,1,1.0983970165252686
81,4.36067518368067,2.400366861169719,0.08226072068801996,0.0053954690405691634,0.0,0.0,1.7003102609543423,0.4603989004653853,39.58793408719913,6.555252066379978,-45.227882373170885,-44.0907535385335,-98.60498189600449,9.550645162171552,7.376819610595703,7.001815319061279,0.07142857142857144,15,0.86893630027771
82,8.23319365432733,3.360069870815783,0.21878137315811677,0.018692790570403725,0.0,0.0,0.1425005895204475,0.35234474278774136,228.5202819285033,9.509800547094478,-48.48444137991795,-38.27977005053846,-94.51296577591205,14.224171077464948,7.232397556304932,7.232397556304932,nan,0,0.8760030269622803
83,2.086242739123187,2.362642917531705,0.0928956090081553,0.006057023026940478,0.0,0.0,1.4285099998939335,0.38816297427792795,161.91465586999627,12.169694964958735,-67.19247925063802,-58.69408753754668,-102.303234149937,12.714520065801425,6.2003631591796875,6.163202285766602,-0.07912087912087915,1,0.8724629878997803
84,0.7157646947716745,3.3496255048117396,0.16204258569990876,0.006233498455346161,0.0,0.0,0.17858352987985845,0.3780462569965446,188.27304298639132,12.048389076284767,-59.571144520973924,-57.88104635712769,-109.22201177663844,15.860693389119382,8.27186107635498,8.27186107635498,nan,0,0.8630211353302002
85,1.3554546773685967,2.5269508563786354,0.27696706058088494,0.031575267304473326,0.0,0.0,4.338334627555054,0.1969792622359082,136.35657986366843,12.261696821852063,-74.30240384822139,-49.81442073072141,-68.63738208149121,4.260361833696148,7.073936939239502,6.851410865783691,0.06156716417910444,7,0.8576028347015381
86,7.362413830666278,2.7104356682423996,0.16178279467607473,0.01550884993243674,0.0,0.0,7.570942977644169,0.3697452289562564,24.151187876885196,11.227739070253987,-59.19122807823853,-36.19923735355667,-69.20892105253058,15.239177414190848,12.232525825500488,12.232525825500488,0.5624999999999993,23,0.865664005279541
87,4.88783368738818,2.697721304092795,0.18510687304816822,0.008719236479617606,0.0,0.0,0.22180616658496882,0.3001395964562891,14.406164711998002,9.84309574725248,-48.63643222120364,-49.15872279713807,-66.70344261741523,13.397271632235668,nan,262.7088317871094,nan,0,0.8627607822418213
88,2.0320819008192172,3.4335035003272187,0.02197379585026542,0.011158258739861362,0.0,0.0,0.842217647447493,0.3893779133207444,35.17513933484265,10.074176601493468,-55.653400252419836,-58.365775694009486,-94.49077105681546,14.624540198025741,nan,16.53152847290039,nan,0,0.871845006942749
89,5.259925363481954,2.933018526276686,0.05344024312252089,0.026804701990080313,0.0,0.0,0.15998747969285107,0.4220264225867018,46.126413330617844,8.78671918616418,-55.853138713646814,-40.61147745339716,-86.66696927785607,19.180293026300184,6.481685161590576,6.481685161590576,-0.6101694915254237,9,0.9286205768585205
90,1.9469649757751,2.722597797705366,0.03028535978943404,0.0058253785065681025,0.0,0.0,0.476738267782546,0.4004957458768364,222.8260975237692,9.78749643126228,-74.39039564610371,-40.676710902901036,-99.05871910730852,17.013604889982993,5.128650665283203,5.128650665283203,nan,0,0.8665342330932617
91,7.115043563238492,3.7052454380789,0.22944388450675202,0.006538085870673272,0.0,0.0,0.13495702917823543,0.12457031254015487,145.04319846567262,9.152744051181973,-60.526582449610956,-46.67978078855182,-68.38702193450371,5.072897945469694,5.027750015258789,5.014558792114258,0.06156716417910444,7,0.8736681938171387
92,4.738484617953292,3.143901251282405,0.2507763242750527,0.020664839632325432,0.0,0.0,0.3381372809297369,0.2910504573655922,223.47644408688558,6.250728331678844,-53.07788514634232,-37.00829673221087,-92.26765140560617,2.388276552910078,7.607102870941162,7.3786492347717285,-0.07912087912087915,1,0.8660628795623779
93,4.1197016479165836,2.4276616425559956,0.05593658795837329,0.020227478061001312,0.0,0.0,9.559767590449866,0.16567047102835597,195.0735322435533,12.74291884553388,-68.23099142040412,-47.03516785785234,-73.57389193954327,4.648816567752271,5.515618801116943,4.624955654144287,-0.21686746987951808,3,0.8445088863372803
94,3.364364846904827,3.800182556287365,0.06578152527692731,0.046928015477353334,0.0,0.0,0.12280230953866039,0.43301316959656416,154.6644239699921,9.445045276126553,-73.89544867110078,-39.21399481872601,-95.3893625510033,18.754096197445307,5.932522773742676,5.513448238372803,nan,0,0.8993358612060547
95,6.48768463462944,2.6853005920672812,0.09696218684783486,0.01184457509135369,0.0,0.0,5.223200043789018,0.19556522114759875,140.85479005855444,10.116079851077906,-65.18429195232243,-49.98322775359237,-73.19151763233032,13.872516140236394,5.433887958526611,5.432200908660889,0.1295774647887324,6,0.8625671863555908
96,3.937219800257209,2.077958755074641,0.1773232850861506,0.005808281167078846,0.0,0.0,0.1428581939984951,0.21440990026713314,187.94873015838715,9.36867327688967,-70.84969713540426,-57.82836953679545,-75.05048045071798,8.890252179836379,6.216967582702637,6.184260845184326,0.019047619047619067,5,0.833427906036377
97,1.3326742335029595,2.989200447948906,0.18653885814000584,0.017238816197594257,0.0,0.0,1.142862182916593,0.3380717118875444,127.12142618223709,9.754745881576362,-64.91017502707659,-42.90251057330376,-82.60696479086262,19.469022174241804,6.3800177574157715,6.3800177574157715,-0.02610441767068273,3,0.8649461269378662
98,1.6210560701448955,2.247876108881756,0.20602618756243726,0.02174286733992911,0.0,0.0,0.8021204427389154,0.39704613977758396,41.94789875932328,10.588154505861734,-77.786594280919,-39.802039532295005,-82.26599000370081,9.13919750385822,6.4261250495910645,6.4261250495910645,0.1295774647887324,6,1.003279209136963
99,9.638027813220388,2.4769328874314853,0.2715578268640388,0.006895611576944789,0.0,0.0,7.2964115146088036,0.3675702351163503,194.5142005681076,9.640020867932627,-72.02748666402935,-48.18748097224158,-106.81256915131974,18.059361083148364,8.455217361450195,8.455217361450195,nan,0,0.8706271648406982
100,9.131516561722266,3.494221745374822,0.08851204214896144,0.017857965428454248,0.0,0.0,0.25009195676949264,0.25266332557965554,178.12042618892605,12.08252628972022,-49.39273435935452,-40.21068527962291,-90.5666334385952,3.254091628983543,5.749800682067871,5.749800682067871,nan,0,0.8967580795288086
101,7.147217771202121,2.261503626752637,0.1976276967620327,0.007883827731422828,0.0,0.0,0.22875154224158994,0.40024556740642486,95.87389939561913,13.47267771503778,-46.78183280690171,-40.80322836190511,-100.80062376178756,4.694547310819052,8.26350212097168,8.26350212097168,nan,0,1.0389440059661865
102,3.025764633865436,3.6138884487080714,0.16791685373330764,0.03497035670420367,0.0,0.0,3.1436064931059042,0.2815965379941754,212.34744750256567,7.135327384088998,-59.555188293362875,-50.54370794302331,-96.40950464174706,13.870258487862628,6.1219024658203125,6.112336158752441,0.24660397074190177,2,0.8705918788909912
103,9.707175584803377,3.8738145762619074,0.09175117212377012,0.034208300622111665,0.0,0.0,2.8277365554644347,0.1897478368337453,230.7008876299457,12.221069905922388,-62.98430924144561,-48.98221229494459,-69.15511152549259,11.984034871001326,4.462027072906494,4.213122367858887,0.08958130477117816,4,0.8686296939849854
104,7.898133587675049,3.2130642008158894,0.272224555978102,0.013446185560783482,0.0,0.0,2.502439237181146,0.30472891616827047,124.2269753052249,11.462686956251385,-71.69961640046658,-58.406612810628005,-71.51998517815952,12.53797231328968,6.055693626403809,6.043291091918945,0.28436911487758953,9,0.8814969062805176
105,7.310456797010458,3.4207183840456583,0.02864502358776525,0.04631409635483097,0.0,0.0,0.11278575012796012,0.2885427462434667,47.92173328176583,8.384383412005977,-45.352327059366424,-44.13940918840862,-81.37495365647949,2.3711096009657187,10.383591651916504,10.383591651916504,-0.2949308755760362,22,0.8662631511688232
106,4.7689342703659925,3.4271732198148346,0.21360030804961544,0.04772477381435492,0.0,0.0,0.3310696528639058,0.27977736886092436,232.8680988761043,13.142263116469765,-60.827614520787286,-52.26527708872816,-78.58751472262587,16.834113494965514,6.198901176452637,5.865726470947266,-0.02610441767068273,3,0.8811392784118652
107,3.0862948375290107,3.98561591454089,0.2183621139067806,0.006733193465670568,0.0,0.0,4.783991019327711,0.29311972035110273,190.8079242593483,13.816378976383032,-57.71006104665701,-51.96936421102837,-87.59325741191599,16.510026191061712,6.227006435394287,5.8381805419921875,0.24660397074190177,2,0.8991720676422119
108,1.4157141404582432,2.683076524403246,0.27459795830698847,0.01165960423141979,0.0,0.0,1.5911687577150768,0.18889953225726833,71.0287950595368,7.851266039551931,-54.63078968857352,-48.88931433711473,-73.25433221646249,3.729988137020789,11.542828559875488,11.511554718017578,-0.2949308755760362,22,0.8718199729919434
109,9.074722767166495,2.325713102485405,0.15557417770540607,0.019920098170211453,0.0,0.0,1.6009945055386192,0.33486675167627095,87.21018652436355,8.144799252720809,-55.57461481768043,-41.01676966683376,-89.47987868510496,10.082558151579777,6.060349464416504,5.553184509277344,0.08958130477117816,4,0.8800578117370605
110,4.829874753419305,3.038334469828643,0.09648670146577377,0.006078659459898057,0.0,0.0,0.39069082361032015,0.47896982329223636,40.367333041499776,11.614624750504419,-45.26888282402634,-40.55195397920477,-99.95994545655674,12.839332052290477,5.797139644622803,5.797139644622803,nan,0,0.8829250335693359
111,2.422451965554688,3.0664996196634164,0.24832220095800614,0.012067727869328495,0.0,0.0,0.33139517207222113,0.5305062952358811,77.84006645277817,6.241412423330264,-73.70620005204583,-57.435160693403965,-101.18303508943126,16.116484007531067,6.897613525390625,6.897613525390625,-0.0488262910798122,6,0.8860070705413818
112,3.4065879294311987,2.355824976592289,0.2312430845497178,0.009123092712352399,0.0,0.0,7.818254005771908,0.3976390930495443,77.35139082699929,12.056319607560894,-46.78981058050302,-45.64317212330563,-88.15659760954755,15.252416336215012,6.948318004608154,6.948318004608154,0.1295774647887324,6,0.870664119720459
113,6.0025859049480115,3.226218837988279,0.1500946843258411,0.04477341548855974,0.0,0.0,2.8543719027738597,0.3719813137902854,32.3307321754107,9.425696699879081,-62.54113917737788,-39.22371724004056,-73.36020528959153,17.117041837149642,nan,8.35525131225586,nan,0,0.858665943145752
114,2.179341437922701,2.028249466953648,0.2303572126901433,0.012898993596815886,0.0,0.0,0.17936274243129735,0.3621324615062627,170.5107734095714,10.244446457478702,-51.02422375298163,-38.16793961861826,-88.37819333035338,19.72757624988666,6.485383033752441,6.345279693603516,0.12967032967032968,1,0.9035029411315918
115,8.637835698877566,3.8553368049084433,0.08036268062317824,0.02894948637850743,0.0,0.0,7.506092019978091,0.16083426729919892,211.20816874521108,10.083757323371263,-77.57493416285128,-54.387698728202594,-75.06206392806718,3.1119308829750105,5.414641857147217,5.414641857147217,-0.28042843232716663,4,0.9483640193939209
116,7.705935533434496,2.5291485556425233,0.17685189912104035,0.012180787530134856,0.0,0.0,1.4613030933844544,0.27295032941545944,118.05401525343053,10.83881753683782,-49.25786100703196,-38.822153427663004,-75.60749355231202,8.746190609612782,5.537679672241211,5.537679672241211,0.2745861733203505,4,0.8660969734191895
117,7.3348980815338995,2.0791204167803836,0.25955503643636263,0.006773015582147156,0.0,0.0,0.46422094777103123,0.3419252986105373,42.71732849872833,11.357194476462784,-73.65489821290346,-45.96713791478461,-65.8694817891495,11.455885740338218,10.134387969970703,10.111331939697266,0.3607085346215783,18,0.8762030601501465
118,4.604883877863485,2.216498882949714,0.09539535138495375,0.03648560352380399,0.0,0.0,0.6227000388246807,0.18493709853370055,158.47807946990292,11.42060377532939,-50.93640748135733,-49.12548304732378,-87.61205445263761,4.343468264567209,5.858908176422119,5.090168476104736,-0.1504702194357367,2,0.8716206550598145
119,6.4594339866732104,2.4804978965592834,0.14506499472922296,0.005004802237903852,0.0,0.0,2.8236380181210246,0.3809593112493969,151.37637417962546,8.366064050595114,-62.233133788895515,-40.836070162252554,-109.2093542893106,11.71439500510309,6.718169689178467,6.718169689178467,nan,0,0.8614151477813721
120,6.048930704670988,2.5478123372120907,0.2853134562518668,0.005687362083549004,0.0,0.0,0.5656467593795318,0.45688094572932175,49.89235398145864,8.23506671827083,-78.78503519695508,-55.763430995352444,-65.60167730207817,19.971932462786928,nan,10.9003267288208,nan,0,0.8801839351654053
121,6.6735427147707895,2.0656199989954573,0.239463552591521,0.011570560838873338,0.0,0.0,1.437108632835901,0.20833618282823851,175.56502157461892,10.894854838169548,-52.80475664152572,-37.58614319537096,-86.63127231955663,1.6703959889363231,6.2153167724609375,6.2153167724609375,nan,0,0.8562576770782471
122,1.3022210508289462,2.5587096243874585,0.2661117060991658,0.024314663291601087,0.0,0.0,2.6363252747642187,0.3167880131991298,173.1610387334121,13.87682001657938,-70.96814654098135,-48.4133608634725,-93.74265195269234,8.418882390367404,7.59337043762207,7.59337043762207,nan,0,1.045546054840088
123,4.450170320620791,2.385883472986964,0.1155741182671339,0.010981819458787723,0.0,0.0,0.24589516797646294,0.4259354817381235,175.92199859133208,9.0272351180484,-47.06205560894457,-40.25853865591099,-108.75588387105373,16.552428758640772,6.388126850128174,6.388126850128174,nan,0,0.8693680763244629
124,0.8953346516879785,2.7572418548690374,0.29895157789036764,0.00582482419431363,0.0,0.0,7.735403497502948,0.20132309363801112,187.75720716089148,10.13194982704987,-62.61139111387553,-39.11182741332617,-90.88466198766343,4.029784522572671,7.1084818840026855,7.1084818840026855,nan,0,0.8888766765594482
125,5.19291278282293,2.7703354747119384,0.04576968140514389,0.010394654005658335,0.0,0.0,0.5156387451855474,0.2798419653544782,81.9667315552775,8.121619226859915,-56.16293396219924,-55.52816624897887,-80.98524036052369,9.853371998011475,6.240974426269531,6.240651607513428,-0.015483870967742206,16,0.8919880390167236
126,3.6336815171614605,2.678015481205758,0.15563117496489268,0.008789230686426945,0.0,0.0,0.6898418124815308,0.3612354911242497,203.12201376470983,9.879989945739744,-47.4568622900716,-37.488271802860304,-101.66205894031897,14.037160694685788,6.74386739730835,6.74386739730835,nan,0,1.2199409008026123
127,1.8729797942274455,2.655847767061408,0.1437820146888748,0.005062788723973979,0.0,0.0,2.4947597909471826,0.3440853136530591,59.3636922977783,12.586434449843662,-57.74968959122008,-52.64705764295872,-98.78943672274221,9.16197544586317,6.185431957244873,6.185431957244873,nan,0,0.8822910785675049
128,1.4823281933642405,2.1794625554825027,0.23952965724004033,0.017130574088884985,0.0,0.0,1.6503276605160062,0.3355703235936165,194.16628343606013,12.369292872315613,-78.83183210557726,-52.4428196132275,-90.9717066438627,12.12605825544062,7.192037105560303,7.192037105560303,0.12967032967032968,1,0.8672571182250977
129,6.082623435688264,2.0504098942523243,0.27258533175450356,0.006540574835106179,0.0,0.0,0.7589963263932631,0.29195710383045265,44.39121202738078,8.682264164231398,-49.004104280121446,-48.086312164658764,-76.51355482804523,10.210791623430458,16.16010284423828,16.146770477294922,-1.0,27,0.8625929355621338
130,2.120633201100418,2.4042286003129334,0.21934181307241793,0.009693180347677221,0.0,0.0,1.992893453782781,0.3198766864424858,116.94599257210662,10.975404200668033,-70.92224207336339,-53.75494751734375,-65.4790765298776,17.510848177065224,7.175631999969482,7.175631999969482,0.1054613935969869,9,0.8829247951507568
131,9.288641124579573,3.5132988548332307,0.18804487083909083,0.021885669398870235,0.0,0.0,6.392292144335489,0.3477703335210635,179.68362618341826,7.097156312444266,-78.94213510853317,-55.61468739507268,-67.8021065971616,16.50950563473077,6.368679523468018,6.351086616516113,-0.16190476190476188,5,0.8894741535186768
132,6.020080827153752,3.981619531102244,0.1282287572545511,0.02655129409250371,0.0,0.0,3.9862747920568173,0.39539918157063686,130.30748287237256,13.750244730947017,-74.86962639841947,-46.021238999849075,-101.75500431205806,6.822143491281812,7.748824119567871,7.748824119567871,nan,0,0.906487226486206
133,3.7952631430809523,3.857052350114658,0.15309777512272024,0.009171188740401034,0.0,0.0,4.4516193336283845,0.2437763406783947,226.23105436154188,12.946228132389468,-76.43704250292949,-53.76140486097654,-83.24716386880772,2.1657029594756634,5.951716423034668,5.894417762756348,0.048066875653082534,2,0.875452995300293
134,6.113697169073459,3.008438711075537,0.15279009396744656,0.01066998172041954,0.0,0.0,0.32871295243569315,0.3913049039079417,136.51946889083058,10.675931486352084,-69.81614865343391,-52.671925496871914,-99.69143290534682,18.77785103372481,5.79506254196167,5.6262407302856445,0.24660397074190177,2,0.8706717491149902
135,0.7166367747821263,3.0636477115558685,0.006110542105313299,0.008828343902095383,0.0,0.0,0.689932651342269,0.32643388660781875,99.44036236078782,10.682152504911123,-69.444889901127,-42.433399889627395,-105.43514280236109,2.3611893187986155,4.9964447021484375,4.9964447021484375,nan,0,0.8695869445800781
136,9.606312525793731,2.629163138071685,0.1509137414483033,0.04527501518562803,0.0,0.0,1.2812629953697363,0.13951081040886,181.18526493383385,11.8133436665228,-70.72495323507682,-51.12383218188279,-66.923277440023,2.982275604910972,5.616918563842773,5.441674709320068,-0.0488262910798122,6,0.8843190670013428
137,5.081882650957552,3.5478788772753127,0.25679124005223747,0.007753356107187662,0.0,0.0,0.12256928094911046,0.33007104450581276,52.123825305734336,9.440306919785865,-70.12653828805662,-43.774786284194825,-78.9229224673992,11.001373593911808,7.8829569816589355,7.8829569816589355,-0.6889952153110047,10,0.9002869129180908
138,7.935984658877719,3.5295133758652972,0.21278220334267445,0.007623433354562856,0.0,0.0,3.464051665204641,0.32983036084777095,150.57537932263708,9.46736665616276,-53.38644611961919,-58.947537553843254,-95.91988985048536,14.004170786502987,5.961925983428955,5.96187162399292,-0.0488262910798122,6,0.8708090782165527
139,1.2859349992631663,3.6885447151648894,0.23871258663750144,0.013931738052555908,0.0,0.0,0.443533930206474,0.49197719149943014,85.81837481133797,6.6282822435435955,-67.92453000366287,-42.212630705283416,-104.5106810636007,14.767995920021436,7.334104061126709,6.763747215270996,-0.1504702194357367,2,0.8852858543395996
140,5.123254142962523,3.7910091543937687,0.11714549693055629,0.007731724372970298,0.0,0.0,0.3674448426126635,0.41720008035493555,188.3548147622424,11.082405955381592,-71.45180830046495,-39.86761607012347,-100.35008741996906,18.210598091255658,6.521007537841797,6.521007537841797,nan,0,0.9054431915283203
141,5.161716446367949,2.8686984964505915,0.1586919710738874,0.00717263053315714,0.0,0.0,0.3300532539146902,0.27433169458494916,172.52851080267888,6.437759413176478,-52.0249508468418,-47.339161491002315,-89.63079966591269,8.989712661271248,6.160656929016113,5.8226518630981445,0.08958130477117816,4,0.8788909912109375
142,9.409351322262337,3.533751136214395,0.010045070699130142,0.006235187848015277,0.0,0.0,0.3687725028344055,0.28838656892815284,149.52491528141087,11.79662800626369,-48.64081844964038,-53.17637967631937,-81.61506771903093,14.040509617894468,2.4488961696624756,2.3972270488739014,0.8814192343604108,8,0.9068858623504639
143,5.931416497572716,3.612797457591757,0.11489938265080307,0.021834399509817387,0.0,0.0,0.47427437928090593,0.25041958911427636,165.2033421509853,9.944005182263759,-66.31421081287046,-40.940529573322706,-96.49955881816393,4.9530100855666195,6.101431846618652,6.101431846618652,nan,0,0.9010541439056396
144,4.998149310041061,2.6169192449955005,0.1423248134677932,0.02046690902971014,0.0,0.0,1.6205003014328638,0.42846700951179023,135.54071456482848,8.140886861297416,-78.83683930324113,-58.71060641544236,-78.72452631259064,19.48977107384939,5.569073677062988,5.569073677062988,0.019047619047619067,5,0.8943660259246826
145,3.036268799372989,3.8584844880122997,0.0765626698797245,0.022342558113293307,0.0,0.0,1.4693682242638682,0.278297248648303,114.57832823399725,7.176489004677873,-51.36708763147264,-53.464102575657,-65.19680922782537,11.702019150714142,nan,4.862429141998291,nan,0,0.9006626605987549
146,3.6499054747542456,2.188683005279311,0.009372293697194944,0.02966675276612384,0.0,0.0,0.32465605508013917,0.47625932016200595,63.50548616882315,9.968038156194751,-68.2616554859623,-40.5132003843263,-105.2382851386375,17.283051623618416,4.70439338684082,4.704100131988525,nan,0,0.8854520320892334
147,5.446387823479609,3.988538358326566,0.20712243263368563,0.010600540683234173,0.0,0.0,0.25873105127930157,0.3369886805942541,186.48748568075098,12.8909104312119,-48.67521888854173,-54.25555442642297,-86.55473867471207,17.14852218316117,5.352816581726074,5.352816581726074,0.2,5,0.8933172225952148
148,4.669658872897943,3.540181436317739,0.13052632525465296,0.041437518338367105,0.0,0.0,4.494862180675409,0.3022248681382768,96.79923358670565,6.48326061436506,-69.79279752115193,-53.95199221312973,-70.8471821589903,9.813080638773817,6.899156093597412,4.744799613952637,-0.6889952153110047,10,0.88185715675354
149,0.705314758863139,2.1865418106486545,0.12470345793367026,0.027050457546586446,0.0,0.0,0.15326630074901068,0.3688090610358265,167.21517461265205,13.696953197532682,-69.52842516651786,-40.97001106181511,-108.97561453165754,2.978207330919035,8.057490348815918,8.057490348815918,nan,0,0.8716819286346436
150,8.3497732798464,3.312459296210001,0.07499602620855267,0.031891767765380004,0.0,0.0,1.0608297299186682,0.301924152848086,47.22897070075396,8.499346694980067,-65.89544747047175,-48.07460273169364,-98.96008941724712,2.258091072592583,5.320202350616455,4.656521320343018,-0.07912087912087915,1,0.8824748992919922
151,9.013527332477784,2.0683588218565205,0.16134911969940513,0.026298572061605918,0.0,0.0,1.0993139735237498,0.3428009093570745,165.83031112325597,6.189290828274116,-51.66852777994463,-36.77112937121996,-78.03339888531646,12.323249828221806,5.987581729888916,5.852167129516602,0.1646586345381526,3,0.8639860153198242
152,1.8323663454868022,3.5403738988883657,0.13140803438121942,0.011413678882951691,0.0,0.0,1.4069336393983332,0.36922581611357613,161.11426174558554,11.217776372940754,-47.39032023767248,-35.89235322015082,-90.79797611413002,12.724504346819945,6.036599159240723,6.036599159240723,nan,0,1.1356208324432373
153,5.76334336362097,3.5984458433181103,0.1421953419087273,0.009594061374935677,0.0,0.0,5.906092327310027,0.22741914446284336,194.6456223588596,6.0083052573771,-61.55444291102995,-43.67809150455756,-77.72575476180883,8.006998778529342,5.584933280944824,5.584933280944824,-0.02610441767068273,3,0.9076621532440186
154,1.5314695407867136,3.2048205061828954,0.1742614045309146,0.013227783370293109,0.0,0.0,1.7694075668297822,0.2921304818597645,77.99821674066621,7.457140532543268,-60.47645578315604,-37.017414193696965,-69.68098321741783,7.839352615996155,5.563608646392822,5.563608646392822,0.17180205415499525,8,0.888664960861206
155,6.886280883878211,3.713720783833141,0.0018973941719206077,0.006251732180102361,0.0,0.0,8.856610234814925,0.2716331690354005,69.30668218578661,12.310350581366215,-54.625699361453414,-47.36650422156269,-92.49363832075142,3.3521601711583244,5.160825729370117,5.160825729370117,nan,0,0.9006340503692627
156,3.171720946470579,2.1957665604297194,0.27230877106152673,0.01413352547064813,0.0,0.0,5.529758523323107,0.3391190010474692,190.58187549121442,10.939715548653579,-66.80914120916941,-37.030300598330015,-80.3147282114662,18.65553847003118,7.3888444900512695,7.063655853271484,-0.07912087912087915,1,1.3054239749908447
157,6.764515029573067,2.5518476840816264,0.02132621908352438,0.005522185451191896,0.0,0.0,0.26883172512681547,0.3506100345090702,119.1148658781181,9.636942592511438,-47.196624839007214,-36.00521429391167,-66.76547065045013,16.559050484241414,5.034882545471191,5.034882545471191,-0.0488262910798122,6,0.9271409511566162
158,7.406448835725385,2.828355043185341,0.13527742419479835,0.005045636554510253,0.0,0.0,0.30364533999572196,0.44437166632074804,116.35341330959788,7.68239435415247,-66.579569155276,-36.542562712055286,-93.6400567213865,15.377631109647211,6.364661693572998,6.308319568634033,-0.07912087912087915,1,1.1521730422973633
159,7.802151173217742,2.0849159056561968,0.06221186257181442,0.04270403808968419,0.0,0.0,0.48926964443172133,0.39558126958927303,222.29100075095482,13.763137303051437,-46.831404859362536,-46.1235600569431,-87.86539664071083,19.76516966659174,5.356785297393799,5.356785297393799,0.12967032967032968,1,0.9239358901977539
160,1.5235389865810174,2.8964321751423325,0.15713471081096259,0.024451576483012508,0.0,0.0,0.6067766084475852,0.3293643790399857,60.18121705347057,7.500242093478101,-46.28861957889577,-42.77012945439576,-85.8663195590829,3.508946063984808,7.524648189544678,7.350894451141357,0.054750402576489825,18,0.9171390533447266
161,9.202112528807275,2.530426912225132,0.08406903263914135,0.018231271196730472,0.0,0.0,1.2764101252387527,0.3264459973639055,128.04525727375574,13.55376922817244,-58.89880368279649,-49.88428443901163,-85.20036493406923,17.836756653337904,5.625442981719971,5.625442981719971,0.08958130477117816,4,0.9303879737854004
162,2.6870329135013677,2.785470024203506,0.25800194941878113,0.010966601025839032,0.0,0.0,0.2917596745032376,0.15550600049685936,219.95519206112536,9.200705325223161,-58.71786491479873,-53.01993468292923,-89.70116167286857,5.177770098879715,6.783090591430664,6.294979095458984,-0.02610441767068273,3,0.8958718776702881
163,0.8554192836737079,2.8502052639846127,0.11890795018872607,0.018599789064459065,0.0,0.0,0.2784135463245082,0.26937443182317694,132.2386202290823,10.625921079717296,-68.17571423542294,-53.197042484033794,-103.20384770158466,3.6513296579170356,6.492107391357422,6.492107391357422,nan,0,0.908923864364624
164,5.7710984592190915,3.75882346697537,0.1916266667305312,0.03895343678757024,0.0,0.0,0.5791351366051041,0.4958071763241118,173.63605661424705,7.773104028581627,-75.87080426127038,-35.02820775589278,-98.30375741499243,18.024917993134512,7.476036548614502,7.476036548614502,nan,0,0.9116840362548828
165,4.023761696693168,2.5406819410552783,0.07466391844436368,0.022456917228642688,0.0,0.0,2.208239766165374,0.25599849942736047,150.112769362941,11.72056133445452,-60.36783809751276,-55.479720123500776,-71.88267928463289,16.7314825632489,4.652005195617676,4.652005195617676,0.17180205415499525,8,0.8847322463989258
166,8.383002559757925,3.787486257432544,0.005821845148205251,0.020019443568490135,0.0,0.0,2.378215614432421,0.23875547085004326,90.42765703056152,12.11080557129171,-60.993590957945024,-37.27377148599838,-73.87290329132145,1.7789196262385851,4.365767002105713,3.391347646713257,0.048066875653082534,2,0.8994889259338379
167,8.178388984610867,2.8519419296256983,0.12124636068398281,0.01442694935759362,0.0,0.0,8.958462500026544,0.26529952326376705,212.2334736039894,13.748531343827919,-54.02453290812137,-57.002161728823296,-73.6680849573296,13.302291809848132,5.1345014572143555,5.112232208251953,-0.005602240896358641,8,0.8807170391082764
168,3.5128194818157956,2.655615441387972,0.16094594686748703,0.01108324758711664,0.0,0.0,0.2539983338797989,0.3069805877320483,87.93005303005545,13.072244409541334,-60.20516590413895,-38.676801724514945,-79.84488131370908,6.481805970393635,5.799870014190674,5.799870014190674,nan,0,0.8866128921508789
169,9.552544253162576,3.005024098670292,0.13786414537852507,0.024975668319203295,0.0,0.0,0.6105458782723078,0.2868981815295126,234.2543000480384,10.568044383516469,-61.91356653607394,-49.912259293668626,-103.86451086150407,14.038044720687072,6.889827251434326,6.889827251434326,nan,0,0.8972940444946289
170,3.2637194623311268,2.8354865727256793,0.288604309145658,0.047857603290949464,0.0,0.0,8.498748859042648,0.47396818188532325,109.08381554133722,13.476900082845138,-46.22159909833856,-40.808978616251224,-99.08773563338592,14.60361393527536,7.928708553314209,7.928708553314209,nan,0,0.9126007556915283
171,5.393042727701288,2.514744626110292,0.2120517521538085,0.013296204860443462,0.0,0.0,2.398929501485958,0.42090484880509355,14.697002721962765,12.611204022467142,-62.72335015183148,-36.58150875287034,-93.00079814033157,6.000298485193042,6.208422660827637,6.208422660827637,nan,0,0.8893790245056152
172,2.931668360392226,3.005358649592134,0.29870094018761856,0.01233602407706949,0.0,0.0,1.5295266543829045,0.28646967571427967,238.86295791388903,10.245422972096602,-49.788611015634665,-37.22357089947479,-86.66890792483595,9.658564584864566,7.607790470123291,7.607790470123291,nan,0,0.8853271007537842
173,9.392413915465152,2.3036034661576625,0.08851802709419158,0.013399342143884491,0.0,0.0,1.2003063476310578,0.23528476723368183,137.16376959764054,12.781916023051313,-46.236891893972015,-51.791947265757095,-76.7616328046069,6.42211506850923,7.607940196990967,7.607940196990967,0.42165242165242156,17,0.8813402652740479
174,2.0637742670291725,2.703859886045932,0.23671598388214396,0.01332029896498324,0.0,0.0,0.1415861459765228,0.2577513038606888,150.51919950624625,12.438316705746164,-48.972978636854734,-48.78209539301883,-93.36099428453488,5.8155806282068685,6.873376369476318,6.873376369476318,nan,0,0.9027330875396729
175,0.9266508842271254,3.1315804387481814,0.16666754026398414,0.04893220400568076,0.0,0.0,6.119946387709083,0.39134408309394125,40.68594919618314,8.919340549149393,-49.480776833825345,-49.529762094734046,-95.72180753849501,15.043512647141881,nan,6.931952476501465,nan,0,0.8875420093536377
176,4.63342207002886,2.826816488779717,0.18352810633454983,0.02545354413967963,0.0,0.0,1.7824215769111276,0.4130567552751128,59.584428473965914,8.050294419901459,-47.24319730815942,-57.960257684569584,-91.34159688904596,11.958272655501283,21.523216247558594,19.716299057006836,-1.0,31,0.8898699283599854
177,9.927567858530452,3.6478247221015927,0.2957559601326983,0.011432848631075812,0.0,0.0,1.3910246172399185,0.27748781370806547,62.95996459135929,8.248099873877758,-72.23541223379675,-51.37036069848396,-69.56724102146983,9.200159584861638,7.719867706298828,7.547966480255127,-0.06465997770345608,14,1.027359962463379
178,8.970934029421683,2.5134435230703325,0.1961961599253351,0.011761761755829851,0.0,0.0,1.199501199625865,0.2385774797833963,106.1006738003893,9.092647041395114,-46.2559495571849,-57.06751409450461,-70.7656060577285,7.216060286831534,41.612281799316406,37.774566650390625,-1.0,45,0.8864476680755615
179,7.611776184841018,3.93954315766202,0.2696450677010753,0.013482391348046945,0.0,0.0,0.6078947807472627,0.39038631411876096,229.99766609223127,8.521817969949272,-77.09939728602879,-46.9989528911871,-99.74604893105403,15.306806493994142,8.844154357910156,8.803364753723145,0.12967032967032968,1,0.9054350852966309
180,8.962528663345987,3.5694440417027025,0.2177250704157741,0.005441043423620415,0.0,0.0,0.32309436429232297,0.437093835330558,161.18029221542952,11.491753263379014,-73.22786789862772,-42.28424337787149,-95.99010378588483,19.97480653314135,7.438688278198242,7.438688278198242,nan,0,0.8782451152801514
181,8.9877430771297,3.935186051994944,0.038215836517425016,0.016857237529746497,0.0,0.0,3.24073836634944,0.1889019828651931,178.30656250702145,10.723292059268102,-49.65087772745582,-45.26720750701432,-85.12625599510099,5.5089964533022115,5.026519298553467,4.796699523925781,0.048066875653082534,2,0.8894250392913818
182,5.429154423671266,3.6762731096606083,0.20982711309669375,0.032385526050501275,0.0,0.0,1.0450451054025507,0.4552608993682355,165.96575892484773,8.997155425995691,-78.49210802657544,-39.59845509075106,-107.66570750080662,13.773702333969991,7.786871910095215,7.786871910095215,nan,0,0.8773388862609863
183,3.5013259923925335,2.284207851703285,0.14529467660564457,0.022884308697617213,0.0,0.0,0.11691737727643906,0.3424371005336817,46.04580504153049,9.46055613256691,-49.93179195086478,-57.639511272146336,-79.97821946513206,12.63975610723562,31.01703643798828,30.997072219848633,-1.0,41,0.890239953994751
184,7.834118105054387,3.0529201812700277,0.2756393978947027,0.00789570385971962,0.0,0.0,0.628331741463335,0.22657382326739026,209.53184166194734,7.381878970592534,-52.00743733774683,-48.74697008146679,-90.71102393780396,7.8739026659576234,7.133965492248535,6.975661754608154,-0.02610441767068273,3,0.8902928829193115
185,6.785782000093731,2.339957042391571,0.24205033415713653,0.026730325404188755,0.0,0.0,7.197924325613831,0.2816297267653799,98.68205362506112,10.1596770114018,-76.2620061976787,-49.37335325317605,-80.66084532232146,10.465654715327977,7.113291263580322,6.999635696411133,0.2,5,0.8847060203552246
186,4.049748424300246,3.636454705254515,0.031240406282167565,0.026207682013184918,0.0,0.0,0.5594858704239655,0.29355195365800174,48.140777835413246,8.904413614333055,-64.49634139509246,-43.2781296341758,-69.4655154858126,11.45713473916855,5.529004096984863,5.529004096984863,-0.1547619047619047,15,0.8856408596038818
187,1.397433346584395,3.168324298366592,0.04017469309606753,0.009151856882842136,0.0,0.0,0.6706038089658372,0.2813374090467873,165.56466946699376,6.6175170035152355,-46.59365397283424,-52.119782741111926,-94.05687126404354,5.23401283218874,5.19649076461792,4.968061447143555,0.03827751196172252,10,0.8846273422241211
188,7.594501307815747,2.5268986287138118,0.02088330053958167,0.020981892673302662,0.0,0.0,1.7697920753197522,0.5277006000086852,29.474116506076314,12.32037432113481,-71.58284714028395,-52.93280661636717,-101.81916755271773,19.522820325678722,5.401693344116211,4.518401622772217,0.06156716417910444,7,1.2072899341583252
189,2.9933749012672144,3.8591979440143427,0.14797346242338522,0.020413573529425733,0.0,0.0,4.011895457857708,0.2903608737833344,189.63800337421702,13.439197199845605,-49.839682153127136,-37.34258001136846,-88.44346766678632,4.240287309784909,6.388769626617432,6.388769626617432,nan,0,0.9190270900726318
190,9.399724930070903,2.230372106628521,0.024231527762205905,0.034574636924832265,0.0,0.0,2.172312170716793,0.4244575071972468,85.18247690223521,8.339612135853628,-54.90031568395253,-59.35818284231644,-103.60810032869104,13.974817284842358,5.653220176696777,4.115691661834717,-0.1435406698564593,10,0.8876473903656006
191,2.789220462554005,3.127724806942628,0.21710350097240821,0.00683978288540636,0.0,0.0,5.013135718536016,0.4679365967712555,38.39174137410153,6.386334806163202,-76.17746923860832,-42.73314617392259,-103.73036332678849,3.779782861593146,6.169083595275879,5.933752059936523,0.2,5,0.8859939575195312
192,1.6662003579091174,3.4420811093334507,0.16570757443512982,0.00783084285450961,0.0,0.0,0.16902119740803187,0.4133669825960357,62.969045254592835,12.007285633572181,-72.98764807087284,-59.11561508189482,-69.23614899908267,17.650050061527534,nan,8.479433059692383,nan,0,0.9415261745452881
193,8.395570385186609,2.1176970746648633,0.2507655052659427,0.015308742148239084,0.0,0.0,7.066186677697131,0.52552865751202,52.50837020618865,8.12274071818764,-73.40048499947257,-42.01163652595675,-98.74960021148456,18.69754539019154,8.077171325683594,7.549919128417969,-0.09542356377799423,4,1.3642239570617676
194,1.9562010079326935,3.1957120664124075,0.08393873660139488,0.005534968495096201,0.0,0.0,6.424567032723192,0.3482768109426429,200.35743560822084,10.707209020557386,-79.68716213502003,-37.90826483958333,-77.25072590603506,15.970240534279121,5.694197654724121,5.694197654724121,-0.07912087912087915,1,0.9008467197418213
195,2.2030489274985214,3.6318024309261885,0.15574223524834221,0.013018597558353188,0.0,0.0,1.092187428098752,0.4098840020894028,26.51979705155794,11.668481361748338,-51.83936842315497,-36.08411609607363,-83.8788287247904,10.65279518798616,6.387089252471924,5.526386260986328,-0.07912087912087915,1,0.902874231338501
196,6.194136519448013,2.135054628836107,0.03524390577316331,0.030703582099646104,0.0,0.0,1.7761697756365151,0.29844094139707206,107.8412616958397,11.61030144771715,-47.77125433498852,-45.00612378209911,-99.7722361321247,1.3339050558743581,5.0462751388549805,5.0462751388549805,nan,0,0.8929610252380371
197,8.808339387955913,3.0244859422132544,0.26538300079508415,0.007041811547351623,0.0,0.0,0.2664563658921414,0.27280002040189805,152.39601720153135,12.916783104152422,-77.69086528493067,-50.060719775966355,-67.69788832635938,10.5318629212793,7.133429050445557,7.1283111572265625,-0.16190476190476188,5,0.9017081260681152
198,2.366129324288446,2.51711435629748,0.05250148868695149,0.014418455495794852,0.0,0.0,0.7868553027753755,0.3370906763516189,60.7513928513764,8.829251294150787,-65.71511518318178,-57.067762139580196,-80.26434902682149,12.251122252757051,6.898371696472168,6.898371696472168,-0.015483870967742206,16,0.8890128135681152
199,3.4480748925509004,3.3258489030738416,0.030708675405121497,0.048835904717055005,0.0,0.0,0.25433534707106065,0.31587149205779474,158.97626190908278,10.886332549441503,-79.41647760990811,-55.63842876084201,-102.54925991243627,2.8610782396617993,5.433762073516846,4.924551486968994,0.12967032967032968,1,0.8918700218200684
200,7.885345963291186,2.23735473415769,0.061515179556954985,0.016028394306787347,0.0,0.0,0.11065049417919004,0.2686972473966474,179.15942783560357,6.9610977158279335,-56.61320742923795,-55.54024225865811,-104.67604197884332,4.088070923705508,5.314048767089844,5.314048767089844,-0.02610441767068273,3,0.8873081207275391
201,9.73235104757919,3.874102861341014,0.2418694466168944,0.015750481265451644,0.0,0.0,9.158115917697328,0.3186445663049984,126.9327950037446,11.163860078862045,-51.58262989798271,-56.78594486338424,-82.27159636763764,15.702952388813697,4.9109673500061035,4.9109673500061035,0.40191387559808617,10,0.9171390533447266
202,5.257041268922252,3.7894571634294634,0.03174435830540484,0.018103543423725686,0.0,0.0,0.32983218471216,0.34013001181165875,81.8531894468134,6.637724634939501,-74.54189129267202,-57.71103381098858,-70.07546310397949,8.157331698844457,4.846822261810303,4.640537738800049,-0.18604651162790706,13,0.8886830806732178
203,1.8670262742368824,2.3719488397514183,0.18432824845144977,0.007673162129122035,0.0,0.0,1.5353826113747462,0.3863475447600447,130.37017918123078,12.149505214434516,-66.99755522577466,-43.77243363430968,-106.5494066051703,10.137207303803407,8.65950870513916,8.65950870513916,nan,0,0.8941471576690674
204,0.6323947332279147,2.6465317687302092,0.2238543901845377,0.007016715807878503,0.0,0.0,0.39856647628366076,0.42388857785290707,32.19936221917076,7.986273125441825,-69.7330710341586,-42.060404902826335,-79.66531161698357,15.19452168969025,8.313619613647461,8.313619613647461,-0.2606451612903229,16,1.0491180419921875
205,2.681732284989125,3.1752699493060863,0.22532434814486133,0.0237861762977283,0.0,0.0,0.551116280161344,0.49098257995184486,24.203660864587086,13.951313697384375,-78.09529899515809,-39.35630521402115,-76.6878979933759,12.243474019344578,5.882654190063477,5.80227518081665,0.34117647058823536,11,0.9111728668212891
206,1.7523110689719499,3.436124673268501,0.05701826598243934,0.01243760654928792,0.0,0.0,0.6244865903414701,0.19010866971169385,110.93714798334705,12.057058826161462,-54.10497688559039,-56.57054161275489,-74.33153871676083,2.49258295126434,70.51478576660156,62.64825439453125,-1.0,52,0.9043869972229004
207,6.937757399322146,2.8853120303205166,0.018487199513283602,0.009747127175476412,0.0,0.0,0.46783581138934427,0.3028181892817055,125.125612689563,11.160654612537554,-51.24088999186703,-48.42224454767366,-99.34138650956847,10.322532693675523,5.005864143371582,5.005864143371582,nan,0,0.8739280700683594
208,1.6574087939710456,2.3125826439219503,0.13464191513166526,0.005374791531941947,0.0,0.0,1.8827797500853374,0.32455405624090067,67.54786540053762,10.229803051649187,-63.81221359127188,-40.48738790624014,-99.1959448950862,4.799718499616451,5.769669055938721,5.769669055938721,nan,0,0.8934178352355957
209,5.310134350396013,2.208302987605743,0.060745603573363824,0.03507684321053009,0.0,0.0,8.35357817057242,0.31083124105302223,119.06262810040079,6.404034921526805,-71.9730780047573,-51.157377145307706,-88.05666293475903,6.119297513281917,5.235147476196289,5.04097843170166,0.019047619047619067,5,0.9194498062133789
210,7.095493138607422,3.999530673828688,0.2097812427041814,0.005386403332851559,0.0,0.0,0.7198952367275627,0.2921353694039048,138.94639378293346,13.027317331561372,-60.96953885248393,-52.829011956589206,-107.21085625989583,3.5966597902181494,10.526025772094727,10.526025772094727,nan,0,0.9037649631500244
211,6.020607787598572,2.9107042428869745,0.1070078398966263,0.028115973701199892,0.0,0.0,8.844096000822523,0.34648020492137616,139.07999476585385,11.469670704835039,-78.26162197560753,-55.36125425716296,-95.64134281955432,7.075689068729545,6.269622802734375,5.61505126953125,-0.07912087912087915,1,0.9002699851989746
212,2.3978686907705473,3.7450634982969966,0.13480618230993963,0.012049209716325237,0.0,0.0,2.1656809416645695,0.3116638355902383,230.43361326093103,7.630164783539381,-77.81178776823118,-51.174629267192024,-103.95011130366443,3.4050573375799935,6.9839606285095215,6.9839606285095215,nan,0,0.9394490718841553
213,8.139182998731496,2.9647520092582287,0.034045479930513545,0.01984530668748246,0.0,0.0,1.6378434568103597,0.29417507514510943,103.71365205693952,8.451129113999588,-76.78956283456242,-44.892414264313764,-87.42351052908425,2.464893710074802,4.775568962097168,4.269742488861084,-0.02610441767068273,3,0.9019739627838135
214,7.296367731350116,3.8447152770920066,0.17026508596445752,0.008843985157044449,0.0,0.0,0.2979941261113587,0.29117001206220855,208.4312290232532,8.277704465698662,-46.35167252684872,-36.71153418609186,-90.46565182015613,5.342771868328364,7.022880554199219,7.022880554199219,nan,0,0.9046378135681152
215,7.520348037197647,2.175518765543101,0.05565725688957219,0.00715104762789285,0.0,0.0,0.13361075306501768,0.32683018502655314,202.0161238819512,8.890286732979575,-74.27572568650456,-46.20980710452647,-87.97689007844303,17.15033969746517,5.6755290031433105,5.675508499145508,-0.1504702194357367,2,0.9003868103027344
216,1.7450486397944758,2.228038382669102,0.2036956982744811,0.017074893563006642,0.0,0.0,5.056727381761194,0.3574808258573099,177.73471736304637,13.00911589469403,-54.28539806644189,-43.94562598380507,-87.49202814753443,19.7635125004325,6.847405433654785,6.799224376678467,-0.07912087912087915,1,0.8919563293457031
217,1.6756611346782737,3.859264375448449,0.021350646764368108,0.024807768429818508,0.0,0.0,1.405924916846051,0.3763635268083454,230.60790952003964,12.790823852285996,-52.86382751750653,-45.5610112470372,-98.31109877632069,17.633341514671333,5.471715450286865,5.471715450286865,nan,0,0.9141900539398193
218,9.311844234561823,3.89498609008957,0.292768377684397,0.007842658404982425,0.0,0.0,0.6742605102015697,0.3250034682560547,12.487711022160275,7.8195197343514655,-65.86936442204356,-45.3460711191482,-84.76043058378399,4.340500701320409,60.7938232421875,60.7938232421875,-1.0,46,0.8988430500030518
219,4.276992841336936,2.6294348949307267,0.2053580935757435,0.013656171172133158,0.0,0.0,4.206633191153902,0.3427162843344904,34.10358595711231,7.778631420682237,-67.79519238862308,-59.64865780199784,-78.8394880752565,5.706821279012337,36.03828048706055,35.96445846557617,-1.0,42,0.8868789672851562
220,3.3590125719189277,2.710329773987744,0.05451887034357785,0.013919542925463714,0.0,0.0,0.417985065821161,0.3739861081407074,90.82302040612335,8.679213524671196,-62.08595696925174,-38.505006947634726,-103.27745209225064,7.47381515139413,5.211647987365723,5.211647987365723,nan,0,0.8731992244720459
221,5.141548430839567,2.904900469669516,0.004228393638556737,0.008221463885741818,0.0,0.0,3.6917689425199747,0.42303126016466525,169.16662577831022,6.353851306243494,-50.95074776932217,-35.95437148756434,-82.65632588381041,19.173659049583705,5.082640647888184,5.082640647888184,-0.1504702194357367,2,0.8774781227111816
222,6.797210021254033,2.8323233601345814,0.10033886766156562,0.01836620597561482,0.0,0.0,0.4528221587594442,0.4091251049168685,105.00422076930198,9.320253845241094,-76.28128817052969,-59.11382662500576,-98.99730568394598,10.084444484921807,5.501293659210205,5.229344367980957,0.2745861733203505,4,0.8999872207641602
223,9.578420941946215,2.3800904319191933,0.045843979215662224,0.006996900388546415,0.0,0.0,6.946441343063678,0.25685745797512965,126.76694989846447,7.7406030539314665,-58.55180138685004,-55.4698531290403,-95.32049868789049,4.718480788597222,4.202551364898682,4.167116165161133,0.2388059701492537,7,0.882986307144165
224,3.2212391553795228,3.7967507678787493,0.06552339993586379,0.016170340972210775,0.0,0.0,0.3435055425568718,0.32902186239187503,170.2326279977316,10.132580065778495,-54.236461532458456,-58.56879576020876,-90.85870638941863,19.37221300064699,4.378968715667725,4.378968715667725,0.019047619047619067,5,0.9038980007171631
225,9.285680078464258,2.5066152014112877,0.2618250775313668,0.006492343889886192,0.0,0.0,0.188411859222567,0.37114214948615704,22.33248838246363,9.347029517567698,-78.58606234005327,-56.33366697573,-89.18630967921268,3.9927545559969992,19.155471801757812,18.910547256469727,-1.0,29,0.9203169345855713
226,0.736165168169435,3.4105448189553034,0.18096139801525485,0.015293694588879116,0.0,0.0,2.4899659986757676,0.3203818617270156,129.3137477416839,13.381853462160556,-72.98573546309007,-57.32033725719506,-72.86255471076716,9.74512710086135,5.74163818359375,5.74163818359375,-0.005602240896358641,8,0.8874261379241943
227,5.774381402104835,2.1343113554699458,0.05293729590866984,0.01024634699347484,0.0,0.0,0.2116871549695635,0.37334064919033877,213.00055273415168,8.448986357323097,-58.03637981845186,-36.91716114245839,-102.27368902484423,16.213842626802663,5.264588356018066,5.264588356018066,nan,0,0.8771178722381592
228,6.522763560970309,2.077502663056859,0.16699782020623463,0.014164990787942481,0.0,0.0,7.920016759127153,0.4444972824514884,155.24885246437927,12.503573957016428,-74.02573292664121,-49.14783824157469,-104.20232471853713,19.24156005172193,6.742770671844482,6.742770671844482,nan,0,0.9053099155426025
229,1.5060253356321562,3.3074609451538413,0.07673419602749797,0.013574360032077336,0.0,0.0,2.046964094240157,0.348907876173582,24.419096280830928,6.523867183955106,-48.56453327364042,-52.48094629655812,-83.13409852187824,6.462035049238828,196.85276794433594,196.85276794433594,-1.0,85,1.0551459789276123
230,1.83322617210717,2.6780317151465205,0.29286025930742676,0.0404485657884508,0.0,0.0,0.2895485020983961,0.25706139797464606,159.21442639433226,7.539754954160218,-63.93956896819858,-46.66269563049014,-94.98606993707915,5.782311614110089,7.328571319580078,6.807792663574219,0.048066875653082534,2,0.902534008026123
231,4.481586033504886,3.310918785440003,0.009827169079108578,0.015449186085732076,0.0,0.0,0.2616000776549541,0.402317048141996,42.247533564379864,11.649154690463359,-74.11010494019519,-52.69684022029638,-94.83910559225671,9.632969142613732,4.150961875915527,3.1506497859954834,0.08958130477117816,4,1.3379487991333008
232,9.679203165360226,2.1880424043376605,0.2196955266503445,0.03292068840798675,0.0,0.0,7.0428765864417695,0.23866758615741457,171.5908008965154,9.423561077229643,-49.51172324975808,-43.00535883449539,-72.2680977741419,14.610725265287872,6.489136219024658,6.489136219024658,0.019047619047619067,5,0.9226806163787842
233,6.162404255726542,3.899702759831727,0.23189910785742818,0.00840663898088886,0.0,0.0,1.643296104355096,0.388304347027008,44.185313962532916,13.823418414912721,-52.469480698107205,-45.681955784149686,-102.56460766678433,4.280932323000515,9.784040451049805,9.784040451049805,nan,0,0.922015905380249
234,9.363720605202007,3.497028933786191,0.02014882918731008,0.011247417051404241,0.0,0.0,6.13016287092873,0.1469648620254147,151.29617021783258,9.32957706401609,-56.3449174819699,-50.689306877507434,-86.92196728445323,4.571202721315279,4.092292785644531,3.8798060417175293,0.019047619047619067,5,0.8994979858398438
235,8.141428698323223,3.7525344660515985,0.05156080926940547,0.005943734270544282,0.0,0.0,0.166130896886812,0.3661336716443233,45.696263187580115,6.605158109587925,-51.31262432855067,-46.11534371050847,-67.37865320420019,15.240239345827232,nan,12.166830062866211,nan,0,0.9100430011749268
236,4.94012521477527,2.2729411080890216,0.11529199773118726,0.013174004248374435,0.0,0.0,7.092255800438394,0.1692390303717306,186.81552685738362,10.072467473576124,-51.459112221602226,-36.44841386715458,-77.5216886449053,3.0061898768530253,5.853333473205566,5.123117446899414,-0.07912087912087915,1,0.9341752529144287
237,7.9552527678957805,2.640321937785739,0.26044644795872035,0.023316850674511138,0.0,0.0,1.0967272237885823,0.2598661108404479,159.73456762830645,6.9634656979287355,-77.29721521534663,-42.67748987210155,-72.43465556341826,4.017988323857965,7.165392875671387,6.790960788726807,-0.09542356377799423,4,0.9967820644378662
238,0.6694494477813835,2.736688328412688,0.1610999815255498,0.034445860500867294,0.0,0.0,2.171920040778407,0.4937759559758224,27.054179832190286,13.09218315353635,-75.37267320531959,-59.12284765640657,-77.552553405508,17.106595527811514,nan,25.48870849609375,nan,0,1.656493902206421
239,1.536867969274482,3.074345296653637,0.19659205500218715,0.018402842791991652,0.0,0.0,0.5568663085806614,0.2891827040026825,128.32886853677203,10.319401952750303,-68.20988205454175,-54.038420028344184,-76.01455684209863,17.13640375429981,5.587087154388428,5.587087154388428,-0.0488262910798122,6,0.910815954208374
240,8.379571841385996,2.5937369710148284,0.23490385063705277,0.021829443981922214,0.0,0.0,0.13130481254441637,0.3460003050852975,83.88629437799524,8.19055347900521,-70.62728981592325,-58.7351145494411,-97.35162388218285,1.4873674224110953,7.525607585906982,7.454253673553467,0.15490196078431379,11,0.9200277328491211
241,8.069762339089037,2.1212614843788105,0.24843683650125598,0.007520333180016292,0.0,0.0,8.240335283770701,0.24094950981070684,191.33375316772575,8.04741463224768,-55.84456837270227,-46.420290361486096,-72.31413665102606,19.24719582358341,6.739101886749268,6.739101886749268,0.08958130477117816,4,0.9114980697631836
242,2.71008704868112,2.7377567614749414,0.14288536292510431,0.005447234133641184,0.0,0.0,9.75431234721876,0.33946186267444345,94.47707124970795,6.706726559117097,-53.7623982464927,-59.46744184502042,-99.96664994811891,2.011762700989632,312.8454895019531,312.8449401855469,-1.0,107,0.9095890522003174
243,5.542311110691008,2.5090986292545643,0.1526379416320444,0.03094982156413549,0.0,0.0,0.5359122662455065,0.19997490967905196,216.57412547255754,6.042376653612578,-62.75402422446689,-49.4000218210255,-80.62649009533372,6.505137682815747,6.090151786804199,5.966701507568359,0.08958130477117816,4,0.8891611099243164
244,6.257150296650104,2.7718425829264297,0.21540175712633383,0.007345277567087516,0.0,0.0,7.722107790359025,0.21627238326257894,210.94994210797543,11.874765932651147,-64.86969509027185,-51.04934376218647,-73.2850288626087,15.384145672179644,5.572002410888672,5.439041614532471,0.08958130477117816,4,0.9143099784851074
245,8.743520060872106,2.3939190852400527,0.07900270762068791,0.006167931471593722,0.0,0.0,0.216497348559811,0.39281295921505016,101.77001334553091,8.730974900881018,-78.63892036181103,-57.957318863996356,-107.57366950005944,1.4638942406125095,6.026244163513184,5.894258975982666,-0.07912087912087915,1,0.8957638740539551
246,6.229517994717893,2.5237927491294707,0.2563469209096573,0.04330442987279397,0.0,0.0,0.2038773121290189,0.4136730286384808,45.16064789237961,12.857134541444598,-52.06442412354472,-38.86065380429507,-81.92898373585376,12.85719892357273,7.004429340362549,5.86190128326416,-0.09542356377799423,4,0.8917648792266846
247,4.419429908099963,3.2539046808645375,0.006236047342752471,0.04597178515456817,0.0,0.0,0.14003083548775894,0.3754560735635489,38.504301707193825,11.591722829139094,-70.19907561953345,-47.018666755344974,-67.03748282896142,17.541692492050117,nan,9.50432014465332,nan,0,0.9334380626678467
248,4.054748412368236,2.77630766915613,0.0587314806629174,0.02066461393104976,0.0,0.0,0.6060923677499304,0.4509352961953496,63.63450667803219,11.893204925602348,-76.35682375142761,-59.331437856399184,-108.73215763481629,4.234683200142235,6.012508392333984,6.012508392333984,nan,0,0.9183051586151123
249,4.545879820548344,2.690766786338984,0.24005998291095096,0.011956588342383315,0.0,0.0,0.12723438658812858,0.3608739006287252,169.8381324815724,8.90644714766415,-79.4420146361658,-35.299434215578955,-85.9979718545603,8.483724087115034,7.201923370361328,6.912280082702637,nan,0,0.9196076393127441
250,6.693344743009755,3.067811265444746,0.10207746356780167,0.03405724748817713,0.0,0.0,0.615622351188577,0.15847268490419397,129.33547586123123,10.159767278868399,-63.54171980174522,-44.67627738837573,-70.14680210592621,6.7325601494646445,5.045095920562744,4.599963665008545,0.1295774647887324,6,0.9068059921264648
251,8.741161001647086,3.5437210816878517,0.04494984980769179,0.00801105961652319,0.0,0.0,0.18913889929243574,0.45388514702280874,122.00278325457131,6.02915196957415,-49.90650015386291,-52.352402777172095,-97.7916395752234,19.953206215009658,4.755832672119141,4.755832672119141,0.019047619047619067,5,0.9180269241333008
252,4.8120203797248475,2.7577359126959147,0.05602642671342099,0.013438856970220283,0.0,0.0,2.8910499227392186,0.2506053166660603,144.41037591139323,6.984345969127922,-70.70662605372502,-51.169335293342215,-65.62729784582058,9.181811880382302,4.911311626434326,4.8963942527771,0.06156716417910444,7,0.9380669593811035
253,2.854475848037902,3.175038985111681,0.15922692058082086,0.011375940276077136,0.0,0.0,4.642215514465842,0.2165747743521538,62.93081730734608,10.557847739302538,-65.83341196800464,-58.62599029645324,-71.25861743955535,1.2980630183827744,49.24888610839844,49.00996780395508,-1.0,46,0.9157009124755859
254,2.748292448477021,3.9324052507363527,0.25385445880349633,0.04089497952407338,0.0,0.0,2.374820863046107,0.31803956338308276,216.6512362214596,12.334869628814417,-77.3461876450156,-41.909723054673655,-75.30762430373065,12.443834395145005,7.3073410987854,6.479118824005127,-0.1504702194357367,2,0.9283802509307861
255,7.587135662312741,3.0439602282361014,0.02119521473133318,0.041566879235069305,0.0,0.0,0.2517609130082574,0.4279381780718455,142.86428403590836,6.397496209983792,-77.9176269862026,-41.81778375410758,-105.24956694864906,5.595037913423074,5.11525297164917,4.963074684143066,nan,0,0.928009033203125
256,8.25740325252715,3.819595153035089,0.00914427273739482,0.02237978606484676,0.0,0.0,3.4174044909192896,0.21359033010734074,124.73241657937251,7.313309388901453,-52.35561538074911,-39.81554940552279,-72.10355549325986,1.9417942947193942,1.073377251625061,0.694064199924469,1.0,9,0.9583611488342285
257,1.5001417586141872,3.587345248512854,0.13955044075105294,0.006452234523875219,0.0,0.0,0.31550074861380345,0.3167539845081486,108.41082708373361,12.775341381714686,-67.28732133926553,-42.60449054192444,-83.48393431144957,7.5969637174363935,6.036773204803467,5.790609359741211,-0.07912087912087915,1,0.9514479637145996
258,1.1323091410741926,2.1174373633002994,0.2868562245160904,0.015176191358695901,0.0,0.0,3.303521928294622,0.33813540069561143,73.57311069079746,11.221944736795255,-75.32315520489861,-38.49693702280604,-84.06004515136834,3.118566597390944,6.255890369415283,6.255890369415283,nan,0,0.9172439575195312
259,6.147119805686292,2.858197742938514,0.08370294102423792,0.008796266335456939,0.0,0.0,1.3639396349234976,0.3144348693056944,171.81135839447364,9.448900399059351,-72.85715046228886,-35.97326767687835,-77.61584967435084,12.266878843231925,5.54677677154541,5.135900974273682,0.048066875653082534,2,0.9424200057983398
260,1.8886458198306337,3.3966368157371765,0.2877511617201145,0.038360624391737236,0.0,0.0,0.5412838040256299,0.26319002866546354,205.23945164365318,10.35095831905722,-64.54852856834836,-55.263828503482294,-103.09743086968196,9.207417011065116,8.933570861816406,8.933570861816406,nan,0,0.9217138290405273
261,8.334309809335242,3.9734238248963996,0.2663043529770004,0.006876584806367723,0.0,0.0,0.14688747184531592,0.3300239972001228,114.87415317632863,11.866500041845818,-64.52702464870933,-45.171019985864554,-72.53666641656893,19.873359214700294,5.563002109527588,5.563002109527588,0.1295774647887324,6,0.93100905418396
262,3.448179402278707,2.916752582323025,0.08494052291625333,0.005666048402686192,0.0,0.0,4.5187573351389725,0.35602169949724255,84.18082248479497,13.21563570982695,-51.78821948512404,-58.299832742011176,-94.9628481115749,5.1618162368532845,12.802236557006836,12.802236557006836,-0.5515151515151513,21,0.9218320846557617
263,1.866783363225855,2.185570908253479,0.24508441927684402,0.02531623030691857,0.0,0.0,7.573660643648651,0.26666447829811407,162.80838265728954,10.442393089741506,-62.68021315936562,-40.91090590481056,-95.00110868846075,8.272293615512046,6.6630473136901855,6.6630473136901855,nan,0,0.9316830635070801
264,9.249219488630777,3.124018349425736,0.20576019077064564,0.014198945077313983,0.0,0.0,2.1470173797940704,0.2958802106543949,209.09580809185334,13.777668074080053,-52.82749307312587,-54.57322563056935,-104.93067655262686,4.974897807550239,10.05776596069336,10.05776596069336,nan,0,0.9406328201293945
265,2.0725513659851424,2.2531275842479204,0.15354671667142714,0.034461556731849786,0.0,0.0,8.49343042163147,0.3171934971732158,107.23511395526617,7.893576221981106,-48.46355981747959,-43.231927455813995,-91.24718398476436,6.202422924369655,6.692026615142822,5.374721050262451,-0.16190476190476188,5,0.9082131385803223
266,3.204840782210388,3.5030391205587867,0.1268748429128624,0.005937445489840657,0.0,0.0,7.382829486391883,0.1633781871120367,97.5520311824218,9.808404762933842,-55.016217673849496,-57.766461044278024,-71.80251770949744,3.42364059147342,54.263031005859375,54.04860305786133,-1.0,46,0.9354710578918457
267,1.959327254324557,3.0153539949235557,0.244650826777637,0.03162613620174569,0.0,0.0,0.24502861295875886,0.3975714108227773,70.36351885366072,13.94871916618067,-73.3426978084512,-57.47144530534136,-81.27176141365408,8.469452517173274,7.201490879058838,6.5402936935424805,-0.03137254901960778,11,0.9190709590911865
268,1.5971556048208722,3.446862736754573,0.23792382980850635,0.005448848804241298,0.0,0.0,2.9001782899529602,0.5475951706659284,31.122149881757004,6.02993942679236,-77.22934482664827,-46.931610530702336,-99.6098174691076,15.773490552060048,6.1548237800598145,6.1548237800598145,0.34117647058823536,11,0.9835383892059326
269,0.7009061551961804,3.7387236537570474,0.22708090078276774,0.005333840396666418,0.0,0.0,0.4995852860140123,0.2867225193856025,207.22698560650088,7.158664141722355,-68.20430452429355,-56.33564686329506,-97.09882833881238,5.544883956260855,7.751496315002441,7.640352249145508,-0.21686746987951808,3,0.9546420574188232
270,1.026256387060471,3.2578960343255545,0.29947678536458877,0.014463911507833518,0.0,0.0,0.9441363554211746,0.15264231066375097,190.97892721555291,8.76383742411253,-62.65523204395383,-43.15262236317546,-72.9984507881516,6.722972716126584,6.787539482116699,6.787539482116699,-0.21686746987951808,3,0.9345118999481201
271,2.1590939738906005,3.224878658506363,0.14355373828241516,0.008322643537690444,0.0,0.0,0.20603018964887987,0.39120956009027524,58.1207535719244,13.82762699004694,-68.79483593733761,-43.22329752047811,-79.4971531694988,10.766559466391278,4.777218818664551,4.777218818664551,0.2,5,0.9419000148773193
272,1.0071283599581662,3.5091405908792623,0.24207689334597474,0.019619535060202295,0.0,0.0,8.90346090617375,0.3302318179283828,62.542912461448104,7.13165936763341,-62.95443492799491,-47.22676158221557,-75.19849594513411,14.486835435091676,nan,6.29455041885376,nan,0,0.9288861751556396
273,6.115866253054227,3.684910002905335,0.25874351009504354,0.0053062413368844315,0.0,0.0,2.8331839062897215,0.33658748392745313,219.76949413224935,13.766884495101053,-54.52520358301607,-58.08721877924366,-91.76967608523039,12.567245026972975,7.439731121063232,7.439692497253418,-0.21686746987951808,3,0.9244890213012695
274,6.966788004595311,3.7381075725540054,0.06348077443610518,0.005424497916160322,0.0,0.0,0.34183507226059706,0.33028862681322285,145.74486643349024,7.451550286644785,-59.5969344692195,-51.2579873029639,-94.74829198203278,16.84613310072349,4.655599117279053,4.646437168121338,0.1646586345381526,3,0.956561803817749
275,4.239489339904268,2.072860391365767,0.012619932615918294,0.02667586436202373,0.0,0.0,0.5532779727822524,0.3138057097689489,107.0446264936906,10.21916763251562,-60.29944986379324,-45.925080503709594,-100.40953187974826,12.389613899831135,4.708475589752197,4.708475589752197,nan,0,0.906580924987793
276,3.5209154210444695,3.112380593595579,0.12142452065657389,0.008112134950786786,0.0,0.0,0.6997869731870808,0.3674897530642654,86.9634300571475,11.240162356769357,-74.90058403619955,-35.14711013415826,-75.2580518845972,8.927777236201843,4.607478141784668,4.495794773101807,0.355421686746988,3,0.9308810234069824
277,5.292999251711186,2.432538619595103,0.2570210053310328,0.022666639005492522,0.0,0.0,3.12656490190064,0.334690284669849,79.31092569878508,9.102416278542766,-54.75771045291438,-43.61480501038587,-78.40583695997357,17.890984713579247,6.507785797119141,6.507785797119141,0.17180205415499525,8,0.9123320579528809
278,8.812546951228782,3.7206917815635667,0.08673098435835307,0.028112027295834133,0.0,0.0,7.102226746780337,0.350428621784483,114.94790205139414,11.356169187581319,-64.54722157640461,-44.04754804700309,-88.63293633666738,15.756608919419968,5.504884719848633,5.504884719848633,0.048066875653082534,2,0.9295289516448975
279,8.585750454810958,3.2967953704067225,0.21000304622022722,0.005731933854342311,0.0,0.0,0.43942045148690895,0.44603452734671145,11.2098283552586,7.725687646318255,-69.62468311928644,-36.3651373437221,-87.1829204164887,7.922685719964683,15.787065505981445,15.785651206970215,-1.0,25,0.9290187358856201
280,0.9130130891215235,2.840444958064876,0.0022044417192788046,0.0294255072946195,0.0,0.0,0.8810492311952959,0.3508828030530749,102.99178659114453,9.61457826746029,-49.62593634601102,-35.941603357996556,-72.01259121168962,16.99147850496002,4.398126125335693,4.398126125335693,-0.0488262910798122,6,0.9126541614532471
281,2.224234891166979,2.3762084562427024,0.10660932969607131,0.009276651088237726,0.0,0.0,1.5360846371624077,0.4211478740834366,55.773475519756076,8.149424574098042,-59.138278680466534,-43.59656466396723,-100.87825819492635,15.17935558218383,5.4485673904418945,5.2726030349731445,0.08958130477117816,4,0.9482567310333252
282,2.7490762754917624,2.678047251839653,0.18465500842744534,0.012260719662436899,0.0,0.0,0.6119106117591416,0.37762315214794867,55.99161717150496,8.104085172715314,-69.26215617064362,-38.85021458774207,-77.05622464081026,11.083023278759446,6.623400688171387,6.623400688171387,-0.005602240896358641,8,0.9456338882446289
283,2.869181970406012,3.407555389080449,0.03892715702170106,0.0061039251110949315,0.0,0.0,1.0194422924985982,0.34544748562137756,198.54233857102588,12.503425978687389,-66.35584164179468,-40.464067812814505,-100.71907525992542,10.561348149154677,5.73425817489624,5.73425817489624,nan,0,0.9311699867248535
284,5.9267101915563405,2.4087190904232774,0.26898207364423016,0.03448259867872237,0.0,0.0,0.1627103795104089,0.372442188766647,37.19559798939418,9.414355884730064,-61.78719805814833,-58.00204105209824,-89.18242572207126,13.381740316242528,15.122162818908691,13.8251371383667,-1.0,26,1.501573085784912
285,4.454493044180326,2.1871658906767455,0.04688219313512377,0.018184392242024304,0.0,0.0,0.2164456068417943,0.35047466179780135,151.2402939912897,6.434831103128456,-76.66311099321297,-51.21609385112147,-72.07914246877525,17.525365010179886,5.9929070472717285,5.9929070472717285,-0.28042843232716663,4,0.9405691623687744
286,0.9679141393121429,3.776057516455102,0.27293806350119837,0.01598215293575687,0.0,0.0,0.6341653578957223,0.44324390115442863,81.21096003282298,11.751136681931651,-59.79132926769249,-35.414443531014186,-105.74102394696388,11.409734102564842,10.075702667236328,10.075702667236328,nan,0,0.9792447090148926
287,4.04933431536593,3.5284206991602334,0.0649167926048924,0.04650769495317231,0.0,0.0,6.758931165957052,0.40508457121271696,146.28365924038837,8.46134856760893,-78.35663633779852,-58.69738660780435,-89.58718756097129,14.157001999434463,4.944774150848389,4.9022016525268555,0.08958130477117816,4,0.9429748058319092
288,5.475653012817554,2.399589861316265,0.29828360217475225,0.01080129342781623,0.0,0.0,0.4997077574710642,0.1396977793371996,171.0404307347193,7.447758797774593,-49.97097506479748,-50.570939350756376,-66.6034444112412,3.2450330540870995,10.317614555358887,8.299908638000488,-0.5571658615136872,18,0.9457290172576904
289,1.4658830775853018,2.5846230868599833,0.18142461398867726,0.03888206221221268,0.0,0.0,0.31592618067881756,0.36832358923145425,202.38458068616083,13.266705225963582,-51.2063565849694,-39.7789714700079,-93.74104930677747,14.553519027698487,6.410660266876221,6.410660266876221,nan,0,1.0286977291107178
290,8.417856260991318,3.9441403542617715,0.025303468331493384,0.026221521345482286,0.0,0.0,3.060021245022323,0.3537201889180343,143.2497101825991,9.395833051449747,-45.24109063812121,-52.738632046372004,-91.40851900154972,18.15435970942423,3.800473690032959,3.800473690032959,0.1295774647887324,6,1.054792881011963
291,0.9936377314184904,3.4163689735182348,0.019583170343597956,0.04241291676265424,0.0,0.0,7.9115273205688865,0.27552152986037953,76.47190419214306,7.221449137028302,-69.15000876156802,-41.017208072455226,-71.30656956339803,3.174454764824861,3.1614818572998047,2.9187796115875244,0.583732057416268,10,2.0642712116241455
292,9.28599775567159,3.2210440084276497,0.02247650887784063,0.04043636025492672,0.0,0.0,0.8284136268370567,0.15790335332789973,152.9939166472101,10.538295244757943,-56.59207750703222,-43.2235907218301,-66.82396383800622,7.5840549601080465,4.470941543579102,3.874084949493408,0.019047619047619067,5,0.9685609340667725
293,1.4415748450088173,2.615256970848261,0.17696782418728554,0.04897786043751762,0.0,0.0,0.1040422920511446,0.2992791759406252,78.94639199922912,10.649802286574602,-64.97035392664684,-48.156143192185546,-106.88253529229783,3.816601362118267,7.1830854415893555,7.1830854415893555,nan,0,0.9189996719360352
294,8.51396204017865,2.5982502883330447,0.24287376069821556,0.006770905560546443,0.0,0.0,2.3784753943899513,0.3301898871239628,225.13623541635823,6.546331613360974,-59.34490425617827,-41.13562427455275,-109.46614122016277,5.232214810734312,8.402392387390137,8.402392387390137,nan,0,0.9313771724700928
295,9.075204867312362,2.079047237380461,0.12088882253115171,0.03125981449276256,0.0,0.0,0.6762723063404982,0.2802412964770608,96.72656709535896,10.054539576549349,-68.04416468355188,-43.77501854627375,-99.81211172371793,1.484175792151361,5.579156875610352,5.579156875610352,nan,0,0.9262259006500244
296,9.80592146557263,3.456963733803863,0.13345072778455855,0.031876039717475504,0.0,0.0,2.2248004988386594,0.5193430496790069,10.361341688198454,8.764096095597074,-67.34180202820134,-36.2848970653364,-107.98486793658937,11.07123614256844,6.033763885498047,6.033763885498047,nan,0,0.9467711448669434
297,8.119245862599138,2.086350450113769,0.1767863110993884,0.022046696955551736,0.0,0.0,0.3592799913994645,0.22939331803885707,142.89706228068465,11.594200095181757,-57.644288995076884,-59.79651265690143,-81.56640469659447,7.125370854294911,7.04463005065918,6.483730316162109,0.27963525835866265,12,0.9244709014892578
298,7.905036637327624,2.009714675554558,0.15991218143590671,0.00950234868349126,0.0,0.0,0.10111516331339782,0.1729827129724416,187.75986110999443,7.506923089085593,-54.932802180798724,-44.36261665777348,-80.64691016026363,4.343006054663531,6.351436614990234,6.351436614990234,-0.09542356377799423,4,0.9384629726409912
299,6.603591121957702,3.4589901757219583,0.20641851993038104,0.046144322711589296,0.0,0.0,0.4886438503570112,0.2587249723235591,163.91002030646632,11.895827269135319,-62.8706408566768,-51.49085792531137,-102.50503178203209,6.50924997710407,8.10597038269043,8.10597038269043,nan,0,0.918820858001709
300,7.900465368492226,3.897747514298251,0.14153571604890797,0.008005567841761211,0.0,0.0,2.567938894376232,0.23378608624057629,185.68052336407982,9.275205796370045,-55.40503653023598,-41.49771687503783,-79.66233991440697,13.79723004997602,6.145684719085693,6.056863307952881,-0.1504702194357367,2,0.95517897605896
301,1.7782459799248973,3.513006095454621,0.21415820551922024,0.01579593662728119,0.0,0.0,0.6112608288962915,0.26608110496398574,150.48588699499186,10.14737582970971,-73.07641595954055,-38.92991532695375,-66.60811223805821,9.86319724640316,6.3587212562561035,6.346384525299072,0.08958130477117816,4,0.9431560039520264
302,5.5926463415025545,2.9432803812487576,0.29919322276399024,0.016613346271619214,0.0,0.0,0.2743773639234676,0.25026816908558686,224.64491385347083,13.983956301786268,-62.98314305949628,-41.8911156562508,-81.02943477872648,5.508031504014197,6.652094841003418,6.652094841003418,nan,0,0.9399459362030029
303,5.385117266808938,2.9720904991217463,0.10508935267462947,0.0072577056263648755,0.0,0.0,0.8472541958509042,0.2942935630732337,20.83057206349332,9.626842489395655,-52.44782509113047,-51.87163343275758,-74.7002575463067,13.441231957296155,90.67786407470703,90.67786407470703,-1.0,62,1.557805061340332
304,8.646935369164297,2.8722728452982107,0.0036646388746052415,0.02639361191610142,0.0,0.0,3.196664415397725,0.23352529783068932,169.97451091804507,8.28592710701912,-63.54834160049336,-55.45740499936957,-98.90387623641232,2.7071508187558884,3.8471219539642334,3.8307945728302,0.24660397074190177,2,1.1188087463378906
305,4.896593973138401,2.6492873342206673,0.03768751366549643,0.00613531928456265,0.0,0.0,0.17332698140656688,0.418129775324429,39.15788344812785,7.684107834366692,-59.69180260184571,-48.969722011309,-97.98772193454971,17.361136491056094,4.473128318786621,4.473128318786621,0.34117647058823536,11,0.9942493438720703
306,4.1583502129533585,3.0434284283716804,0.16605425549608613,0.024664242581744485,0.0,0.0,2.418265985583978,0.32401220580887213,130.7839690086568,13.38487578908635,-57.77622632028513,-59.60531008678208,-68.89359390429372,17.2918033779357,nan,6.338113307952881,nan,0,0.9902069568634033
307,6.575851076752546,2.86230191428223,0.10327733614339561,0.035284624549268784,0.0,0.0,2.1611656074500263,0.17726462699153164,156.1123812396068,10.278188445846544,-64.14758743384952,-47.945628855829206,-75.38507116209426,10.74969044481503,4.818942546844482,4.6710944175720215,0.2745861733203505,4,0.9584000110626221
308,3.0314015162580374,3.196335760081549,0.28199477811149776,0.01117805981952594,0.0,0.0,0.5514114238804638,0.5172946557951431,50.48568070156135,6.465420537383942,-75.58348032997206,-53.713972279065345,-93.45196453521321,17.955904231328965,nan,6.040050983428955,nan,0,0.968012809753418
309,1.8277999040625903,3.796240161002189,0.1882338270322149,0.025608893435346662,0.0,0.0,8.723130762945472,0.3449996699357531,64.99006340592364,8.55678846402028,-72.19449111656292,-46.35645453234667,-82.2310986667481,11.110423106046053,5.095989227294922,5.095989227294922,-0.005602240896358641,8,1.6834418773651123
310,5.039834103225585,3.9900188346476204,0.15610655578964036,0.0071737132426875055,0.0,0.0,6.157587599717194,0.3808760763046121,228.92702977989623,13.963024141232994,-50.691140356805285,-39.867596377742444,-93.52762504626762,12.01588661707797,7.369168281555176,7.369168281555176,nan,0,1.8062059879302979
311,4.460449001651408,2.157486579765834,0.23941185038160562,0.03506864662082827,0.0,0.0,0.4288673275622198,0.4675903118901245,90.83865635824358,12.274846769389914,-73.98591013178574,-54.583207142633924,-108.25876681083611,12.569853793421855,8.520954132080078,8.520954132080078,nan,0,1.8737640380859375
312,2.7094144350243,2.769366945322683,0.07757696131472853,0.0447715059684886,0.0,0.0,0.11539372336404141,0.1475577462679423,168.36379952146012,6.02689828985103,-62.12249826020123,-50.578136537755654,-74.34286481815545,1.7389241739742245,4.256017684936523,1.7214070558547974,0.17180205415499525,8,1.216292142868042
313,3.991362196093716,2.361412391533619,0.2459215620847079,0.00710662988444148,0.0,0.0,0.4136276984840581,0.42651903546581277,21.170108428158066,10.96167278980704,-59.292640089708264,-39.22274942504974,-83.34798998791875,19.038045743238527,nan,9.5660982131958,nan,0,1.2726500034332275
314,3.9807282733493503,2.7042409478510674,0.0009183314592278835,0.024594017533050124,0.0,0.0,0.2567106492454653,0.23156780040362734,82.30846771391708,9.183371251238402,-45.78138667239792,-57.31189391570555,-74.18428160616742,1.2198055785483657,92165.25,92165.25,-1.0,1807,1.7875959873199463
315,3.6112078619191816,2.574946037096846,0.1859032086407153,0.016025113010801846,0.0,0.0,1.24309359306334,0.34683979974724705,121.89804736277102,7.227218698949396,-59.03984036951773,-40.0457507573043,-108.51309639421908,4.11168180524316,6.619391918182373,6.619391918182373,nan,0,2.106940984725952
316,4.104908757405825,2.3490742632535766,0.2804271453137337,0.017000799134236275,0.0,0.0,6.878422404478028,0.4472051232089734,88.80038766723756,8.046391726845393,-66.58730385678108,-36.203292504563706,-105.44572426518918,9.04236006464967,6.977217197418213,6.977217197418213,nan,0,1.0441501140594482
317,7.014561781831481,3.528152106842581,0.236357985610161,0.025436638793288703,0.0,0.0,5.503956845214061,0.3807860087903106,115.13101546974406,8.242736414633303,-70.25227048093507,-42.131195956266986,-82.19702708070578,16.443808374929908,6.288397312164307,6.288397312164307,0.08958130477117816,4,0.9390530586242676
318,3.32032650842721,2.9925774856584715,0.2560902576442078,0.01540673113400338,0.0,0.0,0.40893879348432344,0.24859131534047127,103.16684116995201,10.853688215837384,-48.724415076109544,-38.71678820709036,-68.59894733750185,6.110525428036273,5.911380767822266,5.911380767822266,0.17180205415499525,8,1.6055080890655518
319,9.514150303795734,3.8384911644344513,0.11908640855145014,0.019920323931087162,0.0,0.0,0.7197721972985894,0.23214164258210335,236.64687244238766,12.531119323771332,-52.181726788554386,-43.310534976033516,-65.75294119825706,9.389701332883128,5.204575538635254,5.109646320343018,-0.09542356377799423,4,1.5561881065368652
320,9.20530618561269,2.0651848864940288,0.24727168383003786,0.008508853057819964,0.0,0.0,0.11832714831961672,0.2888156867192422,180.55404009535445,11.590490303908172,-54.3768882743527,-41.21337964576858,-101.41598489954539,7.631977924345644,8.792839050292969,8.792839050292969,nan,0,1.6552331447601318
321,5.068649068850746,2.13395602626398,0.16524949950907997,0.011952991229045879,0.0,0.0,1.2255386586990105,0.30777459308333105,100.21841903995814,11.983998511839697,-54.931320849824345,-39.16584486910702,-74.51663789493487,12.324643708398805,6.99096155166626,6.974936485290527,-0.28042843232716663,4,1.057784080505371
322,3.6194314475445437,2.806547165860688,0.18556207095095967,0.03666151049475591,0.0,0.0,0.1338862445927715,0.3794024877668046,42.188151892111776,11.083642073858922,-48.95292507268823,-43.92064091525672,-69.69681071400163,19.98200734460109,nan,14.09211254119873,nan,0,0.9884963035583496
323,5.58663050338503,2.1605546408080745,0.01767460180074105,0.006439802020197011,0.0,0.0,7.537239795334612,0.27934397362835606,92.61651359541257,11.786317554782809,-61.10144785898231,-48.62570498229586,-99.20598145883925,5.67237732392269,4.849123477935791,4.849123477935791,nan,0,1.4753410816192627
324,8.561324643349433,2.525459192829667,0.06046550915231764,0.01979453323235297,0.0,0.0,5.418357669313093,0.3402769209773971,52.543625954793335,11.051868051991532,-75.0281416174914,-49.21533825457373,-86.45000423275127,9.326455066590427,5.14609432220459,5.14609432220459,-0.11567164179104483,7,1.22304105758667
325,6.699579735320969,3.972059486153247,0.16528932465406576,0.0076428804530045465,0.0,0.0,0.2681484265102579,0.31248821303756635,206.6337880990008,9.545354878350881,-77.10087674624941,-35.195011470683816,-71.97573840229043,13.540826222713996,6.364049434661865,6.363990306854248,0.048066875653082534,2,1.250082015991211
326,8.141722365497236,2.417919214969228,0.017640317347049295,0.035116368866640296,0.0,0.0,2.504594137671728,0.21607183824496115,183.95443278597972,7.025525598038753,-53.19298220638888,-54.80627645719762,-87.9960741691711,4.381672997161388,2.8754451274871826,2.8754451274871826,0.704014939309057,8,1.4004669189453125
327,5.5608616226245315,2.3962354828241814,0.22243404197631397,0.018967668821658845,0.0,0.0,1.367857212905242,0.23400070936251063,183.3705417964041,7.967471044099575,-71.13770535279076,-57.26944126649252,-77.57270943662577,6.62104798483668,6.984927177429199,6.910706520080566,-0.0488262910798122,6,1.1558551788330078
328,6.512717478042397,3.1472813375914184,0.25201710255657045,0.01264791059480257,0.0,0.0,4.00604132512155,0.18597726113489635,129.2044030364525,8.657948458936314,-52.885455941221835,-54.33790858764997,-67.66244749791237,7.105459522904446,8.104286193847656,7.955765247344971,0.1509971509971509,17,1.170793056488037
329,3.237478334733386,2.995996581586313,0.2761087083884414,0.0088878082835486,0.0,0.0,0.8939314433145974,0.5128919110959437,33.88587289687265,7.9224418625194595,-77.41206748264887,-48.28153172518938,-98.7386950674439,17.83487484445265,9.159780502319336,9.159780502319336,-0.6101694915254237,9,1.6221671104431152
330,7.481485041947763,3.1608765944056896,0.030530537753941777,0.013671453936573392,0.0,0.0,0.24184880249171625,0.31918018637473583,128.93958265063367,7.86694758983429,-64.20553845332705,-55.10014319648939,-101.95717808337866,6.7124729325354355,4.397578239440918,4.397578239440918,0.1646586345381526,3,2.6866040229797363
331,2.422843634694324,2.7534705564170934,0.28191607440684,0.04535052617224225,0.0,0.0,1.9040870539814183,0.3069741951753582,34.90933689685775,7.509180295287125,-47.168359445160235,-43.32993413256345,-68.55038014442304,5.880091887887891,40.81966781616211,39.90934371948242,-1.0,43,1.0798590183258057
332,7.100582223775733,3.6535247197898943,0.020286002288788494,0.016150251660033123,0.0,0.0,0.14473069712870215,0.3731995228153462,207.11306723421245,8.898182454831872,-74.953175660713,-39.882322499895075,-107.31574406617624,8.69220393976436,5.456487655639648,5.456487655639648,nan,0,0.9593820571899414
333,8.676831149095994,2.277161102884926,0.14221686477834458,0.014738712114596006,0.0,0.0,1.4763046318446846,0.33883374845235975,198.442373757678,10.937479403572073,-61.86770066101074,-51.15915196241048,-106.62248763253909,19.828467734682075,6.66628885269165,6.66628885269165,nan,0,0.9369120597839355
334,1.7549769543646674,2.8567852916829315,0.2520753061883435,0.02787685767730459,0.0,0.0,0.2663235743746522,0.38775009070674793,50.19795714676114,8.04246779980835,-71.74294831268838,-37.30146483285742,-75.63402232744113,9.689266189347396,7.210385799407959,7.210385799407959,-0.07344632768361573,9,0.9386310577392578
335,6.336607535148238,3.379523696888174,0.02109334156933661,0.011967875845121647,0.0,0.0,2.3435427180908652,0.28005930099819815,229.7472978089276,6.422267046291534,-48.721536657242176,-58.48931660779602,-92.39911868294463,2.0260926891533044,nan,1399.4866943359375,nan,0,0.9358158111572266
336,1.4034096081843788,3.7364728805657994,0.00546932189669509,0.013378085099361243,0.0,0.0,4.529876099909562,0.3037037313107786,239.76286810426762,13.315116020004814,-59.53203656638191,-54.55388565004386,-97.54500236611389,9.541323955085286,5.238074779510498,5.238074779510498,nan,0,0.9215419292449951
337,7.3942984685785555,2.7391432127135156,0.007484315611995206,0.010862198522856156,0.0,0.0,0.16559585375167987,0.27712493795358234,84.23944197323952,6.170511243479526,-57.03103971590029,-44.66430239766747,-69.30601835515216,10.060226762003557,5.178617000579834,5.175289154052734,-0.21764705882352936,11,0.9542851448059082
338,1.3026855788234422,3.1354911981875055,0.15338107183081007,0.007077661038241678,0.0,0.0,0.6317381500372049,0.22866635127809076,89.2830612136292,10.092137463342135,-73.18567531864561,-44.36149120438034,-75.34852027444273,3.915772554138151,5.575600624084473,5.227751731872559,-0.0488262910798122,6,0.9371461868286133
339,9.391428315655947,2.1382798900145232,0.24347902337899888,0.025868974846564814,0.0,0.0,2.9311846356071785,0.3036871621629096,83.22814005612571,12.942407834931188,-62.30638879781623,-46.70408383306133,-77.49163113259918,11.979963489205204,6.781006336212158,6.151815414428711,0.06156716417910444,7,0.9214599132537842
340,1.8053753353591206,2.340638176223658,0.03822800132177989,0.03732509469514734,0.0,0.0,0.2125230906300575,0.5197398386147721,26.003346656978408,12.431693694904286,-47.70073869630363,-58.6680691752297,-104.5437609594102,14.33752884194213,27.146697998046875,27.146697998046875,-1.0,37,0.920464038848877
341,9.609362336136265,2.138276324932229,0.03738307622386219,0.040231169138756386,0.0,0.0,1.358461516993361,0.2006210908939707,149.02900447834088,9.060135991773967,-61.126297287087,-42.41653579997353,-87.29855921535818,3.6635781680773354,5.102795124053955,4.465939044952393,-0.07912087912087915,1,1.012834072113037
342,8.108399672808417,3.455761783997044,0.17056405651493747,0.03799906778399158,0.0,0.0,2.206368069359684,0.4394380177717789,30.57028670065674,9.510869881507054,-47.69903347529082,-46.05552063228765,-93.8800968941968,18.265417220899675,8.470956802368164,8.470956802368164,-0.1196581196581198,17,1.0712718963623047
343,6.139979042430364,2.5761199374442816,0.07028868024357711,0.014149914210150681,0.0,0.0,0.5123741542753231,0.3710454450660665,99.38539592115576,10.073171847475002,-75.92252342799476,-41.56497636201547,-78.4863669285328,16.09063586432725,5.2290425300598145,5.2290425300598145,-0.09542356377799423,4,1.0919809341430664
344,7.934928993980695,3.4474905803836755,0.21906412054346217,0.009616924278871508,0.0,0.0,4.612799185990055,0.49812838056282643,84.79400208838558,9.488425752529535,-74.10804009654805,-35.887378097587515,-106.12651936664528,13.331252769821338,7.448817253112793,7.448817253112793,nan,0,0.978492021560669
345,8.053590970339316,2.1327965580865493,0.28489061645302494,0.021721697129528043,0.0,0.0,1.0503072663862876,0.392966989910422,172.20920074999282,7.261891789207837,-67.21368779593286,-58.921835830937916,-84.95262840860116,19.90382471364886,6.807390213012695,5.325150012969971,0.4595910418695229,4,0.9528849124908447
346,9.487257096764639,3.725095600816651,0.2298100219801239,0.045047937961955484,0.0,0.0,1.7946909791700005,0.3722069775728123,108.87354006909655,13.92006576298349,-75.5821101666863,-50.18864141830511,-69.41157634781877,17.65721415149197,6.355979919433594,6.2469964027404785,0.2388059701492537,7,0.9987030029296875
347,2.9071418614722786,3.6710603962221833,0.26315260991367495,0.026669854877319828,0.0,0.0,0.1913134896016803,0.277654816521417,84.42606291005036,11.428884670146653,-48.984393995477326,-40.82806334616931,-81.71857113801872,3.8989366766404285,6.957464218139648,6.519700527191162,-0.07912087912087915,1,1.7311747074127197
348,6.105721005903937,2.1778574861005655,0.1558758172715011,0.015624947469130117,0.0,0.0,0.11125520775684516,0.34892337318374644,26.790619291229596,10.916977438532488,-62.49035170088122,-54.04908350671289,-96.82535922684389,8.44965636682679,6.533675193786621,5.400833606719971,-0.07344632768361573,9,0.9614009857177734
349,1.4029673768618116,2.047513012914373,0.24969579126525998,0.02442185109034743,0.0,0.0,0.12632727894311774,0.2576125089915336,123.9697959881763,9.1220717527073,-66.44479147699117,-57.106679717216174,-71.04843117850956,12.573927553783792,8.421339988708496,8.421339988708496,-0.07344632768361573,9,0.9669849872589111
350,6.353574150229153,2.1125776259639824,0.05487095519600471,0.029614739498585174,0.0,0.0,6.424514244808552,0.34019943219079135,43.60350245846273,9.390995223023486,-65.4149430789659,-44.98447803777193,-82.60086719678007,13.259220602615486,5.657264232635498,5.5355987548828125,0.34117647058823536,11,0.9357020854949951
351,2.127267388881494,3.707260346293468,0.020504367118688215,0.04151827160646133,0.0,0.0,5.824850301658546,0.3403628562610474,170.51770318907572,6.8268323690321315,-69.32772297995157,-59.56630452068319,-89.54113195638277,9.159171478775459,3.8920469284057617,3.892040252685547,0.019047619047619067,5,0.9644989967346191
352,5.867030808988198,2.4694069781037915,0.19678593303740577,0.02898583117061493,0.0,0.0,4.122710869790696,0.2824166013102675,178.8951939412801,7.336935572862889,-57.89769400060712,-52.3326450517462,-92.81375863356354,14.666450385057628,6.710101127624512,6.532217979431152,0.1646586345381526,3,0.942803144454956
353,5.938089883321572,3.0965466357163773,0.01558575112741678,0.013556905225647498,0.0,0.0,0.25074032386043826,0.5081999029769549,26.456051171922326,8.7422631114493,-66.30368694511219,-42.10626720370828,-101.03490132181847,19.000846880118797,4.079015254974365,3.938568592071533,0.1295774647887324,6,1.4747188091278076
354,4.92685895332166,2.8524884063601137,0.26774442574190416,0.009388074402165804,0.0,0.0,1.1243908529117193,0.4512832187038878,239.48524914265636,12.551281126560443,-69.51006244877651,-43.40333364817864,-106.25833857359301,17.5543069984237,10.958903312683105,10.958903312683105,nan,0,0.9885320663452148
355,5.465001867374666,3.591051052457204,0.20746624413222556,0.01580708064761846,0.0,0.0,3.910517206030901,0.303549410314713,128.67836038986295,7.411513330558286,-68.5404204153404,-39.98143138780063,-70.83979546578291,10.874554351754046,6.525270462036133,6.498023509979248,-0.28042843232716663,4,2.2950239181518555
356,7.757272205062585,2.977796602941341,0.2856602176226736,0.010645055962898914,0.0,0.0,2.2353130959555685,0.37545503840398403,120.47164507145483,12.005877972426074,-51.08336321185058,-40.87882969010449,-92.70073773946065,13.196589470577068,6.810414791107178,6.810414791107178,nan,0,1.0025839805603027
357,8.092824806864632,3.0013216813225396,0.09416599689397069,0.043826278786244156,0.0,0.0,0.17023246479976878,0.3604983809092899,207.19277890231336,7.214085072379357,-66.41521602097629,-58.584527903118385,-91.600522144067,15.67335959445433,5.6455793380737305,5.587041854858398,-0.02610441767068273,3,0.9581220149993896
358,5.1754555479665765,3.978183878999805,0.14584749276048625,0.016104077347289355,0.0,0.0,6.181336688418855,0.3835405261549883,55.31654198788512,10.33509720899507,-78.71949933023605,-37.558750231708544,-73.09978872947968,10.963774643954252,5.083896636962891,5.083896636962891,0.06156716417910444,7,0.9490180015563965
359,6.1961376944648165,2.300259113498514,0.2225071095135357,0.014826080037542145,0.0,0.0,0.2095872144075619,0.45754376548564357,172.33100907354847,6.831329318950871,-50.41766762609203,-42.11846172320571,-104.60146714737138,19.633096417256773,7.391523838043213,7.0702738761901855,0.12967032967032968,1,0.9260070323944092
360,9.346744239055967,3.661407877491863,0.07283369563824617,0.011147211019020145,0.0,0.0,0.22059282720987314,0.42584889912901197,15.182002167482736,11.028086900742188,-73.98857511407141,-42.01855876951158,-106.83171857140495,2.5409167740192062,6.294095516204834,6.294095516204834,nan,0,1.007154941558838
361,1.6374690907606668,2.10349949120777,0.16255464603350006,0.021796009806346845,0.0,0.0,6.338949009789042,0.429694312689257,117.24710032952042,13.952075723215303,-70.32193160802721,-44.68679598108694,-86.66304165315941,17.000272583358313,6.424135684967041,5.905921459197998,-0.1504702194357367,2,0.9617178440093994
362,1.6124838760510498,2.9552975391459415,0.19784018250164342,0.016558511078216584,0.0,0.0,0.9316094348461321,0.37792884181012854,76.37560977218683,10.43955504569189,-46.72817697131867,-51.68535479159856,-90.22674884104185,17.887452975569758,6.171963214874268,6.171963214874268,0.27963525835866265,12,0.9518918991088867
363,1.3332356131522998,3.772669647866047,0.2936425963341124,0.006730059863010049,0.0,0.0,0.5569082504710445,0.32781061882344953,86.4747371639253,9.045390117070525,-69.35584168928057,-39.761715616873175,-68.1325863302999,12.990878732671208,6.1607561111450195,6.1607561111450195,0.06156716417910444,7,0.9359071254730225
364,6.749701207885014,3.3304279312082423,0.22341098827271544,0.03699796312178787,0.0,0.0,1.2803051268925691,0.32655070731493213,153.43493018972006,9.1200289577054,-79.56306876499761,-55.65156002941067,-103.36527404343946,3.2017580534476977,7.598423004150391,7.582396507263184,nan,0,0.9258651733398438
365,4.476778857508605,3.3704292387322656,0.0354392550837222,0.011428331685982236,0.0,0.0,9.178985116590995,0.30485697502948356,160.4308826922809,7.090791618990381,-77.00281166121482,-50.435462335953545,-98.79398016644457,3.7713503670817627,5.293797492980957,5.293797492980957,-0.1504702194357367,2,0.9257559776306152
366,7.856053453347511,2.526634564512971,0.14260003541499308,0.013537810614453393,0.0,0.0,0.17348459256788534,0.3514115259825458,43.60941137847064,8.049645654262125,-61.21025828183855,-41.047609997718716,-71.62505105365372,15.276939145038153,7.4974212646484375,7.4974212646484375,0.07142857142857144,15,0.9165611267089844
367,6.87669842643163,2.8371495827229083,0.17663123489687163,0.008028548975765791,0.0,0.0,3.2651091019701624,0.2832851169197198,154.48904973195928,13.260996620155865,-61.80921190430123,-44.166078978657715,-91.47707523506593,7.220299816734175,6.426309108734131,6.426309108734131,nan,0,0.900428056716919
368,3.6695587041182627,2.733162126998101,0.04398694285930582,0.017880028716005882,0.0,0.0,0.46628530030383697,0.39745804868851814,86.29370927608828,7.186538253698342,-52.1190822264152,-58.61579789166141,-79.6391640305966,17.42474366390368,nan,6.526474952697754,nan,0,0.9453449249267578
369,9.03448219993459,3.0428864203159884,0.12958981709432352,0.02517822248132149,0.0,0.0,0.1714346249639827,0.2917782074715212,124.40851980663446,6.561606254732402,-65.00538884270883,-51.41933492794125,-65.65073063152562,14.134038830759943,5.360462188720703,5.360462188720703,0.17180205415499525,8,0.9332449436187744
370,7.744055397171197,2.9244558602873365,0.0852017449007469,0.03803078807459269,0.0,0.0,0.6980181424919283,0.25274547115342877,175.91275511065157,10.126615351697847,-55.17050109452662,-41.935725581945796,-107.01385036642529,5.229523965068137,6.30360221862793,6.30360221862793,nan,0,0.9301719665527344
371,3.0700819386466693,2.6537967037539785,0.03564826267860779,0.005630898114795788,0.0,0.0,1.2517158611793886,0.42362089962096716,12.982537748643793,10.078459247428576,-49.34700508073907,-44.76113663261679,-87.49066124865308,18.59335110460216,nan,44.90230178833008,nan,0,0.9230437278747559
372,3.9598241688345133,2.61096122474234,0.15361258003903636,0.04702208844585702,0.0,0.0,0.2581804036473107,0.3783406976540042,49.6102575350034,6.596834465261486,-47.89429922565988,-37.430456127029665,-79.26623812041727,5.673604079824988,7.656819820404053,7.382969856262207,-0.015483870967742206,16,0.9514298439025879
373,3.4871798119404973,2.5017057833102445,0.04968992430370362,0.025280621494098106,0.0,0.0,0.6464559219039261,0.2961966050982759,233.04572568200527,12.122770814430613,-56.41368957453658,-54.4272168996138,-86.9109872765098,16.628948584642995,5.2775559425354,4.713857173919678,-0.02610441767068273,3,0.9452848434448242
374,1.9973106619374967,2.730094493769517,0.177161222575717,0.009622073914954319,0.0,0.0,1.8678932424641308,0.20412571681105465,207.85985168842578,10.491440926410144,-61.70221546982575,-42.55790429230899,-86.22880200593872,8.935939723247557,6.153107166290283,5.8942975997924805,0.12967032967032968,1,0.930609941482544
375,1.9039420391508206,2.2998829558681213,0.05090907967255963,0.008006537818331487,0.0,0.0,1.4219883536008517,0.5517090177695118,29.646372627609395,7.008397405724641,-53.39035861297664,-59.383398384393296,-107.64627383910761,18.188227983641934,nan,14.395259857177734,nan,0,0.9627890586853027
376,9.393210902069569,3.744208604007148,0.21707847708084632,0.009886849493606856,0.0,0.0,2.7946098670921105,0.3641963281312308,171.91933609457752,6.033701775313169,-69.07848189757945,-40.917038485111384,-91.2079640010235,9.907158634304121,6.960561752319336,6.877692699432373,0.048066875653082534,2,0.9271440505981445
377,4.660088353388156,3.2042387836668547,0.05857248690890112,0.03755742044645683,0.0,0.0,4.707703104598452,0.25898820047938614,115.52378404059274,7.617075226072325,-54.75129967356087,-57.42484173696576,-87.1737002503998,4.229160721727874,6.333031177520752,5.384021282196045,0.22967741935483849,16,0.9333009719848633
378,4.141538316385393,2.267572851187711,0.26888553023284484,0.009780480184685717,0.0,0.0,0.6580829872000876,0.3828181657678072,20.70254620274588,7.145951075577346,-49.57327722908904,-55.59630838048847,-97.47338559444422,3.6238009761877183,770.8887939453125,760.987060546875,-1.0,188,0.9297962188720703
379,7.43201423243509,3.3877186684180027,0.007862806964642654,0.01451413435283352,0.0,0.0,0.7013495956225179,0.28099665016865666,179.1753733812845,9.563593338052012,-46.97277364742252,-43.391885443802444,-86.08748507809527,13.475987700935189,4.336062431335449,4.336062431335449,0.048066875653082534,2,0.9271259307861328
380,5.75343411990255,3.695332935995946,0.15659921611372077,0.025392651869425693,0.0,0.0,0.9848821557632422,0.3496528696782195,19.297838138222755,13.605282081029523,-46.52496363539632,-53.09650328611176,-81.726703276559,4.836389638657618,1457.4271240234375,1457.4271240234375,-1.0,206,0.948307991027832
381,9.39332987496539,2.475071344104518,0.09603142976596407,0.03723572961669716,0.0,0.0,1.3573965991385257,0.2967694892099839,135.91851275810555,12.166313912995147,-47.10623963181128,-51.519576918358204,-78.79226316307573,14.61211517259641,4.943383693695068,4.943383693695068,0.28436911487758953,9,0.9526898860931396
382,7.912864192139226,2.301201188674528,0.06752295773237724,0.022779341565210123,0.0,0.0,0.164681702627619,0.20805897198321746,60.864224267890485,11.032257051947138,-57.06025487842782,-40.89809734134914,-65.00237341454599,1.7644150191031307,7.651453971862793,7.651453971862793,0.1509971509971509,17,0.916374921798706
383,5.054010859183133,2.0172345142675043,0.1414808337495444,0.028319083946231505,0.0,0.0,0.42195944107134564,0.3189222566822449,56.53016004583836,7.160627455357925,-74.59480816527541,-48.64378348445087,-70.46585495241781,9.525742112287347,8.243352890014648,8.00879192352295,-0.27647714604236356,14,0.9336450099945068
384,4.075414998067849,2.09450067771297,0.2526058608972782,0.007452411041763648,0.0,0.0,0.2206904756788858,0.2593093003586832,163.75049150191506,9.011993140241753,-68.81178396411097,-39.14412037927394,-80.50036204467112,7.667010473568184,7.435662746429443,7.213275909423828,-0.1504702194357367,2,0.9649531841278076
385,9.87299967678106,3.524502696607023,0.2745831616579946,0.03770316702719331,0.0,0.0,0.5911606591260697,0.19029179076863487,220.25686008684792,9.988092520941159,-73.4103838445249,-47.91945343830797,-79.63852529299359,7.975139195867084,7.397869110107422,6.897017478942871,0.048066875653082534,2,0.9376168251037598
386,7.318722242034613,3.9743726640833876,0.09097458544435373,0.009433854808306132,0.0,0.0,8.845209936994179,0.24301824626443666,204.07048934334048,10.265151844848807,-63.62823270229368,-38.53221441840704,-89.16869870902312,8.873792695165513,6.048731803894043,6.048731803894043,nan,0,0.9483208656311035
387,9.53634927003649,2.089760644952553,0.04627308662852137,0.0067196734476631225,0.0,0.0,1.463733165853103,0.28384261164897256,33.85477092670407,8.899935030855723,-66.10330948029214,-55.48444201938776,-83.54795592290745,3.7329993404566064,19.17688751220703,19.17688751220703,-1.0,33,0.919119119644165
388,1.625546483561893,3.4961419181597853,0.21604213426989216,0.047338478441451455,0.0,0.0,0.7223755528356056,0.2849633192075834,61.44865137889493,10.488735885801125,-70.5855752346342,-44.008292246791164,-78.9269090185683,6.724517801526355,5.6859564781188965,5.46832275390625,0.17180205415499525,8,0.9429969787597656
389,8.580069952312435,2.14372433168192,0.1745996176367965,0.007954445851310629,0.0,0.0,1.354795640368138,0.3550875650804908,30.099166744245586,9.915614670631346,-76.7485552967864,-47.119107961903296,-77.3201971041968,12.786266037945264,10.039972305297852,10.02569580078125,-0.07142857142857151,19,0.9439101219177246
390,6.552201897916472,3.1842656498073336,0.06030484460326797,0.006848918123763775,0.0,0.0,2.1784776609639347,0.3810617638788935,113.10155747876404,13.566868383180381,-76.43884684212404,-37.99996232720172,-73.99420073114587,8.975033026927107,4.868373870849609,4.868373870849609,0.24660397074190177,2,0.9473140239715576
391,1.6582559441835696,3.5121505648564755,0.22808873642623095,0.021134447768526306,0.0,0.0,0.7411513885202137,0.32371991477007883,45.15944953716431,7.24693428622113,-47.73679837400209,-54.157383393043496,-70.66479314054772,10.562609178675489,nan,53.23439407348633,nan,0,0.9145729541778564
392,6.088450999707597,2.7184087945354753,0.15567913057264232,0.010419170713993092,0.0,0.0,0.7859946835759524,0.19349791784391748,116.19896644729431,10.956090140670565,-72.47363209873684,-49.29073314850765,-67.76820025377816,5.526881650596247,6.087533473968506,6.087533473968506,-0.005602240896358641,8,0.9653511047363281
393,7.017915468501764,2.0218694422213277,0.19601855985222225,0.006797030356019036,0.0,0.0,2.5281466286778262,0.43065032137650067,221.9642185423429,13.95367757287343,-78.18324841735762,-46.71552193521571,-102.26813151378401,12.812570863176868,8.8788480758667,8.8788480758667,nan,0,0.9407808780670166
394,0.616875515941727,3.190378704250852,0.10780171018901662,0.019956809951061576,0.0,0.0,0.1323503720279152,0.26200542154688955,237.5948079394214,13.175047163345646,-47.630303843777625,-54.666254667197514,-85.59561804998144,5.461789311504062,6.393383979797363,5.501931667327881,0.22009569377990437,10,0.9290831089019775
395,4.816020637496592,3.9824892562800556,0.13172926839071278,0.028704846681812255,0.0,0.0,1.20271059437179,0.34811765652321786,216.86768274285978,7.529231944593972,-74.611438065678,-59.695934207149534,-101.81234629610202,4.605494090236124,7.059789180755615,6.53656005859375,-0.1504702194357367,2,0.9380569458007812
396,8.341295356365052,2.5152348456769915,0.05410262951248266,0.031057634776329848,0.0,0.0,1.2435281600374914,0.31474115143564024,27.82274313089068,12.941928827305272,-52.70007669563566,-53.63796256631858,-74.75340335099588,9.021126389139168,82.42528533935547,77.2680892944336,-1.0,63,0.9700610637664795
397,3.3059107407688537,2.3789825543744314,0.2269547602936023,0.007152907442005171,0.0,0.0,3.2621544721921567,0.257346672064636,188.36967115008244,8.584061214681387,-60.2371020729243,-50.45973645114579,-101.55458823394389,12.127024796038015,7.7897419929504395,7.574026107788086,-0.07912087912087915,1,0.9432430267333984
398,4.856206777086236,2.24785178550703,0.04710339724553756,0.01802341456695265,0.0,0.0,9.231866267311906,0.14105556094584576,182.69108399490574,12.02485699675319,-67.52987035882647,-47.0322057898543,-75.62996306367111,2.035454295929226,5.25317907333374,4.651233673095703,-0.02610441767068273,3,0.9324889183044434
399,4.701984207144985,3.110511239800112,0.2334907784253184,0.03255729952446385,0.0,0.0,3.9039978837320723,0.4404903253330379,26.53431665919787,9.009781919776618,-72.17849396398616,-50.63384951124449,-105.78111140631694,12.248152582830462,6.634057998657227,6.018741130828857,-0.02610441767068273,3,0.9503681659698486
400,3.36831021870367,3.192890198720547,0.2394023564653758,0.007245310729076648,0.0,0.0,1.017600297567116,0.19858280765478406,164.5003163787015,12.33472406315125,-57.231697167363556,-50.0904651248481,-67.92822988319641,14.80030830453182,5.73322868347168,5.73322868347168,0.2388059701492537,7,0.9366140365600586
401,9.225198007397765,3.5845416743408047,0.22398028921653648,0.008065889278693372,0.0,0.0,0.21822593313526842,0.28962191032039825,131.36668654015838,7.654803266684738,-57.285875464232454,-45.2069868728511,-79.25015004781041,15.841370540857723,5.630826950073242,5.630826950073242,0.2,5,0.9494669437408447
402,7.922293336599401,3.5061465472410194,0.005826836417622127,0.00502783945593656,0.0,0.0,1.5014882683911515,0.19635668252766125,220.46141236499153,13.592452730865165,-57.94350742560413,-35.851099106166416,-68.98599204497447,1.0496727832892,4.733918190002441,4.537739276885986,0.12967032967032968,1,0.936547040939331
403,1.5505899044630498,3.7850829895901743,0.08193996378200206,0.016734169388295514,0.0,0.0,4.662273787181192,0.23223388417079882,156.6520172365818,7.4277552786725085,-69.66825709395256,-52.56249500661028,-88.25916621633017,1.2064573818739621,4.790169715881348,4.1066460609436035,-0.0488262910798122,6,0.9423806667327881
404,9.971829249456944,3.611545396684603,0.1405013228375441,0.007828015937615878,0.0,0.0,7.325345740821877,0.3462115651926101,64.233173845671,6.232967655678693,-57.23045019982668,-37.76781053267917,-65.09951030756305,9.522580943859852,5.143531799316406,5.024590492248535,0.0871327254305978,12,0.9353470802307129
405,8.85240023092358,2.494534166158889,0.17866331361503873,0.026497968535459816,0.0,0.0,4.473225160330323,0.4390093092726846,69.83245536765514,12.824828773845539,-76.03945188608346,-35.64402547359648,-77.8323145376809,10.57475864198087,5.859127521514893,5.792813301086426,0.048066875653082534,2,0.9472100734710693
406,3.19713015970837,3.111754809751522,0.27576662981071504,0.045833588360472396,0.0,0.0,0.23874660947225884,0.324171419548361,32.229623584573666,6.145567485678171,-60.94137308813213,-49.653737313999464,-72.08009775370834,13.2038041141753,nan,19.18450164794922,nan,0,0.944828987121582
407,8.450517506778914,2.59482391818716,0.11268179163861068,0.00808584651515124,0.0,0.0,2.6616547950298552,0.3047187018053685,109.33615969400987,7.808056480809551,-63.18522269157978,-55.925143030346085,-79.98443018870665,12.50885237684944,4.356131553649902,4.356131553649902,0.46327683615819215,9,0.9230642318725586
408,1.5109855527781373,2.659570759103005,0.2625069956321862,0.022287790462366504,0.0,0.0,5.758506945278343,0.2841289939123168,196.31641466902664,9.59623417793821,-70.24730134403649,-39.09011601910611,-78.90513133430518,14.42747411712765,6.782190322875977,6.511536598205566,0.24660397074190177,2,0.9375519752502441
409,9.991494939505268,3.863888738459993,0.049028786441050964,0.008143375588950048,0.0,0.0,2.301621645759863,0.20824109778340968,131.45945142345948,13.007828919094983,-72.02757723849625,-49.95769936617698,-74.16953427508294,3.526257137404942,3.9404120445251465,3.882108211517334,-0.0488262910798122,6,0.9501593112945557
410,6.8240049930121005,3.3637918101341473,0.11138414625258809,0.0052116694562157374,0.0,0.0,2.3523616027124845,0.2935241039323231,195.86518339372938,8.820761765846722,-75.60737053393716,-58.02126286161928,-72.06370765608196,15.793695366887077,5.837881088256836,5.8317036628723145,-0.3428571428571428,5,0.9609227180480957
411,6.676187647808572,3.9491808265022117,0.015684603246396898,0.028676371536407907,0.0,0.0,1.0007476351449975,0.3014662552235032,76.24950943958878,6.930897513899826,-71.34679508867987,-54.67530910765811,-77.01249567385108,5.095698602781432,4.206536293029785,4.196064472198486,0.014799154334038014,13,0.9584581851959229
412,1.3591869063492612,2.833825073437489,0.22274678731668665,0.013582342603324433,0.0,0.0,1.8791110407008114,0.3582962646537986,59.70266000655378,6.258145059990843,-59.10991090916687,-42.77551129359732,-80.59292889733622,11.803383966965491,6.051285743713379,6.051285743713379,0.22009569377990437,10,0.9403848648071289
413,9.02181728951794,3.074875146707953,0.045195827229873885,0.04423406643305213,0.0,0.0,0.38793721033098183,0.36783471671648776,232.1972382333921,9.781908097416705,-49.89522221575678,-43.84975224056653,-106.21271266904738,16.391680758545697,5.5659565925598145,5.5659565925598145,nan,0,0.927410364151001
414,0.7754952804424595,2.9742308398328436,0.07710600469453734,0.01711023153666297,0.0,0.0,0.15052899897828764,0.17536069831680687,144.4093645886582,11.228205274603477,-73.69203975316519,-49.06274764644107,-70.3737886531572,5.093192668639991,4.5965471267700195,4.5965471267700195,0.307981220657277,6,0.9302489757537842
415,2.7878665513908967,2.214574115047454,0.23256997565796445,0.007185431827225914,0.0,0.0,4.523033553284141,0.457131706481559,10.028728503554541,8.0600696969398,-62.93601427882558,-39.468048917451966,-81.0519094741992,18.46220591018634,nan,46.349369049072266,nan,0,0.9254119396209717
416,1.8587078140830324,2.4734039890532067,0.16041501522681298,0.014084597681776284,0.0,0.0,7.696417435636919,0.20655076089203148,114.7798192744155,9.126521783656298,-71.90036241915004,-54.54843788652239,-76.87505463463728,2.5268233378608733,7.878292083740234,5.780637264251709,-0.507177033492823,10,0.928272008895874
417,7.879295436576077,3.055272721208964,0.004191815825538769,0.007977407904083253,0.0,0.0,5.171835117524974,0.33550271033285917,65.82412451159199,13.087162076321038,-59.80777136651215,-58.83530977329169,-78.30852282515966,10.626964987309211,10.568441390991211,10.51816463470459,-1.0,23,0.9299218654632568
418,2.38294015852253,2.1347486102660125,0.0006705614242191405,0.03775715623750944,0.0,0.0,0.4654007807969225,0.38496338257908064,206.53999732454358,11.459470980330103,-79.8443694207774,-54.856522820626985,-98.39163347457747,14.342413494071351,4.8530168533325195,4.209821701049805,-0.07912087912087915,1,0.8982510566711426
419,9.15106315774341,3.8629238586177785,0.15319818952196912,0.02453992240869468,0.0,0.0,0.1538368230832393,0.28129310948929,127.14226086412168,11.979579976729305,-62.04964804257881,-51.815384732584974,-105.33527089810897,4.849819874705989,8.169835090637207,8.169835090637207,nan,0,0.9304051399230957
420,6.734555873611156,2.2476873638867416,0.09148665412475844,0.01097005510130738,0.0,0.0,0.36330951765166447,0.2116375439831112,102.1794184795068,10.41163446545423,-47.147690888328206,-54.00699557333747,-80.02617772489923,3.8983723183727315,52.06536865234375,52.06536865234375,-1.0,51,0.9220619201660156
421,0.843545749699614,2.3959614928338144,0.05409343379855314,0.01685738971661544,0.0,0.0,4.8492073149824195,0.34666071982906055,174.16321804213683,6.090727017151832,-57.042801752463454,-55.919558582136894,-101.88539991286295,11.619245032976968,4.984450817108154,4.875190258026123,0.1646586345381526,3,0.9264829158782959
422,0.5515834242226544,3.5306424478772733,0.18407818131483328,0.023358781945773954,0.0,0.0,2.049410775186209,0.4066947483668029,96.34465555900385,9.77044120440669,-69.18888911053098,-36.16332376179187,-96.920475496315,11.298901069974498,6.3326873779296875,6.3326873779296875,nan,0,1.8007659912109375
423,0.9907502116367898,2.1938690835786274,0.06853094151522812,0.03032687917374801,0.0,0.0,8.578048318469527,0.32493886044215664,206.50177777439438,11.31344649808657,-68.70280685563978,-46.189082915829516,-106.26539931952726,11.368041651446152,5.9760661125183105,5.9760661125183105,nan,0,0.970203161239624
424,6.2562891876534135,3.8005561992308188,0.17766214490548438,0.006013360135786115,0.0,0.0,0.48457615197489584,0.36960414231374733,109.21949032131465,12.063469656587554,-50.3234004903059,-55.009586958814026,-106.33088425426567,8.420582643651876,8.732335090637207,8.732335090637207,nan,0,0.9703302383422852
425,8.114077203164445,3.451401941445071,0.11377978517588186,0.005266096901872613,0.0,0.0,1.2674891214661481,0.15421547124116977,132.85459388612583,9.01441558652018,-58.0003590150672,-47.35871800702312,-67.85182844007096,8.778431343072267,4.102324962615967,4.102315902709961,0.17180205415499525,8,0.9565038681030273
426,2.7662517959601907,2.137241714217718,0.05602386530093691,0.006507627736345573,0.0,0.0,3.8025632206398217,0.33585859536516915,28.973659778173953,8.415480169131817,-58.79371481728644,-53.59937253482285,-97.89551966874647,7.451877196424666,10.435284614562988,10.059792518615723,0.6,21,0.955772876739502
427,8.569384007769193,3.3836941225713058,0.041431421360624596,0.012415560041672944,0.0,0.0,0.2937540652225404,0.2950408694373076,181.6126093790827,13.521065874351692,-67.7368178153277,-55.1127990059877,-91.07133715248037,7.684954166612897,4.916022300720215,4.837215423583984,0.12967032967032968,1,0.9695680141448975
428,1.0437034314559737,3.2632570843426354,0.07105818093818642,0.014644569667848226,0.0,0.0,8.475785343887019,0.20352398291103732,237.70573024833047,9.71094606814394,-56.225082651584756,-37.15529833387867,-81.69222901862524,5.738191023477223,5.647587299346924,5.190195560455322,nan,0,0.9396839141845703
429,8.109156609595924,3.5146988654798372,0.008949632403895524,0.006845917080532813,0.0,0.0,1.530366128751058,0.3548246847418914,149.70432192665447,9.215010688520929,-65.21775456964176,-35.516885465739875,-97.46340438823164,9.909767783087906,5.141873836517334,5.141873836517334,nan,0,0.9513149261474609
430,9.314056586636664,3.6563957049786717,0.09243808861088053,0.012886148808168227,0.0,0.0,0.10370390893050256,0.31547664316716756,46.76942051081607,7.42835358948391,-58.87804515699581,-41.224607296182135,-81.35930568724197,7.256395960156445,4.74118709564209,4.702190399169922,0.27963525835866265,12,0.9866950511932373
431,7.835029791491615,3.43670112634631,0.27058640705453824,0.01382269707994767,0.0,0.0,0.1122810722225836,0.3930641134159772,23.71217968995455,9.762110897189537,-62.35056214171126,-40.73370980100454,-81.18696969686204,17.55391392441875,11.143685340881348,11.143685340881348,-0.25287356321839055,20,1.101039171218872
432,7.1321474477970535,3.172352590541944,0.24940863776490846,0.006427764666986462,0.0,0.0,5.813424449484566,0.1609791470638051,190.08606209987107,8.927022270487575,-57.87225017663556,-41.317836763621834,-66.94038338722648,9.02469108982267,6.071004867553711,6.070875644683838,0.08958130477117816,4,2.498166799545288
433,8.460812077226139,2.6449266371635556,0.11160112701589767,0.04126957196467087,0.0,0.0,1.9523741800502434,0.17353068596811874,159.10485823156128,9.141310682253074,-54.176013739557455,-37.20017071723607,-68.63482929261912,3.9846628303626908,4.279256820678711,4.046840190887451,0.2745861733203505,4,1.0274477005004883
434,0.881437345697131,3.3945473236598582,0.17275008557454113,0.019866251624994818,0.0,0.0,3.358497567845371,0.4591571859314725,56.94221745280213,12.039435606318388,-57.914653992015936,-37.37231782862613,-95.8789748263009,17.112395411778994,6.025905132293701,6.025282382965088,nan,0,0.9570870399475098
435,2.4169300518310264,3.913943169261559,0.17020816770421754,0.012232227081047504,0.0,0.0,3.698554323613864,0.4539633813210129,167.26844710628777,7.563650481252796,-75.57269708515263,-42.43190994978481,-102.86923192740794,16.092251755119815,7.519094944000244,7.116916656494141,nan,0,0.9502379894256592
436,1.6867749534036092,3.1750435610577483,0.24862126175811367,0.01606486897537395,0.0,0.0,0.6932973696504044,0.3535277812837287,138.13185922928298,9.814936499702318,-70.35648374275031,-35.403860126878506,-77.50248000902631,15.783209296132663,6.698131561279297,6.382893085479736,0.048066875653082534,2,0.9224131107330322
437,5.293044406833372,3.3286897368685078,0.07088703045508968,0.010307835776759651,0.0,0.0,3.955692212129565,0.2043771150105603,186.8035133630278,10.672124617412774,-47.11054053143928,-45.40446241543308,-86.59794867031327,6.200498406034478,5.569243431091309,5.296078205108643,-0.1504702194357367,2,0.9456589221954346
438,7.579287219124023,2.8742560843996015,0.0889162466379037,0.035752057158556186,0.0,0.0,7.500062623093308,0.3090405704163228,74.79926156358489,11.895071247856349,-68.28314024261381,-41.782231371333054,-67.12819585333287,9.346841298796418,5.250555515289307,4.968966960906982,0.1054613935969869,9,0.9478859901428223
439,6.485112523475788,3.512241619486149,0.09053563012368344,0.018792521072560773,0.0,0.0,0.22097452831396042,0.450282685005205,32.38489786231765,11.33237185063549,-79.66669389065801,-40.32491196819258,-86.34560973325767,10.304911876164443,4.893424034118652,4.18724250793457,-0.02610441767068273,3,0.9585738182067871
440,8.585745447738383,3.9953347846772718,0.012260996931502299,0.01562664761216436,0.0,0.0,3.3749923991057824,0.3353679530346873,140.97169693286807,10.131268351477727,-68.6677954871392,-52.96227725801895,-91.31161427192471,18.00327635639577,4.445266246795654,4.388485908508301,-0.02610441767068273,3,0.9447250366210938
441,1.9745234281903634,2.320778648135472,0.09440635898675766,0.04072446685377268,0.0,0.0,0.41265205785189935,0.46548573035455004,41.13520575120389,8.598116773492666,-73.26948502177085,-49.321575581565455,-103.9925711394573,15.45511666414241,6.0574822425842285,5.972797870635986,0.019047619047619067,5,0.9299578666687012
442,7.478900373384035,2.4048105590075246,0.26337413297640205,0.03443100524910525,0.0,0.0,0.43952745269990295,0.44790429763570017,33.797500294452185,11.322096748938165,-70.63013862958418,-48.19525007855843,-101.00054172271064,14.874249910038662,6.638512134552002,6.129539966583252,nan,0,0.9057011604309082
443,2.333894163254589,3.078875517328779,0.2735962942714443,0.03249165968057162,0.0,0.0,0.6691287681139535,0.29662530290979167,228.1034775317146,7.773962299143967,-46.63963773005101,-51.86815497471415,-84.89687748266442,14.330209070625946,7.066877841949463,6.875803470611572,0.08958130477117816,4,0.9159080982208252
444,3.0722081375191026,2.9627507945233162,0.03289060373056511,0.008405803019110567,0.0,0.0,5.338743305046614,0.47518964163599153,55.83178169499454,9.55811149946102,-77.62603817675824,-42.5736555992995,-91.25227461239847,17.941246120152226,3.875171661376953,3.875171661376953,0.380952380952381,5,0.9507288932800293
445,7.244094624172387,3.143139569013438,0.13741756248552942,0.007113660192025615,0.0,0.0,0.110690955058133,0.3967375305329373,73.01813437182173,13.388810594591416,-75.06360543610042,-44.82583834965292,-96.14863190575196,4.45385060811246,6.701961994171143,6.701961994171143,nan,0,0.9216530323028564
446,9.811945456537478,2.098148095448546,0.11440467047629173,0.024494384114310583,0.0,0.0,0.7376535105924343,0.30164505438217437,31.605549495408063,11.245140470629519,-71.8391223359264,-45.67963969822381,-65.9261574724125,7.0032745853111,13.292864799499512,13.265755653381348,-1.0,25,0.920280933380127
447,6.3096642567821615,2.8085529126608977,0.14680775898701637,0.014709986043446161,0.0,0.0,2.291370403039481,0.35148402280613916,18.037183874847628,7.142580915171364,-75.82372967060903,-48.417911819869104,-76.49072436527177,6.63244332985531,34.31975555419922,34.31975555419922,-1.0,40,0.9215879440307617
448,1.017752992417308,3.1659565241311216,0.16641585721760316,0.024136968146291366,0.0,0.0,0.166276516164298,0.26786426130071034,43.54383729408394,11.126134130631415,-69.45869269027651,-45.620741267194184,-67.97960481472616,6.535592143603997,9.043208122253418,8.757222175598145,-0.07142857142857151,19,0.931983232498169
449,6.354935214311562,3.1703827026099254,0.00607762800532382,0.02881358099790332,0.0,0.0,3.841556226168319,0.27310601163192255,127.87307133184177,12.45449530904973,-55.789866062583016,-41.213045630520355,-75.2343781314755,11.258404386346818,4.36707878112793,4.1600470542907715,0.08958130477117816,4,0.9194660186767578
450,0.9023302400115873,3.314667923536747,0.2526726743763482,0.00986923548717678,0.0,0.0,7.652532730655367,0.3551190330072445,133.29428481752097,11.75111664358758,-55.58231054602555,-43.248558399257874,-92.80393885358014,16.74231026649266,7.647059917449951,6.915520668029785,nan,0,0.9309561252593994
451,8.899384257984764,3.4404320580053276,0.29209922195200155,0.009629870291003623,0.0,0.0,0.1520091190626519,0.29463711978953894,64.32666455530453,7.245855730821698,-67.91932233095045,-53.6542189898761,-80.15678695085796,5.389339171849256,7.708874702453613,7.579827785491943,0.07142857142857144,15,0.9779012203216553
452,7.240993708455897,3.2830944066817134,0.1960214436010927,0.015481091253221361,0.0,0.0,0.20225360703767303,0.30803013982480015,160.99266282069985,10.105782358726309,-74.66424761736592,-53.54009339697443,-86.52229470635497,14.929000774550264,6.321707248687744,6.2081756591796875,0.1646586345381526,3,0.9576117992401123
453,2.144714541013781,3.58048631077887,0.19813567154801076,0.009386837893580548,0.0,0.0,8.87553313921935,0.5196026368702347,101.59787816017547,7.86266113742432,-69.6722626817174,-57.62207026816508,-108.86827245093951,19.48945692794023,6.526484966278076,6.526484966278076,0.1646586345381526,3,0.9524710178375244
454,1.3713495553298816,3.2495212693691835,0.15839395734921252,0.02324156028443078,0.0,0.0,0.24872032789118953,0.4433159589491149,32.17428490416054,6.9990987608852,-49.51625702221251,-43.41236910701855,-90.37673609396032,13.33144470879114,nan,8.818740844726562,nan,0,0.9500527381896973
455,2.24356567436303,3.075015325074409,0.10028202351431452,0.027906183793255643,0.0,0.0,0.14383989302691458,0.4007593411062344,225.04650941199435,6.7950184914856475,-71.47011404886337,-38.49248991323148,-74.87122946145018,19.890877709586626,nan,5.729898929595947,nan,0,0.9410901069641113
456,9.810258205764828,3.2123928577756216,0.044693347253856326,0.014825486387247743,0.0,0.0,8.02389196781471,0.28022279743805084,82.19902746660426,13.55909117710836,-67.97089090467486,-42.12267022036267,-70.27656735702861,4.244859809908873,4.663851261138916,4.17446231842041,0.1295774647887324,6,0.9466218948364258
457,4.856326103355653,2.202386733506665,0.1752190028088152,0.02647096476371834,0.0,0.0,6.098814436125549,0.26103463091526224,57.29689065809607,10.647669184258774,-50.466133048757,-58.02626161944721,-71.71036356098435,7.519290061356834,79.23168182373047,71.15567779541016,-1.0,65,0.9472551345825195
458,7.948769009243375,2.54631308145104,0.013482421052762117,0.0161959927395077,0.0,0.0,2.0485706462495097,0.25703405095101167,103.43212121367542,8.718888765500449,-48.09820333873094,-56.73014183542902,-84.15764834706455,3.8140535318900426,130.11715698242188,128.4466552734375,-1.0,75,0.9426589012145996
459,6.54587925002388,3.0547995613162624,0.24735077030756217,0.025813192866644897,0.0,0.0,1.267248700577774,0.2929287551008663,223.57676492181352,12.383450508284955,-71.81632540086227,-52.55554329779616,-92.8318102416795,8.702935830613294,7.400988578796387,7.394449710845947,nan,0,1.3940751552581787
460,5.937924924607055,3.745974430803414,0.12627350984118463,0.00839340640817219,0.0,0.0,6.8939065587384825,0.1833294457162387,197.98885748537268,10.516266842473524,-65.02177397878951,-42.01388357659118,-89.3960805645287,3.436560320811019,6.117608070373535,6.117608070373535,nan,0,0.9858191013336182
461,1.878737419317972,3.358103112575986,0.12442626724859245,0.02740394266873213,0.0,0.0,2.0466338378538724,0.28987228996965125,34.72251238199152,8.607653438361375,-58.899541683468975,-56.62896680879414,-85.24396231861667,6.122583251365937,44.234413146972656,39.94978713989258,-1.0,43,0.9468340873718262
462,9.487232308801904,2.180816156943795,0.09815125754277172,0.0259474108090172,0.0,0.0,2.0739262980497073,0.28418870601462626,169.9450855899071,6.226101609410965,-63.58417989817995,-58.693396274644186,-95.12715011261058,1.2959277414507033,7.623834609985352,5.848603248596191,-0.43126177024482104,9,0.9418590068817139
463,3.3627550088898204,3.1845499008888085,0.2908061666095759,0.009237952213651797,0.0,0.0,4.8682304492338115,0.3740409105377567,117.8927149329242,12.136126947824092,-76.49229867889194,-41.619432700149325,-83.7112129808451,10.587500189584382,7.4260101318359375,7.296121597290039,0.12967032967032968,1,0.9425101280212402
464,5.991163550171651,2.4434759752741977,0.05247508583121565,0.017986265314306336,0.0,0.0,2.0253092889884847,0.19660562722971106,147.88115032445558,8.687177053833565,-55.13811561810987,-40.508353951980695,-74.97992604859051,6.11973599848008,3.2777140140533447,3.277693271636963,0.4595910418695229,4,0.9310200214385986
465,7.147871473596128,3.468033119577446,0.04539234644256335,0.03583287645572633,0.0,0.0,1.0170768611504766,0.38816857379467323,160.39861222866608,7.184765805962211,-62.66031352413065,-59.93426849851206,-101.28859584462465,13.002948200819507,4.778659343719482,4.084716320037842,0.08958130477117816,4,0.9265642166137695
466,6.667714974830434,3.6548817050174947,0.049659450463509044,0.008881629475978764,0.0,0.0,0.6017872689068396,0.24200903576482338,211.10314619671976,6.3922263886881945,-60.45065227389845,-44.08062449737424,-68.04240584677642,13.447732098254175,4.816523551940918,4.812276840209961,-0.02610441767068273,3,0.9519927501678467
467,9.435646892107425,3.186912545179947,0.1975582448552292,0.0272238653681971,0.0,0.0,1.0145367553561664,0.36255920714762896,33.69752156826983,7.173953940355844,-57.74825548895508,-54.609508080919184,-68.22625363052202,18.493056814931837,26.629045486450195,26.629045486450195,-1.0,34,0.9493107795715332
468,1.910170404240551,3.1827252195034195,0.2975685956188795,0.04497143248668876,0.0,0.0,1.1090657614680959,0.2912045478495077,228.19084783615907,8.343620862497547,-54.906753221388925,-43.42465232662876,-108.39782983980025,6.045736450579314,9.562885284423828,9.562885284423828,nan,0,0.9596030712127686
469,5.329351015245949,2.677182886421628,0.0706425511205264,0.036746156817449215,0.0,0.0,0.5268218295685702,0.43190996695143874,57.55634782627774,8.966468813906719,-46.64311992091712,-38.859959026041544,-96.79589338842754,11.07059909088714,5.202146530151367,5.00016975402832,nan,0,0.928504228591919
470,4.338326712037277,2.892500042322619,0.27168521912024635,0.012603468695331155,0.0,0.0,0.7874750776865175,0.4467332798935258,54.22120796493223,8.219471938367505,-77.72488628447904,-43.934837477079085,-80.4385651476652,16.931530795265427,7.497599124908447,7.497599124908447,-0.07344632768361573,9,2.358774185180664
471,5.0046029300848724,3.7282167076306907,0.08358496776245172,0.0202384727946636,0.0,0.0,4.015539161608921,0.2905410353718248,210.45691708826843,7.2804751935497825,-53.99356688429545,-56.63230917931669,-93.18282447143851,10.795194859625202,5.141114234924316,4.921262264251709,0.08958130477117816,4,2.6344828605651855
472,1.6325664988785737,3.446640661934313,0.19436997603759004,0.049061422780781246,0.0,0.0,0.680811271568286,0.3384435537156003,21.378080240027483,7.254109692363635,-70.51093650034866,-56.81144175914527,-67.96566775071501,6.47806457365521,99.61675262451172,98.71829986572266,-1.0,61,1.056523084640503
473,1.7738987937912707,3.039507319391686,0.012149685580010316,0.018510042491281735,0.0,0.0,0.11249145478111794,0.18427395833756954,125.26948283705015,13.97227390340549,-60.16750630740646,-49.71260562519788,-68.15934173340717,5.227457351965562,4.700627326965332,4.700627326965332,-0.07344632768361573,9,0.9405777454376221
474,3.141717684921945,2.736464772496742,0.1486961923728567,0.006516248031916398,0.0,0.0,0.3681617312369065,0.44869657430461524,51.28517039290282,10.28291495232627,-65.04443917590135,-40.075348067113374,-108.10954814130348,12.736790663813178,6.9960036277771,6.9960036277771,nan,0,0.9287481307983398
475,3.3946937357278975,2.1007594765771085,0.19637098988369453,0.005551377477742746,0.0,0.0,0.2907259030424947,0.3075735322143734,173.4562028665116,13.775334086591736,-74.89828799160576,-53.84391953226331,-68.0400545793841,12.98194806418271,7.060324192047119,7.03668212890625,-0.0488262910798122,6,0.9356720447540283
476,4.565080529972825,2.2860148026527702,0.16089593316678857,0.030852084635662448,0.0,0.0,3.865129270919314,0.44762417061283927,18.751277529167677,6.618752018046232,-52.50958037803161,-45.81313753858961,-84.55630332715067,17.717447222914423,nan,30.218229293823242,nan,0,0.9375190734863281
477,6.304381696847969,2.3860503790787413,0.07135061546453733,0.01326167344753142,0.0,0.0,0.7917464357198443,0.4456746106661627,65.4525214553825,7.28344785457616,-58.51679183322718,-37.939422558652915,-98.06372098995718,13.944592931035688,5.844056606292725,5.130894184112549,-0.1504702194357367,2,0.9219050407409668
478,6.528976615473498,2.7467670865173495,0.24854908448037466,0.008826385566126574,0.0,0.0,0.3635976654367187,0.5239375141027266,45.04717732740306,7.375269566633191,-48.44714797480419,-57.05087512734062,-108.90445085051624,15.7238685141049,9.953540802001953,9.953540802001953,0.3607085346215783,18,0.9360930919647217
479,4.412203517562917,3.8882872941525495,0.29104095337147207,0.01113376460438352,0.0,0.0,4.182247860692221,0.2429546463019943,93.37719616079148,9.173268417617047,-52.00498592821316,-55.5016052105663,-80.73528763155339,6.957038247915055,10.631521224975586,10.631521224975586,0.18390804597701163,20,0.9381628036499023
480,4.383439539572622,3.0103067897174975,0.1377588287076196,0.028598474715625252,0.0,0.0,0.10925305985419005,0.418732147910357,33.981745948774154,11.499968391760703,-68.84675529071724,-38.33489739299823,-68.64339573956447,17.131983476498103,nan,7.95299768447876,nan,0,0.9401800632476807
481,2.567471003621139,2.4696803265184624,0.1907757795567761,0.014595444974964176,0.0,0.0,0.2231010865841357,0.34000176170559876,84.14090191015624,7.892660994877249,-48.751977515727006,-48.67632540308847,-78.1517124398893,16.71611982680205,nan,7.19954252243042,nan,0,0.931495189666748
482,6.088909359885578,2.2115002749230284,0.23712398050367176,0.03693766998790234,0.0,0.0,4.5072291540461915,0.37900049222979676,73.86793061959918,6.952779423478321,-58.131035282984996,-45.245193605919376,-97.84099673036408,12.109427706321501,5.9709248542785645,5.755791664123535,0.2,5,0.9131221771240234
483,3.51188865751376,2.676611049205928,0.0724467181865382,0.027157862997385082,0.0,0.0,1.2627095215868456,0.3169413956805545,191.78216853001888,8.80008785875302,-71.51887983760497,-41.8749696597611,-74.63575924931924,19.131499319509487,5.299990653991699,5.299990653991699,-0.02610441767068273,3,0.9404711723327637
484,0.8425684256349552,3.631461271102114,0.2593351145786356,0.04709601431196018,0.0,0.0,3.5261399825812836,0.3520777355832582,43.94473927101836,13.114112815105557,-53.22154160835341,-42.452502301727804,-95.91258668643299,1.4216660725749284,7.470116138458252,7.470116138458252,nan,0,0.9327201843261719
485,4.474800419490173,2.7666855868210156,0.08406027159299925,0.03867886941282431,0.0,0.0,4.746265511884356,0.5026961450388061,126.73661364747173,8.286155011885729,-69.8562643375658,-36.82153557018366,-103.11639985760559,18.750415212220524,5.586507320404053,5.586507320404053,nan,0,0.9301722049713135
486,5.004260413356618,3.545011612044827,0.23274924105457162,0.008984982097587203,0.0,0.0,7.6546788935210435,0.4072165079036878,125.87554330247019,12.706234208487494,-70.07443499953314,-44.15198339788162,-84.95352219244624,18.55915569893884,6.67968225479126,6.678119659423828,0.048066875653082534,2,0.9302980899810791
487,2.643132247940004,3.6054099522537575,0.03362976972792662,0.022804955920752698,0.0,0.0,0.13392115881703678,0.30446432402427115,51.23863817375684,7.636559117939837,-46.78624601912594,-57.55088448034738,-81.43928889302016,2.1507181510898095,nan,20250.888671875,nan,0,1.0097901821136475
488,5.938350364660099,2.2216415393974085,0.08651601102425091,0.005242193394588397,0.0,0.0,3.967066554590924,0.3669065184078338,27.707885867738764,10.777189943213774,-60.702121324607944,-45.67434503116018,-88.68565565525257,15.104827471050491,7.319180965423584,7.293412685394287,0.1471571906354514,14,1.103795051574707
489,5.874833054103249,3.2173195052535677,0.16008598018196032,0.048986535844670345,0.0,0.0,2.615364933305721,0.1989010695209109,238.20336336392668,8.206249971122844,-68.6796116439768,-51.923761441419636,-75.65289741623664,7.612294521350835,5.617151260375977,5.617151260375977,-0.02610441767068273,3,0.9736309051513672
490,7.169020720548528,3.9181921267422215,0.15747662871129453,0.009119606787429763,0.0,0.0,0.2594485222149685,0.24176938158574923,165.64952554400963,9.567100456095432,-58.726836654194564,-39.27461567987752,-86.86735906006075,10.028290816087406,6.002329349517822,6.002329349517822,0.12967032967032968,1,0.9721219539642334
491,6.655510580911495,2.804276149807108,0.25512935534590986,0.023108145742345865,0.0,0.0,7.301372952629692,0.326874538505149,71.4041542292197,10.12723665455827,-70.81557044816387,-38.910744857051036,-92.50111879122873,3.4530450048641237,6.2235894203186035,6.2235894203186035,nan,0,0.9479489326477051
492,6.6981140369498,2.1018881780060443,0.29883817729158213,0.03532837206287167,0.0,0.0,0.6432854975300869,0.33104773756642064,65.1925314230628,10.27665173973805,-47.929936945958666,-52.485962535630506,-98.10262081553098,8.724636861392572,8.801102638244629,5.947865962982178,-0.3604108309990664,8,0.9342310428619385
493,3.5040344423284093,3.846605380515757,0.03216325375804219,0.007234935555974386,0.0,0.0,5.9596541138841035,0.33199123479941434,232.58353000719367,12.761757395690832,-74.76162171238579,-44.656167822493394,-74.36611084951844,15.592196486034515,5.198872089385986,5.198872089385986,-0.1504702194357367,2,0.9433610439300537
494,7.980606108866562,3.767332563144966,0.08141643984751111,0.03522486579520209,0.0,0.0,1.6226595470773224,0.32705267248712616,122.43446310356163,11.854651085392337,-59.57446862924557,-54.963875428694934,-107.47758617135712,8.020493920956406,6.688547611236572,6.688547611236572,nan,0,0.9332261085510254
495,5.716871644196955,3.0442828944180036,0.10727946306692274,0.005142989884474973,0.0,0.0,1.1310866931297345,0.3975758546945361,24.24597044793417,9.160107231367137,-50.989234945023405,-38.892646289910466,-108.4666735396992,2.3211738826803883,6.160456657409668,6.160456657409668,nan,0,0.9531538486480713
496,4.598472854208956,3.1045062406880195,0.14367552234300152,0.01383397996638125,0.0,0.0,0.20847206476445027,0.2898123715820391,164.06943014598627,9.9999895595376,-74.77245625443632,-39.86175955669767,-100.25767267821101,2.484835839218505,6.559637546539307,6.559637546539307,nan,0,0.9438409805297852
497,6.447118568940042,2.42348220555225,0.1481729229463197,0.014825441206316646,0.0,0.0,6.739927866715449,0.12541693711006144,182.38664176300196,10.865007797055712,-66.19450414440367,-42.68184490541164,-68.98786900889587,1.6494664125663068,6.302190780639648,6.302190780639648,-0.28042843232716663,4,0.958306074142456
498,3.9262446772774156,3.6389015110892746,0.256858518944525,0.01183206965285429,0.0,0.0,1.2981468227260198,0.2158814602831185,154.36627066532714,7.7453383761244785,-63.40517840205157,-49.40047177791576,-92.45091494744617,4.6167659047017775,6.293672561645508,6.280500888824463,0.1646586345381526,3,0.9570407867431641
499,5.3710228237642035,2.997200076784253,0.2311677908355299,0.019291000426697142,0.0,0.0,0.10284538563994194,0.16481388189244536,194.6094853823459,9.036164679421603,-48.948130867223206,-51.13329317633773,-72.2128994894381,11.344860298969069,5.859499931335449,5.859499931335449,0.06156716417910444,7,0.9182043075561523
500,7.498704040581092,2.0677555902851132,0.005655473711385994,0.04109721127442867,0.0,0.0,0.1087850165482959,0.3122539624161207,98.6938040177522,11.632257716783968,-52.46708813888022,-47.932730243137954,-90.85608072274084,11.97096043707412,4.565049171447754,4.092029571533203,0.1646586345381526,3,0.9241061210632324
501,8.920827423875224,3.3660299128979956,0.13650652817495637,0.010615956215070981,0.0,0.0,3.591411839650201,0.23889859260287916,144.58757705631518,9.4038337268375,-53.48179925450768,-50.0069638061548,-89.61507457028783,12.501046261310735,4.502533912658691,4.4457855224609375,0.4595910418695229,4,0.9426169395446777
502,9.25004337430432,3.9009925396054124,0.18542215147322663,0.018977101983072064,0.0,0.0,0.2108010194158082,0.26928582159892306,236.97524744405288,8.085488888112824,-71.88165200309663,-55.57781833717543,-78.97501035613399,9.532798110949747,5.996214866638184,5.897168159484863,-0.02610441767068273,3,0.9327690601348877
503,5.284512789239442,3.6583009806915006,0.13811867612790701,0.037707915923986826,0.0,0.0,1.5757121045423415,0.23003730051676852,99.3794582170832,7.632722993190949,-48.810156790883156,-48.920674119440356,-82.65380098311519,3.13806198755804,6.080685615539551,5.866323947906494,0.07142857142857144,15,0.9654331207275391
504,5.442613590035406,2.55439628042108,0.03919357680771069,0.0296459518862385,0.0,0.0,2.3023106574874235,0.4043714690779136,34.83360983752725,6.538836333311966,-67.14288717065972,-48.17783494520221,-98.99398327478434,7.643872611668883,5.757012844085693,5.339166164398193,0.0871327254305978,12,0.9189479351043701
505,8.098768902256447,2.1066501698666813,0.11924222510719446,0.005491655293677056,0.0,0.0,0.3620188512062862,0.546314308508315,11.439807825467039,8.808707722091158,-75.82900328092033,-56.79038804065276,-109.79722560979985,14.23123075523703,10.757553100585938,10.757553100585938,0.024242424242424315,21,0.915184736251831
506,3.487281571569912,3.8807028250763613,0.12349670853892082,0.04382891992360062,0.0,0.0,1.3760290950878271,0.3085100738522616,224.19526803135832,10.972364486817257,-76.63292818252316,-35.258763765187396,-66.0986673105569,9.896456177492286,5.7838921546936035,5.645031929016113,0.048066875653082534,2,0.9477589130401611
507,8.45513244227815,3.874125449759403,0.05631477673492763,0.00556694471780968,0.0,0.0,0.3023552346975758,0.41223996425916093,34.80992023344806,11.765914477177635,-46.3486128430797,-40.53250989653268,-81.91087154430585,12.605806145050465,4.944538593292236,4.823049068450928,-0.2978723404255319,12,0.929541826248169
508,5.194345641915523,3.0648306394257387,0.22689213434128602,0.01939672813289751,0.0,0.0,7.809637123105185,0.4271632318558991,234.9211662672946,6.584954694558156,-74.76553931432808,-39.22971388150797,-103.46991138561084,8.282633251651562,7.92233419418335,7.92233419418335,nan,0,0.9376940727233887
509,1.6006388811850498,3.28463482334307,0.09642020404274304,0.01880717755418967,0.0,0.0,5.252188599877007,0.4261419544615799,74.74482889259258,7.947557731523146,-79.09973171120507,-45.84371841162972,-91.94422156249426,11.480214040103213,5.88255500793457,5.517899513244629,-0.28042843232716663,4,0.9464030265808105
510,1.1845618971929652,2.9252001214216166,0.17669618717058486,0.030574561354389004,0.0,0.0,0.3767780403511381,0.35844931069532376,80.03688749442584,13.531686840434102,-59.30284827154654,-35.96982383669333,-94.24973205836037,1.0435012095801197,6.6555352210998535,6.6555352210998535,nan,0,0.9473907947540283
511,8.4989355048749,2.8395307341975173,0.15471905428763025,0.007037413279633633,0.0,0.0,1.1419023899118033,0.24806846931705304,189.69107994136132,12.619030836485138,-77.94538109798825,-44.365769288442024,-80.25419598319459,3.768943473903741,6.246479511260986,5.493299961090088,-0.07912087912087915,1,0.9269649982452393
512,1.02789521061534,2.238896871857401,0.2632281237649166,0.007556842946644143,0.0,0.0,1.0029186659330098,0.455942596393002,137.08064715609368,7.945591045439549,-79.42419038784193,-38.32722274059706,-87.87371729480911,15.852282917303512,7.991076469421387,7.991076469421387,-0.1504702194357367,2,0.9264192581176758
513,3.165808643269731,2.1935057967221923,0.036604479558851453,0.028253804584864244,0.0,0.0,8.31852863444858,0.3324527955046896,176.265397412695,13.949642088116232,-64.67163086345823,-49.31123483107056,-97.32099948269735,12.877797054661078,5.065418720245361,5.065418720245361,nan,0,0.9082958698272705
514,3.6742353847646854,2.465464293352375,0.03427890247603804,0.007054638379591862,0.0,0.0,0.6138433571263028,0.3186365610692583,121.80587512771537,11.83008897713335,-67.52209055455005,-56.72888145976685,-71.19040465462456,16.732891897329008,4.836780548095703,4.836780548095703,0.1054613935969869,9,1.8992669582366943
515,2.143447229320141,3.6732814928130884,0.09009590073690472,0.014737205225398464,0.0,0.0,1.331849368870898,0.35739054716885815,90.73004303662117,11.522813740095994,-62.76589828035359,-40.9756975717225,-92.44404341009694,11.177145472433363,5.675241470336914,5.675241470336914,nan,0,0.9546759128570557
516,3.4819870131188977,2.2916646014713598,0.1293644904377505,0.026953681646147993,0.0,0.0,7.201337907978655,0.3722962898872641,23.297703934891867,7.399279852704651,-52.6382037278714,-50.460862945678066,-108.42025590966844,4.185089428526987,7.018998146057129,6.406521797180176,-0.2272300469483568,6,0.9324328899383545
517,7.555579383888314,2.4533973038294214,0.08956267462564185,0.022398138877466608,0.0,0.0,0.21165186630593233,0.26033458490801886,104.66754737969134,11.743304856134175,-67.27802353674691,-41.37035614052827,-71.38727357172125,7.48159566990854,5.1598334312438965,5.105289459228516,0.2,5,0.9476871490478516
518,0.6394870138206723,3.097228118644415,0.22895612471857313,0.008120339567040474,0.0,0.0,1.2617438790142443,0.29380215426458206,194.08638129651783,7.015045327441516,-65.46507662249192,-57.56094009296019,-107.63624050423509,2.226020172223491,8.161178588867188,8.161178588867188,0.048066875653082534,2,0.933089017868042
519,8.358147532946521,2.430262436156549,0.0735797529327899,0.010067699934519746,0.0,0.0,0.1626843740791807,0.4360519477517741,34.09296622877638,12.68580738733119,-60.971300672820846,-36.31529530557473,-85.78998644093689,12.94551531389735,5.162269592285156,5.162269592285156,nan,0,0.9476151466369629
520,8.637206223958303,2.326413369435574,0.025432422831673417,0.04655270353488745,0.0,0.0,1.717899936516284,0.27463126639520036,52.4313110623134,10.324648165069668,-66.51441079188356,-36.71411644649075,-67.97354528981936,4.771473637542579,5.783644199371338,3.048143148422241,-0.6889952153110047,10,0.9543101787567139
521,4.036484945319708,3.1266324833959245,0.12413994296524426,0.014048845113405095,0.0,0.0,0.5387241030848045,0.27786096878291194,152.63009870582417,11.105406423767825,-60.31127221896938,-56.89175730012127,-80.56931065216122,16.182620413559803,5.2159199714660645,5.2159199714660645,-0.0488262910798122,6,0.9440510272979736
522,1.9593225410760307,2.7361865419932307,0.2320137864415452,0.005538950458838786,0.0,0.0,8.615334545203702,0.412240230293232,89.40198778621992,10.116413615553258,-75.92852187777527,-36.732782212824304,-105.0707966072456,4.959165026696694,8.106378555297852,8.106378555297852,nan,0,0.9347820281982422
523,6.207983875478268,3.2523185716809384,0.25516858307602236,0.008290007124799381,0.0,0.0,0.6773581526148763,0.45355261930092694,78.65004943400804,12.606321913456174,-55.47704278241758,-59.82463904992244,-101.73973037782653,15.252872404646133,5.121222019195557,5.07581090927124,0.2388059701492537,7,0.93013596534729
524,1.6368892807164963,3.8244106808173526,0.22000345450900524,0.011000314300990868,0.0,0.0,0.18722993006609764,0.3423763729002062,102.88193293018685,6.20970825973808,-46.262909258799134,-56.21917717648595,-87.02900119789275,5.7180058552520245,39.2523307800293,39.2523307800293,-1.0,37,1.1104891300201416
525,3.966733930243399,2.3019862628701353,0.1673660035499232,0.049941250039647785,0.0,0.0,4.655860097494329,0.2729177695086783,179.61794365183272,12.213808792378305,-66.09728587662875,-43.5387594635242,-69.09168869540815,16.48137325135952,6.162003040313721,6.162003040313721,0.08958130477117816,4,0.9204239845275879
526,9.605077218559238,3.826867319626128,0.217257510524753,0.010038331923973298,0.0,0.0,4.382615625917658,0.35214805153369194,105.42647505833038,9.531808431173104,-48.95926040905428,-59.14067998934143,-108.97347924587781,4.91011148973542,20.49114227294922,7.932768821716309,-0.6071428571428571,15,2.853947877883911
527,9.956912489544553,3.8049799348458375,0.2044168605911584,0.005313318539247344,0.0,0.0,2.453122518377755,0.31263552923889476,200.35297827762903,7.2257055009376066,-70.01522502680766,-44.2732827464956,-101.70907354723786,6.7592104836278954,7.787963390350342,7.787963390350342,nan,0,0.9691641330718994
528,7.834996467868563,3.6581751666718056,0.07030998974851825,0.016288893428141462,0.0,0.0,3.1450213917551957,0.281313536705972,117.38992723833421,7.824874270143505,-45.26552106077234,-55.9138495669683,-71.7528302785886,9.931896798475664,12.119023323059082,12.119023323059082,0.5624999999999993,23,1.0754151344299316
529,3.454134344247279,3.2625718346121704,0.16522766766095812,0.006061434120125187,0.0,0.0,0.3384000631240005,0.4689710781141015,39.69844633564335,6.947889257300645,-62.489638038220065,-51.16199571326975,-99.44289653991528,19.21984360614923,nan,6.118702411651611,nan,0,0.9381670951843262
530,7.032817967077879,3.240293314931095,0.2311827997915296,0.009398046792597974,0.0,0.0,1.923565595838483,0.3304548490255608,116.5773403456339,13.430487850978622,-74.26000958773135,-55.41334831924969,-83.17875390758968,6.12763720971963,6.005519866943359,6.005519866943359,0.2,5,0.9406700134277344
531,7.201360472098121,3.278425319873003,0.09513619856254146,0.04913072585520154,0.0,0.0,0.1191351023908181,0.5807410293423662,52.5357067905899,6.7574830833064885,-77.33052653924926,-41.17079036466434,-97.30265841335826,19.58996391284506,5.289645195007324,5.289645195007324,0.019047619047619067,5,0.9422929286956787
532,4.184496104054673,3.380991102435626,0.19619194401507942,0.025328444736570213,0.0,0.0,0.24761690317291904,0.3237877386284909,52.117859320198704,8.835573200190783,-66.87819831811834,-47.496180181579255,-70.82138589592459,16.86063398931956,nan,6.900196552276611,nan,0,0.9383697509765625
533,6.588442028568514,2.032964401192314,0.14444412825563954,0.00561871021093635,0.0,0.0,7.320805946452863,0.3446894020664338,12.289956098672924,9.274040535666101,-51.02221441357963,-59.99505480433225,-85.98621925017902,5.930036805330836,2044.127685546875,2043.04736328125,-1.0,320,0.9376709461212158
534,0.6019126272689244,3.9161851583212997,0.15094765528350598,0.014049365885940692,0.0,0.0,3.0093354015702523,0.4042202070443297,104.93676632568314,9.362437599030464,-66.288594574887,-37.70124694471843,-85.85913759637094,18.171187752731708,5.674232482910156,5.674232482910156,-0.02610441767068273,3,0.940000057220459
535,2.4860477567212937,3.1712075229311596,0.027016511334647917,0.007423479558188241,0.0,0.0,0.28929776733466417,0.09810908845928784,177.15075368391072,8.808960567792045,-62.72527114578658,-50.25353654486771,-72.71415748098553,4.56435842744831,4.542809009552002,4.146293640136719,-0.2272300469483568,6,0.9506487846374512
536,5.488338878188981,3.5629316788048433,0.19986514959161392,0.006636126570966913,0.0,0.0,0.16701911535426917,0.21230015736107907,225.37482492015684,10.643395954015329,-58.58847161111706,-47.07996499370072,-85.04765853297872,13.685832912033716,5.9705352783203125,5.958074569702148,0.24660397074190177,2,0.9338397979736328
537,2.0556373904538106,2.754563678122726,0.259706110606356,0.019321258797721598,0.0,0.0,7.90385364277508,0.21591183732789798,160.65810867319772,7.713176710959714,-59.61459436944241,-51.13433898278894,-81.33363623887045,11.408857025090457,6.681230068206787,6.420674800872803,0.019047619047619067,5,0.9368879795074463
538,2.0761152448270694,2.024794427831592,0.04242938640775884,0.016018649322057092,0.0,0.0,0.16763910445391014,0.3367711154433671,51.32638475387329,11.87787134031229,-64.00452933821784,-46.213961192846575,-79.73107107838342,13.404563704425604,5.0765180587768555,5.0765180587768555,0.40191387559808617,10,0.9299840927124023
539,8.44489076022726,3.019469319752888,0.10983169866493481,0.027659007281765895,0.0,0.0,0.326693200907564,0.3121072348537764,182.25362862071026,7.654013829144939,-76.13630681919251,-43.27051063314139,-99.3806774000443,3.1774925024467064,5.977963924407959,5.977963924407959,nan,0,0.9480290412902832
540,9.896763525494253,3.014380238631858,0.014600236452250503,0.03901900877783598,0.0,0.0,0.231882506410406,0.49107658868812404,40.18462334616384,8.502400991196112,-45.28745331827642,-56.06849183282287,-96.56585469656895,18.493948885760716,18.086273193359375,17.012081146240234,-1.0,30,0.9422829151153564
541,5.78170956627026,2.8739785766229033,0.008889565792917331,0.00882372291413605,0.0,0.0,0.10349697127377462,0.1813861608853552,231.5608545223846,7.830746889212144,-49.18415560322698,-56.52705138692466,-75.7308614914768,1.2471550523000592,nan,2854.14404296875,nan,0,0.9390459060668945
542,8.471162443376278,2.6794341083241537,0.2968975490015231,0.04187569143375498,0.0,0.0,0.42488318913251155,0.36659953390513716,103.52251472542082,7.978681653739105,-55.35971950443071,-59.59859671612038,-89.07942322768102,14.23785147015377,6.6103692054748535,6.588306903839111,0.34117647058823536,11,0.9399712085723877
543,9.908055811099588,2.499652175619444,0.1480414524919154,0.0164801733990127,0.0,0.0,8.87887093811948,0.438098199504298,20.74212084754207,13.179201457039778,-67.35809074112429,-55.86835419394394,-99.85409767862926,7.439212646828802,6.396877288818359,6.311239719390869,nan,0,0.9253556728363037
544,1.8451609414033596,3.055089748994366,0.10665570559057391,0.009074128446570538,0.0,0.0,0.4828437471229355,0.31116761747350036,55.62627341912719,10.084630031321623,-57.847389222522544,-49.164247277916886,-90.7835532547195,15.852290868005348,4.266356945037842,4.266356945037842,0.28436911487758953,9,0.9245619773864746
545,4.758333325916335,2.750556279386988,0.08246312298750567,0.03505547389266816,0.0,0.0,1.0200225170372796,0.3758338714698293,79.23384398031358,10.982150671257937,-48.74774452347846,-54.4621408725997,-82.10446714889943,19.0114638210409,nan,7.054755210876465,nan,0,0.9510860443115234
546,4.229440800498239,3.9398637660996174,0.2940037934834877,0.005426251543287371,0.0,0.0,3.1036416249756926,0.3137956656473581,131.85290863975453,13.815181789577043,-69.14838845353212,-45.89265268334505,-96.00339119595712,1.0706690762806121,9.674555778503418,9.674555778503418,nan,0,0.9601390361785889
547,1.2604681946387577,2.345854615533863,0.0756752356565051,0.018133405852303757,0.0,0.0,1.2652029741636375,0.3263900578941702,239.38086310250142,7.920480544298212,-45.94143051671439,-43.674179333821826,-69.32298759731422,19.376852194019026,nan,4.824344635009766,nan,0,0.9211897850036621
548,7.6756366415500725,2.639331135254174,0.21771251872132297,0.026338530412878716,0.0,0.0,3.070315568918293,0.23268458572596049,140.60071745865608,13.997530754410064,-53.143453175362055,-46.90463609766066,-80.52755221141014,4.691155789205387,5.637074947357178,5.345733165740967,0.048066875653082534,2,0.9529659748077393
549,4.620900759564633,2.5879209418491422,0.08512742874178014,0.009526814116002015,0.0,0.0,2.1050951777120086,0.4006630869406673,12.537502931280475,8.054314780857137,-64.77601983980325,-54.29868532845615,-86.86838459062109,13.500938702268662,75.91986846923828,75.64077758789062,-1.0,61,0.9713211059570312
550,4.958605874808812,3.086618352471914,0.021146851607075735,0.036514211089676014,0.0,0.0,1.648640809815653,0.30239112073537044,160.83258529300866,13.150115444265028,-46.17883162308766,-37.73262466600279,-82.09212682938832,4.909518937231452,5.016663551330566,5.016663551330566,nan,0,0.9558749198913574
551,1.9313932512257819,2.998560513948296,0.2049829843553824,0.008694699317252672,0.0,0.0,1.9920388975558518,0.324367151104241,226.99376660908317,7.398883158138452,-74.70004161213372,-52.06076680236413,-84.18774973977703,13.94798000773028,6.553061008453369,6.431673526763916,0.048066875653082534,2,0.9500982761383057
552,2.2188031961932473,3.287480930848546,0.000489254288959462,0.034581536616708194,0.0,0.0,3.965780967260686,0.41575002698527164,13.057315789496279,12.224178173758002,-73.87431578194652,-52.58787871217447,-95.50609733919568,7.3164739790761075,5.063961982727051,4.81459903717041,0.1646586345381526,3,0.9829678535461426
553,9.117484410484042,3.9000035411484157,0.20272455346817084,0.005991215872695626,0.0,0.0,2.6325873469127097,0.3960315937886045,184.8845485081784,6.3275548976174365,-73.12187635626881,-59.442019221188794,-74.97652444797052,19.690724428937347,6.060334205627441,6.060334205627441,-0.09542356377799423,4,0.9894449710845947
554,0.9241663452556494,2.570442170987735,0.07511297969694693,0.0072259939930528145,0.0,0.0,3.833097280674625,0.3268307810672181,161.6958466313098,10.72111344735049,-48.2176825314024,-53.62615034091293,-107.00919626878976,10.689428194472098,6.055560111999512,6.055560111999512,nan,0,0.9668862819671631
555,2.7120967069652093,3.385543138509993,0.22383126962145036,0.012021387270747693,0.0,0.0,0.19552184043421003,0.26636350024948774,69.88020172998061,9.608652917447216,-64.02950522963667,-52.02920439829826,-88.11539382876259,8.222885730448132,4.873732089996338,4.680837631225586,0.3492063492063492,8,0.9721550941467285
556,3.2745636379880194,2.050080406010367,0.2309250502051948,0.03572938304674327,0.0,0.0,2.266456903621717,0.38802201723113955,36.00364745983165,12.93380565924624,-55.45541999494209,-58.967278375003986,-104.78961086279122,2.8337749435284563,8.683797836303711,8.683797836303711,nan,0,0.9496150016784668
557,5.156876652815071,2.524776945467249,0.21723217164526137,0.0069751791979524806,0.0,0.0,2.9788170066524557,0.48596427114320834,24.201015812030363,6.4724542067243815,-74.50106834723299,-38.8032647867518,-72.72950167108209,15.87978303028932,nan,11.966036796569824,nan,0,0.9827661514282227
558,6.071229143640561,2.9274394559931856,0.007345032440283117,0.0375325648906313,0.0,0.0,0.39804563428523454,0.312411707350011,151.38249650387172,11.787948425709075,-54.15315762058928,-37.76717824230832,-77.04456366639054,14.992726852398345,4.990492820739746,4.798680782318115,-0.1504702194357367,2,0.9744288921356201
559,5.186254770581333,2.0619895769622687,0.21112098589313052,0.00848597075918973,0.0,0.0,5.612478052151746,0.21971003699022215,194.93866972410126,10.450838847421055,-72.54399234850868,-57.88643806077354,-91.14303978281455,2.742027762035189,7.646585941314697,7.361300468444824,0.1646586345381526,3,1.0086441040039062
560,1.2990956782903793,3.235338921107278,0.29704368421672894,0.01417354225954123,0.0,0.0,0.4068395887195177,0.4549207527450168,48.939927257496166,6.19072009409948,-69.49277981372215,-35.750054439949544,-92.94809273010152,5.576959514970545,6.5459208488464355,6.383646011352539,0.307981220657277,6,0.976038932800293
561,2.814840813529279,3.3566212168034166,0.07278761055768686,0.011264305191563219,0.0,0.0,0.3073719545407192,0.37021811211177535,102.79337974179326,8.41070816165342,-56.414311197507374,-44.13833097102298,-108.76956915032767,10.715139960328917,5.7460784912109375,5.7460784912109375,nan,0,0.9754607677459717
562,8.514089655244142,3.493463429676093,0.08227157166760156,0.00656290671048445,0.0,0.0,5.422425963334158,0.5258609436026355,18.32592816535054,11.418906131314198,-47.246708428045956,-37.312803031814525,-100.7429549559083,15.110257806706473,5.7685418128967285,5.7685418128967285,nan,0,0.9624109268188477
563,6.557092654545361,3.0331490096860243,0.24405796487416184,0.04398248303546476,0.0,0.0,0.3119174532319828,0.2521504506536835,192.40517333933,12.914940264875074,-70.91404652198176,-48.729128850696,-100.03230069335343,1.4618796870126363,8.9967679977417,8.9967679977417,nan,0,0.9916067123413086
564,6.6669159762756065,3.2078893299572533,0.04811904151682417,0.013713499502050922,0.0,0.0,0.6776491920530437,0.399733925541003,161.57290440894016,9.451708943145164,-71.31590918027514,-38.8224013175097,-87.69437120093588,19.89849586703922,5.465044975280762,5.394390106201172,-0.07912087912087915,1,0.9910740852355957
565,6.866930925837872,2.7921305025569745,0.19817510265136545,0.024507627216481188,0.0,0.0,0.5443091814266455,0.4211805554161045,192.47230019596242,12.953689597887358,-52.93337129208149,-57.35187752623446,-107.07369497058482,18.386496679674806,7.813904285430908,7.813904285430908,nan,0,0.9753170013427734
566,7.7475786808755265,2.082506065013125,0.22650791325017353,0.018803456121724262,0.0,0.0,6.253507069076796,0.3467732155743832,41.785353249154475,9.129809205394082,-58.65311459554242,-54.70254125245011,-99.86217303315004,9.858585503536153,7.655484676361084,6.583405017852783,-0.10536980749746706,12,0.9582240581512451
567,1.0520305763537496,2.199903711549026,0.011148198545807153,0.015873983377186873,0.0,0.0,0.8137134162704778,0.42545730597283143,93.00587103578324,11.412605336158435,-77.37233315677804,-47.78103326305451,-102.15830370280173,12.527775171014214,4.748513698577881,4.748513698577881,nan,0,0.9617898464202881
568,3.9827796568598175,3.3099918484029285,0.16612862827956784,0.02067986159893378,0.0,0.0,2.446909271880487,0.28744117221695653,36.72905710487892,7.581054932235309,-51.86388560048403,-54.12082524904966,-76.83205975427785,6.1881912940756285,94.85380554199219,92.60821533203125,-1.0,61,0.9760141372680664
569,5.625510634985948,3.9911105991715523,0.17276317756076487,0.039565103899430756,0.0,0.0,3.873270331873961,0.3627059697792821,64.05632620378115,8.39323826305014,-49.1673805452038,-50.0708585165818,-99.03077615522119,11.19615000024135,3.561967372894287,3.4998018741607666,0.6421845574387948,9,0.9737339019775391
570,3.715336591324597,2.0316064783265926,0.09103286921753825,0.02501971625016039,0.0,0.0,1.8022173298929334,0.3244392512530427,98.6975247105812,12.321580158173305,-45.33440335904403,-46.83563893335416,-89.67129960562178,7.517672567963827,5.130450248718262,5.129279613494873,nan,0,0.9695630073547363
571,8.522549296228272,3.1151669936527657,0.2629034008192552,0.017039234653708008,0.0,0.0,7.715942750033712,0.27314094737699135,233.86790842213168,9.866266208037455,-73.77010990223827,-35.7696023653831,-66.76030433002893,9.278775994366454,7.123323917388916,6.9814043045043945,-0.1504702194357367,2,0.9896800518035889
572,5.084438831579292,3.5020175057651155,0.04882491578995691,0.022087978200143563,0.0,0.0,4.027309981787661,0.2940102590711044,90.08278299758014,11.443499573509083,-50.98765542250366,-47.53669669291181,-95.1134154026135,6.726486206397255,5.381243705749512,5.381243705749512,nan,0,0.9907000064849854
573,7.8019620998641015,3.6535496560277574,0.10925841285175815,0.02020060073277055,0.0,0.0,0.631558021223004,0.43323843093301456,85.11770725931616,6.9442635209792805,-52.74828472756769,-57.37600341202159,-92.07584772797662,16.863923405676434,4.400684833526611,4.400684833526611,0.0871327254305978,12,0.9641406536102295
574,8.594147410371106,3.09040980244528,0.25460060614419877,0.01355474063163704,0.0,0.0,7.973035292883612,0.2056396684160943,102.94435600913698,8.358094383407618,-46.811119666885645,-56.83640616167474,-70.18157437469866,2.1794591759992876,nan,6679.63671875,nan,0,0.9539670944213867
575,5.295519087583232,3.2398319603682104,0.05719282698179775,0.021073371068969844,0.0,0.0,1.1198237305761432,0.3564513708965695,105.1117649560911,11.053768443982936,-67.04865655504116,-46.63483947596354,-100.8199250035768,11.8116558318699,5.450489044189453,5.450489044189453,nan,0,0.9602451324462891
576,9.140746316777824,3.393449890549107,0.2464122408983025,0.013884805628518012,0.0,0.0,0.11095698464602459,0.39928383928089833,40.94850488682477,12.36877052871661,-59.56735302952546,-47.95169712952869,-107.53999418751134,10.495712382417723,9.883444786071777,9.883444786071777,nan,0,0.9645481109619141
577,6.077677435101315,3.717932499386861,0.023720753210386712,0.02861438276104398,0.0,0.0,0.33115137244594134,0.37237008703231117,139.62096898308528,8.125340107257315,-56.284338068212236,-58.080871282161986,-100.60899133481769,15.01342182916047,3.9402124881744385,3.919957160949707,0.08958130477117816,4,0.9833989143371582
578,8.577605838920357,2.244579074405637,0.14676872015699702,0.04654601314858968,0.0,0.0,1.7516977578275332,0.3659665016145784,43.861110352985555,7.964390556980929,-57.22006282334655,-41.77895740472219,-107.68298354194556,3.405198851792086,5.659060001373291,5.658693790435791,nan,0,0.9549188613891602
579,3.7356125581194806,3.8523643925497266,0.022599198733711023,0.04558640681363488,0.0,0.0,0.20588741677667144,0.32073872224595207,112.60714134395042,10.74235955865757,-64.11765679790362,-43.82325017970605,-75.98031920651185,19.041333102650142,4.079922676086426,4.079922676086426,0.019047619047619067,5,0.9778568744659424
580,5.238761106049109,2.05203480710314,0.20337107551845426,0.033090687538240494,0.0,0.0,1.4727739360886718,0.45733389799823826,90.47256401977285,7.304838148035729,-70.75705984991286,-56.29588887370522,-92.25894611121878,17.578778052129746,7.171546936035156,7.171546936035156,0.1295774647887324,6,0.9434332847595215
581,5.548404889543488,3.6723995019155504,0.23718044671668007,0.019986138901987752,0.0,0.0,0.528683850782416,0.49233962726547803,89.82377629720202,7.190581617780774,-61.70784912919608,-35.2014045834965,-101.53184515990583,15.779624083377715,7.555135726928711,6.997335910797119,-0.07912087912087915,1,0.9674279689788818
582,1.4973073010126705,2.1534808531193947,0.25495756447404083,0.02807385111715769,0.0,0.0,1.1715773316617546,0.19047204726307262,199.3725570220896,9.210706748008015,-58.31569964674163,-49.19066373122028,-98.19528785570127,9.096257201374845,7.406144142150879,7.29115104675293,nan,0,0.9541916847229004
583,4.286248813664636,2.3892564232098445,0.2943786752231966,0.00753387308072315,0.0,0.0,0.10086713739546332,0.28881727014015457,31.916731424916463,11.655648909287141,-50.978243892974355,-52.31500166573793,-84.50854290290079,5.410822108749292,35.42959976196289,35.42959976196289,-1.0,42,0.9550960063934326
584,9.214707889240923,2.0077882927622652,0.20160471668987603,0.015065670391324492,0.0,0.0,4.975568496233528,0.5202840211540046,39.31590353974669,11.308948520897278,-75.30623412222306,-40.45052326984582,-97.77104530620842,16.551754467050554,5.735900402069092,5.735900402069092,nan,0,0.9581599235534668
585,6.492906283465053,2.8905134110720816,0.23071857415200608,0.009042213753481843,0.0,0.0,0.5294817255757925,0.384449221301656,94.75605210979819,8.950740741143878,-53.72995337646305,-47.24335563411322,-100.95601581155567,17.157762413015266,7.328751564025879,7.13304328918457,-0.1504702194357367,2,0.9363868236541748
586,2.1863125331511912,2.6687184534347845,0.1517274834963988,0.005040399797493756,0.0,0.0,0.19068514814406062,0.38861149242867515,88.2352381242247,6.822214086707212,-65.43996342769928,-45.65095592075803,-82.55515997274061,16.876549060772582,5.242190361022949,5.242190361022949,0.1295774647887324,6,0.9527549743652344
587,3.719128538291247,2.3319858229740547,0.27382107035433784,0.04631349747338574,0.0,0.0,0.7513317019708214,0.23888478773450816,134.52356947249916,7.789683864538801,-70.84167842424321,-57.47898529263993,-76.88340698436822,3.012889383495401,6.585836887359619,6.585836887359619,0.46327683615819215,9,0.9553210735321045
588,2.320228591795648,2.902180321607813,0.19312751465983877,0.03654420901491752,0.0,0.0,0.938327807656211,0.39040541507759213,149.33690542320298,10.775579152372906,-52.50737550586248,-58.134257507864476,-100.8689895419973,18.28168516343963,6.822186470031738,6.351049423217773,-0.09542356377799423,4,0.9725370407104492
589,0.7358197520864391,2.8047417663443674,0.265065421875403,0.016318063650245164,0.0,0.0,1.882805338321991,0.3987530839554958,141.6144707762628,9.661521704880627,-53.83133070882014,-37.43673872277104,-98.1645663372703,18.128036947415524,7.236217498779297,7.236217498779297,nan,0,1.032594919204712
590,9.310874355788254,3.535322065397483,0.07063560510416425,0.008976815359665645,0.0,0.0,1.1197598223782812,0.5559830816361445,34.999763989373335,13.821464381839025,-74.23018612151364,-53.34409078494265,-105.65327269587614,16.269853630845407,6.18330192565918,6.18330192565918,nan,0,0.9682998657226562
591,4.7579696184402795,3.786260612140065,0.14902133421541927,0.024657282704452152,0.0,0.0,0.12219323541192936,0.3756702647008486,236.37337426958615,8.375812068558144,-68.60358138593722,-53.025502415499936,-103.03273549032836,15.96144011803516,7.122702598571777,6.799054145812988,0.12967032967032968,1,0.9510190486907959
592,3.4215831879974683,3.3051345035341635,0.2189456763191412,0.013607272713242852,0.0,0.0,5.533815101053233,0.518838512502608,23.965563202098163,13.742193043794263,-47.54395664218331,-57.03902286789384,-86.1714266955283,19.8641758142424,113.98339080810547,113.98339080810547,-1.0,66,0.9662191867828369
593,6.185533319798497,2.248820777453048,0.060816526368804975,0.031792123567715685,0.0,0.0,0.8184984542474198,0.2663473536562215,206.10242728113806,11.721069807668474,-79.21386690956844,-58.29056386579396,-74.26923057007885,8.152452229628405,6.317101001739502,6.25351095199585,-0.3428571428571428,5,0.9413080215454102
594,0.5694873347836485,2.5907815894197013,0.06340193797859348,0.04994455115280578,0.0,0.0,0.1425527320516775,0.36340890927205377,163.73933181558095,11.913453016345265,-65.22355378662188,-56.41545623248051,-92.59874736143547,17.549920404053488,4.739372253417969,4.701754093170166,0.1646586345381526,3,0.9533538818359375
595,3.1412100127077314,3.82663659366456,0.29341282212169123,0.011169985563707612,0.0,0.0,3.512824661679787,0.44468275619460024,86.14972917735511,6.5011955407565845,-46.43040039853264,-42.98307727565329,-85.66144616280954,16.75303958694352,6.498010158538818,6.498010158538818,-0.005602240896358641,8,0.9615631103515625
596,7.178817924139479,2.1774689860157785,0.1303831082211618,0.008777544659757816,0.0,0.0,2.0907824094991208,0.3315752097613283,104.56695596233206,13.880926352084764,-49.98494257107617,-52.986381458600235,-93.30284057700621,6.239116319770468,5.857521057128906,5.857521057128906,nan,0,0.9364187717437744
597,6.520812844157998,2.8137116787816527,0.054544635877131493,0.00925449005647009,0.0,0.0,1.9901029594543433,0.3542813983888073,161.6483938550949,11.114655448539237,-61.7122944270549,-35.853990635679224,-88.74761203200396,15.890725489734741,5.344696998596191,5.344696998596191,nan,0,0.9560372829437256
598,9.827156501654088,3.8850092384669628,0.0994391645944518,0.0061989231174139365,0.0,0.0,0.7142134153739835,0.22478072415462383,161.36187695063404,10.145479521157347,-78.52667124760106,-43.56262440449671,-81.08322120756986,3.3726058972584143,5.322434425354004,4.897202491760254,0.24660397074190177,2,0.955639123916626
599,6.393398241751418,3.9013296829389716,0.11921284447977767,0.012388427992172147,0.0,0.0,0.6622075458734502,0.31771663990935667,193.06044433295313,9.735952667560337,-68.6548894958317,-39.40101535385085,-94.54830682259794,12.8151650343927,6.366631507873535,6.366631507873535,nan,0,0.9558689594268799
600,5.036305799463461,2.822406354097785,0.18692557724106634,0.005204692273870271,0.0,0.0,1.182162755945881,0.3883289595374018,152.12040433499322,6.422447860586136,-65.20082292988495,-54.43053125170109,-101.01932021445249,13.444275883916987,6.41625452041626,6.41625452041626,0.1646586345381526,3,0.9535553455352783
601,7.733609350248073,3.3347937761975945,0.27690439771432573,0.006506771589426783,0.0,0.0,0.12623762806749592,0.3472098179633716,12.624298915723353,13.752631825715971,-66.16131478983127,-52.52991178887737,-68.60115200281442,10.246770700030055,212.8086395263672,212.6636505126953,-1.0,88,0.9844028949737549
602,9.081614783658503,2.913491196707998,0.2959770227766273,0.009346860298291803,0.0,0.0,0.39620096449843617,0.4448375373256063,151.29480784161387,11.566805989095691,-49.50060542804378,-56.7564502545736,-106.32560694085893,19.880504902360045,8.592482566833496,8.37126350402832,0.048066875653082534,2,0.9630918502807617
603,7.34661149382434,3.5069210788726837,0.19550962767333374,0.007224915635391632,0.0,0.0,9.457761262144226,0.3730595492049258,12.043274373996214,11.665558028920207,-58.612712331448265,-46.186224457270825,-74.6377418368958,19.856986005073715,125.07589721679688,124.92604064941406,-1.0,68,0.9624969959259033
604,9.650506623719107,2.063162661385997,0.2099767082393174,0.02698541515591771,0.0,0.0,2.1104981619313077,0.2473887199999969,20.7837389436033,10.916243941145442,-54.912781601133226,-52.35151734567454,-69.82123767855809,9.682863987544525,97.70405578613281,95.2074203491211,-1.0,74,0.9584290981292725
605,7.9290491220126835,2.288314297842717,0.0965487509089767,0.006376388872285798,0.0,0.0,0.688443542761262,0.3217410410044585,47.830046248947745,12.8352625281624,-46.997603285137465,-57.51212704078141,-76.1743609780451,5.085270164139174,nan,693.4031372070312,nan,0,0.9619719982147217
606,8.734613663488302,3.2283976070871985,0.25714757863462473,0.03672519490833147,0.0,0.0,0.27843652559523346,0.4980902631626885,11.546110063874991,8.084910583083106,-50.078155767273856,-56.47040308040669,-104.11990026506928,15.041906417802968,168.9230499267578,152.68511962890625,-1.0,79,0.9567859172821045
607,1.5839886762445534,2.465104524886127,0.06533950056609446,0.008319256372419863,0.0,0.0,3.093276368943229,0.4230552524912266,103.46271686986675,7.187888580276816,-71.949986823124,-40.13495187535989,-81.95290444738912,15.45764667876347,5.188642501831055,5.188642501831055,-0.09542356377799423,4,0.9398019313812256
608,7.457928278440983,3.3321045985382973,0.031914194793290274,0.006420378345664085,0.0,0.0,0.3315741152159177,0.35363395690135757,32.48784496724867,9.6648342627977,-52.10128122265338,-53.355181228289226,-102.38649642307871,8.25389398252665,4.302927017211914,3.878588914871216,0.46327683615819215,9,0.9716699123382568
609,4.680842645510002,2.7024458549225967,0.29197679702929524,0.0051177215039514955,0.0,0.0,0.21122251416630888,0.26083232795370265,86.67739398291957,7.483782231057629,-46.61192761253095,-47.922539886113995,-82.63656397505339,3.3010312662423065,15.023072242736816,15.023072242736816,-1.0,25,0.9503509998321533
610,5.754486122907115,3.773291116255643,0.2592416030461597,0.025952249552725574,0.0,0.0,0.20371818604884237,0.15757090829996057,150.30807027024795,10.44258154566771,-47.38247352794386,-49.69207997319891,-74.80720547857024,6.779438590780318,5.724483966827393,5.664121627807617,0.27963525835866265,12,0.9558820724487305
611,6.713972890082389,3.6385187711199727,0.09109354036144,0.009027900216681395,0.0,0.0,2.8742633575318504,0.31241215784413773,143.15628195541254,13.415763177953583,-58.12250412343863,-42.22103290583729,-70.58069636588343,18.58306290286719,5.127965927124023,5.127965927124023,-0.16190476190476188,5,0.9618628025054932
612,9.713243608702909,2.985675600137564,0.20255121491431474,0.016161014111130273,0.0,0.0,1.930280878643451,0.3787659462321098,57.90322129670543,7.566704253033482,-60.7333355581925,-35.11209059234097,-87.9431454510149,7.287194298965117,6.716737747192383,6.268828868865967,-0.09542356377799423,4,0.9679248332977295
613,9.853491773600433,3.5457901741897153,0.14010550722395984,0.006465260838379536,0.0,0.0,0.13791522069929057,0.4929047027172843,133.57009323461037,6.515166192925615,-73.79776303915301,-56.27698956633725,-108.74380047180267,14.722033757860395,6.786173343658447,6.482842922210693,0.048066875653082534,2,0.9872510433197021
614,3.2381683321351,2.5422757724701808,0.09693846184364126,0.0483354679599422,0.0,0.0,0.1698578531622632,0.29728845128280307,84.85914554821942,7.348290489936718,-62.07146803160318,-51.91388985069838,-92.31420031408643,6.995104524174411,5.602218151092529,5.203920841217041,-0.18300653594771255,8,1.130105972290039
615,7.470658225660204,2.9885195536237252,0.08603226322808845,0.006673516574148058,0.0,0.0,1.8522249701776539,0.4477464035387713,10.916208302531395,11.506630915351401,-76.12583324430791,-54.521440073425765,-101.43573303962758,7.295978614475442,5.847308158874512,5.7529191970825195,0.048066875653082534,2,1.0075788497924805
616,7.624843610385052,2.394964103726556,0.040808233566271945,0.012909098986757721,0.0,0.0,1.3874974823098662,0.3023840937165192,46.8454662841619,8.775616993503633,-71.48574789672931,-58.469622170689725,-70.82466602735768,6.806041034875517,14.844704627990723,14.803390502929688,-1.0,28,0.9554970264434814
617,3.7916821824739637,3.7217723370419877,0.16479542468275177,0.03553198799223922,0.0,0.0,2.3550390932719405,0.4783392695671444,31.914893666567526,10.172211031616984,-75.68535685709189,-40.67266996357883,-107.22899255420722,9.828083048940394,6.895898342132568,6.895898342132568,nan,0,0.9835572242736816
618,1.6767628612100998,3.64613523313683,0.13397900703525234,0.008787330335550207,0.0,0.0,0.22702716018778699,0.2517678891735747,227.080055926629,7.271752429267308,-72.95209630830757,-44.988377215119606,-65.90656677820972,8.330879217426281,5.540699005126953,5.540699005126953,-0.02610441767068273,3,0.9712698459625244
619,0.8889961227143377,3.8042993368180023,0.1536559260899833,0.009245742410547592,0.0,0.0,2.8390681161660565,0.16615322520577974,159.18837133875752,7.218536502253071,-57.551100335749425,-53.68344837612767,-82.40205766289013,2.6845629535885793,4.5979180335998535,4.1753106117248535,0.15490196078431379,11,0.9708359241485596
620,7.884759711527196,3.7549539624485186,0.06460715024382134,0.03217136738808211,0.0,0.0,7.450628934491687,0.3241716917117792,130.7428749922257,7.899239957385923,-56.140195383470534,-41.308255323292116,-71.83358612482712,19.855512009462558,4.576143741607666,4.576143741607666,0.019047619047619067,5,0.9757118225097656
621,5.152147547260606,3.9191925241189898,0.2815832012319743,0.009382307476654616,0.0,0.0,1.592577695701016,0.3824034138979213,115.65159932024336,11.364755337658593,-79.35516993117574,-37.372824167344724,-82.29155845121394,9.005554606191506,7.343925476074219,7.0844197273254395,0.12967032967032968,1,0.9582569599151611
622,9.862631610201799,2.456672463263852,0.19157735889916244,0.005033166709632853,0.0,0.0,0.24675163514628487,0.326565234310555,109.89193083494966,12.063965170883165,-50.828549876243706,-39.8024080921287,-87.02369061288394,8.051786113792602,5.80509090423584,5.80509090423584,nan,0,0.967458963394165
623,4.917247833839704,3.863648581590631,0.26988019721500106,0.0133931805913165,0.0,0.0,2.286060451918417,0.24272542785527632,227.47405312557316,11.07359619816168,-60.97213068520259,-45.042026699292684,-81.65600713161729,14.548384798031176,7.144798755645752,6.897520542144775,0.048066875653082534,2,0.962785005569458
624,9.790211301201483,3.142426382703995,0.03278134980982663,0.0051464198562012516,0.0,0.0,0.4854710838410912,0.36100584298004357,137.23247985946816,13.002842835659829,-49.910002500419935,-48.943556383679066,-102.41587495435085,11.956458561650916,5.513227462768555,5.513227462768555,nan,0,0.9847297668457031
625,4.409972020843568,2.844990167836304,0.18685528975685245,0.04062209225800099,0.0,0.0,0.12548028394345206,0.3687236312419004,152.7700900901719,10.187036591629882,-48.829776535411185,-57.67449357439085,-97.06616728241598,17.45000708012975,6.6376824378967285,6.349110126495361,0.019047619047619067,5,2.1784489154815674
626,8.039980430319739,3.120747791935746,0.2548385455932483,0.021917107032282356,0.0,0.0,0.40241799295789227,0.2572197446197097,226.06506199510727,9.407400597620548,-73.25746063556717,-49.49176258725163,-89.47250995591388,10.871818185088454,7.617833137512207,7.062343120574951,-0.1504702194357367,2,1.0123772621154785
627,1.3057830869624045,2.6852047133005557,0.09927623394434,0.019141865950273822,0.0,0.0,6.47396286445032,0.2565594335028392,73.10120844207876,8.50101925693458,-57.05443290288678,-44.455146225084015,-80.20538681980995,8.16841468075404,5.665696144104004,4.328820705413818,0.1054613935969869,9,0.9574511051177979
628,5.776886246308758,2.577106013921904,0.058542950740795914,0.007953522521905832,0.0,0.0,0.6641690600311909,0.28640324993215976,87.38507285497519,8.81230938378351,-46.708823007861604,-50.11887242139193,-82.72404216479335,10.934020556164233,6.082421779632568,5.857702255249023,0.1471571906354514,14,0.9551658630371094
629,8.11956797636438,2.4826286759550573,0.0795063917416859,0.025056256702333392,0.0,0.0,5.362047736759539,0.3479722625796094,211.53101767873318,8.952934406235833,-64.80494444753403,-38.93014278044474,-102.75690736865424,12.2915964096307,5.685266494750977,5.685266494750977,nan,0,0.9702310562133789
630,9.284665838588943,2.164855978914254,0.08188011802493969,0.0237807007561835,0.0,0.0,1.0406835434990866,0.3490316331504024,101.97888775807492,13.886332471401822,-54.75155591197831,-59.7360934298468,-72.22367447990102,14.360413467444921,9.073939323425293,8.787032127380371,0.18390804597701163,20,0.9731800556182861
631,8.3145393608656,2.993129794294375,0.13415968947706056,0.005746899180678212,0.0,0.0,1.0813243377476434,0.41576487590597017,139.02101058400794,7.8890278070745365,-74.77391723573083,-44.29001092853955,-90.20268772338062,17.370785932391463,6.04701566696167,6.018683910369873,0.048066875653082534,2,0.9801218509674072
632,0.8512219084111552,3.7755233514277746,0.09778908083379946,0.03800288217246707,0.0,0.0,0.10243128998985246,0.41614982210603463,70.34592116386439,11.10015984676999,-71.29049371693438,-44.09207302266779,-107.8244911002929,8.442441109473306,6.754673957824707,6.754673957824707,nan,0,0.984827995300293
633,4.040672242413975,3.2603039385487693,0.08138222181239739,0.018983809505331115,0.0,0.0,1.8802177426391233,0.4534312243967755,49.71769164912281,10.847471969787797,-68.91451813877939,-40.71168455808127,-104.84325378064918,11.568048271465605,5.961548328399658,5.961548328399658,nan,0,0.9750950336456299
634,0.9626354869815871,3.041951265511547,0.19455368952154137,0.03100536764716843,0.0,0.0,0.1642962647995483,0.4307437341574574,146.5459084765806,6.176832797760528,-78.74050012023255,-52.29399569179954,-82.59160522646395,19.289969908081922,6.606888771057129,6.606888771057129,0.08958130477117816,4,0.9657940864562988
635,1.538181765588301,2.857185836501833,0.015909711501565338,0.009159759617002144,0.0,0.0,0.9067693445460189,0.4265035126363616,30.880207297392495,11.625302185686445,-55.75493572570281,-43.26314391241308,-86.77336963105093,19.36969306159273,5.213637828826904,5.213637828826904,0.4164904862579281,13,0.9882891178131104
636,6.915403472341099,2.928803252634384,0.10210913344191898,0.0066224365210923244,0.0,0.0,0.33161465217375713,0.40001324601872024,125.40828185239671,12.706376633593663,-70.81177889938677,-39.84228751732862,-65.15544197274801,18.29163376770144,5.140369892120361,5.140369892120361,0.019047619047619067,5,1.061964988708496
637,7.275952864961132,2.418554695143902,0.20692558978214246,0.025201104633869337,0.0,0.0,0.6092084683615389,0.4719959575540644,79.93649531294744,12.769259806787195,-76.6660006939948,-43.05731100967368,-94.6034195155991,13.514731702316363,5.977275848388672,5.977275848388672,nan,0,1.1977832317352295
638,7.85034648614045,3.6458717543861945,0.05275492478430178,0.031106610454052545,0.0,0.0,1.1861912369437353,0.4847953524419942,104.81727174327703,6.0722651986025795,-71.90532060832172,-58.9403441785421,-90.7728534740067,16.96135444783548,4.501284122467041,4.320472717285156,-0.0488262910798122,6,0.9853959083557129
639,8.721837206528797,2.396765926563056,0.06627835866387372,0.01216195908276846,0.0,0.0,0.10688782235584231,0.2370622610856791,179.739254564268,12.311297489952526,-51.74801229183448,-50.70150529891311,-87.22884217279707,10.66057223162262,5.626369953155518,5.393290042877197,-0.02610441767068273,3,1.0523509979248047
640,7.524598950526844,3.433245513454626,0.06019998762387524,0.00528034476715745,0.0,0.0,0.37082342988672135,0.22046322910216612,36.03795889529665,10.785136977026195,-54.79370773498826,-44.72580452216764,-76.43153293807148,3.258934094372278,11.420673370361328,11.420673370361328,0.5624999999999993,23,3.7214510440826416
641,8.108280125013005,3.519970022992305,0.0002778320194214756,0.03290213113734297,0.0,0.0,9.532874346292353,0.2652322019406848,185.12405765686077,7.6651208269478115,-49.31106120061635,-53.876717191230114,-87.8603427339302,10.25805963647605,3.7058873176574707,3.604729175567627,-0.0488262910798122,6,0.9947938919067383
642,0.9651552433211528,3.1497380840554685,0.1421303255494718,0.008036443775881714,0.0,0.0,0.1302561542345393,0.26611959308723176,71.8355736901631,8.893676675356755,-73.50411378235428,-45.747482563536266,-68.91373885999339,7.015543874871357,5.48704195022583,5.258310794830322,0.15490196078431379,11,0.9690649509429932
643,2.7280839291923367,3.7258527499096568,0.011687636824836955,0.010914452276057985,0.0,0.0,0.43529830524584473,0.3528911300375552,126.85440024743527,12.895044895269196,-64.16253335690847,-39.218491788552015,-89.91242006735587,9.364606867506593,5.2303361892700195,5.2303361892700195,nan,0,0.9595332145690918
644,6.408028847064835,2.5821007049013,0.08188194353247004,0.021242274278453484,0.0,0.0,0.43938269662858254,0.5165368580116264,46.16519130124866,6.999830595412912,-58.59761394969293,-39.31666188303198,-103.90670809174128,18.291784976032766,5.215633869171143,4.9446492195129395,0.08958130477117816,4,0.975956916809082
645,8.65219039393582,3.7632344424857265,0.2984410273775915,0.006293970797306505,0.0,0.0,0.5738149273165695,0.3153819582313296,92.54235442879738,9.402057652166574,-48.694130929365485,-37.59258874196484,-86.38135053897926,6.258533944613477,7.77570104598999,7.77570104598999,-0.07912087912087915,1,0.9809880256652832
646,0.5427511869267616,3.458820919198608,0.2755188634170899,0.005901545644833866,0.0,0.0,2.341864897136441,0.24115487913019543,49.54607863778045,8.172640379444372,-52.678041083120625,-51.88522994465876,-78.74473425351461,4.708815623312345,36.106719970703125,35.99542999267578,-1.0,38,0.9668097496032715
647,5.3889787501053235,3.5974996555235217,0.06452274244690026,0.005304858154849373,0.0,0.0,0.31295910950484007,0.28994850798879696,120.05583551844691,8.816849728470578,-62.37356868379193,-45.75136772699559,-65.40792659144996,18.09800589659484,4.362831115722656,4.362831115722656,0.06156716417910444,7,1.0060358047485352
648,6.9342302939617735,3.329159419054628,0.09300072957417982,0.0412676619763307,0.0,0.0,0.832796110688987,0.2813484918605428,170.04928983056388,7.22994776424335,-47.83400052812736,-37.68534823230001,-70.09834564665925,10.101320422708062,4.8697967529296875,4.375785827636719,0.2745861733203505,4,0.9885680675506592
649,0.7812692467218255,3.692686033979939,0.13911137468056545,0.010241244829489094,0.0,0.0,1.9486199013398842,0.3683029025277383,49.26254354404307,12.035225719751374,-66.40197363533518,-51.38579275769413,-92.41480943483252,11.622340591850435,4.817071914672852,4.371962070465088,0.1295774647887324,6,1.0318427085876465
650,4.312877796757185,3.9861977254352716,0.253324063997773,0.022889105423941836,0.0,0.0,0.4412087499254004,0.4215550797336718,86.70933107115657,11.519364887984947,-57.32966714897181,-47.27843465432749,-107.57120457415272,18.794310965052276,8.161422729492188,8.161422729492188,nan,0,0.9819302558898926
651,9.00853137314512,2.840325709049277,0.24079378241792732,0.048775895701468425,0.0,0.0,7.89850979411064,0.1542438830999423,104.69014511768974,9.595625554287098,-64.0388620714892,-50.87430104403827,-79.64354402218956,1.264436220653136,5.399554252624512,5.399554252624512,0.46327683615819215,9,0.9743838310241699
652,6.880321684130658,3.627831367419141,0.03787243096988465,0.023357200990828407,0.0,0.0,9.106369534075395,0.3961091864155278,210.90691574145612,6.819512202156482,-45.01002137133139,-44.297934270581976,-107.01890866528922,11.686304129109978,5.642729759216309,5.642729759216309,nan,0,0.9640698432922363
653,2.7577544519256745,3.4891595190360674,0.037334654504505634,0.016751928094759245,0.0,0.0,0.17351903964490867,0.43068090137747217,86.20079226709139,13.624345785009869,-53.55851483263403,-47.32463328378909,-90.66001702216364,19.92150845000119,4.630216598510742,4.630186080932617,-0.09542356377799423,4,0.9645299911499023
654,8.60142073150317,2.905740331424036,0.12501967616821338,0.016591663758350063,0.0,0.0,0.48712427093112914,0.19956674478478478,163.498339540975,10.111437939129928,-66.07195589028966,-51.885428563985954,-78.25612592892668,12.169824783214517,5.532726287841797,5.3805389404296875,-0.09542356377799423,4,0.9563000202178955
655,3.806298522390386,3.853897999465024,0.2610286168841316,0.011909325155577858,0.0,0.0,0.2605818359500414,0.11464727918622301,205.0825121199045,10.428485786426995,-59.61840134538663,-48.06608762892049,-75.682057416902,8.884851345871846,6.335318565368652,6.321943283081055,-0.02610441767068273,3,0.954643964767456
656,8.606774375868564,2.7888518591451894,0.2646254997286507,0.01989526188833233,0.0,0.0,0.23636283539700723,0.19427066545398594,205.94610908788044,8.6163580892384,-55.75812337666621,-37.675727522508694,-75.39167613367455,7.509554707803074,6.703444004058838,6.64047384262085,0.048066875653082534,2,1.1355869770050049
657,3.3399646856296026,3.1309318325524753,0.03220975490595905,0.04547381534115365,0.0,0.0,0.95931155733315,0.24752194023574278,172.45797067867775,7.655878516879789,-77.96422221918667,-40.21545650887873,-73.63958981457505,1.4356878393963526,4.567148208618164,4.401582717895508,0.1646586345381526,3,1.1717419624328613
658,6.108042383389916,2.211884713981923,0.17228918638966548,0.030691211923509935,0.0,0.0,1.3416962819213896,0.2721986946735761,227.99285319009394,9.567198615241352,-48.31547483976138,-40.29563685887733,-69.47059124860795,16.834137029224305,5.417097091674805,5.417097091674805,0.1646586345381526,3,0.9423811435699463
659,4.270930643604424,2.4515503881325325,0.04670255913753387,0.013279955549495293,0.0,0.0,0.710074769008257,0.15501770087538524,234.01893500496956,11.032808010206296,-72.04594035316242,-50.26092173167531,-76.16543381214134,3.9824162972581694,5.699217319488525,5.0465192794799805,-0.21686746987951808,3,0.9738881587982178
660,3.1108379821731367,3.6813923410675216,0.20583879300083482,0.010750157654568234,0.0,0.0,0.3508405201342433,0.2805894299205129,223.86373732117454,7.642231309031452,-49.34088416371364,-47.906901379035304,-72.17209332328966,19.2076182520778,6.3105950355529785,6.3105950355529785,-0.28042843232716663,4,0.9688472747802734
661,8.922296840632757,2.7931054456576945,0.27492997437867195,0.0382385604269003,0.0,0.0,0.36078057675581143,0.28579349198262366,107.0939139774167,11.572836327343229,-72.06488388067268,-39.98035708303654,-73.10334578226016,6.609668376623125,6.977785110473633,6.298397541046143,-0.02610441767068273,3,0.9677131175994873
662,2.2821399784251675,2.7881681788305164,0.13643078774267808,0.006835272449800347,0.0,0.0,9.643980258238136,0.5444526235562009,15.552375368258668,9.449642014238597,-74.04998130141757,-39.53622299327817,-98.25062248922796,18.930163058384014,5.321468830108643,5.321468830108643,0.526610644257703,8,0.9818680286407471
663,1.3057101167397493,2.4919620363812403,0.02492483240761545,0.03536350161173069,0.0,0.0,7.036468502748389,0.2411135253035748,233.5160610476845,13.27068739256369,-59.0134932802839,-53.314299900352104,-73.67337133251338,14.330312242952273,3.6179604530334473,3.1915674209594727,0.4595910418695229,4,0.9691867828369141
664,3.7483059161837735,2.9832206685949085,0.17377625876836364,0.008995944464022897,0.0,0.0,0.1418396601372112,0.27691708337602233,234.74871982156034,9.018016058529907,-77.9431200291298,-35.04034177902634,-72.2781362252506,5.208304077672433,6.45943546295166,6.337072372436523,-0.07912087912087915,1,0.9828321933746338
665,7.317571902594892,3.6116339227012446,0.1225550010407564,0.025977612849045324,0.0,0.0,2.0563702111443734,0.2345228533532494,176.8944091569204,6.005521400518226,-60.476682974074684,-50.92904397495929,-92.8400131443068,5.64587631726944,4.502265930175781,4.4463582038879395,0.4595910418695229,4,0.9859282970428467
666,8.170600256774676,3.790328235547479,0.24326962570018806,0.03200299215881012,0.0,0.0,0.8198892930128111,0.3355767382031516,73.21439959566914,9.63734931084921,-71.31492375827786,-48.339001328264054,-84.0193525743295,14.51111703419769,5.702040195465088,5.626851558685303,0.2388059701492537,7,0.9974918365478516
667,9.988062015634267,2.1402288640883675,0.10210333917791632,0.014995692339542323,0.0,0.0,2.3857679189598535,0.39530828728017386,165.74349965704812,7.935914184836187,-78.62836433501604,-39.182953347671734,-70.74592206659331,19.59890087493216,5.602356910705566,5.371031284332275,0.1646586345381526,3,0.965130090713501
668,3.3154395416060667,3.149641462480231,0.26246916014177674,0.007784916889612815,0.0,0.0,1.5628648046724245,0.2642339224286943,230.73365816432317,11.070512213543871,-48.70049036204476,-48.799789516965284,-74.56989621237307,19.151356302877637,7.140379428863525,7.140379428863525,-0.28042843232716663,4,0.9582357406616211
669,4.37544853574718,2.934546735784669,0.08211012229043546,0.03497339136261274,0.0,0.0,6.00488645944563,0.29384715134991873,193.14406815776272,9.326122927614403,-66.77842635266323,-52.711431145316936,-93.48214140587777,16.59095657405186,5.2814412117004395,5.166086196899414,0.048066875653082534,2,0.9589393138885498
670,1.7998021412814498,3.2285637009431567,0.047255290766605784,0.011654089509868426,0.0,0.0,0.13613714187155246,0.18785496090116474,171.34507388027265,7.999033436333796,-55.09627049960375,-50.515113349000195,-84.90023718335095,8.037016182617577,4.925417900085449,4.8649067878723145,0.019047619047619067,5,0.9727709293365479
671,5.961283331418819,2.8945513738165385,0.09194411319557397,0.010462856400910863,0.0,0.0,0.5002600522325898,0.3542862095738813,129.97475116374324,11.838431160740358,-54.410427228282536,-41.170435517472626,-92.40325420294118,14.119413415353725,5.488967418670654,5.488967418670654,nan,0,0.9593610763549805
672,9.977010353997713,2.79728964170683,0.010474737546823954,0.016180285732852996,0.0,0.0,9.353803700796577,0.2028562940254588,64.903675232829,9.819427363358924,-59.59125791188532,-42.83794531819936,-68.96018037105873,6.790604094256027,4.819994926452637,4.5934648513793945,0.0871327254305978,12,0.9951980113983154
673,7.1583695961462555,2.9437614248589785,0.08437379006227239,0.013616210144644765,0.0,0.0,0.2315105026931395,0.28146898943732496,204.4157603683407,8.488994016074646,-60.683170333763556,-39.29750381438002,-77.45826776286393,17.39452370866926,5.498360633850098,5.498360633850098,0.048066875653082534,2,0.9849638938903809
674,6.154521983927031,3.1639982575128283,0.19803529016460922,0.024100287385233603,0.0,0.0,0.17974916392758158,0.2667264247212292,197.4226742787659,8.210778095476297,-45.247216490086615,-36.575039194823184,-90.64214204427697,1.8969800380886483,6.809804916381836,6.809804916381836,nan,0,0.9775097370147705
675,4.227506382757043,3.0019664220635534,0.042684893566977695,0.006857531523690216,0.0,0.0,2.8704105130814113,0.3514607220232631,79.80423483349992,12.689220244771414,-46.719535317540824,-39.20820114350293,-92.14655435279317,2.0741934940402933,5.209943771362305,5.209943771362305,nan,0,0.982058048248291
676,9.19533822271277,2.9442889020412926,0.03340949183597639,0.013635141787269583,0.0,0.0,3.588147768582197,0.3534852330538906,129.04405412219435,9.011060070905259,-75.69596644876704,-57.35366634027236,-103.11334023547569,4.910649794308155,5.201165199279785,4.73361873626709,0.048066875653082534,2,0.9612550735473633
677,5.220707663238319,3.6356706199161613,0.039715587376305116,0.03896474295114003,0.0,0.0,2.2107879834697313,0.2259489614185041,183.37087415405855,9.053627764005663,-64.70716544316875,-45.04046662542205,-66.79399351555927,15.372911929106431,4.141457557678223,4.091688632965088,0.08958130477117816,4,0.967195987701416
678,1.7764856764740842,3.4912959824757155,0.023265502278439907,0.005432912540452521,0.0,0.0,3.5677273487879146,0.28531235006190575,158.51390119267623,11.950657068862544,-54.824761760849434,-42.74376847514308,-87.66167962250645,11.770094522659594,5.28359317779541,4.746355056762695,nan,0,0.9620113372802734
679,3.971095400391768,2.6827569883623856,0.26239062355288184,0.01433205075493286,0.0,0.0,2.4402995744587397,0.3098890410324886,116.14303728325775,9.159667976375985,-70.52311748853114,-51.11966996844024,-90.71616722106556,12.008208694705232,6.8873162269592285,6.781239032745361,0.08958130477117816,4,0.9623939990997314
680,1.1380833540537856,3.601154235030641,0.2832345346489584,0.02288242095029626,0.0,0.0,0.18687076547029174,0.24881510645631447,124.9712723566932,6.863591634218073,-68.10092205899589,-50.59516328495925,-78.18833156991084,7.324949602753635,5.934800624847412,5.924513339996338,-0.0488262910798122,6,1.0151569843292236
681,2.418800858043425,3.7073013380090005,0.013968345518635883,0.038608336642373176,0.0,0.0,1.6460529254858622,0.4154520491140496,11.829837584466711,6.674692986640333,-62.60505537104195,-55.287612393190734,-87.74199149243454,11.909902069636326,160.28611755371094,160.28611755371094,-1.0,74,1.1324257850646973
682,0.6678534194991659,2.306984410748381,0.22802153446306206,0.019622585553830854,0.0,0.0,3.5789313265726443,0.1971823088665828,224.69071759095158,11.244639394790559,-78.91357470782985,-50.48173704287889,-74.29443631483076,5.950686663808634,7.032616138458252,6.783366680145264,0.1646586345381526,3,0.9753110408782959
683,4.806159206751553,3.1653649234615173,0.22114552401515933,0.03337753619844325,0.0,0.0,5.383109482452282,0.29643141708971615,222.74380644505544,10.232085668509102,-76.7643307862228,-53.95823649549299,-69.21653604101019,19.837735272321385,6.757772922515869,6.757772922515869,0.08958130477117816,4,0.9593551158905029
684,6.528132517042073,2.5706239871984273,0.2990728273830121,0.008349510655664227,0.0,0.0,0.3107924681146948,0.28052922380503303,208.4936552904913,8.565413477215369,-53.09133456214655,-54.44430891009361,-92.69649706483426,14.246194443413252,7.45999813079834,7.45999813079834,0.1646586345381526,3,0.9603300094604492
685,3.761278392599624,3.478344643853445,0.10436119851632045,0.01126625146541837,0.0,0.0,0.17982974227914347,0.16870595989270884,232.84730801244922,9.513586214251257,-62.64572526383322,-54.49578677622364,-91.85497657627857,2.197353546217243,5.2241902351379395,5.200613021850586,0.24660397074190177,2,1.0150668621063232
686,4.4936268293001325,2.4775706587173665,0.08565269750712486,0.04376251556757609,0.0,0.0,3.6490590153833127,0.22210035374446194,207.4747559941729,6.186676713713603,-56.076639539232694,-53.16945746364583,-88.57507555850772,6.349610361895392,5.438774585723877,5.31787633895874,0.2,5,1.0349397659301758
687,9.61248809202347,3.3428070483460637,0.13592463624294818,0.03845431835640372,0.0,0.0,0.3259092524217155,0.3523860370022312,102.016253646188,10.374223091352366,-57.568730599873184,-36.49284642252209,-95.05095942009585,12.112292746501286,5.901777744293213,5.901777744293213,nan,0,0.9852499961853027
688,7.643649654961697,2.510249312115268,0.25697255314475714,0.01806853690171047,0.0,0.0,0.11584010877012603,0.27301018955604456,217.39609385789615,8.32185446360274,-49.723250660608166,-36.061122590253774,-71.86278324678888,11.827349525490341,7.061673641204834,6.954707622528076,-0.1504702194357367,2,0.9530868530273438
689,5.6381380509770365,3.0222875268598863,0.21857809276136964,0.014943706942762636,0.0,0.0,4.47123120203542,0.3510631859006643,176.08657419845784,9.848526948408349,-59.09604684425928,-35.63814832554319,-98.69957497300048,16.058395328272237,7.01161003112793,7.01161003112793,nan,0,0.9603750705718994
690,3.2031383135623397,3.8972929358323842,0.14148714419025082,0.014126591792152697,0.0,0.0,1.027974324759347,0.35921761726882756,126.43362444360476,7.414986027454981,-57.47626167534446,-40.18932733662309,-84.40598813044838,16.911223218841524,5.726585865020752,5.726585865020752,-0.02610441767068273,3,0.9728162288665771
691,9.021469588343454,2.7626150769128692,0.07336885298576196,0.005724791392473207,0.0,0.0,0.4500556983442694,0.38438252245913085,94.14978124000709,13.31014639189954,-57.30879650047855,-39.92101687671092,-97.71566938137614,9.476437926155416,5.844752311706543,5.844752311706543,nan,0,0.9626622200012207
692,2.733422610366265,3.751476971926415,0.21810472238051132,0.03902537709775076,0.0,0.0,0.10540427137366185,0.3469347880519155,219.21200470023342,6.407164404015052,-65.86064002528867,-40.492033548654106,-76.52833894198992,17.18083378461796,6.669778823852539,6.669778823852539,-0.1504702194357367,2,0.9540390968322754
693,3.590755939908432,3.973889162407789,0.25635806041265885,0.032894213944343484,0.0,0.0,0.11766705647804501,0.26310549705405284,180.05977697611095,13.57673719335205,-62.5609155627484,-44.39275407866773,-71.85324086478981,14.332128047270595,6.104062080383301,6.104062080383301,0.1646586345381526,3,0.9806931018829346
694,9.136115737018011,3.749701697610327,0.11998536932024725,0.01429621757374953,0.0,0.0,3.848101698239319,0.3929951569435237,33.47304534094391,8.935971620758334,-60.659322058384475,-41.13206140346078,-85.5394594031642,15.773435586292045,4.798187255859375,4.798187255859375,0.27963525835866265,12,0.9711670875549316
695,5.5306495252081875,2.3317320594466855,0.20057563374629525,0.009515025949881076,0.0,0.0,0.9536999721007775,0.2524660048432616,202.65017958646882,8.12102616236145,-58.43656393932603,-46.072240562980426,-99.77072363053095,10.307683695499797,7.335022449493408,6.7114739418029785,-0.07912087912087915,1,0.9549832344055176
696,7.552020519470778,3.639316439070326,0.12006360635297944,0.011012618909322204,0.0,0.0,0.1992709992516241,0.37807281911630525,136.170705450805,12.538719001646918,-63.86537188752019,-57.97710043810127,-88.07168187955068,16.92106794315222,4.798635005950928,4.781649112701416,0.019047619047619067,5,0.9662542343139648
697,6.112075544555778,2.0642987902011223,0.14354803144244543,0.006639426846798224,0.0,0.0,0.5212082177488486,0.31987145989275695,141.3887540353355,8.550921821617743,-47.76601682055096,-56.10871538434846,-95.2905056378014,9.30555912196202,7.352958679199219,6.98806619644165,-0.1435406698564593,10,0.9684250354766846
698,6.707672485590204,2.7866037673986157,0.1574731139864741,0.026348733545440498,0.0,0.0,0.2140968586242285,0.3993806388356868,179.73491422295157,12.685974337006087,-77.95038333141802,-40.199104488410136,-77.57622131372015,17.998393791424512,6.347031593322754,5.924479961395264,0.048066875653082534,2,0.9534792900085449
699,3.344141269390843,3.7414667466357274,0.23271774420668337,0.0180152320645346,0.0,0.0,0.1681756466897452,0.24489189358034005,217.1018878898747,12.220204469283587,-73.34290605077095,-52.15321233359873,-67.86561355181759,12.365292697223298,6.058322906494141,6.002990245819092,-0.09542356377799423,4,0.9764032363891602
700,2.793034585453298,3.37750442551984,0.29325179523867934,0.008571827588282632,0.0,0.0,0.3569567849570666,0.22399982399975457,133.91496890953619,13.325675520351988,-49.40304990651174,-41.812596167090476,-70.29864631282054,3.1628645667141955,6.284450054168701,5.655205249786377,-0.0488262910798122,6,0.9470939636230469
701,3.56367729810232,3.065480854675756,0.1333098487914697,0.020988218480507394,0.0,0.0,1.2560794051712476,0.3088447103541405,184.23511231797886,13.725121617574944,-78.28581227015084,-54.423858705234146,-74.27142250105615,10.880896124182394,5.587124347686768,5.575875282287598,0.08958130477117816,4,0.9521920680999756
702,1.9766948587925135,2.775728050165241,0.10269450187428177,0.04766506818203951,0.0,0.0,0.26303480324308537,0.32926344957633646,29.922221544490103,8.14366423324817,-68.65791400270733,-51.97343195385128,-70.50472627390258,13.578692689802786,nan,17.94287872314453,nan,0,0.981360912322998
703,8.80598647026267,3.624593892940572,0.11207730194171739,0.006627735066055381,0.0,0.0,0.4867905767110609,0.2998399914051406,179.03097402487273,6.108560711108413,-65.03707989638488,-52.05448429836183,-71.66335689919218,19.12352342447718,5.246544361114502,5.246544361114502,-0.09542356377799423,4,0.9653151035308838
704,3.1908458658760837,3.419116807896442,0.04016672081255449,0.014369941990873769,0.0,0.0,0.9033618958675318,0.33095421738528175,107.3683954050112,13.784484916570388,-79.49742785846811,-51.857014894784854,-75.12809699315225,7.841892979025627,4.220448970794678,4.212787628173828,0.1295774647887324,6,0.9800271987915039
705,5.834149246936654,2.9368106392313464,0.08908162134531682,0.01560015183250331,0.0,0.0,0.6919257264258803,0.30445087972736024,221.82133598692076,7.747719139985044,-52.15166454351613,-54.95744368993689,-101.1302787047223,9.469237809282212,5.608226776123047,5.409501075744629,0.24660397074190177,2,1.0110697746276855
706,8.023757038843053,3.7849686744193196,0.02593422398064187,0.007341202742199682,0.0,0.0,0.18082380273548684,0.24126891975254264,227.33633531597647,10.683639695218787,-57.773848679424695,-59.7566831882846,-107.45231579157057,2.271746487559446,5.771551609039307,5.771551609039307,nan,0,0.9892878532409668
707,7.946329039069279,2.4598960356372648,0.12836827895377415,0.017003965507601276,0.0,0.0,0.11960002517591167,0.24035186208674672,198.51770017208338,7.894816974066685,-68.49066353764402,-44.751180534275484,-83.72205570560064,8.800060453800366,6.256982326507568,6.255237579345703,-0.1504702194357367,2,0.9469680786132812
708,4.664669456549833,2.34078301831725,0.05020718079331466,0.02018121284909522,0.0,0.0,0.11773821679014254,0.2275442808340642,10.989047388012853,9.596820600406526,-54.13910844979919,-54.11901711686362,-78.12388953767818,1.2879035765282865,4213.35791015625,4211.0126953125,-1.0,428,0.9482920169830322
709,5.024444431573894,3.285607528667163,0.1039220237923226,0.0071831435097927335,0.0,0.0,0.501600586997694,0.4133678566707204,218.8417949923423,13.600313661246325,-79.91384808014043,-48.55453965483719,-91.37801268925989,16.995783762470623,5.731544017791748,5.674280643463135,0.12967032967032968,1,0.9682509899139404
710,9.949666614882736,3.9439886854035406,0.2380733248174819,0.0071399291677697345,0.0,0.0,2.739076469650954,0.3183889662251284,134.3659660043518,10.890923759488407,-72.91228989197522,-58.073383300072976,-78.84510062678187,12.792843847419139,5.572691917419434,5.572351455688477,0.1295774647887324,6,0.9809591770172119
711,6.908676031300729,2.4945131466135404,0.0737782951767408,0.035918543689868125,0.0,0.0,0.18302507667218704,0.21091706504721688,201.43560881615394,12.757467579536444,-57.91376541094722,-46.5409654262428,-68.8696278944667,16.224018581194027,4.349493503570557,3.8714754581451416,0.4595910418695229,4,0.9448647499084473
712,8.239065209619886,2.499340757867653,0.1835683864026207,0.010241355483188561,0.0,0.0,3.7493866846740347,0.2360852413097068,212.95774884254297,13.966727186191942,-65.87729742817206,-42.07663344273123,-79.03694831457898,4.308711553323199,5.812287330627441,5.812287330627441,nan,0,0.9729878902435303
713,9.074262707582703,2.27899769592438,0.27035442577458385,0.02134535545970522,0.0,0.0,2.699905842180337,0.24145098050621006,156.40617792939995,9.42471420703123,-64.2277543460201,-55.49655025364858,-76.48672942388141,14.260878803886861,7.122737884521484,6.97825288772583,0.1295774647887324,6,0.9599437713623047
714,7.982103444178723,3.7211271105472643,0.17007875610886405,0.021171083254847553,0.0,0.0,0.10183263503397866,0.31298232899216866,132.42673197049763,7.253753529806572,-60.50973251250056,-57.49666444632449,-94.72825882359845,8.074799013061545,5.030952453613281,4.856649875640869,0.1295774647887324,6,0.9653129577636719
715,2.259203777058892,2.452795080822668,0.0581377838317238,0.03452557179846602,0.0,0.0,0.11310863099716632,0.32347638328012646,213.18784028434825,9.324496603555081,-59.05355459809711,-38.1305253024004,-90.84082525599666,17.79036688134391,5.521815776824951,4.895130634307861,-0.07912087912087915,1,0.9422621726989746
716,5.840621970506936,3.0063570534497757,0.1034298581897863,0.02747037800592432,0.0,0.0,0.2455084424548246,0.3653782872523664,41.38610188112714,8.918745257279678,-76.68454628267374,-45.97675926796788,-66.9223072816489,13.482084871104039,7.578227996826172,7.559636116027832,0.42165242165242156,17,0.9523880481719971
717,1.4679944944881762,3.981744956004409,0.17711076215521981,0.0346374919433906,0.0,0.0,0.12949166710228271,0.3921463431809915,153.99739199021218,8.225269057945106,-47.41126344819074,-48.21163038060764,-97.98490761293814,19.766299628227145,6.91041898727417,6.879725933074951,-0.21686746987951808,3,0.9838018417358398
718,6.702760202357985,2.0242818018440873,0.15198334192795604,0.02109525570304869,0.0,0.0,1.1552772216599863,0.3094233813194596,107.31850477278996,8.971991859276354,-78.7763556445408,-55.542625671382936,-73.58638902174738,10.171206987440854,7.031708717346191,6.646515369415283,0.17180205415499525,8,0.9460821151733398
719,9.575819567784205,3.112972181021588,0.044585950883071136,0.014074311695103772,0.0,0.0,0.12002024885541204,0.2704109740831596,229.62118719279454,6.67108642578865,-58.441979516054886,-42.00039631141712,-82.04675930909285,11.067673642391254,4.946831226348877,4.6241583824157715,0.048066875653082534,2,0.9760901927947998
720,5.370954610851057,3.0245780854098916,0.13403890340717067,0.012374752614545145,0.0,0.0,4.02987593469726,0.2913664190763145,143.0086136779035,11.516396731011362,-49.78577597268648,-51.59138389288285,-89.31556638012495,13.082282145726246,5.271717548370361,5.019410133361816,0.08958130477117816,4,0.9582128524780273
721,4.6132386822437885,3.6148947528203097,0.1629200084730745,0.011967399002687038,0.0,0.0,0.9681087332639906,0.433027815446821,82.26966903508293,7.430262927573563,-46.184093512765344,-55.13177778009407,-99.52701070689872,12.755035909169257,6.593245506286621,6.593245506286621,0.4164904862579281,13,1.010988712310791
722,0.8405061384725502,2.7105630791055537,0.08019981433727173,0.013102769534262322,0.0,0.0,2.8569900859907995,0.548714377172861,27.79471128194564,6.272381230521653,-77.7595238668128,-56.91840885535579,-90.68614120396158,16.755952225825332,nan,10.645552635192871,nan,0,0.9788601398468018
723,9.617857962127593,2.820682717798083,0.18373365460195556,0.006734095273916728,0.0,0.0,3.1725253563535527,0.24546511282141556,88.65353541197129,9.420251317179357,-58.991211750744654,-52.44638935940597,-90.53579545544088,8.339922050422855,5.552486896514893,5.538891792297363,-0.11567164179104483,7,1.0642848014831543
724,1.4785254992365084,2.3358759611977273,0.021048029845562952,0.013271755593962636,0.0,0.0,1.031639302938586,0.4329745254498673,88.63321457950457,9.1071453558563,-79.61088013557779,-37.843483296960386,-66.01939411480892,17.38742763690663,nan,5.146589756011963,nan,0,1.0115458965301514
725,0.890251386396046,3.481630463271573,0.10098211006965503,0.01225786718820402,0.0,0.0,7.091298265267962,0.3666803950675102,11.32072303247558,12.007084373556975,-59.94149395946503,-57.64562722480624,-68.02133893041811,15.7481254552301,nan,569.12841796875,nan,0,1.0118112564086914
726,2.8376328092969154,3.5694178183762966,0.2412830498332723,0.005414291919047715,0.0,0.0,9.560520734484184,0.4215595043962443,43.41814588306154,13.712331437547968,-75.58304365162759,-48.63300303726791,-102.84609203033722,3.8536251061001847,9.867915153503418,9.867915153503418,nan,0,1.004800796508789
727,1.122539122224633,2.2733266415576603,0.07778544027244662,0.009421081475102844,0.0,0.0,0.522912919553053,0.3063757154028271,232.59531982616033,10.576982251138721,-70.9288778807449,-40.59001572833667,-70.61400203138717,18.434474798967795,4.701436519622803,4.701436519622803,0.24660397074190177,2,0.9972760677337646
728,4.823619502911742,2.7869141479766437,0.18155305500092345,0.028240798953776732,0.0,0.0,0.1785370195491172,0.11448631655858736,224.58654332238058,13.244654638042363,-57.63736614257003,-51.438333754823574,-68.3494545152503,3.3274340320073343,5.32826566696167,5.025230884552002,0.06156716417910444,7,1.0047380924224854
729,5.402834111942568,3.785809990725366,0.12300891411309357,0.018919757940962272,0.0,0.0,0.5326922241213405,0.28981861384302654,48.82395746168803,9.470620323965552,-70.07172702253864,-44.606679644403215,-69.26141346659196,10.329595201076504,6.324314594268799,6.255009174346924,-0.3809523809523809,15,1.0138192176818848
730,3.4694145157715472,2.0054145473515743,0.09493804272457403,0.03199908065708269,0.0,0.0,0.2797098716919042,0.35939958068808875,137.39023648626244,9.385069831848739,-55.235079400842146,-57.48278050384465,-107.81345513330473,13.185431014230094,5.945838451385498,5.605618000030518,0.048066875653082534,2,0.9918708801269531
731,0.9841245844614175,2.5975181412452644,0.274839506373008,0.017444480825904888,0.0,0.0,1.153483360787663,0.2672984013909301,133.02206538545494,9.258864232155021,-68.31025753422898,-58.70481389892186,-79.37497269137009,9.007883180593629,6.241875171661377,6.219213962554932,0.17180205415499525,8,1.0079879760742188
732,1.5602034983676536,3.110084570105095,0.10297851542411506,0.03573170746853322,0.0,0.0,0.5711829070945121,0.229190534266028,112.41164908951184,13.147558811295134,-54.185824111678244,-54.51392128266771,-80.42750765651978,3.5128510515694957,5.211536884307861,4.8924784660339355,0.4721377912867275,12,1.0000040531158447
733,4.152791590904317,2.6681877193199064,0.07100277044610549,0.031263464550423246,0.0,0.0,0.9139003182738694,0.3605857777969019,54.63468960599292,11.713193925859477,-75.59383536125358,-52.99515121572555,-69.58728794074074,15.02799408734937,7.294935703277588,7.294935703277588,0.22967741935483849,16,0.9918298721313477
734,1.0750202828520932,2.544090378355339,0.27279039469208116,0.006269812804860235,0.0,0.0,3.3602775632308632,0.36470688460058226,223.77568905743456,13.054666735689628,-69.05972023086406,-44.190564137974086,-92.95869448452021,14.244982300896083,7.37976598739624,7.37976598739624,nan,0,0.9762458801269531
735,7.1328023932941775,2.920074969806425,0.22378330678074446,0.047421618498335066,0.0,0.0,0.35321728587338924,0.5389388085037811,90.14511497970999,6.010538975040474,-76.71216246898751,-40.72469184443065,-106.21976398524825,12.389030981564606,7.034247875213623,7.034247875213623,0.24660397074190177,2,1.0296430587768555
736,2.4666951444857137,2.3630462162193875,0.2045399141094592,0.005172701903122228,0.0,0.0,1.1883638969952217,0.20445631880482185,207.28905784261423,11.9288098947369,-65.52964218131608,-54.78489461767118,-68.48581305161775,11.761593953916137,6.367115020751953,6.367115020751953,0.307981220657277,6,1.0111541748046875
737,3.369679903444566,3.0592504819189674,0.014860482620062742,0.019760960145580913,0.0,0.0,0.46808260132209195,0.3618420025181089,103.24661363142283,13.536461592186226,-72.47437896448312,-48.942953188659466,-105.11094308764221,3.3727249570912257,5.224475383758545,5.224475383758545,nan,0,1.2486798763275146
738,4.244194883191926,3.413391842626452,0.03936148821473274,0.031008553935107333,0.0,0.0,3.7146827430822076,0.35251187814545243,101.67713887927208,11.597282847880793,-68.13871195460358,-42.76005068492495,-73.76642888364233,17.67398037841339,4.057141304016113,4.057141304016113,0.2,5,1.0393388271331787
739,4.457791514156905,3.1505899052570046,0.19150198914289884,0.010736534999778228,0.0,0.0,1.9013990159769072,0.5011964748540364,20.285485932359492,12.189853239784732,-74.85002572215936,-42.54344266751664,-93.27518904799992,14.448072656202374,6.1230645179748535,5.504356384277344,-0.07912087912087915,1,0.9904201030731201
740,0.5157767229106051,2.186218661717062,0.06282985095787806,0.01983991451830121,0.0,0.0,0.10399428205353368,0.34152201686579,59.17957623683928,11.159925751207961,-75.60700695283208,-55.75636130857983,-82.34921336759481,7.398658341356853,6.430315971374512,5.820285797119141,0.014799154334038014,13,1.004655122756958
741,1.5646685244876266,3.6888172283311462,0.06769139568910772,0.011510456162619288,0.0,0.0,2.089790170998414,0.26644860835182776,171.86895681617594,11.481275483221498,-58.24281034107226,-41.73648646914206,-74.27291417013512,18.317042366964657,4.8481059074401855,4.8481059074401855,-0.02610441767068273,3,1.06278395652771
742,8.696263355538342,2.3499556749749764,0.23374155460308318,0.005748902978725234,0.0,0.0,0.21893944666220203,0.32666410024958653,28.51864078080484,10.572392118227597,-53.79281082328597,-54.576463583253066,-98.13704856603744,6.072322542372996,9.325108528137207,8.446004867553711,-0.2606451612903229,16,1.0195329189300537
743,0.5117140938631273,3.529624001222257,0.08577748465108279,0.005098372036042663,0.0,0.0,2.8115614528322834,0.17780158395789436,141.6365834391392,8.929364547725278,-56.686684095744035,-44.74400795080159,-80.42996751036281,5.7940347193753015,3.9827096462249756,3.9827096462249756,0.4595910418695229,4,1.0040283203125
744,5.327589880222313,2.721130221551701,0.021476190645574798,0.006220596539717172,0.0,0.0,1.3635696733813574,0.39863896107868907,186.49541643928927,11.312284406149551,-75.42726355789922,-54.99567868977334,-96.45656841620907,18.784788648935894,5.194885730743408,5.172701358795166,0.048066875653082534,2,0.9971919059753418
745,5.150269061818477,3.565522696112205,0.01092958419295833,0.006271618008036919,0.0,0.0,0.6352802522332509,0.5108672240469933,85.06046862897367,6.159032661322554,-75.04309918194025,-59.19570440872968,-91.87223401355526,16.145914618424374,3.7369983196258545,3.7369983196258545,0.06156716417910444,7,0.9952361583709717
746,3.664394529601059,2.4125458068106918,0.13295339617358634,0.02041078846376789,0.0,0.0,2.4441781559514433,0.3482190729245646,113.60022953547077,12.711953078345173,-78.33647375237419,-48.2569283963809,-74.58160825417606,13.81972213542506,5.987940311431885,5.873356819152832,0.019047619047619067,5,1.0685911178588867
747,4.597606691391271,2.3733242073908594,0.1851385733053938,0.01678167226289673,0.0,0.0,5.166382680109908,0.3568461892990884,206.1498735423074,8.1906777912766,-62.4702221299183,-43.0780355414443,-102.41795197285455,16.500327578863704,7.06315803527832,7.06315803527832,nan,0,1.0180320739746094
748,7.915520806502551,2.9940516924349643,0.26066557001754087,0.014270306613221732,0.0,0.0,3.6098356341765347,0.3680182909586316,81.63811168192375,6.746458431325558,-53.20045482613138,-42.374550506700494,-70.23441110220024,17.94942016330536,nan,7.168361663818359,nan,0,1.0397298336029053
749,8.491435209042086,2.065872029396721,0.033241318509791784,0.02459752892473103,0.0,0.0,1.2324194767450447,0.4148693287201473,74.06093045376282,11.13090220174256,-45.03069513398028,-53.9048362884732,-88.72054991486219,18.293160928169662,6.860766410827637,6.860766410827637,0.47483870967741926,16,0.9671916961669922
750,2.9733111624448756,2.4505946775646668,0.059001847886488885,0.00519751966707372,0.0,0.0,2.788615522699456,0.44517254687845176,33.708317551117155,13.425999180449558,-62.91455419033783,-37.67398028569996,-82.03828651279039,13.757275393438487,4.962614059448242,4.4136762619018555,0.08958130477117816,4,0.9694442749023438
751,3.5636591891934333,3.4480245043686963,0.15894018327224133,0.009331543518004717,0.0,0.0,0.6727118977415065,0.3322716912567131,187.78672282843843,6.537088735873344,-58.02810813361262,-36.90156888070353,-66.97443242180194,19.398107436063704,5.884826183319092,5.884826183319092,-0.02610441767068273,3,1.0015220642089844
752,2.8035871037691606,3.674766956610851,0.10923250867259252,0.02994764908727869,0.0,0.0,3.7848811191989298,0.14736581920931655,158.5415622316255,11.06629478499892,-60.66372266279472,-44.81116602120777,-82.45469313275777,1.8057571019120846,4.897907733917236,4.897907733917236,0.24660397074190177,2,1.0152640342712402
753,5.058702305235119,2.161570727875621,0.14476123537364838,0.04063938347945973,0.0,0.0,4.550968015274267,0.4522413993227083,30.440395764686798,10.955332574113996,-69.00242494865302,-52.46436287475248,-101.29517123082636,16.220329419247687,7.336959362030029,6.2402167320251465,-0.3604108309990664,8,0.9834110736846924
754,6.990954397758723,3.764155418876209,0.2772373946952646,0.01371849914629407,0.0,0.0,0.18818615710805825,0.306431401104378,231.79555585574485,11.022064025573087,-46.91030365377523,-37.902896087240315,-100.1932859705136,3.916992122360556,9.629749298095703,9.629749298095703,nan,0,0.9819750785827637
755,2.6684023169024953,3.595034408106358,0.16346749615940614,0.00603189793769289,0.0,0.0,0.29926967995020665,0.2943561676694777,58.66496067158106,6.769675070924599,-59.59922915545645,-52.933748929060926,-68.91874873618566,12.654747691317478,nan,7.865493297576904,nan,0,0.9944989681243896
756,3.6419895495212335,3.739368591413931,0.12453618318362278,0.03145565577141378,0.0,0.0,0.3467188669184492,0.4460331835622344,92.71042782680821,13.877125055715052,-46.638192643784535,-40.53461911726999,-74.37423460521643,19.568132498965305,4.827735424041748,4.827735424041748,-0.005602240896358641,8,1.0255701541900635
757,9.33865386709693,3.39685710915768,0.29683197200992345,0.038383134479332594,0.0,0.0,0.2148638918897558,0.2874561791810795,148.10493120719087,13.040158794654836,-77.73102971950033,-46.148437013641946,-87.3867647239254,1.716753382196131,6.829013347625732,6.829013347625732,nan,0,0.981813907623291
758,0.9614082535461017,3.3483061345879293,0.019564700969860894,0.012960754221022325,0.0,0.0,0.6096351702627179,0.5206975463838458,29.998956624550605,6.174711392134985,-69.70947484297437,-58.66221926209309,-90.95781418576392,16.442181816085434,nan,12.420284271240234,nan,0,1.0229859352111816
759,4.877311249775879,3.050186466689728,0.27963403451135155,0.008756393264888578,0.0,0.0,0.2432576029450637,0.4025593281150946,151.180855940391,11.390319298373077,-78.89726595116274,-39.01184099360332,-103.42143292776542,6.7503666446172526,9.86382007598877,9.86382007598877,nan,0,2.543386220932007
760,7.259801395169389,3.3055744489826298,0.1504985526196449,0.005532757971303964,0.0,0.0,1.5526680694628618,0.35435838882517295,128.86259583467887,13.439947448105269,-45.0647791069288,-40.43348290946476,-77.18085993226389,11.025964283528603,6.029348850250244,5.880055904388428,-0.02610441767068273,3,1.0207879543304443
761,1.9293131097960037,3.83821932913321,0.15112690133014142,0.019500817872195986,0.0,0.0,0.1596727796720519,0.3035200940933302,163.09428773980724,7.15539340342683,-70.57813577988027,-35.383928412572885,-65.91732395845077,7.136475498593447,5.569035530090332,5.465979099273682,0.1646586345381526,3,1.0166912078857422
762,0.9500531900520777,2.2010440028334166,0.27658930026096273,0.04062931449535689,0.0,0.0,0.34660777947320204,0.23967354385894102,65.44117169145865,7.836144598539348,-63.029746577353016,-54.40583550522236,-80.81765153521876,2.4215764157247692,10.002115249633789,10.002115249633789,0.6206896551724137,20,1.013573169708252
763,1.8129510305660421,2.6315289556921826,0.15219719387792086,0.02381540820363773,0.0,0.0,2.1430943527656914,0.365520049766425,33.84576115642215,8.215474199486405,-52.78948683175501,-51.9177615239497,-88.81324479722667,13.475818874174449,nan,14.696882247924805,nan,0,0.9954257011413574
764,9.228820338541487,2.144909947191744,0.13152212715904463,0.01038050787449781,0.0,0.0,0.6267440883804483,0.18157330565586335,191.364182053784,8.456872169797222,-54.41607060925222,-52.84831489121669,-80.99902062350274,9.56672267509914,6.269928932189941,6.246172904968262,-0.16190476190476188,5,1.08461332321167
765,0.5879679273006724,3.889610343888077,0.0817465776351597,0.021971430249779263,0.0,0.0,0.696506997113387,0.4329778815462549,223.12439845063855,13.856747089769017,-52.90569123083978,-37.113391608914206,-103.8573091089114,13.434815193410376,7.1385087966918945,7.1385087966918945,nan,0,1.0179228782653809
766,2.2890587607078423,2.890530931998776,0.19764503004522624,0.03396553125520154,0.0,0.0,3.9432154422635146,0.3804514240132946,55.62462656165389,8.215748039779587,-61.70118655745301,-41.450318273900024,-77.5327666612035,17.519727497183823,nan,4.674079418182373,nan,0,0.9830777645111084
767,0.7971933725656233,3.350688941352377,0.17089352729392845,0.01495546992053229,0.0,0.0,9.31157416260313,0.42328576828419157,138.63321598911503,13.410741227116592,-48.923899150955236,-38.77356276298774,-99.67159514880429,11.097511870556735,7.869894981384277,7.869894981384277,nan,0,1.0314350128173828
768,1.550979941840931,3.682240129008643,0.06430363108433491,0.03301554679436778,0.0,0.0,1.349384031698958,0.3397006858915834,179.3344173200227,13.80882006275672,-79.59234541920114,-51.82213665137253,-94.59423863363682,6.482156825855278,5.8564300537109375,5.8564300537109375,nan,0,1.0067808628082275
769,6.391418222968815,3.982000496152977,0.21282387451839743,0.012327632553512664,0.0,0.0,0.14392437193293978,0.2696656135801961,198.00758894547738,6.360571493147233,-67.41978374970378,-42.20788479309912,-91.69671264018574,3.737208090152738,6.948806285858154,6.8474555015563965,0.048066875653082534,2,1.0180377960205078
770,2.795569633021315,2.3235649155845315,0.19322605720099215,0.011155156895152094,0.0,0.0,0.16062233995682534,0.19510775132455804,150.49606873459012,10.18088189114895,-45.63564073594459,-41.28684452196977,-65.62208054694422,4.540700181204032,3.6986517906188965,3.6986517906188965,1.0,9,0.9877398014068604
771,5.90751447909143,3.5990252114364574,0.11920016526196224,0.019140735865653628,0.0,0.0,8.649707948579168,0.15850211412327458,185.16685213391753,10.413105757599332,-55.062167527957385,-48.31121343730277,-100.44241311291874,1.8689966058373657,6.653842449188232,6.653842449188232,nan,0,1.006080150604248
772,6.106856136278198,3.774845796273473,0.0013202765710651708,0.014576606231603942,0.0,0.0,2.2828103109675286,0.2823951414185162,202.80629918513984,12.518466788693274,-74.31110931747823,-43.87047751140399,-76.80198347605274,11.594874912242622,4.636794090270996,4.616751194000244,0.048066875653082534,2,1.010467767715454
773,8.569635664352901,2.0977507537017512,0.1339743450528563,0.04743314541454911,0.0,0.0,3.1984402101205047,0.35488702143659284,82.96264771210421,13.047567217486352,-57.514577686049925,-41.99456219965374,-80.65484617239507,14.70448476011667,6.992393970489502,5.6430487632751465,-0.3428571428571428,5,1.0060429573059082
774,0.5450432326628023,3.508181120371147,0.0018174351390755183,0.016419481090315192,0.0,0.0,2.2466091087354085,0.41433556774369856,43.36544333492213,13.380755186490507,-69.99662207145245,-39.086219424251055,-69.79771081563887,13.373248526540783,4.311293601989746,3.798096179962158,0.0871327254305978,12,1.390251874923706
775,8.607009863752484,2.709450642393101,0.022499546789711954,0.01213785746479739,0.0,0.0,0.22868369636709154,0.31476376988960775,147.6091752804114,6.872385689372648,-64.73225708721301,-44.70889038379646,-106.31588273827522,3.1177782180733358,5.01914119720459,5.01914119720459,nan,0,1.0160021781921387
776,6.381631321056253,3.297193582940864,0.12918297074425023,0.01241376579439358,0.0,0.0,0.7883595295220206,0.23763056092621473,238.50068867465805,8.657873207700757,-67.75936294480927,-53.7117712350027,-80.92911037275753,9.988441849329138,5.624906063079834,5.608205318450928,-0.02610441767068273,3,1.2287092208862305
777,2.046063117997097,3.0280963920777295,0.024575965255598308,0.017656716947335366,0.0,0.0,3.9460344753683194,0.3919750115744505,191.79912019590597,10.099958654846294,-79.46044069006994,-47.932815241830106,-107.51657192323515,16.70894122914712,5.248016834259033,5.248016834259033,nan,0,5.769707918167114
778,7.842905187285198,2.519484504173274,0.08269963013614987,0.011320928365239883,0.0,0.0,5.404131719204608,0.35443879352310037,36.14135954648115,7.735632119726526,-63.901216502180986,-55.12039861498964,-85.73510179113357,9.7532700644874,12.012903213500977,12.012903213500977,-1.0,24,1.0167579650878906
779,8.627169647010565,2.270442724007972,0.1966474105676905,0.026416580909225433,0.0,0.0,0.2983122099831465,0.37589891827681066,229.08020051097643,6.706988506596909,-59.81437831060074,-41.990009758900406,-104.25678459248647,13.092780427390629,7.39880895614624,7.39880895614624,nan,0,1.003152847290039
780,2.9155030956644943,2.2338944661784166,0.09258460278282571,0.012012487037545976,0.0,0.0,1.5556918684255743,0.3859357607558052,208.77498245906003,12.300445147425249,-47.26902583498297,-41.98535758147638,-92.27059266474572,18.488576307225408,5.527855396270752,5.527855396270752,nan,0,0.9920041561126709
781,9.228539968575468,2.2066457154169834,0.2992945782364531,0.012109170406702806,0.0,0.0,0.2061597151483286,0.22563291061511478,61.832056551404165,10.669618228200115,-53.20197192168657,-38.19297082511302,-68.75560410077405,2.6145373401648997,7.7961015701293945,7.7961015701293945,0.27963525835866265,12,0.9959931373596191
782,4.8173455878372495,3.2755800802691555,0.27489061017449434,0.02069870875262094,0.0,0.0,8.251896007458747,0.38914939370604956,176.99360897446488,7.6328343475281235,-52.73081954796024,-42.48275670165978,-101.83914386298603,16.82377327597104,8.132426261901855,8.04257869720459,0.12967032967032968,1,0.974470853805542
783,6.232532316166554,2.702821702799076,0.1755929713756571,0.005751973506581933,0.0,0.0,0.31945418207071763,0.2239677945572118,116.21142492426917,10.350849215208349,-46.00086862597866,-43.58436031201753,-83.51465847388502,1.3184926749115857,5.729732990264893,5.729732990264893,0.2,5,1.0085959434509277
784,9.854170569367614,2.4332668764117447,0.2900841415904791,0.022611268257973594,0.0,0.0,2.839685587291397,0.4077921727913352,55.819412071606095,6.212523368399502,-68.33406509993476,-51.38729117431691,-86.13514683236703,14.105600492857828,7.518808364868164,7.281705379486084,0.34117647058823536,11,1.0157220363616943
785,3.9345927470723936,3.383770185411806,0.2604051883297566,0.015993452376896897,0.0,0.0,0.28988509674292423,0.24810608192540415,51.24938953615203,10.81323536647794,-47.90583039148826,-55.3748035960198,-80.34103863805862,1.8661936837862403,nan,10651.2294921875,nan,0,1.0257501602172852
786,8.225013785291072,3.3736991315329337,0.0956695556521461,0.014190448393426086,0.0,0.0,1.7065062600439316,0.23018715932078596,132.16395588695858,11.932314056846238,-78.80853765834499,-51.65836522143664,-70.49193565736049,5.284116120200734,5.1026291847229,4.9316086769104,0.1295774647887324,6,1.0165669918060303
787,3.5247916193703666,3.0783365847139956,0.22487887379559282,0.026195276989213187,0.0,0.0,2.082229591050493,0.23970734504715144,176.26114751101017,10.897906191419958,-74.27093169141767,-41.457312150454214,-86.05635531355111,3.128490213799381,6.380755424499512,6.380755424499512,nan,0,1.0447161197662354
788,8.092528461294165,3.8699156337317016,0.041049535201184206,0.02865667421015669,0.0,0.0,0.4537913433541917,0.31175207249548714,228.35542275101207,9.935696233148274,-53.92217078189489,-54.557493361856615,-103.82675557680416,15.084828746468455,5.823441982269287,5.823381423950195,nan,0,1.0171210765838623
789,6.206972229195103,2.7708284628828426,0.2053654273136223,0.03509383806342563,0.0,0.0,4.341779171006356,0.31256853816600483,164.97956106842787,8.192861501631139,-53.880079756949954,-47.37519347453743,-94.31312345086671,15.950944532113548,6.613906383514404,6.587716579437256,0.24660397074190177,2,0.9885318279266357
790,2.5553791046413137,3.671725942538586,0.14732454794837413,0.011851494659564078,0.0,0.0,5.8985028894213345,0.22016771013698003,151.86003193470782,10.058146927775972,-52.94125161371629,-46.37929100484977,-67.76595051798851,16.54305816296207,4.913754463195801,4.913754463195801,0.06156716417910444,7,1.0070393085479736
791,4.4332478909977455,2.1502788158643926,0.005047781775847415,0.010617143727893427,0.0,0.0,5.1302657283847415,0.374386962213953,92.3831417302453,9.719354004370068,-46.49334259566141,-37.619890130152086,-101.39665080645598,6.211772823643627,4.671162128448486,4.671162128448486,nan,0,0.9907031059265137
792,3.517538526453836,3.479662188077009,0.08226894671711123,0.025900736034791604,0.0,0.0,0.4587715087576539,0.49838587799109924,93.81671945325357,13.038792289151232,-47.54039408366575,-39.94149397993502,-97.5931199272882,17.8542313260694,5.683832168579102,5.683832168579102,nan,0,1.0090150833129883
793,1.2420297342634568,3.97689482766386,0.28661466522127454,0.01908863454848029,0.0,0.0,3.0809206850729827,0.2929343318974896,17.56265896636065,9.382427847124145,-66.78299786838919,-46.61900985238566,-84.7711749244327,5.28268525002572,19.85894012451172,19.85894012451172,-1.0,27,0.9933807849884033
794,0.7834303159471261,3.6931964325756335,0.0947494455265442,0.021417636856941175,0.0,0.0,1.3151688371601236,0.422489441431098,57.04781164072392,12.428532734337242,-77.33311207560547,-47.66784890344886,-101.37591170310445,7.071777277298576,6.474372863769531,6.474372863769531,nan,0,1.0180799961090088
795,3.791547226368219,3.1593294386201185,0.0544363365904322,0.017967717530106578,0.0,0.0,1.5319925345978815,0.18685403456330466,73.77771640956188,11.668177807577631,-64.03927888469077,-52.51395413884741,-72.58916009089077,2.630107684525238,7.5263848304748535,7.5263848304748535,0.054750402576489825,18,1.033036231994629
796,0.6808244042661225,3.2535321286543213,0.0562594339716625,0.029625318460641047,0.0,0.0,0.9012601535973968,0.3161935364072302,186.26294845893725,7.986502063202383,-47.86932720806261,-59.86102286576128,-84.95014981882973,12.823034696524282,4.243652820587158,4.243652820587158,0.22009569377990437,10,1.3259611129760742
797,2.072133697026863,2.7065790988738936,0.1437639793925847,0.0077448122283653885,0.0,0.0,1.5868003804847748,0.32617019438409844,142.77907650878709,12.520122337592099,-76.07425971706661,-49.611099892685395,-71.13184521410119,17.88597048205083,5.458374977111816,5.458374977111816,0.2,5,1.1061267852783203
798,7.389241548083254,3.358970436516208,0.2527947722011605,0.017975547916427484,0.0,0.0,0.1867705148983553,0.2821150438314782,124.61921274491607,10.463735150960638,-53.26320458285348,-40.509740142533964,-70.03634152223626,17.033290584477818,6.07740592956543,6.07740592956543,-0.0488262910798122,6,0.9976999759674072
799,7.226866738994085,3.540790766362654,0.22740052954000395,0.007195679200426272,0.0,0.0,0.6571953262738918,0.2675219323426048,105.3173619587877,11.198026611773253,-63.08676597483931,-57.050963339496704,-73.02435859977219,12.433507064309628,5.857988357543945,5.856592178344727,0.0871327254305978,12,1.0081019401550293
800,7.516513671345136,3.996456962235708,0.13105560226133228,0.012770912920266999,0.0,0.0,0.22664363344561067,0.4305053775115941,23.34119687535989,11.414946232071781,-70.09146374360144,-58.268369782082985,-82.70349883923599,14.911964428455628,36.506465911865234,36.118492126464844,-1.0,37,1.013674020767212
801,3.5129551257347984,2.984925834000866,0.06261806503108816,0.02306555068488554,0.0,0.0,0.36325454926166645,0.25007116602115537,128.97538769394316,6.04518618856074,-59.80910420700888,-59.834773117051,-68.3116264416297,6.078797996775989,7.532232284545898,6.779966354370117,-0.25120772946859865,18,0.9933390617370605
802,8.955184842618108,2.1226081315468845,0.013819470030657333,0.015561147261901845,0.0,0.0,0.18014784523126107,0.3559642020716363,210.33151880431555,6.096874308934964,-76.59742213277404,-48.714792384933574,-75.8626679426299,18.9086723095121,4.991739273071289,4.991739273071289,-0.02610441767068273,3,0.9788200855255127
803,6.141390206270252,3.1917159014619703,0.1387890958448193,0.011982889127826852,0.0,0.0,0.26606712107260583,0.4304341363662833,129.85180748873887,8.84368570933277,-78.44059110289867,-45.40726320653221,-92.89803059756598,18.273536208825774,6.468428134918213,6.4676642417907715,-0.1504702194357367,2,1.0136480331420898
804,1.697250246592952,2.238048299964337,0.24443260455545748,0.038365424311994134,0.0,0.0,3.6631821271100264,0.40366077299580255,120.41362125320016,12.123575865038207,-50.312631512478646,-57.54305970805614,-90.16191615096899,17.98063118923393,7.413662433624268,7.413662433624268,0.1054613935969869,9,1.0505599975585938
805,1.8653272838275743,2.48953008711222,0.21890459807829413,0.029634371355816997,0.0,0.0,1.2579776474475777,0.2048024138973135,107.62471861352905,10.521234215739083,-49.44136184454033,-54.18516033275518,-69.74382517294414,8.543540002602692,12.174287796020508,11.617071151733398,0.5624999999999993,23,1.0236878395080566
806,7.084406555832164,2.6575598226114745,0.12258023028817508,0.016798124252790564,0.0,0.0,0.11150291905962308,0.3404834690377499,146.39766559158497,8.624315856526826,-61.55083311841435,-58.76785492443744,-107.06330111425565,8.879732476814125,6.175485134124756,5.787789344787598,0.048066875653082534,2,1.0162057876586914
807,2.1429673961997415,3.4620597462968212,0.17841080157528008,0.044568001494183065,0.0,0.0,3.7761476537374357,0.4161794365832548,87.03894238972305,10.926334482200865,-78.67314415346678,-55.80828325657772,-100.56836476433935,9.369343602066209,6.7142333984375,6.28995943069458,0.048066875653082534,2,1.0393688678741455
808,5.319280665029411,2.367616247757001,0.13087395628386528,0.013284196582825232,0.0,0.0,6.590779646571461,0.2906047632165147,66.77199534715913,7.101301486461845,-59.08492141761467,-41.40320055491945,-79.16293699412502,6.247421809322902,8.18985366821289,7.764313220977783,-0.6889952153110047,10,1.6474089622497559
809,9.921857521322751,2.331505893684705,0.17370483293705333,0.030693253897405365,0.0,0.0,5.765786428403789,0.2350051625272744,206.52231236440173,10.894577435419219,-58.48666546474016,-54.67878870708857,-99.1004200698731,10.02025413132399,6.803905010223389,6.6605730056762695,nan,0,1.6142289638519287
810,0.5380722449667252,2.089928484997655,0.15525157331806475,0.007360481816336974,0.0,0.0,4.426227842845733,0.35938594320001016,64.69883713933443,11.504621891883012,-69.20059207104846,-56.20209615096627,-103.17737658019374,3.417327795512052,6.963072776794434,6.963072776794434,nan,0,1.069084882736206
811,0.6575081180267908,3.746479872707762,0.2042899800375477,0.009655226837604686,0.0,0.0,9.647902048744589,0.3817328251633298,111.14251816226611,6.02432029078098,-61.01696990941142,-52.54242692701124,-85.13845260679034,18.773082855390083,5.519869327545166,5.519869327545166,-0.0488262910798122,6,1.022693157196045
812,9.934303528339813,3.387010848712121,0.1523126530599372,0.010890694752161182,0.0,0.0,1.4886887659451977,0.18323670222387056,209.88095034220123,10.611438719507644,-65.36753905764462,-42.54093322293734,-68.45873003189655,10.301394290851444,5.491489410400391,5.4913225173950195,0.1646586345381526,3,1.0244638919830322
813,6.054068924274572,2.079892931235253,0.28218329945026754,0.006379560450905519,0.0,0.0,8.417347503138949,0.4722592445998944,32.840776539623285,12.128705603391921,-79.63322961369656,-40.88403800898316,-106.17875282510435,3.0257149129594514,10.05810260772705,10.05810260772705,nan,0,1.0247790813446045
814,1.7056447674258748,2.056584611276229,0.12840845447450586,0.015877233046309117,0.0,0.0,7.901116492631414,0.19392605636744106,189.792580102651,11.516173639163242,-60.333390473217676,-39.48537018224516,-71.68841701653065,9.692732857469448,5.38127326965332,5.1803388595581055,-0.02610441767068273,3,1.0161042213439941
815,9.02437089766389,3.117348592950112,0.004774890911913276,0.007784489522873514,0.0,0.0,0.4231335493831649,0.41847642959583625,239.1486980225436,8.860639517112858,-73.99722816827206,-38.85058892200271,-91.29933741983014,17.61549337334367,4.660344123840332,4.660344123840332,0.12967032967032968,1,1.0225601196289062
816,8.863612851213077,2.565068802573422,0.07091206062269535,0.021535546331833195,0.0,0.0,5.331722186863243,0.39187202343471034,24.06825923279293,6.888416892053133,-78.59045685716131,-44.949725992439745,-72.56611184975752,8.650554888564763,14.624585151672363,14.2897367477417,-1.0,27,1.0298452377319336
817,5.593903924558065,3.1934527008638574,0.15018205743199678,0.007745730171135534,0.0,0.0,3.8454337277346524,0.27884154980201914,30.859953424335455,8.987750619447628,-67.81838536810945,-43.913201880897134,-80.65317670416498,2.9574506277757084,7.957269191741943,7.957269191741943,0.3607085346215783,18,1.0032587051391602
818,6.407024283677187,2.8692083513619306,0.1621715555665986,0.00664471352234903,0.0,0.0,3.5612097587770903,0.25844138187770865,106.6406588308713,11.140116214550122,-70.93985767834879,-49.82299283678806,-82.38372807597415,8.654543323653135,6.250504493713379,6.144407272338867,-0.16190476190476188,5,0.9975321292877197
819,3.095278319258325,3.846625124620509,0.16571543679361603,0.04656469170571041,0.0,0.0,6.20242530157209,0.30951151437491,17.098023460080615,7.780927963436047,-52.83716799370667,-53.78739803124923,-73.20298492709236,9.871248688334653,284.655517578125,284.655517578125,-1.0,95,1.0158917903900146
820,0.9799371155340489,2.575618029922736,0.21436562948102464,0.02276199429454375,0.0,0.0,0.5866512762924472,0.4056023612419761,118.77186155537395,12.164129722651023,-66.58472704444367,-54.037985196190725,-105.2735430477155,13.766287647206592,7.3883376121521,7.3883376121521,nan,0,0.9968099594116211
821,6.1483922844632115,3.358290736877787,0.08239444278525837,0.04319375086840761,0.0,0.0,0.6311170772031498,0.26468196522468107,118.08678415236318,12.475255045601013,-63.98138519989928,-49.62973312212898,-96.55165621663683,4.789129585866798,5.76774263381958,5.76774263381958,nan,0,1.0126919746398926
822,3.3001743354262487,2.1081086232371984,0.19947110371244314,0.015447485503524204,0.0,0.0,1.905919784993128,0.23801988293053708,201.00049726914688,6.761690967574131,-48.4255296826924,-59.32727121906624,-86.49864491455062,2.1082426808706014,nan,2922.896240234375,nan,0,1.0113470554351807
823,6.804399943273343,3.911721068377851,0.21120968193576384,0.005399735257357461,0.0,0.0,2.989572401473995,0.21323276756363999,189.30963790121558,7.691972192472907,-60.19270983172126,-37.08884743522639,-80.78334789744082,4.388079334504393,5.968197822570801,5.968081474304199,0.24660397074190177,2,1.0288188457489014
824,8.444329180004711,3.9615149358167043,0.12338422578624789,0.018764680523492415,0.0,0.0,5.747436812430889,0.20730325080113154,193.23588681362716,9.531836854466794,-79.53881415800352,-47.83087574730413,-73.43818952314969,9.169194985838647,4.552763938903809,4.50383996963501,0.355421686746988,3,1.0727460384368896
825,0.6725251671864585,3.4781492580328246,0.12065072974389661,0.018084182917286622,0.0,0.0,5.64534699550141,0.16669950715026297,184.43845161039826,11.644207076275242,-64.00806889316003,-51.917935374363815,-77.30569992970297,8.009449937028943,3.766608476638794,3.5828006267547607,0.4595910418695229,4,1.027777910232544
826,6.159280859514411,2.9304249431271465,0.05367743569693493,0.005175420124954202,0.0,0.0,2.7712726058796395,0.3224553810519482,49.12003454758989,8.566904492223834,-49.31062824751831,-52.91527219656536,-99.42677593198688,3.5349813438806814,21.354644775390625,21.354644775390625,-1.0,31,1.0229387283325195
827,2.6971651270250963,2.4399868786545227,0.12419621287661212,0.03632553746421274,0.0,0.0,8.199465741048535,0.3474402309797417,22.690904250576523,13.813538833597052,-61.21281104587863,-41.75888848448256,-75.21619489090827,7.694022899688978,9.172575950622559,7.910057544708252,0.6,21,1.0379958152770996
828,8.801940730086113,3.6250326804959294,0.2360448875121037,0.020842062070582538,0.0,0.0,0.22764453977614316,0.35982208138012445,193.74835933708084,13.69187395536039,-54.0383352415813,-42.206671833430526,-90.5494796038091,16.9850823903671,7.00748348236084,7.00748348236084,nan,0,1.016714096069336
829,2.9098128123373708,3.4727081942940448,0.27269190166496515,0.027775454469328775,0.0,0.0,7.95572374705235,0.32932465964699104,30.432596278370422,11.997469697935589,-67.330226025,-45.85065210505522,-69.81663035463377,12.49537163913503,14.961058616638184,14.961058616638184,-1.0,25,1.020094394683838
830,6.302316265736474,2.443908079121898,0.17808395739538962,0.015591615293698319,0.0,0.0,0.13439495433630205,0.39428471374150337,15.88375198336721,11.78083876418477,-47.484142282872625,-43.94970136723602,-71.23609651431919,16.680619351496752,85.19673156738281,85.19673156738281,-1.0,65,1.0208489894866943
831,5.758637980851309,2.902430588314531,0.08981110300628964,0.02076693684914426,0.0,0.0,1.2919442172866504,0.151544322769562,208.09722508631137,8.752803221538198,-63.40427655119616,-38.79916237425671,-69.03206412808451,3.789988485935182,4.804829120635986,4.804829120635986,0.1646586345381526,3,1.9802401065826416
832,4.263581750562865,2.92559787563357,0.20468691559791943,0.009045652454120836,0.0,0.0,0.15149347023610016,0.2972863129454253,51.752447306041304,8.774636800439474,-53.03957601372247,-38.12547106855263,-83.88919363684946,3.1520953324713883,5.874237060546875,5.2310004234313965,0.1295774647887324,6,1.58729887008667
833,6.937397254198044,3.6528210999454185,0.22204386260880116,0.047068219717874685,0.0,0.0,1.3677349680160384,0.46641102272874546,79.86209289244817,12.856184051821053,-67.83557576054947,-57.42981892276511,-96.40691902491147,16.327420693696357,5.914707183837891,5.485682010650635,0.2,5,1.25494384765625
834,7.3948115297966215,3.3676893686681533,0.0996638336341987,0.012580271441657902,0.0,0.0,0.6028641029305477,0.39607567671112326,123.50029259440272,7.372582204399531,-69.05786695970217,-36.160468008159846,-90.56191303556182,9.39038584131577,5.16248083114624,5.135596752166748,0.24660397074190177,2,1.4179940223693848
835,5.885909055534174,3.2863350870801105,0.247964358446864,0.0072660206145664435,0.0,0.0,0.14561927450429232,0.4558645836317865,45.20600847016905,8.43643443691428,-51.48598534709838,-40.34502563991842,-90.40255404756283,17.979392980985363,6.408411026000977,6.408411026000977,-0.07344632768361573,9,1.398029088973999
836,7.705011253255164,3.2996548451265566,0.022108749641502022,0.0056870287360706075,0.0,0.0,1.9780333520130498,0.3904052667389799,97.45955092444913,12.914636638575473,-78.8952057295354,-51.31924274425723,-71.5219184891074,18.124881668012236,4.093188285827637,4.093188285827637,-0.18300653594771255,8,1.0695061683654785
837,9.842462221932907,2.5409401587649576,0.0032261152800076576,0.02163425465378937,0.0,0.0,2.8999866540299393,0.29704894291354383,183.97752948068796,11.358926535165605,-51.45732816881953,-42.311045294446764,-98.56005704906697,9.858501113202417,4.764856815338135,4.764856815338135,nan,0,1.2556750774383545
838,4.483087685057649,2.743422519659068,0.03689123178961577,0.048122685526890266,0.0,0.0,0.2230338736331682,0.24273458400408998,161.96214951381668,10.702422056946435,-49.02158375069288,-48.153883990304294,-101.99056798895572,5.077058710844751,5.221057891845703,5.221057891845703,nan,0,1.0772180557250977
839,5.388538992912544,2.0913245708734123,0.046802504348252914,0.03933367283892711,0.0,0.0,2.4483496438522048,0.3901657608722673,204.59300853763688,6.069767633784896,-49.58043733011082,-58.61029785990038,-92.37536893597675,16.20334832146695,5.8507208824157715,5.8507208824157715,0.019047619047619067,5,0.9862539768218994
840,0.6184638404415257,3.5738822716242478,0.26367870988431635,0.02518109270062151,0.0,0.0,0.228084145755021,0.4208810794023295,103.75153666915178,12.57878549643242,-76.48954079159759,-47.21144433912034,-83.78866919004459,17.92650334750758,6.849268436431885,6.5401411056518555,0.08958130477117816,4,1.0850441455841064
841,8.062271284948595,2.865996430339628,0.12749451066638426,0.04892917952822558,0.0,0.0,0.18827510506651862,0.3898416101274315,31.532923458014473,8.70880548226398,-56.92281667861065,-35.501747953498054,-71.82765542189644,17.0834061722219,nan,8.029138565063477,nan,0,0.9980370998382568
842,5.442185636936942,2.876476714175147,0.08247950759111451,0.02641181620150512,0.0,0.0,0.1971181130093352,0.3208986367672361,128.95198176770128,10.514392976691987,-49.949696707177175,-38.25936034358101,-73.89764455375497,16.552854228506938,4.295072078704834,4.295072078704834,0.4595910418695229,4,1.1032538414001465
843,4.375633588425369,2.4907125298672534,0.1287225347960458,0.010919962016406295,0.0,0.0,1.578181462882655,0.30329192783774933,212.3148675702029,6.910255448735438,-69.75762180832602,-35.59716165115981,-85.48507280162022,4.3528133407921485,5.93271541595459,5.93271541595459,0.12967032967032968,1,1.0239942073822021
844,1.3936836493492601,2.418854562918858,0.11845226781018968,0.01996126854567115,0.0,0.0,3.610618609772651,0.386863930599502,125.70279563589125,11.16627340242873,-51.01223056218199,-39.6955818494133,-107.78413280004125,9.616974752475757,7.031224727630615,7.031224727630615,nan,0,1.0049657821655273
845,8.951736005916274,3.1756438591380585,0.0904385003964051,0.0060080930038251,0.0,0.0,1.5623826334844655,0.4607304075875683,14.730882923011864,13.105248989330006,-73.91328735684813,-44.37813262080904,-84.32217329238199,12.885059258214449,8.58650016784668,8.466513633728027,-0.25120772946859865,18,1.0112178325653076
846,4.252568780385286,2.4651060304073518,0.04136987472358959,0.00833014372389089,0.0,0.0,4.156261899401061,0.30108383695051977,139.58582325122384,11.72470941893286,-58.08615118918917,-57.74249383072964,-93.4954422046652,11.385275282758384,5.266402721405029,5.242198944091797,-0.16190476190476188,5,0.9910411834716797
847,6.984525182987594,2.128417703130929,0.19677463859216418,0.013077063730704226,0.0,0.0,1.523893729891376,0.4932490761993056,84.79540795658075,12.082647078455071,-68.87357997307528,-39.28289564242401,-103.39698255583323,15.618458734731622,7.4893879890441895,7.4893879890441895,nan,0,0.9988179206848145
848,1.9190544854974323,3.5350148319617967,0.040981320833896606,0.007957717139493989,0.0,0.0,3.9322624369849026,0.439157486864179,52.19705138059344,10.224122243297298,-68.78164694626271,-44.06663910057401,-100.42668155712812,16.11278493368596,5.220240592956543,4.7579755783081055,-0.07912087912087915,1,0.997938871383667
849,9.63472148063981,2.752938868812732,0.23262733580180228,0.04492323460180159,0.0,0.0,8.975217922800619,0.20452531189209103,141.92428926428124,13.658185232741394,-55.08803848794718,-44.815111512418724,-72.68785892991464,5.173968787473756,4.365151405334473,4.13010311126709,0.4595910418695229,4,1.0165581703186035
850,2.1951967373073935,2.7604711677986087,0.06050640398413608,0.04949570688107075,0.0,0.0,0.6052288418858803,0.30898965039894993,155.5307659988252,9.123230796758813,-53.967315729874656,-59.38826476271835,-90.75295565628886,13.382336134825465,5.238162994384766,5.238162994384766,-0.11567164179104483,7,1.043997049331665
851,2.3956489325451584,2.8626365630315824,0.2194113921399935,0.011746430797875865,0.0,0.0,0.19947310770926246,0.37300553050339635,115.94704738169686,7.903772765710007,-63.74777619121974,-38.75638686276184,-100.69224422158405,7.976271108963221,6.720945358276367,6.720945358276367,nan,0,1.0459542274475098
852,8.660337175298281,3.6300896468161876,0.24167583170864007,0.025597584800252753,0.0,0.0,0.18654929985350185,0.49945833244449545,237.77716994502936,13.302537351123593,-78.81110802556705,-46.74170080994964,-107.05641379184524,18.554193549496507,10.659831047058105,10.659831047058105,nan,0,1.0397119522094727
853,9.169536069348347,2.6416737918796342,0.03759780293233522,0.012786177673879842,0.0,0.0,1.5665894348440819,0.4134605007527756,111.55532991755709,9.347496031424013,-70.44688888562413,-45.77952549019616,-103.47505746529733,16.180145010175394,5.191448211669922,4.7657623291015625,nan,0,1.035141944885254
854,2.5154003714713635,3.516072422515672,0.02602373048640122,0.006894125876589502,0.0,0.0,1.2422417801152956,0.31838332627611826,122.97837931471425,10.531703130513284,-50.571833832091784,-55.37128065287627,-102.1167616996048,8.995231784527077,5.223676681518555,4.895645618438721,-0.1504702194357367,2,1.1994659900665283
855,4.963108437660865,3.8790896815590865,0.28487183119609794,0.010861676206105744,0.0,0.0,0.2335988804746849,0.264608054833098,190.80949547475814,6.468364428161169,-52.16904286354391,-47.481085160204756,-84.72064475232989,11.72333282730429,7.070070266723633,6.9168620109558105,-0.02610441767068273,3,1.0589919090270996
856,7.468201593346883,3.3217363918495986,0.1389140420257742,0.008557397444122495,0.0,0.0,5.81045210026267,0.39662531033244003,22.91849946027565,7.9981663817451585,-53.56458919698558,-49.69329701276791,-84.77673579866656,18.952503818504393,29.954334259033203,29.902029037475586,-1.0,36,1.0177979469299316
857,8.844474471202615,2.8633621623540493,0.1890706484918965,0.01064261188902271,0.0,0.0,8.194014665464321,0.39361936045523854,20.642506712993086,9.597442925390558,-67.35540535032357,-57.33876434513147,-67.21425430580909,19.267732205222323,73.41899871826172,71.52271270751953,-1.0,57,1.0000059604644775
858,4.101000602854399,3.4955794462933296,0.006978132036530326,0.008203358526417692,0.0,0.0,0.3209454966137841,0.3917107899248043,81.64227546356359,13.57373288551263,-78.76892376465,-35.47760024159495,-72.3830592616101,5.072274195413064,4.638525485992432,4.483060836791992,0.12967032967032968,1,1.0379610061645508
859,5.411685125069577,2.915794739502771,0.08361305416690197,0.006476123518138801,0.0,0.0,0.2592781156972845,0.20578973711821757,147.89584540495534,12.386394898954423,-68.82453625972774,-51.15620519767926,-81.69622509831831,3.794786967735319,5.009224891662598,4.852831840515137,0.1646586345381526,3,1.0781540870666504
860,7.546305899937481,2.8288545422162814,0.15161929636781588,0.008248945489125994,0.0,0.0,0.26782043100273417,0.27141830069020184,37.18844023615398,7.998442224955395,-54.0559089128539,-50.83501933971108,-87.16888002566925,4.71356057934312,18.786027908325195,18.786027908325195,-1.0,30,1.0675718784332275
861,7.445791778201556,3.0505663271453667,0.2658654940168212,0.040246399715430994,0.0,0.0,0.5954469285092832,0.4462159705894331,54.64430349040154,11.20361007387848,-76.20686618460412,-43.30398181958984,-91.96841664429923,13.754147358734887,6.826332092285156,6.1380085945129395,-0.02610441767068273,3,1.0232598781585693
862,7.938121235247807,2.635444669618588,0.08143182526931288,0.006084034668434664,0.0,0.0,5.086913474563451,0.41450655249273005,97.79777971356239,12.768417469195986,-78.05553407745211,-37.66756720469558,-97.91024702428571,1.8083019893441512,5.905543327331543,5.905543327331543,nan,0,1.0126118659973145
863,5.9143712770945,2.2085004325600024,0.23255739595761588,0.010561525406252386,0.0,0.0,1.5556834082665973,0.2926844968641093,139.353017032902,7.794833843048771,-63.92789068855581,-39.94214484844741,-74.38039576633317,12.40732670938488,6.24339485168457,6.0315937995910645,0.08958130477117816,4,1.0521130561828613
864,1.4938434196453645,2.82970401105233,0.19866387847761055,0.01688184462467235,0.0,0.0,0.13649189502618306,0.3313073822997808,234.91053899125887,9.710008761967973,-78.62140633758153,-39.51437125473816,-100.04177584744127,4.348537370943466,7.431875705718994,7.431875705718994,nan,0,0.9883272647857666
865,9.08774626334138,2.247713762258604,0.03458123034172349,0.011310522304467732,0.0,0.0,0.8829948494887874,0.38707075999472434,26.102282052293063,8.62319954910911,-68.58443615310343,-52.43071170083869,-83.30631771040952,15.27930121723401,13.274413108825684,13.261524200439453,-1.0,26,1.0085768699645996
866,8.722939123549768,2.8208829471108934,0.08801255183759896,0.01646558250288643,0.0,0.0,0.15158749144080602,0.38242463178947067,225.68634528888802,6.752400629441181,-74.73663586291485,-45.25393723688582,-105.58389827552328,8.044521407765995,6.037392616271973,6.037392616271973,nan,0,0.9984748363494873
867,8.081925640274164,3.1138674424269004,0.07135921093158593,0.005525735141660677,0.0,0.0,0.6492743229216965,0.36850687226293233,153.64701302558848,12.244360256310893,-72.38402493896889,-43.300360897574706,-80.9358650368754,17.332706398907973,5.0577287673950195,5.055004119873047,0.048066875653082534,2,1.0210957527160645
868,1.4486935330269302,3.8614223624112936,0.13275827627198564,0.022260742074848225,0.0,0.0,0.6412690571327988,0.3228211298960485,82.1619240257178,12.000734919105412,-53.68000474454769,-54.020136450218565,-82.04789730087076,13.82807966570082,5.18306303024292,5.18306303024292,0.014799154334038014,13,1.0267419815063477
869,2.4417749872735772,2.072444662090607,0.19060027291427525,0.018299903765454862,0.0,0.0,1.9801830167521643,0.4171257472842112,73.11853490312298,9.614399962917114,-64.74777954602274,-40.6622607907241,-109.96889348388153,10.519505617677172,7.418497085571289,7.418497085571289,nan,0,1.0318782329559326
870,7.5642034685226935,3.2429168130038883,0.130025926652552,0.023984809321660666,0.0,0.0,1.2557637261625254,0.2584663352197908,52.39838711967664,11.17473574444347,-56.187089796016764,-47.47183728266042,-85.60867061970154,6.986105592048205,4.069436073303223,3.823056697845459,0.06156716417910444,7,1.0113062858581543
871,0.7198308985284911,2.9154703733001543,0.07336097272554179,0.018459835226176398,0.0,0.0,5.617066489575873,0.44865725431753717,82.06421623908543,11.960936478802884,-75.38940214007881,-40.712417132667674,-80.52440682791335,17.80501900845446,5.180222511291504,5.166749477386475,0.08958130477117816,4,0.9894547462463379
872,9.802634020219157,2.0405222564082783,0.20876363046848262,0.01370482791755587,0.0,0.0,0.10778302429159813,0.4096584844281552,69.83327920595343,10.049432414529633,-78.63536709647688,-37.18733562363037,-79.60738426943787,12.834629732357392,7.7347259521484375,7.347237586975098,-0.28042843232716663,4,1.0230939388275146
873,4.082874463378967,2.4990963518774407,0.17534132841344693,0.011197254430981842,0.0,0.0,3.5318125397108173,0.40658028725466105,178.51851622691873,8.274630854074916,-58.8648905936718,-39.97695223986887,-105.9367499883171,19.217520896515683,6.897891044616699,6.897891044616699,nan,0,0.999218225479126
874,7.333469070062824,2.2369705047096033,0.15579417222470757,0.00842180525148055,0.0,0.0,0.11099839061262769,0.19819148874198553,215.1339645753031,13.704150671249714,-51.70780218389385,-52.64222268901699,-83.83000395644055,3.283086022529575,5.843479633331299,5.614802360534668,-0.02610441767068273,3,0.9825241565704346
875,8.931925340636411,2.4335882914628897,0.1663258792337935,0.015813854227499622,0.0,0.0,0.40605013288332037,0.2604543131754045,183.4583482831929,7.22911732794251,-49.661162277651876,-53.98607618717972,-102.78146417226826,2.347182910128478,7.747040748596191,7.265792369842529,-0.07344632768361573,9,0.978553056716919
876,4.248983937425781,2.5491404869218366,0.06657019388814707,0.005309118961757258,0.0,0.0,5.745479459573446,0.4268997809690424,173.61397945168665,7.489630215240187,-73.0816265778398,-55.75758490343054,-96.23921948891775,18.88301724843948,5.856881618499756,5.856881618499756,-0.1504702194357367,2,1.0029950141906738
877,3.531758641696827,2.8026126707643924,0.20412931832773687,0.010646597421066311,0.0,0.0,2.403412653698865,0.33319878759207283,121.92298592259408,8.087023514446134,-74.03632341034394,-59.52746450736405,-93.57533088192436,3.0911680102955605,7.0763020515441895,6.9933881759643555,-0.11567164179104483,7,1.0074100494384766
878,6.283040724533344,3.058078786977781,0.11625016066163048,0.02381454552594115,0.0,0.0,0.2207970958115057,0.5508256418439385,16.21275900390739,6.8238376474866635,-68.85174692626578,-41.22840746404279,-106.98561869741631,13.894804551375062,6.580544471740723,6.180041313171387,-0.18300653594771255,8,1.0070819854736328
879,6.019399050606482,2.0019799878527724,0.10904034591900588,0.0064222475838092265,0.0,0.0,0.9584491757256859,0.3957104972518011,152.72478162428666,13.055921643734303,-73.56045470347793,-40.143307358025645,-71.08106523283661,19.553198501383,5.843927383422852,5.832643985748291,-0.02610441767068273,3,1.0385468006134033
880,4.386829787435573,2.323738721257482,0.044920262480031156,0.005779113802016526,0.0,0.0,2.778486953995338,0.31940809301872036,195.96635234440637,6.990145606553469,-46.85048464427992,-39.6251986799054,-100.44536669953953,4.138750610379608,5.195987701416016,5.195987701416016,nan,0,1.0134358406066895
881,6.216860180743231,2.1871327712176014,0.17905120036513392,0.022446498808490818,0.0,0.0,7.493533318954386,0.13545386724816513,225.3752545920877,7.245589008847028,-52.80138151068196,-49.86851864342104,-77.42876305282586,2.745176223166326,3.3369953632354736,2.959233283996582,0.8814192343604108,8,0.9946420192718506
882,9.3861230108817,3.0993467985254872,0.18079932316395195,0.01249524354765924,0.0,0.0,1.856275353609638,0.25324501934619964,176.76340617984792,10.095291018552643,-48.48675651314033,-55.290039568901086,-105.07897649112493,4.72818567121245,7.819241046905518,7.819241046905518,nan,0,1.0114500522613525
883,4.942582437952667,2.6581497408025396,0.1020901930999585,0.03168071983593885,0.0,0.0,0.11203425301684225,0.367641990927746,28.072334467357393,13.841204326893951,-75.70001809310523,-54.978726360132654,-73.56414137256249,5.688333518333945,20.884668350219727,20.877134323120117,-1.0,32,1.0202627182006836
884,2.369050717130998,3.096795472069436,0.25795501705966023,0.043279407670296935,0.0,0.0,0.9986279552772922,0.3212652383390332,61.1274682438237,11.378478243261474,-66.043216934606,-39.11302115499219,-81.27787944518317,6.4760796246050605,6.259014129638672,6.1513800621032715,nan,0,1.1202130317687988
885,4.083456837388537,2.4436466043493557,0.25363736961462846,0.045290848607715824,0.0,0.0,0.20226618274246316,0.3597803698893336,147.52235339253016,12.93169297238314,-67.24309638066383,-41.58823196189417,-91.28751588302808,11.318394557791494,6.504546165466309,6.500489711761475,nan,0,1.0281407833099365
886,4.244016334634627,2.0484587081751697,0.03271629194472939,0.01332179843306576,0.0,0.0,0.124611780363182,0.28822099638422377,178.75100639359448,6.484218970478751,-64.07676671804082,-57.61966210018451,-77.3747504987558,12.548319038517642,5.0235209465026855,4.972924709320068,0.019047619047619067,5,1.019834280014038
887,1.7455325837490887,3.8827338025404936,0.20851151634297546,0.009189613130782776,0.0,0.0,1.5740599514068756,0.3278314331854694,85.19382188953404,6.610252107142684,-47.59691382895288,-52.12490698630845,-97.6080450171467,2.919094447434089,33.5137825012207,33.5137825012207,-1.0,33,1.0676798820495605
888,2.0472792552682715,2.216616242377988,0.11815042685550668,0.020304099970682818,0.0,0.0,3.5796767007732635,0.39635762418347537,142.7912380922135,8.125227643116908,-50.500142122587775,-42.930830409329616,-109.82382923857669,11.74781762165454,6.055840015411377,6.055840015411377,nan,0,1.035163164138794
889,7.003339697239934,2.253717495923434,0.29991445531886785,0.02124041169523607,0.0,0.0,0.11806498356391018,0.3024451913538458,63.3219756685377,6.1229369602223995,-58.322149295439395,-54.877140994864334,-69.51638855210469,11.894234078113398,11.611319541931152,10.898917198181152,-0.25287356321839055,20,1.0422377586364746
890,3.7250386649845755,2.2930936530202812,0.06750708890539571,0.020956316090047597,0.0,0.0,3.691293193933263,0.4485085290530713,58.11257523560833,13.833019517497931,-60.87454516861096,-55.86319569684062,-86.72410234239167,19.227632106238886,6.6558837890625,6.6558837890625,-0.06465997770345608,14,1.0207757949829102
891,9.571534722630172,3.962553047986545,0.08415726162434682,0.010489350995587655,0.0,0.0,2.586876881529018,0.3362122948738699,107.56835309371031,9.402764095157904,-63.860564722132054,-52.99741122113778,-102.71973741303569,11.9996263640001,5.09761905670166,5.015171051025391,0.24660397074190177,2,1.0403518676757812
892,2.8141690809067708,3.2353204803399924,0.13263188836671824,0.005790575663329388,0.0,0.0,3.1913451487902322,0.32932963250160535,215.66604524503683,11.885837935211356,-76.6334407326857,-49.9787755986143,-109.7616854042524,6.8508673318544515,8.559133529663086,8.559133529663086,nan,0,1.044403076171875
893,1.439782798495812,3.2205799034077014,0.08061454460419894,0.008109140836779063,0.0,0.0,0.3086432229981755,0.2844669258106924,163.95661630123976,8.32187426792808,-50.580458831669176,-48.06539466148221,-79.88743267220259,17.793439242348185,4.902548789978027,4.902548789978027,0.019047619047619067,5,1.0253701210021973
894,7.6582933485024505,3.973396403037059,0.20759800991595426,0.007134925329319095,0.0,0.0,0.6126196332674616,0.28738793991357614,167.04637098936723,13.17860963428378,-51.717712542614365,-45.82339386514024,-96.62451049921366,6.664705688375766,8.353508949279785,8.353508949279785,nan,0,1.0360651016235352
895,8.869842493219766,2.1768775385493093,0.14427243365444417,0.00665074581926215,0.0,0.0,0.17358078752974887,0.21809692094948274,211.3261506674219,6.431073837908015,-47.04971031661116,-51.82350499519556,-76.75080230839676,7.270565300111517,5.789144039154053,5.789144039154053,0.17180205415499525,8,0.9981918334960938
896,3.1420768902791347,3.949001785084578,0.06626365045486206,0.04219425521472051,0.0,0.0,0.30045670519652334,0.36187904148514577,229.25931952362694,6.291792241253806,-67.63383931758892,-38.3134738243189,-97.66745573883618,6.23677005527224,5.912503242492676,5.480095386505127,-0.07912087912087915,1,1.0738158226013184
897,2.4198369656320406,2.408026293108082,0.15191222084596878,0.005161995841135177,0.0,0.0,0.40325461187393863,0.32237127487171696,216.71291769578173,12.644658025380686,-76.29800816462638,-45.49550225326633,-99.94721652470335,5.087627163532302,7.5478668212890625,7.5478668212890625,nan,0,1.0418450832366943
898,2.264778281275328,3.246143007124071,0.2666363299095115,0.01999068811542819,0.0,0.0,0.43538481607930657,0.23776942808183862,151.54291698781935,6.990929313320101,-63.55773496489584,-53.604456643428,-71.57348873401891,11.535390414994508,5.694885730743408,5.694885730743408,0.06156716417910444,7,1.0750141143798828
899,5.459116862981867,2.8401671306055833,0.23771869405501583,0.044304087902732915,0.0,0.0,0.22391324103270377,0.27562433442687323,59.47503119017149,13.411725221774443,-51.19862143576369,-53.36769424085216,-66.75270914881497,6.087039425698876,50.13745880126953,49.32830810546875,-1.0,47,1.1189053058624268
900,4.949958091844324,2.7679036269543564,0.1496486773280463,0.011455739565345723,0.0,0.0,0.23846442367232026,0.42860754877754403,77.30791807080458,9.087706834438222,-74.23181728409014,-42.824596532180806,-84.91982033774929,17.99478714948654,4.908598899841309,4.908598899841309,0.380952380952381,5,1.1697921752929688
901,2.964678478618075,3.862486656958925,0.08654778094258431,0.016829379100673822,0.0,0.0,6.352443332569369,0.36014957564326305,65.40130189870263,7.361847092793595,-67.44818125621646,-56.347282912297786,-67.42320373250254,14.63148724051876,nan,6.3891987800598145,nan,0,1.0815868377685547
902,0.9291446113995507,2.2984554568805127,0.053965939410758335,0.024817250695046957,0.0,0.0,3.6964703723984225,0.35981289828828694,193.12408056930755,11.984348986976705,-71.50132888295596,-56.483584049494084,-90.6754887645748,16.751363313715146,5.670083522796631,5.557459354400635,-0.02610441767068273,3,2.3642327785491943
903,5.074167733099666,3.9941380221524874,0.26351486315606865,0.010378622100437117,0.0,0.0,0.48860218747729106,0.2668733573014221,86.01852557817675,6.076503537826515,-56.89787542574853,-54.998423228670895,-85.5724176923762,1.2827209504867585,33.0318603515625,33.0318603515625,-1.0,35,3.419948101043701
904,9.613657302538279,2.758250122183097,0.21305008214960888,0.015018342073238388,0.0,0.0,7.857548655977527,0.4311724207776177,127.03546679296277,9.148867886137676,-49.18558045560549,-41.95465501389925,-108.3787330293697,16.00092553613771,7.230873107910156,7.230873107910156,nan,0,2.085095167160034
905,6.6989324071503,3.297549807777109,0.17164899094423752,0.03281503370520799,0.0,0.0,0.30050065680940796,0.3168587359735752,191.98231450640196,11.307276386664919,-47.47461424337183,-39.9186618083466,-100.14956009291205,8.249371815462128,7.32831335067749,7.32831335067749,nan,0,1.1719129085540771
906,5.207312287971875,3.9358134629667205,0.2638303937861005,0.02781798506457981,0.0,0.0,0.6510898227508093,0.4144413499176031,90.48234116036583,10.039262531515229,-46.62002329308276,-44.6100407888047,-95.9177423260942,18.888837029323334,7.385437965393066,6.633136749267578,-0.21686746987951808,3,1.463076114654541
907,1.5515747032813532,2.1152021007579496,0.03650708621222685,0.03216765600311321,0.0,0.0,4.236923502192383,0.2487887137808101,171.06243875083035,8.128644187856027,-48.27205309192197,-51.39467755493086,-86.77049259869821,10.10523406810526,5.285756587982178,5.285756587982178,-0.0488262910798122,6,1.214094877243042
908,2.8981447602210793,3.845728725850381,0.20474678580062047,0.048563521124204256,0.0,0.0,0.7687280714957571,0.15863852001926262,222.43510085881303,8.125306875207876,-68.33426385967906,-43.495995416567254,-70.10229336888408,3.1827977227082167,5.719670295715332,5.294331073760986,-0.02610441767068273,3,1.0217547416687012
909,3.300352520958156,3.135622770708687,0.06501369372396959,0.011729985608271104,0.0,0.0,0.29461214480949416,0.36917503349564346,58.27320934825455,13.584275859873836,-52.79460134584493,-51.348255812802925,-93.90643363641674,9.921143542660374,5.409736156463623,5.1980414390563965,-0.07912087912087915,1,1.1181366443634033
910,7.7656337497687264,3.4087937579549044,0.0361732323047961,0.02792937821862044,0.0,0.0,0.5458470094223906,0.13032970212435196,164.9738849431196,10.48832883721093,-52.8358016625541,-58.64583020549646,-73.14316658681736,2.102975683296848,121.39893341064453,121.39893341064453,-1.0,64,1.06374192237854
911,8.828752574013883,2.2983683677726967,0.13968255300207993,0.020033395798504813,0.0,0.0,1.0033261805043423,0.37452595982003906,212.62400275500698,6.346035482779991,-75.52586490174191,-55.4953907045738,-99.9627148037158,8.633479379214817,7.235608100891113,7.154308319091797,-0.1504702194357367,2,1.0673890113830566
912,9.065597608881165,3.0667748616620645,0.1162178789293061,0.02320463660473126,0.0,0.0,1.7429654056307193,0.3528998878553476,160.76086158177398,13.140827055262225,-61.64240164522337,-46.6877564788198,-95.63127059226422,16.212928061811127,5.918414115905762,5.918414115905762,nan,0,3.454479932785034
913,9.853401778382164,3.3470274294504874,0.28235208279755564,0.027469067032744418,0.0,0.0,0.6474600838462156,0.3345877550196792,35.411832467185405,8.408825445265496,-76.60565051913,-54.645479529344655,-83.60309397998972,3.3932473716373326,12.871766090393066,12.871766090393066,-0.2949308755760362,22,2.398672103881836
914,9.832483489493058,2.9124946147753636,0.09719386402554492,0.028099676577767636,0.0,0.0,0.7288005005426238,0.5250531453184758,33.14209291060998,12.607286491516774,-75.85953051670519,-44.79866625219617,-94.15949676976234,18.030975313748677,4.33727502822876,4.1952338218688965,0.2745861733203505,4,1.1882917881011963
915,9.553491761295824,2.3099703562121134,0.24447067771560071,0.038433961753650055,0.0,0.0,0.3371997357416898,0.3417856911991117,172.73650846589024,6.475441852104483,-48.65861613217399,-49.6525276365991,-96.57976479571558,13.782858409694448,7.461269378662109,6.762204647064209,0.1646586345381526,3,1.213846206665039
916,1.1823103347774016,2.4882381501711532,0.2246481001405034,0.011176136041109182,0.0,0.0,1.1767781523482934,0.3375282383249685,175.13400188352745,8.426006214966886,-67.69202089010341,-56.091737262332735,-83.29503958358715,19.181272013300813,6.818887710571289,6.818887710571289,0.08958130477117816,4,1.2447350025177002
917,1.8090385913141493,3.708785581986997,0.20037716101756087,0.022513932539923866,0.0,0.0,0.2747340368263615,0.4047611828885674,105.82362633898047,13.969649452755476,-73.82548884264563,-40.09751352395538,-68.23512858735845,14.073032700601765,4.749913692474365,4.749913692474365,0.380952380952381,5,1.0550436973571777
918,3.3924320015223124,2.068941985665526,0.27612014188801787,0.009533677042700289,0.0,0.0,5.43315926872402,0.34437600070671487,35.14504654149912,8.612330830707641,-77.00169653879479,-44.956296977104984,-65.08330358784809,8.120337651469923,12.625656127929688,12.54623031616211,-0.2949308755760362,22,1.0175056457519531
919,5.752533413612384,3.417724156881625,0.12237737831440262,0.019657971878322914,0.0,0.0,3.124166279350541,0.4130623638445002,47.4773597810401,8.149121557336201,-60.02193107764339,-45.77595532914326,-99.65806251786623,15.263390070218675,4.642304420471191,4.642304420471191,0.1295774647887324,6,1.0289850234985352
920,1.4212899427020533,3.998780073029054,0.11690135579485969,0.028193250136211122,0.0,0.0,0.6615428452973935,0.36862239726849944,30.2428270434729,10.984322262112178,-65.10053678673664,-56.82062450391883,-81.45268615569556,13.787938945703662,nan,24.37420082092285,nan,0,3.3027431964874268
921,8.535071099120353,2.0149659922135332,0.04828422707445281,0.03090089728933793,0.0,0.0,3.1221638724874436,0.312280786711689,111.20466799517402,12.38394255572332,-62.173919545633005,-52.856138697536444,-67.08794249278293,18.936836717247544,5.613522529602051,5.613522529602051,0.34117647058823536,11,1.1807029247283936
922,6.359183701234436,2.3220913656398796,0.08272862264852074,0.0131551107093431,0.0,0.0,0.10327421050165424,0.33400958664464575,31.992920785219344,13.568650260387066,-52.85811667415892,-57.33389593606913,-86.63036276665035,1.6640748914743808,nan,4688.1376953125,nan,0,1.0078492164611816
923,5.652461821870947,3.348288601786269,0.2639329368182612,0.016132074818309014,0.0,0.0,0.4886281073628862,0.3648412694889857,145.43712622900165,13.465501134945494,-67.11265918800896,-47.28437064872105,-99.75978533437957,11.27797855864896,9.19144344329834,9.19144344329834,nan,0,1.0371320247650146
924,2.070457571989266,2.1199816691706967,0.1423146398734104,0.01078499270066811,0.0,0.0,0.7596303294219685,0.20318654952585133,194.59217381097372,7.722066191497839,-60.6279633312419,-51.13391807205214,-76.3457564866809,14.338734577186857,6.286871433258057,6.286871433258057,-0.09542356377799423,4,1.033271074295044
925,2.9059270068018748,3.179579967711718,0.10240599665721313,0.007379150209000347,0.0,0.0,0.8701557915454182,0.21009519459667428,170.72162090623956,9.022425069795158,-59.025224396033266,-43.72287040783819,-79.36337124336218,11.929870726713874,5.520676136016846,5.5159711837768555,-0.02610441767068273,3,1.0447912216186523
926,2.0229642373314514,3.3680002071221122,0.06483361652465133,0.009109350433006091,0.0,0.0,3.1438582430700412,0.5176110905374903,209.36509176934175,7.990388634160021,-78.04676237235182,-35.937413653155005,-107.26698230192592,18.15615746004714,5.9097208976745605,5.9097208976745605,nan,0,2.521137237548828
927,8.593364999050587,3.17629269622814,0.1454880750730845,0.04084200077562242,0.0,0.0,8.425871956984674,0.29287463479189485,150.8255354994714,13.349923082516796,-60.22661243030763,-39.47478186267982,-77.54193815444599,10.977130539552743,5.91865873336792,5.249145030975342,0.048066875653082534,2,3.0578110218048096
928,6.050164670581573,2.7303694060421346,0.21499961113935864,0.01018449611260688,0.0,0.0,0.5754323330641489,0.5336642021824171,93.56442568933242,6.0228721655067385,-71.21831539007181,-36.20582978815142,-97.60421684607539,15.285196410581806,6.9942426681518555,6.935972213745117,0.048066875653082534,2,1.7393591403961182
929,7.483729561436517,3.394564591973278,0.08600760763712262,0.04717689325841069,0.0,0.0,0.5025736318512006,0.32338683661316164,126.95445134220726,8.468115077238394,-45.311729286316684,-58.82564056188015,-83.80653020866893,9.768846104184515,12.638431549072266,12.339578628540039,0.5624999999999993,23,1.1945228576660156
930,3.3123121976452445,3.188588856027641,0.22731495624379625,0.008718626828596494,0.0,0.0,1.6635292946083273,0.3421832416102122,27.601074231474165,7.71276964652284,-55.70153092127381,-57.29178425516416,-73.95387002526294,12.876158885090156,72.50192260742188,72.50192260742188,-1.0,54,1.3111941814422607
931,4.026900052338633,2.4152743441878393,0.1889363324174755,0.026426587870110024,0.0,0.0,0.36518020525165346,0.37219008344186993,33.19724682322959,8.294517030105979,-75.19877481785974,-40.059967611055825,-86.01681686934499,1.0537687976151433,5.419118881225586,5.0228657722473145,0.46327683615819215,9,1.0878641605377197
932,4.346122162052071,3.1262710871702195,0.23626876876191127,0.018744475725519807,0.0,0.0,0.19173467764075341,0.30504002784442436,134.86783886247508,9.862429474119608,-57.49232589526232,-59.1288986128251,-108.40583936301287,7.637993996811779,8.18828010559082,8.18828010559082,nan,0,1.0498640537261963
933,7.720142231568332,3.763814434277855,0.07527288866247368,0.024879408667968592,0.0,0.0,8.376869330156296,0.17827156534476962,168.36376211714204,11.332464740709565,-70.26077472764109,-54.5983113859276,-79.25934811785218,1.5151419865422495,4.261998653411865,4.17548942565918,0.1295774647887324,6,1.037931203842163
934,7.837353382908397,3.3336665713809,0.1893084434199136,0.022025610298942767,0.0,0.0,4.159679919009254,0.33973315693663336,138.06016628972458,9.392789136353016,-71.63196137226764,-46.99254776668838,-100.22745545197387,11.722110505435603,7.264649391174316,6.798654079437256,-0.07912087912087915,1,1.036787986755371
935,2.464728511383301,2.943583014787694,0.046120583846652574,0.02545180504224497,0.0,0.0,8.26036249262446,0.3722866060660408,44.26398233205899,9.245543296730851,-62.13507826433182,-59.207474298904316,-82.51772417886735,15.255990576452565,nan,12.87095832824707,nan,0,1.2604870796203613
936,9.444619139011941,2.6431682057389025,0.10913909464939102,0.040226945098257264,0.0,0.0,0.27268783091940657,0.21633437070523728,229.89691944653904,7.6250108197152775,-72.69566214626475,-52.379229394279065,-69.91561831443926,8.730286110164574,5.4761881828308105,5.397736549377441,0.08958130477117816,4,1.0529301166534424
937,1.6462257057150207,2.171772418875146,0.2173080284528404,0.018299511663275994,0.0,0.0,0.1085471511945166,0.41929920287252803,79.41257700746962,11.929446255035007,-78.67034378478252,-46.27963721729234,-89.74145040156827,12.87230600411046,7.2253828048706055,6.451700210571289,-0.21686746987951808,3,1.4307138919830322
938,9.013159783024488,2.489254265518057,0.18950051567398077,0.005845461268207109,0.0,0.0,0.7490712891214927,0.33103151090996136,178.15292490279487,8.599907084362172,-57.72539848918651,-46.89178242597514,-103.97144853243755,17.752797952183553,7.462371826171875,6.749161243438721,-0.07912087912087915,1,1.0171189308166504
939,1.4537586336731882,2.0223735061737536,0.05635821760125659,0.009328148232304802,0.0,0.0,7.365766138539357,0.2554628392653012,183.55573860109666,13.37323307383223,-54.78583929876002,-53.87983598822309,-90.62631986888047,8.350500083452511,4.653906345367432,4.653906345367432,0.12967032967032968,1,1.032914161682129
940,3.0131282059374556,3.973251835049929,0.25750280162775874,0.02553812361178538,0.0,0.0,0.1890822134972585,0.2819672558569239,18.239044505395917,9.284385223831094,-67.90506911007759,-59.901905344978005,-71.87945334089186,3.7336140751492106,383.4048767089844,369.6156921386719,-1.0,107,1.9146819114685059
941,8.541546092645591,2.44496450425748,0.01600529470355456,0.015597127857988679,0.0,0.0,0.1715422277037741,0.30669908751410563,125.21899849861073,12.277422585072362,-58.84315208150668,-55.76621936543373,-82.18049934506998,15.394340994525987,5.08735466003418,5.003140926361084,-0.18300653594771255,8,22.88922905921936
942,2.2051746872878306,3.6297518853707453,0.17856470655499485,0.01768161731903205,0.0,0.0,0.13737432404991623,0.4006676513509051,206.59583871316133,8.54923007790025,-78.81275098123932,-44.801294838927326,-99.8404170435242,15.837006404947237,7.408637046813965,7.408637046813965,nan,0,1.075958013534546
943,4.428895347444714,2.337289763609957,0.29514615006948186,0.019749243281737404,0.0,0.0,3.3887224346675557,0.257930955629659,166.3727931542086,12.185494837407422,-46.136407988750946,-45.386315121286465,-69.30589023154505,13.195974267006843,7.307229995727539,7.307229995727539,0.2388059701492537,7,1.3132410049438477
944,4.773663349469199,2.567202299211148,0.15945141955282457,0.012066999016057539,0.0,0.0,3.7312389959419083,0.4187781000723209,51.801199625697336,12.39446543607167,-55.72054815251997,-35.5515055581271,-99.04556049766651,7.329384809394718,6.768533706665039,6.768533706665039,nan,0,1.030613899230957
945,2.8299602437204916,2.8365546384567333,0.2402015459878262,0.029707460573840865,0.0,0.0,2.4589636645187616,0.23572797793273012,198.94293611854556,6.503116784268643,-57.83800823847707,-46.613098681678125,-102.40301574795994,4.13731247594462,7.775073528289795,7.1391119956970215,0.12967032967032968,1,1.0393612384796143
946,7.247329412691872,2.64881132828321,0.17855429195673064,0.02645482470973423,0.0,0.0,0.12781554913963286,0.2579127358712029,196.34545288841528,6.123561243501398,-53.86054958915203,-41.683319324887826,-80.76440106341055,8.780835598544057,6.205920696258545,6.185485363006592,-0.02610441767068273,3,1.0146071910858154
947,8.587679169320936,3.596701625519722,0.23492649447689776,0.025898190227665246,0.0,0.0,2.7962543430070887,0.33812386122782456,16.513757210567615,12.414213346344138,-75.60024786677455,-52.980312896007355,-67.39476829439586,6.735359503807253,109.8002700805664,109.42398071289062,-1.0,63,1.0252008438110352
948,8.808463828627932,3.9153868160308463,0.19667824060658615,0.025958534967921935,0.0,0.0,0.7893281963335341,0.5019800204941532,68.68200459083198,13.786964443027234,-76.99237292665158,-55.98274030206631,-90.27571183031966,15.965789428989464,5.598245143890381,5.503846168518066,0.1295774647887324,6,1.0291850566864014
949,3.723560384497329,3.750588967301697,0.20733960436125862,0.03884436318296078,0.0,0.0,0.20691350804665323,0.22962702039396407,213.4025559569536,12.045085781462127,-45.83387389390012,-59.57884643482603,-82.12220502538521,3.210577835813743,nan,1901.2042236328125,nan,0,1.012807846069336
950,5.543078745734237,2.307155733895513,0.06834334532591521,0.01969530831648313,0.0,0.0,0.38927097330335386,0.2632175427554056,219.3834303391201,13.482457658875138,-69.39401238036709,-39.30728662042504,-81.63759910757159,2.909286905216105,5.066531658172607,5.066531658172607,nan,0,0.9962050914764404
951,2.8598608367236893,3.553377352698581,0.2225462740718753,0.04634919587308024,0.0,0.0,1.0052953642086058,0.3113278444646819,148.63667664554217,13.808456314861349,-69.2167082847997,-59.97148059634994,-66.04437452585694,8.86568493155956,5.48025369644165,5.430115222930908,0.34117647058823536,11,1.0171027183532715
952,2.8255667647263816,2.295893826609423,0.07137296599929922,0.0065790424518059575,0.0,0.0,0.456355138022746,0.38226794768664313,109.11453660397805,11.700896936749908,-58.846511449945154,-52.45033469220027,-105.50099546048148,16.71988787899672,5.4065470695495605,5.4065470695495605,nan,0,0.9906611442565918
953,2.031913597093279,3.8267622131242027,0.2941920825427764,0.021425402083299815,0.0,0.0,8.699583351498084,0.3096770431400249,121.17675055967258,11.37979434917377,-49.882335495829906,-59.55694051786944,-71.32766253757889,15.284109935378591,nan,8.849336624145508,nan,0,1.7568881511688232
954,9.43018060267139,3.035757151337157,0.06833615728836141,0.026055328334578458,0.0,0.0,0.8901915826294158,0.32195228407605636,227.76900249688669,7.86872644215027,-68.71521819807289,-43.46303143468701,-68.3393155102445,19.860717867538423,5.317038059234619,5.317038059234619,-0.02610441767068273,3,3.6299118995666504
955,8.93589387175301,2.6727621761134133,0.07100520107929688,0.015003425126008448,0.0,0.0,0.5550102713441161,0.33301849489102064,105.84965963470664,10.313837405765952,-74.0307147335194,-42.65061581903504,-72.31833096981885,16.174336936443982,5.141775131225586,5.141775131225586,0.019047619047619067,5,1.670747995376587
956,7.884907776613076,2.314050994668386,0.25760193614515925,0.009709086957860522,0.0,0.0,2.2198869490306152,0.3939794701518671,89.54390029390376,13.706112125711517,-75.7878694536689,-47.650749622596,-85.04312914131026,11.193763284019438,7.137215614318848,7.025575160980225,0.1646586345381526,3,1.2566649913787842
957,5.417784452233426,2.023618176358009,0.07289575858884574,0.017742199448465164,0.0,0.0,2.0002768730044878,0.32465994025173167,184.31487932615713,10.876857859818013,-77.30046983470389,-55.503708664081344,-86.04924407052033,14.196404420204958,6.179134845733643,6.085738658905029,-0.21686746987951808,3,1.4138340950012207
958,5.160775197362783,2.4958939833217695,0.10827083804738488,0.011580243317240687,0.0,0.0,0.1011296631842253,0.382929101270316,128.26014240843298,8.844062267523718,-78.21029033889474,-40.35297751662222,-87.626259204586,11.23699348039476,6.116847515106201,5.546584606170654,-0.1504702194357367,2,1.178678035736084
959,5.53258382873373,3.828040126562624,0.2143920483537081,0.040559638485219984,0.0,0.0,1.7256288646037197,0.2801686239930959,117.86037226162071,8.122763325965973,-70.32692873395831,-58.412480318750234,-78.15804427091302,6.165584589536917,4.368119716644287,4.368119716644287,0.46327683615819215,9,1.026021957397461
960,5.597396128982348,3.5945243845444548,0.047624574058428966,0.01137005110899381,0.0,0.0,0.3072825863330791,0.3524095220460424,78.66911008008387,13.948000968022722,-66.49656054615303,-47.232569806149776,-92.60871046574682,6.513631151643133,5.547779083251953,5.547779083251953,nan,0,1.0380029678344727
961,4.628349304628058,3.939587415501439,0.04772152644825067,0.0074933668901096765,0.0,0.0,0.5629467071796286,0.2949997774375542,11.345669796756043,12.839090782202039,-63.439621359597844,-42.00274240726458,-66.86044887666932,1.0537954591210088,215.50816345214844,213.39944458007812,-1.0,83,1.0536348819732666
962,1.751670912474641,2.201523042242746,0.14590752697998569,0.018852074376588715,0.0,0.0,2.5864124460317632,0.4840283405432643,165.25910957417915,6.949125632271509,-63.971222981111744,-38.830447977713774,-106.78268679569892,19.802656212694053,6.69848108291626,6.69848108291626,nan,0,1.0111141204833984
963,1.6938066022510918,3.184357487011339,0.07310902626981805,0.012444074306422385,0.0,0.0,1.3024841349166951,0.28380429316502237,143.59224046722352,9.159947671337243,-79.31714071326086,-45.32942304596537,-87.72992911966226,5.091023041277288,5.716507434844971,5.605246067047119,-0.1504702194357367,2,1.0390939712524414
964,9.546372300533992,2.5143009480615532,0.07069738667071007,0.006235454996810696,0.0,0.0,0.5461479254382736,0.40040920552228765,122.80293272512516,6.102314112183891,-45.01828350899221,-51.697138970859285,-88.39000333724645,15.910785192957727,4.521404266357422,4.521404266357422,0.526610644257703,8,0.9981160163879395
965,5.07929221607033,3.085883411544815,0.002771676425553804,0.01835745005646925,0.0,0.0,0.21618258403792784,0.35968643110621934,173.939019026486,13.108472325616809,-47.053599209670715,-55.27055422584084,-92.43200691984015,14.049522847285434,4.137222766876221,4.025796413421631,0.019047619047619067,5,1.0274910926818848
966,9.555452486599295,2.6409097711269105,0.11113487735938439,0.01725108501819176,0.0,0.0,1.0255677946996724,0.4698951807955396,20.35558334899537,11.735559249434383,-79.82907959995633,-37.147788093311654,-77.68237476162787,11.744484276834672,6.958886623382568,6.426319122314453,0.014799154334038014,13,1.0373668670654297
967,2.0539803382460446,2.5669311004867152,0.09547516638552096,0.007450185580874365,0.0,0.0,0.4352432524641468,0.24911742656375316,108.64722362928178,13.904198148371291,-54.22208933241848,-39.8176760621527,-72.85767543943412,1.4156237324682315,5.124593257904053,4.9354047775268555,0.12967032967032968,1,1.0158698558807373
968,5.766957244379369,3.147690604049195,0.00934674324800112,0.019797400699609228,0.0,0.0,6.6966194023463315,0.4679542446278027,22.577408564319757,7.586919885760933,-57.067384136952725,-44.40127009501465,-95.36764003383904,19.48697650031474,nan,8.270332336425781,nan,0,1.1064400672912598
969,2.4733139068396226,2.3666363237390806,0.18636995346409904,0.01846413548358794,0.0,0.0,1.171367797689585,0.4524534840651244,31.414527689468706,12.21376098217261,-63.16930081101648,-49.529145000686796,-108.84957530622957,14.828193190784198,7.878915309906006,7.878915309906006,nan,0,3.386496067047119
970,2.9052537582027145,2.938266873944234,0.1879965546010062,0.029688115256265572,0.0,0.0,5.394211720711036,0.2729664505689655,187.4623674764041,8.551659974309432,-61.9062995291454,-44.83894691912844,-93.4559640711371,12.69605811702787,6.698812484741211,6.253800868988037,-0.07912087912087915,1,2.8075149059295654
971,0.7855184982311985,3.3016245300880698,0.021240141532097665,0.0114958194474023,0.0,0.0,0.6030621295496302,0.2539385542089657,109.84922366585197,13.024558843963213,-54.8520370658285,-57.2375004214108,-74.01785673535643,7.412606996505168,9.038159370422363,9.038159370422363,0.6,21,1.2277069091796875
972,1.6300564520320076,2.256364146365608,0.09511246887283592,0.008866036767727861,0.0,0.0,4.517252090814218,0.4551665570412946,225.18073706736195,10.826970238224426,-79.03477137757213,-41.64093237247351,-104.11695339630292,17.668082176188292,6.206850528717041,6.206850528717041,nan,0,1.1906020641326904
973,9.210059872477359,3.8611885417538083,0.2618416595986193,0.04468789431879957,0.0,0.0,0.12973997333767556,0.18437429741894132,228.11597073820252,11.562046824234734,-61.34945281494196,-44.948424804175495,-90.70151729618304,2.5880728582772123,7.419101715087891,7.419101715087891,nan,0,1.2211310863494873
974,3.554563419082151,3.0114493989082494,0.17465012047337353,0.01820486769916405,0.0,0.0,0.3946735764066633,0.2985701841458056,223.6340047318928,8.633492278035538,-69.0503279204859,-55.21688060417941,-65.3416288024492,18.90872430832554,6.582457065582275,6.582457065582275,-0.28042843232716663,4,1.0932040214538574
975,6.27722751318862,3.6390559437686845,0.12359241720359636,0.0053224300596148985,0.0,0.0,0.14333487304086076,0.3072569448152273,90.36944506636432,8.080043047559275,-51.812066461117396,-49.43474874509651,-66.44953774603357,18.12311786257737,nan,5.393415451049805,nan,0,1.0261270999908447
976,4.917634253898093,3.3078108612421264,0.13953057853922876,0.03308885113455934,0.0,0.0,0.11569120949397152,0.4136759664998659,184.6738087198443,6.719394320914935,-55.425529220557486,-35.31864032847811,-93.20183601573049,17.74981105793697,6.534618854522705,6.491496562957764,-0.07912087912087915,1,1.0406289100646973
977,4.3042868298301435,3.4200018824450913,0.06248399833074154,0.007865531329544812,0.0,0.0,6.882155650734448,0.2717557589385298,103.87262304962447,13.770592005675054,-57.12430199443551,-57.58748792715518,-88.44294175424196,1.9448463145566375,4.9947943687438965,4.672203063964844,0.0871327254305978,12,1.0409598350524902
978,5.552917867787647,3.432261881985676,0.24356445021237838,0.030549655837239908,0.0,0.0,2.714797801378333,0.5324125452548423,100.86741644780487,13.32304971312865,-71.87292319315232,-36.23580554795691,-105.50346299141867,13.631419394409255,10.008634567260742,10.008634567260742,nan,0,1.0299220085144043
979,2.2787699738457445,3.7501997941229455,0.27420141163529027,0.02535901797264034,0.0,0.0,1.7791809871845197,0.3553154823968881,232.1076779146153,11.233228589866007,-48.534861618565095,-35.22423813385505,-81.11704537808912,15.863013098521535,7.523260593414307,7.293516635894775,-0.07912087912087915,1,1.358543872833252
980,9.891737035935977,3.227210870093848,0.27319921267501307,0.04653542971421604,0.0,0.0,1.1614101544044828,0.4007293855045058,17.356594569339528,9.418483028152352,-69.91071262732808,-39.39536665007108,-79.50898943384124,12.673870225223592,12.875114440917969,12.875114440917969,0.5806451612903231,22,1.4458987712860107
981,8.273924752686698,2.556434303442779,0.0671803175076899,0.046190142909621194,0.0,0.0,1.3775522245716045,0.3767704150909741,224.25849819835105,6.7109424406515386,-46.61555547248996,-57.480882320769474,-94.38421039028671,12.975199631146465,5.102736473083496,5.068358898162842,0.2,5,1.0545520782470703
982,7.545339010949395,2.1990192857309143,0.09322208033293707,0.009405472738900343,0.0,0.0,1.8940034370076577,0.34691505945674556,88.53952688951951,11.460290226354925,-52.860348328155176,-39.28735425146652,-101.92953345932001,4.459457227588085,6.0032267570495605,6.0032267570495605,nan,0,1.0358221530914307
983,4.953213321632548,3.212501238900283,0.04818683244286104,0.02920246994021647,0.0,0.0,4.499451651293623,0.3833073069000405,22.03222642364921,9.926814711254611,-75.18632334039056,-52.035075215322216,-72.18045563225162,19.024519911635988,26.36903953552246,26.36903953552246,-1.0,35,1.1315460205078125
984,1.9523326602001918,2.132705607541162,0.09216034008969394,0.010371106406826505,0.0,0.0,1.5623456105727263,0.2809465044263215,199.07746788981265,6.005187065299644,-60.11915155314298,-55.833496760826556,-93.09138899569591,9.130459938758332,4.23598575592041,3.8212296962738037,0.4595910418695229,4,1.0616679191589355
985,9.246325653598895,2.4825869033790604,0.09984161163678008,0.02128962163791464,0.0,0.0,3.141676953827339,0.15396798070256118,226.87637429676866,11.069909855124994,-70.63207318069385,-43.930128984164014,-67.16605351007348,2.124023357749647,5.635341167449951,5.105813026428223,0.08958130477117816,4,1.0351078510284424
986,3.7431771401264124,2.1214143692038236,0.18993172111939063,0.01980232068303167,0.0,0.0,0.3647170812619081,0.47383762024373555,197.67716360380356,7.735180445713113,-74.64122167776151,-37.52832703316375,-109.91677443509462,15.080629067084955,7.361567497253418,7.361567497253418,nan,0,1.0769989490509033
987,0.9760135521208708,3.0977751780131344,0.05689391446443739,0.00566909219615427,0.0,0.0,8.985111599575308,0.3376865956905499,30.062534274559255,10.943962360324932,-58.26860845133011,-38.43059876271346,-72.98270762467031,14.018122518634721,nan,7.457736492156982,nan,0,1.0299866199493408
988,3.752834929700972,2.320676249885736,0.27581907731032307,0.005060014416270437,0.0,0.0,0.11582289524674118,0.43284864223633196,97.52594579681436,7.331245976380561,-57.751097586525034,-47.57575503230218,-106.49259819733757,19.1556759189082,8.234955787658691,8.234827995300293,-0.1504702194357367,2,1.0206568241119385
989,8.0473417897109,3.2208146388669467,0.030929841025592986,0.005711287451394829,0.0,0.0,0.5931345065625547,0.28592655057348143,82.31648957971683,6.0171261199384425,-48.44083936568954,-45.57372800323334,-77.01226969023571,3.9006585656123107,8.394326210021973,8.394326210021973,0.18390804597701163,20,1.0298588275909424
990,6.415733077387977,3.581730261726535,0.002063403310299916,0.006712928969392477,0.0,0.0,5.808969590804479,0.34290306538489507,103.05930502598963,11.160489838509971,-71.2162352142888,-42.462526370396056,-99.4873284796756,4.973428715657582,5.1170973777771,5.1170973777771,nan,0,1.017836093902588
991,7.632966555076167,3.6437614415437247,0.25648353858915995,0.009049456477597476,0.0,0.0,0.22963914719609002,0.37051977360594407,12.673669559888053,8.255253962826455,-71.36421227895636,-40.89108608299129,-84.36305422244357,4.378665190909073,23.213298797607422,23.213298797607422,-1.0,30,1.0255780220031738
992,8.039536146692585,2.619087016275255,0.2111309423298149,0.040357590337780504,0.0,0.0,0.19172386960417148,0.3319823687268601,140.66931831823257,7.803548724598167,-65.10742019810317,-37.79479845701134,-77.63347012175778,13.370900317323237,6.5694193840026855,5.964432716369629,-0.02610441767068273,3,1.0190808773040771
993,2.5135688052651544,3.097909065388992,0.10660796110679954,0.016504511692304585,0.0,0.0,0.5380981932047337,0.4001500403459586,74.74119334409194,6.996653319172627,-53.6467855495023,-45.80274038630525,-81.97579235790933,19.527153068203866,nan,6.185331344604492,nan,0,1.0156528949737549
994,9.275941502885212,3.126021520172718,0.1786499117730354,0.03132288407513594,0.0,0.0,0.7184381750792407,0.4020413462124723,90.11381163845704,12.40598023363323,-60.436510569471956,-54.11850135182644,-107.62002506060337,12.704206947790253,7.8425068855285645,7.8425068855285645,nan,0,1.0414540767669678
995,4.6609012277435395,2.945774364308333,0.06706323025177001,0.03445734065274238,0.0,0.0,7.35848012708536,0.2963287363968619,78.45171136684186,11.563826771846998,-55.47454933915593,-48.613488304516814,-85.8621297422181,12.904390295690245,5.03992223739624,4.722622871398926,-0.0488262910798122,6,2.968961238861084
996,6.5706296680095635,3.3102277828495295,0.05051689459361279,0.027158957965671294,0.0,0.0,4.701528460307304,0.4797017309754654,117.77913707401714,13.018964847592576,-77.34228986625835,-35.50454601423086,-108.49470898662734,4.9538307620313,6.224538803100586,6.224538803100586,nan,0,2.732914924621582
997,0.5219333395740491,2.420174247647067,0.14134474054161683,0.012312751904584699,0.0,0.0,0.8475772191171066,0.30614332938891625,172.91080657050296,6.679682074732887,-70.82395363974041,-56.15058302377807,-77.43927962827043,11.999734434892755,6.5703654289245605,6.5703654289245605,-0.16190476190476188,5,1.2865967750549316
998,9.93700073490619,3.9584864791735885,0.10595634891628826,0.036545120496477325,0.0,0.0,8.829786481515388,0.519272624310393,24.830080712174425,9.681073883212857,-72.7023975194384,-35.80753505043995,-105.14369237109267,12.36304833191667,5.982107639312744,5.982107639312744,nan,0,1.1720621585845947
999,3.1685156666594736,2.196159654181865,0.18456901516058763,0.0276070344794025,0.0,0.0,1.925558903236912,0.22398686264958154,120.82486424476816,10.624675975987046,-46.52275022528485,-51.467953054587845,-76.30551320550146,9.501863066334758,7.243190288543701,7.243190288543701,0.1471571906354514,14,1.5260159969329834
1000,1.0895995121314748,3.6584422824062384,0.06544475536830945,0.027677155115702443,0.0,0.0,5.588785788743042,0.4519061728028968,161.97517138687317,8.925260370436622,-72.05072281616896,-57.909591015562064,-105.4211936905605,19.229176056506816,5.4042558670043945,5.1786651611328125,0.048066875653082534,2,1.197418212890625
1001,4.853489394596883,3.1881919739023754,0.1988783101681856,0.039860645881008946,0.0,0.0,0.31053743464811834,0.27167257817646373,191.3450225252028,7.959673999768058,-61.4798467106888,-42.144181891248316,-94.13579440988782,9.359773105035906,6.65193510055542,6.393872261047363,0.12967032967032968,1,1.014040231704712
1002,1.7257855432293967,2.489709494387432,0.23005845609084394,0.019844194579240363,0.0,0.0,0.9504475348414433,0.36597217751757266,175.22784150172245,7.81963451802507,-61.57794745366697,-54.74779570784419,-109.86150795430133,14.115010975735075,8.43767261505127,7.664120674133301,-0.07912087912087915,1,1.0490031242370605
1003,1.9471037464969692,3.4913500013205994,0.04999084290854232,0.016886686246724358,0.0,0.0,0.11466593764612372,0.34211806634621206,172.67091771288577,13.96578158877536,-73.66445944618202,-41.5104918733565,-67.3414659036813,13.247026399411011,4.4523539543151855,4.4523539543151855,0.1646586345381526,3,1.0472309589385986
1004,6.506686723786997,2.168961791354144,0.013157485025374793,0.03882688612020057,0.0,0.0,0.10417425097986287,0.3518870023965923,231.5223289081196,13.955527882222274,-51.94314593799613,-35.01785228235309,-81.83789933115074,10.44405815965987,4.711498260498047,4.711498260498047,nan,0,1.0325052738189697
1005,4.232810219917216,3.548835668897566,0.1318762125904016,0.014237434283667194,0.0,0.0,2.575766211416108,0.4115192827667727,221.05633850515036,12.64764673147188,-76.14607743296925,-52.43193383003088,-98.27096958065064,17.249971528176467,6.669325351715088,6.669325351715088,nan,0,2.179435968399048
1006,9.257598276472454,3.179970444486027,0.23220722579773112,0.03239967847120869,0.0,0.0,0.17241984285259174,0.28887201144005603,63.64643149056485,8.432358179792761,-61.842397099649155,-58.09701283215599,-66.7446660812937,10.33019275418221,16.967315673828125,14.265911102294922,-1.0,27,3.2760870456695557
1007,3.5319866987766657,2.221500636792803,0.19523395067224278,0.005659999134536301,0.0,0.0,1.2462824351918196,0.32859732441150863,53.7997565267255,8.166565902589932,-52.067068851949344,-44.14983799553944,-89.09182890994721,7.300425980372286,7.954838752746582,7.889554500579834,-0.507177033492823,10,1.3651151657104492
1008,7.39871121964706,2.1590111261847404,0.21056451612437738,0.005014873111554314,0.0,0.0,2.4661243106470816,0.2054021733141381,217.157403492038,12.180516322337436,-54.86607869275483,-48.849987384569175,-65.84779321580845,14.491335638939816,6.803869247436523,6.803770065307617,-0.16190476190476188,5,1.155163288116455
1009,4.880444586471622,3.501672666872925,0.12085180199801052,0.01687572710843851,0.0,0.0,0.11600298707837733,0.3271702874643003,107.43368674693156,13.684416349851652,-48.64962512141441,-41.50087016139167,-75.48517452709632,9.048922494184195,5.052380561828613,4.0552568435668945,-0.09542356377799423,4,1.3758280277252197
1010,6.769537360728148,2.5858718130076745,0.07048366357592097,0.005923547811072095,0.0,0.0,0.7897375685405624,0.35458248900707745,126.6906158349397,7.532378712294744,-59.161131406315306,-50.7520862910232,-94.36527534933411,19.016335821623255,5.674379348754883,5.674379348754883,-0.09542356377799423,4,1.0810160636901855
1011,6.197105888801909,3.778603701534427,0.15953365298538283,0.0473710507229204,0.0,0.0,2.3350913441339225,0.48911600977886033,47.90018963231939,12.639788672748374,-70.1486000147167,-59.28360927449936,-108.17916140770276,9.15437235913156,6.915575981140137,6.915575981140137,0.12967032967032968,1,1.6301021575927734
1012,4.991447741210483,3.524146042060352,0.06130970812475906,0.005063737432989943,0.0,0.0,6.018135693088811,0.2978568859897072,114.52600841414895,8.562009027554788,-56.59271380524719,-47.866430537681254,-106.66491201509794,7.613352703352235,5.7078142166137695,5.7078142166137695,nan,0,1.0278270244598389
1013,9.525580398932153,3.3963804894354324,0.21786860909551972,0.026128810601031997,0.0,0.0,0.39669817379923344,0.48061559747275,33.45142878547791,6.503325551121936,-72.70926812508952,-42.48561347096083,-78.67992594234225,17.366393414967664,8.320594787597656,8.320594787597656,0.22967741935483849,16,1.0106208324432373
1014,3.7557796061720805,2.5572121052669017,0.059089936787843106,0.008756986901939446,0.0,0.0,8.88041086224896,0.21569070215924482,183.97643727279345,10.283965498089168,-69.05857691967587,-59.85471262080623,-80.87881334204926,6.5045505646820905,4.855355739593506,4.855355739593506,0.1295774647887324,6,1.002821922302246
1015,2.1837372618680893,3.417889038043236,0.08737898001430243,0.046400430465831775,0.0,0.0,4.8874575608339965,0.3644309235493503,67.52302339742113,13.79860432619365,-73.90159326578122,-59.189131503765076,-67.27743221635475,6.814127719072254,11.210053443908691,10.64060115814209,0.5624999999999993,23,1.0147860050201416
1016,6.941893578358369,3.896295369029668,0.1519634334969016,0.01203681692017073,0.0,0.0,2.0011062305348886,0.37742032396349473,100.48661164274961,6.647479231547374,-65.85771749413377,-35.69446773078624,-78.76911269728656,10.002672051830793,5.502505779266357,5.025073051452637,-0.09542356377799423,4,1.020763874053955
1017,8.537071832425134,2.1831196687411376,0.14601298024304848,0.005324188592741979,0.0,0.0,0.6079264152462517,0.3660005042707055,80.71847858284119,8.928351674248336,-58.60701475139305,-53.63874843486726,-103.16236135271599,14.228344804929316,5.308780193328857,5.182523727416992,0.2745861733203505,4,0.9919419288635254
1018,0.8824105294292757,2.652325284007132,0.18025481292210882,0.005319928185694028,0.0,0.0,2.6437522382372642,0.2936917644548746,209.97804873733534,13.212311267366509,-50.550351384269646,-46.73500795750202,-74.50260639481623,18.600758903580342,6.780729293823242,6.681321620941162,-0.28042843232716663,4,1.0063669681549072
1019,4.771510540015465,2.4693445309231885,0.13123338014997507,0.01787900624437661,0.0,0.0,4.289301142111402,0.45034539608417884,15.373395609640871,9.296785741665536,-72.85560821504318,-35.080780364386925,-68.16952956650715,16.241533070443747,nan,22.29818344116211,nan,0,1.0024418830871582
1020,8.9786330520296,2.7865002688013334,0.2758419925530274,0.04849332727067307,0.0,0.0,0.4042032021902016,0.4676634942835525,78.0523551790181,13.616818116361046,-78.97623459782496,-55.29900733706061,-82.2406810596083,16.067127529107857,7.603415489196777,7.193354606628418,-0.005602240896358641,8,0.9958269596099854
1021,7.621376879767242,3.484665309707893,0.25198022825915645,0.047724736517141764,0.0,0.0,9.675203977781427,0.37048037663464767,213.23509621658118,8.40406888561007,-66.32183896256508,-48.62931495115634,-108.78617816597382,17.41541580798994,8.841638565063477,8.841638565063477,nan,0,0.998917818069458
1022,9.922173306727467,2.948485162850773,0.2637340353709915,0.010870336209560485,0.0,0.0,6.56506060347896,0.24991933741900416,87.72813553882176,7.594227630042922,-65.67810279150164,-42.235915627524385,-70.80879892727852,5.092152858096829,6.246708869934082,5.916770935058594,-0.07344632768361573,9,0.9965009689331055
1023,5.548431210173816,3.1414612122404924,0.18885497142103125,0.015194053578837251,0.0,0.0,0.9354118787366824,0.4735581707997434,49.700982418141024,13.550263742562745,-60.71874432927513,-50.85569952520191,-101.03062452211446,19.909708621770335,6.325397491455078,6.298377513885498,-0.07912087912087915,1,1.039613962173462
1024,6.769959328610937,2.6283097761566845,0.19050237475824192,0.0063012369372333985,0.0,0.0,2.790357390757055,0.3044412260540995,175.41238603105683,7.743082465417322,-76.80591943104965,-55.01794140079385,-98.85158282415898,3.1106273359704555,7.4010138511657715,7.4010138511657715,0.048066875653082534,2,1.2809207439422607
1025,3.3735626708103172,2.282578534174201,0.1827596051147846,0.016639752424501962,0.0,0.0,1.1169089968135013,0.4211455455732411,62.81981526415943,6.934237639463447,-66.7793904689703,-47.84511852075395,-89.51217623385868,16.754991298632227,6.004470348358154,6.004470348358154,0.3492063492063492,8,1.6273541450500488
1026,9.501588196826926,2.533867297875457,0.13046524632643686,0.019891686381119537,0.0,0.0,3.325531794754729,0.4499269530547331,68.41893885698363,13.096750591106769,-48.21570135149192,-36.005007199908896,-101.85575447518018,5.669271778472055,6.973410129547119,6.973410129547119,nan,0,1.0283520221710205
1027,3.980187141287095,3.719360602483974,0.09663180032017878,0.008913159329716553,0.0,0.0,4.507797597462817,0.4109002915746762,153.48142379220363,7.127133065640711,-77.00325343822514,-58.15756969921381,-82.7232664400188,16.288884698189744,5.556756973266602,5.469045162200928,-0.28042843232716663,4,1.0468218326568604
1028,7.515851770522971,3.204833924306821,0.1776008662346611,0.020468425674065434,0.0,0.0,0.1112871730088682,0.33060131706697576,69.5437024116134,13.468271097006308,-52.28225722353322,-58.063489865873215,-91.67135921638334,2.2922824546509166,1235.0277099609375,723.495361328125,-1.0,188,1.0270967483520508
1029,4.329831939131278,2.7559773463944675,0.007659551141535092,0.03968832368735857,0.0,0.0,0.14396736614822456,0.3595331428980623,220.49465629250383,11.942417155781163,-55.9709204375849,-42.93245383464504,-97.16678741469154,18.737243948813465,4.87345027923584,4.87345027923584,nan,0,1.0170412063598633
1030,5.837279835598493,3.579811963471175,0.0022369294271409102,0.0050110107884754245,0.0,0.0,0.4709066589924381,0.2991307157516933,222.2386313906908,11.915910474993847,-63.58744275248724,-58.82210673023212,-108.7259892438334,3.6245523255534877,5.150845527648926,5.150845527648926,nan,0,1.0403940677642822
1031,7.337934082704689,2.1289148649098175,0.25549254788902453,0.008470397250405196,0.0,0.0,6.842696302700004,0.2812972684431994,147.02587954940324,12.384795033637552,-46.803698390423335,-55.61594801809633,-97.60124536417288,2.027905454033886,8.196515083312988,8.196515083312988,nan,0,1.0202257633209229
1032,5.334874441637865,2.5077821758447714,0.013927213433286656,0.008107548730050483,0.0,0.0,0.6259608423247096,0.2159569326676065,237.4808483826023,12.247320633688584,-63.17500547834904,-45.61086611743886,-84.70215149001086,5.832854309719856,4.8243088722229,4.8243088722229,nan,0,1.033046007156372
1033,9.117320105640331,2.4602063081146786,0.15743854510002542,0.006650529242021561,0.0,0.0,5.956956523039148,0.43994430166052784,52.639859687486506,8.375805732977057,-71.34962575713476,-46.06179775339098,-96.13087373720644,14.849951040697848,5.747992515563965,5.706438064575195,0.2,5,1.0171000957489014
1034,4.4833593853141975,3.970729124336444,0.1844963288848935,0.007329447140297162,0.0,0.0,0.841139107400506,0.16615396163085802,140.6261385571182,10.258110123312377,-46.70471815187637,-51.93976161549197,-81.41285615420324,1.0009619135211443,nan,12520.9892578125,nan,0,1.0227599143981934
1035,6.647182082361589,3.4121971647855203,0.05945136888673068,0.02112917546606575,0.0,0.0,0.3781863421277961,0.28373286710132056,179.49243887377193,10.020351432134088,-72.7065264950439,-59.96223608928457,-78.18752161983109,13.591313367460904,4.667445659637451,4.614469051361084,0.019047619047619067,5,1.0042150020599365
1036,3.752443116350514,3.2355718727771086,0.2687192514795445,0.00633380071150604,0.0,0.0,6.328348187110271,0.25356933517082864,163.0436367903004,9.499638584963689,-57.624593598051796,-45.71663024734849,-99.2497229924929,10.856592787900142,7.598844528198242,7.598844528198242,nan,0,1.0262091159820557
1037,4.377488348194624,2.009969930588946,0.057028731524512495,0.027384298072142058,0.0,0.0,1.3223351360996067,0.3006054613501133,128.3563427623459,12.58898310586699,-64.82788420652425,-49.09786410584307,-65.70179879263327,17.99481358431973,6.027719974517822,6.027719974517822,0.17180205415499525,8,1.024843692779541
1038,4.680476028218748,2.3686200041797147,0.2653544962100024,0.038547178497436704,0.0,0.0,0.5259792240623773,0.5027711957036546,65.7257777100606,13.282344757349337,-75.17116702788886,-38.66522353149999,-101.75044804714922,9.086463629068916,8.876378059387207,8.876378059387207,nan,0,1.0057051181793213
1039,1.69516667396671,3.2710825859461563,0.22889708079991053,0.04222384012831134,0.0,0.0,0.12269136755218499,0.42408223373166987,236.3019751917181,6.776391492417843,-50.607426301119816,-47.63165126180851,-105.00538854012004,19.097336202995052,8.16651439666748,7.955501556396484,0.12967032967032968,1,1.0493459701538086
1040,1.3713749510605635,2.7594386529633317,0.07222288605725818,0.022863663445639393,0.0,0.0,0.16667338853935343,0.3652892877950517,136.32321467202195,13.045128175394684,-49.581257030463725,-59.63413542648255,-98.08216833953739,7.401510012649897,7.71974515914917,7.083827018737793,0.03827751196172252,10,1.0142829418182373
1041,6.841154269894201,3.848560767358122,0.04522324988282806,0.007877101017252447,0.0,0.0,0.18994184634511194,0.4563237040857709,133.01873047454617,6.574928078728646,-66.38615855846085,-39.63404690942258,-102.206399824673,14.324253016951273,5.2136664390563965,5.057037353515625,0.12967032967032968,1,1.0314760208129883
1042,6.727418514258996,3.5294484382835156,0.09486981305587053,0.006085084030269532,0.0,0.0,0.5366270750302754,0.3015138203253647,115.87576415907296,6.565640951171878,-73.79190770298658,-56.47423170665363,-82.1126969156561,2.659163578773613,6.262504577636719,5.395329475402832,-0.6889952153110047,10,1.0247862339019775
1043,6.797642284995905,2.89476814560824,0.1193851698810824,0.008530902101758917,0.0,0.0,1.6393282065590387,0.23764022556923436,199.30075957882337,12.453273047495177,-77.19783010077262,-37.795070056745416,-66.83776284457106,1.8258938654436565,5.6543354988098145,5.421899318695068,0.048066875653082534,2,1.0197150707244873
1044,0.6877812307555708,3.4990299550765407,0.07373540294967702,0.045806508523381716,0.0,0.0,0.412268571864001,0.24447833501959051,228.57580067147128,8.235697355117487,-56.733332071888334,-55.62960634407583,-73.21448676779286,16.996353489648055,4.680681228637695,4.592357158660889,0.019047619047619067,5,1.041456937789917
1045,3.602195005381909,3.950808647652443,0.29966746462632693,0.04584745216782264,0.0,0.0,0.13522446364497598,0.3573756918899061,235.01852319519392,13.94026769736666,-77.34498022783902,-43.55090996804814,-97.71292202814683,3.3859779269917585,10.432947158813477,10.432947158813477,nan,0,1.0581021308898926
1046,2.3791935489623706,2.9219616494029412,0.06889570087187431,0.012047276782916371,0.0,0.0,0.33854583455361087,0.39481124703507864,44.22294630447255,13.491497911427242,-56.07227665791292,-58.73847622577397,-65.70964648342583,16.34843249085358,nan,45.50384521484375,nan,0,1.0327212810516357
1047,7.892438514168117,3.2850517757770668,0.24919044809485708,0.010586722889194265,0.0,0.0,0.6566943833178059,0.30094065092695427,81.11124029966676,9.766933548845603,-54.56984072792852,-43.09919785401384,-89.16135955335939,10.73540811328227,6.8407745361328125,6.2240986824035645,-0.21686746987951808,3,1.0283701419830322
1048,8.675988813263237,3.8373292301225903,0.04773532412714183,0.016180077094367626,0.0,0.0,9.65027873104907,0.4003946065824124,19.93776649577948,10.005065955895589,-68.09135878965873,-52.87371998812609,-97.86699088543163,13.32999104977252,6.897186279296875,6.863739967346191,0.1509971509971509,17,1.0349760055541992
1049,2.8434635836483997,2.4973493240723466,0.29407338758278423,0.00978719172144809,0.0,0.0,0.6109051826380334,0.4201192078213028,108.72925276590327,9.406419267423395,-74.42845530269824,-35.953410793909576,-99.92332088972519,8.716074925414908,7.075223922729492,7.075223922729492,nan,0,1.00974702835083
1050,6.84456700905587,3.773115827332557,0.06765703748492545,0.047712531094764185,0.0,0.0,0.15079635272845598,0.2942933233676217,53.74709576133996,11.625142819113183,-64.7354938738701,-49.65875152454746,-70.62073015749198,15.430117146075613,6.892414093017578,6.892414093017578,-0.1196581196581198,17,1.0270121097564697
1051,1.7289466328536072,2.1950894135459653,0.12650656643507766,0.00832130411678742,0.0,0.0,1.4528796103800712,0.3528413336710585,129.5712621645116,9.748723232329096,-46.40345107710305,-36.08844588271908,-78.28531094405506,15.442810603242226,5.951455593109131,5.949122905731201,0.1646586345381526,3,1.0172390937805176
1052,3.1139489932162765,3.2968963411752927,0.16756922003037195,0.011698028807473511,0.0,0.0,6.906851923779329,0.40115502523962515,216.79136887537763,13.7144700469659,-77.12038318052119,-35.06652918823546,-78.36400032637707,12.262152229640924,6.406097412109375,6.406097412109375,nan,0,1.0557959079742432
1053,1.8172177142174855,3.5656763101115687,0.036085714546828,0.01343819318189965,0.0,0.0,3.744478986456182,0.3753444920436662,105.02843882518647,8.6911191494883,-51.8526427016608,-43.63912358633469,-100.96826740303277,12.588309705546113,5.5022759437561035,4.979047775268555,nan,0,1.0283901691436768
1054,3.193447282692677,3.2292124385048524,0.24504602024373037,0.006668590162532802,0.0,0.0,4.703667546463488,0.2925729231073022,42.46820339593704,9.974998612049028,-59.5789826757873,-44.10789823139919,-103.46320146244541,2.8163720443646367,7.5312275886535645,7.5312275886535645,nan,0,1.043276071548462
1055,6.90999719981814,2.991069608305086,0.08240565980424895,0.012072433758585136,0.0,0.0,7.185609174229616,0.2962371113879419,69.50287817433231,10.856238657236908,-47.3911015110177,-40.52191172749116,-76.44302636724076,7.274414546596602,3.481461763381958,3.3427557945251465,1.0,9,1.0309412479400635
1056,9.148105646759898,3.234694199851372,0.16478097048049914,0.035950151460685364,0.0,0.0,1.8753701830237386,0.4183708137844963,35.692697348286465,13.135515248962015,-62.470127324417994,-57.4872288448937,-85.92640714472694,13.83279461063987,14.039562225341797,13.835725784301758,-1.0,25,1.0497982501983643
1057,2.423962875279767,2.303327417558889,0.16489014320797407,0.006907660837557986,0.0,0.0,9.768895442000082,0.43200769840452113,83.57700680853785,6.073991453469087,-58.243756324828325,-58.997612039262876,-90.52430191079658,16.670729334410094,nan,7.121791839599609,nan,0,1.0307650566101074
1058,5.649750832031832,2.4311414206604365,0.1807921956977355,0.01918633199726343,0.0,0.0,0.11656365041957428,0.40942704865754953,239.73495543877044,8.96242331187334,-79.2955575724931,-47.677422451530695,-97.56760711556035,17.962725258194656,6.799659252166748,6.67195987701416,0.12967032967032968,1,1.0240380764007568
1059,7.163215461812607,2.539798687912684,0.016645795957294405,0.012752846795867669,0.0,0.0,4.673899311652557,0.2732984125731337,173.6457245753696,9.234586150447619,-53.329011917864065,-51.469853276926685,-86.52063866987946,18.532920316184235,4.526763916015625,4.526763916015625,0.4595910418695229,4,1.0274581909179688
1060,9.552763450612874,3.195558681260076,0.05058562854947036,0.007404687427332541,0.0,0.0,5.176322651693879,0.2863508336037807,56.03617123451677,8.50446401525365,-49.00423056155642,-48.45304099223971,-95.69500270968895,1.7086747334948695,5.539237022399902,5.539237022399902,0.5707915273132664,14,1.0567102432250977
1061,6.295574587428152,2.883802147490141,0.04835767287700926,0.005144061696807674,0.0,0.0,6.813978854744972,0.3103477154541339,106.35919864498725,10.004808890950473,-65.77834964376194,-53.06351915573603,-93.38914219007603,13.206451172520675,5.09438419342041,5.081368446350098,0.08958130477117816,4,1.0437519550323486
1062,2.9235158447601166,2.488951684971679,0.09061537782475555,0.00938238625000536,0.0,0.0,0.9043549400608859,0.2702577695113956,214.99433559149057,11.197406580620015,-57.384314740918185,-39.578128450478054,-102.56857500200302,6.7208549597046305,6.381306171417236,6.381306171417236,nan,0,1.0374040603637695
1063,6.442042490682395,3.7656186642891605,0.043474247057501955,0.005764995399137577,0.0,0.0,3.7628061679243308,0.23817669380819573,21.635926084220323,8.797102374985926,-45.0411676206723,-51.7671901158606,-71.31021517883418,2.6297765646782163,7981.41748046875,7981.41748046875,-1.0,470,1.0381488800048828
1064,3.5446660359411535,2.747843680586447,0.2765763962322869,0.011905248793447872,0.0,0.0,0.24556179439507828,0.27411355158398637,115.73384356727986,8.811702923053094,-72.94459978690045,-50.6873435735784,-80.69248498637238,10.315853422892765,6.9993062019348145,6.91846227645874,0.019047619047619067,5,1.021977186203003
1065,9.773219711571224,2.8920634384597825,0.1538863351533902,0.032298314569756625,0.0,0.0,1.607905239345416,0.36536239347155797,204.1968271779462,13.239572854786699,-63.133750909069434,-35.45684214622201,-106.75906564085372,6.250445205388714,8.689148902893066,8.689148902893066,nan,0,1.0257089138031006
1066,4.29692328405455,2.819402153097989,0.1870725443108053,0.026221363146184937,0.0,0.0,0.5215432208743009,0.16249851570624366,105.84359219397246,10.661612082866618,-60.89245905403763,-45.80058090544816,-69.6687174826116,6.273738647112814,5.670864582061768,5.332564353942871,0.17180205415499525,8,1.0424141883850098
1067,7.011563347229635,2.3638859105535053,0.10724645261943624,0.04429489902877502,0.0,0.0,1.5572104207425215,0.20442827728507376,197.8763614853846,10.464004433021273,-62.83283309770581,-52.51466435936327,-96.31690387579988,8.381117557452853,5.824412822723389,5.507638931274414,nan,0,1.032395839691162
1068,0.7206620322942056,3.4632540308604667,0.08287384231017346,0.013365506506773955,0.0,0.0,2.244507259089478,0.3404267653190957,185.60741226292905,9.813863100738168,-74.61582101603125,-41.00342056643,-80.14790054378592,19.035536599622173,5.604236125946045,5.604236125946045,-0.1504702194357367,2,1.0249888896942139
1069,4.300583738280176,2.896916524537716,0.1509531510696639,0.025513580056179708,0.0,0.0,0.49446702364398076,0.23651884782089047,131.76524337249495,11.235377139662432,-63.2234404533576,-42.98049479305089,-90.37473215599175,3.6192730959806636,5.804910659790039,5.804910659790039,nan,0,1.0373220443725586
1070,8.813522326563861,2.032514219785437,0.08829689245045008,0.023137249320279513,0.0,0.0,0.27069273407265704,0.12232159433139662,236.9371443488001,11.762909622366843,-58.6980961169552,-47.964481245362016,-77.98569490151006,3.408723520568438,5.710091590881348,4.827425003051758,-0.1504702194357367,2,1.0444748401641846
1071,6.297160722115835,3.928027404719594,0.10309377771892927,0.008241690614801653,0.0,0.0,0.43992213839490213,0.34402425243972196,85.00608157258965,6.997594806103087,-75.58912163656285,-59.46631137806998,-75.98479631863023,5.318863867878405,5.830871105194092,5.825006484985352,-0.06465997770345608,14,1.0412471294403076
1072,4.717457420761775,3.6315272231908273,0.13582526228125713,0.010058946761117082,0.0,0.0,2.1277200703653527,0.4123562378041113,201.36177538602803,13.235476113309858,-74.10018791218376,-42.27839894160147,-89.28624221794726,18.460261990714965,6.469486713409424,6.469486713409424,nan,0,1.044538974761963
1073,9.391406244639397,3.4471187081836066,0.15172010615530665,0.016935559060572734,0.0,0.0,2.258127539623727,0.45636940403153564,121.41595457438007,9.030991091542216,-69.6902208339444,-37.40946399429607,-99.82193134661622,16.726581040580246,6.394196033477783,6.394196033477783,nan,0,1.1239140033721924
1074,8.612851573398677,3.7381837410370578,0.2952942035345516,0.031305981433534746,0.0,0.0,3.0383225159430043,0.373337822094664,54.66311294292565,11.14717483402793,-64.21270260965314,-57.384783124583016,-104.33301480573265,6.348673848397723,8.488527297973633,8.085586547851562,nan,0,1.0533931255340576
1075,3.561048901317913,3.8136145072111005,0.06699677644858215,0.014480472687125538,0.0,0.0,0.17909077554098726,0.3738742131686683,186.32988753943616,11.831520018125214,-72.82079120074215,-48.0949451358275,-105.63558667953521,14.602979437480853,6.447901725769043,6.447901725769043,nan,0,1.038254737854004
1076,5.673209819392726,2.6749794127688773,0.14639284946479414,0.008447175952353227,0.0,0.0,4.335455975317249,0.3706486672436618,192.4594680540022,13.148096000296217,-48.99889117634392,-51.55269232134985,-98.54597749519897,18.035198120181008,6.4094462394714355,6.4094462394714355,nan,0,1.028939962387085
1077,5.153330432878396,3.221917356833397,0.04485352184680168,0.049253340920900765,0.0,0.0,2.3784586366401648,0.4874128668806388,43.58160420848727,6.474752573541013,-69.00149576913289,-40.992498902133434,-78.76100935300414,19.754050301510272,nan,4.708683967590332,nan,0,1.0234129428863525
1078,6.505923751091192,3.2176156184111884,0.10499976981239179,0.006524523664991221,0.0,0.0,0.11508272938492836,0.48217191573011925,92.69272135482518,8.206778518855035,-66.76273367642757,-40.443593464238646,-100.35650219954879,19.007211700682603,5.759430408477783,5.28234338760376,0.24660397074190177,2,1.0248382091522217
1079,3.674057036108178,2.534599337621194,0.21519321561192128,0.04517091748950624,0.0,0.0,0.46902468329493097,0.22229473108185768,127.88634648182986,12.265159966195757,-51.04583614306292,-48.02962206655625,-76.63828788188358,7.929192154773756,5.7294721603393555,5.713937282562256,-0.0488262910798122,6,1.0125279426574707
1080,2.8199475072759386,2.443904502894134,0.052338643128172366,0.03221189633496101,0.0,0.0,0.8578720368404064,0.2598270536075488,196.513443282837,12.591224068939443,-60.18279631965534,-54.546304603174065,-66.33995711688358,18.992617533329707,4.996108055114746,4.996108055114746,0.06156716417910444,7,0.9998400211334229
1081,9.170382434927593,2.227814509638044,0.17440539226501295,0.034503529550004776,0.0,0.0,0.526301951999566,0.2125914339764454,152.55872525324745,13.87104800624817,-62.40212962630689,-50.612890626849186,-89.27736429036517,1.8722333455246902,5.9525980949401855,5.9525980949401855,nan,0,1.0305867195129395
1082,9.27680774523581,3.3186283918329056,0.12501030707040214,0.031180823967013285,0.0,0.0,0.1717250993939482,0.33588580174795934,136.29802508401323,11.32985952450558,-76.16680091942729,-53.61006070759576,-77.54671505671337,16.07821338881844,5.076691627502441,4.985429286956787,0.2,5,1.0363149642944336
1083,8.511567414738801,3.5618379820615598,0.015473863321341895,0.008074970522814922,0.0,0.0,0.2598319597894283,0.3803173301049066,236.74942134922242,8.025789487126008,-50.549618491739665,-55.697425872145836,-104.1104722070611,14.85486804233679,4.804065227508545,4.67943811416626,0.12967032967032968,1,1.0541629791259766
1084,9.792942092263333,3.5219059590340076,0.27992257244353336,0.02145617890464573,0.0,0.0,0.11197544313758907,0.2682866467257202,112.55064543146541,12.351387986776007,-70.11023216329615,-54.67015307250753,-85.30405652796274,3.190899018747685,7.480924606323242,5.86979866027832,-0.28042843232716663,4,1.0299439430236816
1085,7.577419494907041,2.632550754369949,0.12408094208786591,0.02855747575708277,0.0,0.0,0.1535162392276108,0.4804179106045891,74.11231921804415,7.329896091666309,-68.79834471796455,-40.862532353711295,-104.56659482564692,12.625509464256044,5.951519012451172,5.83925199508667,0.24660397074190177,2,1.0335090160369873
1086,7.764338671338996,2.4105197009304042,0.23517796072534985,0.027839138808494,0.0,0.0,0.34087899081487777,0.1390198728877562,144.49619621114206,10.305045033338288,-63.051333878425346,-43.403484895293346,-71.66852050449097,4.078696128627978,6.665278434753418,5.7298760414123535,-0.16190476190476188,5,1.0367398262023926
1087,7.744605873645087,2.907228356909244,0.12489404661954008,0.00934405475914402,0.0,0.0,4.364560634303287,0.23945617885159529,197.25020414546637,6.491805154752416,-63.12564425550529,-47.21336197772851,-101.10863757736269,2.7037890017742123,6.4081244468688965,6.307658672332764,-0.07912087912087915,1,1.0485897064208984
1088,5.065772493951912,3.093626920481021,0.28120809647363537,0.007587337313341193,0.0,0.0,1.130511592043491,0.40665851190988156,27.229524356253815,6.297871880346304,-59.92424415583561,-56.11313473613485,-73.60828627565265,18.08010169963445,nan,35.37907791137695,nan,0,1.0757980346679688
1089,4.836295847885581,3.8381742559371115,0.08714110032866924,0.010643708898553336,0.0,0.0,0.7063106933207887,0.352419423865455,77.25387684602674,7.315731439829669,-65.6635843532971,-37.960744967886015,-92.00813674964455,3.0583896242588358,4.751164436340332,4.455958843231201,0.1646586345381526,3,1.2080440521240234
1090,2.78214962341553,3.749646308548108,0.12366919490630905,0.015094352389299764,0.0,0.0,2.1102110259590967,0.23690231746521817,236.47366133537636,9.997403769754172,-68.0169985083181,-37.65948025389488,-68.26684277572882,10.439284863664465,5.869646072387695,5.868306636810303,-0.1504702194357367,2,1.371941089630127
1091,6.62578234641326,3.8321166626036556,0.22765927207778588,0.018739187272437452,0.0,0.0,1.2106570089041544,0.37554888064171227,80.54477057248381,9.861070556497253,-72.32513170904345,-48.04404755152672,-99.67560024457529,12.821852460491707,7.173618793487549,6.886717319488525,0.048066875653082534,2,1.065006971359253
1092,3.248541292972178,3.7005247702719593,0.10310019458425708,0.034349495801272056,0.0,0.0,0.18324319417714222,0.3699860079220971,184.77451164602638,13.755422306204439,-50.51003357434657,-57.84662887983616,-100.48147040262535,11.102145299695405,6.525957107543945,6.490663051605225,-0.07912087912087915,1,1.0537710189819336
1093,2.949179892172367,3.9291624088726227,0.1093071214005538,0.029376782784207425,0.0,0.0,0.2787704445538154,0.4169286605076259,69.24592866346977,6.114921656666405,-53.582316753114284,-51.05569981031073,-107.02549854110622,10.66789191393009,4.925496578216553,4.722420692443848,-0.11567164179104483,7,1.034104824066162
1094,6.06663305391252,2.930999994338115,0.298446952024267,0.02372031925732288,0.0,0.0,0.2786408087481929,0.154701156386196,234.7580040241298,11.428309011382087,-74.44318603650625,-47.14261035175757,-69.42248952979315,2.0306296720896793,6.518711090087891,6.494677543640137,0.1646586345381526,3,1.0395030975341797
1095,4.39483268813791,2.0949469948661887,0.16668435770710557,0.00917189970960767,0.0,0.0,1.5845466340235321,0.17046099905429543,156.71543617593542,11.77018391824718,-55.35959052399218,-56.24573953632288,-69.17246607281324,7.12315532154838,7.365584850311279,7.319690227508545,0.2976190476190476,15,1.020183801651001
1096,2.579137783549006,2.1671240642969565,0.20681413610104443,0.015060885376851314,0.0,0.0,0.8380090955394888,0.4407773902474072,21.90066537993117,6.665767475860389,-63.98479163701055,-59.00044994802382,-74.92013670042815,17.450646613436042,nan,43.937095642089844,nan,0,1.0183608531951904
1097,8.252532159151896,2.7805522835446865,0.19303867024608293,0.010824450991226225,0.0,0.0,0.5958955265208435,0.4925630513949064,13.075830254900119,12.48010802661795,-45.65777358152108,-59.24079597235626,-77.37647399211725,19.982787497155105,nan,764.954833984375,nan,0,1.0340192317962646
1098,8.675414233296571,2.5153741825459948,0.24837724414697165,0.008588121577525405,0.0,0.0,1.2980109188638982,0.22777246387092473,193.33727484760948,10.0428560242811,-49.03119597744064,-42.3016893774366,-96.83967572928216,5.262075859468125,7.220984935760498,7.220984935760498,nan,0,1.0655648708343506
1099,2.093145436938919,2.3398811827221344,0.2585475298325229,0.0051193563923226815,0.0,0.0,8.714281231050027,0.2762860780411249,127.88521032206272,8.983924192172882,-68.46862032171994,-55.551879581827876,-71.9621298572736,14.395275512252658,6.752803325653076,6.752803325653076,-0.18300653594771255,8,1.1323959827423096
1100,0.5713168115999987,3.906407549017297,0.16897683974109287,0.01092526487466727,0.0,0.0,0.4249980252526099,0.3107692114932675,86.203938021511,7.901336652681494,-75.51517304469775,-57.18717613319118,-81.85348166523096,3.067526383271582,5.805148601531982,5.5670390129089355,0.0871327254305978,12,1.1911609172821045
1101,3.6932347010290503,2.390839176821245,0.0883668224899198,0.009017502513642032,0.0,0.0,1.0974654763702563,0.3707871091236872,230.84890351470247,8.233080812896535,-79.09682987963589,-38.616756903920376,-93.45856718673649,7.516351776524234,5.643101215362549,5.643101215362549,nan,0,1.0310940742492676
1102,8.07635293896715,3.918758544630462,0.006840074272490837,0.01865831115492811,0.0,0.0,0.9135662169512395,0.44103539139639,37.28274071776816,11.283376465751267,-67.44223199436983,-39.42513676083193,-81.62217633664419,17.71833469928536,4.760176181793213,4.760176181793213,-0.6101694915254237,9,1.0242056846618652
1103,8.472151729226082,3.521677680642414,0.18432097531929603,0.005771275076813585,0.0,0.0,2.7119773839666337,0.2374274407944478,153.18906633725754,12.23422583775799,-55.62112502833462,-48.43518938398334,-79.00967036177519,13.608723333608523,4.437414646148682,4.437414646148682,0.4595910418695229,4,1.0384130477905273
1104,1.8141261661024677,3.2818913442504467,0.24764064997968588,0.009321581500359735,0.0,0.0,2.887889262362533,0.38890360032085697,11.541832583008624,11.589103509822813,-70.82441743620039,-46.45442944999923,-104.99004252151153,1.4374275298744617,8.914563179016113,8.914563179016113,nan,0,1.0503809452056885
1105,7.856191061238986,3.3520379201787565,0.13516194165349785,0.0055429312797792415,0.0,0.0,2.8717157020064534,0.4510684621065055,13.477533018381152,7.265556098983487,-79.30376226864469,-56.69006447872454,-84.83718775884616,8.605183799886923,74.95187377929688,74.45716857910156,-1.0,55,1.044090986251831
1106,1.5991895894395798,2.662948647318248,0.049411842147259286,0.021897165905627278,0.0,0.0,0.25295260708735645,0.2882239810265759,235.57206819585028,12.469554881737619,-74.86284859289793,-49.58026516347361,-90.60631415465056,7.880218800074428,5.210358619689941,5.210358619689941,nan,0,1.0482890605926514
1107,4.205594606487027,3.2928540761165643,0.08642462188069228,0.018499481783497078,0.0,0.0,0.7910178297545305,0.16271465495046158,123.98564955537331,11.358996363563723,-57.56885995191215,-51.07252089666117,-78.27294695831648,6.500222574605219,4.537464141845703,4.501018524169922,-0.005602240896358641,8,1.0350677967071533
1108,9.986790392613202,2.3733842365625306,0.15299667885355936,0.01087551990021841,0.0,0.0,4.1913061252500405,0.2843118564133839,202.15760417206744,13.714976346112206,-69.68421709428867,-40.38278618073922,-73.39583882640227,10.3245041161627,5.225600242614746,5.135892868041992,0.24660397074190177,2,1.008681297302246
1109,2.3296128206936433,3.875410865071959,0.2510043656933,0.007019474565936181,0.0,0.0,0.5795092081178037,0.34734810547777356,30.18188168020016,12.289455120794273,-65.73826166186181,-54.7982181124562,-81.80073953476493,9.30182400793452,19.11269760131836,18.818391799926758,-1.0,28,1.014631986618042
1110,1.9626540344874512,2.603586679921187,0.051525943820526186,0.04538264846765254,0.0,0.0,9.300584322443617,0.33352036055406353,30.141663196441883,13.869397032533655,-71.43683454145491,-47.22587361300886,-79.97202822210393,3.1866979235751396,5.358144760131836,3.5241167545318604,-0.4056338028169014,6,1.0380158424377441
1111,4.516603159194538,2.5103730245870843,0.18364496271285424,0.019202706838129954,0.0,0.0,0.5365046415297146,0.23704776871774128,180.06432158797455,11.186310638713003,-62.71864859426194,-46.79175020828298,-67.03422376518526,18.307058908110317,6.807038307189941,6.807038307189941,-0.16190476190476188,5,1.049083948135376
1112,6.386850996713684,3.422325596388315,0.22601058418516362,0.023882697117270216,0.0,0.0,0.9893128604784823,0.3138840176281719,35.756164490396074,8.950016424535203,-61.91299988806335,-37.00060385245546,-73.25465017456794,8.343171356893869,7.100838661193848,6.933956146240234,-0.06465997770345608,14,1.0443739891052246
1113,9.362557432925906,3.3128974361323635,0.28081425610044697,0.01699490563969217,0.0,0.0,0.8893059327672624,0.30866664795513404,213.82839326744846,9.025262365056987,-70.50824724684917,-44.752684336060014,-93.98442103333385,12.825743638529126,8.415021896362305,7.785862922668457,-0.07912087912087915,1,1.0720560550689697
1114,9.817800882563825,2.9025978366866108,0.03501110750365782,0.03202604075529003,0.0,0.0,0.7367626561798777,0.36971367467238,104.22733726040161,12.366153117015056,-46.59911593191303,-53.24227052821428,-87.04954620900733,14.764216270749184,5.115682125091553,4.583717346191406,-0.1435406698564593,10,1.0402913093566895
1115,1.1615860476182491,3.2648924693815724,0.2779174902493672,0.03938674160482825,0.0,0.0,4.912049522458685,0.2756769891781866,46.45939189764443,12.367249184618947,-59.59598134241004,-56.25648690219796,-70.92966859381606,9.107323930990379,30.6683349609375,28.774913787841797,-1.0,36,1.0450520515441895
1116,1.8109764148051006,2.3189861435217125,0.18044026055234383,0.012069257355074348,0.0,0.0,0.20443275204894995,0.3639263068388198,50.62244956266922,7.563170914709203,-52.50727600817863,-36.607095985375544,-92.97875349856328,2.497733430837423,6.625334739685059,6.105620861053467,-0.07912087912087915,1,1.0208408832550049
1117,8.012010752011943,3.3466566148039103,0.2300104762296858,0.024490368312796905,0.0,0.0,1.3656185669920857,0.3547403498953232,33.189308274387194,11.235828073550808,-67.02369012936136,-49.34671256635516,-94.83286798332026,9.845232753801984,5.951826095581055,5.354964733123779,0.048066875653082534,2,3.656369924545288
1118,3.0710054465731744,2.5412213903903877,0.016132412870566635,0.00848901867294024,0.0,0.0,1.7266453950328589,0.2834461371331725,158.01637416241488,10.329113311238288,-74.25155015469828,-47.7177837014049,-89.27241234021463,11.36900771301918,4.572880268096924,4.523427963256836,0.048066875653082534,2,1.126227855682373
1119,8.906066065310426,2.5456719533529144,0.15184444669217853,0.02242978194310967,0.0,0.0,5.04014018713811,0.3107931690436337,35.45410713928829,7.2282169843418815,-61.44145376622186,-53.11412393625917,-81.69357400798938,8.082276270904044,15.143863677978516,15.143863677978516,-1.0,27,1.0696749687194824
1120,6.802805943676324,2.3243598698875694,0.1867889022242381,0.012535037406908815,0.0,0.0,1.6534852299409917,0.2830008880357777,60.768991963050226,11.251158306618628,-66.213231562512,-56.059688237256886,-73.60359593283695,9.203415526871675,10.265107154846191,8.782334327697754,-0.07142857142857151,19,1.0401318073272705
1121,1.5625256226164332,2.6647542700723292,0.09205015196185205,0.0050786888207424415,0.0,0.0,8.31841715199987,0.3872156721538704,220.46617813620801,7.54720742812322,-49.32774178877344,-39.602250732523274,-105.32378791602962,11.10194499735603,6.004496097564697,6.004496097564697,nan,0,1.0421969890594482
1122,8.409028206778068,2.6625021206226562,0.12949506243037578,0.045133381463290136,0.0,0.0,5.5505423998811665,0.34339645019350423,160.34705783368278,9.96385755781804,-66.34079205349225,-36.40394681590741,-78.46306131160011,19.35152767372533,5.575325965881348,5.538465976715088,0.048066875653082534,2,1.038478136062622
1123,2.1753856100767206,2.9083580234045385,0.1662894405838794,0.036932741802102924,0.0,0.0,0.49828738993945776,0.20720330798561304,204.63297149623406,12.537051185729247,-54.60286983949966,-43.84801894636833,-70.09120589994372,12.654785680598202,5.927809715270996,5.765252113342285,-0.09542356377799423,4,1.0536799430847168
1124,4.523206249456711,2.380839009332699,0.16576438193189397,0.009768020326743428,0.0,0.0,5.24581403340217,0.44227233982508674,27.316332212794073,10.660508151946413,-76.40076969446288,-36.26747324693933,-80.89989607544211,11.557279384853778,7.407426357269287,7.245248317718506,-0.18300653594771255,8,1.0690481662750244
1125,5.745756821313635,2.386015072317533,0.012558457622051421,0.04974246677904449,0.0,0.0,8.259535576940495,0.32276901148389686,55.49886052861019,10.126136398998243,-68.01141486597302,-43.115345799783974,-82.80155911432892,10.486834710134115,4.644247055053711,4.3379364013671875,-0.11567164179104483,7,1.0837759971618652
1126,5.257278416262643,3.0834771433264567,0.13184452997366772,0.010377617966889153,0.0,0.0,0.3268845254995428,0.32154925556699604,68.1304303322007,10.205945043208972,-63.84060899891713,-38.71835306344186,-69.75481963867468,15.425733928059778,5.375682830810547,5.375682830810547,-0.07344632768361573,9,1.051069974899292
1127,7.018547698343929,2.25775480934095,0.06414544643766926,0.014381831321722945,0.0,0.0,1.6611835175055272,0.5419978072041014,83.5171900208315,6.304716083345229,-47.61324142646425,-35.19969370853327,-104.28406569548714,14.026704451880846,5.529706001281738,4.5799126625061035,0.048066875653082534,2,1.0710649490356445
1128,6.700523981257924,3.3777940159776705,0.27500852342560494,0.03550005537644246,0.0,0.0,0.36610682463427924,0.30669390264424223,107.78370316263569,7.188163238712636,-45.06645411620516,-36.669278638455644,-65.78260056727788,3.7340288330327565,7.532760143280029,6.191453456878662,-0.3253588516746411,10,1.0587470531463623
1129,9.924399052516522,3.887894251725193,0.2929739970370002,0.010082456470080258,0.0,0.0,1.991290208097645,0.19955833954582125,123.14264082428875,13.166193306570912,-56.36945439773358,-49.13495491771041,-86.748759160419,1.7334304893200683,6.911377906799316,6.911377906799316,nan,0,1.0608251094818115
1130,9.994508137629785,2.8535912433287565,0.08989406890562072,0.01410945662298094,0.0,0.0,0.1539166523846024,0.38655498912453273,150.6489506672872,12.877724133602097,-79.90222307105513,-56.0008830588069,-86.69044450976052,11.65832219439645,5.347026824951172,5.06767463684082,0.1646586345381526,3,1.0700058937072754
1131,5.406364325038589,3.8022106263013535,0.052555619175317626,0.023150329218676154,0.0,0.0,2.940194384162154,0.3296217382020677,88.97103938827797,6.223475839956326,-53.97399665575564,-53.92687204387143,-80.99402141446394,11.623788080475299,4.796263694763184,4.796263694763184,0.2156448202959831,13,1.074296236038208
1132,1.404391326128208,2.1966331822517287,0.06585124528450292,0.006752079686756032,0.0,0.0,0.6912571830133879,0.23984327256354984,109.09275896578283,10.72231602622692,-55.67364396102683,-45.69389205135095,-84.9113555553793,9.285477190284647,5.686692237854004,5.591999530792236,-0.09542356377799423,4,1.0391380786895752
1133,7.414511340202824,2.0859152547512894,0.1433256766058861,0.013222706952866812,0.0,0.0,1.494907625938067,0.32855495158821485,108.9079401685865,9.92772788023531,-64.1772730745386,-49.024385392324646,-100.53334679553139,14.771920500055813,5.880282878875732,5.668186664581299,0.24660397074190177,2,1.0634620189666748
1134,9.778308743057597,3.4427377550276796,0.2623516797339535,0.010194828906914663,0.0,0.0,0.11264834227159075,0.3325737201092728,40.57906784918601,13.269683381346585,-58.13038262297445,-58.77748302191813,-80.34505851132856,7.868770968610527,42.96263122558594,42.96263122558594,-1.0,42,1.0695900917053223
1135,3.524100682475693,3.522043145962993,0.1500108644812919,0.023754413396544168,0.0,0.0,2.4597043569999135,0.2587374403576328,223.84591420754842,13.488603891917663,-50.392506635150376,-45.8037774506512,-68.6370038912655,13.346355592384317,4.543671607971191,4.543671607971191,0.2745861733203505,4,1.0410349369049072
1136,4.881484415456951,3.686116481931503,0.016617618514589292,0.006838162143713322,0.0,0.0,0.9817088548375764,0.40949756551452826,211.2796827583554,7.280425594169139,-48.35368902990787,-43.46023263586331,-96.35267345875747,19.958457016437105,5.243625164031982,5.229676246643066,-0.07912087912087915,1,1.0602879524230957
1137,4.535380785746831,2.113635356799963,0.011965680813943202,0.008544791763577475,0.0,0.0,1.780336170616316,0.25636571991273915,167.9833124915288,13.26732846416583,-79.80450676580439,-46.191539761270356,-77.93603193922837,1.2610008932555168,5.00515079498291,3.884348154067993,0.048066875653082534,2,1.0739352703094482
1138,0.9884819682908289,3.553814109913661,0.06821728368685456,0.025724456513284106,0.0,0.0,0.4278937516886685,0.3978543526010668,185.3886217782554,11.211585545341176,-70.38341212425563,-42.77637634130628,-104.10945324513753,16.656706776607326,6.054007530212402,6.054007530212402,nan,0,1.062479019165039
1139,6.886512096622726,2.7530774655931634,0.2528313832828286,0.007164640011092537,0.0,0.0,0.19572231630570747,0.2569444092564825,209.23177696945592,9.883815442227977,-62.23952412180875,-49.94864097834121,-94.459970665829,17.585067298215506,7.762139320373535,7.692002296447754,-0.07912087912087915,1,1.5215740203857422
1140,3.856708103150444,2.606675265364397,0.1864441672605432,0.01321262979267546,0.0,0.0,0.7427760364006322,0.231684411262255,80.12083043113411,9.222800094835133,-69.50292962444207,-43.58218098018184,-73.36017509997879,4.122380711938685,6.39808988571167,6.216220378875732,-0.005602240896358641,8,1.0870749950408936
1141,7.980906808999271,2.346047842686594,0.16888735613588743,0.025813727813311628,0.0,0.0,7.726062954061389,0.34075079721655194,68.5907786559033,6.8328616682299534,-74.39356150405878,-49.82795938860712,-75.08556696308875,11.290740764409382,5.566109657287598,4.929096698760986,0.40191387559808617,10,1.0324878692626953
1142,8.405140715178868,3.992031510205054,0.09569087777479264,0.029136567592162314,0.0,0.0,0.2854881282958521,0.404390800637554,22.253543914047576,11.000693997471826,-52.1643540889088,-50.163304960585926,-98.9744329382525,15.514816835744666,4.927781105041504,4.557496547698975,0.22009569377990437,10,1.1048007011413574
1143,8.301692472679532,2.127327178637727,0.2788276215138562,0.0062208708192671965,0.0,0.0,2.247387826466501,0.43933027947767456,15.498434961012858,12.524728195325869,-51.850914645953004,-37.800351732644806,-105.9734026719369,3.0474111561878727,10.102710723876953,10.102710723876953,nan,0,21.783136129379272
1144,4.458326981378861,3.654016029215999,0.09935347348863972,0.035560316177244936,0.0,0.0,0.1258018674738006,0.3170533327025494,210.733149503243,9.802102137297592,-66.26815224061973,-45.66766087174086,-107.3637618429602,13.230607228025535,6.686090469360352,6.686090469360352,nan,0,1.1073939800262451
1145,3.5546839812885453,3.2789888709810553,0.250483323795884,0.026481483178067384,0.0,0.0,2.7302321130604175,0.204055787976103,227.36912532556153,11.405759153336415,-63.74127106917857,-35.977975284712784,-79.0167613743464,2.0822482784912633,6.8445844650268555,6.8445844650268555,nan,0,1.0522329807281494
1146,7.613797406837021,3.4701608885237345,0.2687710553927652,0.010921054968559506,0.0,0.0,0.2998295090299468,0.30351414253248965,164.11070231702027,6.477566902023541,-69.24695410235113,-44.60791298993207,-100.29727927159115,1.725594507291683,7.8039326667785645,7.611062049865723,0.12967032967032968,1,1.0431861877441406
1147,8.113199621505869,3.423434239843593,0.14500050396484102,0.029025041987946247,0.0,0.0,0.7998970966613735,0.2837112440598106,152.12934841937397,8.286858263064088,-61.346252148128066,-53.471360527384476,-79.11070188820345,18.018326432034378,5.130524635314941,5.130524635314941,0.019047619047619067,5,1.0368261337280273
1148,5.166945740717979,3.716868970146365,0.26828678084422275,0.026746617667524588,0.0,0.0,0.5438838976562027,0.3756849047645749,29.909904642997645,12.290549483638069,-74.53667307078778,-51.764755320517224,-93.91856168787695,4.919889791346957,6.42774772644043,6.425764560699463,0.12967032967032968,1,1.0238771438598633
1149,8.983794685594878,2.367584139712217,0.08304098621731412,0.019946248750581257,0.0,0.0,0.16814373360741813,0.3681591169242129,27.30389839849862,12.147891842102503,-52.22303612543536,-35.07916774054941,-67.94280879521028,9.258206044311626,10.228020668029785,8.829776763916016,0.024242424242424315,21,1.0110180377960205
1150,1.8671326127463037,2.0016492336693705,0.19753002785498275,0.01809052529833558,0.0,0.0,0.491093182334716,0.4178190288694394,40.679243344607855,6.085600064156202,-61.39688615259974,-38.4858397291788,-97.94433171887658,4.779885991773314,6.511539936065674,6.272182464599609,0.307981220657277,6,1.0178849697113037
1151,8.85115340676012,3.1970569780865326,0.026389124557315877,0.027143977911933837,0.0,0.0,0.5014757269283726,0.33782781161860354,110.95927550728912,13.148262407617874,-64.19141588803444,-41.93217735005714,-89.1863205421388,8.08621874741594,5.098920822143555,5.098920822143555,nan,0,1.027310848236084
1152,1.412904713232872,2.707717278646668,0.14218026422771815,0.04991486559602646,0.0,0.0,1.1071622716078855,0.2531558607029262,111.40977253411276,12.147204261387035,-53.59578804426966,-49.206045534614994,-97.95721585571005,3.6434137425911595,6.165915489196777,6.165915489196777,nan,0,1.0512208938598633
1153,1.958492459518832,2.2475746622342756,0.06519954064750437,0.01894620593985159,0.0,0.0,8.80446691611717,0.4534334554463017,10.315029706303294,6.906060664586318,-74.23706571828357,-42.751555225472785,-73.19378553820599,15.001967658392969,nan,60.123802185058594,nan,0,1.069977045059204
1154,5.571480126102624,2.3722775082084775,0.018828983379180864,0.032187546670871356,0.0,0.0,0.8710338744527608,0.31780145299878004,176.34353645654173,13.95456491779295,-46.30907912376533,-53.27882012176909,-103.47046627032395,3.9126665207780755,5.098968982696533,5.098968982696533,nan,0,1.0251150131225586
1155,1.1414255617804427,2.6634986249184456,0.0011176524232862195,0.02774876900510833,0.0,0.0,6.742986827296836,0.284081016403008,215.98953426359503,6.8187747836462735,-68.09495408915029,-46.74133678947319,-82.39472733425656,12.31892011848262,4.3955464363098145,4.367323398590088,0.048066875653082534,2,1.0090968608856201
1156,1.0016674633010485,2.1404667417734062,0.0974256349322425,0.03587388456803635,0.0,0.0,0.8377516987052381,0.20275206696179585,190.8737760921827,10.573546108342136,-50.213371123400044,-57.88424439819538,-71.34655458979353,12.210060054763067,5.574781894683838,5.574781894683838,0.34117647058823536,11,1.040727138519287
1157,0.5049280695742024,2.1138264042569017,0.17685917836102885,0.04502926578444837,0.0,0.0,0.1640916952378155,0.36500060583714805,61.274490145580614,13.821945509582932,-47.10930041949096,-38.856854458157216,-68.97817389739379,8.260692699860824,7.934854984283447,7.934854984283447,-0.03137254901960778,11,1.038013219833374
1158,4.6450082670955,3.832052509664888,0.1365691042953472,0.007799256648196901,0.0,0.0,0.28860628900651036,0.41247802136771167,62.39512066340558,7.463230893273855,-49.4184011021179,-39.334216277472834,-65.85777274992782,17.116789927627842,nan,5.758923530578613,nan,0,1.0212578773498535
1159,7.858926872276183,2.6242054987073926,0.09053078955584883,0.007318627458260498,0.0,0.0,0.653183720457069,0.22176664628536333,155.44416020309276,7.1382540069724,-74.23033615760194,-48.157511830090606,-75.44920109850355,4.292232413377292,4.732961177825928,4.730623245239258,0.2,5,1.0308892726898193
1160,0.8309643276591988,3.96446139494717,0.2973600092328753,0.01928953829695296,0.0,0.0,0.44744282255375034,0.3410047726608725,220.56902682363608,11.470325843894848,-69.06918183437531,-37.856010195986244,-83.06163343185767,14.930011158477402,7.878442287445068,7.667154312133789,0.12967032967032968,1,1.0468153953552246
1161,6.696447261425626,3.9287340166608,0.28185751199390335,0.01406905952884091,0.0,0.0,5.390866475405238,0.39087251824867986,98.65170743877827,9.148404314506621,-79.55838503314854,-46.55244943112477,-75.76414373747599,19.407665758145473,6.557209014892578,6.557209014892578,-0.0488262910798122,6,1.0333001613616943
1162,8.319709515453772,2.285142564654228,0.03769599205124906,0.01860770007135818,0.0,0.0,2.276623447244103,0.43761493977265603,215.21217244289463,6.69592873082204,-45.6817957875117,-56.26298277497874,-108.14985657235627,15.229666873896281,5.680869102478027,5.6787190437316895,-0.1504702194357367,2,1.0512409210205078
1163,2.096008061489776,3.429848605792382,0.12453222800054842,0.031406008133208964,0.0,0.0,1.434223729925118,0.2770506227224279,218.3538835757048,13.598263248201517,-51.12583622818258,-54.87734460721549,-103.06986884775151,2.1204010738576042,7.814976692199707,7.814976692199707,nan,0,1.0532221794128418
1164,1.8952054808033403,3.2016097782541384,0.19465408019808325,0.0427252373859095,0.0,0.0,0.9604153717788146,0.30548333369812114,143.85288837564832,9.897769409304328,-76.175073704727,-48.379322033210926,-84.47043842594807,14.73613822669947,7.127800464630127,7.104269027709961,-0.21686746987951808,3,1.0450007915496826
1165,8.677609249395093,3.3812941462103074,0.220047239258981,0.013073318129264915,0.0,0.0,0.6230763061706137,0.2610228634945729,105.26544110768677,8.546819576627517,-56.70122806460546,-42.89440892386137,-97.83071494985816,1.3766385625054074,6.611051559448242,6.611051559448242,nan,0,1.0591778755187988
1166,8.3196837945259,2.1923820000289496,0.10991164647284711,0.026115758859346982,0.0,0.0,1.6764278987784524,0.22255352934050368,227.50883104077946,12.042291251673378,-72.9613482937826,-45.85835872515337,-83.22736111957687,3.393784007917905,5.3890485763549805,5.3890485763549805,nan,0,1.0281062126159668
1167,5.6199467795097755,2.377120157269116,0.2238845438206043,0.007866276216776543,0.0,0.0,0.1775065286299805,0.3215850988640014,54.08113008809839,13.653652131710302,-62.21961989926858,-55.2139445151631,-74.10913606576962,9.940892748135981,11.90583324432373,11.868327140808105,0.5624999999999993,23,1.0187487602233887
1168,8.282398853292813,2.153277322901763,0.03724500387320349,0.017120717201527868,0.0,0.0,0.21138120846650257,0.3085002195832523,156.83477915271956,8.380012269108631,-77.97335656103019,-55.8763944108989,-66.21333935843067,12.848180280736093,5.156040191650391,5.14259672164917,-0.0488262910798122,6,1.0183429718017578
1169,1.3811827355327002,3.208268410434142,0.09954378757731142,0.005257445533175474,0.0,0.0,0.40386173510151957,0.20574604944412456,201.14959567211326,6.172156463390554,-53.208812459597155,-47.876198336453406,-80.06114554079612,7.8058957664747215,4.903995037078857,4.889345645904541,0.08958130477117816,4,1.0646088123321533
1170,4.247574420418167,3.9731821516981825,0.2149299527267715,0.015948526761298654,0.0,0.0,0.2199729266316281,0.40908145888410613,152.79983016834478,6.284958142302064,-78.40439506121513,-40.029089752371306,-104.39906294898019,1.2656947571365946,7.751774787902832,7.751774787902832,nan,0,1.0537989139556885
1171,7.509076783010542,3.343969075315883,0.18770483707811253,0.01755118578774463,0.0,0.0,2.260463183710925,0.15915492896412783,219.86499261643024,8.1242541019483,-59.616624284624656,-39.027075736537384,-76.43418142585571,1.8859285954077327,5.3066792488098145,4.710092067718506,0.355421686746988,3,1.010869026184082
1172,2.945793613577652,3.4215230700438592,0.25116306445849645,0.027190383943589587,0.0,0.0,0.11208219894782265,0.184777033093805,139.01820119753395,10.334382936763518,-67.74719376263383,-41.16092546579121,-66.61974539110162,3.7965464247823664,5.549161911010742,5.549161911010742,0.380952380952381,5,1.0214557647705078
1173,7.647124687118751,3.969170083086562,0.014057106800146523,0.022307699958609727,0.0,0.0,0.20910045764587276,0.37425970587834817,43.4015208612033,11.877888155686954,-64.09542564418027,-40.1195267355071,-103.65150756588183,1.757293338701992,5.492425441741943,5.492425441741943,nan,0,1.064417839050293
1174,5.289696741712731,3.3560231083435923,0.052317515346914555,0.011412130746585165,0.0,0.0,6.385813328506765,0.36006937068669037,170.52483721587745,13.957688423632883,-76.68206263965048,-38.391552763738254,-92.66196166519634,1.319001360569036,5.653723239898682,5.653723239898682,nan,0,1.0201301574707031
1175,7.627526885508214,2.080363145256941,0.014548374681589937,0.005066416682494487,0.0,0.0,9.887495445237521,0.21155574746533864,127.30501238337847,8.23083365699856,-55.73089004679369,-52.8042344391227,-88.32349444551292,4.810739775539595,6.658631324768066,6.658631324768066,-0.5378151260504204,8,1.0214509963989258
1176,4.914456559644631,3.7340112017131952,0.057634267274763396,0.006523127660767034,0.0,0.0,0.9444543161235863,0.1474734420688024,200.4634043500189,13.403451694944863,-65.88324860242376,-48.77799918580044,-65.77923470548106,3.7001940577686048,4.125694751739502,3.9096932411193848,-0.0488262910798122,6,1.049757957458496
1177,3.995091232107267,2.7293565807575924,0.0012848431898805023,0.04699272806896314,0.0,0.0,0.9789040967356648,0.21839996451072888,195.98248835570888,10.53822884680193,-49.17429526835342,-52.6892863793272,-96.67289152008455,7.190579013052734,4.796700477600098,4.4554924964904785,nan,0,1.033607006072998
1178,2.582297556547007,2.0087272430294307,0.15126309050365988,0.04181221382187066,0.0,0.0,3.522066279971932,0.45858502335076107,13.825148934279742,7.359143192624466,-45.18946756080612,-53.776285655401686,-109.10373060077124,6.292265966731417,322.67877197265625,295.0395812988281,-1.0,129,1.0292370319366455
1179,2.4796037436326426,3.0144683551216414,0.1584943186704766,0.010569712327590746,0.0,0.0,0.1181351549429465,0.273305836141078,103.92973863645494,10.382298234259068,-77.60018930471007,-40.23927700738085,-72.8524429311324,5.050050998562326,6.479120254516602,6.457034111022949,-0.28042843232716663,4,1.0380842685699463
1180,7.639162700428262,3.8740300017525273,0.19736753442179844,0.009074504999744243,0.0,0.0,0.7145670131286498,0.20559766702709392,193.63618329404508,8.891415259530053,-65.1911437741078,-36.59029364214959,-69.86430240679923,8.127103550619292,6.031457901000977,6.024110794067383,0.1646586345381526,3,1.0548081398010254
1181,1.6296483063226248,2.5146613743899664,0.11547373416031304,0.013657974515364829,0.0,0.0,0.15836374507058804,0.4349881124442387,122.2653703161986,8.29219030426394,-61.95980095779684,-42.952302429126426,-105.82995362259658,18.476981397338104,6.394772052764893,5.705030918121338,-0.07912087912087915,1,1.0268080234527588
1182,1.3168323260539787,2.98302634610568,0.0009623072055552017,0.024485559599425798,0.0,0.0,0.633654852919444,0.35652071937873053,175.34101267327637,6.774021465292577,-49.58538528074051,-41.40792834392919,-95.9092932425263,10.907228677659681,5.109889507293701,4.879345893859863,-0.1504702194357367,2,1.0450160503387451
1183,2.1747679677102365,2.3475537755647817,0.20216734632229114,0.011370974274523448,0.0,0.0,9.282045271000872,0.3440664625835051,207.83005161362317,13.745004984722229,-70.16229114183287,-43.736045441816884,-71.28888842032576,19.775170128015954,6.925480842590332,6.925480842590332,-0.21686746987951808,3,1.0305159091949463
1184,2.1657918588122578,2.11538534333288,0.016287326324373772,0.005837996792826388,0.0,0.0,3.2156336271787866,0.3973579095200818,26.265252388651792,10.028975726566628,-49.42169833561813,-59.9210468925118,-90.32441511775507,12.09977575827302,107.2655258178711,107.2655258178711,-1.0,76,1.3263959884643555
1185,8.319522416665547,2.1610898934262264,0.25985112924532316,0.012640524559622248,0.0,0.0,9.334514859105843,0.4763585933057761,131.09277096802128,11.862181490673986,-77.70672695661067,-40.36458191035392,-97.25732587399325,16.660358343955156,6.759355068206787,6.759355068206787,nan,0,1.0658481121063232
1186,4.285812923005018,3.454021811922711,0.006796196312381209,0.00911085214601148,0.0,0.0,3.105254868413006,0.3896736185690029,106.48222315922956,6.343348734423971,-46.262983201501655,-40.48626773757383,-94.34827854729429,6.1305199961489,3.97169828414917,3.9036741256713867,0.2745861733203505,4,1.050555944442749
1187,9.908690344924583,3.728148941484298,0.15914253697698974,0.010565742338270404,0.0,0.0,1.6452054655520194,0.47017691793569355,145.46165754351247,13.898356822591289,-69.84416115370882,-36.29322208134618,-95.1325796171635,14.377857539898198,7.107956409454346,7.107956409454346,nan,0,1.0372300148010254
1188,1.8035069490108175,2.2865976785049824,0.2684753647156562,0.007276579023277819,0.0,0.0,3.2243461981952457,0.2515780238560852,97.79890229216915,6.68041779206919,-47.23337220353489,-55.9018001320851,-67.48888394010807,2.9628296926482447,nan,439.2920837402344,nan,0,1.0013971328735352
1189,6.708628344089612,2.5766371356209374,0.17174687273663403,0.02279345047914511,0.0,0.0,2.0805748572458485,0.27418403587933965,71.39791233999472,13.367387989556445,-56.95106979823494,-55.26291410395761,-83.35580098451233,4.427432952675526,7.030442714691162,6.873961448669434,-0.1547619047619047,15,1.0329649448394775
1190,4.762930318411881,2.3900589352896544,0.182525023963179,0.016811286037953406,0.0,0.0,0.8474850773239315,0.33514650047368505,211.12167556417862,6.3986288587081805,-61.45778057778756,-58.41317435426343,-78.72397620195686,18.78014746867968,5.793098449707031,5.793098449707031,0.4595910418695229,4,1.007416009902954
1191,4.232722678622203,2.053711553852856,0.2044832545012217,0.009328957651860526,0.0,0.0,0.38467385344923477,0.14127219171807753,201.14528342448028,8.97382260122108,-71.70832830820842,-56.97431269032792,-70.68692056778602,2.5410734519008358,6.955513954162598,6.65181827545166,0.17180205415499525,8,1.0232770442962646
1192,8.813299891013783,3.106862739773967,0.036722654319140104,0.017899153217781554,0.0,0.0,1.0973776699094178,0.3352292740030178,154.6307140628863,8.938139755973655,-45.14775885701626,-47.279417162041376,-85.3044072633465,18.439886915282173,4.902243137359619,4.902243137359619,-0.16190476190476188,5,1.0482771396636963
1193,9.768158635369797,3.399844340275295,0.20247813024316785,0.015548118842098961,0.0,0.0,0.3288417477851399,0.18262266772093164,233.0164877476892,10.669091688756318,-52.13362738401775,-44.13083127228884,-90.76697912028716,2.0889917882192397,6.7497334480285645,6.7497334480285645,nan,0,1.1697578430175781
1194,8.792160108354699,3.295754961770141,0.26410646460384457,0.03125682497576058,0.0,0.0,0.9404867748835455,0.2073745338213829,175.08109091461017,11.602102178885193,-75.91541926589461,-54.24827812609086,-77.05423159063825,3.844527574296256,7.768626689910889,6.0861310958862305,-0.3428571428571428,5,1.2935688495635986
1195,2.326856450833764,2.7761070946044955,0.2922662498505949,0.045180837153117145,0.0,0.0,0.1960066525925328,0.2654315593961261,168.91505791952946,11.74381752963902,-67.63296504210258,-53.54545375551432,-93.21322650033741,7.824735806464986,7.496044158935547,7.37929105758667,nan,0,1.2864561080932617
1196,2.5975802514848736,3.1100204918798107,0.13291559980750411,0.006755235801509418,0.0,0.0,1.351419552129928,0.24833269061235874,149.61455531205394,11.950786397750907,-49.83865778023727,-59.25019289994715,-77.30517991837837,6.969534347494045,17.940309524536133,17.919227600097656,-1.0,28,1.0465610027313232
1197,6.732701851403101,2.1881986132724496,0.10335145550326405,0.0382722049140401,0.0,0.0,0.30943353702944637,0.357160174619959,202.88766246340853,6.60573567792809,-60.70889214394267,-46.283160256149664,-95.30698420211472,19.43582534971394,5.325377464294434,5.325377464294434,0.24660397074190177,2,1.01904296875
1198,3.246294025562821,2.308607437445369,0.2259928846788951,0.025337685581109975,0.0,0.0,0.38655937273651836,0.34813599065425743,34.592324768798136,7.091177868279378,-57.450914063410366,-47.14251938390867,-98.0989792151579,6.781164132691395,7.601263046264648,7.273800373077393,0.014799154334038014,13,1.0310020446777344
1199,7.4798887424155085,3.8635892391059667,0.16286228642859438,0.02463335409064963,0.0,0.0,0.99553442796099,0.43342789542329335,46.11536100302844,12.942113111294987,-60.06683944011083,-53.87913559615421,-92.29606590307958,18.22701603179278,5.356977939605713,5.231550693511963,0.0871327254305978,12,1.0314879417419434
1200,5.880996182691624,3.5230154956397937,0.07719139633650914,0.011837797361456159,0.0,0.0,0.21137445753311443,0.3756310982327243,213.9734671802045,6.552853528905662,-57.1064951602104,-56.175720725756904,-100.51024855032843,17.41994425268191,5.849756717681885,5.77862024307251,-0.1504702194357367,2,1.046018123626709
1201,5.733633300658828,3.8454781916503347,0.05164736549091089,0.011037690185931617,0.0,0.0,8.409298473249924,0.3187698621885653,215.89377301947033,6.661535327151588,-49.412683468245724,-41.787661178919386,-75.09303365299854,16.0444912252704,4.876697063446045,4.876697063446045,-0.02610441767068273,3,1.033440113067627
1202,8.371195785968466,3.8333605689987342,0.05106909017782311,0.0050653503501533435,0.0,0.0,0.7832287681033652,0.43984570545599083,126.66365249973896,13.575261143905614,-72.98741386067917,-47.375872312061425,-95.66513390502179,16.62619361324764,5.605353832244873,5.605353832244873,nan,0,1.029688835144043
1203,7.25006133155544,3.2987852342154813,0.13775311098184562,0.04799266635863299,0.0,0.0,0.5064755202914204,0.3167672090084705,29.0211637896188,9.469427895394144,-52.92828203141347,-52.191477211056515,-99.1785672078298,5.988433941103027,5.258184432983398,4.98855447769165,0.12967032967032968,1,1.0241739749908447
1204,0.7524887674742711,3.8564772962243303,0.05103732168469503,0.02020579007822234,0.0,0.0,0.11439135653101994,0.2484762191368921,174.12572470350543,8.294261406710646,-65.9060759087957,-46.35829781402056,-67.66579644739886,16.09260363785165,4.770519733428955,4.5696916580200195,-0.09542356377799423,4,1.0429987907409668
1205,0.9698618028871491,2.8334082061649264,0.005915683203445731,0.012626954870041117,0.0,0.0,4.858572931089708,0.32907938990461466,52.61478277152397,13.064673860275485,-50.433139838517874,-41.36938701112828,-86.73923113526249,2.3264841498889126,4.842975616455078,4.842975616455078,nan,0,1.0274009704589844
1206,6.214805298332149,2.0072324895698817,0.015626632490907,0.017487946912174875,0.0,0.0,1.7851217053123463,0.3421134825058603,173.64620551950816,10.146737363382613,-69.15787759637153,-59.75154999954315,-99.60279586506431,12.508113374008452,4.510537147521973,4.4390153884887695,0.24660397074190177,2,1.018230676651001
1207,5.118824718411617,2.125142231692319,0.2789653631858897,0.00548904812468728,0.0,0.0,0.6804720784761278,0.3393486595381003,35.83051485634993,11.243349652893698,-51.31147689122959,-52.04554148159371,-106.31065072452661,3.654277018098151,9.403361320495605,9.403361320495605,nan,0,1.0318291187286377
1208,2.9717542257584184,2.2189746514016306,0.021888402348040726,0.007457975625179574,0.0,0.0,0.3097887189006916,0.2517800106128,92.31905448302814,12.50747402206742,-57.80024481005357,-38.302808797595375,-65.2507799315994,4.8487578550840285,5.053308486938477,4.910091400146484,0.06156716417910444,7,1.0445849895477295
1209,4.477232829490616,2.1907069063657207,0.021954207174287865,0.021005350336985397,0.0,0.0,3.092251702843736,0.25738130460428166,169.8089303344625,9.732133600503493,-62.72826786686129,-51.860464910979886,-94.58695032502652,13.849357019557582,4.980821132659912,4.703405380249023,0.048066875653082534,2,1.002526044845581
1210,7.700148027962175,2.703404781700527,0.13535653366005973,0.01633923556191478,0.0,0.0,7.779454614905441,0.28841583682499655,152.78467095508384,8.548028565019465,-75.84966784133199,-45.54396781729494,-76.72716447658016,11.613814014075686,5.6637654304504395,5.627997875213623,-0.02610441767068273,3,1.0243959426879883
1211,8.352809104250335,3.4025416142187153,0.07353008470050977,0.03062279501547768,0.0,0.0,0.5775896618687022,0.4714700295153038,10.839654895027493,8.25852409979042,-52.74972311277459,-41.436294868081546,-109.53153863563283,9.93562842244339,5.623098850250244,5.623098850250244,nan,0,1.0481667518615723
1212,5.83161914495542,3.5812976132009897,0.2888081556517493,0.022788340226335524,0.0,0.0,0.1861024697947506,0.2738673114151809,110.5831797095782,11.218251010327535,-75.62569859772508,-44.46461917794325,-67.38868909275271,8.063241157689749,6.537332057952881,6.510190486907959,-0.0488262910798122,6,1.0415170192718506
1213,4.161010068142478,3.1804265486892493,0.27329575184934124,0.019971269870992025,0.0,0.0,0.16534440153677646,0.3661347795327335,87.59197606174436,6.226188114975024,-77.99117293655989,-36.710688826757035,-66.10241690575899,1.107192308295148,7.093746185302734,6.931070327758789,0.1054613935969869,9,1.0272738933563232
1214,3.0716192342035167,2.292872349113959,0.12142297460138013,0.032676513230186006,0.0,0.0,0.10297313730022277,0.2920288372893352,217.15632785892788,7.391680245446567,-60.35244484702496,-43.04647691178127,-93.84235802477394,11.050773743643626,5.925892353057861,5.425393104553223,0.12967032967032968,1,1.0211091041564941
1215,5.458225472307908,3.4958032042963505,0.13461945582487775,0.005851040576084295,0.0,0.0,3.0754656557302935,0.4727708772950096,154.33470327572022,7.55141039507835,-45.20101824450112,-54.90295411036285,-109.53476908910216,18.941407249990213,6.120906352996826,5.631074905395508,0.355421686746988,3,1.0309481620788574
1216,3.4901213763616195,2.709603838275198,0.11253409592267105,0.024538996618206313,0.0,0.0,9.178902818674858,0.36506619652873445,108.69937119875291,9.188957751411827,-70.35150385367868,-59.35420183022081,-98.0944312978932,8.472706508753657,5.64102840423584,5.64102840423584,0.08958130477117816,4,1.0187478065490723
1217,5.8589038019486175,2.0259866973435923,0.011359834992938467,0.025975308703100462,0.0,0.0,9.674655413505022,0.43142751843284044,129.67572723934612,9.661153760975859,-49.2337327303592,-37.21675345174627,-95.72802851829282,19.23153728363373,4.715067386627197,4.715067386627197,nan,0,1.0275089740753174
1218,6.928197633841558,2.561177241065499,0.0878540517764126,0.009421792904688116,0.0,0.0,3.7016428056574804,0.3826084538319802,208.93485958768153,13.421078532277996,-55.2784191164271,-55.043203916861465,-101.21474933040015,18.264379698594922,5.885098457336426,5.885098457336426,nan,0,1.045102834701538
1219,1.1277525037342508,2.661201108281956,0.03680204088359523,0.00784548218950106,0.0,0.0,0.21104135012827194,0.40138260915415497,126.62045578492196,13.123738457229901,-54.78082422837391,-54.68719239162331,-92.68580809716708,19.388679085427658,5.2223381996154785,5.159887313842773,-0.16190476190476188,5,1.0232219696044922
1220,0.5101409177160987,2.5484910704362056,0.03071109900453682,0.008181303046111582,0.0,0.0,9.024411947602754,0.46307115940449345,14.504035132006,11.716670904741951,-45.742710602367794,-57.3963263519093,-97.76032152739046,11.39324929294263,nan,387.5224914550781,nan,0,1.0062339305877686
1221,2.516632818987058,3.623740306375171,0.16825847188091633,0.007890615254846568,0.0,0.0,0.45250865058256456,0.27480591902964946,204.06593338174082,10.052094958701826,-77.91413835518999,-56.820391916721164,-93.0825484025346,7.12827280145043,6.44205379486084,6.279252529144287,0.24660397074190177,2,1.0428941249847412
1222,8.99785922832842,3.5198527951881804,0.029629457314068672,0.016701373761122025,0.0,0.0,0.4647712109687981,0.4313069640814431,60.52608517121862,12.721029889486324,-79.05914106879425,-39.26639380557306,-68.52439218594066,12.972109466470219,4.532981872558594,4.4547038078308105,-0.18300653594771255,8,1.0311598777770996
1223,6.639762250671312,3.391104060825283,0.030879397138579078,0.006832762348321651,0.0,0.0,2.3695938050744743,0.3045558742746473,153.83059167518573,7.192141703883855,-60.10887916262089,-50.62064015154844,-99.69276073159119,12.083261561255096,4.269953727722168,4.23089599609375,0.24660397074190177,2,1.014253854751587
1224,2.1336233434017173,2.2780101570245304,0.14415411444580456,0.022816859374621426,0.0,0.0,0.12534250621763054,0.320926119953906,10.273807424339642,8.211302332337269,-57.03852914990468,-48.623984737316455,-103.4461756772998,1.0250441232491978,7.305088520050049,7.305088520050049,-0.21686746987951808,3,1.0258221626281738
1225,8.957507637324378,3.6156678194125638,0.13268470953679162,0.0063686629213032964,0.0,0.0,4.482697777509975,0.36485757627378207,72.20104223609214,10.392474447641021,-61.29090522102311,-56.723202515702006,-82.38362856424908,19.979563186276422,5.419088363647461,5.419088363647461,0.2156448202959831,13,1.046708345413208
1226,4.96458143272973,3.3543519233266474,0.04129043553971081,0.0053193632022743575,0.0,0.0,9.87630635601488,0.13719599003509855,144.51938844005375,10.221105405674034,-58.207840674247926,-38.008227743481676,-67.43002948869642,1.7796367993005169,3.9720563888549805,3.9720563888549805,0.019047619047619067,5,1.2358078956604004
1227,5.022871688447276,2.3896753729627838,0.0013347074426589,0.010429422152451809,0.0,0.0,3.5492742328160327,0.25822847665439436,57.148574670485374,6.926112512047714,-52.967617500407606,-58.860928526201356,-69.38142738539912,1.3905519331594856,nan,5266.06982421875,nan,0,1.413743257522583
1228,9.387648466505224,3.296187860563033,0.05789233253035315,0.007777315694551687,0.0,0.0,3.65892057628337,0.20531065125084239,148.58576697829844,8.204609551842136,-63.53027662706287,-48.952852149877934,-76.29980281742077,10.436199920138446,4.459360122680664,4.459360122680664,0.019047619047619067,5,1.5804557800292969
1229,1.06512357574173,2.967023282007362,0.07076767625461222,0.04871156241836421,0.0,0.0,0.6034306161702457,0.3189272468018591,106.8807909291067,11.842216820674835,-47.596757824330055,-40.151939961910834,-76.84773358238508,10.266719541577379,4.3885498046875,4.30422306060791,0.2,5,1.5660300254821777
1230,2.544193608972826,2.8787001237124503,0.24007453308266027,0.010045378494702183,0.0,0.0,0.13546988995901982,0.25612001050039956,217.04963360470617,9.890507659373506,-47.439997513956214,-39.92694343945975,-103.23828939754416,1.8928512818196903,8.752904891967773,8.752904891967773,nan,0,1.665389060974121
1231,6.064827588969863,2.224246326944778,0.2746315051581645,0.008337466277915996,0.0,0.0,3.8488844095083494,0.25209106492228894,180.3968079791951,11.486713292802708,-58.926889214630854,-35.59401799956635,-85.45686285026176,7.610097474925897,6.522232532501221,6.522232532501221,nan,0,1.045839786529541
1232,2.3571218410290387,3.036608551690331,0.12178331924639091,0.007865744365170246,0.0,0.0,1.5642860551974684,0.49361296763955864,139.9421456891932,6.22729402004365,-59.7257517900395,-37.439244873974424,-109.80514691668368,17.060772431384216,6.637078762054443,6.637078762054443,nan,0,1.084944725036621
1233,6.955506587485099,2.199863617944727,0.12150801795029334,0.01182559249025744,0.0,0.0,6.586844004942472,0.2650473422819479,194.443645642796,6.848825038368682,-50.36093274073989,-40.91136835666476,-87.90290940980695,5.659064829595689,6.351022720336914,6.171529769897461,-0.1504702194357367,2,1.0244140625
1234,2.533876748698842,2.3285067745085333,0.21374438512796,0.020175248825367396,0.0,0.0,0.17057909279419914,0.30430329991469063,76.263095645006,10.898199403775923,-71.37936002185762,-51.86610810815079,-68.11227059823617,14.857243713618804,7.888705730438232,7.888705730438232,0.0871327254305978,12,1.03177809715271
1235,1.4419912206887362,2.2650926285495254,0.1880766047114067,0.030263230062222177,0.0,0.0,0.40761121643319426,0.32346596254005916,179.29703143490562,13.647491376973434,-79.79720930689058,-53.88785391568372,-80.39117166678221,9.327159144805686,6.055452346801758,5.980862617492676,0.355421686746988,3,1.0339219570159912
1236,2.4663590165879774,3.9082165581400155,0.05524205600802274,0.011575673056909621,0.0,0.0,0.5263956690602695,0.43826999985861276,35.94513807044527,12.24986948857329,-78.35246130720256,-46.403722195262795,-84.68910508058673,13.083265072602423,4.740411758422852,4.740411758422852,-0.25235404896421837,9,1.0491092205047607
1237,4.515973325584591,2.56972938088778,0.03230673668875841,0.021132018605158395,0.0,0.0,2.325730654073487,0.3692279587260812,82.594049626017,6.188807529854498,-48.88558498717612,-36.7698801292886,-88.31050728931704,1.392166716149037,5.299529075622559,4.754073143005371,0.06156716417910444,7,1.0401861667633057
1238,2.173313842144259,2.7104086471920157,0.13128356719651524,0.015171548250044797,0.0,0.0,3.7626197103942394,0.34904366836326,143.60036685139326,8.52743881330337,-73.61300481082061,-55.77618359046986,-101.93350518500746,7.285979011006924,6.641952991485596,6.4016289710998535,0.048066875653082534,2,1.0378849506378174
1239,1.7795742367717995,2.6441612125920724,0.16944850894882887,0.035112790928480145,0.0,0.0,8.356815560753175,0.4348517221461538,74.54264960931503,12.691398659625516,-62.66398524134915,-49.3088126883738,-103.43748992984892,17.641925069302115,6.1729512214660645,6.097713470458984,nan,0,1.0324978828430176
1240,8.672677919079938,3.7965008903562873,0.04161228094764278,0.0185358190650533,0.0,0.0,0.3897753019460778,0.297756168215405,22.60910733257148,7.916250870995842,-58.24847034926388,-42.44218929974078,-73.94795413313838,8.795534727932038,30.254297256469727,27.178544998168945,-1.0,35,1.0407109260559082
1241,3.5437734341744243,3.125931822669777,0.08798204802253336,0.00974679150737882,0.0,0.0,0.97111981824214,0.23319529466511021,89.75021992752609,8.30841294370342,-60.11668651227958,-51.28410962136594,-95.235759169583,1.320926215272534,5.00117301940918,4.831843852996826,-0.11567164179104483,7,1.0267770290374756
1242,3.927207521923409,3.8383197978666237,0.09178289892917246,0.0252672083507215,0.0,0.0,0.11426727224749124,0.3533005405278548,228.11267713456976,6.4847539545643205,-70.51949685911711,-36.9645093164826,-76.90933121319446,11.98465627956136,5.395830154418945,5.367183208465576,0.048066875653082534,2,1.048525094985962
1243,1.0250688902616625,2.5998498116557913,0.0783894603072492,0.03303957805535878,0.0,0.0,0.3206090344737357,0.1907083762752322,161.98720003493577,6.776480422502364,-51.697342972067226,-53.747330955434926,-66.97037099545082,5.396117472086356,7.577881813049316,6.7319016456604,0.1509971509971509,17,1.0391550064086914
1244,3.8950114232695143,2.229669348863898,0.1382283798875373,0.01460194341353787,0.0,0.0,0.5597666447253596,0.17269013804828784,153.83381573331985,10.362595936097357,-74.9913917110966,-50.9268208045797,-74.84182603674803,5.039173405983053,5.028473377227783,4.9430718421936035,0.380952380952381,5,1.0513169765472412
1245,3.0156681845550066,3.112436905448349,0.19591907529592156,0.048547541674345954,0.0,0.0,1.5403251731797476,0.26380717671598825,231.4571824136492,8.363869109180854,-58.064741918197,-44.52832401025338,-88.81497910256756,13.451848819149426,6.417220115661621,6.380187034606934,0.12967032967032968,1,1.0446958541870117
1246,6.299608139746991,2.691073983580035,0.1528169650847977,0.037850087126036776,0.0,0.0,0.874361420972601,0.16364862633619662,181.02269708015743,10.952023770727108,-60.40018832331073,-44.83431479818091,-91.9119835819118,2.3465901754994523,5.956112384796143,5.956112384796143,nan,0,1.0394439697265625
1247,2.4512078278878633,3.6038136669814964,0.060436968674203256,0.007869092927525785,0.0,0.0,0.5357351226731893,0.33170634692366635,46.73062721203985,10.853632344317557,-47.54891376538952,-59.35648628572044,-85.5184161322012,5.789167227174604,nan,688.2522583007812,nan,0,1.0289101600646973
1248,8.939471804096986,3.758846817823317,0.030881714114219926,0.030600313545370714,0.0,0.0,1.7707446285218795,0.1792860735017112,139.20017826143803,11.997258861869614,-54.25914037406425,-41.87785505454665,-74.94844403272533,2.379603049598195,4.351888179779053,4.351888179779053,0.1646586345381526,3,1.041985034942627
1249,9.331832898735774,2.945147021814144,0.2465611388696101,0.019949005436578425,0.0,0.0,4.5418350158645335,0.3670445972159008,127.202901801129,8.094227882977187,-47.75553036491554,-40.42801944951322,-105.16048186887247,5.621676451573419,7.2164154052734375,7.2164154052734375,nan,0,1.020263910293579
1250,1.4483950431795067,3.9427180481710167,0.1437914048153357,0.017130944265802295,0.0,0.0,0.30434226327345415,0.443659345720341,114.70065876457326,13.703268974451404,-76.16143855576318,-45.80069078644676,-94.64206190714488,13.280466492918588,6.409047603607178,6.409047603607178,nan,0,1.050262212753296
1251,1.5203280847414835,3.1060260126888117,0.01864175524016316,0.016327082638709287,0.0,0.0,0.48501118991091374,0.18880825677475455,159.20254721522204,7.924731893472148,-52.496670989287686,-57.7184382166298,-73.18375080107002,5.027370313010387,12.863089561462402,10.626628875732422,-1.0,25,1.0439510345458984
1252,1.5956011620543857,2.541840786772625,0.07743644989486739,0.03567641006929225,0.0,0.0,2.569492174580099,0.15082170341244253,145.60323865308013,8.77847781522216,-58.657706068233686,-53.31455379314056,-84.39663476222702,1.1557669440577194,5.057026386260986,4.864611625671387,0.03827751196172252,10,1.0308821201324463
1253,6.385907934947964,2.977951030688549,0.24121013351524642,0.020409990061498358,0.0,0.0,3.5965093816737785,0.28195631498068713,96.12452525195646,12.611115032497512,-63.79476947230723,-47.51847252525086,-82.02904229387032,9.249982377845665,5.769824981689453,5.672214984893799,0.2745861733203505,4,1.0360019207000732
1254,1.6587051599914173,2.074620584805855,0.22551789743206496,0.017245507901074868,0.0,0.0,4.475007252188057,0.28492575537185644,209.42764737647713,9.226597358785508,-47.01066480148623,-38.07654941689354,-91.05104978034566,7.950216617374107,6.650144577026367,6.650144577026367,nan,0,1.055321216583252
1255,8.59763202033753,3.6080023205261353,0.2627449898692133,0.005595384186123272,0.0,0.0,0.2622179620807488,0.40952116763955626,165.62444434703872,12.042453989392499,-73.49484479363942,-53.97386992033794,-103.41863675081783,15.453145685578052,8.372207641601562,8.372207641601562,nan,0,1.126267910003662
1256,7.665579391909978,2.202870101708842,0.18062634780050763,0.014036953915684065,0.0,0.0,1.1982127112313692,0.17709968798048506,174.3124289451895,7.51243051454701,-61.209382484597995,-40.89401601991501,-67.38371017654822,4.391930428489597,6.210587501525879,5.6581244468688965,0.019047619047619067,5,1.2647368907928467
1257,8.288184153261229,2.61749697700601,0.1268717803074165,0.040458666673978995,0.0,0.0,6.3098959391136,0.393976281717387,79.99584937462852,8.78671826911259,-58.125792430337675,-56.58952874477532,-101.29569188368733,15.828299910447738,6.286036491394043,5.510176658630371,-0.18300653594771255,8,1.1680090427398682
1258,5.497575005417199,3.1306330940098865,0.12799049926633518,0.02574582030183515,0.0,0.0,0.607996263361268,0.33384302471416577,134.67234314689622,7.283089852227666,-66.40485381971212,-56.63764511670668,-93.67894994434211,8.603786609021078,5.659898281097412,4.936097145080566,0.019047619047619067,5,1.1035339832305908
1259,9.968433509431957,2.0859502512937977,0.05820001334788311,0.005622429032598482,0.0,0.0,0.724046036388982,0.561617366864938,35.78539467384114,6.478667409488336,-49.14393384098643,-37.80879775899453,-109.88395061543075,13.182877832058592,5.521037578582764,5.246755123138428,-0.1504702194357367,2,1.054663896560669
1260,0.9196634779695321,2.1586337983628967,0.19523968845536455,0.038279150080590664,0.0,0.0,9.324936601447815,0.35078984587648815,31.546171733965362,12.481133164250544,-49.215316274618694,-44.584621115744355,-82.4080044258676,8.05814867202076,7.716689586639404,6.284043788909912,0.27963525835866265,12,1.111556053161621
1261,4.312017159768077,3.392232715226026,0.1755206268278562,0.03354572834462415,0.0,0.0,0.16830820646553984,0.31469969642569207,67.37786295345819,9.994166633225971,-75.31989717832062,-43.194377628477156,-88.84608970791267,4.374428614587684,6.0272746086120605,5.621138572692871,nan,0,1.210325002670288
1262,3.577398354907544,2.1435541861215377,0.046459323428650764,0.017605737241752236,0.0,0.0,2.5775314847145774,0.13093025393060742,145.31227814153505,12.362622692685832,-59.39201884165042,-46.758464708586395,-71.85271348411355,1.2043523150157691,5.0472893714904785,4.6507086753845215,-0.11567164179104483,7,1.2588460445404053
1263,9.51213223777009,2.954165732494753,0.2656988760136124,0.005264722315314728,0.0,0.0,5.016123887321685,0.34698942812149247,151.85195440196478,9.27753746555654,-73.22518479698158,-35.51055374784751,-91.82837768837648,7.369993436402229,7.088447093963623,7.088447093963623,nan,0,1.5705091953277588
1264,5.9801791057271325,2.677391266841501,0.11054046099317912,0.018255747588033472,0.0,0.0,0.2002566898800946,0.35504277024994607,48.871941140348746,13.982127609963872,-50.038202538961315,-58.25068953312622,-84.54107557427675,3.8006230066338516,769.300537109375,769.300537109375,-1.0,172,1.5250589847564697
1265,8.15881417172489,2.4561588159128327,0.014921629656320545,0.0056696866124277935,0.0,0.0,2.6847662024963714,0.18529888891408422,174.62972545297782,9.872667434083496,-76.13638625302535,-46.074027718392756,-69.01959570037344,7.482698964329898,5.104443073272705,5.102141857147217,-0.09542356377799423,4,1.3819828033447266
1266,2.118241339755929,2.3775577957273306,0.09836427623393514,0.010455600093694716,0.0,0.0,0.8699142479444532,0.3851633899570181,21.685291395255167,13.561656890117154,-75.03702841966923,-48.12369997796916,-85.4895292468272,5.504661800443878,5.558247089385986,4.980966567993164,-0.02610441767068273,3,1.2330701351165771
1267,9.797024367054169,3.526822587465159,0.26095701441347274,0.021275492549623437,0.0,0.0,5.079041593074042,0.3038780070400577,50.80614736877197,6.905111044918877,-77.55156511761093,-47.29683630799138,-72.10906504245577,3.4084166559654245,8.6087007522583,8.28083610534668,-0.015483870967742206,16,1.2915139198303223
1268,5.237075695324994,3.903084386300565,0.27508697575853536,0.0409150501864137,0.0,0.0,6.529871480522189,0.3552782990178418,171.14237654246463,9.3009661633888,-78.76715163602948,-46.600692249881966,-98.65962802400706,12.499827767769546,8.075952529907227,8.075952529907227,nan,0,1.3395802974700928
1269,5.189884724571135,2.2803594844066635,0.14711952517789004,0.01139634640366952,0.0,0.0,5.558656101806258,0.2152054162709567,90.34429249294037,11.331618546103673,-47.85238229741399,-53.88638594796352,-67.70717889555361,4.881868344756306,62.244659423828125,56.71088790893555,-1.0,57,1.1006710529327393
1270,9.723404921184509,3.919362438348254,0.2869019820220254,0.03622378164025507,0.0,0.0,0.1345148634674246,0.3776222664948437,26.259822911373504,7.541607899104638,-51.47791551695581,-43.06109386838646,-66.3124631032356,14.486718898073685,38.93817901611328,38.69001770019531,-1.0,38,1.101590871810913
1271,4.116957431562878,3.1895250069502072,0.2625725427635928,0.04143153413490058,0.0,0.0,3.263702420977748,0.4387470302711835,104.9051909584258,13.13944779306301,-46.4655018627039,-40.208626975997355,-84.95121863742045,16.689549844805693,7.465937614440918,6.250747203826904,nan,0,1.1055150032043457
1272,4.276487733272433,3.283320810726514,0.2475692151297676,0.005248242390943438,0.0,0.0,6.967149825891315,0.4113874875073551,51.18028268688476,13.202800183435091,-45.01543561297124,-43.37149583861637,-101.18499321889962,3.7442965817111142,9.257962226867676,9.257962226867676,nan,0,1.1339938640594482
1273,6.055150676646898,3.419852756285164,0.25791301940466177,0.008677564332941914,0.0,0.0,1.7486257978618502,0.39908448452186285,230.66531328807983,12.970822570946604,-53.79624019523315,-36.272018659614716,-87.34683112092239,17.867181657044924,7.182494640350342,7.182494640350342,nan,0,1.2325029373168945
1274,1.716499800203976,3.408237780709162,0.11456262365064704,0.025634939898252943,0.0,0.0,1.591300213172907,0.3943517791199847,47.44867221732721,7.4624777448589,-62.067993401886355,-51.687258478886896,-90.53663293934041,16.165742739710133,nan,5.681178569793701,nan,0,1.6992261409759521
1275,3.5503134509126215,3.6396222163713765,0.22694068222666308,0.02856360689003969,0.0,0.0,0.12302992940179394,0.5584438256686723,22.283718316719582,11.766750674241838,-76.91197560413221,-38.812473742989496,-100.91450870589462,14.963839486611915,6.830663681030273,6.830663681030273,nan,0,1.2016172409057617
1276,2.33547906322874,2.9669373026953947,0.1732017009228448,0.012342037298625616,0.0,0.0,5.153070028426339,0.2892611953294993,146.13226176716847,9.08497685658278,-70.63623123533796,-58.563517093339776,-94.09789068891467,4.810046375422344,6.200384140014648,4.875204563140869,0.2745861733203505,4,1.135934829711914
1277,1.4811930515169713,3.066717175029402,0.215905200522092,0.022684260037441416,0.0,0.0,0.12382465358369343,0.413333330468366,41.25987590895593,11.907984980713074,-72.56197531453799,-54.42104880709579,-94.67833467106803,9.790410032813615,6.047605991363525,5.657668590545654,-0.11567164179104483,7,1.4031732082366943
1278,8.728373760144692,2.6476540049268316,0.053335832274232386,0.02047050806447026,0.0,0.0,0.4236617080206529,0.2177928414609799,128.15393118663104,11.316370150723305,-59.40172832567254,-47.95790300683396,-92.27269034131383,6.049938026655455,5.126929759979248,5.126929759979248,nan,0,1.1574840545654297
1279,6.098646078211022,2.210515187566234,0.21941817353248258,0.027462809599585674,0.0,0.0,7.107651583490428,0.2361531175964131,173.28680114709908,8.54001056314998,-50.264651226593664,-45.34593860280033,-81.47250746623187,10.667014386676934,5.533220291137695,5.5327959060668945,0.4595910418695229,4,1.117762804031372
1280,3.9073915195151563,3.3292803818524384,0.2872777302582515,0.0261594393586363,0.0,0.0,7.933965094434023,0.2593316858570832,223.567894869971,9.372764548941955,-65.05610413034155,-37.67463760570425,-82.77918855679228,9.533825598758668,7.555968284606934,6.927167892456055,-0.07912087912087915,1,1.098242998123169
1281,4.382359084983772,2.067219938372502,0.09079899671442887,0.006093135025689806,0.0,0.0,9.633876639954677,0.33810172379129094,70.2947563388481,7.9603555604153415,-51.94979901856674,-53.013348059406994,-109.74180393634855,1.3697521466681493,5.731010913848877,5.498319149017334,nan,0,1.0792701244354248
1282,4.599430535029869,2.5512701021667366,0.2958483971866881,0.0071981382775963155,0.0,0.0,0.8970250501245725,0.35819065468743233,235.03260066720986,10.478703492983556,-62.88413788492116,-37.05309827229175,-94.17406704543683,16.104953633449426,7.697174072265625,7.697174072265625,nan,0,1.0783631801605225
1283,6.514917230374739,2.1884597288922008,0.11351280444161133,0.006787301657819406,0.0,0.0,0.22639096608812945,0.26040386590797115,176.0162569394319,9.816771858574704,-52.88788358894582,-35.85554031018407,-100.97266808958182,1.3326788755194086,6.058767795562744,6.058767795562744,nan,0,1.0345127582550049
1284,9.304309219145436,2.381454314645436,0.05991704910630986,0.04280062138263482,0.0,0.0,0.9459952890251656,0.17973781481631157,198.93451344078886,9.22869658275851,-60.94591272697472,-54.4384419816867,-72.11950571662054,14.702918732381516,5.157741546630859,4.870716571807861,-0.0488262910798122,6,1.062190055847168
1285,9.361406386741335,3.2774618257947616,0.033685868940071514,0.04097440470789155,0.0,0.0,0.16018647706150835,0.24997323935618518,229.27432448480357,9.802014972797473,-45.820224553371034,-47.228615175652536,-82.03600591117524,13.808421356612119,4.936215400695801,4.645080089569092,-0.02610441767068273,3,1.1639907360076904
1286,4.219173805541303,3.256953260409836,0.23548857398645331,0.03136044913788816,0.0,0.0,5.559967051370965,0.17375587670559903,122.6474348156402,10.502241527751396,-72.18425273544786,-50.9409235466773,-78.41030397084883,1.7407902403407514,5.8329691886901855,5.557713031768799,0.1295774647887324,6,1.1023139953613281
1287,3.627993366178811,2.8421098259914244,0.1664476201129705,0.006541668991064662,0.0,0.0,1.321522210265677,0.4258529719453119,171.09501759247323,8.430205156339907,-70.48574572690222,-42.662788391184726,-100.32746767756596,19.27198528189697,7.053020000457764,6.700016975402832,-0.07912087912087915,1,1.110253095626831
1288,4.784941751759923,2.1803439529789825,0.09213938809860865,0.01876037323062289,0.0,0.0,0.6441867656847269,0.16256165472730896,237.85617775400647,9.66480326281167,-65.95035824551974,-58.02406359003168,-74.98015922926186,4.091755934378523,5.91926908493042,5.635280609130859,-0.0488262910798122,6,1.0654911994934082
1289,5.89537518907068,2.8667478329188167,0.18253511093812735,0.00769485836505347,0.0,0.0,0.1442319266845106,0.38302205767938163,224.6010079094986,13.924741911641682,-75.7156576971401,-42.92485294768232,-89.03036037945228,11.281771229999878,6.381694316864014,6.381694316864014,nan,0,1.099952220916748
1290,4.887270158772608,2.705489743716587,0.09963035635230141,0.011677609327150616,0.0,0.0,0.6463702415969245,0.4724071094379702,51.30217632059984,11.78816719555931,-74.1685547662208,-37.86750055640656,-89.57114235455776,13.06249388798335,5.32234525680542,5.32234525680542,nan,0,1.0512559413909912
1291,6.758157393258659,3.4409183057118993,0.1345073271985376,0.00924828662361921,0.0,0.0,5.399868909824604,0.1899733493087169,222.01195462111568,11.903516038420294,-61.07032407925107,-49.933058803916005,-89.20391951028331,7.491788132600247,5.978724479675293,5.725006580352783,0.12967032967032968,1,1.1097609996795654
1292,5.766790722107754,3.1580532163981037,0.25879923772592733,0.03372104197739813,0.0,0.0,2.551595719723943,0.3872024381603541,227.62227980805318,8.02286275318119,-65.67288010910596,-40.544401883723104,-93.60462473182712,17.845607032324267,7.363746643066406,7.355045318603516,0.12967032967032968,1,1.3708698749542236
1293,3.5467976935937227,2.9831315346739977,0.2004499430577494,0.006973027915697367,0.0,0.0,0.14618776789694032,0.26246209233856393,65.90670723382124,6.250758733675231,-57.99371107118459,-47.29366355662174,-68.01238640491299,9.039514192023272,7.853253364562988,7.853253364562988,-0.015483870967742206,16,1.911803960800171
1294,3.7844426547450096,2.97396416460999,0.2287205519114149,0.02213855001471686,0.0,0.0,0.2088403437821587,0.39855212213002583,41.1857593303846,8.6379642979708,-66.23758665138519,-45.42170465435488,-97.64747790098708,11.455953083302296,4.893423080444336,4.826739311218262,0.380952380952381,5,1.1517958641052246
1295,4.096631481817444,3.9325937745208375,0.17504806544087287,0.048179763973251126,0.0,0.0,0.6089995635873343,0.10948815545693574,218.85054908017165,9.389842798388589,-57.19506771218291,-54.2775353218551,-73.940282972929,6.123741976841121,4.2793498039245605,4.231314182281494,0.06156716417910444,7,1.112436056137085
1296,1.3990777983691927,3.512588443406901,0.2974194146656863,0.02432341712244122,0.0,0.0,0.1594961357048107,0.43407390814414143,143.35464250627805,8.40197975786148,-77.64091774783536,-52.008431485974235,-100.45862026798929,17.96080159964995,8.857463836669922,8.197587013244629,-0.1504702194357367,2,1.089832067489624
1297,2.0775950079327448,2.9939591209202554,0.0724230198872678,0.00600072180656985,0.0,0.0,7.3804422099018225,0.329642161367474,71.21728636677294,13.795385454151376,-62.767896589629714,-54.47337583580877,-92.3895140075437,4.485191232454159,5.42639684677124,5.42639684677124,nan,0,1.1000049114227295
1298,7.369581120381168,2.958445225777955,0.07868734821564442,0.040440778404004174,0.0,0.0,2.016434360295074,0.2772004001906833,201.7471483844544,6.959754154451803,-49.42652869766054,-58.852073788697794,-96.51764308118001,3.6578476846127597,9.747039794921875,9.747039794921875,0.1509971509971509,17,1.1114108562469482
1299,4.19641875945976,2.052958202609927,0.02776768162149986,0.021981113159438605,0.0,0.0,0.15475546787435865,0.34248296740433276,167.61107556176958,10.098573847944328,-47.12311495032452,-50.84548097298377,-108.1662907924778,15.471522200707536,4.9774088859558105,4.9774088859558105,nan,0,1.038681983947754
1300,2.5381202393213647,3.8850185266396133,0.16620585062121315,0.014298187369338543,0.0,0.0,3.7680349705624576,0.46322563142809997,143.285149425415,12.619482441955311,-65.08514997742371,-41.545470966088736,-102.30204322327393,19.99100454180498,7.438540935516357,7.438540935516357,nan,0,1.0993621349334717
1301,5.845387900461144,2.6383479435346593,0.18400777092251036,0.022838232131264218,0.0,0.0,0.5455214818397011,0.4387546087730303,49.93880421989506,12.638405021270927,-72.56466408630459,-40.437300385145804,-71.24364123376371,17.65617721798559,6.964269161224365,6.964269161224365,-0.03137254901960778,11,1.1228299140930176
1302,7.677625653497559,2.5118781637614873,0.21778847186964592,0.037845507622181286,0.0,0.0,0.3088455079843382,0.209552010110612,119.41524279003058,9.43050378493301,-50.817310445424226,-45.512769426229646,-82.04254258301623,5.485275302963808,5.651647090911865,5.460796356201172,0.2,5,1.0636870861053467
1303,2.9455124422810286,3.9988178507753425,0.1006337777847783,0.015000206308285493,0.0,0.0,1.3802885452710032,0.3383308911611908,112.61611326659954,8.955591104534296,-56.7137454319188,-55.0879179995201,-91.74116329749701,17.125909120964995,4.318160533905029,4.318160533905029,-0.0488262910798122,6,1.0998969078063965
1304,8.354503878275573,3.4373793430090487,0.0036770405595081598,0.01699383851976323,0.0,0.0,0.10635165834035072,0.30800684533727296,135.68250573036244,13.168351818598495,-71.86153946151617,-49.002416585043264,-87.48126995622027,8.61078073881754,4.857527732849121,4.496889114379883,0.12967032967032968,1,1.118791103363037
1305,9.311296166437971,2.094727546598576,0.18966886112649597,0.014171551636673753,0.0,0.0,0.852698148944496,0.3167633708221222,167.433519339932,7.189758492747763,-61.820986343984984,-56.53069123809977,-81.68611300456004,16.774714532214873,6.539407730102539,6.29492712020874,0.2,5,1.0392329692840576
1306,6.175248026201487,2.123770954051153,0.2996086477561148,0.005909645511977221,0.0,0.0,4.870908665569756,0.41213898246251524,14.599320739519733,9.655489773631476,-62.755374286639665,-41.99364473367157,-106.63760306112339,8.714394844131824,7.864215850830078,7.864215850830078,nan,0,1.0668549537658691
1307,6.855002760420006,2.0510031279203957,0.08836480613699774,0.030622463894815714,0.0,0.0,7.179847037892267,0.047654623066557454,190.66068316968784,10.257156492086995,-53.755383416035855,-50.899755493208545,-68.59605431513653,2.4695599061707827,6.249837398529053,5.93764591217041,0.0871327254305978,12,1.0307650566101074
1308,0.9994719080690261,3.199237799025738,0.05518033574070592,0.006689316549611602,0.0,0.0,0.48429435717629254,0.33214217146797387,30.967813334643424,10.22788723927237,-63.52116528375216,-44.03831181337746,-99.69247393673518,5.294537528560636,5.336647033691406,5.336647033691406,nan,0,1.0567729473114014
1309,9.48243896470811,2.1431290001239036,0.08453008734790596,0.012403379009635708,0.0,0.0,1.9269621151271192,0.34811654601065617,182.29520058703184,8.334121605637385,-54.54478926939992,-43.982325373010504,-106.25027810018719,14.511463154985407,5.692114353179932,5.692114353179932,nan,0,1.0135080814361572
1310,4.228604975516966,3.866776713689861,0.12762464243311417,0.012184083031405682,0.0,0.0,0.28421492264941156,0.28334009373140284,212.28853615936288,12.533170058780978,-79.68983469385788,-46.507152346534404,-68.89982547019602,12.37578780978416,5.679290294647217,5.338936805725098,-0.02610441767068273,3,1.1042811870574951
1311,9.277053805181584,3.873813080045356,0.0752738786857694,0.009528198505278116,0.0,0.0,1.3195508839944337,0.3576045266632491,76.77499625021336,7.556357135998379,-56.026836472576335,-40.71865163217818,-68.93368557871699,18.208615087129,5.212510585784912,5.212510585784912,-0.6889952153110047,10,1.0571088790893555
1312,6.000286485127305,3.0921081334961595,0.10408800761025896,0.012632145816933034,0.0,0.0,0.322148009537446,0.5192010672815551,88.03443820661468,10.831015452046273,-76.44682849493522,-57.63843624590506,-106.7839144939754,18.61574067567033,5.972868919372559,5.554752349853516,-0.02610441767068273,3,1.0710551738739014
1313,0.5438785890116122,3.2332778627919017,0.1914620215738088,0.020748137369768348,0.0,0.0,1.3890344508707406,0.22717586849453605,45.05945803232351,9.85860958790903,-64.84246723219574,-51.88072225933364,-85.80212064418536,1.0530269189981833,8.681173324584961,8.24361801147461,0.054750402576489825,18,1.0685608386993408
1314,0.8661489935726393,2.5837888030504996,0.1035083960527844,0.01024135254816897,0.0,0.0,0.22051809628114147,0.21751394764278156,97.4343478135074,9.834752483757232,-51.88434648281448,-42.47591426745887,-71.76071881919192,8.149666470037303,4.274847030639648,4.274847030639648,0.46327683615819215,9,1.2603909969329834
1315,6.963978653864259,2.1279450848165467,0.1188176834350964,0.0074384413322351895,0.0,0.0,7.628956059938116,0.48502079986902363,42.40827139339936,9.208451711464424,-46.292912812624735,-54.64181014856829,-102.13600866616716,18.94240824702244,10.208366394042969,10.208366394042969,-0.785714285714286,19,1.2271277904510498
1316,5.845346131403365,3.474920890383631,0.012009378839779183,0.03701157059203153,0.0,0.0,5.940663495932871,0.2479921585698073,228.48230950634894,7.193894835439325,-53.06914984570803,-49.25643739535574,-87.85029277977853,10.475074782704777,4.420592308044434,4.053586483001709,-0.02610441767068273,3,1.0914759635925293
1317,0.7520581534577062,2.2035719774980347,0.2753827504868609,0.046752264814305416,0.0,0.0,0.4718853546846916,0.3094611447333453,232.72545905721904,7.477288914000709,-52.94276926615136,-59.85814729100979,-81.71254518910375,13.400881557282132,7.334526062011719,7.328138828277588,-0.0488262910798122,6,1.0609560012817383
1318,7.562869631612661,2.1711152820367863,0.1220657879744561,0.014373211897107385,0.0,0.0,3.5754094020544964,0.4218433792654868,183.35242817365818,13.407698902449003,-53.61577130205263,-41.69640035401228,-98.57956176555612,19.863954474258108,6.066607475280762,6.066607475280762,nan,0,1.1073548793792725
1319,8.595380702157227,2.622446218408448,0.09844305481043829,0.010616704184375507,0.0,0.0,0.15524165408697543,0.19418496189330572,117.73402651250294,9.339600818233784,-62.434284935301726,-50.148588606157915,-83.28630929483205,7.642867205915502,5.367313385009766,5.045801639556885,0.019047619047619067,5,1.0552971363067627
1320,5.215966083173429,2.024931319675764,0.02594525887361535,0.005577660576227835,0.0,0.0,3.024975192574088,0.30766391825089306,65.18731525725705,13.423959214365915,-47.52600320102158,-47.59386468048278,-66.70336952250635,8.89862603704279,13.01156234741211,13.01156234741211,-1.0,26,1.072279930114746
1321,4.924695683393923,2.8680712315126318,0.1902549646185551,0.005442789583373084,0.0,0.0,0.3672131789322494,0.34216538517857287,99.09713974732226,13.335249085713397,-57.847904894188915,-40.93706575007794,-91.42652757961905,8.733031625044289,6.331739902496338,6.331739902496338,nan,0,1.062088966369629
1322,0.5519945339289611,3.4153618201601534,0.2591474850791265,0.012355263157783824,0.0,0.0,0.18675985898992759,0.512167885511747,29.159852121963105,13.733951076910186,-72.02143616052629,-47.643323409151726,-104.84253776692682,13.29211865373296,9.88008975982666,9.88008975982666,nan,0,1.0598089694976807
1323,7.9731722686891935,3.602697862843878,0.012345960015720091,0.04258062410752241,0.0,0.0,2.2718645547490093,0.3519253871519674,99.90135355698642,12.141294992739422,-61.50674709292122,-56.76301712037656,-109.51667711322743,5.0365249637057845,5.366734981536865,5.366734981536865,nan,0,1.0717670917510986
1324,3.6418026340880014,3.2086146075978426,0.04358174020981065,0.026895433445161192,0.0,0.0,0.8701890932402633,0.38835055230829013,176.5996938087048,12.628113020806907,-68.0532737519135,-46.601873219178636,-99.19940192936498,17.728421577479253,5.398995399475098,5.398974895477295,nan,0,1.0751371383666992
1325,8.848254387934126,3.693748406227825,0.043916948665862196,0.011174791356484231,0.0,0.0,1.148891994986041,0.2078722574899806,231.99764355911182,12.02352018981552,-76.88896477928591,-49.07203548452703,-65.42724432125104,5.35831175695203,4.696281909942627,4.696281909942627,0.08958130477117816,4,1.0970282554626465
1326,4.044075581801504,2.813004407534221,0.18068245660433788,0.04645328483368196,0.0,0.0,1.0991565905371565,0.3676728994188576,164.20848414036013,13.508507851421253,-52.93788141078144,-44.77849610839303,-87.19826784969969,18.64747288440363,6.4040374755859375,6.102287769317627,0.12967032967032968,1,1.068321943283081
1327,5.868240150991703,3.6975441701209535,0.2763691508155106,0.013419239609861596,0.0,0.0,0.13149098061676875,0.3185870754467869,100.78867443476993,13.210151999076425,-64.91314748473502,-41.0863744060293,-68.79287453296355,11.462215263936171,5.83376407623291,5.833360195159912,0.1295774647887324,6,1.0812368392944336
1328,3.0682469878936116,3.0129466209967584,0.13133051011965288,0.009457203805517237,0.0,0.0,0.12669529824152942,0.4697570265721976,81.27236511687933,6.407893757269394,-51.67590127733287,-44.44975198266457,-98.1629458478527,17.670821410070204,5.5927276611328125,5.5927276611328125,0.019047619047619067,5,1.0418989658355713
1329,2.0255889695567273,2.4460722559965906,0.10314193445815519,0.013345143529310316,0.0,0.0,1.5934374055175575,0.1917881846394814,221.6696356684343,13.097328636103008,-58.94687355753358,-35.58545982076767,-70.63374659592044,2.980947693967528,5.559659004211426,4.920201778411865,nan,0,1.0801889896392822
1330,7.8616250821226155,3.8882912933209317,0.22975220567900737,0.008137916535728202,0.0,0.0,1.7690059135921903,0.2284990530281911,235.6543744706492,10.390450981358807,-47.798743375470984,-40.99146412918296,-80.85949960900616,7.2067752514709085,7.003422260284424,6.962929725646973,-0.07912087912087915,1,1.0481390953063965
1331,5.217609549039675,2.549941747674233,0.22277071852669542,0.03842454862615012,0.0,0.0,0.12426508265520168,0.4307614947136553,16.216905424396856,8.213890019536668,-55.996288699424156,-38.4221273282105,-109.89440312980342,4.951501701949622,6.304781436920166,6.304781436920166,nan,0,1.085913896560669
1332,5.596635275646382,2.0524029683755862,0.07402684178316289,0.011485325683018348,0.0,0.0,0.5713189952824987,0.32792579053980747,164.80557454247997,8.269080834563251,-75.04040010812346,-57.95159754441192,-81.29544514289498,12.302336523538552,6.822744369506836,6.800546169281006,-0.3428571428571428,5,1.0616660118103027
1333,9.671451558076487,2.485348085910054,0.048247908692365817,0.022747777350192008,0.0,0.0,1.6815220208733057,0.2526253074905034,207.48112159442394,8.518701337962117,-75.21484835825565,-40.02112278274539,-65.53163338164501,7.847401271746156,4.841343879699707,4.841343879699707,0.1646586345381526,3,1.080077886581421
1334,9.654009166110459,2.7333751225148557,0.1073430097246069,0.012246647094130026,0.0,0.0,2.057601706849799,0.24375108045498786,209.03041127518395,12.100363766086899,-48.09451468344381,-49.39068808547677,-105.4414322829279,3.2487679209336457,7.235640048980713,7.235640048980713,nan,0,1.1029610633850098
1335,8.628600156172833,2.7026993665785284,0.23268101766798935,0.03987506667972038,0.0,0.0,4.534730882201075,0.3843926322672418,185.53563670534967,12.906654715986942,-64.00441406720321,-58.51072776907135,-106.99822818380946,12.373406651186052,8.92447280883789,8.92447280883789,nan,0,1.0550501346588135
1336,2.282288281267819,3.0493350188871435,0.2085190169744935,0.021945766600971025,0.0,0.0,0.6941679642862949,0.1896058373049754,221.28360054944312,9.196668109647332,-57.228306468029544,-46.449805776080716,-69.96089699965724,16.81536462120247,5.902284145355225,5.902284145355225,-0.09542356377799423,4,1.0795798301696777
1337,6.145590595865009,3.766253764071847,0.19975611190686157,0.01538940732360114,0.0,0.0,1.248865195007109,0.32928400642325295,55.85016883896286,11.420344788477749,-50.337388496666165,-36.743765454686525,-83.45327867636502,4.3423134680498165,6.354898452758789,6.354898452758789,nan,0,1.0762147903442383
1338,8.842400534227606,2.584676454219398,0.24882856804896114,0.006778178061958898,0.0,0.0,1.4358886122604932,0.48017355227286335,138.3933793394225,11.326552093266805,-70.46288284679764,-35.674962946857754,-99.68031869113668,18.31569791288973,7.230061054229736,7.230061054229736,nan,0,1.106525182723999
1339,4.057407396264908,3.041541215918338,0.08313909370241812,0.03989207870304037,0.0,0.0,0.42081437473035593,0.28689624175107925,107.79157423066782,6.0044333186632315,-60.98488243275075,-44.29285335206634,-70.87864910562661,11.270701530935005,4.822403430938721,4.822403430938721,0.2388059701492537,7,1.2364730834960938
1340,1.4605085763880572,2.6802779073769587,0.10190511764085303,0.01761111579449179,0.0,0.0,0.12812999372669473,0.23811803339472204,31.649757895128264,13.414508474450223,-60.21258231760844,-53.211720200695524,-69.55136225801778,3.297355974973652,73.86421203613281,71.08390045166016,-1.0,59,1.186690092086792
1341,8.204147571279258,3.643546118746401,0.012701835182752795,0.009638800184510589,0.0,0.0,0.10196517111900107,0.18809199891132064,32.421052973073174,10.280072750404653,-58.12905202678267,-47.22602081521317,-68.19535787994054,5.993595859795853,31.152606964111328,31.152606964111328,-1.0,36,1.1413800716400146
1342,5.0767537379406305,2.315203026576957,0.26062373274106,0.037748256389467404,0.0,0.0,4.701655802425315,0.42734322701803457,237.7540674514942,6.154794675567899,-75.85131018689465,-55.3580923493147,-106.4190922825463,9.326139462151275,9.3541259765625,9.326153755187988,-0.07912087912087915,1,1.1008250713348389
1343,5.861730463412196,2.207020536620117,0.17472892047665342,0.005667746686758368,0.0,0.0,0.2514569508621051,0.20597849112529146,209.03560041378753,12.566074615041043,-53.9335100383334,-59.814764951613554,-71.04322879596974,8.533482747149082,7.5498151779174805,7.54727840423584,0.7826086956521738,14,1.0870029926300049
1344,9.830370815019522,3.0059905064752037,0.08943668756510799,0.010304974505340684,0.0,0.0,1.8218362043407,0.1892537094317507,178.27668354049214,11.815349475709828,-73.78676404735124,-47.11512881039185,-68.32185684742666,5.9979239715557195,5.371888637542725,5.357961654663086,-0.09542356377799423,4,1.1301157474517822
1345,6.268508589693685,3.343775171530984,0.020824959434809664,0.01721069489040178,0.0,0.0,1.4259193328405846,0.34035846174447487,174.45640504035302,13.664408314350965,-67.37790885297126,-50.30915818270869,-89.63468708561419,16.37174559171943,4.769155025482178,4.611361026763916,0.12967032967032968,1,1.1090948581695557
1346,4.537304163827963,3.591050402181533,0.21702285094873788,0.01093413270151767,0.0,0.0,0.6298920883169289,0.3243738803489406,111.03548599931702,9.889967648059002,-72.2188878580403,-35.29137336619523,-69.84406307135458,12.404831947540693,6.274142265319824,6.274142265319824,-0.09542356377799423,4,1.1237766742706299
1347,4.014851494548379,3.1792497058106326,0.22462125586471832,0.014986639469963961,0.0,0.0,4.645009616037299,0.3977419309284163,230.9288164357813,11.495982133979041,-46.4313028618293,-55.96160333150926,-99.85441668936136,17.818466809129486,7.511691093444824,7.470315933227539,0.048066875653082534,2,1.0770869255065918
1348,4.467383280213434,3.547699522638001,0.19985359563450678,0.00918938096884736,0.0,0.0,2.4934645111038005,0.2968651244169162,106.57111007412273,8.969261632820544,-53.59826252655963,-44.24185849576601,-94.51677801047408,8.55935116350181,6.100332736968994,6.100332736968994,0.24660397074190177,2,1.507504940032959
1349,1.6247912901973534,2.7854201171218476,0.06113429128401886,0.006746104980903944,0.0,0.0,0.1110408881731389,0.3002330154914228,103.92826440903546,7.010650624552354,-71.96561246854375,-46.561742959937405,-74.81777814746752,8.961917404155198,5.0504469871521,5.049424171447754,-0.0488262910798122,6,1.2650680541992188
1350,8.050130304966933,2.065735340532938,0.27396481755258145,0.005442822142954717,0.0,0.0,3.5759229020942467,0.3939308098021419,98.1711439047706,11.204129228244138,-74.49611476419255,-50.48124188957242,-100.63386937113528,13.381278452230381,6.983758926391602,6.983758926391602,nan,0,1.0819101333618164
1351,8.45831015277689,2.232198615803113,0.22594740570626287,0.0071881406981475675,0.0,0.0,1.0327557841433936,0.381089015148293,35.8437234306978,9.582582556819542,-59.13362800176571,-39.158113928043996,-77.39519256082528,18.914399299263394,8.59362506866455,8.59362506866455,-0.3809523809523809,15,1.1251208782196045
1352,3.2017727784473844,2.0774452024579926,0.19732689707519108,0.044865913877873594,0.0,0.0,0.4943545983128551,0.28880040647417243,166.37203366817744,8.79351707920144,-71.88966411199523,-58.585439908529,-97.5085572480515,3.6001250880873146,7.4565863609313965,6.8850297927856445,-0.02610441767068273,3,1.1286919116973877
1353,3.386067874894469,2.6578873009529853,0.19528317702653625,0.018809321844091835,0.0,0.0,2.842950598064194,0.22486883223961163,94.92169888058682,11.620625114020843,-55.77880915253989,-52.04583926590145,-87.11514332227604,5.118659826234183,5.773795127868652,5.545947074890137,-0.0488262910798122,6,1.128891944885254
1354,8.806175435180725,2.9909826825373647,0.27130731002749237,0.015414524402630659,0.0,0.0,2.355761171415547,0.2293627358124084,125.6846452628242,10.080655009840914,-69.45461063785594,-53.51330509398526,-65.91914912082431,11.20534671087632,6.970344066619873,6.946505546569824,-0.07344632768361573,9,1.1072111129760742
1355,0.7277183775155769,2.7126349673138788,0.27849213992913713,0.01211417501395342,0.0,0.0,0.41800018668552835,0.24100448811031436,139.2776252627827,6.062352722944495,-73.63557264275924,-51.08445095449943,-66.5308665866554,4.329592951454094,6.972172260284424,6.972172260284424,-0.18300653594771255,8,1.0996649265289307
1356,5.444345715788663,3.1211989501327846,0.17869122540307197,0.025549955632524726,0.0,0.0,9.248637188484178,0.32336832061938353,79.75663360517956,13.921255950279834,-63.16119751824363,-52.03980561324434,-81.4538485780931,10.429743405812433,4.926822185516357,4.506889820098877,0.17180205415499525,8,9.902438163757324
1357,4.90491928947426,2.9612182969855754,0.12500082328876452,0.0069219662946938074,0.0,0.0,1.983430436772906,0.2847275866908461,230.21329107753533,6.665560383936362,-52.33082278188186,-53.02284053842538,-73.69988010543958,17.10668647107446,4.751668453216553,4.751668453216553,0.2745861733203505,4,1.1933538913726807
1358,7.056204310995367,3.355885603727881,0.10912019386782486,0.009442780010319327,0.0,0.0,1.6276440124121905,0.31035058201841403,205.32125734538164,12.933565591107376,-54.86553726259183,-56.43989633212849,-107.66438329255504,7.474539631836299,7.847996711730957,7.847996711730957,nan,0,1.1375060081481934
1359,2.0522211514198174,3.3339243271268124,0.24572365232421672,0.022639775917182588,0.0,0.0,0.1379623956150399,0.23257538401168296,123.86606748054781,8.420967205916421,-54.02275731260414,-41.93891305580188,-66.2633974498815,8.61088871948878,5.673956871032715,5.673956871032715,0.2388059701492537,7,1.1019787788391113
1360,6.8491420375539604,2.636128294217359,0.19338160195030005,0.015067262998189983,0.0,0.0,0.3619408155915121,0.2763376907231622,190.71736198624558,11.929599765922454,-45.39376689651972,-40.65961871976588,-97.2391461184072,1.2901755834269446,7.394375324249268,7.394375324249268,nan,0,1.141340970993042
1361,4.078973074811326,2.692428910722183,0.02317980907609609,0.029448456941992208,0.0,0.0,0.7833358532764588,0.2978997140212474,232.6782155301189,11.728552350757976,-51.55876802224531,-40.168896139281195,-76.89075095030739,15.278014903099331,4.551947116851807,4.280829906463623,0.24660397074190177,2,1.0977981090545654
1362,6.377790392611599,3.1702956432826066,0.04265580390450816,0.03945298326715645,0.0,0.0,1.8249518424918907,0.39667995837468717,223.77538249798977,13.312890255427789,-66.7270638956006,-59.2259619091788,-108.259328292677,9.486128925945906,5.991941928863525,5.991941928863525,nan,0,1.1621267795562744
1363,0.8809025937913713,3.1928649357816834,0.2700557685314539,0.0332922077234254,0.0,0.0,1.0605405083547894,0.30687884906127316,202.04529187709366,12.780889812924174,-65.84636465695264,-52.45970936630082,-87.20293500058044,16.818320930528813,7.031925201416016,7.007997512817383,0.048066875653082534,2,1.170008659362793
1364,4.88640837325284,2.6293998272742662,0.2653494444313503,0.0076414841845537035,0.0,0.0,3.357885374947708,0.3500295536720835,156.39410752574864,7.1184465092762785,-67.32181197195048,-46.11435212021155,-85.77819059207727,16.78204638168544,7.562089443206787,7.556255340576172,-0.21686746987951808,3,1.128216028213501
1365,5.461383492832535,2.6606357715508504,0.28554973460924066,0.006172203547956087,0.0,0.0,0.3350699068597747,0.3109630606964527,224.3995056833511,6.803704753402046,-72.14573433789391,-50.19607723401446,-96.66208633470374,8.757519404210413,8.377574920654297,8.37495231628418,-0.07912087912087915,1,1.1410021781921387
1366,2.5361008271223726,3.388090026372294,0.12835529019849712,0.007386022135629339,0.0,0.0,2.5369621658658574,0.3408758204578761,19.365882581503353,6.52810616130252,-50.6573482722024,-57.43545539720282,-72.91661996023628,6.823728034257666,702.04736328125,702.04736328125,-1.0,152,1.1397771835327148
1367,1.8264247147016466,3.294821645752139,0.23521827229221212,0.0303739095921674,0.0,0.0,4.297284369925085,0.4161653108890367,81.12137507443683,6.805976225014457,-79.53578164807755,-51.11778478886537,-72.40893921677076,18.479153826223175,nan,7.078705787658691,nan,0,1.0920171737670898
1368,2.2905058786168633,2.2701016093595494,0.24846750819429647,0.0410016273186127,0.0,0.0,3.38922148762769,0.48863981200418394,24.1646779099758,6.24726451044487,-74.44197829543833,-40.842754782857604,-100.78027552894363,5.385397113494853,7.4209818840026855,6.766121864318848,0.28436911487758953,9,1.154444694519043
1369,3.7693402416018063,2.882083759350787,0.09470907175145793,0.04211326101363266,0.0,0.0,3.4809130021675396,0.23446571949073325,214.45682051499654,12.999592310068277,-56.539877320294096,-55.899655487963024,-92.84828646567927,5.487370717022999,5.859639644622803,5.381752014160156,nan,0,1.1181519031524658
1370,1.4196964183972287,3.7854121574211805,0.043601313368142665,0.009935410001371953,0.0,0.0,5.984310436893574,0.43116720426212707,164.5244838239196,12.239448433445023,-75.02531972938556,-37.551104177324525,-89.17283417672735,16.105111235404017,5.519846439361572,5.519846439361572,nan,0,1.1600921154022217
1371,9.499538059431242,2.07261135220895,0.29910790849175184,0.034618749988746034,0.0,0.0,0.14735235628318102,0.49020591733447866,21.87664996465133,8.8846494961555,-79.48266683059362,-42.037881714108764,-106.42470633959667,7.427430029502446,6.666203022003174,6.660828113555908,nan,0,1.1508049964904785
1372,4.347443584210264,3.7103278929684276,0.00906576112540497,0.01718721617283046,0.0,0.0,2.479608650284505,0.23755758813390457,189.80219654692553,11.991731827463312,-57.58986328695051,-42.649484028965276,-80.69459037033923,13.184243221129776,4.2516655921936035,4.2516655921936035,0.24660397074190177,2,1.1351878643035889
1373,8.185211223814115,2.3263563141282875,0.1792007756134329,0.03324771879495424,0.0,0.0,8.656780429843286,0.38683690518607045,90.42056720952192,6.225325632614845,-64.5360952564477,-58.86350871024138,-88.90096721943611,9.817500557865376,7.033570766448975,7.033570766448975,0.15490196078431379,11,1.0823938846588135
1374,9.756962669534044,3.014497264923432,0.19506368225451268,0.017673999839599754,0.0,0.0,1.4037872699314151,0.23972995486044898,51.10595357067842,12.274093042953488,-55.352673033134906,-46.011511482476394,-68.33411389452407,6.4565551509940065,10.484376907348633,10.484376907348633,0.6,21,1.0776948928833008
1375,1.2669851600260216,2.848672857846023,0.2045368025908945,0.006996216237878839,0.0,0.0,0.27203991092325464,0.23851081326986848,70.26741093694851,7.467486524419112,-60.944607427640506,-54.86607043253549,-70.89969897192718,6.781885639192274,10.939290046691895,10.939290046691895,-0.2949308755760362,22,1.1061699390411377
1376,6.690859945382443,2.0202586746829176,0.07668832319072691,0.006000529226822555,0.0,0.0,9.942774997442907,0.32150110255841136,122.9141323542939,10.2360861194413,-69.23237083975755,-41.539509473257795,-78.85671786948096,15.455409536203646,5.6094746589660645,5.603545188903809,-0.02610441767068273,3,1.0748419761657715
1377,8.778386324041533,3.830793874179264,0.21647377328965522,0.04530948788448599,0.0,0.0,0.22353965979500387,0.2754424896860726,149.36170805192862,9.681458338079022,-64.28790162101193,-42.08663595953836,-93.03341415250178,9.307935841131535,6.849354267120361,6.849132537841797,nan,0,1.0896902084350586
1378,6.525227122683919,2.9098504546686113,0.06491986898437965,0.013328232522419223,0.0,0.0,0.4689379653323801,0.5099505437880889,47.6443574210679,11.437043650571042,-77.30763377678224,-35.23719597798796,-103.5318090273673,8.2765895262501,5.784327507019043,5.784327507019043,nan,0,1.103114128112793
1379,4.575748152895421,3.90853655352123,0.24871147672550473,0.011207032960860156,0.0,0.0,0.220863717017554,0.39091126582129515,64.6895455666047,8.325265007870733,-68.71413627435774,-42.041584023640524,-102.0462827080498,6.013274301407459,6.951722621917725,6.951722621917725,nan,0,1.1364400386810303
1380,4.595225397560414,2.5734878019584357,0.06573500222539036,0.011357247472860738,0.0,0.0,0.8492308013267296,0.2911008572563427,33.27740076220215,8.651679989712614,-47.05653898238173,-50.49727543291657,-75.01977631790604,9.772374822001789,51.77831268310547,51.77831268310547,-1.0,51,1.1128981113433838
1381,0.8410394170699096,3.732551546831945,0.20901180872282324,0.011964771687958614,0.0,0.0,0.6882591902989996,0.4115454556576083,113.40792739176726,12.591767552027317,-79.06131912491789,-38.377837519763006,-88.16561967799163,7.671416518497124,6.34914493560791,6.34914493560791,nan,0,1.1057250499725342
1382,5.578707137248116,3.844779147991261,0.23502404575019276,0.04405212189062383,0.0,0.0,0.9604655518319276,0.33921798100163475,218.5720387205472,8.718874814188283,-45.780592571983135,-36.591087517926134,-97.94345545024662,7.471451676649949,7.6664347648620605,7.6664347648620605,nan,0,1.1058628559112549
1383,9.938658469475051,3.113664832741561,0.056683725138656625,0.005776630537147072,0.0,0.0,7.177394211750631,0.3039493182526257,196.79853558392182,7.564880658117811,-54.381695257496716,-56.77122132478692,-100.74775129643153,10.509610382184688,5.780425548553467,5.772505760192871,-0.21686746987951808,3,1.9017436504364014
1384,9.607721496733374,2.405355575735435,0.07139594628978083,0.006577052245225565,0.0,0.0,0.9050004010626068,0.18904401134458956,181.55279716777727,11.915429148409459,-58.68772047136392,-53.197183152602356,-91.30799611354612,5.678071065099046,5.191156387329102,5.191156387329102,0.12967032967032968,1,1.1178622245788574
1385,0.8837926740005502,3.37049486421144,0.23373112162031007,0.03080502175376643,0.0,0.0,1.0696769868069673,0.40568613038761697,73.71400775938328,8.58579216558853,-59.04033011382671,-54.81012778622085,-108.08437163671562,14.156638384184092,7.043135166168213,5.907604217529297,-0.16190476190476188,5,1.1005287170410156
1386,7.205071534480138,3.0979561330589203,0.025799691490485853,0.01771656392843085,0.0,0.0,5.934227773616202,0.41637440860739844,15.015472139338666,13.766278542872548,-67.74000714136653,-59.835465692020435,-70.19366098634657,12.39628613339973,nan,239.591796875,nan,0,1.20371675491333
1387,3.366766233620843,3.8890593317052518,0.05722828573999924,0.0067221277589670425,0.0,0.0,4.320320720671532,0.2649523279535843,198.00022781343154,9.480197725087724,-67.60363409451233,-43.620263923801744,-91.72996062989922,11.567963362397506,5.655610084533691,5.655610084533691,-0.07912087912087915,1,1.486137866973877
1388,9.078396957358299,2.8785441236209834,0.13665927185697455,0.005412901710921655,0.0,0.0,0.30160883730449906,0.5176294920238401,73.89926196639111,8.661163253846201,-77.12332328723976,-40.46570033204087,-94.30171278617463,19.524983763191365,5.300098896026611,5.229013442993164,0.355421686746988,3,35.05044913291931
1389,0.928590084238146,2.537027295279644,0.27905457862343114,0.008379234652890057,0.0,0.0,0.10613335926503084,0.2871903626535183,69.74452954732212,9.800421442156207,-69.30637298115631,-42.65186562710816,-73.62353361708108,10.253203879839674,7.200541019439697,7.200541019439697,-0.005602240896358641,8,1.2595100402832031
1390,9.390803969105265,2.276574002988214,0.16856335046790313,0.00911550517685041,0.0,0.0,1.8155122532761276,0.2853993169910971,94.39333820342875,11.958010552510771,-73.29907345775912,-45.0133415446967,-76.98689928771861,6.1161226162023805,6.639315128326416,4.680793762207031,-0.3428571428571428,5,1.0823688507080078
1391,8.45601956598388,3.397267137373359,0.11630335446246765,0.005166340594166077,0.0,0.0,4.894402119105778,0.36646162255167697,160.81084822622446,11.881809160695408,-75.89041796805746,-51.90231289152075,-91.71622784296153,15.74319054413806,5.704822540283203,5.704822540283203,0.24660397074190177,2,1.0829789638519287
1392,1.6162916313997144,3.9482192379611645,0.293511066666743,0.008223572823914794,0.0,0.0,1.2755580420804757,0.3452069013103549,140.5261805698842,9.596491785095285,-68.84296429651864,-59.898465819377904,-109.09009590663858,5.5684782889889135,9.154221534729004,9.154221534729004,0.12967032967032968,1,1.1272459030151367
1393,1.0683312045143423,2.056687541142797,0.13911339186638655,0.02737089138653347,0.0,0.0,0.26445625285878704,0.4510862222814398,36.8388393420713,6.956692776222203,-58.90411315767438,-44.863616919495136,-107.98525507531957,12.284769784207853,5.839688301086426,5.349910736083984,0.2,5,1.0716221332550049
1394,8.429722811105892,3.4808907095562533,0.1301204921062446,0.03584294567195965,0.0,0.0,3.038856422432235,0.4059813200426307,43.53827662775136,9.017805878457915,-45.36106491163462,-46.94986591948878,-108.46153939869447,7.605505831904956,6.1210856437683105,6.111727237701416,nan,0,1.2194392681121826
1395,1.979697874258504,3.8538607251193335,0.12349329506631705,0.039555404870503436,0.0,0.0,2.183124810190978,0.35791643118995253,164.3065765324562,7.79678307708072,-46.24427670644983,-49.36765755272711,-109.05107119657802,11.270757127646217,6.821434020996094,6.821434020996094,nan,0,1.3563990592956543
1396,5.5815324532707695,2.1495630684546985,0.09365402178203887,0.012271115305654726,0.0,0.0,1.3491650267440842,0.29544718965312167,165.52361360108353,9.647929416413884,-47.51402060791469,-37.45169581335984,-103.7467967081259,2.5190151795446805,5.935831069946289,5.935831069946289,nan,0,1.142868995666504
1397,9.19957614984774,2.2203400902122663,0.0977084429212753,0.010432387983862548,0.0,0.0,5.32932674580948,0.18235923859099645,81.83106940908175,10.865061298141491,-58.94416399896312,-53.20892250687442,-67.20047539503497,6.839302617595147,8.716704368591309,7.1411051750183105,0.6428571428571429,19,1.0963687896728516
1398,5.890757078718572,3.3839141968994175,0.20635111797884942,0.04998398212416247,0.0,0.0,3.7024116675126386,0.43202805287243246,194.96587030326594,12.655841444677613,-76.55477433754301,-54.1861771954787,-100.31638214223904,18.473375018721192,7.567375659942627,7.546987533569336,nan,0,1.0869519710540771
1399,4.273716363991829,3.2959267517915767,0.01225067920256434,0.02939750380544882,0.0,0.0,2.1672259031919006,0.23700468891898321,90.7541325059551,12.691770667132058,-63.269369923795374,-48.56952389514949,-69.34603890830401,9.377126736694114,4.103058338165283,3.315027952194214,-0.03137254901960778,11,1.0978639125823975
1400,4.727652521112926,2.137654830632491,0.20454501769389566,0.017231460357475286,0.0,0.0,2.1355873419623923,0.3967916006980066,181.31594096311304,9.395020014322938,-76.43455921982905,-58.67263013756379,-100.6291920359586,14.723092688314974,8.231535911560059,8.140130043029785,-0.1504702194357367,2,1.08473801612854
1401,1.0996131216867746,3.668845504302313,0.06036134943776184,0.00898962213110893,0.0,0.0,2.110596767205515,0.31759243806993154,95.93943562311378,9.632860651100202,-76.4343260518858,-44.424060005298514,-73.84483053191217,12.868981636082877,4.360934734344482,4.360934734344482,-0.0488262910798122,6,1.1245169639587402
1402,9.703147052935188,3.0468476956897845,0.11526240096134786,0.010477929143382945,0.0,0.0,1.1228700284376145,0.4352420991070851,236.46123881982044,6.130731132099769,-79.45155604623176,-47.499859922123996,-98.01163735053244,14.043697701669073,6.299777507781982,6.299777507781982,0.12967032967032968,1,1.0636281967163086
1403,3.4512147582702863,3.814394746673225,0.043961691768099595,0.01638077153393085,0.0,0.0,0.8469217559623538,0.2702731464931043,192.43833531722046,6.8194872702639975,-47.89316290388175,-59.25192655484747,-79.02182324924765,8.305514558888493,6.420304298400879,5.689385890960693,-0.015483870967742206,16,1.080336332321167
1404,2.298953170892111,3.755981761985409,0.16582531322174093,0.017420191469265052,0.0,0.0,2.6254328745870508,0.3722282804398154,163.5110189462729,6.781090572887172,-47.202188819642394,-36.564791503999544,-86.62696336207497,10.682106147237747,6.463833808898926,6.433004379272461,-0.1504702194357367,2,1.0806241035461426
1405,3.217449367483755,3.6250155381003317,0.21880513348564187,0.005159987488757015,0.0,0.0,1.6633703773228778,0.1890429412048431,156.00588319715197,10.640551604380303,-60.9758701610371,-45.27022127785167,-71.36164225195988,12.610268812034901,6.6059489250183105,6.6059489250183105,-0.3428571428571428,5,1.0844779014587402
1406,9.66154535146905,3.0317977924888426,0.1063966728169094,0.04553759493042808,0.0,0.0,0.954907104723138,0.32676130216373217,55.04190160325128,13.311296323033666,-72.4413783496004,-55.87095763022438,-65.13239769212625,5.054917194607537,12.684114456176758,12.684114456176758,-1.0,24,1.0822110176086426
1407,1.3957175081360664,2.5034212834988647,0.049024973262078886,0.018818120782506487,0.0,0.0,0.1791936880053604,0.2900879798586885,33.0214724916637,10.496057686954405,-51.04821897137524,-58.481232003417446,-87.9453121151777,2.301544468682793,nan,6873.89111328125,nan,0,1.0777301788330078
1408,8.739378884761223,3.0119510078222653,0.06795167457935265,0.01941459112909376,0.0,0.0,2.534297395778573,0.4367208957996806,108.59895711453507,8.751681030162601,-75.20047036534302,-36.724474414244604,-81.43008592464363,17.018069710985934,5.556161403656006,5.446552753448486,-0.21686746987951808,3,1.0777761936187744
1409,7.224516996813754,2.20162275560356,0.24543387555767177,0.008136565747218591,0.0,0.0,1.9588317789994303,0.2083575631300413,218.36724171174728,13.4414826479079,-53.815988427071744,-52.326292119145066,-72.6980321515091,10.883475318159327,6.694028854370117,6.694028854370117,0.1295774647887324,6,1.0801188945770264
1410,8.385182202010768,3.317692296946852,0.08029462051795573,0.029104301661544794,0.0,0.0,0.48361175875217877,0.26700011269425633,72.48040202015721,9.086190479951359,-69.4571764229412,-48.34489899992432,-74.83991878455895,10.212479495008136,4.55117654800415,4.392027854919434,0.22009569377990437,10,1.083380937576294
1411,9.771026633495016,2.2679544384580153,0.23241077790336812,0.02730451862765668,0.0,0.0,0.5159959969582605,0.39557248398095274,71.60747296092573,6.699224597432246,-50.04853695046404,-49.56578483059138,-90.11348545814221,15.510709834418865,7.624393463134766,7.624393463134766,-0.03137254901960778,11,1.0690150260925293
1412,8.500469227410283,3.022345925001446,0.09935982204186332,0.006224836914137371,0.0,0.0,0.31149047304159017,0.12681548296790449,205.4370940489062,10.089159263797363,-57.86712581669945,-54.021082486525415,-67.92194244952881,11.790504093173096,4.7529144287109375,4.739954471588135,0.307981220657277,6,1.0686626434326172
1413,9.462132337139602,2.1087639483336353,0.05661976630288876,0.01967724878645181,0.0,0.0,8.391324437383723,0.26667085336036056,175.50912481389437,6.913704434820566,-57.70776666747992,-50.77625543991167,-89.74716611696795,13.961078614505654,5.330506324768066,5.300504684448242,-0.02610441767068273,3,1.231882095336914
1414,1.7058849395137379,2.5990249805492915,0.2181925678882293,0.022759554124006442,0.0,0.0,5.252943453143495,0.1717823085772352,193.1553349379423,8.794921906680255,-49.43671017178792,-54.52524239520762,-84.66957950318219,3.8740441263600447,7.650991439819336,7.188634872436523,0.2156448202959831,13,1.4531140327453613
1415,8.059991369086216,2.464160921339576,0.140563508842562,0.03424034870586007,0.0,0.0,1.3246405904243579,0.5447541984285461,76.52744765070901,13.163291755178076,-79.59551283737659,-37.10972028386383,-95.2219084738763,14.220112977664595,5.7137250900268555,5.7137250900268555,nan,0,1.42311692237854
1416,5.683919093769954,3.240063085423341,0.00938317538244192,0.008036393306370484,0.0,0.0,0.6357791671786979,0.42990755546203235,31.095207719858593,11.130171698693132,-48.1688552082184,-46.119951865000424,-93.70453257724358,16.07797478182768,3.9912776947021484,3.9912776947021484,0.7137254901960786,11,1.1345937252044678
1417,5.663208153258676,3.5735734240450174,0.2879827258033196,0.037722876444050396,0.0,0.0,2.976120609881392,0.19968298889006275,173.92684760546635,6.941540487375492,-56.700446209317725,-43.38360384787801,-76.16354746881359,7.009830437664874,5.215930938720703,5.215930938720703,0.4595910418695229,4,1.2157318592071533
1418,9.039754975044879,2.1146059090810523,0.044326033521632224,0.01446941843639225,0.0,0.0,1.1362041004013794,0.22055889542840523,102.29393577738307,13.680304452286496,-59.929007772777254,-47.28737557254639,-65.59176385090561,5.361595006025059,6.273000717163086,5.452030658721924,-0.03137254901960778,11,1.4029157161712646
1419,9.732136277143757,3.700567370310768,0.10602209293592742,0.006244441820564937,0.0,0.0,8.94750743268639,0.3057192243727214,101.52548931352854,12.07906849276631,-55.04147965498844,-35.83248392310295,-80.55648466386121,6.948804491725033,5.994599342346191,5.994599342346191,nan,0,1.637228012084961
1420,7.195964068910219,3.721535389909209,0.11543839049871218,0.006376630114473458,0.0,0.0,0.1288977177491569,0.349525263822879,101.45995242257521,6.717703392134319,-47.66979095872721,-56.78329943134519,-85.44333241655985,8.626507367731891,10.639629364013672,10.639629364013672,0.6,21,1.241835117340088
1421,5.087914699981948,2.6845381485760456,0.146828969777524,0.007884505455494547,0.0,0.0,0.1171039294327996,0.3676969782618535,40.871430997529615,8.343938028998384,-57.82508444335562,-59.218712722228354,-66.53047099919182,18.27281674143096,nan,27.87311553955078,nan,0,1.1057939529418945
1422,4.835836650067531,3.318008131940644,0.23563320670025117,0.00958783850585595,0.0,0.0,1.371582817792756,0.5135611316522406,29.458332655095695,12.94682838683112,-68.50000735081136,-58.31238878685564,-96.2249224568647,16.368862390128417,8.472067832946777,8.281368255615234,-0.015483870967742206,16,1.083205223083496
1423,4.170243843620227,2.805226063406899,0.001827083902538029,0.015681074162838534,0.0,0.0,0.25501072465532004,0.24236244671518273,163.14123399862214,7.90847680536311,-54.828823320041536,-42.30447213723652,-76.57123864218752,11.272476685611053,4.70579719543457,4.609279632568359,0.08958130477117816,4,1.1128950119018555
1424,3.935190780940295,2.308381764379263,0.2797416154008224,0.028036332511289133,0.0,0.0,1.6166214135254586,0.3799092753391114,198.35749998776168,11.130897743655307,-75.61102765894627,-39.743600306116626,-95.430435272999,14.395659645748578,7.3104071617126465,7.3104071617126465,nan,0,1.1076550483703613
1425,4.219314996002098,3.0573248371262207,0.19379683806090334,0.007685920825056103,0.0,0.0,3.6546522342100345,0.31705897686882883,165.2802924011153,8.68730016829368,-74.34107195289613,-42.62604780149106,-71.79394911142654,16.926395021756168,6.019882678985596,6.019882678985596,-0.02610441767068273,3,1.1433649063110352
1426,1.352655734886355,2.1727193490031933,0.28519466374468067,0.04916112343115172,0.0,0.0,0.18889459113054394,0.38284413097186926,154.09611362926418,7.819258157878278,-68.93265114439671,-41.134307976515586,-91.51157316318825,14.917450950895429,7.8416290283203125,7.389657020568848,0.048066875653082534,2,1.1094119548797607
1427,1.235642809974163,3.756944310791976,0.24521686122494574,0.007252570115381052,0.0,0.0,0.7607053110156878,0.2855341165570654,81.1734982964189,6.050545972293856,-58.87784773702865,-44.97709112236498,-81.76003927490015,6.095527079601156,6.85141658782959,6.85141658782959,-0.6889952153110047,10,1.0818002223968506
1428,7.908763516786961,3.848579518819217,0.278351465424965,0.019876868843473817,0.0,0.0,2.384153245048398,0.24537874232487997,196.54631857166547,9.899734710642923,-53.316423185530354,-44.72266339059338,-91.27681333389557,13.912910086171628,7.596691608428955,7.596691608428955,0.12967032967032968,1,1.0862138271331787
1429,4.7376924827421485,3.6432262740228074,0.18030016528070342,0.04245320083341258,0.0,0.0,4.652936668393024,0.1499489204150086,142.24479188277277,10.085689067183099,-57.30038159282426,-57.85152559082677,-69.03825097900571,7.366558875564847,5.5073723793029785,5.330230712890625,0.014799154334038014,13,1.0997200012207031
1430,9.341502641173895,3.125056241511957,0.10719269486315244,0.033999883364594426,0.0,0.0,0.9833048473159489,0.4297831153886798,61.67938162501676,12.174370861409425,-71.90723395176187,-35.1057594199735,-91.07783562964507,6.635863764599723,5.472890377044678,5.472890377044678,nan,0,1.0869097709655762
1431,6.316099581642549,3.1151971822509097,0.1328742189340811,0.022225892322671,0.0,0.0,0.2584087253421138,0.49503957929786346,24.27496670399691,6.334433418910561,-76.67008036008713,-59.8741792796972,-95.28095092673269,6.8986336019153125,18.371797561645508,18.371797561645508,-1.0,28,1.0842061042785645
1432,0.8341718307519876,3.9692147532018596,0.19740969311523388,0.025969464901760303,0.0,0.0,1.4845625857331217,0.42140674867031075,108.92110145087551,7.863383385928785,-77.80405947195581,-58.22093680117628,-101.80341311126676,7.015201010513179,6.6407647132873535,6.545505046844482,0.08958130477117816,4,1.0827851295471191
1433,1.996471742516055,2.495803379662366,0.1280795579299009,0.006810447211859282,0.0,0.0,0.8110248054532078,0.4296095073140093,44.038171549567835,8.920942588915434,-47.72229463232306,-53.45992476175958,-102.42203073443089,13.630748807042403,nan,7.958591461181641,nan,0,1.080772876739502
1434,2.455288033623572,2.1518967318104147,0.21950183504033674,0.005112496904925791,0.0,0.0,3.49825009025294,0.37276921511114985,122.90263873096067,6.378032126474057,-52.42674340917639,-42.1164257036556,-66.02157372168465,18.827825771683617,nan,6.409982681274414,nan,0,1.0828502178192139
1435,9.769492231701776,3.1238818472023553,0.02755440482400887,0.013586850247650335,0.0,0.0,1.2916716522316234,0.2907319264446623,144.3771075338061,11.4881703486449,-65.66726116046105,-37.788320336773836,-85.12360286602934,7.185475200365864,5.096597671508789,5.096597671508789,nan,0,1.096189022064209
1436,2.5776901484405315,2.6575711956202066,0.2489959946954666,0.006144533702791638,0.0,0.0,0.3621143119805517,0.48045231616516976,12.183043139203985,10.691598119815998,-61.60981383197869,-39.70307055342242,-101.58479181620136,16.492624089099483,6.505861759185791,6.505861759185791,nan,0,1.0914270877838135
1437,5.399678924736487,2.6446775456160885,0.06125659189260125,0.011395216117082328,0.0,0.0,3.226902469776786,0.3041446764873227,13.515230358779622,10.698507021597859,-66.11016595642916,-51.71198696644021,-90.50168147749757,5.24823823778238,16.357051849365234,16.357051849365234,-1.0,28,1.1311960220336914
1438,9.393680850581863,2.014170708339896,0.28318428285741676,0.008369756010282545,0.0,0.0,1.0851606222575185,0.3137188029911639,52.187900212994286,12.440855072011598,-72.02845949192734,-41.57570013759085,-77.98877550008154,1.634607898433047,5.248680591583252,5.248680591583252,0.355421686746988,3,1.0967648029327393
1439,9.783330934186395,3.192478819095866,0.046663739981180376,0.041239816740288836,0.0,0.0,0.2265129856720753,0.361352069097398,212.6466566431354,12.314841040747043,-52.13764627018155,-39.770223694524326,-83.78510469162212,19.87423647086748,4.845439434051514,4.768188953399658,0.12967032967032968,1,1.0706942081451416
1440,2.7454241361436735,2.528067404551228,0.03874925883071934,0.03793376971051304,0.0,0.0,1.3370407576954173,0.31266389841087117,51.20499230981467,6.578687447533398,-55.35413846672023,-52.65156906510784,-82.62950492314762,8.44233064583801,12.260565757751465,11.02183723449707,-1.0,25,1.104910135269165
1441,0.9666176156253812,2.3757170963853618,0.24356283317621785,0.03295435781121643,0.0,0.0,7.88206695479881,0.4223952013363376,86.7105564552308,13.14598899675898,-75.02847894858239,-55.27535864015877,-79.94716162084637,15.869419242537466,7.607683181762695,7.607683181762695,-0.005602240896358641,8,1.0833489894866943
1442,1.9592174091087058,2.0808638627860074,0.2456105483109043,0.02587702245880806,0.0,0.0,2.576514090453438,0.13660521608236803,201.40933315653194,7.849197730738015,-49.12603035986911,-44.761233589386116,-72.95517114886806,2.3019168638611736,5.960330009460449,5.476278305053711,0.526610644257703,8,1.0685207843780518
1443,1.101620547674302,2.728723152951223,0.22162782596437416,0.0071292186319768785,0.0,0.0,0.3959193455462729,0.3016141575624654,92.08569727664695,10.19891187592535,-59.806503859619994,-57.523211148157344,-85.7603789929021,13.644242228767467,6.281394004821777,6.281394004821777,0.15490196078431379,11,1.1016581058502197
1444,2.353680290377196,3.7579377447729145,0.2881591391714114,0.0055890427375652,0.0,0.0,2.6408659107710353,0.34334349887074017,93.16686972587472,10.005913954245045,-69.7601752424579,-38.237493203200366,-83.03570269894881,11.474204026582019,7.201115131378174,7.201115131378174,-0.02610441767068273,3,1.0723319053649902
1445,5.901412289685487,2.6733416151947447,0.0811618886056248,0.022535015555409117,0.0,0.0,0.367462158685319,0.162585158671072,227.20220795187333,11.319452189280874,-70.20617954612001,-43.95617297015127,-66.72694445060503,1.4476068626186724,5.124309062957764,5.124309062957764,-0.09542356377799423,4,1.0914521217346191
1446,9.168263564808598,3.3581484202391874,0.24799462169708625,0.02193957151818963,0.0,0.0,1.2172440912866629,0.2727134146652087,154.11593161252867,7.254679687091595,-51.42391711267638,-43.982886758968576,-67.8354728163695,13.721979379851167,5.952730178833008,5.952730178833008,0.1295774647887324,6,1.0921368598937988
1447,5.60357939509623,3.5130939268038146,0.10561215901302624,0.011705616431459582,0.0,0.0,1.1302942742012017,0.45587738560363394,13.960345426258279,10.082830755206675,-48.371617773434565,-54.19242489571677,-106.26966181190518,14.677869515214994,36.59518814086914,32.9283447265625,-1.0,37,1.1295528411865234
1448,6.446900788641267,2.656201618380399,0.16121958767080222,0.01484761407850042,0.0,0.0,0.31245088406697413,0.3063144548902685,125.57697039599759,6.380762091157613,-70.20296686462015,-51.83128380892262,-79.9462334905624,9.960404193504557,5.841136932373047,5.812102794647217,0.1295774647887324,6,1.0764429569244385
1449,2.4177388902906407,3.6432814700240828,0.1336800089103986,0.015421243424912665,0.0,0.0,0.4963207126923172,0.3592162423099843,122.0537751090496,12.452829596756619,-70.25540155244879,-43.185681460617275,-93.45992128270738,8.949030903385482,6.167088031768799,6.167088031768799,nan,0,1.0819730758666992
1450,8.105544396401577,3.3837593193338984,0.0017550068020821708,0.008687566402249495,0.0,0.0,7.662366299086758,0.3457913384824987,137.857555029275,11.565174438418337,-46.918165868521896,-53.274720936043174,-105.33146511610661,9.14704653077947,5.046202182769775,5.046202182769775,nan,0,1.1074182987213135
1451,6.368994630803041,3.118484457401903,0.1723386580617473,0.01030710300531569,0.0,0.0,0.3171006066117373,0.3341326740787732,135.74467972806477,7.824028832313785,-48.83264791123368,-40.028824603011074,-87.78512389510128,9.551214727676184,6.327213287353516,6.1503119468688965,0.1646586345381526,3,1.0981099605560303
1452,8.709299877330887,2.001984928101258,0.2242517663291859,0.013102662634120181,0.0,0.0,3.999945621912273,0.30653803567776033,19.37048904206087,10.295117862210212,-59.14885166016395,-37.709205463688754,-87.4505870414083,3.990171030884456,6.106889247894287,6.106889247894287,nan,0,1.0799827575683594
1453,9.51400951655495,2.0701815318456163,0.05236571507258137,0.020051600081162767,0.0,0.0,2.1614299252149034,0.4235733403419033,51.41308728137026,7.278939348187447,-47.15127940805536,-40.16526856598982,-72.88552431559759,16.968236857398626,nan,7.622457027435303,nan,0,1.0937910079956055
1454,3.805057369687627,3.9817316882121268,0.27949675856791123,0.04516366842920876,0.0,0.0,1.162139506325635,0.3652658616590075,31.995967795682812,11.617414849452896,-55.34821506172912,-54.37945730173138,-87.92004033923432,13.586186798251209,18.129186630249023,17.732389450073242,-1.0,26,1.133073091506958
1455,1.3605010560866737,3.564567847007119,0.15911986182555113,0.017276454226924434,0.0,0.0,0.18837780794478975,0.22156304904455035,216.387380489905,6.883404087439868,-48.77323960976778,-36.93962583515402,-68.43755743291787,1.0918629499983874,4.881506443023682,4.723613262176514,0.1295774647887324,6,1.1099772453308105
1456,2.6463251002094337,3.875130517545894,0.053473800945328054,0.026923648615420445,0.0,0.0,0.2565319754016512,0.26534466178024657,60.829717733608334,11.529961888202969,-68.73910766541029,-58.47291771210343,-75.66760637528282,1.5432516568366497,16.216976165771484,16.216976165771484,-1.0,26,1.1565799713134766
1457,4.659494873920454,3.804606409836055,0.19378427127506556,0.032060560210384524,0.0,0.0,0.2280107101300108,0.38363446334491563,112.5849054243931,13.580608726043913,-64.59185107725703,-37.202817864929834,-91.59480893318508,7.587036072937231,6.731422424316406,6.731422424316406,nan,0,1.1162497997283936
1458,9.484089692332496,2.0408859662855017,0.057576812554603195,0.006493489246285426,0.0,0.0,1.4913806978493784,0.2767461913238766,34.69804459777539,8.864727272217593,-68.20547284923677,-38.836220350575374,-68.60381716028063,1.4166716293132677,10.966680526733398,10.95500373840332,0.5624999999999993,23,1.0866057872772217
1459,4.093943312547445,3.583694579582148,0.019060004488600922,0.022495449308760164,0.0,0.0,8.846396350631979,0.31983895970709525,32.59897442581017,11.145827736721465,-63.033998916832694,-52.5780341238226,-98.30418231276523,5.2688172008537775,5.249570846557617,4.634716033935547,nan,0,1.1072030067443848
1460,7.822345529821015,2.902291488022309,0.20559457272577267,0.015173323757667145,0.0,0.0,5.6817029669156005,0.32159319122187485,130.85369992937154,6.1398394918972805,-54.13904682358647,-52.49029980273173,-90.79258469439932,11.013991758999113,6.106258392333984,6.0431599617004395,0.307981220657277,6,1.105600118637085
1461,5.634528575622173,3.5791164080013114,0.03320846499164835,0.018681035536231454,0.0,0.0,0.1123320710183162,0.38591922209349877,58.61270862735927,13.069621179389618,-56.12673606876065,-38.242591448258345,-88.60472276310944,9.216748701798783,5.250925064086914,5.250925064086914,nan,0,1.1211509704589844
1462,2.236683319094277,2.0134315683267703,0.03186523451293059,0.005462443275688169,0.0,0.0,0.3527388128311991,0.2755158655733168,64.54279075710257,10.358722889659674,-59.23927493387327,-49.50191557395407,-103.45778478593125,6.18898478361646,4.964722633361816,4.964722633361816,nan,0,1.0742368698120117
1463,3.5469741300577904,2.5763986024011283,0.22198306895454398,0.040288930687029205,0.0,0.0,0.2063074532032036,0.3850075455083761,13.277847188994354,8.553110142543314,-59.67343581815277,-36.10722255407487,-101.99464416247571,2.053826080022114,6.082483291625977,6.082483291625977,nan,0,1.1071617603302002
1464,6.705322907716777,3.502647551582604,0.016560669962421348,0.04484914353386344,0.0,0.0,8.940373936354247,0.37153161232943477,78.15159621043628,7.254381585348825,-55.65683510870804,-59.85627088683336,-65.86098084772043,17.257666829984665,nan,8.860451698303223,nan,0,1.1094410419464111
1465,6.892107249506488,3.5860415772031793,0.24293075371438638,0.005040248255960632,0.0,0.0,0.29595144800842865,0.48424880133435916,122.8542361773371,13.367537758455256,-58.017923356995304,-35.15587808277076,-97.47622093657397,19.941216709732757,7.759296417236328,7.759296417236328,nan,0,1.1290991306304932
1466,4.630217594685939,3.239429202429248,0.23884462759434827,0.008161342358651954,0.0,0.0,0.2527122939975988,0.3024232836034095,51.45687718807662,8.827346941112323,-47.263657188096694,-50.736442868657036,-100.557363031856,2.130255003991353,26.242767333984375,26.242767333984375,-1.0,29,1.1283338069915771
1467,2.6721332252900893,2.6025123788925275,0.0424180284233298,0.007571190576124386,0.0,0.0,1.7448198250925708,0.21436890674868303,44.260388236084594,8.841787522569486,-65.25687816359519,-46.43872163949401,-73.38854024627688,1.2548821465492987,12.443323135375977,12.443323135375977,-1.0,25,1.1292228698730469
1468,7.358114405370426,2.620725182575726,0.15551419418309065,0.03021861263669384,0.0,0.0,1.2953083559775398,0.10537113140965354,203.45671018303267,10.617994744184873,-53.52326796004243,-41.07551948231189,-69.35587943117214,2.774223967852615,5.538745403289795,4.215029239654541,-0.09542356377799423,4,1.0932939052581787
1469,2.10429389532079,3.9335279272840653,0.028987647290682705,0.019817554601901266,0.0,0.0,0.28294561486641306,0.34663751313218594,141.44851632197313,13.272236227158565,-54.827779008662326,-57.58537721258655,-82.37160601041094,16.197737274817946,4.770582675933838,4.770582675933838,-0.6101694915254237,9,1.10673189163208
1470,9.398362072718703,2.878424358468409,0.18977136593579616,0.007521486279829541,0.0,0.0,2.191440729558439,0.36852973086274393,73.21821085031073,11.05994588013371,-50.58557225120495,-46.903326102296134,-101.26157596195584,11.443960320218139,6.561504364013672,6.561504364013672,nan,0,1.1072559356689453
1471,2.2850840008465285,2.894251100487674,0.01887900389116397,0.03257924080060918,0.0,0.0,0.15631995544470584,0.19501433859608705,145.24090462563814,9.222822177872478,-56.2134181415341,-49.16667763279014,-70.51677105554867,16.040883882731457,4.305218696594238,4.305218696594238,0.06156716417910444,7,1.1364972591400146
1472,1.5194674469089442,3.104665500481399,0.2833442568968242,0.01128352709591541,0.0,0.0,0.1093296938717927,0.34815801959167336,195.09752914530452,10.208613642186283,-73.12782627932653,-41.88945452229171,-106.89853917892557,10.833923786906757,10.308501243591309,10.308501243591309,nan,0,1.0891602039337158
1473,5.227653172471099,2.8190046737287773,0.06231922061087449,0.014448637013587212,0.0,0.0,0.1461603523868729,0.23670392383922811,22.185188740749005,10.227349498856093,-55.992724080488316,-49.52004383951754,-91.23935750505558,3.3330831552090467,6.952975273132324,6.2104902267456055,0.014799154334038014,13,1.1144280433654785
1474,5.435721182042093,3.1053431291948286,0.2048683967845935,0.012197662417571885,0.0,0.0,0.5367060018870273,0.2375429290557092,79.4254092186227,9.554189764680054,-49.77532514794209,-37.550502441523086,-67.08889540965866,2.905010245406927,6.511725902557373,6.024130821228027,-0.10536980749746706,12,1.1757400035858154
1475,5.3278326903933255,2.864670845535116,0.03848742731313302,0.016609257216455873,0.0,0.0,8.913179561663446,0.23817482388339642,78.12848659184415,9.703303350026783,-57.53896614634817,-42.43003776001267,-74.62926701214876,10.421602391142923,4.33423376083374,4.319750785827637,0.3492063492063492,8,1.1473348140716553
1476,4.648341148718975,3.6534298392043736,0.06287893449803295,0.015104712839064893,0.0,0.0,1.2430654553261447,0.2978175638207448,138.01438132418582,13.684565512412359,-71.59901020736065,-39.90600642789563,-77.96818845391455,3.661706897834017,5.477034091949463,5.477034091949463,nan,0,1.1052308082580566
1477,9.950741481881279,3.818102039596568,0.13528489466501117,0.009409228318879288,0.0,0.0,3.231857518936921,0.3766176283236327,223.09308932516404,12.842849249011588,-52.71733714861458,-56.830660406161016,-103.71482610082172,13.980770705772914,7.565221309661865,7.565221309661865,nan,0,1.1372487545013428
1478,5.119665820370527,3.8642205196307233,0.17192884240245485,0.013290032464624187,0.0,0.0,0.439533017342206,0.39723271809697686,34.67210349119271,6.906524847222633,-65.99021865660619,-59.865552780609455,-77.53324687328023,11.263932870321705,29.58318328857422,29.58318328857422,-1.0,34,1.1452243328094482
1479,5.040492517028395,3.128592411658773,0.29965897211750486,0.04048621286630888,0.0,0.0,2.7458583584940497,0.42431622929523516,27.98005431936969,10.34866198769874,-78.10692444930753,-58.23259735004419,-88.15402144318458,10.496641759797258,13.284235000610352,13.21614933013916,-0.2949308755760362,22,1.1079931259155273
1480,4.506777595788332,2.884297114928991,0.00777786842728324,0.015917107185400788,0.0,0.0,8.557805195322095,0.3730794306784757,87.96879776543678,10.974171666494653,-66.44245590708232,-45.32598552467532,-94.25967781701645,14.584372328520535,4.828309535980225,4.611470699310303,0.048066875653082534,2,1.1557769775390625
1481,1.1348446696638976,3.410480117583676,9.432589322608819e-05,0.04124358561698529,0.0,0.0,0.5194237227857289,0.4014557464409569,143.23580701570054,7.28034837473782,-55.980590068779804,-40.40160193666354,-107.03566694197629,12.589251310711582,5.026001453399658,5.025998115539551,nan,0,1.1211609840393066
1482,6.133087995921352,3.6766471825918132,0.10511012841448439,0.01774586004813228,0.0,0.0,9.956779041406019,0.28439191930308194,191.79882088300667,6.9172231822288275,-48.44216530927391,-49.6300303436811,-76.79720805055769,18.08194708975608,4.609373569488525,4.609373569488525,0.019047619047619067,5,1.0790481567382812
1483,2.665693836120233,3.125964484132754,0.10984691034072597,0.02936211245147579,0.0,0.0,1.891559043799233,0.311409741475478,237.61654470016512,10.671400512250319,-55.3504125023896,-53.7075081470645,-96.9479132516576,17.164619111149303,6.026381969451904,5.628922462463379,0.12967032967032968,1,1.0808918476104736
1484,6.557285312175974,3.3999620436445226,0.2651511708295895,0.009830176463158551,0.0,0.0,3.1418310319993656,0.45053814836855427,101.59609784003808,12.579471635424301,-78.22911149115416,-54.54366445517719,-102.34576599634312,11.014281924346689,8.545510292053223,8.545510292053223,nan,0,1.090656042098999
1485,0.982917888510533,3.499458701442496,0.27377476430919057,0.030859116953016352,0.0,0.0,0.319399680738657,0.31072623099757396,28.522025938024804,8.750963499370464,-45.48142115522913,-40.1445715824907,-75.77338641860175,3.567179289370313,64.87706756591797,39.64762878417969,-1.0,50,1.107327938079834
1486,9.823177461903516,3.3527875534345735,0.2641574929077956,0.009189494397403204,0.0,0.0,1.9327760630904782,0.2254079386362106,93.84859451386306,11.44470377029803,-79.24311669648112,-49.150587725596814,-68.21345948497516,2.5644563310925492,6.666872978210449,4.850204944610596,0.9473684210526317,10,1.3591959476470947
1487,4.955548250620386,3.4922671114586192,0.042953625145814335,0.005230220227545861,0.0,0.0,1.0519921592402608,0.2705266021645994,218.4396479023801,7.556172996168288,-73.3812471829554,-55.11410103091142,-68.09347629635548,12.471154893479591,4.514108657836914,4.508965492248535,0.08958130477117816,4,1.8017079830169678
1488,9.019176030111634,2.417290665111997,0.12363145055432202,0.00723933955830224,0.0,0.0,8.180979246688208,0.270708412878322,182.6814574182808,8.931260848677372,-49.43621724094109,-45.45157160212656,-83.00742800570565,15.294099989484607,5.958448886871338,5.7076897621154785,-0.02610441767068273,3,1.1043360233306885
1489,5.01783114571288,2.996749094043595,0.22376554868850695,0.0052556069632426075,0.0,0.0,6.44688755733917,0.4637080574461369,187.93780336800722,11.45490857269032,-75.83815232414436,-38.331835181669376,-98.25953977616314,19.927689008515472,7.145837783813477,7.145837783813477,nan,0,1.1646170616149902
1490,1.0731427764551065,3.1765371092101744,0.09378332033527242,0.04426216432982483,0.0,0.0,0.6213627265615469,0.43001560957424506,98.66682430677643,6.959978380791421,-68.93697240937814,-45.661643909982566,-92.38491928089111,16.7449520904152,4.9108123779296875,4.9108123779296875,0.2745861733203505,4,1.1032071113586426
1491,8.311028687891167,2.004955861714046,0.19897140855316536,0.049997354447808895,0.0,0.0,7.8295986977364525,0.20872297298798256,166.90744794670954,7.707604524832671,-61.14013432628466,-40.31169999504414,-69.8944811801346,8.50394236325279,6.351150035858154,6.201488971710205,0.08958130477117816,4,1.0792450904846191
1492,6.6577454318377765,3.711925017627364,0.0711428589573276,0.028920131805593958,0.0,0.0,5.883355692437699,0.24965290562268927,222.62688563483096,6.287755676955771,-56.31580792370811,-40.45038137894522,-90.86863787110751,1.208515042457693,5.477749824523926,5.057343006134033,0.048066875653082534,2,1.1219491958618164
1493,7.9266919519524786,3.220049016889824,0.09702577738824242,0.00641354532220686,0.0,0.0,1.516239131162677,0.21176998823333595,168.01808686197973,8.740513940303927,-74.68654658576202,-56.07228058710474,-75.38761748759055,4.560399060036374,4.605068206787109,4.605068206787109,0.1295774647887324,6,1.1266040802001953
1494,4.567613703334296,2.2582726633964065,0.25812889480454515,0.03962009063245133,0.0,0.0,0.14596065969881852,0.2608547224852859,121.34260857269831,13.76311487725247,-53.44134557460804,-46.320158782131664,-86.22760913191101,4.179221389385724,6.076782703399658,6.076782703399658,nan,0,1.1042046546936035
1495,6.560399070343127,3.6327141451516543,0.07515271082669853,0.02771699781562116,0.0,0.0,0.20969133339623294,0.33230249017214647,112.67742225351299,7.159197231250683,-77.07462596691347,-57.27156910101914,-82.70249795066998,4.677506672475269,4.2762250900268555,4.108005046844482,0.17180205415499525,8,1.1139540672302246
1496,8.63417553606777,3.4341139328810892,0.2892972260654589,0.010745200404000343,0.0,0.0,0.1424782228080082,0.4757337947387501,44.349468447949285,12.937047696775899,-75.72954628679415,-42.35912215228002,-91.23498820336715,12.002515017534227,6.4621968269348145,6.4621968269348145,nan,0,1.1223912239074707
1497,6.495121707282931,3.516599086927274,0.09187786828105407,0.015894538262404855,0.0,0.0,0.16443195839529298,0.4458728421913816,15.371745334311907,6.00015391613263,-51.396300959337644,-48.113971037255844,-106.79118785978633,7.525665960620418,27.79475212097168,27.79475212097168,-1.0,33,1.128108024597168
1498,3.8028995309410814,2.7840849237237126,0.007058432946983206,0.022947181230743588,0.0,0.0,8.99300321732594,0.32315119848464036,126.46152033768068,7.083947814775998,-60.878171757786184,-46.78123200406839,-82.87241751450983,16.39497429985333,5.1342244148254395,5.1342244148254395,-0.16190476190476188,5,1.1205470561981201
1499,6.794031146478899,3.708405013389984,0.07647027114077114,0.005284701722365271,0.0,0.0,0.2656651567963861,0.301834606388846,104.93912707897822,13.10848022768057,-63.386418648152166,-48.571275894642184,-80.49414357182093,12.73290309117089,4.389556407928467,4.389556407928467,0.019047619047619067,5,1.124587059020996
1500,6.88261479183364,2.8280551642647245,0.051361482673027724,0.01586758803255452,0.0,0.0,2.408292120176379,0.46301299440481825,12.630035914553002,13.859444721793558,-47.00572448494363,-52.967851437586106,-84.86374969254116,15.63921829820334,271.7726135253906,265.4881591796875,-1.0,105,1.3473150730133057
1501,9.625576143812937,3.1410183058911825,0.1520480898652649,0.027000104037130063,0.0,0.0,1.875238519675847,0.4141589609085486,221.7075995425304,10.687253120995996,-79.33709534716361,-42.983051311568865,-105.81148689954325,13.752377697214397,7.650463581085205,7.650463581085205,nan,0,1.208876132965088
1502,4.023667054645857,2.0012846073997475,0.033814819898358,0.007712503537372491,0.0,0.0,1.8293201986043734,0.23847433361547568,145.10834846704574,11.125357023318479,-73.37598053551098,-47.65975342970109,-82.1919442489972,6.705565316869094,4.865592002868652,4.865592002868652,-0.02610441767068273,3,1.0795097351074219
1503,4.538276791384246,3.2897462293557247,0.18781466317362291,0.01389186575471018,0.0,0.0,0.259064556167173,0.31764075235987593,51.77335012740448,7.781445911090393,-49.969416581157724,-48.386411992624986,-80.25169803605509,10.782888418830908,10.456377029418945,10.454794883728027,0.18390804597701163,20,1.232349157333374
1504,8.215168131277062,3.436351584255873,0.2624697211669484,0.01704119843235777,0.0,0.0,1.441096915988075,0.4013854604075833,201.84926793103887,10.06795893717829,-76.73361404774292,-55.05038266167117,-109.40305631725904,16.798961378134823,9.20743465423584,9.20743465423584,nan,0,1.1642720699310303
1505,5.3047419900560415,3.134218730977585,0.1087556645411207,0.02719790022821697,0.0,0.0,1.7826935746813948,0.2719774835648013,162.5527516607674,12.073615344973323,-54.97429178563122,-39.38800778158257,-65.58637235972363,13.415955268300884,5.044098854064941,4.939478397369385,0.08958130477117816,4,1.103057861328125
1506,7.497444384599464,2.9931176340872323,0.05054781579162133,0.04607058374935583,0.0,0.0,1.382963229929978,0.32670870610070585,68.02108868090089,6.811120337678753,-59.35882250618716,-40.731073467979684,-84.72927286094242,6.767540593044041,4.369039535522461,3.9956748485565186,-0.11567164179104483,7,1.124173879623413
1507,4.867239912309125,3.6198729474234166,0.12000749873532389,0.03525701596847303,0.0,0.0,0.2356811966262185,0.24743882575990958,175.53901501831928,9.583779968557316,-69.96938145476865,-38.972887799389724,-84.05665484968068,6.3855119598395085,6.083529472351074,5.520267963409424,-0.07912087912087915,1,1.1217939853668213
1508,2.547203847220654,3.362745434330484,0.23579004643518808,0.020916471568058672,0.0,0.0,2.7933232368238614,0.3215289829390571,85.57899689335132,10.57332092307809,-65.19767421028168,-55.98702204663997,-82.5288530423564,14.093091254992661,7.892849922180176,7.892849922180176,-0.6889952153110047,10,1.1408157348632812
1509,7.5794365064196025,2.556148079440046,0.17744630222387867,0.01916949531644632,0.0,0.0,0.14011554611056787,0.29956305067071476,10.02502314518994,10.294954528747061,-59.79934820411016,-51.6983986442758,-94.75709334328398,7.0355187642570955,16.771310806274414,16.438072204589844,-1.0,25,1.114293098449707
1510,1.7459741072547443,3.9181466761599717,0.030342963998280934,0.020051953896381307,0.0,0.0,1.5219487337454054,0.4342089544257677,112.42545571543675,12.495519030874398,-63.584087651747495,-35.15878233297348,-93.07285963549252,14.285982867178799,5.455395221710205,5.455395221710205,nan,0,1.1598091125488281
1511,2.3865448035474266,3.4145343883906816,0.16115614629811,0.01754480909399968,0.0,0.0,0.7456219161532037,0.36589724507809596,136.26210441987558,12.09830896898043,-48.907240084658284,-47.207917671992064,-87.74843558696092,18.91166156797688,5.171721935272217,5.171721935272217,0.2745861733203505,4,1.1266498565673828
1512,6.454837336449982,3.975877857824849,0.14042561443667795,0.0057323524464637406,0.0,0.0,0.31664540217234777,0.4342305510963871,224.74170170490316,13.975973836745819,-74.52334296492718,-59.910781909118064,-90.3210364067103,14.93346310384091,6.1708269119262695,6.1708269119262695,0.048066875653082534,2,1.581651210784912
1513,7.599063101824663,3.9425226325377367,0.09813367680634844,0.02496125396207268,0.0,0.0,4.118868986209558,0.2414744680152083,26.756882329623963,8.988813057387087,-59.64891831243392,-54.686314373720855,-77.09861009997938,5.361215444539274,98.9062271118164,97.18849182128906,-1.0,58,1.2440423965454102
1514,8.999534925244243,3.8378194456201795,0.03304817881599698,0.026019970776725965,0.0,0.0,0.22479421640746108,0.21987848776028654,203.35456349917825,8.786186701423656,-59.04730434110113,-46.39614982249985,-96.65989775850782,9.342360852377768,5.56810188293457,5.054279804229736,nan,0,1.1458361148834229
1515,3.089571725450971,3.510743082450615,0.29433358068608245,0.01627235336229525,0.0,0.0,7.344521724838135,0.3490191258856567,204.5738111352044,10.386754285007177,-78.05445637104317,-42.1741927269669,-101.78963759917129,10.235192506630106,9.210119247436523,9.210119247436523,nan,0,1.096790075302124
1516,1.5518804567052662,3.2188587369939348,0.05281299596797668,0.037098607594398134,0.0,0.0,5.876653122474308,0.3827847650253126,117.76394256263595,9.89189542840223,-78.91450977859022,-53.19028701996438,-107.71690372764975,8.88417734979694,5.5633864402771,5.527910232543945,nan,0,1.9707231521606445
1517,9.582443265464978,2.344341327365848,0.05782286723722364,0.023518347717164295,0.0,0.0,0.526229383308105,0.3183161426206366,152.90744727582955,11.232593005674275,-77.74081987191661,-57.02777237587652,-80.23219496017083,11.092565341514552,6.238036155700684,5.77147102355957,-0.3428571428571428,5,1.3256149291992188
1518,1.9670193362103532,3.0867028348475154,0.043674807630670755,0.011524833562784548,0.0,0.0,0.40766728563799837,0.2555908826089656,201.68476189257203,7.641137337714735,-75.7880199348266,-50.949396346566324,-81.33197892530278,10.233377585751715,4.917970657348633,4.917970657348633,-0.02610441767068273,3,1.1519279479980469
1519,2.3778363314190756,3.5307530447886544,0.17105791160968142,0.005231959312419711,0.0,0.0,0.1883533578021023,0.2950075517781835,32.676451202516766,6.570336711411394,-56.28072304944002,-52.57579471458191,-79.87328880422619,6.603382778456463,44.811885833740234,44.58666229248047,-1.0,42,1.1512696743011475
1520,3.2676298088054243,3.0417143174111354,0.1331008723448101,0.00572969693118244,0.0,0.0,6.802297654901184,0.5143080521907575,82.40266872401477,7.67851785130679,-45.56990634669275,-59.59824274766098,-104.27364047622643,16.889513437892983,nan,7.128489017486572,nan,0,1.1054978370666504
1521,5.52921786324973,3.7364782568113153,0.0748671546079668,0.01124005059097339,0.0,0.0,1.799134856381963,0.47260738793408025,41.77719883391986,8.245575135528586,-70.80252611028193,-42.57536044355296,-91.49594698820792,16.971168629988796,4.2539262771606445,4.2539262771606445,-0.005602240896358641,8,1.127122163772583
1522,8.88684287732374,2.2193117983833965,0.12882701490645845,0.01449023168676813,0.0,0.0,0.11576230463733332,0.28137313690574767,181.90825501998702,10.24881064966253,-71.2828378533324,-40.18952976159921,-71.0304250657472,16.889367711063493,6.082995414733887,6.060224533081055,-0.02610441767068273,3,1.10797119140625
1523,7.725187215933736,2.7618806960972684,0.20205655531851538,0.007342452131276429,0.0,0.0,1.051959037692161,0.4916500653491515,21.89416655064547,11.583669462843517,-55.362147730127305,-36.423111502595724,-98.1434734971935,15.940589760688585,6.088416576385498,6.088416576385498,nan,0,1.1402099132537842
1524,7.227496761505034,3.0119288371873143,0.08451015944958905,0.007732115108212291,0.0,0.0,0.14845604817087618,0.27786915827684333,168.49219503733207,13.029815769510929,-55.73421893900569,-38.688636581663864,-93.81910938333525,3.994863993909945,5.901368141174316,5.901368141174316,nan,0,1.0668671131134033
1525,2.164215394632035,2.864650591738216,0.2745737328091141,0.008495351702602846,0.0,0.0,1.4044341136117613,0.4089506173421435,93.57096796856257,12.520413510761957,-75.39225078124821,-44.051370517623056,-65.55997751669162,18.00528264011534,7.468221664428711,7.468221664428711,-0.005602240896358641,8,1.0884740352630615
1526,3.8979849994967553,2.217173095643106,0.09190387115331174,0.030163611872808183,0.0,0.0,1.0421336916480273,0.3575838897224633,164.37216551565857,12.341042614625296,-75.92332410770324,-47.52915593716075,-86.06394095271538,15.871219432892541,5.909405708312988,5.2969069480896,-0.1504702194357367,2,1.0673611164093018
1527,5.044846797823441,2.307056588089261,0.059453709246855974,0.029529619114516962,0.0,0.0,0.14645091553364503,0.26243296861950066,74.99646951366016,6.851882291533816,-55.56601550944915,-47.68514676071674,-72.09676731265776,10.148304177235012,6.330052852630615,6.330052852630615,0.1471571906354514,14,1.0870709419250488
1528,1.9005465581130656,3.6752345857109745,0.28637035406184436,0.012075607535526714,0.0,0.0,4.282734837898865,0.23041069655078192,204.64227921331565,10.062680014547352,-52.605552156198,-41.981370527005836,-98.02628568289411,6.878568176653775,8.286789894104004,8.286789894104004,nan,0,2.7282419204711914
1529,3.0975821702033888,2.968768518402902,0.2431681830354538,0.007435914472915735,0.0,0.0,0.3346835403037228,0.16171653705521652,216.81497017942274,7.848057021040034,-55.58748053086705,-56.371996700067385,-76.01787329378412,5.242507142007201,6.068841934204102,6.018265724182129,0.03827751196172252,10,3.0699567794799805
1530,3.42916543755202,2.097444853505455,0.10294128745303967,0.00645473459051381,0.0,0.0,1.2105109667550082,0.24171070013694818,146.6350357328027,10.513947901896302,-72.87700114382693,-47.714916971857754,-70.43383885506857,13.9300576148885,6.23059606552124,6.080264568328857,-0.3428571428571428,5,1.2555022239685059
1531,1.709123884125873,2.0329825179552996,0.2524295553431628,0.0061108175380658785,0.0,0.0,1.8970455255098082,0.1920215648342696,238.31051179280817,12.276434087969573,-57.47905979939483,-45.91994839611455,-67.81571092870723,11.013255309698051,6.897051811218262,6.870323657989502,-0.09542356377799423,4,1.1872920989990234
1532,5.727277073128447,2.946950803988653,0.15564427474614,0.012309750633396411,0.0,0.0,8.406380954132063,0.4093148753408673,102.61473724623849,12.675948634952828,-47.0914453377877,-48.027077702495724,-103.82426643743288,12.559083546031207,7.517024993896484,7.517024993896484,nan,0,1.1292078495025635
1533,7.197767866979833,2.3287574518488876,0.10402574947831884,0.00555280519439556,0.0,0.0,0.9719040363297254,0.27105829850321345,180.40292024368495,8.989088665467523,-53.82423998523787,-46.72371643394272,-96.43897413155918,12.960903340413724,5.972239017486572,5.972239017486572,-0.07912087912087915,1,1.2826049327850342
1534,1.1643504990301814,3.4102518919984437,0.25188347686176427,0.010779659464541303,0.0,0.0,6.833316627266122,0.5428238345765379,99.4579400687685,12.294604031642008,-79.89219902290995,-39.545547101167216,-96.2041125111158,19.23290470611963,6.7690958976745605,6.7690958976745605,nan,0,1.153048038482666
1535,5.070669466749923,3.590646925055503,0.22564952005933211,0.045761815612340925,0.0,0.0,0.5125245614483691,0.3330902955098582,184.60791955360358,7.928322278126313,-45.74202944439816,-47.51048520008196,-86.4684291230931,18.280844547783442,7.123517036437988,7.123517036437988,-0.28042843232716663,4,1.162363052368164
1536,7.931006355044053,2.4565934169142114,0.08936245279293174,0.016086983632375075,0.0,0.0,5.186500251606583,0.2316889464278679,221.23270552081064,11.575060033733063,-45.75426261532112,-51.7782422603146,-99.54485370191303,1.5558777074969061,6.139913082122803,6.139913082122803,nan,0,1.1069679260253906
1537,7.605906225048245,3.1843538897635613,0.18200355457739212,0.0332364523547191,0.0,0.0,0.2962459719070924,0.37119176992780223,89.65933584989112,10.82106674649668,-69.31173325291793,-45.50949357169764,-107.82264115262596,7.72773022827839,7.930521011352539,7.930521011352539,nan,0,1.2482779026031494
1538,8.243194414078165,2.3088892869707722,0.11081706705593916,0.006733423808028024,0.0,0.0,2.5999172462706936,0.3461526139732116,182.04112849055974,6.834614881527736,-54.98068905205696,-40.91722217476278,-84.40573208974068,17.835663508348425,5.909185409545898,5.909104824066162,0.048066875653082534,2,1.2332651615142822
1539,4.758286015120767,2.607165303188774,0.00031559176811644105,0.009269339452428374,0.0,0.0,0.15039174119633034,0.30972740820369576,229.54960781189973,6.277419863629695,-56.23209415753108,-54.07063743816176,-91.63175109478276,12.839931367684285,4.0583295822143555,3.9107072353363037,0.1646586345381526,3,1.4324138164520264
1540,8.295292285078677,3.7775909883628667,0.2885447224200838,0.04420958609153771,0.0,0.0,9.377794537970761,0.21041088230279134,173.8226221748596,12.72152743793021,-55.31145786007425,-40.565025153417224,-83.04179602882648,3.2241225907108726,6.809920787811279,6.809920787811279,nan,0,1.3322961330413818
1541,2.78715417653556,3.0881961829646216,0.16488872282185102,0.012092661641394456,0.0,0.0,8.088589582197352,0.31261374671975656,14.92897242361747,10.238264391372233,-54.956063321687004,-57.278360288966084,-90.68168234559731,5.8673705383572505,355.8728942871094,333.71270751953125,-1.0,114,1.725146770477295
1542,3.9277003334663956,3.7717773902884,0.17952978049973495,0.022252362839444945,0.0,0.0,0.766350203451175,0.3703494549342905,140.4314015314888,9.124022019390624,-72.94863748480488,-59.89018215651389,-95.53137070785813,10.807080787039936,6.412376880645752,6.314905166625977,-0.09542356377799423,4,1.5946099758148193
1543,2.1753779759691123,2.450495608359014,0.17996742770318847,0.04732567135298967,0.0,0.0,1.1165301012298703,0.19567583543908743,223.71808909079562,7.819808119090632,-62.07107269127284,-45.83758663814121,-80.78475544134564,7.242760666614587,6.661381244659424,6.58549165725708,-0.21686746987951808,3,1.8475677967071533
1544,4.941103124571432,2.660048686497332,0.16519243824582083,0.01777287803830742,0.0,0.0,1.5687355000920762,0.3070492713970297,32.88081848269482,13.370849921457937,-46.653559990124194,-49.04422154382698,-83.87412671369664,1.551501472307025,32.32033920288086,32.32033920288086,-1.0,25,4.6050801277160645
1545,4.224570212946711,2.9419042769136343,0.08701435343207804,0.01009987394760622,0.0,0.0,0.35487476617462327,0.37231370114553664,20.859597456490214,6.613339326612655,-54.14387898028777,-54.31913772276626,-101.69987496615298,1.1583713223789023,553.4223022460938,553.4223022460938,-1.0,140,4.122811794281006
