scenario_idx,base,method,delta,direction_idx,iter,loss
0,tonic,grad,0.1,0,0,0.09664947539567947
0,tonic,grad,0.1,0,1,0.9461205005645752
0,tonic,grad,0.1,0,2,0.07495194673538208
0,tonic,grad,0.1,0,3,0.3115471303462982
0,tonic,grad,0.1,0,4,0.5625404715538025
0,tonic,grad,0.1,0,5,0.38427916169166565
0,tonic,grad,0.1,0,6,0.10691864043474197
0,tonic,grad,0.1,0,7,0.020802469924092293
0,tonic,grad,0.1,0,8,0.1419457197189331
0,tonic,grad,0.1,0,9,0.25304749608039856
0,tonic,grad,0.1,0,10,0.20989370346069336
0,tonic,grad,0.1,0,11,0.08687741309404373
0,tonic,grad,0.1,0,12,0.011845766566693783
0,tonic,grad,0.1,0,13,0.03221679478883743
0,tonic,grad,0.1,0,14,0.09766429662704468
0,tonic,grad,0.1,0,15,0.1347775012254715
0,tonic,grad,0.1,0,16,0.1143636479973793
0,tonic,grad,0.1,0,17,0.06023701652884483
0,tonic,grad,0.1,0,18,0.019026415422558784
0,tonic,grad,0.1,0,19,0.020323818549513817
0,tonic,grad,0.1,0,20,0.05293203517794609
0,tonic,grad,0.1,0,21,0.07984837144613266
0,tonic,grad,0.1,0,22,0.07466044276952744
0,tonic,grad,0.1,0,23,0.04552779346704483
0,tonic,grad,0.1,0,24,0.020772000774741173
0,tonic,nm,0.1,0,0,0.09664947539567947
0,tonic,nm,0.1,0,1,0.11891811341047287
0,tonic,nm,0.1,0,2,9.208695411682129
0,tonic,nm,0.1,0,3,0.07809646427631378
0,tonic,nm,0.1,0,4,8.491368293762207
0,tonic,nm,0.1,0,5,2.854534387588501
0,tonic,nm,0.1,0,6,3.2762973308563232
0,tonic,nm,0.1,0,7,0.970946729183197
0,tonic,nm,0.1,0,8,1.2187039852142334
0,tonic,nm,0.1,0,9,0.35389193892478943
0,tonic,nm,0.1,0,10,0.4973917007446289
0,tonic,nm,0.1,0,11,0.15554295480251312
0,tonic,nm,0.1,0,12,0.23993967473506927
0,tonic,nm,0.1,0,13,0.09605642408132553
0,tonic,nm,0.1,0,14,0.02895202673971653
0,tonic,nm,0.1,0,15,0.01504827942699194
0,tonic,nm,0.1,0,16,0.01759103499352932
0,tonic,nm,0.1,0,17,0.10207570344209671
0,tonic,nm,0.1,0,18,0.04801461473107338
0,tonic,nm,0.1,0,19,0.055317170917987823
0,tonic,nm,0.1,0,20,0.029251867905259132
0,tonic,nm,0.1,0,21,0.012094887904822826
0,tonic,nm,0.1,0,22,0.028264401480555534
0,tonic,nm,0.1,0,23,0.029917975887656212
0,tonic,nm,0.1,0,24,0.015978170558810234
1,tonic,grad,0.1,1,0,0.5354226231575012
1,tonic,grad,0.1,1,1,0.7624749541282654
1,tonic,grad,0.1,1,2,0.5113757252693176
1,tonic,grad,0.1,1,3,0.2662576138973236
1,tonic,grad,0.1,1,4,0.30400267243385315
1,tonic,grad,0.1,1,5,0.2992599606513977
1,tonic,grad,0.1,1,6,0.16645115613937378
1,tonic,grad,0.1,1,7,0.07647457718849182
1,tonic,grad,0.1,1,8,0.08829828351736069
1,tonic,grad,0.1,1,9,0.12296243757009506
1,tonic,grad,0.1,1,10,0.10734957456588745
1,tonic,grad,0.1,1,11,0.05742969736456871
1,tonic,grad,0.1,1,12,0.02759728953242302
1,tonic,grad,0.1,1,13,0.04139953479170799
1,tonic,grad,0.1,1,14,0.07044439762830734
1,tonic,grad,0.1,1,15,0.07640243321657181
1,tonic,grad,0.1,1,16,0.05736388638615608
1,tonic,grad,0.1,1,17,0.04009048640727997
1,tonic,grad,0.1,1,18,0.04162313789129257
1,tonic,grad,0.1,1,19,0.053921714425086975
1,tonic,grad,0.1,1,20,0.05950678139925003
1,tonic,grad,0.1,1,21,0.05204622820019722
1,tonic,grad,0.1,1,22,0.038997165858745575
1,tonic,grad,0.1,1,23,0.0320434644818306
1,tonic,grad,0.1,1,24,0.035180993378162384
1,tonic,nm,0.1,1,0,0.5354226231575012
1,tonic,nm,0.1,1,1,0.635908842086792
1,tonic,nm,0.1,1,2,12.684356689453125
1,tonic,nm,0.1,1,3,0.7076014876365662
1,tonic,nm,0.1,1,4,6.071423530578613
1,tonic,nm,0.1,1,5,1.6633663177490234
1,tonic,nm,0.1,1,6,5.524280548095703
1,tonic,nm,0.1,1,7,0.496689110994339
1,tonic,nm,0.1,1,8,0.639794647693634
1,tonic,nm,0.1,1,9,0.4472160339355469
1,tonic,nm,0.1,1,10,0.7070937156677246
1,tonic,nm,0.1,1,11,0.44094717502593994
1,tonic,nm,0.1,1,12,0.8036983609199524
1,tonic,nm,0.1,1,13,0.3926773965358734
1,tonic,nm,0.1,1,14,0.923387348651886
1,tonic,nm,0.1,1,15,0.37148261070251465
1,tonic,nm,0.1,1,16,0.383926123380661
1,tonic,nm,0.1,1,17,0.27217721939086914
1,tonic,nm,0.1,1,18,0.2694389522075653
1,tonic,nm,0.1,1,19,0.28869685530662537
1,tonic,nm,0.1,1,20,0.8246257901191711
1,tonic,nm,0.1,1,21,0.27988162636756897
1,tonic,nm,0.1,1,22,0.17325294017791748
1,tonic,nm,0.1,1,23,0.13938669860363007
1,tonic,nm,0.1,1,24,0.26608437299728394
2,tonic,grad,0.1,2,0,5.5606689453125
2,tonic,grad,0.1,2,1,1.6056400537490845
2,tonic,grad,0.1,2,2,0.032899048179388046
2,tonic,grad,0.1,2,3,0.8230985403060913
2,tonic,grad,0.1,2,4,1.8531163930892944
2,tonic,grad,0.1,2,5,1.6449888944625854
2,tonic,grad,0.1,2,6,0.8403811454772949
2,tonic,grad,0.1,2,7,0.19840195775032043
2,tonic,grad,0.1,2,8,0.024801477789878845
2,tonic,grad,0.1,2,9,0.2240874320268631
2,tonic,grad,0.1,2,10,0.5361959338188171
2,tonic,grad,0.1,2,11,0.742289662361145
2,tonic,grad,0.1,2,12,0.7476193308830261
2,tonic,grad,0.1,2,13,0.58119797706604
2,tonic,grad,0.1,2,14,0.3387727439403534
2,tonic,grad,0.1,2,15,0.12656886875629425
2,tonic,grad,0.1,2,16,0.0322464257478714
2,tonic,grad,0.1,2,17,0.07632335275411606
2,tonic,grad,0.1,2,18,0.2064560353755951
2,tonic,grad,0.1,2,19,0.31944721937179565
2,tonic,grad,0.1,2,20,0.3444557189941406
2,tonic,grad,0.1,2,21,0.26786819100379944
2,tonic,grad,0.1,2,22,0.15254397690296173
2,tonic,grad,0.1,2,23,0.06283359974622726
2,tonic,grad,0.1,2,24,0.03783858194947243
2,tonic,nm,0.1,2,0,5.5606689453125
2,tonic,nm,0.1,2,1,5.160374641418457
2,tonic,nm,0.1,2,2,0.6145614385604858
2,tonic,nm,0.1,2,3,4.434574127197266
2,tonic,nm,0.1,2,4,0.052641190588474274
2,tonic,nm,0.1,2,5,0.500343918800354
2,tonic,nm,0.1,2,6,1.788298487663269
2,tonic,nm,0.1,2,7,11.657187461853027
2,tonic,nm,0.1,2,8,0.9264505505561829
2,tonic,nm,0.1,2,9,2.3380281925201416
2,tonic,nm,0.1,2,10,0.5684455037117004
2,tonic,nm,0.1,2,11,3.549271821975708
2,tonic,nm,0.1,2,12,0.16528233885765076
2,tonic,nm,0.1,2,13,0.3140360713005066
2,tonic,nm,0.1,2,14,1.9268132448196411
2,tonic,nm,0.1,2,15,0.11425556987524033
2,tonic,nm,0.1,2,16,0.27348682284355164
2,tonic,nm,0.1,2,17,0.11725759506225586
2,tonic,nm,0.1,2,18,0.48771601915359497
2,tonic,nm,0.1,2,19,0.060950927436351776
2,tonic,nm,0.1,2,20,0.06061282753944397
2,tonic,nm,0.1,2,21,0.3621383309364319
2,tonic,nm,0.1,2,22,0.04421539977192879
2,tonic,nm,0.1,2,23,0.02861335501074791
2,tonic,nm,0.1,2,24,0.034919098019599915
3,tonic,grad,0.1,3,0,1.3764933347702026
3,tonic,grad,0.1,3,1,0.23723675310611725
3,tonic,grad,0.1,3,2,0.5657565593719482
3,tonic,grad,0.1,3,3,0.7769998908042908
3,tonic,grad,0.1,3,4,0.590083122253418
3,tonic,grad,0.1,3,5,0.29519784450531006
3,tonic,grad,0.1,3,6,0.11366143077611923
3,tonic,grad,0.1,3,7,0.11598409712314606
3,tonic,grad,0.1,3,8,0.21329714357852936
3,tonic,grad,0.1,3,9,0.267045795917511
3,tonic,grad,0.1,3,10,0.2223903238773346
3,tonic,grad,0.1,3,11,0.12421324849128723
3,tonic,grad,0.1,3,12,0.041741993278265
3,tonic,grad,0.1,3,13,0.01308495458215475
3,tonic,grad,0.1,3,14,0.03345738351345062
3,tonic,grad,0.1,3,15,0.07183494418859482
3,tonic,grad,0.1,3,16,0.09780369699001312
3,tonic,grad,0.1,3,17,0.09595310688018799
3,tonic,grad,0.1,3,18,0.0702551081776619
3,tonic,grad,0.1,3,19,0.03722844645380974
3,tonic,grad,0.1,3,20,0.013010868802666664
3,tonic,grad,0.1,3,21,0.00757942721247673
3,tonic,grad,0.1,3,22,0.019191909581422806
3,tonic,grad,0.1,3,23,0.037079982459545135
3,tonic,grad,0.1,3,24,0.04928462579846382
3,tonic,nm,0.1,3,0,1.3764933347702026
3,tonic,nm,0.1,3,1,1.544251561164856
3,tonic,nm,0.1,3,2,17.641069412231445
3,tonic,nm,0.1,3,3,1.959235668182373
3,tonic,nm,0.1,3,4,3.116574764251709
3,tonic,nm,0.1,3,5,0.3570578098297119
3,tonic,nm,0.1,3,6,0.2749324142932892
3,tonic,nm,0.1,3,7,0.8240579962730408
3,tonic,nm,0.1,3,8,0.9557667970657349
3,tonic,nm,0.1,3,9,4.780580520629883
3,tonic,nm,0.1,3,10,0.330879271030426
3,tonic,nm,0.1,3,11,0.6899990439414978
3,tonic,nm,0.1,3,12,0.313130646944046
3,tonic,nm,0.1,3,13,1.1015841960906982
3,tonic,nm,0.1,3,14,0.17287731170654297
3,tonic,nm,0.1,3,15,0.3822610676288605
3,tonic,nm,0.1,3,16,0.22133296728134155
3,tonic,nm,0.1,3,17,0.4131559729576111
3,tonic,nm,0.1,3,18,0.2111649513244629
3,tonic,nm,0.1,3,19,0.20730367302894592
3,tonic,nm,0.1,3,20,0.0980210080742836
3,tonic,nm,0.1,3,21,0.09391412883996964
3,tonic,nm,0.1,3,22,0.08744946867227554
3,tonic,nm,0.1,3,23,0.14232137799263
3,tonic,nm,0.1,3,24,0.5477885603904724
4,tonic,grad,0.1,4,0,0.25744181871414185
4,tonic,grad,0.1,4,1,1.1067458391189575
4,tonic,grad,0.1,4,2,0.20899738371372223
4,tonic,grad,0.1,4,3,0.39541447162628174
4,tonic,grad,0.1,4,4,0.6394373178482056
4,tonic,grad,0.1,4,5,0.48124638199806213
4,tonic,grad,0.1,4,6,0.19598829746246338
4,tonic,grad,0.1,4,7,0.05782895162701607
4,tonic,grad,0.1,4,8,0.12621094286441803
4,tonic,grad,0.1,4,9,0.23650763928890228
4,tonic,grad,0.1,4,10,0.22996072471141815
4,tonic,grad,0.1,4,11,0.12417963892221451
4,tonic,grad,0.1,4,12,0.02936694212257862
4,tonic,grad,0.1,4,13,0.013987370766699314
4,tonic,grad,0.1,4,14,0.0619070790708065
4,tonic,grad,0.1,4,15,0.1114005371928215
4,tonic,grad,0.1,4,16,0.11893212050199509
4,tonic,grad,0.1,4,17,0.08315474539995193
4,tonic,grad,0.1,4,18,0.03603651374578476
4,tonic,grad,0.1,4,19,0.011602954939007759
4,tonic,grad,0.1,4,20,0.022378403693437576
4,tonic,grad,0.1,4,21,0.0513581745326519
4,tonic,grad,0.1,4,22,0.06889840215444565
4,tonic,grad,0.1,4,23,0.06130602955818176
4,tonic,grad,0.1,4,24,0.037757355719804764
4,tonic,nm,0.1,4,0,0.25744181871414185
4,tonic,nm,0.1,4,1,0.28861552476882935
4,tonic,nm,0.1,4,2,9.491110801696777
4,tonic,nm,0.1,4,3,0.19346991181373596
4,tonic,nm,0.1,4,4,8.505355834960938
4,tonic,nm,0.1,4,5,2.9246761798858643
4,tonic,nm,0.1,4,6,3.502729892730713
4,tonic,nm,0.1,4,7,1.0732884407043457
4,tonic,nm,0.1,4,8,1.4121979475021362
4,tonic,nm,0.1,4,9,0.475629985332489
4,tonic,nm,0.1,4,10,0.6721670031547546
4,tonic,nm,0.1,4,11,0.2882557213306427
4,tonic,nm,0.1,4,12,0.13853517174720764
4,tonic,nm,0.1,4,13,0.1089484915137291
4,tonic,nm,0.1,4,14,0.20507343113422394
4,tonic,nm,0.1,4,15,0.11846330761909485
4,tonic,nm,0.1,4,16,0.06446477770805359
4,tonic,nm,0.1,4,17,0.08487583696842194
4,tonic,nm,0.1,4,18,0.03997272998094559
4,tonic,nm,0.1,4,19,0.09694413095712662
4,tonic,nm,0.1,4,20,0.3396996557712555
4,tonic,nm,0.1,4,21,0.05349935218691826
4,tonic,nm,0.1,4,22,0.012670580297708511
4,tonic,nm,0.1,4,23,0.021181799471378326
4,tonic,nm,0.1,4,24,0.01615562103688717
5,tonic,grad,0.1,5,0,3.080915689468384
5,tonic,grad,0.1,5,1,0.4513273239135742
5,tonic,grad,0.1,5,2,0.21335271000862122
5,tonic,grad,0.1,5,3,1.1600791215896606
5,tonic,grad,0.1,5,4,1.1367337703704834
5,tonic,grad,0.1,5,5,0.5238209962844849
5,tonic,grad,0.1,5,6,0.08307704329490662
5,tonic,grad,0.1,5,7,0.061381276696920395
5,tonic,grad,0.1,5,8,0.29674744606018066
5,tonic,grad,0.1,5,9,0.5110955238342285
5,tonic,grad,0.1,5,10,0.5477744936943054
5,tonic,grad,0.1,5,11,0.41464030742645264
5,tonic,grad,0.1,5,12,0.2124774008989334
5,tonic,grad,0.1,5,13,0.060366105288267136
5,tonic,grad,0.1,5,14,0.03436943516135216
5,tonic,grad,0.1,5,15,0.12304084002971649
5,tonic,grad,0.1,5,16,0.23397310078144073
5,tonic,grad,0.1,5,17,0.27413105964660645
5,tonic,grad,0.1,5,18,0.2180441915988922
5,tonic,grad,0.1,5,19,0.11738169938325882
5,tonic,grad,0.1,5,20,0.045551832765340805
5,tonic,grad,0.1,5,21,0.03832697868347168
5,tonic,grad,0.1,5,22,0.0808711126446724
5,tonic,grad,0.1,5,23,0.13079063594341278
5,tonic,grad,0.1,5,24,0.1513189673423767
5,tonic,nm,0.1,5,0,3.080915689468384
5,tonic,nm,0.1,5,1,2.8034682273864746
5,tonic,nm,0.1,5,2,1.8507498502731323
5,tonic,nm,0.1,5,3,2.2455413341522217
5,tonic,nm,0.1,5,4,0.32172271609306335
5,tonic,nm,0.1,5,5,1.6822091341018677
5,tonic,nm,0.1,5,6,3.7808210849761963
5,tonic,nm,0.1,5,7,0.8949671387672424
5,tonic,nm,0.1,5,8,4.484354019165039
5,tonic,nm,0.1,5,9,0.5698292851448059
5,tonic,nm,0.1,5,10,4.382197856903076
5,tonic,nm,0.1,5,11,0.4475839138031006
5,tonic,nm,0.1,5,12,1.474406123161316
5,tonic,nm,0.1,5,13,0.2766793668270111
5,tonic,nm,0.1,5,14,1.466602087020874
5,tonic,nm,0.1,5,15,0.14784888923168182
5,tonic,nm,0.1,5,16,0.691936194896698
5,tonic,nm,0.1,5,17,0.1581125259399414
5,tonic,nm,0.1,5,18,0.7806760668754578
5,tonic,nm,0.1,5,19,0.10276045650243759
5,tonic,nm,0.1,5,20,0.438234806060791
5,tonic,nm,0.1,5,21,0.10858957469463348
5,tonic,nm,0.1,5,22,0.33920279145240784
5,tonic,nm,0.1,5,23,0.06806127727031708
5,tonic,nm,0.1,5,24,0.23794421553611755
6,tonic,grad,0.1,6,0,0.38047200441360474
6,tonic,grad,0.1,6,1,0.36283963918685913
6,tonic,grad,0.1,6,2,0.1406969577074051
6,tonic,grad,0.1,6,3,0.17055700719356537
6,tonic,grad,0.1,6,4,0.09952222555875778
6,tonic,grad,0.1,6,5,0.03476734459400177
6,tonic,grad,0.1,6,6,0.06489488482475281
6,tonic,grad,0.1,6,7,0.06549307703971863
6,tonic,grad,0.1,6,8,0.028055202215909958
6,tonic,grad,0.1,6,9,0.026455415412783623
6,tonic,grad,0.1,6,10,0.05465018004179001
6,tonic,grad,0.1,6,11,0.05499756336212158
6,tonic,grad,0.1,6,12,0.03590312600135803
6,tonic,grad,0.1,6,13,0.03642510995268822
6,tonic,grad,0.1,6,14,0.04889751225709915
6,tonic,grad,0.1,6,15,0.04738709330558777
6,tonic,grad,0.1,6,16,0.033663976937532425
6,tonic,grad,0.1,6,17,0.0280187726020813
6,tonic,grad,0.1,6,18,0.03431612625718117
6,tonic,grad,0.1,6,19,0.03699619695544243
6,tonic,grad,0.1,6,20,0.02990034595131874
6,tonic,grad,0.1,6,21,0.024371635168790817
6,tonic,grad,0.1,6,22,0.027584172785282135
6,tonic,grad,0.1,6,23,0.03201790899038315
6,tonic,grad,0.1,6,24,0.03017953783273697
6,tonic,nm,0.1,6,0,0.38047200441360474
6,tonic,nm,0.1,6,1,0.4448353052139282
6,tonic,nm,0.1,6,2,10.911351203918457
6,tonic,nm,0.1,6,3,0.40844064950942993
6,tonic,nm,0.1,6,4,7.4143900871276855
6,tonic,nm,0.1,6,5,2.3569576740264893
6,tonic,nm,0.1,6,6,4.399840354919434
6,tonic,nm,0.1,6,7,0.8110547065734863
6,tonic,nm,0.1,6,8,2.004152297973633
6,tonic,nm,0.1,6,9,0.3913697600364685
6,tonic,nm,0.1,6,10,0.20073401927947998
6,tonic,nm,0.1,6,11,0.16912882030010223
6,tonic,nm,0.1,6,12,0.6850653290748596
6,tonic,nm,0.1,6,13,0.2814617455005646
6,tonic,nm,0.1,6,14,0.41995155811309814
6,tonic,nm,0.1,6,15,0.2912366986274719
6,tonic,nm,0.1,6,16,0.16918623447418213
6,tonic,nm,0.1,6,17,0.08724943548440933
6,tonic,nm,0.1,6,18,0.06014149636030197
6,tonic,nm,0.1,6,19,0.19620835781097412
6,tonic,nm,0.1,6,20,0.12387397140264511
6,tonic,nm,0.1,6,21,0.04737231880426407
6,tonic,nm,0.1,6,22,0.04879161715507507
6,tonic,nm,0.1,6,23,0.017908211797475815
6,tonic,nm,0.1,6,24,0.03716697543859482
7,tonic,grad,0.1,7,0,1.9994056224822998
7,tonic,grad,0.1,7,1,0.45418357849121094
7,tonic,grad,0.1,7,2,0.5951325297355652
7,tonic,grad,0.1,7,3,0.9631815552711487
7,tonic,grad,0.1,7,4,0.9403588175773621
7,tonic,grad,0.1,7,5,0.659177839756012
7,tonic,grad,0.1,7,6,0.3557129502296448
7,tonic,grad,0.1,7,7,0.17552310228347778
7,tonic,grad,0.1,7,8,0.15822602808475494
7,tonic,grad,0.1,7,9,0.2343943864107132
7,tonic,grad,0.1,7,10,0.2985905706882477
7,tonic,grad,0.1,7,11,0.28756940364837646
7,tonic,grad,0.1,7,12,0.20983797311782837
7,tonic,grad,0.1,7,13,0.11210358887910843
7,tonic,grad,0.1,7,14,0.04203511029481888
7,tonic,grad,0.1,7,15,0.018671033903956413
7,tonic,grad,0.1,7,16,0.03513161465525627
7,tonic,grad,0.1,7,17,0.06856423616409302
7,tonic,grad,0.1,7,18,0.09610101580619812
7,tonic,grad,0.1,7,19,0.1033114641904831
7,tonic,grad,0.1,7,20,0.08900321274995804
7,tonic,grad,0.1,7,21,0.061596959829330444
7,tonic,grad,0.1,7,22,0.033565059304237366
7,tonic,grad,0.1,7,23,0.015272872522473335
7,tonic,grad,0.1,7,24,0.011696799658238888
7,tonic,nm,0.1,7,0,1.9994056224822998
7,tonic,nm,0.1,7,1,2.195711135864258
7,tonic,nm,0.1,7,2,19.57040023803711
7,tonic,nm,0.1,7,3,2.6740622520446777
7,tonic,nm,0.1,7,4,2.5129246711730957
7,tonic,nm,0.1,7,5,0.977763295173645
7,tonic,nm,0.1,7,6,2.9216530323028564
7,tonic,nm,0.1,7,7,8.012635231018066
7,tonic,nm,0.1,7,8,0.6091100573539734
7,tonic,nm,0.1,7,9,2.3771157264709473
7,tonic,nm,0.1,7,10,0.9098477959632874
7,tonic,nm,0.1,7,11,3.232515335083008
7,tonic,nm,0.1,7,12,0.731624186038971
7,tonic,nm,0.1,7,13,2.0503580570220947
7,tonic,nm,0.1,7,14,0.4287930428981781
7,tonic,nm,0.1,7,15,1.2160474061965942
7,tonic,nm,0.1,7,16,0.45360267162323
7,tonic,nm,0.1,7,17,1.3424841165542603
7,tonic,nm,0.1,7,18,0.37105435132980347
7,tonic,nm,0.1,7,19,1.1312377452850342
7,tonic,nm,0.1,7,20,0.33901169896125793
7,tonic,nm,0.1,7,21,0.6841942071914673
7,tonic,nm,0.1,7,22,0.3149402141571045
7,tonic,nm,0.1,7,23,0.4584982395172119
7,tonic,nm,0.1,7,24,0.3196244537830353
8,tonic,grad,0.1,8,0,1.2693120241165161
8,tonic,grad,0.1,8,1,0.11071806401014328
8,tonic,grad,0.1,8,2,0.7162733674049377
8,tonic,grad,0.1,8,3,0.6071222424507141
8,tonic,grad,0.1,8,4,0.18614628911018372
8,tonic,grad,0.1,8,5,0.06997478008270264
8,tonic,grad,0.1,8,6,0.22892411053180695
8,tonic,grad,0.1,8,7,0.356272429227829
8,tonic,grad,0.1,8,8,0.3055933117866516
8,tonic,grad,0.1,8,9,0.15415197610855103
8,tonic,grad,0.1,8,10,0.037359483540058136
8,tonic,grad,0.1,8,11,0.037929583340883255
8,tonic,grad,0.1,8,12,0.11757563799619675
8,tonic,grad,0.1,8,13,0.16932299733161926
8,tonic,grad,0.1,8,14,0.13548420369625092
8,tonic,grad,0.1,8,15,0.060639139264822006
8,tonic,grad,0.1,8,16,0.014263469725847244
8,tonic,grad,0.1,8,17,0.026113275438547134
8,tonic,grad,0.1,8,18,0.06869400292634964
8,tonic,grad,0.1,8,19,0.09453991800546646
8,tonic,grad,0.1,8,20,0.08245424926280975
8,tonic,grad,0.1,8,21,0.04558345675468445
8,tonic,grad,0.1,8,22,0.017689259722828865
8,tonic,grad,0.1,8,23,0.019671451300382614
8,tonic,grad,0.1,8,24,0.04320564121007919
8,tonic,nm,0.1,8,0,1.2693120241165161
8,tonic,nm,0.1,8,1,1.1349824666976929
8,tonic,nm,0.1,8,2,4.262228488922119
8,tonic,nm,0.1,8,3,0.7153350114822388
8,tonic,nm,0.1,8,4,15.32196044921875
8,tonic,nm,0.1,8,5,0.7817192077636719
8,tonic,nm,0.1,8,6,0.2721388041973114
8,tonic,nm,0.1,8,7,0.8651442527770996
8,tonic,nm,0.1,8,8,1.6168091297149658
8,tonic,nm,0.1,8,9,0.4214679002761841
8,tonic,nm,0.1,8,10,2.062492609024048
8,tonic,nm,0.1,8,11,0.2518511116504669
8,tonic,nm,0.1,8,12,1.0671472549438477
8,tonic,nm,0.1,8,13,0.28757649660110474
8,tonic,nm,0.1,8,14,0.5964531302452087
8,tonic,nm,0.1,8,15,0.20758987963199615
8,tonic,nm,0.1,8,16,0.7165118455886841
8,tonic,nm,0.1,8,17,0.1469467282295227
8,tonic,nm,0.1,8,18,0.368993878364563
8,tonic,nm,0.1,8,19,0.16837885975837708
8,tonic,nm,0.1,8,20,0.351028710603714
8,tonic,nm,0.1,8,21,0.16012470424175262
8,tonic,nm,0.1,8,22,0.2562026381492615
8,tonic,nm,0.1,8,23,0.14743663370609283
8,tonic,nm,0.1,8,24,0.22848191857337952
9,tonic,grad,0.1,9,0,1.5264370441436768
9,tonic,grad,0.1,9,1,0.1385807991027832
9,tonic,grad,0.1,9,2,0.7245513200759888
9,tonic,grad,0.1,9,3,0.7707648873329163
9,tonic,grad,0.1,9,4,0.31232038140296936
9,tonic,grad,0.1,9,5,0.08482255041599274
9,tonic,grad,0.1,9,6,0.1976357400417328
9,tonic,grad,0.1,9,7,0.3749011158943176
9,tonic,grad,0.1,9,8,0.3962688744068146
9,tonic,grad,0.1,9,9,0.2662915885448456
9,tonic,grad,0.1,9,10,0.10878743976354599
9,tonic,grad,0.1,9,11,0.04459094628691673
9,tonic,grad,0.1,9,12,0.09636502712965012
9,tonic,grad,0.1,9,13,0.18103933334350586
9,tonic,grad,0.1,9,14,0.19946908950805664
9,tonic,grad,0.1,9,15,0.13739502429962158
9,tonic,grad,0.1,9,16,0.06103985011577606
9,tonic,grad,0.1,9,17,0.03270922228693962
9,tonic,grad,0.1,9,18,0.06080808863043785
9,tonic,grad,0.1,9,19,0.10509898513555527
9,tonic,grad,0.1,9,20,0.12115289270877838
9,tonic,grad,0.1,9,21,0.0973048135638237
9,tonic,grad,0.1,9,22,0.056856125593185425
9,tonic,grad,0.1,9,23,0.033771760761737823
9,tonic,grad,0.1,9,24,0.043819185346364975
9,tonic,nm,0.1,9,0,1.5264370441436768
9,tonic,nm,0.1,9,1,1.3783738613128662
9,tonic,nm,0.1,9,2,3.8627262115478516
9,tonic,nm,0.1,9,3,0.921936571598053
9,tonic,nm,0.1,9,4,16.19293785095215
9,tonic,nm,0.1,9,5,0.6465794444084167
9,tonic,nm,0.1,9,6,0.22543193399906158
9,tonic,nm,0.1,9,7,0.7179110646247864
9,tonic,nm,0.1,9,8,1.3749350309371948
9,tonic,nm,0.1,9,9,0.5533513426780701
9,tonic,nm,0.1,9,10,4.1444621086120605
9,tonic,nm,0.1,9,11,0.20361022651195526
9,tonic,nm,0.1,9,12,0.14320474863052368
9,tonic,nm,0.1,9,13,0.40266352891921997
9,tonic,nm,0.1,9,14,0.8290932178497314
9,tonic,nm,0.1,9,15,0.2286837249994278
9,tonic,nm,0.1,9,16,0.3941222131252289
9,tonic,nm,0.1,9,17,0.1344805359840393
9,tonic,nm,0.1,9,18,0.3623218238353729
9,tonic,nm,0.1,9,19,0.13529936969280243
9,tonic,nm,0.1,9,20,0.1880989819765091
9,tonic,nm,0.1,9,21,0.12866832315921783
9,tonic,nm,0.1,9,22,0.4667697846889496
9,tonic,nm,0.1,9,23,0.09450706839561462
9,tonic,nm,0.1,9,24,0.07697103917598724
10,tonic,grad,0.1,10,0,0.2512609362602234
10,tonic,grad,0.1,10,1,0.6934676170349121
10,tonic,grad,0.1,10,2,0.182259663939476
10,tonic,grad,0.1,10,3,0.15716630220413208
10,tonic,grad,0.1,10,4,0.3300797641277313
10,tonic,grad,0.1,10,5,0.264098584651947
10,tonic,grad,0.1,10,6,0.0936514139175415
10,tonic,grad,0.1,10,7,0.036909669637680054
10,tonic,grad,0.1,10,8,0.11089016497135162
10,tonic,grad,0.1,10,9,0.15540583431720734
10,tonic,grad,0.1,10,10,0.10013913363218307
10,tonic,grad,0.1,10,11,0.029297512024641037
10,tonic,grad,0.1,10,12,0.024157116189599037
10,tonic,grad,0.1,10,13,0.06999959796667099
10,tonic,grad,0.1,10,14,0.09798399358987808
10,tonic,grad,0.1,10,15,0.0776781290769577
10,tonic,grad,0.1,10,16,0.03899803012609482
10,tonic,grad,0.1,10,17,0.026620730757713318
10,tonic,grad,0.1,10,18,0.04867079481482506
10,tonic,grad,0.1,10,19,0.07192422449588776
10,tonic,grad,0.1,10,20,0.06538960337638855
10,tonic,grad,0.1,10,21,0.04095061123371124
10,tonic,grad,0.1,10,22,0.027129586786031723
10,tonic,grad,0.1,10,23,0.0354098379611969
10,tonic,grad,0.1,10,24,0.04856262728571892
10,tonic,nm,0.1,10,0,0.2512609362602234
10,tonic,nm,0.1,10,1,0.23768207430839539
10,tonic,nm,0.1,10,2,7.711606025695801
10,tonic,nm,0.1,10,3,0.07608317583799362
10,tonic,nm,0.1,10,4,10.169106483459473
10,tonic,nm,0.1,10,5,2.4401142597198486
10,tonic,nm,0.1,10,6,3.8706934452056885
10,tonic,nm,0.1,10,7,0.7683289051055908
10,tonic,nm,0.1,10,8,1.6006501913070679
10,tonic,nm,0.1,10,9,0.2724170982837677
10,tonic,nm,0.1,10,10,0.7588537335395813
10,tonic,nm,0.1,10,11,0.14565013349056244
10,tonic,nm,0.1,10,12,0.13979631662368774
10,tonic,nm,0.1,10,13,0.2261572927236557
10,tonic,nm,0.1,10,14,0.1460898369550705
10,tonic,nm,0.1,10,15,0.15127409994602203
10,tonic,nm,0.1,10,16,0.11891311407089233
10,tonic,nm,0.1,10,17,0.06076563894748688
10,tonic,nm,0.1,10,18,0.04619361460208893
10,tonic,nm,0.1,10,19,0.037466444075107574
10,tonic,nm,0.1,10,20,0.048253320157527924
10,tonic,nm,0.1,10,21,0.09954486787319183
10,tonic,nm,0.1,10,22,0.06114891543984413
10,tonic,nm,0.1,10,23,0.03715197741985321
10,tonic,nm,0.1,10,24,0.051505014300346375
11,tonic,grad,0.1,11,0,1.0259733200073242
11,tonic,grad,0.1,11,1,0.1779741495847702
11,tonic,grad,0.1,11,2,0.6923277378082275
11,tonic,grad,0.1,11,3,0.4342384338378906
11,tonic,grad,0.1,11,4,0.11611965298652649
11,tonic,grad,0.1,11,5,0.1379053294658661
11,tonic,grad,0.1,11,6,0.29108893871307373
11,tonic,grad,0.1,11,7,0.3110772669315338
11,tonic,grad,0.1,11,8,0.18884165585041046
11,tonic,grad,0.1,11,9,0.059540316462516785
11,tonic,grad,0.1,11,10,0.03257187828421593
11,tonic,grad,0.1,11,11,0.09641151130199432
11,tonic,grad,0.1,11,12,0.1474333107471466
11,tonic,grad,0.1,11,13,0.11924219131469727
11,tonic,grad,0.1,11,14,0.05093766376376152
11,tonic,grad,0.1,11,15,0.012608790770173073
11,tonic,grad,0.1,11,16,0.029432745650410652
11,tonic,grad,0.1,11,17,0.06897740066051483
11,tonic,grad,0.1,11,18,0.08589836955070496
11,tonic,grad,0.1,11,19,0.06615001708269119
11,tonic,grad,0.1,11,20,0.032034192234277725
11,tonic,grad,0.1,11,21,0.01609400287270546
11,tonic,grad,0.1,11,22,0.02967028319835663
11,tonic,grad,0.1,11,23,0.05301349237561226
11,tonic,grad,0.1,11,24,0.05846064165234566
11,tonic,nm,0.1,11,0,1.0259733200073242
11,tonic,nm,0.1,11,1,0.9196097254753113
11,tonic,nm,0.1,11,2,4.9173994064331055
11,tonic,nm,0.1,11,3,0.5306265354156494
11,tonic,nm,0.1,11,4,14.237639427185059
11,tonic,nm,0.1,11,5,1.0745956897735596
11,tonic,nm,0.1,11,6,6.509188652038574
11,tonic,nm,0.1,11,7,0.23697327077388763
11,tonic,nm,0.1,11,8,0.14928941428661346
11,tonic,nm,0.1,11,9,0.27190589904785156
11,tonic,nm,0.1,11,10,0.423412561416626
11,tonic,nm,0.1,11,11,1.6508485078811646
11,tonic,nm,0.1,11,12,0.18379700183868408
11,tonic,nm,0.1,11,13,0.5707825422286987
11,tonic,nm,0.1,11,14,0.22418519854545593
11,tonic,nm,0.1,11,15,0.09053637832403183
11,tonic,nm,0.1,11,16,0.11760784685611725
11,tonic,nm,0.1,11,17,0.4263337552547455
11,tonic,nm,0.1,11,18,0.13063351809978485
11,tonic,nm,0.1,11,19,0.19527040421962738
11,tonic,nm,0.1,11,20,0.1315375417470932
11,tonic,nm,0.1,11,21,0.07594107836484909
11,tonic,nm,0.1,11,22,0.07963267713785172
11,tonic,nm,0.1,11,23,0.05427646264433861
11,tonic,nm,0.1,11,24,0.05309697613120079
12,tonic,grad,0.1,12,0,1.624664545059204
12,tonic,grad,0.1,12,1,0.08984141796827316
12,tonic,grad,0.1,12,2,0.6355853080749512
12,tonic,grad,0.1,12,3,0.81801438331604
12,tonic,grad,0.1,12,4,0.3594798445701599
12,tonic,grad,0.1,12,5,0.061786722391843796
12,tonic,grad,0.1,12,6,0.13454091548919678
12,tonic,grad,0.1,12,7,0.3372003734111786
12,tonic,grad,0.1,12,8,0.41320961713790894
12,tonic,grad,0.1,12,9,0.3121047616004944
12,tonic,grad,0.1,12,10,0.14497783780097961
12,tonic,grad,0.1,12,11,0.04422091692686081
12,tonic,grad,0.1,12,12,0.07018806785345078
12,tonic,grad,0.1,12,13,0.16673016548156738
12,tonic,grad,0.1,12,14,0.2202143520116806
12,tonic,grad,0.1,12,15,0.18066631257534027
12,tonic,grad,0.1,12,16,0.096607506275177
12,tonic,grad,0.1,12,17,0.04225064069032669
12,tonic,grad,0.1,12,18,0.05133480206131935
12,tonic,grad,0.1,12,19,0.0973726212978363
12,tonic,grad,0.1,12,20,0.13089315593242645
12,tonic,grad,0.1,12,21,0.12385021150112152
12,tonic,grad,0.1,12,22,0.08470884710550308
12,tonic,grad,0.1,12,23,0.04741138219833374
12,tonic,grad,0.1,12,24,0.03992749750614166
12,tonic,nm,0.1,12,0,1.624664545059204
12,tonic,nm,0.1,12,1,1.4517934322357178
12,tonic,nm,0.1,12,2,3.4908628463745117
12,tonic,nm,0.1,12,3,1.0172843933105469
12,tonic,nm,0.1,12,4,16.743459701538086
12,tonic,nm,0.1,12,5,0.4669014811515808
12,tonic,nm,0.1,12,6,0.12031104415655136
12,tonic,nm,0.1,12,7,0.5453335046768188
12,tonic,nm,0.1,12,8,1.1575584411621094
12,tonic,nm,0.1,12,9,0.4010991156101227
12,tonic,nm,0.1,12,10,3.767716407775879
12,tonic,nm,0.1,12,11,0.19734013080596924
12,tonic,nm,0.1,12,12,0.15175053477287292
12,tonic,nm,0.1,12,13,0.9078429937362671
12,tonic,nm,0.1,12,14,0.12600737810134888
12,tonic,nm,0.1,12,15,0.2786012589931488
12,tonic,nm,0.1,12,16,0.09287793934345245
12,tonic,nm,0.1,12,17,0.364420086145401
12,tonic,nm,0.1,12,18,0.06849943846464157
12,tonic,nm,0.1,12,19,0.1994243860244751
12,tonic,nm,0.1,12,20,0.07256593555212021
12,tonic,nm,0.1,12,21,0.15719710290431976
12,tonic,nm,0.1,12,22,0.0722859650850296
12,tonic,nm,0.1,12,23,0.11680545657873154
12,tonic,nm,0.1,12,24,0.06381812691688538
13,tonic,grad,0.1,13,0,2.7752954959869385
13,tonic,grad,0.1,13,1,0.3399387300014496
13,tonic,grad,0.1,13,2,0.2761898338794708
13,tonic,grad,0.1,13,3,1.1374499797821045
13,tonic,grad,0.1,13,4,0.9816718697547913
13,tonic,grad,0.1,13,5,0.3888583779335022
13,tonic,grad,0.1,13,6,0.039268527179956436
13,tonic,grad,0.1,13,7,0.094505675137043
13,tonic,grad,0.1,13,8,0.3396691083908081
13,tonic,grad,0.1,13,9,0.5075488090515137
13,tonic,grad,0.1,13,10,0.487835556268692
13,tonic,grad,0.1,13,11,0.32400259375572205
13,tonic,grad,0.1,13,12,0.13261380791664124
13,tonic,grad,0.1,13,13,0.02752544730901718
13,tonic,grad,0.1,13,14,0.053565267473459244
13,tonic,grad,0.1,13,15,0.16085587441921234
13,tonic,grad,0.1,13,16,0.24707426130771637
13,tonic,grad,0.1,13,17,0.24017801880836487
13,tonic,grad,0.1,13,18,0.15697120130062103
13,tonic,grad,0.1,13,19,0.06611250340938568
13,tonic,grad,0.1,13,20,0.02737564407289028
13,tonic,grad,0.1,13,21,0.050369784235954285
13,tonic,grad,0.1,13,22,0.10118160396814346
13,tonic,grad,0.1,13,23,0.1365058273077011
13,tonic,grad,0.1,13,24,0.13307616114616394
13,tonic,nm,0.1,13,0,2.7752954959869385
13,tonic,nm,0.1,13,1,2.514324426651001
13,tonic,nm,0.1,13,2,2.0958917140960693
13,tonic,nm,0.1,13,3,1.9812748432159424
13,tonic,nm,0.1,13,4,0.42125287652015686
13,tonic,nm,0.1,13,5,1.9163202047348022
13,tonic,nm,0.1,13,6,4.142613410949707
13,tonic,nm,0.1,13,7,0.736399233341217
13,tonic,nm,0.1,13,8,6.286981582641602
13,tonic,nm,0.1,13,9,0.4243604838848114
13,tonic,nm,0.1,13,10,2.7969017028808594
13,tonic,nm,0.1,13,11,0.5997694134712219
13,tonic,nm,0.1,13,12,1.3408358097076416
13,tonic,nm,0.1,13,13,0.2200910598039627
13,tonic,nm,0.1,13,14,1.7372419834136963
13,tonic,nm,0.1,13,15,0.14170454442501068
13,tonic,nm,0.1,13,16,0.512096107006073
13,tonic,nm,0.1,13,17,0.1607021987438202
13,tonic,nm,0.1,13,18,0.842535674571991
13,tonic,nm,0.1,13,19,0.13367122411727905
13,tonic,nm,0.1,13,20,0.4279203414916992
13,tonic,nm,0.1,13,21,0.08419831842184067
13,tonic,nm,0.1,13,22,0.2689031958580017
13,tonic,nm,0.1,13,23,0.07152633368968964
13,tonic,nm,0.1,13,24,0.3119736611843109
14,tonic,grad,0.1,14,0,1.5357052087783813
14,tonic,grad,0.1,14,1,0.06774923205375671
14,tonic,grad,0.1,14,2,0.6401433348655701
14,tonic,grad,0.1,14,3,0.7729595303535461
14,tonic,grad,0.1,14,4,0.3138730227947235
14,tonic,grad,0.1,14,5,0.04698856547474861
14,tonic,grad,0.1,14,6,0.14477618038654327
14,tonic,grad,0.1,14,7,0.3442680537700653
14,tonic,grad,0.1,14,8,0.3985726237297058
14,tonic,grad,0.1,14,9,0.28106552362442017
14,tonic,grad,0.1,14,10,0.1171192079782486
14,tonic,grad,0.1,14,11,0.03689185529947281
14,tonic,grad,0.1,14,12,0.0842229425907135
14,tonic,grad,0.1,14,13,0.18189235031604767
14,tonic,grad,0.1,14,14,0.21649876236915588
14,tonic,grad,0.1,14,15,0.16100534796714783
14,tonic,grad,0.1,14,16,0.07615305483341217
14,tonic,grad,0.1,14,17,0.03703492507338524
14,tonic,grad,0.1,14,18,0.060785286128520966
14,tonic,grad,0.1,14,19,0.10883049666881561
14,tonic,grad,0.1,14,20,0.13219471275806427
14,tonic,grad,0.1,14,21,0.1114812046289444
14,tonic,grad,0.1,14,22,0.06741891801357269
14,tonic,grad,0.1,14,23,0.03775308281183243
14,tonic,grad,0.1,14,24,0.04322846978902817
14,tonic,nm,0.1,14,0,1.5357052087783813
14,tonic,nm,0.1,14,1,1.3649533987045288
14,tonic,nm,0.1,14,2,3.5676982402801514
14,tonic,nm,0.1,14,3,0.9538606405258179
14,tonic,nm,0.1,14,4,16.50722885131836
14,tonic,nm,0.1,14,5,0.47864463925361633
14,tonic,nm,0.1,14,6,0.11680448055267334
14,tonic,nm,0.1,14,7,0.570010244846344
14,tonic,nm,0.1,14,8,1.203128695487976
14,tonic,nm,0.1,14,9,0.42028433084487915
14,tonic,nm,0.1,14,10,3.852106809616089
14,tonic,nm,0.1,14,11,0.16392560303211212
14,tonic,nm,0.1,14,12,0.12812919914722443
14,tonic,nm,0.1,14,13,0.8471694588661194
14,tonic,nm,0.1,14,14,0.12889672815799713
14,tonic,nm,0.1,14,15,0.29558035731315613
14,tonic,nm,0.1,14,16,0.06999521702528
14,tonic,nm,0.1,14,17,0.25798842310905457
14,tonic,nm,0.1,14,18,0.05934688448905945
14,tonic,nm,0.1,14,19,0.27085527777671814
14,tonic,nm,0.1,14,20,0.057963669300079346
14,tonic,nm,0.1,14,21,0.15404261648654938
14,tonic,nm,0.1,14,22,0.06300042569637299
14,tonic,nm,0.1,14,23,0.10065117478370667
14,tonic,nm,0.1,14,24,0.047644831240177155
15,tonic,grad,0.1,15,0,0.8879350423812866
15,tonic,grad,0.1,15,1,0.46771958470344543
15,tonic,grad,0.1,15,2,0.626526415348053
15,tonic,grad,0.1,15,3,0.3166693150997162
15,tonic,grad,0.1,15,4,0.2015523761510849
15,tonic,grad,0.1,15,5,0.28664618730545044
15,tonic,grad,0.1,15,6,0.3010202646255493
15,tonic,grad,0.1,15,7,0.19427143037319183
15,tonic,grad,0.1,15,8,0.08321337401866913
15,tonic,grad,0.1,15,9,0.059279367327690125
15,tonic,grad,0.1,15,10,0.09662998467683792
15,tonic,grad,0.1,15,11,0.10594742000102997
15,tonic,grad,0.1,15,12,0.06180613487958908
15,tonic,grad,0.1,15,13,0.016073480248451233
15,tonic,grad,0.1,15,14,0.012561560608446598
15,tonic,grad,0.1,15,15,0.04043719917535782
15,tonic,grad,0.1,15,16,0.05847318843007088
15,tonic,grad,0.1,15,17,0.04680997133255005
15,tonic,grad,0.1,15,18,0.02119450457394123
15,tonic,grad,0.1,15,19,0.010246865451335907
15,tonic,grad,0.1,15,20,0.021767795085906982
15,tonic,grad,0.1,15,21,0.03791121393442154
15,tonic,grad,0.1,15,22,0.03802282735705376
15,tonic,grad,0.1,15,23,0.02359362319111824
15,tonic,grad,0.1,15,24,0.01245428342372179
15,tonic,nm,0.1,15,0,0.8879350423812866
15,tonic,nm,0.1,15,1,0.822558581829071
15,tonic,nm,0.1,15,2,6.088088512420654
15,tonic,nm,0.1,15,3,0.4455372095108032
15,tonic,nm,0.1,15,4,12.852455139160156
15,tonic,nm,0.1,15,5,1.7131696939468384
15,tonic,nm,0.1,15,6,5.656776428222656
15,tonic,nm,0.1,15,7,0.5646620392799377
15,tonic,nm,0.1,15,8,0.3830433189868927
15,tonic,nm,0.1,15,9,0.6282878518104553
15,tonic,nm,0.1,15,10,0.8665233254432678
15,tonic,nm,0.1,15,11,0.4886668026447296
15,tonic,nm,0.1,15,12,0.8285647630691528
15,tonic,nm,0.1,15,13,0.3866121172904968
15,tonic,nm,0.1,15,14,0.3536878526210785
15,tonic,nm,0.1,15,15,0.5149714350700378
15,tonic,nm,0.1,15,16,1.2623900175094604
15,tonic,nm,0.1,15,17,0.2938646078109741
15,tonic,nm,0.1,15,18,0.22023211419582367
15,tonic,nm,0.1,15,19,0.17620255053043365
15,tonic,nm,0.1,15,20,0.15615294873714447
15,tonic,nm,0.1,15,21,0.14813467860221863
15,tonic,nm,0.1,15,22,0.37728196382522583
15,tonic,nm,0.1,15,23,0.23947782814502716
15,tonic,nm,0.1,15,24,0.11269982159137726
16,tonic,grad,0.1,16,0,1.5572643280029297
16,tonic,grad,0.1,16,1,0.20502597093582153
16,tonic,grad,0.1,16,2,0.45757222175598145
16,tonic,grad,0.1,16,3,0.7850880026817322
16,tonic,grad,0.1,16,4,0.6899687647819519
16,tonic,grad,0.1,16,5,0.39157170057296753
16,tonic,grad,0.1,16,6,0.1421245038509369
16,tonic,grad,0.1,16,7,0.06662733107805252
16,tonic,grad,0.1,16,8,0.14312691986560822
16,tonic,grad,0.1,16,9,0.24765807390213013
16,tonic,grad,0.1,16,10,0.271656334400177
16,tonic,grad,0.1,16,11,0.20221465826034546
16,tonic,grad,0.1,16,12,0.10073434561491013
16,tonic,grad,0.1,16,13,0.027703534811735153
16,tonic,grad,0.1,16,14,0.011042233556509018
16,tonic,grad,0.1,16,15,0.03992045298218727
16,tonic,grad,0.1,16,16,0.08206535875797272
16,tonic,grad,0.1,16,17,0.10857614129781723
16,tonic,grad,0.1,16,18,0.10516074299812317
16,tonic,grad,0.1,16,19,0.07872439175844193
16,tonic,grad,0.1,16,20,0.04421412572264671
16,tonic,grad,0.1,16,21,0.018934646621346474
16,tonic,grad,0.1,16,22,0.01255879644304514
16,tonic,grad,0.1,16,23,0.02379295602440834
16,tonic,grad,0.1,16,24,0.04277558997273445
16,tonic,nm,0.1,16,0,1.5572643280029297
16,tonic,nm,0.1,16,1,1.7419981956481934
16,tonic,nm,0.1,16,2,18.421092987060547
16,tonic,nm,0.1,16,3,2.2095682621002197
16,tonic,nm,0.1,16,4,2.7560384273529053
16,tonic,nm,0.1,16,5,0.23414117097854614
16,tonic,nm,0.1,16,6,0.19081375002861023
16,tonic,nm,0.1,16,7,0.6248727440834045
16,tonic,nm,0.1,16,8,0.7426175475120544
16,tonic,nm,0.1,16,9,4.318019866943359
16,tonic,nm,0.1,16,10,0.3784670829772949
16,tonic,nm,0.1,16,11,0.7986092567443848
16,tonic,nm,0.1,16,12,0.3168586790561676
16,tonic,nm,0.1,16,13,1.4430270195007324
16,tonic,nm,0.1,16,14,0.13734547793865204
16,tonic,nm,0.1,16,15,0.1860717236995697
16,tonic,nm,0.1,16,16,0.6130186319351196
16,tonic,nm,0.1,16,17,0.12770435214042664
16,tonic,nm,0.1,16,18,0.11059032380580902
16,tonic,nm,0.1,16,19,0.1466899812221527
16,tonic,nm,0.1,16,20,0.06084081903100014
16,tonic,nm,0.1,16,21,0.08383774757385254
16,tonic,nm,0.1,16,22,0.08218007534742355
16,tonic,nm,0.1,16,23,0.034742217510938644
16,tonic,nm,0.1,16,24,0.06446070969104767
17,tonic,grad,0.1,17,0,3.3051788806915283
17,tonic,grad,0.1,17,1,0.9221475720405579
17,tonic,grad,0.1,17,2,0.4837893545627594
17,tonic,grad,0.1,17,3,0.9198696613311768
17,tonic,grad,0.1,17,4,1.2668519020080566
17,tonic,grad,0.1,17,5,1.2445502281188965
17,tonic,grad,0.1,17,6,0.9755451679229736
17,tonic,grad,0.1,17,7,0.6364935636520386
17,tonic,grad,0.1,17,8,0.3545728921890259
17,tonic,grad,0.1,17,9,0.1986505538225174
17,tonic,grad,0.1,17,10,0.1700820028781891
17,tonic,grad,0.1,17,11,0.2231033593416214
17,tonic,grad,0.1,17,12,0.29515424370765686
17,tonic,grad,0.1,17,13,0.33322015404701233
17,tonic,grad,0.1,17,14,0.3177107572555542
17,tonic,grad,0.1,17,15,0.25629404187202454
17,tonic,grad,0.1,17,16,0.17390285432338715
17,tonic,grad,0.1,17,17,0.09795138984918594
17,tonic,grad,0.1,17,18,0.044295784085989
17,tonic,grad,0.1,17,19,0.019664572551846504
17,tonic,grad,0.1,17,20,0.020275412127375603
17,tonic,grad,0.1,17,21,0.036572765558958054
17,tonic,grad,0.1,17,22,0.05805032700300217
17,tonic,grad,0.1,17,23,0.07499056309461594
17,tonic,grad,0.1,17,24,0.08290025591850281
17,tonic,nm,0.1,17,0,3.3051788806915283
17,tonic,nm,0.1,17,1,3.5334465503692627
17,tonic,nm,0.1,17,2,23.477075576782227
17,tonic,nm,0.1,17,3,4.219081878662109
17,tonic,nm,0.1,17,4,1.399492621421814
17,tonic,nm,0.1,17,5,5.677093505859375
17,tonic,nm,0.1,17,6,0.49983474612236023
17,tonic,nm,0.1,17,7,1.8012218475341797
17,tonic,nm,0.1,17,8,2.902984619140625
17,tonic,nm,0.1,17,9,6.484127044677734
17,tonic,nm,0.1,17,10,0.5993416905403137
17,tonic,nm,0.1,17,11,1.3536534309387207
17,tonic,nm,0.1,17,12,4.046596050262451
17,tonic,nm,0.1,17,13,0.4424625337123871
17,tonic,nm,0.1,17,14,1.732706904411316
17,tonic,nm,0.1,17,15,0.6058932542800903
17,tonic,nm,0.1,17,16,0.821185290813446
17,tonic,nm,0.1,17,17,0.3683686852455139
17,tonic,nm,0.1,17,18,1.1910749673843384
17,tonic,nm,0.1,17,19,0.33882591128349304
17,tonic,nm,0.1,17,20,0.36077845096588135
17,tonic,nm,0.1,17,21,1.5363185405731201
17,tonic,nm,0.1,17,22,0.24781696498394012
17,tonic,nm,0.1,17,23,0.17572949826717377
17,tonic,nm,0.1,17,24,0.13922041654586792
18,tonic,grad,0.1,18,0,0.2873974144458771
18,tonic,grad,0.1,18,1,0.2557910978794098
18,tonic,grad,0.1,18,2,0.088129922747612
18,tonic,grad,0.1,18,3,0.0940425917506218
18,tonic,grad,0.1,18,4,0.06916660815477371
18,tonic,grad,0.1,18,5,0.01497684232890606
18,tonic,grad,0.1,18,6,0.04415244981646538
18,tonic,grad,0.1,18,7,0.051281046122312546
18,tonic,grad,0.1,18,8,0.025253085419535637
18,tonic,grad,0.1,18,9,0.03523741289973259
18,tonic,grad,0.1,18,10,0.059513721615076065
18,tonic,grad,0.1,18,11,0.04743501916527748
18,tonic,grad,0.1,18,12,0.03435607627034187
18,tonic,grad,0.1,18,13,0.043256841599941254
18,tonic,grad,0.1,18,14,0.04513851925730705
18,tonic,grad,0.1,18,15,0.029905416071414948
18,tonic,grad,0.1,18,16,0.02238813415169716
18,tonic,grad,0.1,18,17,0.028470702469348907
18,tonic,grad,0.1,18,18,0.026318004354834557
18,tonic,grad,0.1,18,19,0.01669224165380001
18,tonic,grad,0.1,18,20,0.017387786880135536
18,tonic,grad,0.1,18,21,0.023570604622364044
18,tonic,grad,0.1,18,22,0.021363070234656334
18,tonic,grad,0.1,18,23,0.016832372173666954
18,tonic,grad,0.1,18,24,0.02000613510608673
18,tonic,nm,0.1,18,0,0.2873974144458771
18,tonic,nm,0.1,18,1,0.36356252431869507
18,tonic,nm,0.1,18,2,11.043608665466309
18,tonic,nm,0.1,18,3,0.363604873418808
18,tonic,nm,0.1,18,4,7.136127471923828
18,tonic,nm,0.1,18,5,2.1643121242523193
18,tonic,nm,0.1,18,6,4.4468159675598145
18,tonic,nm,0.1,18,7,0.6685492992401123
18,tonic,nm,0.1,18,8,2.0013394355773926
18,tonic,nm,0.1,18,9,0.27787864208221436
18,tonic,nm,0.1,18,10,0.48983317613601685
18,tonic,nm,0.1,18,11,0.2734752893447876
18,tonic,nm,0.1,18,12,0.15695929527282715
18,tonic,nm,0.1,18,13,0.1699998378753662
18,tonic,nm,0.1,18,14,0.19691267609596252
18,tonic,nm,0.1,18,15,0.14652951061725616
18,tonic,nm,0.1,18,16,0.21697500348091125
18,tonic,nm,0.1,18,17,0.2550335228443146
18,tonic,nm,0.1,18,18,0.16535472869873047
18,tonic,nm,0.1,18,19,0.12368521094322205
18,tonic,nm,0.1,18,20,0.18313772976398468
18,tonic,nm,0.1,18,21,0.33054301142692566
18,tonic,nm,0.1,18,22,0.11502634733915329
18,tonic,nm,0.1,18,23,0.14651139080524445
18,tonic,nm,0.1,18,24,0.07406291365623474
19,tonic,grad,0.1,19,0,0.4078493118286133
19,tonic,grad,0.1,19,1,0.3635083734989166
19,tonic,grad,0.1,19,2,0.2611809968948364
19,tonic,grad,0.1,19,3,0.054767172783613205
19,tonic,grad,0.1,19,4,0.1383233219385147
19,tonic,grad,0.1,19,5,0.19648003578186035
19,tonic,grad,0.1,19,6,0.10894505679607391
19,tonic,grad,0.1,19,7,0.023916995152831078
19,tonic,grad,0.1,19,8,0.04555097967386246
19,tonic,grad,0.1,19,9,0.099344901740551
19,tonic,grad,0.1,19,10,0.08284600079059601
19,tonic,grad,0.1,19,11,0.028924794867634773
19,tonic,grad,0.1,19,12,0.01531024370342493
19,tonic,grad,0.1,19,13,0.04648261517286301
19,tonic,grad,0.1,19,14,0.06795497238636017
19,tonic,grad,0.1,19,15,0.05227649584412575
19,tonic,grad,0.1,19,16,0.024423878639936447
19,tonic,grad,0.1,19,17,0.021434420719742775
19,tonic,grad,0.1,19,18,0.04201729595661163
19,tonic,grad,0.1,19,19,0.05260961130261421
19,tonic,grad,0.1,19,20,0.03836002200841904
19,tonic,grad,0.1,19,21,0.02150426059961319
19,tonic,grad,0.1,19,22,0.022602900862693787
19,tonic,grad,0.1,19,23,0.034435950219631195
19,tonic,grad,0.1,19,24,0.03626890480518341
19,tonic,nm,0.1,19,0,0.4078493118286133
19,tonic,nm,0.1,19,1,0.3515833914279938
19,tonic,nm,0.1,19,2,6.488891124725342
19,tonic,nm,0.1,19,3,0.12966175377368927
19,tonic,nm,0.1,19,4,11.608335494995117
19,tonic,nm,0.1,19,5,1.7716217041015625
19,tonic,nm,0.1,19,6,4.755043029785156
19,tonic,nm,0.1,19,7,0.4234928488731384
19,tonic,nm,0.1,19,8,2.161224365234375
19,tonic,nm,0.1,19,9,0.11635371297597885
19,tonic,nm,0.1,19,10,0.08551215380430222
19,tonic,nm,0.1,19,11,0.1880074143409729
19,tonic,nm,0.1,19,12,0.24876323342323303
19,tonic,nm,0.1,19,13,0.11564245074987411
19,tonic,nm,0.1,19,14,0.5323024392127991
19,tonic,nm,0.1,19,15,0.06000427156686783
19,tonic,nm,0.1,19,16,0.031186439096927643
19,tonic,nm,0.1,19,17,0.0222080796957016
19,tonic,nm,0.1,19,18,0.09799345582723618
19,tonic,nm,0.1,19,19,0.0583365224301815
19,tonic,nm,0.1,19,20,0.09778329730033875
19,tonic,nm,0.1,19,21,0.054082583636045456
19,tonic,nm,0.1,19,22,0.03156282752752304
19,tonic,nm,0.1,19,23,0.06247003376483917
19,tonic,nm,0.1,19,24,0.04002334550023079
20,tonic,grad,0.1,20,0,0.801534116268158
20,tonic,grad,0.1,20,1,0.364035427570343
20,tonic,grad,0.1,20,2,0.563242495059967
20,tonic,grad,0.1,20,3,0.2579599618911743
20,tonic,grad,0.1,20,4,0.14345398545265198
20,tonic,grad,0.1,20,5,0.24376924335956573
20,tonic,grad,0.1,20,6,0.2727677822113037
20,tonic,grad,0.1,20,7,0.1723112314939499
20,tonic,grad,0.1,20,8,0.06294339150190353
20,tonic,grad,0.1,20,9,0.04685056582093239
20,tonic,grad,0.1,20,10,0.09482306987047195
20,tonic,grad,0.1,20,11,0.10949274897575378
20,tonic,grad,0.1,20,12,0.06548330187797546
20,tonic,grad,0.1,20,13,0.01814446598291397
20,tonic,grad,0.1,20,14,0.016003981232643127
20,tonic,grad,0.1,20,15,0.046702466905117035
20,tonic,grad,0.1,20,16,0.06635270267724991
20,tonic,grad,0.1,20,17,0.053433239459991455
20,tonic,grad,0.1,20,18,0.026920976117253304
20,tonic,grad,0.1,20,19,0.015651745721697807
20,tonic,grad,0.1,20,20,0.02882556989789009
20,tonic,grad,0.1,20,21,0.04635733738541603
20,tonic,grad,0.1,20,22,0.04647267982363701
20,tonic,grad,0.1,20,23,0.031153852120041847
20,tonic,grad,0.1,20,24,0.019250180572271347
20,tonic,nm,0.1,20,0,0.801534116268158
20,tonic,nm,0.1,20,1,0.7298358678817749
20,tonic,nm,0.1,20,2,5.902078151702881
20,tonic,nm,0.1,20,3,0.3774019479751587
20,tonic,nm,0.1,20,4,12.873862266540527
20,tonic,nm,0.1,20,5,1.570351243019104
20,tonic,nm,0.1,20,6,5.634912967681885
20,tonic,nm,0.1,20,7,0.44721847772598267
20,tonic,nm,0.1,20,8,0.28378981351852417
20,tonic,nm,0.1,20,9,0.5246500968933105
20,tonic,nm,0.1,20,10,0.7618969082832336
20,tonic,nm,0.1,20,11,0.3955572545528412
20,tonic,nm,0.1,20,12,0.7724815011024475
20,tonic,nm,0.1,20,13,0.2816753089427948
20,tonic,nm,0.1,20,14,0.262519896030426
20,tonic,nm,0.1,20,15,0.4231860935688019
20,tonic,nm,0.1,20,16,1.1367427110671997
20,tonic,nm,0.1,20,17,0.21278001368045807
20,tonic,nm,0.1,20,18,0.1789153516292572
20,tonic,nm,0.1,20,19,0.18391075730323792
20,tonic,nm,0.1,20,20,0.11843510717153549
20,tonic,nm,0.1,20,21,0.10873298346996307
20,tonic,nm,0.1,20,22,0.44740939140319824
20,tonic,nm,0.1,20,23,0.1707749366760254
20,tonic,nm,0.1,20,24,0.09987039119005203
21,tonic,grad,0.1,21,0,3.631675958633423
21,tonic,grad,0.1,21,1,0.7213011980056763
21,tonic,grad,0.1,21,2,0.2231188267469406
21,tonic,grad,0.1,21,3,1.2285760641098022
21,tonic,grad,0.1,21,4,1.3865841627120972
21,tonic,grad,0.1,21,5,0.7837042212486267
21,tonic,grad,0.1,21,6,0.22605407238006592
21,tonic,grad,0.1,21,7,0.080099917948246
21,tonic,grad,0.1,21,8,0.2635635733604431
21,tonic,grad,0.1,21,9,0.5136450529098511
21,tonic,grad,0.1,21,10,0.628472626209259
21,tonic,grad,0.1,21,11,0.5570213198661804
21,tonic,grad,0.1,21,12,0.3671112656593323
21,tonic,grad,0.1,21,13,0.16866180300712585
21,tonic,grad,0.1,21,14,0.058184731751680374
21,tonic,grad,0.1,21,15,0.07392101734876633
21,tonic,grad,0.1,21,16,0.17580920457839966
21,tonic,grad,0.1,21,17,0.2705273926258087
21,tonic,grad,0.1,21,18,0.28417885303497314
21,tonic,grad,0.1,21,19,0.21271049976348877
21,tonic,grad,0.1,21,20,0.11580952256917953
21,tonic,grad,0.1,21,21,0.05237356945872307
21,tonic,grad,0.1,21,22,0.04940054193139076
21,tonic,grad,0.1,21,23,0.08936381340026855
21,tonic,grad,0.1,21,24,0.13605591654777527
21,tonic,nm,0.1,21,0,3.631675958633423
21,tonic,nm,0.1,21,1,3.3542449474334717
21,tonic,nm,0.1,21,2,1.7136187553405762
21,tonic,nm,0.1,21,3,2.6795644760131836
21,tonic,nm,0.1,21,4,0.3359733521938324
21,tonic,nm,0.1,21,5,1.5188941955566406
21,tonic,nm,0.1,21,6,3.4558653831481934
21,tonic,nm,0.1,21,7,1.2580729722976685
21,tonic,nm,0.1,21,8,4.196264266967773
21,tonic,nm,0.1,21,9,0.8576636910438538
21,tonic,nm,0.1,21,10,4.96491003036499
21,tonic,nm,0.1,21,11,0.459263414144516
21,tonic,nm,0.1,21,12,1.3260223865509033
21,tonic,nm,0.1,21,13,0.5312696099281311
21,tonic,nm,0.1,21,14,1.3622812032699585
21,tonic,nm,0.1,21,15,0.35455140471458435
21,tonic,nm,0.1,21,16,0.9955812692642212
21,tonic,nm,0.1,21,17,0.2566136419773102
21,tonic,nm,0.1,21,18,0.6529116630554199
21,tonic,nm,0.1,21,19,0.2500344514846802
21,tonic,nm,0.1,21,20,0.6955481767654419
21,tonic,nm,0.1,21,21,0.20592428743839264
21,tonic,nm,0.1,21,22,0.5135382413864136
21,tonic,nm,0.1,21,23,0.21365666389465332
21,tonic,nm,0.1,21,24,0.3707067668437958
22,tonic,grad,0.1,22,0,1.818777084350586
22,tonic,grad,0.1,22,1,0.46225887537002563
22,tonic,grad,0.1,22,2,0.6927496790885925
22,tonic,grad,0.1,22,3,0.978025496006012
22,tonic,grad,0.1,22,4,0.8669618368148804
22,tonic,grad,0.1,22,5,0.5638100504875183
22,tonic,grad,0.1,22,6,0.2952709197998047
22,tonic,grad,0.1,22,7,0.18210455775260925
22,tonic,grad,0.1,22,8,0.21312786638736725
22,tonic,grad,0.1,22,9,0.28775647282600403
22,tonic,grad,0.1,22,10,0.30778366327285767
22,tonic,grad,0.1,22,11,0.2491653710603714
22,tonic,grad,0.1,22,12,0.15143953263759613
22,tonic,grad,0.1,22,13,0.06908106803894043
22,tonic,grad,0.1,22,14,0.032185960561037064
22,tonic,grad,0.1,22,15,0.04041679576039314
22,tonic,grad,0.1,22,16,0.07164148986339569
22,tonic,grad,0.1,22,17,0.09924642741680145
22,tonic,grad,0.1,22,18,0.10803281515836716
22,tonic,grad,0.1,22,19,0.09366019815206528
22,tonic,grad,0.1,22,20,0.06590056419372559
22,tonic,grad,0.1,22,21,0.03705057501792908
22,tonic,grad,0.1,22,22,0.01881529949605465
22,tonic,grad,0.1,22,23,0.015808280557394028
22,tonic,grad,0.1,22,24,0.025295134633779526
22,tonic,nm,0.1,22,0,1.818777084350586
22,tonic,nm,0.1,22,1,2.0012876987457275
22,tonic,nm,0.1,22,2,18.842472076416016
22,tonic,nm,0.1,22,3,2.435295581817627
22,tonic,nm,0.1,22,4,2.8315467834472656
22,tonic,nm,0.1,22,5,0.38188526034355164
22,tonic,nm,0.1,22,6,0.43391844630241394
22,tonic,nm,0.1,22,7,0.9055377840995789
22,tonic,nm,0.1,22,8,4.4487504959106445
22,tonic,nm,0.1,22,9,0.6059939861297607
22,tonic,nm,0.1,22,10,1.0390300750732422
22,tonic,nm,0.1,22,11,0.49878379702568054
22,tonic,nm,0.1,22,12,1.6067161560058594
22,tonic,nm,0.1,22,13,0.34947457909584045
22,tonic,nm,0.1,22,14,0.40445396304130554
22,tonic,nm,0.1,22,15,0.1960218995809555
22,tonic,nm,0.1,22,16,0.15552127361297607
22,tonic,nm,0.1,22,17,0.2091914415359497
22,tonic,nm,0.1,22,18,0.3311639428138733
22,tonic,nm,0.1,22,19,0.03336721286177635
22,tonic,nm,0.1,22,20,0.0287762563675642
22,tonic,nm,0.1,22,21,0.3993840217590332
22,tonic,nm,0.1,22,22,0.1538924276828766
22,tonic,nm,0.1,22,23,0.2624680995941162
22,tonic,nm,0.1,22,24,0.10785576701164246
23,tonic,grad,0.1,23,0,0.21238663792610168
23,tonic,grad,0.1,23,1,1.0554592609405518
23,tonic,grad,0.1,23,2,0.17889340221881866
23,tonic,grad,0.1,23,3,0.3742015063762665
23,tonic,grad,0.1,23,4,0.613248884677887
23,tonic,grad,0.1,23,5,0.4515950381755829
23,tonic,grad,0.1,23,6,0.17229895293712616
23,tonic,grad,0.1,23,7,0.051122672855854034
23,tonic,grad,0.1,23,8,0.12928305566310883
23,tonic,grad,0.1,23,9,0.23565877974033356
23,tonic,grad,0.1,23,10,0.22000828385353088
23,tonic,grad,0.1,23,11,0.11344455182552338
23,tonic,grad,0.1,23,12,0.024459511041641235
23,tonic,grad,0.1,23,13,0.01414802111685276
23,tonic,grad,0.1,23,14,0.06104903668165207
23,tonic,grad,0.1,23,15,0.10697176307439804
23,tonic,grad,0.1,23,16,0.11127298325300217
23,tonic,grad,0.1,23,17,0.0756104364991188
23,tonic,grad,0.1,23,18,0.03036968596279621
23,tonic,grad,0.1,23,19,0.0069273230619728565
23,tonic,grad,0.1,23,20,0.016316115856170654
23,tonic,grad,0.1,23,21,0.04315585643053055
23,tonic,grad,0.1,23,22,0.0609111450612545
23,tonic,grad,0.1,23,23,0.054575975984334946
23,tonic,grad,0.1,23,24,0.03259308636188507
23,tonic,nm,0.1,23,0,0.21238663792610168
23,tonic,nm,0.1,23,1,0.23420196771621704
23,tonic,nm,0.1,23,2,9.382210731506348
23,tonic,nm,0.1,23,3,0.15334665775299072
23,tonic,nm,0.1,23,4,8.521267890930176
23,tonic,nm,0.1,23,5,2.9146854877471924
23,tonic,nm,0.1,23,6,3.4199278354644775
23,tonic,nm,0.1,23,7,1.0481412410736084
23,tonic,nm,0.1,23,8,1.3447728157043457
23,tonic,nm,0.1,23,9,0.4415387511253357
23,tonic,nm,0.1,23,10,0.6134316921234131
23,tonic,nm,0.1,23,11,0.24900764226913452
23,tonic,nm,0.1,23,12,0.3498501777648926
23,tonic,nm,0.1,23,13,0.1930493414402008
23,tonic,nm,0.1,23,14,0.10191082209348679
23,tonic,nm,0.1,23,15,0.07143057137727737
23,tonic,nm,0.1,23,16,0.05492771044373512
23,tonic,nm,0.1,23,17,0.03487308323383331
23,tonic,nm,0.1,23,18,0.12644581496715546
23,tonic,nm,0.1,23,19,0.015535621903836727
23,tonic,nm,0.1,23,20,0.0327012836933136
23,tonic,nm,0.1,23,21,0.08454909175634384
23,tonic,nm,0.1,23,22,0.03998202830553055
23,tonic,nm,0.1,23,23,0.01173933781683445
23,tonic,nm,0.1,23,24,0.034306202083826065
24,tonic,grad,0.1,24,0,0.4230431616306305
24,tonic,grad,0.1,24,1,0.564545214176178
24,tonic,grad,0.1,24,2,0.4017106890678406
24,tonic,grad,0.1,24,3,0.1644069254398346
24,tonic,grad,0.1,24,4,0.1960320621728897
24,tonic,grad,0.1,24,5,0.2351836860179901
24,tonic,grad,0.1,24,6,0.13452643156051636
24,tonic,grad,0.1,24,7,0.043800223618745804
24,tonic,grad,0.1,24,8,0.04793468862771988
24,tonic,grad,0.1,24,9,0.08736468106508255
24,tonic,grad,0.1,24,10,0.08689075708389282
24,tonic,grad,0.1,24,11,0.04450139403343201
24,tonic,grad,0.1,24,12,0.009275800548493862
24,tonic,grad,0.1,24,13,0.011842365376651287
24,tonic,grad,0.1,24,14,0.03809579834342003
24,tonic,grad,0.1,24,15,0.05039361119270325
24,tonic,grad,0.1,24,16,0.037384722381830215
24,tonic,grad,0.1,24,17,0.01833278127014637
24,tonic,grad,0.1,24,18,0.014307818375527859
24,tonic,grad,0.1,24,19,0.025393597781658173
24,tonic,grad,0.1,24,20,0.035577498376369476
24,tonic,grad,0.1,24,21,0.03385469689965248
24,tonic,grad,0.1,24,22,0.023170489817857742
24,tonic,grad,0.1,24,23,0.014311397448182106
24,tonic,grad,0.1,24,24,0.014292680658400059
24,tonic,nm,0.1,24,0,0.4230431616306305
24,tonic,nm,0.1,24,1,0.5160315632820129
24,tonic,nm,0.1,24,2,12.784276962280273
24,tonic,nm,0.1,24,3,0.6432071924209595
24,tonic,nm,0.1,24,4,5.774338722229004
24,tonic,nm,0.1,24,5,1.4489458799362183
24,tonic,nm,0.1,24,6,5.541860580444336
24,tonic,nm,0.1,24,7,0.33089637756347656
24,tonic,nm,0.1,24,8,0.4343927502632141
24,tonic,nm,0.1,24,9,0.7575390934944153
24,tonic,nm,0.1,24,10,0.29648932814598083
24,tonic,nm,0.1,24,11,0.4102257490158081
24,tonic,nm,0.1,24,12,0.1571502983570099
24,tonic,nm,0.1,24,13,0.28557977080345154
24,tonic,nm,0.1,24,14,0.8416457772254944
24,tonic,nm,0.1,24,15,0.1989211142063141
24,tonic,nm,0.1,24,16,0.5778850317001343
24,tonic,nm,0.1,24,17,0.19013608992099762
24,tonic,nm,0.1,24,18,0.20344498753547668
24,tonic,nm,0.1,24,19,0.14200805127620697
24,tonic,nm,0.1,24,20,0.5991161465644836
24,tonic,nm,0.1,24,21,0.12483123689889908
24,tonic,nm,0.1,24,22,0.07430409640073776
24,tonic,nm,0.1,24,23,0.05373178422451019
24,tonic,nm,0.1,24,24,0.06720799952745438
25,tonic,grad,0.1,25,0,3.8648483753204346
25,tonic,grad,0.1,25,1,0.7842758297920227
25,tonic,grad,0.1,25,2,0.1176898404955864
25,tonic,grad,0.1,25,3,1.1513479948043823
25,tonic,grad,0.1,25,4,1.453213095664978
25,tonic,grad,0.1,25,5,0.8798938989639282
25,tonic,grad,0.1,25,6,0.2555457353591919
25,tonic,grad,0.1,25,7,0.03018254227936268
25,tonic,grad,0.1,25,8,0.17903096973896027
25,tonic,grad,0.1,25,9,0.44892868399620056
25,tonic,grad,0.1,25,10,0.6116577386856079
25,tonic,grad,0.1,25,11,0.5854572653770447
25,tonic,grad,0.1,25,12,0.41162580251693726
25,tonic,grad,0.1,25,13,0.19815833866596222
25,tonic,grad,0.1,25,14,0.05076799914240837
25,tonic,grad,0.1,25,15,0.030974481254816055
25,tonic,grad,0.1,25,16,0.12144167721271515
25,tonic,grad,0.1,25,17,0.23407891392707825
25,tonic,grad,0.1,25,18,0.2834283709526062
25,tonic,grad,0.1,25,19,0.2354118674993515
25,tonic,grad,0.1,25,20,0.1370343118906021
25,tonic,grad,0.1,25,21,0.05235528200864792
25,tonic,grad,0.1,25,22,0.02562708407640457
25,tonic,grad,0.1,25,23,0.054198574274778366
25,tonic,grad,0.1,25,24,0.10536730289459229
25,tonic,nm,0.1,25,0,3.8648483753204346
25,tonic,nm,0.1,25,1,3.558659791946411
25,tonic,nm,0.1,25,2,1.4300976991653442
25,tonic,nm,0.1,25,3,2.899122714996338
25,tonic,nm,0.1,25,4,0.1976439654827118
25,tonic,nm,0.1,25,5,1.2568503618240356
25,tonic,nm,0.1,25,6,3.0909886360168457
25,tonic,nm,0.1,25,7,1.030333399772644
25,tonic,nm,0.1,25,8,11.046091079711914
25,tonic,nm,0.1,25,9,0.47335323691368103
25,tonic,nm,0.1,25,10,0.5304823517799377
25,tonic,nm,0.1,25,11,2.7703747749328613
25,tonic,nm,0.1,25,12,0.24806714057922363
25,tonic,nm,0.1,25,13,0.7324112057685852
25,tonic,nm,0.1,25,14,0.19685429334640503
25,tonic,nm,0.1,25,15,0.8505053520202637
25,tonic,nm,0.1,25,16,0.16554993391036987
25,tonic,nm,0.1,25,17,0.5322933793067932
25,tonic,nm,0.1,25,18,0.10055099427700043
25,tonic,nm,0.1,25,19,0.493789404630661
25,tonic,nm,0.1,25,20,0.08859401941299438
25,tonic,nm,0.1,25,21,0.24495309591293335
25,tonic,nm,0.1,25,22,0.10325051099061966
25,tonic,nm,0.1,25,23,0.20783869922161102
25,tonic,nm,0.1,25,24,0.09211824834346771
26,tonic,grad,0.1,26,0,0.634967029094696
26,tonic,grad,0.1,26,1,0.3167060315608978
26,tonic,grad,0.1,26,2,0.4378693699836731
26,tonic,grad,0.1,26,3,0.1530398279428482
26,tonic,grad,0.1,26,4,0.10999896377325058
26,tonic,grad,0.1,26,5,0.21963846683502197
26,tonic,grad,0.1,26,6,0.210128054022789
26,tonic,grad,0.1,26,7,0.09971263259649277
26,tonic,grad,0.1,26,8,0.03023202158510685
26,tonic,grad,0.1,26,9,0.05964205414056778
26,tonic,grad,0.1,26,10,0.10564552992582321
26,tonic,grad,0.1,26,11,0.08797898888587952
26,tonic,grad,0.1,26,12,0.03446793183684349
26,tonic,grad,0.1,26,13,0.014152324758470058
26,tonic,grad,0.1,26,14,0.03944036364555359
26,tonic,grad,0.1,26,15,0.06704989820718765
26,tonic,grad,0.1,26,16,0.06188948452472687
26,tonic,grad,0.1,26,17,0.035275932401418686
26,tonic,grad,0.1,26,18,0.019954483956098557
26,tonic,grad,0.1,26,19,0.031241625547409058
26,tonic,grad,0.1,26,20,0.050553712993860245
26,tonic,grad,0.1,26,21,0.051377445459365845
26,tonic,grad,0.1,26,22,0.034919559955596924
26,tonic,grad,0.1,26,23,0.022983217611908913
26,tonic,grad,0.1,26,24,0.027303995564579964
26,tonic,nm,0.1,26,0,0.634967029094696
26,tonic,nm,0.1,26,1,0.5650867819786072
26,tonic,nm,0.1,26,2,6.011847972869873
26,tonic,nm,0.1,26,3,0.2648299038410187
26,tonic,nm,0.1,26,4,12.468603134155273
26,tonic,nm,0.1,26,5,1.572944164276123
26,tonic,nm,0.1,26,6,5.336879253387451
26,tonic,nm,0.1,26,7,0.3873257339000702
26,tonic,nm,0.1,26,8,0.2249138206243515
26,tonic,nm,0.1,26,9,0.5011588335037231
26,tonic,nm,0.1,26,10,0.7663191556930542
26,tonic,nm,0.1,26,11,0.26786932349205017
26,tonic,nm,0.1,26,12,0.6323046684265137
26,tonic,nm,0.1,26,13,0.20500493049621582
26,tonic,nm,0.1,26,14,0.2225552350282669
26,tonic,nm,0.1,26,15,1.1352660655975342
26,tonic,nm,0.1,26,16,0.12251030653715134
26,tonic,nm,0.1,26,17,0.10126786679029465
26,tonic,nm,0.1,26,18,0.10043279826641083
26,tonic,nm,0.1,26,19,0.2883073687553406
26,tonic,nm,0.1,26,20,0.1469406932592392
26,tonic,nm,0.1,26,21,0.09976785629987717
26,tonic,nm,0.1,26,22,0.16058020293712616
26,tonic,nm,0.1,26,23,0.31205078959465027
26,tonic,nm,0.1,26,24,0.0976257175207138
27,tonic,grad,0.1,27,0,4.9187846183776855
27,tonic,grad,0.1,27,1,1.5748023986816406
27,tonic,grad,0.1,27,2,0.32319292426109314
27,tonic,grad,0.1,27,3,0.3875717520713806
27,tonic,grad,0.1,27,4,0.9353322982788086
27,tonic,grad,0.1,27,5,1.3377025127410889
27,tonic,grad,0.1,27,6,1.3947227001190186
27,tonic,grad,0.1,27,7,1.1829414367675781
27,tonic,grad,0.1,27,8,0.8475684523582458
27,tonic,grad,0.1,27,9,0.5085885524749756
27,tonic,grad,0.1,27,10,0.24856841564178467
27,tonic,grad,0.1,27,11,0.10314514487981796
27,tonic,grad,0.1,27,12,0.06832007318735123
27,tonic,grad,0.1,27,13,0.11397621780633926
27,tonic,grad,0.1,27,14,0.19839198887348175
27,tonic,grad,0.1,27,15,0.2761842906475067
27,tonic,grad,0.1,27,16,0.32152432203292847
27,tonic,grad,0.1,27,17,0.32253506779670715
27,tonic,grad,0.1,27,18,0.2826814353466034
27,tonic,grad,0.1,27,19,0.2186150699853897
27,tonic,grad,0.1,27,20,0.1483507603406906
27,tonic,grad,0.1,27,21,0.08552524447441101
27,tonic,grad,0.1,27,22,0.042159706354141235
27,tonic,grad,0.1,27,23,0.019662251695990562
27,tonic,grad,0.1,27,24,0.017202474176883698
27,tonic,nm,0.1,27,0,4.9187846183776855
27,tonic,nm,0.1,27,1,5.207837104797363
27,tonic,nm,0.1,27,2,27.875930786132812
27,tonic,nm,0.1,27,3,6.1386847496032715
27,tonic,nm,0.1,27,4,0.4733063280582428
27,tonic,nm,0.1,27,5,3.636284112930298
27,tonic,nm,0.1,27,6,0.1567583829164505
27,tonic,nm,0.1,27,7,0.7011234760284424
27,tonic,nm,0.1,27,8,1.4578454494476318
27,tonic,nm,0.1,27,9,4.2467241287231445
27,tonic,nm,0.1,27,10,4.360482215881348
27,tonic,nm,0.1,27,11,0.23506797850131989
27,tonic,nm,0.1,27,12,0.6594492793083191
27,tonic,nm,0.1,27,13,2.320117235183716
27,tonic,nm,0.1,27,14,4.506901741027832
27,tonic,nm,0.1,27,15,0.6210030317306519
27,tonic,nm,0.1,27,16,1.1664365530014038
27,tonic,nm,0.1,27,17,0.24244548380374908
27,tonic,nm,0.1,27,18,1.4872641563415527
27,tonic,nm,0.1,27,19,0.20822007954120636
27,tonic,nm,0.1,27,20,0.26773136854171753
27,tonic,nm,0.1,27,21,0.14911577105522156
27,tonic,nm,0.1,27,22,0.4391952157020569
27,tonic,nm,0.1,27,23,0.13249483704566956
27,tonic,nm,0.1,27,24,0.4194549024105072
28,tonic,grad,0.1,28,0,7.467891216278076
28,tonic,grad,0.1,28,1,2.6995906829833984
28,tonic,grad,0.1,28,2,0.25130438804626465
28,tonic,grad,0.1,28,3,0.454360693693161
28,tonic,grad,0.1,28,4,1.9229589700698853
28,tonic,grad,0.1,28,5,2.341759204864502
28,tonic,grad,0.1,28,6,1.6352460384368896
28,tonic,grad,0.1,28,7,0.6981350779533386
28,tonic,grad,0.1,28,8,0.13083183765411377
28,tonic,grad,0.1,28,9,0.07506953179836273
28,tonic,grad,0.1,28,10,0.3527577221393585
28,tonic,grad,0.1,28,11,0.6973419189453125
28,tonic,grad,0.1,28,12,0.907936155796051
28,tonic,grad,0.1,28,13,0.9133264422416687
28,tonic,grad,0.1,28,14,0.7344657182693481
28,tonic,grad,0.1,28,15,0.4655407667160034
28,tonic,grad,0.1,28,16,0.2139565348625183
28,tonic,grad,0.1,28,17,0.07325390726327896
28,tonic,grad,0.1,28,18,0.08192568272352219
28,tonic,grad,0.1,28,19,0.20494018495082855
28,tonic,grad,0.1,28,20,0.3489922881126404
28,tonic,grad,0.1,28,21,0.4247315526008606
28,tonic,grad,0.1,28,22,0.3879639804363251
28,tonic,grad,0.1,28,23,0.270961195230484
28,tonic,grad,0.1,28,24,0.14529411494731903
28,tonic,nm,0.1,28,0,7.467891216278076
28,tonic,nm,0.1,28,1,6.983151435852051
28,tonic,nm,0.1,28,2,0.20466439425945282
28,tonic,nm,0.1,28,3,6.183986663818359
28,tonic,nm,0.1,28,4,0.25605154037475586
28,tonic,nm,0.1,28,5,0.9167720675468445
28,tonic,nm,0.1,28,6,9.228708267211914
28,tonic,nm,0.1,28,7,1.7941746711730957
28,tonic,nm,0.1,28,8,3.6047844886779785
28,tonic,nm,0.1,28,9,0.46782493591308594
28,tonic,nm,0.1,28,10,2.146451234817505
28,tonic,nm,0.1,28,11,0.23042722046375275
28,tonic,nm,0.1,28,12,0.846768319606781
28,tonic,nm,0.1,28,13,0.1545872688293457
28,tonic,nm,0.1,28,14,0.6340479254722595
28,tonic,nm,0.1,28,15,0.08994521200656891
28,tonic,nm,0.1,28,16,0.40509986877441406
28,tonic,nm,0.1,28,17,0.09584172815084457
28,tonic,nm,0.1,28,18,0.34182390570640564
28,tonic,nm,0.1,28,19,0.09053010493516922
28,tonic,nm,0.1,28,20,0.276223748922348
28,tonic,nm,0.1,28,21,0.07378024607896805
28,tonic,nm,0.1,28,22,0.20138007402420044
28,tonic,nm,0.1,28,23,0.05696863681077957
28,tonic,nm,0.1,28,24,0.14970192313194275
29,tonic,grad,0.1,29,0,1.3265368938446045
29,tonic,grad,0.1,29,1,0.12812437117099762
29,tonic,grad,0.1,29,2,0.7324322462081909
29,tonic,grad,0.1,29,3,0.6453436017036438
29,tonic,grad,0.1,29,4,0.21383847296237946
29,tonic,grad,0.1,29,5,0.07858877629041672
29,tonic,grad,0.1,29,6,0.22855214774608612
29,tonic,grad,0.1,29,7,0.36257603764533997
29,tonic,grad,0.1,29,8,0.32724082469940186
29,tonic,grad,0.1,29,9,0.17649567127227783
29,tonic,grad,0.1,29,10,0.05139274150133133
29,tonic,grad,0.1,29,11,0.03638271614909172
29,tonic,grad,0.1,29,12,0.1098051592707634
29,tonic,grad,0.1,29,13,0.16930411756038666
29,tonic,grad,0.1,29,14,0.1485123187303543
29,tonic,grad,0.1,29,15,0.07536276429891586
29,tonic,grad,0.1,29,16,0.021362394094467163
29,tonic,grad,0.1,29,17,0.022850196808576584
29,tonic,grad,0.1,29,18,0.06127212941646576
29,tonic,grad,0.1,29,19,0.09324893355369568
29,tonic,grad,0.1,29,20,0.08955511450767517
29,tonic,grad,0.1,29,21,0.057513050734996796
29,tonic,grad,0.1,29,22,0.02538898214697838
29,tonic,grad,0.1,29,23,0.01856214553117752
29,tonic,grad,0.1,29,24,0.037398725748062134
29,tonic,nm,0.1,29,0,1.3265368938446045
29,tonic,nm,0.1,29,1,1.1906068325042725
29,tonic,nm,0.1,29,2,4.224922180175781
29,tonic,nm,0.1,29,3,0.7560850977897644
29,tonic,nm,0.1,29,4,15.461626052856445
29,tonic,nm,0.1,29,5,0.7811613082885742
29,tonic,nm,0.1,29,6,0.27884480357170105
29,tonic,nm,0.1,29,7,0.855158805847168
29,tonic,nm,0.1,29,8,1.5980645418167114
29,tonic,nm,0.1,29,9,0.46004506945610046
29,tonic,nm,0.1,29,10,2.1204988956451416
29,tonic,nm,0.1,29,11,0.26359453797340393
29,tonic,nm,0.1,29,12,1.0608478784561157
29,tonic,nm,0.1,29,13,0.3195646405220032
29,tonic,nm,0.1,29,14,0.5929896235466003
29,tonic,nm,0.1,29,15,0.23700469732284546
29,tonic,nm,0.1,29,16,0.7152188420295715
29,tonic,nm,0.1,29,17,0.17233534157276154
29,tonic,nm,0.1,29,18,0.40672898292541504
29,tonic,nm,0.1,29,19,0.18149122595787048
29,tonic,nm,0.1,29,20,0.3847014605998993
29,tonic,nm,0.1,29,21,0.176397442817688
29,tonic,nm,0.1,29,22,0.26369380950927734
29,tonic,nm,0.1,29,23,0.1721564531326294
29,tonic,nm,0.1,29,24,0.25961557030677795
30,tonic,grad,0.1,30,0,3.727135181427002
30,tonic,grad,0.1,30,1,0.7143111824989319
30,tonic,grad,0.1,30,2,0.10613709688186646
30,tonic,grad,0.1,30,3,1.1521061658859253
30,tonic,grad,0.1,30,4,1.4238823652267456
30,tonic,grad,0.1,30,5,0.8380391597747803
30,tonic,grad,0.1,30,6,0.2323904186487198
30,tonic,grad,0.1,30,7,0.036067791283130646
30,tonic,grad,0.1,30,8,0.20867320895195007
30,tonic,grad,0.1,30,9,0.4845782518386841
30,tonic,grad,0.1,30,10,0.6341947317123413
30,tonic,grad,0.1,30,11,0.5850988030433655
30,tonic,grad,0.1,30,12,0.39666977524757385
30,tonic,grad,0.1,30,13,0.18279805779457092
30,tonic,grad,0.1,30,14,0.05805486813187599
30,tonic,grad,0.1,30,15,0.07139270007610321
30,tonic,grad,0.1,30,16,0.18574701249599457
30,tonic,grad,0.1,30,17,0.2963716983795166
30,tonic,grad,0.1,30,18,0.3153834044933319
30,tonic,grad,0.1,30,19,0.23934198915958405
30,tonic,grad,0.1,30,20,0.13101676106452942
30,tonic,grad,0.1,30,21,0.061393287032842636
30,tonic,grad,0.1,30,22,0.0596267469227314
30,tonic,grad,0.1,30,23,0.1069381982088089
30,tonic,grad,0.1,30,24,0.1595974564552307
30,tonic,nm,0.1,30,0,3.727135181427002
30,tonic,nm,0.1,30,1,3.4070961475372314
30,tonic,nm,0.1,30,2,1.3755438327789307
30,tonic,nm,0.1,30,3,2.830322742462158
30,tonic,nm,0.1,30,4,0.15213844180107117
30,tonic,nm,0.1,30,5,1.241523027420044
30,tonic,nm,0.1,30,6,3.0884761810302734
30,tonic,nm,0.1,30,7,1.0076628923416138
30,tonic,nm,0.1,30,8,11.057473182678223
30,tonic,nm,0.1,30,9,0.41353797912597656
30,tonic,nm,0.1,30,10,0.5072848796844482
30,tonic,nm,0.1,30,11,2.695312023162842
30,tonic,nm,0.1,30,12,0.21748846769332886
30,tonic,nm,0.1,30,13,0.6703115105628967
30,tonic,nm,0.1,30,14,0.16372321546077728
30,tonic,nm,0.1,30,15,0.837398886680603
30,tonic,nm,0.1,30,16,0.1152401939034462
30,tonic,nm,0.1,30,17,0.47201356291770935
30,tonic,nm,0.1,30,18,0.06479521840810776
30,tonic,nm,0.1,30,19,0.3324156403541565
30,tonic,nm,0.1,30,20,0.05419580265879631
30,tonic,nm,0.1,30,21,0.30639705061912537
30,tonic,nm,0.1,30,22,0.0530228428542614
30,tonic,nm,0.1,30,23,0.2128588855266571
30,tonic,nm,0.1,30,24,0.043786682188510895
31,tonic,grad,0.1,31,0,0.5205185413360596
31,tonic,grad,0.1,31,1,0.3853439688682556
31,tonic,grad,0.1,31,2,0.4612925350666046
31,tonic,grad,0.1,31,3,0.2150125354528427
31,tonic,grad,0.1,31,4,0.09926048666238785
31,tonic,grad,0.1,31,5,0.1707278937101364
31,tonic,grad,0.1,31,6,0.18714159727096558
31,tonic,grad,0.1,31,7,0.09667157381772995
31,tonic,grad,0.1,31,8,0.022976865991950035
31,tonic,grad,0.1,31,9,0.030759209766983986
31,tonic,grad,0.1,31,10,0.07409215718507767
31,tonic,grad,0.1,31,11,0.08340480923652649
31,tonic,grad,0.1,31,12,0.0511898510158062
31,tonic,grad,0.1,31,13,0.016446607187390327
31,tonic,grad,0.1,31,14,0.011997178196907043
31,tonic,grad,0.1,31,15,0.035387102514505386
31,tonic,grad,0.1,31,16,0.054922785609960556
31,tonic,grad,0.1,31,17,0.0491158701479435
31,tonic,grad,0.1,31,18,0.029242342337965965
31,tonic,grad,0.1,31,19,0.017792774364352226
31,tonic,grad,0.1,31,20,0.022771278396248817
31,tonic,grad,0.1,31,21,0.03453313559293747
31,tonic,grad,0.1,31,22,0.038519881665706635
31,tonic,grad,0.1,31,23,0.030959775671362877
31,tonic,grad,0.1,31,24,0.01969144493341446
31,tonic,nm,0.1,31,0,0.5205185413360596
31,tonic,nm,0.1,31,1,0.6335383057594299
31,tonic,nm,0.1,31,2,13.688315391540527
31,tonic,nm,0.1,31,3,0.825419545173645
31,tonic,nm,0.1,31,4,5.13538122177124
31,tonic,nm,0.1,31,5,1.1315256357192993
31,tonic,nm,0.1,31,6,6.12443208694458
31,tonic,nm,0.1,31,7,0.2013215720653534
31,tonic,nm,0.1,31,8,0.3073244094848633
31,tonic,nm,0.1,31,9,0.5338044166564941
31,tonic,nm,0.1,31,10,0.2830926477909088
31,tonic,nm,0.1,31,11,1.5276495218276978
31,tonic,nm,0.1,31,12,0.218949556350708
31,tonic,nm,0.1,31,13,0.07130105048418045
31,tonic,nm,0.1,31,14,0.033372845500707626
31,tonic,nm,0.1,31,15,0.1311706155538559
31,tonic,nm,0.1,31,16,0.08719741553068161
31,tonic,nm,0.1,31,17,0.0911891832947731
31,tonic,nm,0.1,31,18,0.10042169690132141
31,tonic,nm,0.1,31,19,0.035949788987636566
31,tonic,nm,0.1,31,20,0.3915311396121979
31,tonic,nm,0.1,31,21,0.017966361716389656
31,tonic,nm,0.1,31,22,0.0586513914167881
31,tonic,nm,0.1,31,23,0.02259906567633152
31,tonic,nm,0.1,31,24,0.12652835249900818
32,tonic,grad,0.1,32,0,1.3736865520477295
32,tonic,grad,0.1,32,1,0.11695665866136551
32,tonic,grad,0.1,32,2,0.7240474224090576
32,tonic,grad,0.1,32,3,0.6808218359947205
32,tonic,grad,0.1,32,4,0.2402685284614563
32,tonic,grad,0.1,32,5,0.07640919089317322
32,tonic,grad,0.1,32,6,0.2238566279411316
32,tonic,grad,0.1,32,7,0.3765387535095215
32,tonic,grad,0.1,32,8,0.35476675629615784
32,tonic,grad,0.1,32,9,0.20696786046028137
32,tonic,grad,0.1,32,10,0.07042889297008514
32,tonic,grad,0.1,32,11,0.04754383862018585
32,tonic,grad,0.1,32,12,0.12393012642860413
32,tonic,grad,0.1,32,13,0.1936022937297821
32,tonic,grad,0.1,32,14,0.17693287134170532
32,tonic,grad,0.1,32,15,0.09912513196468353
32,tonic,grad,0.1,32,16,0.03907844051718712
32,tonic,grad,0.1,32,17,0.03947829455137253
32,tonic,grad,0.1,32,18,0.08147597312927246
32,tonic,grad,0.1,32,19,0.11591287702322006
32,tonic,grad,0.1,32,20,0.11062198132276535
32,tonic,grad,0.1,32,21,0.07345226407051086
32,tonic,grad,0.1,32,22,0.03908757120370865
32,tonic,grad,0.1,32,23,0.03528066352009773
32,tonic,grad,0.1,32,24,0.05846487730741501
32,tonic,nm,0.1,32,0,1.3736865520477295
32,tonic,nm,0.1,32,1,1.2337195873260498
32,tonic,nm,0.1,32,2,4.06431770324707
32,tonic,nm,0.1,32,3,0.8057975769042969
32,tonic,nm,0.1,32,4,15.715850830078125
32,tonic,nm,0.1,32,5,0.7069353461265564
32,tonic,nm,0.1,32,6,0.2440894991159439
32,tonic,nm,0.1,32,7,0.7931122183799744
32,tonic,nm,0.1,32,8,1.496863603591919
32,tonic,nm,0.1,32,9,0.4780334532260895
32,tonic,nm,0.1,32,10,1.6156988143920898
32,tonic,nm,0.1,32,11,0.2848922908306122
32,tonic,nm,0.1,32,12,1.4772781133651733
32,tonic,nm,0.1,32,13,0.2645404636859894
32,tonic,nm,0.1,32,14,0.6509957909584045
32,tonic,nm,0.1,32,15,0.22977562248706818
32,tonic,nm,0.1,32,16,0.6361485123634338
32,tonic,nm,0.1,32,17,0.1563059240579605
32,tonic,nm,0.1,32,18,0.3056822419166565
32,tonic,nm,0.1,32,19,0.17176838219165802
32,tonic,nm,0.1,32,20,0.4451579451560974
32,tonic,nm,0.1,32,21,0.15409548580646515
32,tonic,nm,0.1,32,22,0.2686583697795868
32,tonic,nm,0.1,32,23,0.16054049134254456
32,tonic,nm,0.1,32,24,0.21024031937122345
33,tonic,grad,0.1,33,0,1.1941707134246826
33,tonic,grad,0.1,33,1,0.3156386911869049
33,tonic,grad,0.1,33,2,0.8102241158485413
33,tonic,grad,0.1,33,3,0.5495365262031555
33,tonic,grad,0.1,33,4,0.21422624588012695
33,tonic,grad,0.1,33,5,0.20793189108371735
33,tonic,grad,0.1,33,6,0.3465856611728668
33,tonic,grad,0.1,33,7,0.36891409754753113
33,tonic,grad,0.1,33,8,0.248896524310112
33,tonic,grad,0.1,33,9,0.10850569605827332
33,tonic,grad,0.1,33,10,0.05510583147406578
33,tonic,grad,0.1,33,11,0.09762337803840637
33,tonic,grad,0.1,33,12,0.14815524220466614
33,tonic,grad,0.1,33,13,0.13236527144908905
33,tonic,grad,0.1,33,14,0.06859419494867325
33,tonic,grad,0.1,33,15,0.019625920802354813
33,tonic,grad,0.1,33,16,0.022276772186160088
33,tonic,grad,0.1,33,17,0.0575074665248394
33,tonic,grad,0.1,33,18,0.08200389891862869
33,tonic,grad,0.1,33,19,0.07312074303627014
33,tonic,grad,0.1,33,20,0.04181766137480736
33,tonic,grad,0.1,33,21,0.018544256687164307
33,tonic,grad,0.1,33,22,0.022596120834350586
33,tonic,grad,0.1,33,23,0.04442581906914711
33,tonic,grad,0.1,33,24,0.05775578320026398
33,tonic,nm,0.1,33,0,1.1941707134246826
33,tonic,nm,0.1,33,1,1.0970691442489624
33,tonic,nm,0.1,33,2,5.08148193359375
33,tonic,nm,0.1,33,3,0.6536500453948975
33,tonic,nm,0.1,33,4,14.385224342346191
33,tonic,nm,0.1,33,5,1.2351322174072266
33,tonic,nm,0.1,33,6,6.660426616668701
33,tonic,nm,0.1,33,7,0.3954184055328369
33,tonic,nm,0.1,33,8,0.2872380018234253
33,tonic,nm,0.1,33,9,0.400073766708374
33,tonic,nm,0.1,33,10,0.5383223295211792
33,tonic,nm,0.1,33,11,1.795061469078064
33,tonic,nm,0.1,33,12,0.3127036988735199
33,tonic,nm,0.1,33,13,0.7492941617965698
33,tonic,nm,0.1,33,14,0.3494361340999603
33,tonic,nm,0.1,33,15,0.1928478479385376
33,tonic,nm,0.1,33,16,0.20072509348392487
33,tonic,nm,0.1,33,17,0.5496620535850525
33,tonic,nm,0.1,33,18,0.2546737790107727
33,tonic,nm,0.1,33,19,0.3093714714050293
33,tonic,nm,0.1,33,20,0.25575748085975647
33,tonic,nm,0.1,33,21,0.15107421576976776
33,tonic,nm,0.1,33,22,0.11750081926584244
33,tonic,nm,0.1,33,23,0.13642540574073792
33,tonic,nm,0.1,33,24,0.1429823637008667
34,tonic,grad,0.1,34,0,0.29344525933265686
34,tonic,grad,0.1,34,1,0.37724950909614563
34,tonic,grad,0.1,34,2,0.11252904683351517
34,tonic,grad,0.1,34,3,0.2318391352891922
34,tonic,grad,0.1,34,4,0.10859248042106628
34,tonic,grad,0.1,34,5,0.03371813893318176
34,tonic,grad,0.1,34,6,0.08497755974531174
34,tonic,grad,0.1,34,7,0.09503640979528427
34,tonic,grad,0.1,34,8,0.038895685225725174
34,tonic,grad,0.1,34,9,0.006119765341281891
34,tonic,grad,0.1,34,10,0.031139466911554337
34,tonic,grad,0.1,34,11,0.054170507937669754
34,tonic,grad,0.1,34,12,0.03619813919067383
34,tonic,grad,0.1,34,13,0.011643761768937111
34,tonic,grad,0.1,34,14,0.01485198363661766
34,tonic,grad,0.1,34,15,0.03310081735253334
34,tonic,grad,0.1,34,16,0.03738996013998985
34,tonic,grad,0.1,34,17,0.023667877539992332
34,tonic,grad,0.1,34,18,0.011503318324685097
34,tonic,grad,0.1,34,19,0.01447939034551382
34,tonic,grad,0.1,34,20,0.024320315569639206
34,tonic,grad,0.1,34,21,0.025202112272381783
34,tonic,grad,0.1,34,22,0.01578560844063759
34,tonic,grad,0.1,34,23,0.00945178885012865
34,tonic,grad,0.1,34,24,0.011999797075986862
34,tonic,nm,0.1,34,0,0.29344525933265686
34,tonic,nm,0.1,34,1,0.3348352909088135
34,tonic,nm,0.1,34,2,10.363312721252441
34,tonic,nm,0.1,34,3,0.2927300035953522
34,tonic,nm,0.1,34,4,7.754215717315674
34,tonic,nm,0.1,34,5,2.5118510723114014
34,tonic,nm,0.1,34,6,4.036731243133545
34,tonic,nm,0.1,34,7,0.8579168915748596
34,tonic,nm,0.1,34,8,1.7491426467895508
34,tonic,nm,0.1,34,9,0.37524208426475525
34,tonic,nm,0.1,34,10,0.8939708471298218
34,tonic,nm,0.1,34,11,0.2551814317703247
34,tonic,nm,0.1,34,12,0.1576700359582901
34,tonic,nm,0.1,34,13,0.11671682447195053
34,tonic,nm,0.1,34,14,0.08721493184566498
34,tonic,nm,0.1,34,15,0.04681921377778053
34,tonic,nm,0.1,34,16,0.26496896147727966
34,tonic,nm,0.1,34,17,0.16458013653755188
34,tonic,nm,0.1,34,18,0.017075328156352043
34,tonic,nm,0.1,34,19,0.01698579266667366
34,tonic,nm,0.1,34,20,0.0881575420498848
34,tonic,nm,0.1,34,21,0.05861108750104904
34,tonic,nm,0.1,34,22,0.04148324951529503
34,tonic,nm,0.1,34,23,0.15460878610610962
34,tonic,nm,0.1,34,24,0.019469071179628372
35,tonic,grad,0.1,35,0,12.085740089416504
35,tonic,grad,0.1,35,1,5.695013046264648
35,tonic,grad,0.1,35,2,1.4789749383926392
35,tonic,grad,0.1,35,3,0.06473647803068161
35,tonic,grad,0.1,35,4,1.2905765771865845
35,tonic,grad,0.1,35,5,2.9996116161346436
35,tonic,grad,0.1,35,6,3.2331979274749756
35,tonic,grad,0.1,35,7,2.2816240787506104
35,tonic,grad,0.1,35,8,1.0828970670700073
35,tonic,grad,0.1,35,9,0.2723097503185272
35,tonic,grad,0.1,35,10,0.05136943981051445
35,tonic,grad,0.1,35,11,0.2788700759410858
35,tonic,grad,0.1,35,12,0.6894837617874146
35,tonic,grad,0.1,35,13,1.0467805862426758
35,tonic,grad,0.1,35,14,1.2143265008926392
35,tonic,grad,0.1,35,15,1.154906153678894
35,tonic,grad,0.1,35,16,0.9190422892570496
35,tonic,grad,0.1,35,17,0.596105694770813
35,tonic,grad,0.1,35,18,0.29243043065071106
35,tonic,grad,0.1,35,19,0.09628785401582718
35,tonic,grad,0.1,35,20,0.05699553340673447
35,tonic,grad,0.1,35,21,0.15853005647659302
35,tonic,grad,0.1,35,22,0.32665401697158813
35,tonic,grad,0.1,35,23,0.4579803943634033
35,tonic,grad,0.1,35,24,0.48747947812080383
35,tonic,nm,0.1,35,0,12.085740089416504
35,tonic,nm,0.1,35,1,11.456535339355469
35,tonic,nm,0.1,35,2,0.34597331285476685
35,tonic,nm,0.1,35,3,10.415367126464844
35,tonic,nm,0.1,35,4,1.5405831336975098
35,tonic,nm,0.1,35,5,0.13220669329166412
35,tonic,nm,0.1,35,6,2.107097864151001
35,tonic,nm,0.1,35,7,5.46458101272583
35,tonic,nm,0.1,35,8,1.498452067375183
35,tonic,nm,0.1,35,9,3.613589286804199
35,tonic,nm,0.1,35,10,0.4508371353149414
35,tonic,nm,0.1,35,11,2.7963509559631348
35,tonic,nm,0.1,35,12,0.48862224817276
35,tonic,nm,0.1,35,13,1.232205867767334
35,tonic,nm,0.1,35,14,0.20569300651550293
35,tonic,nm,0.1,35,15,0.5057619214057922
35,tonic,nm,0.1,35,16,0.24141864478588104
35,tonic,nm,0.1,35,17,0.28458383679389954
35,tonic,nm,0.1,35,18,0.1729443073272705
35,tonic,nm,0.1,35,19,0.7340877652168274
35,tonic,nm,0.1,35,20,0.13340286910533905
35,tonic,nm,0.1,35,21,0.06288590282201767
35,tonic,nm,0.1,35,22,0.04219195619225502
35,tonic,nm,0.1,35,23,0.11920376121997833
35,tonic,nm,0.1,35,24,0.028866557404398918
36,tonic,grad,0.1,36,0,9.354448318481445
36,tonic,grad,0.1,36,1,3.889073133468628
36,tonic,grad,0.1,36,2,0.6924786567687988
36,tonic,grad,0.1,36,3,0.26108136773109436
36,tonic,grad,0.1,36,4,1.7902772426605225
36,tonic,grad,0.1,36,5,2.7709603309631348
36,tonic,grad,0.1,36,6,2.3437788486480713
36,tonic,grad,0.1,36,7,1.3017845153808594
36,tonic,grad,0.1,36,8,0.42976680397987366
36,tonic,grad,0.1,36,9,0.07473577558994293
36,tonic,grad,0.1,36,10,0.19221162796020508
36,tonic,grad,0.1,36,11,0.542332112789154
36,tonic,grad,0.1,36,12,0.8775115609169006
36,tonic,grad,0.1,36,13,1.0468111038208008
36,tonic,grad,0.1,36,14,1.0026358366012573
36,tonic,grad,0.1,36,15,0.791149914264679
36,tonic,grad,0.1,36,16,0.5034171938896179
36,tonic,grad,0.1,36,17,0.23729759454727173
36,tonic,grad,0.1,36,18,0.08007600158452988
36,tonic,grad,0.1,36,19,0.0703863799571991
36,tonic,grad,0.1,36,20,0.18080683052539825
36,tonic,grad,0.1,36,21,0.33130401372909546
36,tonic,grad,0.1,36,22,0.42660805583000183
36,tonic,grad,0.1,36,23,0.41534513235092163
36,tonic,grad,0.1,36,24,0.3173333704471588
36,tonic,nm,0.1,36,0,9.354448318481445
36,tonic,nm,0.1,36,1,8.833932876586914
36,tonic,nm,0.1,36,2,0.25591883063316345
36,tonic,nm,0.1,36,3,7.853023529052734
36,tonic,nm,0.1,36,4,0.7515261173248291
36,tonic,nm,0.1,36,5,0.5439497232437134
36,tonic,nm,0.1,36,6,7.672992706298828
36,tonic,nm,0.1,36,7,2.7228753566741943
36,tonic,nm,0.1,36,8,2.790836811065674
36,tonic,nm,0.1,36,9,1.046338677406311
36,tonic,nm,0.1,36,10,1.0730544328689575
36,tonic,nm,0.1,36,11,0.4714600145816803
36,tonic,nm,0.1,36,12,2.699936628341675
36,tonic,nm,0.1,36,13,0.2573949694633484
36,tonic,nm,0.1,36,14,0.5182011723518372
36,tonic,nm,0.1,36,15,0.31761813163757324
36,tonic,nm,0.1,36,16,0.9377965331077576
36,tonic,nm,0.1,36,17,0.27130967378616333
36,tonic,nm,0.1,36,18,0.2184881865978241
36,tonic,nm,0.1,36,19,0.2824392318725586
36,tonic,nm,0.1,36,20,0.24169893562793732
36,tonic,nm,0.1,36,21,0.3071906864643097
36,tonic,nm,0.1,36,22,0.2123340368270874
36,tonic,nm,0.1,36,23,0.14748629927635193
36,tonic,nm,0.1,36,24,0.1477225422859192
37,tonic,grad,0.1,37,0,4.297365188598633
37,tonic,grad,0.1,37,1,1.0155962705612183
37,tonic,grad,0.1,37,2,0.15434475243091583
37,tonic,grad,0.1,37,3,1.1720601320266724
37,tonic,grad,0.1,37,4,1.6116845607757568
37,tonic,grad,0.1,37,5,1.0739269256591797
37,tonic,grad,0.1,37,6,0.39369648694992065
37,tonic,grad,0.1,37,7,0.07569389790296555
37,tonic,grad,0.1,37,8,0.16246095299720764
37,tonic,grad,0.1,37,9,0.42623263597488403
37,tonic,grad,0.1,37,10,0.627228856086731
37,tonic,grad,0.1,37,11,0.65399169921875
37,tonic,grad,0.1,37,12,0.514365017414093
37,tonic,grad,0.1,37,13,0.2984931468963623
37,tonic,grad,0.1,37,14,0.11211711913347244
37,tonic,grad,0.1,37,15,0.031035274267196655
37,tonic,grad,0.1,37,16,0.07153872400522232
37,tonic,grad,0.1,37,17,0.1794532984495163
37,tonic,grad,0.1,37,18,0.2654324471950531
37,tonic,grad,0.1,37,19,0.2668531537055969
37,tonic,grad,0.1,37,20,0.19263821840286255
37,tonic,grad,0.1,37,21,0.09527107328176498
37,tonic,grad,0.1,37,22,0.03098938800394535
37,tonic,grad,0.1,37,23,0.023538431152701378
37,tonic,grad,0.1,37,24,0.059670016169548035
37,tonic,nm,0.1,37,0,4.297365188598633
37,tonic,nm,0.1,37,1,3.9889633655548096
37,tonic,nm,0.1,37,2,1.3849741220474243
37,tonic,nm,0.1,37,3,3.243910074234009
37,tonic,nm,0.1,37,4,0.2518043518066406
37,tonic,nm,0.1,37,5,1.185840368270874
37,tonic,nm,0.1,37,6,2.925471305847168
37,tonic,nm,0.1,37,7,14.19249439239502
37,tonic,nm,0.1,37,8,0.5282338857650757
37,tonic,nm,0.1,37,9,1.6644492149353027
37,tonic,nm,0.1,37,10,0.593173086643219
37,tonic,nm,0.1,37,11,3.020608425140381
37,tonic,nm,0.1,37,12,0.4704326093196869
37,tonic,nm,0.1,37,13,0.6088205575942993
37,tonic,nm,0.1,37,14,0.3287215232849121
37,tonic,nm,0.1,37,15,1.0536460876464844
37,tonic,nm,0.1,37,16,0.2656688392162323
37,tonic,nm,0.1,37,17,0.7037757039070129
37,tonic,nm,0.1,37,18,0.2711971700191498
37,tonic,nm,0.1,37,19,0.3747173249721527
37,tonic,nm,0.1,37,20,0.23630894720554352
37,tonic,nm,0.1,37,21,0.3073422610759735
37,tonic,nm,0.1,37,22,0.21807056665420532
37,tonic,nm,0.1,37,23,0.40884169936180115
37,tonic,nm,0.1,37,24,0.20893287658691406
38,tonic,grad,0.1,38,0,0.35119661688804626
38,tonic,grad,0.1,38,1,0.8513190150260925
38,tonic,grad,0.1,38,2,0.27913615107536316
38,tonic,grad,0.1,38,3,0.24519681930541992
38,tonic,grad,0.1,38,4,0.4129709005355835
38,tonic,grad,0.1,38,5,0.3430972695350647
38,tonic,grad,0.1,38,6,0.15947140753269196
38,tonic,grad,0.1,38,7,0.06364776194095612
38,tonic,grad,0.1,38,8,0.10605771839618683
38,tonic,grad,0.1,38,9,0.16264179348945618
38,tonic,grad,0.1,38,10,0.1317235678434372
38,tonic,grad,0.1,38,11,0.05594416707754135
38,tonic,grad,0.1,38,12,0.016759835183620453
38,tonic,grad,0.1,38,13,0.037692055106163025
38,tonic,grad,0.1,38,14,0.07702308148145676
38,tonic,grad,0.1,38,15,0.08794941008090973
38,tonic,grad,0.1,38,16,0.062139905989170074
38,tonic,grad,0.1,38,17,0.029234489426016808
38,tonic,grad,0.1,38,18,0.019045716151595116
38,tonic,grad,0.1,38,19,0.036174215376377106
38,tonic,grad,0.1,38,20,0.0565740205347538
38,tonic,grad,0.1,38,21,0.05775544419884682
38,tonic,grad,0.1,38,22,0.040861647576093674
38,tonic,grad,0.1,38,23,0.025034833699464798
38,tonic,grad,0.1,38,24,0.023577919229865074
38,tonic,nm,0.1,38,0,0.35119661688804626
38,tonic,nm,0.1,38,1,0.34157606959342957
38,tonic,nm,0.1,38,2,8.0706205368042
38,tonic,nm,0.1,38,3,0.15452446043491364
38,tonic,nm,0.1,38,4,9.997617721557617
38,tonic,nm,0.1,38,5,2.6886422634124756
38,tonic,nm,0.1,38,6,3.809985637664795
38,tonic,nm,0.1,38,7,0.9523137807846069
38,tonic,nm,0.1,38,8,1.6040940284729004
38,tonic,nm,0.1,38,9,0.41893211007118225
38,tonic,nm,0.1,38,10,0.8000917434692383
38,tonic,nm,0.1,38,11,0.27007701992988586
38,tonic,nm,0.1,38,12,0.24428227543830872
38,tonic,nm,0.1,38,13,0.33503207564353943
38,tonic,nm,0.1,38,14,0.2517431080341339
38,tonic,nm,0.1,38,15,0.1338193714618683
38,tonic,nm,0.1,38,16,0.10164555162191391
38,tonic,nm,0.1,38,17,0.12522122263908386
38,tonic,nm,0.1,38,18,0.09224899113178253
38,tonic,nm,0.1,38,19,0.14794713258743286
38,tonic,nm,0.1,38,20,0.04343082755804062
38,tonic,nm,0.1,38,21,0.036071959882974625
38,tonic,nm,0.1,38,22,0.019493388012051582
38,tonic,nm,0.1,38,23,0.024398569017648697
38,tonic,nm,0.1,38,24,0.16010411083698273
39,tonic,grad,0.1,39,0,0.7601022124290466
39,tonic,grad,0.1,39,1,0.22936293482780457
39,tonic,grad,0.1,39,2,0.5382993221282959
39,tonic,grad,0.1,39,3,0.23293480277061462
39,tonic,grad,0.1,39,4,0.07668902724981308
39,tonic,grad,0.1,39,5,0.18640388548374176
39,tonic,grad,0.1,39,6,0.26079773902893066
39,tonic,grad,0.1,39,7,0.17833176255226135
39,tonic,grad,0.1,39,8,0.058647021651268005
39,tonic,grad,0.1,39,9,0.025127161294221878
39,tonic,grad,0.1,39,10,0.07964077591896057
39,tonic,grad,0.1,39,11,0.11910894513130188
39,tonic,grad,0.1,39,12,0.08657355606555939
39,tonic,grad,0.1,39,13,0.028447570279240608
39,tonic,grad,0.1,39,14,0.00964215025305748
39,tonic,grad,0.1,39,15,0.03675776720046997
39,tonic,grad,0.1,39,16,0.06704656779766083
39,tonic,grad,0.1,39,17,0.06549413502216339
39,tonic,grad,0.1,39,18,0.037651702761650085
39,tonic,grad,0.1,39,19,0.015209026634693146
39,tonic,grad,0.1,39,20,0.019346870481967926
39,tonic,grad,0.1,39,21,0.04005638509988785
39,tonic,grad,0.1,39,22,0.05061814561486244
39,tonic,grad,0.1,39,23,0.03915635123848915
39,tonic,grad,0.1,39,24,0.021242009475827217
39,tonic,nm,0.1,39,0,0.7601022124290466
39,tonic,nm,0.1,39,1,0.6723558902740479
39,tonic,nm,0.1,39,2,5.538416385650635
39,tonic,nm,0.1,39,3,0.34303489327430725
39,tonic,nm,0.1,39,4,13.149418830871582
39,tonic,nm,0.1,39,5,1.3398141860961914
39,tonic,nm,0.1,39,6,5.777161121368408
39,tonic,nm,0.1,39,7,0.29451489448547363
39,tonic,nm,0.1,39,8,0.16241037845611572
39,tonic,nm,0.1,39,9,0.37691083550453186
39,tonic,nm,0.1,39,10,0.6019370555877686
39,tonic,nm,0.1,39,11,0.2748189866542816
39,tonic,nm,0.1,39,12,1.5145574808120728
39,tonic,nm,0.1,39,13,0.12440474331378937
39,tonic,nm,0.1,39,14,0.058763179928064346
39,tonic,nm,0.1,39,15,0.07449892908334732
39,tonic,nm,0.1,39,16,0.28015896677970886
39,tonic,nm,0.1,39,17,0.15202049911022186
39,tonic,nm,0.1,39,18,0.0774204283952713
39,tonic,nm,0.1,39,19,0.3039509057998657
39,tonic,nm,0.1,39,20,0.08701078593730927
39,tonic,nm,0.1,39,21,0.03664202243089676
39,tonic,nm,0.1,39,22,0.03893272578716278
39,tonic,nm,0.1,39,23,0.06439419090747833
39,tonic,nm,0.1,39,24,0.029416246339678764
40,tonic,grad,0.1,40,0,1.3028748035430908
40,tonic,grad,0.1,40,1,0.1571235954761505
40,tonic,grad,0.1,40,2,0.4937452971935272
40,tonic,grad,0.1,40,3,0.7198991179466248
40,tonic,grad,0.1,40,4,0.5400762557983398
40,tonic,grad,0.1,40,5,0.24530135095119476
40,tonic,grad,0.1,40,6,0.070481076836586
40,tonic,grad,0.1,40,7,0.08867526054382324
40,tonic,grad,0.1,40,8,0.20148172974586487
40,tonic,grad,0.1,40,9,0.2594565153121948
40,tonic,grad,0.1,40,10,0.2112552374601364
40,tonic,grad,0.1,40,11,0.10714703798294067
40,tonic,grad,0.1,40,12,0.027171235531568527
40,tonic,grad,0.1,40,13,0.009359541349112988
40,tonic,grad,0.1,40,14,0.04216630384325981
40,tonic,grad,0.1,40,15,0.08738861232995987
40,tonic,grad,0.1,40,16,0.11059185117483139
40,tonic,grad,0.1,40,17,0.0995335504412651
40,tonic,grad,0.1,40,18,0.06474612653255463
40,tonic,grad,0.1,40,19,0.029757816344499588
40,tonic,grad,0.1,40,20,0.01225018035620451
40,tonic,grad,0.1,40,21,0.01872476190328598
40,tonic,grad,0.1,40,22,0.039536017924547195
40,tonic,grad,0.1,40,23,0.057877760380506516
40,tonic,grad,0.1,40,24,0.061855498701334
40,tonic,nm,0.1,40,0,1.3028748035430908
40,tonic,nm,0.1,40,1,1.478853702545166
40,tonic,nm,0.1,40,2,17.514846801757812
40,tonic,nm,0.1,40,3,1.8997489213943481
40,tonic,nm,0.1,40,4,3.1104209423065186
40,tonic,nm,0.1,40,5,0.3258568048477173
40,tonic,nm,0.1,40,6,0.20771728456020355
40,tonic,nm,0.1,40,7,0.7442303895950317
40,tonic,nm,0.1,40,8,0.9138116240501404
40,tonic,nm,0.1,40,9,4.746522903442383
40,tonic,nm,0.1,40,10,0.2694118916988373
40,tonic,nm,0.1,40,11,0.6302931308746338
40,tonic,nm,0.1,40,12,0.2553374171257019
40,tonic,nm,0.1,40,13,1.0190154314041138
40,tonic,nm,0.1,40,14,0.1281200796365738
40,tonic,nm,0.1,40,15,0.32692602276802063
40,tonic,nm,0.1,40,16,0.1622692346572876
40,tonic,nm,0.1,40,17,0.35740765929222107
40,tonic,nm,0.1,40,18,0.153727188706398
40,tonic,nm,0.1,40,19,0.1642194241285324
40,tonic,nm,0.1,40,20,0.12092059850692749
40,tonic,nm,0.1,40,21,0.08236178755760193
40,tonic,nm,0.1,40,22,0.1107303649187088
40,tonic,nm,0.1,40,23,0.11264246702194214
40,tonic,nm,0.1,40,24,0.06001730635762215
41,tonic,grad,0.1,41,0,0.7442787289619446
41,tonic,grad,0.1,41,1,0.11436401307582855
41,tonic,grad,0.1,41,2,0.532975971698761
41,tonic,grad,0.1,41,3,0.23586660623550415
41,tonic,grad,0.1,41,4,0.027707181870937347
41,tonic,grad,0.1,41,5,0.13751673698425293
41,tonic,grad,0.1,41,6,0.2576274275779724
41,tonic,grad,0.1,41,7,0.20343108475208282
41,tonic,grad,0.1,41,8,0.07158163189888
41,tonic,grad,0.1,41,9,0.013395988382399082
41,tonic,grad,0.1,41,10,0.06859688460826874
41,tonic,grad,0.1,41,11,0.1347413808107376
41,tonic,grad,0.1,41,12,0.11915582418441772
41,tonic,grad,0.1,41,13,0.050231270492076874
41,tonic,grad,0.1,41,14,0.012848789803683758
41,tonic,grad,0.1,41,15,0.03425295278429985
41,tonic,grad,0.1,41,16,0.07404986023902893
41,tonic,grad,0.1,41,17,0.08284910023212433
41,tonic,grad,0.1,41,18,0.054846227169036865
41,tonic,grad,0.1,41,19,0.02190518192946911
41,tonic,grad,0.1,41,20,0.018142545595765114
41,tonic,grad,0.1,41,21,0.041149962693452835
41,tonic,grad,0.1,41,22,0.05751130357384682
41,tonic,grad,0.1,41,23,0.046858277171850204
41,tonic,grad,0.1,41,24,0.024330487474799156
41,tonic,nm,0.1,41,0,0.7442787289619446
41,tonic,nm,0.1,41,1,0.6382158398628235
41,tonic,nm,0.1,41,2,5.155004978179932
41,tonic,nm,0.1,41,3,0.3447793424129486
41,tonic,nm,0.1,41,4,13.5013427734375
41,tonic,nm,0.1,41,5,1.1097352504730225
41,tonic,nm,0.1,41,6,5.975796699523926
41,tonic,nm,0.1,41,7,0.15387040376663208
41,tonic,nm,0.1,41,8,0.0630379244685173
41,tonic,nm,0.1,41,9,0.24985197186470032
41,tonic,nm,0.1,41,10,0.46006473898887634
41,tonic,nm,0.1,41,11,0.1602141261100769
41,tonic,nm,0.1,41,12,1.2856380939483643
41,tonic,nm,0.1,41,13,0.07517730444669724
41,tonic,nm,0.1,41,14,0.12210331857204437
41,tonic,nm,0.1,41,15,0.2804907560348511
41,tonic,nm,0.1,41,16,0.07464246451854706
41,tonic,nm,0.1,41,17,0.08739864081144333
41,tonic,nm,0.1,41,18,0.053214434534311295
41,tonic,nm,0.1,41,19,0.31345778703689575
41,tonic,nm,0.1,41,20,0.037314385175704956
41,tonic,nm,0.1,41,21,0.020673435181379318
41,tonic,nm,0.1,41,22,0.01619185321033001
41,tonic,nm,0.1,41,23,0.02053668349981308
41,tonic,nm,0.1,41,24,0.0929156243801117
42,tonic,grad,0.1,42,0,0.2993544936180115
42,tonic,grad,0.1,42,1,0.26920387148857117
42,tonic,grad,0.1,42,2,0.09206686913967133
42,tonic,grad,0.1,42,3,0.1066993698477745
42,tonic,grad,0.1,42,4,0.07184864580631256
42,tonic,grad,0.1,42,5,0.01669330522418022
42,tonic,grad,0.1,42,6,0.04307272285223007
42,tonic,grad,0.1,42,7,0.048454124480485916
42,tonic,grad,0.1,42,8,0.019509444013237953
42,tonic,grad,0.1,42,9,0.02168303355574608
42,tonic,grad,0.1,42,10,0.044805921614170074
42,tonic,grad,0.1,42,11,0.04008055105805397
42,tonic,grad,0.1,42,12,0.024818425998091698
42,tonic,grad,0.1,42,13,0.02885344810783863
42,tonic,grad,0.1,42,14,0.03819470852613449
42,tonic,grad,0.1,42,15,0.03235051780939102
42,tonic,grad,0.1,42,16,0.021105322986841202
42,tonic,grad,0.1,42,17,0.021517286077141762
42,tonic,grad,0.1,42,18,0.027492742985486984
42,tonic,grad,0.1,42,19,0.024165671318769455
42,tonic,grad,0.1,42,20,0.017205968499183655
42,tonic,grad,0.1,42,21,0.01703622005879879
42,tonic,grad,0.1,42,22,0.021573636680841446
42,tonic,grad,0.1,42,23,0.021306950598955154
42,tonic,grad,0.1,42,24,0.016955075785517693
42,tonic,nm,0.1,42,0,0.2993544936180115
42,tonic,nm,0.1,42,1,0.36246293783187866
42,tonic,nm,0.1,42,2,11.018376350402832
42,tonic,nm,0.1,42,3,0.363065630197525
42,tonic,nm,0.1,42,4,7.168212890625
42,tonic,nm,0.1,42,5,2.1844801902770996
42,tonic,nm,0.1,42,6,4.433591365814209
42,tonic,nm,0.1,42,7,0.6816784739494324
42,tonic,nm,0.1,42,8,1.995083212852478
42,tonic,nm,0.1,42,9,0.2869087755680084
42,tonic,nm,0.1,42,10,0.508048415184021
42,tonic,nm,0.1,42,11,0.2757364511489868
42,tonic,nm,0.1,42,12,0.16997945308685303
42,tonic,nm,0.1,42,13,0.18484900891780853
42,tonic,nm,0.1,42,14,0.19933448731899261
42,tonic,nm,0.1,42,15,0.15177640318870544
42,tonic,nm,0.1,42,16,0.2223610281944275
42,tonic,nm,0.1,42,17,0.2610939145088196
42,tonic,nm,0.1,42,18,0.17217124998569489
42,tonic,nm,0.1,42,19,0.1397799700498581
42,tonic,nm,0.1,42,20,0.2054191529750824
42,tonic,nm,0.1,42,21,0.3454620838165283
42,tonic,nm,0.1,42,22,0.12372338771820068
42,tonic,nm,0.1,42,23,0.15426383912563324
42,tonic,nm,0.1,42,24,0.1274961531162262
43,tonic,grad,0.1,43,0,4.12507438659668
43,tonic,grad,0.1,43,1,0.8854944109916687
43,tonic,grad,0.1,43,2,0.057060059159994125
43,tonic,grad,0.1,43,3,1.0916998386383057
43,tonic,grad,0.1,43,4,1.5371297597885132
43,tonic,grad,0.1,43,5,1.004138708114624
43,tonic,grad,0.1,43,6,0.32382839918136597
43,tonic,grad,0.1,43,7,0.020242325961589813
43,tonic,grad,0.1,43,8,0.12759526073932648
43,tonic,grad,0.1,43,9,0.4053555130958557
43,tonic,grad,0.1,43,10,0.6098551750183105
43,tonic,grad,0.1,43,11,0.6235191226005554
43,tonic,grad,0.1,43,12,0.4732212424278259
43,tonic,grad,0.1,43,13,0.2517574429512024
43,tonic,grad,0.1,43,14,0.0743335634469986
43,tonic,grad,0.1,43,15,0.019010508432984352
43,tonic,grad,0.1,43,16,0.08924002945423126
43,tonic,grad,0.1,43,17,0.21246063709259033
43,tonic,grad,0.1,43,18,0.2880992889404297
43,tonic,grad,0.1,43,19,0.26690515875816345
43,tonic,grad,0.1,43,20,0.17458684742450714
43,tonic,grad,0.1,43,21,0.07483381032943726
43,tonic,grad,0.1,43,22,0.02606811746954918
43,tonic,grad,0.1,43,23,0.03987200930714607
43,tonic,grad,0.1,43,24,0.09017124772071838
43,tonic,nm,0.1,43,0,4.12507438659668
43,tonic,nm,0.1,43,1,3.7927730083465576
43,tonic,nm,0.1,43,2,1.204357385635376
43,tonic,nm,0.1,43,3,3.1472630500793457
43,tonic,nm,0.1,43,4,0.10939139872789383
43,tonic,nm,0.1,43,5,1.0526421070098877
43,tonic,nm,0.1,43,6,2.7919325828552246
43,tonic,nm,0.1,43,7,14.012016296386719
43,tonic,nm,0.1,43,8,0.4074157178401947
43,tonic,nm,0.1,43,9,1.4654018878936768
43,tonic,nm,0.1,43,10,0.4187356233596802
43,tonic,nm,0.1,43,11,2.9092016220092773
43,tonic,nm,0.1,43,12,0.30399712920188904
43,tonic,nm,0.1,43,13,0.4850340783596039
43,tonic,nm,0.1,43,14,0.1675529181957245
43,tonic,nm,0.1,43,15,0.8743294477462769
43,tonic,nm,0.1,43,16,0.1286507397890091
43,tonic,nm,0.1,43,17,0.5758692622184753
43,tonic,nm,0.1,43,18,0.11278678476810455
43,tonic,nm,0.1,43,19,0.24029378592967987
43,tonic,nm,0.1,43,20,0.08169617503881454
43,tonic,nm,0.1,43,21,0.3316919505596161
43,tonic,nm,0.1,43,22,0.06141303479671478
43,tonic,nm,0.1,43,23,0.1067744567990303
43,tonic,nm,0.1,43,24,0.434868723154068
44,tonic,grad,0.1,44,0,1.6375552415847778
44,tonic,grad,0.1,44,1,0.2653632164001465
44,tonic,grad,0.1,44,2,0.5032666921615601
44,tonic,grad,0.1,44,3,0.8306997418403625
44,tonic,grad,0.1,44,4,0.7439499497413635
44,tonic,grad,0.1,44,5,0.4438909888267517
44,tonic,grad,0.1,44,6,0.18426840007305145
44,tonic,grad,0.1,44,7,0.09143326431512833
44,tonic,grad,0.1,44,8,0.15412110090255737
44,tonic,grad,0.1,44,9,0.2553892135620117
44,tonic,grad,0.1,44,10,0.2840593159198761
44,tonic,grad,0.1,44,11,0.22231456637382507
44,tonic,grad,0.1,44,12,0.1206977516412735
44,tonic,grad,0.1,44,13,0.04230153188109398
44,tonic,grad,0.1,44,14,0.01748931221663952
44,tonic,grad,0.1,44,15,0.040496278554201126
44,tonic,grad,0.1,44,16,0.08170883357524872
44,tonic,grad,0.1,44,17,0.1117783784866333
44,tonic,grad,0.1,44,18,0.11372967064380646
44,tonic,grad,0.1,44,19,0.09056930243968964
44,tonic,grad,0.1,44,20,0.056756533682346344
44,tonic,grad,0.1,44,21,0.029155706986784935
44,tonic,grad,0.1,44,22,0.019046839326620102
44,tonic,grad,0.1,44,23,0.027305617928504944
44,tonic,grad,0.1,44,24,0.04541083797812462
44,tonic,nm,0.1,44,0,1.6375552415847778
44,tonic,nm,0.1,44,1,1.8265149593353271
44,tonic,nm,0.1,44,2,18.59172248840332
44,tonic,nm,0.1,44,3,2.285353422164917
44,tonic,nm,0.1,44,4,2.745558977127075
44,tonic,nm,0.1,44,5,0.2614605724811554
44,tonic,nm,0.1,44,6,0.2479589432477951
44,tonic,nm,0.1,44,7,0.6796676516532898
44,tonic,nm,0.1,44,8,0.765418529510498
44,tonic,nm,0.1,44,9,4.313685894012451
44,tonic,nm,0.1,44,10,0.4398859143257141
44,tonic,nm,0.1,44,11,0.8711872100830078
44,tonic,nm,0.1,44,12,0.35064733028411865
44,tonic,nm,0.1,44,13,1.4622782468795776
44,tonic,nm,0.1,44,14,0.18952198326587677
44,tonic,nm,0.1,44,15,0.24297215044498444
44,tonic,nm,0.1,44,16,0.6941601634025574
44,tonic,nm,0.1,44,17,0.16695477068424225
44,tonic,nm,0.1,44,18,0.15315042436122894
44,tonic,nm,0.1,44,19,0.18502561748027802
44,tonic,nm,0.1,44,20,0.09237731248140335
44,tonic,nm,0.1,44,21,0.1062328889966011
44,tonic,nm,0.1,44,22,0.10496359318494797
44,tonic,nm,0.1,44,23,0.06096113473176956
44,tonic,nm,0.1,44,24,0.08698072284460068
45,tonic,grad,0.1,45,0,8.672690391540527
45,tonic,grad,0.1,45,1,3.4370193481445312
45,tonic,grad,0.1,45,2,0.4905792772769928
45,tonic,grad,0.1,45,3,0.2788641154766083
45,tonic,grad,0.1,45,4,1.8194763660430908
45,tonic,grad,0.1,45,5,2.614076852798462
45,tonic,grad,0.1,45,6,2.074986457824707
45,tonic,grad,0.1,45,7,1.0520939826965332
45,tonic,grad,0.1,45,8,0.27993717789649963
45,tonic,grad,0.1,45,9,0.025788849219679832
45,tonic,grad,0.1,45,10,0.20779573917388916
45,tonic,grad,0.1,45,11,0.5658732056617737
45,tonic,grad,0.1,45,12,0.8709626793861389
45,tonic,grad,0.1,45,13,0.9835866093635559
45,tonic,grad,0.1,45,14,0.8944420218467712
45,tonic,grad,0.1,45,15,0.6576634049415588
45,tonic,grad,0.1,45,16,0.37059536576271057
45,tonic,grad,0.1,45,17,0.13644061982631683
45,tonic,grad,0.1,45,18,0.03028724156320095
45,tonic,grad,0.1,45,19,0.07006049901247025
45,tonic,grad,0.1,45,20,0.20820364356040955
45,tonic,grad,0.1,45,21,0.34832823276519775
45,tonic,grad,0.1,45,22,0.40461403131484985
45,tonic,grad,0.1,45,23,0.35610318183898926
45,tonic,grad,0.1,45,24,0.2352471500635147
45,tonic,nm,0.1,45,0,8.672690391540527
45,tonic,nm,0.1,45,1,8.1596040725708
45,tonic,nm,0.1,45,2,0.18059700727462769
45,tonic,nm,0.1,45,3,7.244993209838867
45,tonic,nm,0.1,45,4,0.5283731818199158
45,tonic,nm,0.1,45,5,0.6197447776794434
45,tonic,nm,0.1,45,6,8.129844665527344
45,tonic,nm,0.1,45,7,2.405906915664673
45,tonic,nm,0.1,45,8,2.958209991455078
45,tonic,nm,0.1,45,9,0.8176001906394958
45,tonic,nm,0.1,45,10,1.153486728668213
45,tonic,nm,0.1,45,11,0.30790969729423523
45,tonic,nm,0.1,45,12,2.0841007232666016
45,tonic,nm,0.1,45,13,0.16977573931217194
45,tonic,nm,0.1,45,14,0.5351218581199646
45,tonic,nm,0.1,45,15,0.24960820376873016
45,tonic,nm,0.1,45,16,0.39013853669166565
45,tonic,nm,0.1,45,17,0.16690656542778015
45,tonic,nm,0.1,45,18,0.38086795806884766
45,tonic,nm,0.1,45,19,0.14382562041282654
45,tonic,nm,0.1,45,20,0.12058766186237335
45,tonic,nm,0.1,45,21,0.20155121386051178
45,tonic,nm,0.1,45,22,0.6929631233215332
45,tonic,nm,0.1,45,23,0.08560964465141296
45,tonic,nm,0.1,45,24,0.056281525641679764
46,tonic,grad,0.1,46,0,1.6745671033859253
46,tonic,grad,0.1,46,1,0.38684821128845215
46,tonic,grad,0.1,46,2,0.6513192653656006
46,tonic,grad,0.1,46,3,0.9119228720664978
46,tonic,grad,0.1,46,4,0.7798640727996826
46,tonic,grad,0.1,46,5,0.47306594252586365
46,tonic,grad,0.1,46,6,0.22815847396850586
46,tonic,grad,0.1,46,7,0.15005336701869965
46,tonic,grad,0.1,46,8,0.2066182941198349
46,tonic,grad,0.1,46,9,0.2810803949832916
46,tonic,grad,0.1,46,10,0.2831798195838928
46,tonic,grad,0.1,46,11,0.20793530344963074
46,tonic,grad,0.1,46,12,0.10924256592988968
46,tonic,grad,0.1,46,13,0.04054902121424675
46,tonic,grad,0.1,46,14,0.022425897419452667
46,tonic,grad,0.1,46,15,0.04428043216466904
46,tonic,grad,0.1,46,16,0.07916238903999329
46,tonic,grad,0.1,46,17,0.10030709207057953
46,tonic,grad,0.1,46,18,0.09817395359277725
46,tonic,grad,0.1,46,19,0.07478872686624527
46,tonic,grad,0.1,46,20,0.04390313848853111
46,tonic,grad,0.1,46,21,0.01945282332599163
46,tonic,grad,0.1,46,22,0.010032863356173038
46,tonic,grad,0.1,46,23,0.01617766171693802
46,tonic,grad,0.1,46,24,0.030889572575688362
46,tonic,nm,0.1,46,0,1.6745671033859253
46,tonic,nm,0.1,46,1,1.8534722328186035
46,tonic,nm,0.1,46,2,18.460460662841797
46,tonic,nm,0.1,46,3,2.2787013053894043
46,tonic,nm,0.1,46,4,2.914761543273926
46,tonic,nm,0.1,46,5,0.36810752749443054
46,tonic,nm,0.1,46,6,0.38046103715896606
46,tonic,nm,0.1,46,7,0.9158024787902832
46,tonic,nm,0.1,46,8,4.548027515411377
46,tonic,nm,0.1,46,9,0.5144546031951904
46,tonic,nm,0.1,46,10,0.9251726865768433
46,tonic,nm,0.1,46,11,0.4823501408100128
46,tonic,nm,0.1,46,12,1.6395173072814941
46,tonic,nm,0.1,46,13,0.2844761610031128
46,tonic,nm,0.1,46,14,0.3329220712184906
46,tonic,nm,0.1,46,15,0.14874078333377838
46,tonic,nm,0.1,46,16,0.11049562692642212
46,tonic,nm,0.1,46,17,0.8168551921844482
46,tonic,nm,0.1,46,18,0.22199946641921997
46,tonic,nm,0.1,46,19,0.11913048475980759
46,tonic,nm,0.1,46,20,0.14568760991096497
46,tonic,nm,0.1,46,21,0.022898081690073013
46,tonic,nm,0.1,46,22,0.014287476427853107
46,tonic,nm,0.1,46,23,0.11918021738529205
46,tonic,nm,0.1,46,24,0.06602390855550766
47,tonic,grad,0.1,47,0,1.7243150472640991
47,tonic,grad,0.1,47,1,0.12542423605918884
47,tonic,grad,0.1,47,2,0.6424745917320251
47,tonic,grad,0.1,47,3,0.8517173528671265
47,tonic,grad,0.1,47,4,0.3971861004829407
47,tonic,grad,0.1,47,5,0.07241526991128922
47,tonic,grad,0.1,47,6,0.1131868064403534
47,tonic,grad,0.1,47,7,0.3100818395614624
47,tonic,grad,0.1,47,8,0.4010484516620636
47,tonic,grad,0.1,47,9,0.32215234637260437
47,tonic,grad,0.1,47,10,0.15941092371940613
47,tonic,grad,0.1,47,11,0.036334920674562454
47,tonic,grad,0.1,47,12,0.02748318389058113
47,tonic,grad,0.1,47,13,0.10525175929069519
47,tonic,grad,0.1,47,14,0.17541202902793884
47,tonic,grad,0.1,47,15,0.1663026362657547
47,tonic,grad,0.1,47,16,0.0956772118806839
47,tonic,grad,0.1,47,17,0.02780924364924431
47,tonic,grad,0.1,47,18,0.009960804134607315
47,tonic,grad,0.1,47,19,0.039623863995075226
47,tonic,grad,0.1,47,20,0.07993283867835999
47,tonic,grad,0.1,47,21,0.09550061076879501
47,tonic,grad,0.1,47,22,0.07722073793411255
47,tonic,grad,0.1,47,23,0.04122319445014
47,tonic,grad,0.1,47,24,0.014333781786262989
47,tonic,nm,0.1,47,0,1.7243150472640991
47,tonic,nm,0.1,47,1,1.5503661632537842
47,tonic,nm,0.1,47,2,3.494386911392212
47,tonic,nm,0.1,47,3,1.068590521812439
47,tonic,nm,0.1,47,4,16.905946731567383
47,tonic,nm,0.1,47,5,0.5034836530685425
47,tonic,nm,0.1,47,6,0.1453990489244461
47,tonic,nm,0.1,47,7,0.5462173819541931
47,tonic,nm,0.1,47,8,1.1572670936584473
47,tonic,nm,0.1,47,9,0.4151960611343384
47,tonic,nm,0.1,47,10,3.7530250549316406
47,tonic,nm,0.1,47,11,0.23923419415950775
47,tonic,nm,0.1,47,12,0.16555248200893402
47,tonic,nm,0.1,47,13,0.9542288780212402
47,tonic,nm,0.1,47,14,0.14522278308868408
47,tonic,nm,0.1,47,15,0.2769889831542969
47,tonic,nm,0.1,47,16,0.12572182714939117
47,tonic,nm,0.1,47,17,0.398837149143219
47,tonic,nm,0.1,47,18,0.08784782886505127
47,tonic,nm,0.1,47,19,0.11833784729242325
47,tonic,nm,0.1,47,20,0.5380939841270447
47,tonic,nm,0.1,47,21,0.07282953709363937
47,tonic,nm,0.1,47,22,0.039289604872465134
47,tonic,nm,0.1,47,23,0.027293158695101738
47,tonic,nm,0.1,47,24,0.1033579409122467
48,tonic,grad,0.1,48,0,1.5204386711120605
48,tonic,grad,0.1,48,1,0.05355548486113548
48,tonic,grad,0.1,48,2,0.6276379823684692
48,tonic,grad,0.1,48,3,0.7517724633216858
48,tonic,grad,0.1,48,4,0.2947253882884979
48,tonic,grad,0.1,48,5,0.029882267117500305
48,tonic,grad,0.1,48,6,0.12580566108226776
48,tonic,grad,0.1,48,7,0.32296693325042725
48,tonic,grad,0.1,48,8,0.37669146060943604
48,tonic,grad,0.1,48,9,0.26376017928123474
48,tonic,grad,0.1,48,10,0.10229416191577911
48,tonic,grad,0.1,48,11,0.0191524438560009
48,tonic,grad,0.1,48,12,0.059748195111751556
48,tonic,grad,0.1,48,13,0.15544573962688446
48,tonic,grad,0.1,48,14,0.19535399973392487
48,tonic,grad,0.1,48,15,0.14713294804096222
48,tonic,grad,0.1,48,16,0.06451521813869476
48,tonic,grad,0.1,48,17,0.020737312734127045
48,tonic,grad,0.1,48,18,0.03795953467488289
48,tonic,grad,0.1,48,19,0.08407096564769745
48,tonic,grad,0.1,48,20,0.1120695173740387
48,tonic,grad,0.1,48,21,0.09933064132928848
48,tonic,grad,0.1,48,22,0.06030799821019173
48,tonic,grad,0.1,48,23,0.027437802404165268
48,tonic,grad,0.1,48,24,0.024544036015868187
48,tonic,nm,0.1,48,0,1.5204386711120605
48,tonic,nm,0.1,48,1,1.3469321727752686
48,tonic,nm,0.1,48,2,3.5805416107177734
48,tonic,nm,0.1,48,3,0.9316040277481079
48,tonic,nm,0.1,48,4,16.457380294799805
48,tonic,nm,0.1,48,5,0.47841140627861023
48,tonic,nm,0.1,48,6,0.10516249388456345
48,tonic,nm,0.1,48,7,0.5597176551818848
48,tonic,nm,0.1,48,8,1.2096493244171143
48,tonic,nm,0.1,48,9,0.4187522530555725
48,tonic,nm,0.1,48,10,3.8585731983184814
48,tonic,nm,0.1,48,11,0.14982473850250244
48,tonic,nm,0.1,48,12,0.10758724808692932
48,tonic,nm,0.1,48,13,0.8214150667190552
48,tonic,nm,0.1,48,14,0.12157085537910461
48,tonic,nm,0.1,48,15,0.28410056233406067
48,tonic,nm,0.1,48,16,0.05643318593502045
48,tonic,nm,0.1,48,17,0.23667997121810913
48,tonic,nm,0.1,48,18,0.048801470547914505
48,tonic,nm,0.1,48,19,0.2655203938484192
48,tonic,nm,0.1,48,20,0.04135652258992195
48,tonic,nm,0.1,48,21,0.13642878830432892
48,tonic,nm,0.1,48,22,0.050791237503290176
48,tonic,nm,0.1,48,23,0.08811037242412567
48,tonic,nm,0.1,48,24,0.034362200647592545
49,tonic,grad,0.1,49,0,0.9416064620018005
49,tonic,grad,0.1,49,1,0.21042947471141815
49,tonic,grad,0.1,49,2,0.6631152033805847
49,tonic,grad,0.1,49,3,0.3745289146900177
49,tonic,grad,0.1,49,4,0.10832328349351883
49,tonic,grad,0.1,49,5,0.17525571584701538
49,tonic,grad,0.1,49,6,0.3088456392288208
49,tonic,grad,0.1,49,7,0.28404954075813293
49,tonic,grad,0.1,49,8,0.14528661966323853
49,tonic,grad,0.1,49,9,0.04575154930353165
49,tonic,grad,0.1,49,10,0.06380370259284973
49,tonic,grad,0.1,49,11,0.13633757829666138
49,tonic,grad,0.1,49,12,0.14928792417049408
49,tonic,grad,0.1,49,13,0.09021138399839401
49,tonic,grad,0.1,49,14,0.031318873167037964
49,tonic,grad,0.1,49,15,0.03135756403207779
49,tonic,grad,0.1,49,16,0.0729038193821907
49,tonic,grad,0.1,49,17,0.0996849313378334
49,tonic,grad,0.1,49,18,0.08337536454200745
49,tonic,grad,0.1,49,19,0.04673304781317711
49,tonic,grad,0.1,49,20,0.030057238414883614
49,tonic,grad,0.1,49,21,0.04710819944739342
49,tonic,grad,0.1,49,22,0.07158774137496948
49,tonic,grad,0.1,49,23,0.07179214805364609
49,tonic,grad,0.1,49,24,0.04833546280860901
49,tonic,nm,0.1,49,0,0.9416064620018005
49,tonic,nm,0.1,49,1,0.8497223258018494
49,tonic,nm,0.1,49,2,5.129048824310303
49,tonic,nm,0.1,49,3,0.48089560866355896
49,tonic,nm,0.1,49,4,13.88967227935791
49,tonic,nm,0.1,49,5,1.1698440313339233
49,tonic,nm,0.1,49,6,6.277974605560303
49,tonic,nm,0.1,49,7,0.2641308009624481
49,tonic,nm,0.1,49,8,0.17134302854537964
49,tonic,nm,0.1,49,9,0.32882949709892273
49,tonic,nm,0.1,49,10,0.4874078929424286
49,tonic,nm,0.1,49,11,0.2246924489736557
49,tonic,nm,0.1,49,12,1.3380111455917358
49,tonic,nm,0.1,49,13,0.19361865520477295
49,tonic,nm,0.1,49,14,0.11316083371639252
49,tonic,nm,0.1,49,15,0.1614953875541687
49,tonic,nm,0.1,49,16,0.41370341181755066
49,tonic,nm,0.1,49,17,0.14123129844665527
49,tonic,nm,0.1,49,18,0.22114478051662445
49,tonic,nm,0.1,49,19,0.14225704967975616
49,tonic,nm,0.1,49,20,0.10845639556646347
49,tonic,nm,0.1,49,21,0.13861076533794403
49,tonic,nm,0.1,49,22,0.06662372499704361
49,tonic,nm,0.1,49,23,0.05742448568344116
49,tonic,nm,0.1,49,24,0.17949777841567993
50,tonic,grad,0.2,0,0,7.470334529876709
50,tonic,grad,0.2,0,1,3.182708501815796
50,tonic,grad,0.2,0,2,1.1111466884613037
50,tonic,grad,0.2,0,3,0.5840874910354614
50,tonic,grad,0.2,0,4,0.9160389304161072
50,tonic,grad,0.2,0,5,1.4627563953399658
50,tonic,grad,0.2,0,6,1.8122029304504395
50,tonic,grad,0.2,0,7,1.8475309610366821
50,tonic,grad,0.2,0,8,1.6520087718963623
50,tonic,grad,0.2,0,9,1.32765531539917
50,tonic,grad,0.2,0,10,0.9760898947715759
50,tonic,grad,0.2,0,11,0.6610892415046692
50,tonic,grad,0.2,0,12,0.4248928129673004
50,tonic,grad,0.2,0,13,0.27522072196006775
50,tonic,grad,0.2,0,14,0.20858435332775116
50,tonic,grad,0.2,0,15,0.2031150460243225
50,tonic,grad,0.2,0,16,0.23575125634670258
50,tonic,grad,0.2,0,17,0.2833977937698364
50,tonic,grad,0.2,0,18,0.3271476924419403
50,tonic,grad,0.2,0,19,0.3552112877368927
50,tonic,grad,0.2,0,20,0.36252689361572266
50,tonic,grad,0.2,0,21,0.3478834629058838
50,tonic,grad,0.2,0,22,0.31725314259529114
50,tonic,grad,0.2,0,23,0.27421849966049194
50,tonic,grad,0.2,0,24,0.22555966675281525
50,tonic,nm,0.2,0,0,7.470334529876709
50,tonic,nm,0.2,0,1,7.748199462890625
50,tonic,nm,0.2,0,2,33.48276138305664
50,tonic,nm,0.2,0,3,8.966915130615234
50,tonic,nm,0.2,0,4,0.14794112741947174
50,tonic,nm,0.2,0,5,2.0589213371276855
50,tonic,nm,0.2,0,6,0.5993989706039429
50,tonic,nm,0.2,0,7,0.6451332569122314
50,tonic,nm,0.2,0,8,2.59808349609375
50,tonic,nm,0.2,0,9,2.6798834800720215
50,tonic,nm,0.2,0,10,0.3296349048614502
50,tonic,nm,0.2,0,11,0.41381141543388367
50,tonic,nm,0.2,0,12,3.227386951446533
50,tonic,nm,0.2,0,13,2.487647533416748
50,tonic,nm,0.2,0,14,1.5630563497543335
50,tonic,nm,0.2,0,15,1.1174124479293823
50,tonic,nm,0.2,0,16,0.4413778483867645
50,tonic,nm,0.2,0,17,0.7042608857154846
50,tonic,nm,0.2,0,18,0.23419512808322906
50,tonic,nm,0.2,0,19,0.8120788335800171
50,tonic,nm,0.2,0,20,0.21697565913200378
50,tonic,nm,0.2,0,21,0.275814026594162
50,tonic,nm,0.2,0,22,0.1865406036376953
50,tonic,nm,0.2,0,23,0.5923762917518616
50,tonic,nm,0.2,0,24,0.15632545948028564
51,tonic,grad,0.2,1,0,1.1274522542953491
51,tonic,grad,0.2,1,1,0.12428171932697296
51,tonic,grad,0.2,1,2,0.7007861733436584
51,tonic,grad,0.2,1,3,0.5076250433921814
51,tonic,grad,0.2,1,4,0.13031306862831116
51,tonic,grad,0.2,1,5,0.08688900619745255
51,tonic,grad,0.2,1,6,0.24988585710525513
51,tonic,grad,0.2,1,7,0.329350084066391
51,tonic,grad,0.2,1,8,0.24197819828987122
51,tonic,grad,0.2,1,9,0.09585779905319214
51,tonic,grad,0.2,1,10,0.016927095130085945
51,tonic,grad,0.2,1,11,0.04705837741494179
51,tonic,grad,0.2,1,12,0.12044437229633331
51,tonic,grad,0.2,1,13,0.1406666338443756
51,tonic,grad,0.2,1,14,0.09049524366855621
51,tonic,grad,0.2,1,15,0.024974368512630463
51,tonic,grad,0.2,1,16,0.001091332291252911
51,tonic,grad,0.2,1,17,0.024776538833975792
51,tonic,grad,0.2,1,18,0.06012873724102974
51,tonic,grad,0.2,1,19,0.07320427894592285
51,tonic,grad,0.2,1,20,0.05399729683995247
51,tonic,grad,0.2,1,21,0.022021090611815453
51,tonic,grad,0.2,1,22,0.003127233125269413
51,tonic,grad,0.2,1,23,0.009673681110143661
51,tonic,grad,0.2,1,24,0.030184537172317505
51,tonic,nm,0.2,1,0,1.1274522542953491
51,tonic,nm,0.2,1,1,0.9980551600456238
51,tonic,nm,0.2,1,2,4.594132900238037
51,tonic,nm,0.2,1,3,0.6003646850585938
51,tonic,nm,0.2,1,4,14.727622985839844
51,tonic,nm,0.2,1,5,0.9208413362503052
51,tonic,nm,0.2,1,6,0.3385881185531616
51,tonic,nm,0.2,1,7,1.0006543397903442
51,tonic,nm,0.2,1,8,1.836844801902771
51,tonic,nm,0.2,1,9,0.3529748320579529
51,tonic,nm,0.2,1,10,1.8439615964889526
51,tonic,nm,0.2,1,11,0.3177005350589752
51,tonic,nm,0.2,1,12,1.2079756259918213
51,tonic,nm,0.2,1,13,0.23113837838172913
51,tonic,nm,0.2,1,14,0.7215666174888611
51,tonic,nm,0.2,1,15,0.1778363734483719
51,tonic,nm,0.2,1,16,0.4600105583667755
51,tonic,nm,0.2,1,17,0.1884751170873642
51,tonic,nm,0.2,1,18,0.4596652388572693
51,tonic,nm,0.2,1,19,0.17794519662857056
51,tonic,nm,0.2,1,20,0.4537219703197479
51,tonic,nm,0.2,1,21,0.1450960785150528
51,tonic,nm,0.2,1,22,0.27180156111717224
51,tonic,nm,0.2,1,23,0.1432984173297882
51,tonic,nm,0.2,1,24,0.24271367490291595
52,tonic,grad,0.2,2,0,5.98882532119751
52,tonic,grad,0.2,2,1,1.891032099723816
52,tonic,grad,0.2,2,2,0.18397507071495056
52,tonic,grad,0.2,2,3,0.9022284150123596
52,tonic,grad,0.2,2,4,1.9746593236923218
52,tonic,grad,0.2,2,5,1.813371181488037
52,tonic,grad,0.2,2,6,0.9987955689430237
52,tonic,grad,0.2,2,7,0.3159159719944
52,tonic,grad,0.2,2,8,0.08514421433210373
52,tonic,grad,0.2,2,9,0.2413744479417801
52,tonic,grad,0.2,2,10,0.5392534732818604
52,tonic,grad,0.2,2,11,0.7574226260185242
52,tonic,grad,0.2,2,12,0.7968509793281555
52,tonic,grad,0.2,2,13,0.663932740688324
52,tonic,grad,0.2,2,14,0.43373653292655945
52,tonic,grad,0.2,2,15,0.20336779952049255
52,tonic,grad,0.2,2,16,0.061981234699487686
52,tonic,grad,0.2,2,17,0.04739900305867195
52,tonic,grad,0.2,2,18,0.1390346884727478
52,tonic,grad,0.2,2,19,0.25665292143821716
52,tonic,grad,0.2,2,20,0.3182407319545746
52,tonic,grad,0.2,2,21,0.28838327527046204
52,tonic,grad,0.2,2,22,0.1929406374692917
52,tonic,grad,0.2,2,23,0.09147127717733383
52,tonic,grad,0.2,2,24,0.030415166169404984
52,tonic,nm,0.2,2,0,5.98882532119751
52,tonic,nm,0.2,2,1,5.6141676902771
52,tonic,nm,0.2,2,2,0.8260536789894104
52,tonic,nm,0.2,2,3,4.735895156860352
52,tonic,nm,0.2,2,4,0.26817208528518677
52,tonic,nm,0.2,2,5,0.646142840385437
52,tonic,nm,0.2,2,6,1.892956018447876
52,tonic,nm,0.2,2,7,11.669835090637207
52,tonic,nm,0.2,2,8,1.1775946617126465
52,tonic,nm,0.2,2,9,2.7391483783721924
52,tonic,nm,0.2,2,10,0.7190219163894653
52,tonic,nm,0.2,2,11,3.6636407375335693
52,tonic,nm,0.2,2,12,0.3932405114173889
52,tonic,nm,0.2,2,13,0.48900869488716125
52,tonic,nm,0.2,2,14,2.2044291496276855
52,tonic,nm,0.2,2,15,0.2866823971271515
52,tonic,nm,0.2,2,16,0.5026881098747253
52,tonic,nm,0.2,2,17,0.3233165740966797
52,tonic,nm,0.2,2,18,0.2593563497066498
52,tonic,nm,0.2,2,19,0.3929358422756195
52,tonic,nm,0.2,2,20,0.6567811369895935
52,tonic,nm,0.2,2,21,0.22779780626296997
52,tonic,nm,0.2,2,22,0.2966759204864502
52,tonic,nm,0.2,2,23,0.23993147909641266
52,tonic,nm,0.2,2,24,0.23428311944007874
53,tonic,grad,0.2,3,0,0.4801281690597534
53,tonic,grad,0.2,3,1,1.2884416580200195
53,tonic,grad,0.2,3,2,0.4042455554008484
53,tonic,grad,0.2,3,3,0.5180098414421082
53,tonic,grad,0.2,3,4,0.7280197143554688
53,tonic,grad,0.2,3,5,0.5878555774688721
53,tonic,grad,0.2,3,6,0.30957087874412537
53,tonic,grad,0.2,3,7,0.13976643979549408
53,tonic,grad,0.2,3,8,0.1549512892961502
53,tonic,grad,0.2,3,9,0.23937322199344635
53,tonic,grad,0.2,3,10,0.24550513923168182
53,tonic,grad,0.2,3,11,0.15821664035320282
53,tonic,grad,0.2,3,12,0.06173285096883774
53,tonic,grad,0.2,3,13,0.025119541212916374
53,tonic,grad,0.2,3,14,0.05079227313399315
53,tonic,grad,0.2,3,15,0.09439169615507126
53,tonic,grad,0.2,3,16,0.11245314031839371
53,tonic,grad,0.2,3,17,0.09153182804584503
53,tonic,grad,0.2,3,18,0.05036728456616402
53,tonic,grad,0.2,3,19,0.016712870448827744
53,tonic,grad,0.2,3,20,0.009583006612956524
53,tonic,grad,0.2,3,21,0.026041459292173386
53,tonic,grad,0.2,3,22,0.04649488627910614
53,tonic,grad,0.2,3,23,0.05195202678442001
53,tonic,grad,0.2,3,24,0.03845134750008583
53,tonic,nm,0.2,3,0,0.4801281690597534
53,tonic,nm,0.2,3,1,0.5095402002334595
53,tonic,nm,0.2,3,2,9.679414749145508
53,tonic,nm,0.2,3,3,0.3642488718032837
53,tonic,nm,0.2,3,4,8.72594165802002
53,tonic,nm,0.2,3,5,3.1387035846710205
53,tonic,nm,0.2,3,6,3.697612762451172
53,tonic,nm,0.2,3,7,1.2829521894454956
53,tonic,nm,0.2,3,8,1.611061692237854
53,tonic,nm,0.2,3,9,0.6833474636077881
53,tonic,nm,0.2,3,10,0.873441755771637
53,tonic,nm,0.2,3,11,0.49452969431877136
53,tonic,nm,0.2,3,12,0.31240972876548767
53,tonic,nm,0.2,3,13,0.26363417506217957
53,tonic,nm,0.2,3,14,0.3703221380710602
53,tonic,nm,0.2,3,15,0.22657419741153717
53,tonic,nm,0.2,3,16,0.23524315655231476
53,tonic,nm,0.2,3,17,0.1895584613084793
53,tonic,nm,0.2,3,18,0.1968824416399002
53,tonic,nm,0.2,3,19,0.11516491323709488
53,tonic,nm,0.2,3,20,0.131195068359375
53,tonic,nm,0.2,3,21,0.092342309653759
53,tonic,nm,0.2,3,22,0.10132716596126556
53,tonic,nm,0.2,3,23,0.18137434124946594
53,tonic,nm,0.2,3,24,0.04225841537117958
54,tonic,grad,0.2,4,0,10.685688018798828
54,tonic,grad,0.2,4,1,4.784866809844971
54,tonic,grad,0.2,4,2,1.1200062036514282
54,tonic,grad,0.2,4,3,0.2523731291294098
54,tonic,grad,0.2,4,4,1.7025700807571411
54,tonic,grad,0.2,4,5,3.0073347091674805
54,tonic,grad,0.2,4,6,2.831254005432129
54,tonic,grad,0.2,4,7,1.7816598415374756
54,tonic,grad,0.2,4,8,0.7503145933151245
54,tonic,grad,0.2,4,9,0.1932007372379303
54,tonic,grad,0.2,4,10,0.1699870079755783
54,tonic,grad,0.2,4,11,0.47794631123542786
54,tonic,grad,0.2,4,12,0.8551607728004456
54,tonic,grad,0.2,4,13,1.1134392023086548
54,tonic,grad,0.2,4,14,1.1648164987564087
54,tonic,grad,0.2,4,15,1.016845464706421
54,tonic,grad,0.2,4,16,0.7446482181549072
54,tonic,grad,0.2,4,17,0.4384641647338867
54,tonic,grad,0.2,4,18,0.19837865233421326
54,tonic,grad,0.2,4,19,0.08944528549909592
54,tonic,grad,0.2,4,20,0.12609431147575378
54,tonic,grad,0.2,4,21,0.26077741384506226
54,tonic,grad,0.2,4,22,0.4024486839771271
54,tonic,grad,0.2,4,23,0.47231289744377136
54,tonic,grad,0.2,4,24,0.4338265359401703
54,tonic,nm,0.2,4,0,10.685688018798828
54,tonic,nm,0.2,4,1,10.144360542297363
54,tonic,nm,0.2,4,2,0.44604042172431946
54,tonic,nm,0.2,4,3,9.044955253601074
54,tonic,nm,0.2,4,4,1.216347575187683
54,tonic,nm,0.2,4,5,0.46747004985809326
54,tonic,nm,0.2,4,6,6.863966941833496
54,tonic,nm,0.2,4,7,2.331979274749756
54,tonic,nm,0.2,4,8,3.5658857822418213
54,tonic,nm,0.2,4,9,0.8972947597503662
54,tonic,nm,0.2,4,10,3.1101319789886475
54,tonic,nm,0.2,4,11,0.4971141517162323
54,tonic,nm,0.2,4,12,0.9166130423545837
54,tonic,nm,0.2,4,13,0.5225901007652283
54,tonic,nm,0.2,4,14,0.5327406525611877
54,tonic,nm,0.2,4,15,0.3970278799533844
54,tonic,nm,0.2,4,16,0.9466181993484497
54,tonic,nm,0.2,4,17,0.3601174056529999
54,tonic,nm,0.2,4,18,0.765696108341217
54,tonic,nm,0.2,4,19,0.36482518911361694
54,tonic,nm,0.2,4,20,0.366179496049881
54,tonic,nm,0.2,4,21,0.24508894979953766
54,tonic,nm,0.2,4,22,0.2107076346874237
54,tonic,nm,0.2,4,23,0.3940127193927765
54,tonic,nm,0.2,4,24,0.30552414059638977
55,tonic,grad,0.2,5,0,0.44827452301979065
55,tonic,grad,0.2,5,1,0.119508758187294
55,tonic,grad,0.2,5,2,0.37711042165756226
55,tonic,grad,0.2,5,3,0.18353888392448425
55,tonic,grad,0.2,5,4,0.008509097620844841
55,tonic,grad,0.2,5,5,0.06834004819393158
55,tonic,grad,0.2,5,6,0.177149698138237
55,tonic,grad,0.2,5,7,0.13943643867969513
55,tonic,grad,0.2,5,8,0.03718722239136696
55,tonic,grad,0.2,5,9,0.002862387802451849
55,tonic,grad,0.2,5,10,0.04769976809620857
55,tonic,grad,0.2,5,11,0.09392040967941284
55,tonic,grad,0.2,5,12,0.08590176701545715
55,tonic,grad,0.2,5,13,0.03954162821173668
55,tonic,grad,0.2,5,14,0.005372344981878996
55,tonic,grad,0.2,5,15,0.012544797733426094
55,tonic,grad,0.2,5,16,0.04351159185171127
55,tonic,grad,0.2,5,17,0.05642227828502655
55,tonic,grad,0.2,5,18,0.03762253373861313
55,tonic,grad,0.2,5,19,0.011204710230231285
55,tonic,grad,0.2,5,20,0.0047119189985096455
55,tonic,grad,0.2,5,21,0.01871388591825962
55,tonic,grad,0.2,5,22,0.03230614215135574
55,tonic,grad,0.2,5,23,0.03020518645644188
55,tonic,grad,0.2,5,24,0.015245748683810234
55,tonic,nm,0.2,5,0,0.44827452301979065
55,tonic,nm,0.2,5,1,0.5512723922729492
55,tonic,nm,0.2,5,2,13.982030868530273
55,tonic,nm,0.2,5,3,0.8864820003509521
55,tonic,nm,0.2,5,4,4.780758380889893
55,tonic,nm,0.2,5,5,0.9117095470428467
55,tonic,nm,0.2,5,6,6.283670902252197
55,tonic,nm,0.2,5,7,0.061402786523103714
55,tonic,nm,0.2,5,8,0.029181919991970062
55,tonic,nm,0.2,5,9,0.28134018182754517
55,tonic,nm,0.2,5,10,0.2984115779399872
55,tonic,nm,0.2,5,11,1.5863174200057983
55,tonic,nm,0.2,5,12,0.07164893299341202
55,tonic,nm,0.2,5,13,0.227225199341774
55,tonic,nm,0.2,5,14,0.07117217779159546
55,tonic,nm,0.2,5,15,0.10828232765197754
55,tonic,nm,0.2,5,16,0.021250976249575615
55,tonic,nm,0.2,5,17,0.17080342769622803
55,tonic,nm,0.2,5,18,0.016584962606430054
55,tonic,nm,0.2,5,19,0.10883127152919769
55,tonic,nm,0.2,5,20,0.016134168952703476
55,tonic,nm,0.2,5,21,0.07163425534963608
55,tonic,nm,0.2,5,22,0.007175310514867306
55,tonic,nm,0.2,5,23,0.03125526010990143
55,tonic,nm,0.2,5,24,0.0069990078918635845
56,tonic,grad,0.2,6,0,20.636316299438477
56,tonic,grad,0.2,6,1,11.915434837341309
56,tonic,grad,0.2,6,2,5.139384746551514
56,tonic,grad,0.2,6,3,1.0252987146377563
56,tonic,grad,0.2,6,4,0.18156035244464874
56,tonic,grad,0.2,6,5,2.1164262294769287
56,tonic,grad,0.2,6,6,4.360239028930664
56,tonic,grad,0.2,6,7,4.854951858520508
56,tonic,grad,0.2,6,8,3.8000881671905518
56,tonic,grad,0.2,6,9,2.175898790359497
56,tonic,grad,0.2,6,10,0.8236165642738342
56,tonic,grad,0.2,6,11,0.1343660056591034
56,tonic,grad,0.2,6,12,0.10904587805271149
56,tonic,grad,0.2,6,13,0.5065162777900696
56,tonic,grad,0.2,6,14,1.0321788787841797
56,tonic,grad,0.2,6,15,1.467132329940796
56,tonic,grad,0.2,6,16,1.6673462390899658
56,tonic,grad,0.2,6,17,1.6122058629989624
56,tonic,grad,0.2,6,18,1.3437049388885498
56,tonic,grad,0.2,6,19,0.9493840336799622
56,tonic,grad,0.2,6,20,0.5378562808036804
56,tonic,grad,0.2,6,21,0.2146173119544983
56,tonic,grad,0.2,6,22,0.055491551756858826
56,tonic,grad,0.2,6,23,0.08187536895275116
56,tonic,grad,0.2,6,24,0.24492044746875763
56,tonic,nm,0.2,6,0,20.636316299438477
56,tonic,nm,0.2,6,1,19.75594711303711
56,tonic,nm,0.2,6,2,2.374330759048462
56,tonic,nm,0.2,6,3,18.476102828979492
56,tonic,nm,0.2,6,4,5.257894039154053
56,tonic,nm,0.2,6,5,0.8855634927749634
56,tonic,nm,0.2,6,6,0.24647364020347595
56,tonic,nm,0.2,6,7,4.421969890594482
56,tonic,nm,0.2,6,8,8.765707969665527
56,tonic,nm,0.2,6,9,1.6116573810577393
56,tonic,nm,0.2,6,10,12.90185832977295
56,tonic,nm,0.2,6,11,0.9993466138839722
56,tonic,nm,0.2,6,12,2.2980449199676514
56,tonic,nm,0.2,6,13,0.8895527720451355
56,tonic,nm,0.2,6,14,6.976545333862305
56,tonic,nm,0.2,6,15,0.34991633892059326
56,tonic,nm,0.2,6,16,0.20130260288715363
56,tonic,nm,0.2,6,17,0.6391192674636841
56,tonic,nm,0.2,6,18,1.3903743028640747
56,tonic,nm,0.2,6,19,0.33650150895118713
56,tonic,nm,0.2,6,20,0.5633451342582703
56,tonic,nm,0.2,6,21,0.18128527700901031
56,tonic,nm,0.2,6,22,0.41254371404647827
56,tonic,nm,0.2,6,23,0.18349961936473846
56,tonic,nm,0.2,6,24,0.39645230770111084
57,tonic,grad,0.2,7,0,38.37287521362305
57,tonic,grad,0.2,7,1,26.067304611206055
57,tonic,grad,0.2,7,2,15.31838321685791
57,tonic,grad,0.2,7,3,6.860932350158691
57,tonic,grad,0.2,7,4,1.5175234079360962
57,tonic,grad,0.2,7,5,0.059313807636499405
57,tonic,grad,0.2,7,6,2.196521520614624
57,tonic,grad,0.2,7,7,5.684905529022217
57,tonic,grad,0.2,7,8,7.704705715179443
57,tonic,grad,0.2,7,9,7.349294662475586
57,tonic,grad,0.2,7,10,5.455604076385498
57,tonic,grad,0.2,7,11,3.121344804763794
57,tonic,grad,0.2,7,12,1.2468254566192627
57,tonic,grad,0.2,7,13,0.23109832406044006
57,tonic,grad,0.2,7,14,0.08347119390964508
57,tonic,grad,0.2,7,15,0.5402966141700745
57,tonic,grad,0.2,7,16,1.2628220319747925
57,tonic,grad,0.2,7,17,1.9355732202529907
57,tonic,grad,0.2,7,18,2.38028883934021
57,tonic,grad,0.2,7,19,2.4906516075134277
57,tonic,grad,0.2,7,20,2.2972259521484375
57,tonic,grad,0.2,7,21,1.851122498512268
57,tonic,grad,0.2,7,22,1.2891865968704224
57,tonic,grad,0.2,7,23,0.7262389063835144
57,tonic,grad,0.2,7,24,0.2994324266910553
57,tonic,nm,0.2,7,0,38.37287521362305
57,tonic,nm,0.2,7,1,36.95886993408203
57,tonic,nm,0.2,7,2,9.826375961303711
57,tonic,nm,0.2,7,3,35.6595573425293
57,tonic,nm,0.2,7,4,15.431439399719238
57,tonic,nm,0.2,7,5,6.559568881988525
57,tonic,nm,0.2,7,6,1.8551723957061768
57,tonic,nm,0.2,7,7,0.23290227353572845
57,tonic,nm,0.2,7,8,6.166908264160156
57,tonic,nm,0.2,7,9,1.5650999546051025
57,tonic,nm,0.2,7,10,11.17531681060791
57,tonic,nm,0.2,7,11,3.3149895668029785
57,tonic,nm,0.2,7,12,3.9210314750671387
57,tonic,nm,0.2,7,13,1.123166561126709
57,tonic,nm,0.2,7,14,3.007014274597168
57,tonic,nm,0.2,7,15,0.5494965314865112
57,tonic,nm,0.2,7,16,4.497049331665039
57,tonic,nm,0.2,7,17,0.34617024660110474
57,tonic,nm,0.2,7,18,1.3563255071640015
57,tonic,nm,0.2,7,19,0.4075199067592621
57,tonic,nm,0.2,7,20,0.9511775970458984
57,tonic,nm,0.2,7,21,0.19712258875370026
57,tonic,nm,0.2,7,22,0.9111594557762146
57,tonic,nm,0.2,7,23,0.14991357922554016
57,tonic,nm,0.2,7,24,0.5637213587760925
58,tonic,grad,0.2,8,0,30.725811004638672
58,tonic,grad,0.2,8,1,19.879587173461914
58,tonic,grad,0.2,8,2,10.724740028381348
58,tonic,grad,0.2,8,3,3.9991893768310547
58,tonic,grad,0.2,8,4,0.4906817078590393
58,tonic,grad,0.2,8,5,0.6589776277542114
58,tonic,grad,0.2,8,6,3.479534149169922
58,tonic,grad,0.2,8,7,6.136781692504883
58,tonic,grad,0.2,8,8,6.730100631713867
58,tonic,grad,0.2,8,9,5.465881824493408
58,tonic,grad,0.2,8,10,3.4514801502227783
58,tonic,grad,0.2,8,11,1.6077613830566406
58,tonic,grad,0.2,8,12,0.49091124534606934
58,tonic,grad,0.2,8,13,0.20563332736492157
58,tonic,grad,0.2,8,14,0.5421600341796875
58,tonic,grad,0.2,8,15,1.1727259159088135
58,tonic,grad,0.2,8,16,1.7966173887252808
58,tonic,grad,0.2,8,17,2.2124240398406982
58,tonic,grad,0.2,8,18,2.3406171798706055
58,tonic,grad,0.2,8,19,2.162451982498169
58,tonic,grad,0.2,8,20,1.759254813194275
58,tonic,grad,0.2,8,21,1.243900179862976
58,tonic,grad,0.2,8,22,0.7499434947967529
58,tonic,grad,0.2,8,23,0.3834444582462311
58,tonic,grad,0.2,8,24,0.2274465709924698
58,tonic,nm,0.2,8,0,30.725811004638672
58,tonic,nm,0.2,8,1,29.429019927978516
58,tonic,nm,0.2,8,2,6.114245414733887
58,tonic,nm,0.2,8,3,28.404207229614258
58,tonic,nm,0.2,8,4,10.741707801818848
58,tonic,nm,0.2,8,5,3.6840109825134277
58,tonic,nm,0.2,8,6,0.5491639375686646
58,tonic,nm,0.2,8,7,1.0024417638778687
58,tonic,nm,0.2,8,8,3.448744773864746
58,tonic,nm,0.2,8,9,15.826565742492676
58,tonic,nm,0.2,8,10,1.3328921794891357
58,tonic,nm,0.2,8,11,5.782186985015869
58,tonic,nm,0.2,8,12,0.9256717562675476
58,tonic,nm,0.2,8,13,4.044370651245117
58,tonic,nm,0.2,8,14,0.2581923305988312
58,tonic,nm,0.2,8,15,1.4415311813354492
58,tonic,nm,0.2,8,16,0.3071284890174866
58,tonic,nm,0.2,8,17,1.9732906818389893
58,tonic,nm,0.2,8,18,0.22709514200687408
58,tonic,nm,0.2,8,19,1.0838557481765747
58,tonic,nm,0.2,8,20,0.1372825652360916
58,tonic,nm,0.2,8,21,0.6630262136459351
58,tonic,nm,0.2,8,22,0.07967066764831543
58,tonic,nm,0.2,8,23,0.6108040809631348
58,tonic,nm,0.2,8,24,0.06511115282773972
59,tonic,grad,0.2,9,0,0.42612528800964355
59,tonic,grad,0.2,9,1,0.370146244764328
59,tonic,grad,0.2,9,2,0.3900336027145386
59,tonic,grad,0.2,9,3,0.14676564931869507
59,tonic,grad,0.2,9,4,0.09005387872457504
59,tonic,grad,0.2,9,5,0.17897430062294006
59,tonic,grad,0.2,9,6,0.16192442178726196
59,tonic,grad,0.2,9,7,0.06352104991674423
59,tonic,grad,0.2,9,8,0.0176787618547678
59,tonic,grad,0.2,9,9,0.04737316444516182
59,tonic,grad,0.2,9,10,0.08297134935855865
59,tonic,grad,0.2,9,11,0.07337164878845215
59,tonic,grad,0.2,9,12,0.03307286277413368
59,tonic,grad,0.2,9,13,0.007471125572919846
59,tonic,grad,0.2,9,14,0.01638796180486679
59,tonic,grad,0.2,9,15,0.04067184403538704
59,tonic,grad,0.2,9,16,0.04932421073317528
59,tonic,grad,0.2,9,17,0.035251181572675705
59,tonic,grad,0.2,9,18,0.017153065651655197
59,tonic,grad,0.2,9,19,0.013527368195354939
59,tonic,grad,0.2,9,20,0.023796765133738518
59,tonic,grad,0.2,9,21,0.03397960215806961
59,tonic,grad,0.2,9,22,0.0327792726457119
59,tonic,grad,0.2,9,23,0.02284485474228859
59,tonic,grad,0.2,9,24,0.013918159529566765
59,tonic,nm,0.2,9,0,0.42612528800964355
59,tonic,nm,0.2,9,1,0.5248836874961853
59,tonic,nm,0.2,9,2,13.331254959106445
59,tonic,nm,0.2,9,3,0.7228432893753052
59,tonic,nm,0.2,9,4,5.288928031921387
59,tonic,nm,0.2,9,5,1.178566575050354
59,tonic,nm,0.2,9,6,5.873716354370117
59,tonic,nm,0.2,9,7,0.18642233312129974
59,tonic,nm,0.2,9,8,0.2628307640552521
59,tonic,nm,0.2,9,9,0.5409029722213745
59,tonic,nm,0.2,9,10,0.2583942115306854
59,tonic,nm,0.2,9,11,0.6335874795913696
59,tonic,nm,0.2,9,12,0.20492815971374512
59,tonic,nm,0.2,9,13,0.26267507672309875
59,tonic,nm,0.2,9,14,0.16748350858688354
59,tonic,nm,0.2,9,15,0.0840333104133606
59,tonic,nm,0.2,9,16,0.16803501546382904
59,tonic,nm,0.2,9,17,0.22002921998500824
59,tonic,nm,0.2,9,18,0.11421313136816025
59,tonic,nm,0.2,9,19,0.34375011920928955
59,tonic,nm,0.2,9,20,0.09628888964653015
59,tonic,nm,0.2,9,21,0.27412277460098267
59,tonic,nm,0.2,9,22,0.09347942471504211
59,tonic,nm,0.2,9,23,0.11188347637653351
59,tonic,nm,0.2,9,24,0.0810326412320137
60,tonic,grad,0.2,10,0,14.21694564819336
60,tonic,grad,0.2,10,1,7.8267621994018555
60,tonic,grad,0.2,10,2,3.858032703399658
60,tonic,grad,0.2,10,3,1.7232433557510376
60,tonic,grad,0.2,10,4,0.8948811292648315
60,tonic,grad,0.2,10,5,0.9217648506164551
60,tonic,grad,0.2,10,6,1.3947097063064575
60,tonic,grad,0.2,10,7,1.9497599601745605
60,tonic,grad,0.2,10,8,2.337827205657959
60,tonic,grad,0.2,10,9,2.4681408405303955
60,tonic,grad,0.2,10,10,2.368177890777588
60,tonic,grad,0.2,10,11,2.1050426959991455
60,tonic,grad,0.2,10,12,1.7574535608291626
60,tonic,grad,0.2,10,13,1.3920512199401855
60,tonic,grad,0.2,10,14,1.0557832717895508
60,tonic,grad,0.2,10,15,0.7784663438796997
60,tonic,grad,0.2,10,16,0.573456346988678
60,tonic,grad,0.2,10,17,0.4409916400909424
60,tonic,grad,0.2,10,18,0.3720903694629669
60,tonic,grad,0.2,10,19,0.3516469895839691
60,tonic,grad,0.2,10,20,0.36561867594718933
60,tonic,grad,0.2,10,21,0.3991619944572449
60,tonic,grad,0.2,10,22,0.43871670961380005
60,tonic,grad,0.2,10,23,0.4758426249027252
60,tonic,grad,0.2,10,24,0.5051764845848083
60,tonic,nm,0.2,10,0,14.21694564819336
60,tonic,nm,0.2,10,1,14.568361282348633
60,tonic,nm,0.2,10,2,46.6590576171875
60,tonic,nm,0.2,10,3,16.343534469604492
60,tonic,nm,0.2,10,4,0.9366869330406189
60,tonic,nm,0.2,10,5,0.24416978657245636
60,tonic,nm,0.2,10,6,0.9028525948524475
60,tonic,nm,0.2,10,7,0.4428449869155884
60,tonic,nm,0.2,10,8,0.3179381787776947
60,tonic,nm,0.2,10,9,0.11023063957691193
60,tonic,nm,0.2,10,10,0.04104861617088318
60,tonic,nm,0.2,10,11,0.06300795823335648
60,tonic,nm,0.2,10,12,0.02546476013958454
60,tonic,nm,0.2,10,13,0.06554821133613586
60,tonic,nm,0.2,10,14,0.12798382341861725
60,tonic,nm,0.2,10,15,0.059234946966171265
60,tonic,nm,0.2,10,16,0.037356145679950714
60,tonic,nm,0.2,10,17,0.02041381411254406
60,tonic,nm,0.2,10,18,0.04459153860807419
60,tonic,nm,0.2,10,19,0.04367678612470627
60,tonic,nm,0.2,10,20,0.02336910180747509
60,tonic,nm,0.2,10,21,0.08337874710559845
60,tonic,nm,0.2,10,22,0.019810650497674942
60,tonic,nm,0.2,10,23,0.018304865807294846
60,tonic,nm,0.2,10,24,0.029238251969218254
61,tonic,grad,0.2,11,0,0.6685536503791809
61,tonic,grad,0.2,11,1,0.5689804553985596
61,tonic,grad,0.2,11,2,0.5815710425376892
61,tonic,grad,0.2,11,3,0.30878403782844543
61,tonic,grad,0.2,11,4,0.17173448204994202
61,tonic,grad,0.2,11,5,0.21303603053092957
61,tonic,grad,0.2,11,6,0.20011301338672638
61,tonic,grad,0.2,11,7,0.09380516409873962
61,tonic,grad,0.2,11,8,0.02463722601532936
61,tonic,grad,0.2,11,9,0.04700986295938492
61,tonic,grad,0.2,11,10,0.09357209503650665
61,tonic,grad,0.2,11,11,0.09457699209451675
61,tonic,grad,0.2,11,12,0.05971672758460045
61,tonic,grad,0.2,11,13,0.040937211364507675
61,tonic,grad,0.2,11,14,0.06306678801774979
61,tonic,grad,0.2,11,15,0.09529037773609161
61,tonic,grad,0.2,11,16,0.09650812298059464
61,tonic,grad,0.2,11,17,0.07094129174947739
61,tonic,grad,0.2,11,18,0.05061444267630577
61,tonic,grad,0.2,11,19,0.052558060735464096
61,tonic,grad,0.2,11,20,0.06270948797464371
61,tonic,grad,0.2,11,21,0.06117957457900047
61,tonic,grad,0.2,11,22,0.04620066285133362
61,tonic,grad,0.2,11,23,0.03177843987941742
61,tonic,grad,0.2,11,24,0.030459128320217133
61,tonic,nm,0.2,11,0,0.6685536503791809
61,tonic,nm,0.2,11,1,0.8109925389289856
61,tonic,nm,0.2,11,2,13.733541488647461
61,tonic,nm,0.2,11,3,0.9342197775840759
61,tonic,nm,0.2,11,4,5.378670692443848
61,tonic,nm,0.2,11,5,1.3337101936340332
61,tonic,nm,0.2,11,6,6.210773944854736
61,tonic,nm,0.2,11,7,0.3790772557258606
61,tonic,nm,0.2,11,8,0.5305252075195312
61,tonic,nm,0.2,11,9,0.7252377271652222
61,tonic,nm,0.2,11,10,0.47078678011894226
61,tonic,nm,0.2,11,11,1.7643951177597046
61,tonic,nm,0.2,11,12,0.38714832067489624
61,tonic,nm,0.2,11,13,0.20687425136566162
61,tonic,nm,0.2,11,14,0.14276425540447235
61,tonic,nm,0.2,11,15,0.24532486498355865
61,tonic,nm,0.2,11,16,0.1987597495317459
61,tonic,nm,0.2,11,17,0.13841360807418823
61,tonic,nm,0.2,11,18,0.2609401345252991
61,tonic,nm,0.2,11,19,0.17380328476428986
61,tonic,nm,0.2,11,20,0.11428123712539673
61,tonic,nm,0.2,11,21,0.2224956601858139
61,tonic,nm,0.2,11,22,0.5103758573532104
61,tonic,nm,0.2,11,23,0.0848373994231224
61,tonic,nm,0.2,11,24,0.14549611508846283
62,tonic,grad,0.2,12,0,2.6424481868743896
62,tonic,grad,0.2,12,1,0.45932087302207947
62,tonic,grad,0.2,12,2,0.601336658000946
62,tonic,grad,0.2,12,3,1.261548638343811
62,tonic,grad,0.2,12,4,0.951287567615509
62,tonic,grad,0.2,12,5,0.4058728516101837
62,tonic,grad,0.2,12,6,0.17995759844779968
62,tonic,grad,0.2,12,7,0.30373668670654297
62,tonic,grad,0.2,12,8,0.5171732306480408
62,tonic,grad,0.2,12,9,0.6006200909614563
62,tonic,grad,0.2,12,10,0.5042752623558044
62,tonic,grad,0.2,12,11,0.31431639194488525
62,tonic,grad,0.2,12,12,0.15568551421165466
62,tonic,grad,0.2,12,13,0.11045677959918976
62,tonic,grad,0.2,12,14,0.17769205570220947
62,tonic,grad,0.2,12,15,0.2688182294368744
62,tonic,grad,0.2,12,16,0.29144376516342163
62,tonic,grad,0.2,12,17,0.22790734469890594
62,tonic,grad,0.2,12,18,0.13320612907409668
62,tonic,grad,0.2,12,19,0.07741628587245941
62,tonic,grad,0.2,12,20,0.08514975756406784
62,tonic,grad,0.2,12,21,0.1315392553806305
62,tonic,grad,0.2,12,22,0.16959123313426971
62,tonic,grad,0.2,12,23,0.16788657009601593
62,tonic,grad,0.2,12,24,0.12850745022296906
62,tonic,nm,0.2,12,0,2.6424481868743896
62,tonic,nm,0.2,12,1,2.445924997329712
62,tonic,nm,0.2,12,2,2.779282808303833
62,tonic,nm,0.2,12,3,1.8345094919204712
62,tonic,nm,0.2,12,4,19.34039306640625
62,tonic,nm,0.2,12,5,0.4438247084617615
62,tonic,nm,0.2,12,6,0.2964901626110077
62,tonic,nm,0.2,12,7,0.4437384009361267
62,tonic,nm,0.2,12,8,0.7937427759170532
62,tonic,nm,0.2,12,9,4.086167812347412
62,tonic,nm,0.2,12,10,0.5986508131027222
62,tonic,nm,0.2,12,11,1.3931529521942139
62,tonic,nm,0.2,12,12,0.3913143277168274
62,tonic,nm,0.2,12,13,1.3870172500610352
62,tonic,nm,0.2,12,14,0.32373055815696716
62,tonic,nm,0.2,12,15,0.281269907951355
62,tonic,nm,0.2,12,16,0.42329928278923035
62,tonic,nm,0.2,12,17,0.9162581562995911
62,tonic,nm,0.2,12,18,0.25948792695999146
62,tonic,nm,0.2,12,19,0.23688340187072754
62,tonic,nm,0.2,12,20,0.2714928388595581
62,tonic,nm,0.2,12,21,0.16692903637886047
62,tonic,nm,0.2,12,22,0.1431279182434082
62,tonic,nm,0.2,12,23,0.47092244029045105
62,tonic,nm,0.2,12,24,0.2095496952533722
63,tonic,grad,0.2,13,0,18.437089920043945
63,tonic,grad,0.2,13,1,10.266571998596191
63,tonic,grad,0.2,13,2,4.087416172027588
63,tonic,grad,0.2,13,3,0.6136023998260498
63,tonic,grad,0.2,13,4,0.3365805745124817
63,tonic,grad,0.2,13,5,2.4461917877197266
63,tonic,grad,0.2,13,6,4.296861171722412
63,tonic,grad,0.2,13,7,4.3566575050354
63,tonic,grad,0.2,13,8,3.1272950172424316
63,tonic,grad,0.2,13,9,1.61454439163208
63,tonic,grad,0.2,13,10,0.5072516202926636
63,tonic,grad,0.2,13,11,0.07889869064092636
63,tonic,grad,0.2,13,12,0.2291809767484665
63,tonic,grad,0.2,13,13,0.6910626888275146
63,tonic,grad,0.2,13,14,1.1788642406463623
63,tonic,grad,0.2,13,15,1.5073190927505493
63,tonic,grad,0.2,13,16,1.602702021598816
63,tonic,grad,0.2,13,17,1.4416474103927612
63,tonic,grad,0.2,13,18,1.117761254310608
63,tonic,grad,0.2,13,19,0.7217625379562378
63,tonic,grad,0.2,13,20,0.35948288440704346
63,tonic,grad,0.2,13,21,0.13412566483020782
63,tonic,grad,0.2,13,22,0.08796592056751251
63,tonic,grad,0.2,13,23,0.2016327828168869
63,tonic,grad,0.2,13,24,0.4017566740512848
63,tonic,nm,0.2,13,0,18.437089920043945
63,tonic,nm,0.2,13,1,17.59092140197754
63,tonic,nm,0.2,13,2,1.6325204372406006
63,tonic,nm,0.2,13,3,16.441926956176758
63,tonic,nm,0.2,13,4,4.161406517028809
63,tonic,nm,0.2,13,5,0.4614779055118561
63,tonic,nm,0.2,13,6,0.3952281177043915
63,tonic,nm,0.2,13,7,5.335562229156494
63,tonic,nm,0.2,13,8,1.0630472898483276
63,tonic,nm,0.2,13,9,5.244890213012695
63,tonic,nm,0.2,13,10,1.391993522644043
63,tonic,nm,0.2,13,11,2.2558939456939697
63,tonic,nm,0.2,13,12,0.5622622966766357
63,tonic,nm,0.2,13,13,3.140746831893921
63,tonic,nm,0.2,13,14,0.40139079093933105
63,tonic,nm,0.2,13,15,1.9453457593917847
63,tonic,nm,0.2,13,16,0.3485598862171173
63,tonic,nm,0.2,13,17,1.0542693138122559
63,tonic,nm,0.2,13,18,0.21046018600463867
63,tonic,nm,0.2,13,19,1.1736724376678467
63,tonic,nm,0.2,13,20,0.14669065177440643
63,tonic,nm,0.2,13,21,0.5763387084007263
63,tonic,nm,0.2,13,22,0.18663710355758667
63,tonic,nm,0.2,13,23,0.43376362323760986
63,tonic,nm,0.2,13,24,0.17489191889762878
64,tonic,grad,0.2,14,0,1.4800713062286377
64,tonic,grad,0.2,14,1,0.10402224957942963
64,tonic,grad,0.2,14,2,0.6934266090393066
64,tonic,grad,0.2,14,3,0.7273858785629272
64,tonic,grad,0.2,14,4,0.27338752150535583
64,tonic,grad,0.2,14,5,0.053768012672662735
64,tonic,grad,0.2,14,6,0.16392116248607635
64,tonic,grad,0.2,14,7,0.334276020526886
64,tonic,grad,0.2,14,8,0.35876405239105225
64,tonic,grad,0.2,14,9,0.23851065337657928
64,tonic,grad,0.2,14,10,0.08702763170003891
64,tonic,grad,0.2,14,11,0.01491378154605627
64,tonic,grad,0.2,14,12,0.05118720978498459
64,tonic,grad,0.2,14,13,0.13118016719818115
64,tonic,grad,0.2,14,14,0.16151376068592072
64,tonic,grad,0.2,14,15,0.11721118539571762
64,tonic,grad,0.2,14,16,0.04511135444045067
64,tonic,grad,0.2,14,17,0.004441044293344021
64,tonic,grad,0.2,14,18,0.013891205191612244
64,tonic,grad,0.2,14,19,0.05064517259597778
64,tonic,grad,0.2,14,20,0.07848641276359558
64,tonic,grad,0.2,14,21,0.07452739775180817
64,tonic,grad,0.2,14,22,0.04655592143535614
64,tonic,grad,0.2,14,23,0.015473742969334126
64,tonic,grad,0.2,14,24,0.002746736165136099
64,tonic,nm,0.2,14,0,1.4800713062286377
64,tonic,nm,0.2,14,1,1.315533995628357
64,tonic,nm,0.2,14,2,3.900512218475342
64,tonic,nm,0.2,14,3,0.8719093799591064
64,tonic,nm,0.2,14,4,16.04951286315918
64,tonic,nm,0.2,14,5,0.6467344164848328
64,tonic,nm,0.2,14,6,0.19690264761447906
64,tonic,nm,0.2,14,7,0.695609986782074
64,tonic,nm,0.2,14,8,1.4153704643249512
64,tonic,nm,0.2,14,9,0.5183911919593811
64,tonic,nm,0.2,14,10,1.4797358512878418
64,tonic,nm,0.2,14,11,0.316482275724411
64,tonic,nm,0.2,14,12,1.554916262626648
64,tonic,nm,0.2,14,13,0.23295609652996063
64,tonic,nm,0.2,14,14,0.5871667265892029
64,tonic,nm,0.2,14,15,0.2462722510099411
64,tonic,nm,0.2,14,16,0.5566849708557129
64,tonic,nm,0.2,14,17,0.1667344719171524
64,tonic,nm,0.2,14,18,0.4471893906593323
64,tonic,nm,0.2,14,19,0.1494198739528656
64,tonic,nm,0.2,14,20,0.21428444981575012
64,tonic,nm,0.2,14,21,0.14735354483127594
64,tonic,nm,0.2,14,22,0.6057067513465881
64,tonic,nm,0.2,14,23,0.11744145303964615
64,tonic,nm,0.2,14,24,0.1153276190161705
65,tonic,grad,0.2,15,0,6.3668718338012695
65,tonic,grad,0.2,15,1,2.0567784309387207
65,tonic,grad,0.2,15,2,0.09918653219938278
65,tonic,grad,0.2,15,3,0.6602793335914612
65,tonic,grad,0.2,15,4,1.9353909492492676
65,tonic,grad,0.2,15,5,1.9939457178115845
65,tonic,grad,0.2,15,6,1.1942299604415894
65,tonic,grad,0.2,15,7,0.4028857350349426
65,tonic,grad,0.2,15,8,0.05484135448932648
65,tonic,grad,0.2,15,9,0.16142386198043823
65,tonic,grad,0.2,15,10,0.48684340715408325
65,tonic,grad,0.2,15,11,0.7703070044517517
65,tonic,grad,0.2,15,12,0.8680379390716553
65,tonic,grad,0.2,15,13,0.7639424800872803
65,tonic,grad,0.2,15,14,0.5283772349357605
65,tonic,grad,0.2,15,15,0.26954975724220276
65,tonic,grad,0.2,15,16,0.09720339626073837
65,tonic,grad,0.2,15,17,0.06964855641126633
65,tonic,grad,0.2,15,18,0.172609344124794
65,tonic,grad,0.2,15,19,0.31954148411750793
65,tonic,grad,0.2,15,20,0.4061455726623535
65,tonic,grad,0.2,15,21,0.3802987337112427
65,tonic,grad,0.2,15,22,0.27215835452079773
65,tonic,grad,0.2,15,23,0.14810675382614136
65,tonic,grad,0.2,15,24,0.07497921586036682
65,tonic,nm,0.2,15,0,6.3668718338012695
65,tonic,nm,0.2,15,1,5.914783477783203
65,tonic,nm,0.2,15,2,0.348076730966568
65,tonic,nm,0.2,15,3,5.205130577087402
65,tonic,nm,0.2,15,4,0.08695600926876068
65,tonic,nm,0.2,15,5,0.27795901894569397
65,tonic,nm,0.2,15,6,1.332892656326294
65,tonic,nm,0.2,15,7,10.459623336791992
65,tonic,nm,0.2,15,8,1.278554081916809
65,tonic,nm,0.2,15,9,2.8296024799346924
65,tonic,nm,0.2,15,10,0.32263076305389404
65,tonic,nm,0.2,15,11,2.893294334411621
65,tonic,nm,0.2,15,12,0.3030122220516205
65,tonic,nm,0.2,15,13,0.5448753237724304
65,tonic,nm,0.2,15,14,0.11322072893381119
65,tonic,nm,0.2,15,15,0.8008989095687866
65,tonic,nm,0.2,15,16,0.08166777342557907
65,tonic,nm,0.2,15,17,0.5633534789085388
65,tonic,nm,0.2,15,18,0.09181708097457886
65,tonic,nm,0.2,15,19,0.24192814528942108
65,tonic,nm,0.2,15,20,0.04213796928524971
65,tonic,nm,0.2,15,21,0.15566137433052063
65,tonic,nm,0.2,15,22,0.039077822118997574
65,tonic,nm,0.2,15,23,0.19216087460517883
65,tonic,nm,0.2,15,24,0.03459147363901138
66,tonic,grad,0.2,16,0,1.8357267379760742
66,tonic,grad,0.2,16,1,0.19866910576820374
66,tonic,grad,0.2,16,2,0.6955693364143372
66,tonic,grad,0.2,16,3,0.9247268438339233
66,tonic,grad,0.2,16,4,0.4711742103099823
66,tonic,grad,0.2,16,5,0.12695883214473724
66,tonic,grad,0.2,16,6,0.1512075662612915
66,tonic,grad,0.2,16,7,0.3442378640174866
66,tonic,grad,0.2,16,8,0.44103243947029114
66,tonic,grad,0.2,16,9,0.36931607127189636
66,tonic,grad,0.2,16,10,0.20359539985656738
66,tonic,grad,0.2,16,11,0.07174468785524368
66,tonic,grad,0.2,16,12,0.05062362551689148
66,tonic,grad,0.2,16,13,0.12328793853521347
66,tonic,grad,0.2,16,14,0.1952362060546875
66,tonic,grad,0.2,16,15,0.19242720305919647
66,tonic,grad,0.2,16,16,0.1225806251168251
66,tonic,grad,0.2,16,17,0.05122041702270508
66,tonic,grad,0.2,16,18,0.027650242671370506
66,tonic,grad,0.2,16,19,0.054729919880628586
66,tonic,grad,0.2,16,20,0.09615970402956009
66,tonic,grad,0.2,16,21,0.11469480395317078
66,tonic,grad,0.2,16,22,0.09693913161754608
66,tonic,grad,0.2,16,23,0.05995232239365578
66,tonic,grad,0.2,16,24,0.0312195997685194
66,tonic,nm,0.2,16,0,1.8357267379760742
66,tonic,nm,0.2,16,1,1.6700661182403564
66,tonic,nm,0.2,16,2,3.520549774169922
66,tonic,nm,0.2,16,3,1.1552832126617432
66,tonic,nm,0.2,16,4,17.091054916381836
66,tonic,nm,0.2,16,5,0.5626375079154968
66,tonic,nm,0.2,16,6,0.21087808907032013
66,tonic,nm,0.2,16,7,0.5965943336486816
66,tonic,nm,0.2,16,8,1.1797094345092773
66,tonic,nm,0.2,16,9,0.457624614238739
66,tonic,nm,0.2,16,10,3.7775590419769287
66,tonic,nm,0.2,16,11,0.31293579936027527
66,tonic,nm,0.2,16,12,0.22832712531089783
66,tonic,nm,0.2,16,13,1.0462948083877563
66,tonic,nm,0.2,16,14,0.19770389795303345
66,tonic,nm,0.2,16,15,0.3237662613391876
66,tonic,nm,0.2,16,16,0.19382187724113464
66,tonic,nm,0.2,16,17,0.4610552191734314
66,tonic,nm,0.2,16,18,0.15018706023693085
66,tonic,nm,0.2,16,19,0.17500440776348114
66,tonic,nm,0.2,16,20,0.6101139187812805
66,tonic,nm,0.2,16,21,0.12932351231575012
66,tonic,nm,0.2,16,22,0.088775634765625
66,tonic,nm,0.2,16,23,0.07073374837636948
66,tonic,nm,0.2,16,24,0.15459421277046204
67,tonic,grad,0.2,17,0,1.6732206344604492
67,tonic,grad,0.2,17,1,0.11060453206300735
67,tonic,grad,0.2,17,2,0.25953274965286255
67,tonic,grad,0.2,17,3,0.6931236386299133
67,tonic,grad,0.2,17,4,0.7090997695922852
67,tonic,grad,0.2,17,5,0.4473814070224762
67,tonic,grad,0.2,17,6,0.16306455433368683
67,tonic,grad,0.2,17,7,0.01637967675924301
67,tonic,grad,0.2,17,8,0.046044617891311646
67,tonic,grad,0.2,17,9,0.16960406303405762
67,tonic,grad,0.2,17,10,0.2616932988166809
67,tonic,grad,0.2,17,11,0.253232479095459
67,tonic,grad,0.2,17,12,0.16525880992412567
67,tonic,grad,0.2,17,13,0.06602305918931961
67,tonic,grad,0.2,17,14,0.008175134658813477
67,tonic,grad,0.2,17,15,0.006480894051492214
67,tonic,grad,0.2,17,16,0.04299604147672653
67,tonic,grad,0.2,17,17,0.08577805012464523
67,tonic,grad,0.2,17,18,0.10928764939308167
67,tonic,grad,0.2,17,19,0.10373302549123764
67,tonic,grad,0.2,17,20,0.07534249871969223
67,tonic,grad,0.2,17,21,0.03880101814866066
67,tonic,grad,0.2,17,22,0.01200112048536539
67,tonic,grad,0.2,17,23,0.0040907892398536205
67,tonic,grad,0.2,17,24,0.014486261643469334
67,tonic,nm,0.2,17,0,1.6732206344604492
67,tonic,nm,0.2,17,1,1.848486304283142
67,tonic,nm,0.2,17,2,19.041444778442383
67,tonic,nm,0.2,17,3,2.4406139850616455
67,tonic,nm,0.2,17,4,2.4392988681793213
67,tonic,nm,0.2,17,5,0.6587620973587036
67,tonic,nm,0.2,17,6,2.5313072204589844
67,tonic,nm,0.2,17,7,7.4936017990112305
67,tonic,nm,0.2,17,8,0.424978107213974
67,tonic,nm,0.2,17,9,2.1987998485565186
67,tonic,nm,0.2,17,10,0.5938997268676758
67,tonic,nm,0.2,17,11,2.9763665199279785
67,tonic,nm,0.2,17,12,0.43345919251441956
67,tonic,nm,0.2,17,13,1.800111174583435
67,tonic,nm,0.2,17,14,0.13577429950237274
67,tonic,nm,0.2,17,15,1.0228344202041626
67,tonic,nm,0.2,17,16,0.16183988749980927
67,tonic,nm,0.2,17,17,1.118664026260376
67,tonic,nm,0.2,17,18,0.09076957404613495
67,tonic,nm,0.2,17,19,0.7495208978652954
67,tonic,nm,0.2,17,20,0.11142891645431519
67,tonic,nm,0.2,17,21,0.4443286657333374
67,tonic,nm,0.2,17,22,0.03341090679168701
67,tonic,nm,0.2,17,23,0.21863028407096863
67,tonic,nm,0.2,17,24,0.03968421369791031
68,tonic,grad,0.2,18,0,16.31757164001465
68,tonic,grad,0.2,18,1,8.708398818969727
68,tonic,grad,0.2,18,2,3.168224811553955
68,tonic,grad,0.2,18,3,0.39029279351234436
68,tonic,grad,0.2,18,4,0.715114951133728
68,tonic,grad,0.2,18,5,2.8513545989990234
68,tonic,grad,0.2,18,6,4.1173601150512695
68,tonic,grad,0.2,18,7,3.7027266025543213
68,tonic,grad,0.2,18,8,2.3778798580169678
68,tonic,grad,0.2,18,9,1.0534260272979736
68,tonic,grad,0.2,18,10,0.2613043785095215
68,tonic,grad,0.2,18,11,0.10220667719841003
68,tonic,grad,0.2,18,12,0.3900756239891052
68,tonic,grad,0.2,18,13,0.8536859750747681
68,tonic,grad,0.2,18,14,1.249264121055603
68,tonic,grad,0.2,18,15,1.4540636539459229
68,tonic,grad,0.2,18,16,1.4129681587219238
68,tonic,grad,0.2,18,17,1.1803393363952637
68,tonic,grad,0.2,18,18,0.8333490490913391
68,tonic,grad,0.2,18,19,0.4657048285007477
68,tonic,grad,0.2,18,20,0.1877441704273224
68,tonic,grad,0.2,18,21,0.05965372547507286
68,tonic,grad,0.2,18,22,0.09641958773136139
68,tonic,grad,0.2,18,23,0.2507536709308624
68,tonic,grad,0.2,18,24,0.42552411556243896
68,tonic,nm,0.2,18,0,16.31757164001465
68,tonic,nm,0.2,18,1,15.597439765930176
68,tonic,nm,0.2,18,2,1.294408917427063
68,tonic,nm,0.2,18,3,14.314774513244629
68,tonic,nm,0.2,18,4,3.3050262928009033
68,tonic,nm,0.2,18,5,0.3788575828075409
68,tonic,nm,0.2,18,6,1.0459202527999878
68,tonic,nm,0.2,18,7,3.545139789581299
68,tonic,nm,0.2,18,8,0.7913859486579895
68,tonic,nm,0.2,18,9,2.166896343231201
68,tonic,nm,0.2,18,10,0.8647254109382629
68,tonic,nm,0.2,18,11,2.7902908325195312
68,tonic,nm,0.2,18,12,0.5747889280319214
68,tonic,nm,0.2,18,13,0.8912741541862488
68,tonic,nm,0.2,18,14,0.5324309468269348
68,tonic,nm,0.2,18,15,1.0114654302597046
68,tonic,nm,0.2,18,16,0.48754456639289856
68,tonic,nm,0.2,18,17,0.7218577861785889
68,tonic,nm,0.2,18,18,0.4156979024410248
68,tonic,nm,0.2,18,19,0.5703005194664001
68,tonic,nm,0.2,18,20,0.40862107276916504
68,tonic,nm,0.2,18,21,0.5632064342498779
68,tonic,nm,0.2,18,22,0.38919174671173096
68,tonic,nm,0.2,18,23,0.33076128363609314
68,tonic,nm,0.2,18,24,0.36824414134025574
69,tonic,grad,0.2,19,0,8.355229377746582
69,tonic,grad,0.2,19,1,3.2683169841766357
69,tonic,grad,0.2,19,2,0.4657321274280548
69,tonic,grad,0.2,19,3,0.3658580482006073
69,tonic,grad,0.2,19,4,1.9160034656524658
69,tonic,grad,0.2,19,5,2.634006977081299
69,tonic,grad,0.2,19,6,2.0616354942321777
69,tonic,grad,0.2,19,7,1.053076982498169
69,tonic,grad,0.2,19,8,0.3207695484161377
69,tonic,grad,0.2,19,9,0.1203291192650795
69,tonic,grad,0.2,19,10,0.34178251028060913
69,tonic,grad,0.2,19,11,0.7138446569442749
69,tonic,grad,0.2,19,12,1.0020201206207275
69,tonic,grad,0.2,19,13,1.082682490348816
69,tonic,grad,0.2,19,14,0.9577885270118713
69,tonic,grad,0.2,19,15,0.6935909390449524
69,tonic,grad,0.2,19,16,0.4022931456565857
69,tonic,grad,0.2,19,17,0.1966075450181961
69,tonic,grad,0.2,19,18,0.14091439545154572
69,tonic,grad,0.2,19,19,0.23180772364139557
69,tonic,grad,0.2,19,20,0.3902605473995209
69,tonic,grad,0.2,19,21,0.5137743949890137
69,tonic,grad,0.2,19,22,0.5245786905288696
69,tonic,grad,0.2,19,23,0.42549803853034973
69,tonic,grad,0.2,19,24,0.28558850288391113
69,tonic,nm,0.2,19,0,8.355229377746582
69,tonic,nm,0.2,19,1,7.816689491271973
69,tonic,nm,0.2,19,2,0.10191504657268524
69,tonic,nm,0.2,19,3,7.055305004119873
69,tonic,nm,0.2,19,4,0.4380762577056885
69,tonic,nm,0.2,19,5,0.6416373252868652
69,tonic,nm,0.2,19,6,8.267204284667969
69,tonic,nm,0.2,19,7,2.272810935974121
69,tonic,nm,0.2,19,8,3.0148208141326904
69,tonic,nm,0.2,19,9,0.7200573086738586
69,tonic,nm,0.2,19,10,1.1674613952636719
69,tonic,nm,0.2,19,11,0.23209328949451447
69,tonic,nm,0.2,19,12,1.8576900959014893
69,tonic,nm,0.2,19,13,0.15350916981697083
69,tonic,nm,0.2,19,14,0.49874696135520935
69,tonic,nm,0.2,19,15,0.17473088204860687
69,tonic,nm,0.2,19,16,0.35658028721809387
69,tonic,nm,0.2,19,17,0.09931036084890366
69,tonic,nm,0.2,19,18,0.3434502184391022
69,tonic,nm,0.2,19,19,0.07834815979003906
69,tonic,nm,0.2,19,20,0.28871065378189087
69,tonic,nm,0.2,19,21,0.07341394573450089
69,tonic,nm,0.2,19,22,0.1672506481409073
69,tonic,nm,0.2,19,23,0.06319782882928848
69,tonic,nm,0.2,19,24,0.13530005514621735
70,tonic,grad,0.2,20,0,9.584050178527832
70,tonic,grad,0.2,20,1,4.739232063293457
70,tonic,grad,0.2,20,2,2.1760518550872803
70,tonic,grad,0.2,20,3,1.254388451576233
70,tonic,grad,0.2,20,4,1.3354536294937134
70,tonic,grad,0.2,20,5,1.838005542755127
70,tonic,grad,0.2,20,6,2.2933902740478516
70,tonic,grad,0.2,20,7,2.483048915863037
70,tonic,grad,0.2,20,8,2.395738363265991
70,tonic,grad,0.2,20,9,2.1139628887176514
70,tonic,grad,0.2,20,10,1.7378488779067993
70,tonic,grad,0.2,20,11,1.3539029359817505
70,tonic,grad,0.2,20,12,1.0201128721237183
70,tonic,grad,0.2,20,13,0.7680652141571045
70,tonic,grad,0.2,20,14,0.6015545725822449
70,tonic,grad,0.2,20,15,0.5125609636306763
70,tonic,grad,0.2,20,16,0.4822061359882355
70,tonic,grad,0.2,20,17,0.48842284083366394
70,tonic,grad,0.2,20,18,0.511968731880188
70,tonic,grad,0.2,20,19,0.5370590686798096
70,tonic,grad,0.2,20,20,0.5535514950752258
70,tonic,grad,0.2,20,21,0.5544685125350952
70,tonic,grad,0.2,20,22,0.5394223928451538
70,tonic,grad,0.2,20,23,0.5083619356155396
70,tonic,grad,0.2,20,24,0.4656231701374054
70,tonic,nm,0.2,20,0,9.584050178527832
70,tonic,nm,0.2,20,1,9.87326431274414
70,tonic,nm,0.2,20,2,37.469970703125
70,tonic,nm,0.2,20,3,11.20955753326416
70,tonic,nm,0.2,20,4,0.48157522082328796
70,tonic,nm,0.2,20,5,1.6199092864990234
70,tonic,nm,0.2,20,6,1.4634652137756348
70,tonic,nm,0.2,20,7,0.695787787437439
70,tonic,nm,0.2,20,8,2.1528937816619873
70,tonic,nm,0.2,20,9,2.2115843296051025
70,tonic,nm,0.2,20,10,0.5591055750846863
70,tonic,nm,0.2,20,11,1.0235097408294678
70,tonic,nm,0.2,20,12,4.748378276824951
70,tonic,nm,0.2,20,13,2.034449815750122
70,tonic,nm,0.2,20,14,1.310868263244629
70,tonic,nm,0.2,20,15,2.165738105773926
70,tonic,nm,0.2,20,16,0.7202051877975464
70,tonic,nm,0.2,20,17,1.3292392492294312
70,tonic,nm,0.2,20,18,0.6644983291625977
70,tonic,nm,0.2,20,19,0.8678461313247681
70,tonic,nm,0.2,20,20,0.5716447830200195
70,tonic,nm,0.2,20,21,0.6671186685562134
70,tonic,nm,0.2,20,22,0.5617579221725464
70,tonic,nm,0.2,20,23,0.565568208694458
70,tonic,nm,0.2,20,24,0.5257399082183838
71,tonic,grad,0.2,21,0,5.755277156829834
71,tonic,grad,0.2,21,1,2.022786855697632
71,tonic,grad,0.2,21,2,0.42962464690208435
71,tonic,grad,0.2,21,3,0.259298712015152
71,tonic,grad,0.2,21,4,0.7610676288604736
71,tonic,grad,0.2,21,5,1.2753419876098633
71,tonic,grad,0.2,21,6,1.4801539182662964
71,tonic,grad,0.2,21,7,1.3835302591323853
71,tonic,grad,0.2,21,8,1.09843111038208
71,tonic,grad,0.2,21,9,0.7528740167617798
71,tonic,grad,0.2,21,10,0.4390608072280884
71,tonic,grad,0.2,21,11,0.20804710686206818
71,tonic,grad,0.2,21,12,0.0843309611082077
71,tonic,grad,0.2,21,13,0.05729523301124573
71,tonic,grad,0.2,21,14,0.10040070861577988
71,tonic,grad,0.2,21,15,0.17725268006324768
71,tonic,grad,0.2,21,16,0.2540892958641052
71,tonic,grad,0.2,21,17,0.30611473321914673
71,tonic,grad,0.2,21,18,0.32150015234947205
71,tonic,grad,0.2,21,19,0.3002623915672302
71,tonic,grad,0.2,21,20,0.25210437178611755
71,tonic,grad,0.2,21,21,0.19027304649353027
71,tonic,grad,0.2,21,22,0.12896844744682312
71,tonic,grad,0.2,21,23,0.07807494699954987
71,tonic,grad,0.2,21,24,0.04170265421271324
71,tonic,nm,0.2,21,0,5.755277156829834
71,tonic,nm,0.2,21,1,6.05607271194458
71,tonic,nm,0.2,21,2,29.87346839904785
71,tonic,nm,0.2,21,3,7.100959300994873
71,tonic,nm,0.2,21,4,0.2410510927438736
71,tonic,nm,0.2,21,5,2.9360384941101074
71,tonic,nm,0.2,21,6,0.17587032914161682
71,tonic,nm,0.2,21,7,0.41380947828292847
71,tonic,nm,0.2,21,8,1.018178105354309
71,tonic,nm,0.2,21,9,3.478480815887451
71,tonic,nm,0.2,21,10,3.581916332244873
71,tonic,nm,0.2,21,11,0.08873520791530609
71,tonic,nm,0.2,21,12,0.3746541738510132
71,tonic,nm,0.2,21,13,2.880901336669922
71,tonic,nm,0.2,21,14,3.712700843811035
71,tonic,nm,0.2,21,15,0.8903606534004211
71,tonic,nm,0.2,21,16,1.5883556604385376
71,tonic,nm,0.2,21,17,0.27749335765838623
71,tonic,nm,0.2,21,18,0.911791980266571
71,tonic,nm,0.2,21,19,0.12507423758506775
71,tonic,nm,0.2,21,20,0.40590304136276245
71,tonic,nm,0.2,21,21,0.12338833510875702
71,tonic,nm,0.2,21,22,0.2131912261247635
71,tonic,nm,0.2,21,23,0.09645494818687439
71,tonic,nm,0.2,21,24,0.1954808235168457
72,tonic,grad,0.2,22,0,33.76593017578125
72,tonic,grad,0.2,22,1,22.284339904785156
72,tonic,grad,0.2,22,2,12.44859790802002
72,tonic,grad,0.2,22,3,5.0061116218566895
72,tonic,grad,0.2,22,4,0.7718455195426941
72,tonic,grad,0.2,22,5,0.33241865038871765
72,tonic,grad,0.2,22,6,2.9640891551971436
72,tonic,grad,0.2,22,7,5.984786510467529
72,tonic,grad,0.2,22,8,7.080526828765869
72,tonic,grad,0.2,22,9,6.114598274230957
72,tonic,grad,0.2,22,10,4.069154739379883
72,tonic,grad,0.2,22,11,2.010666608810425
72,tonic,grad,0.2,22,12,0.600855827331543
72,tonic,grad,0.2,22,13,0.05565083399415016
72,tonic,grad,0.2,22,14,0.2313740849494934
72,tonic,grad,0.2,22,15,0.8161124587059021
72,tonic,grad,0.2,22,16,1.497550368309021
72,tonic,grad,0.2,22,17,2.019648313522339
72,tonic,grad,0.2,22,18,2.273146152496338
72,tonic,grad,0.2,22,19,2.2060956954956055
72,tonic,grad,0.2,22,20,1.8763771057128906
72,tonic,grad,0.2,22,21,1.389983892440796
72,tonic,grad,0.2,22,22,0.8492790460586548
72,tonic,grad,0.2,22,23,0.3937951624393463
72,tonic,grad,0.2,22,24,0.11244328320026398
72,tonic,nm,0.2,22,0,33.76593017578125
72,tonic,nm,0.2,22,1,32.51472091674805
72,tonic,nm,0.2,22,2,7.655713081359863
72,tonic,nm,0.2,22,3,31.123807907104492
72,tonic,nm,0.2,22,4,12.599363327026367
72,tonic,nm,0.2,22,5,4.745635032653809
72,tonic,nm,0.2,22,6,0.9880098700523376
72,tonic,nm,0.2,22,7,0.801551342010498
72,tonic,nm,0.2,22,8,8.422012329101562
72,tonic,nm,0.2,22,9,2.8341615200042725
72,tonic,nm,0.2,22,10,14.185060501098633
72,tonic,nm,0.2,22,11,2.163050413131714
72,tonic,nm,0.2,22,12,7.15972375869751
72,tonic,nm,0.2,22,13,0.7122474312782288
72,tonic,nm,0.2,22,14,3.2795424461364746
72,tonic,nm,0.2,22,15,0.7452157735824585
72,tonic,nm,0.2,22,16,2.3211357593536377
72,tonic,nm,0.2,22,17,0.33301931619644165
72,tonic,nm,0.2,22,18,1.2725087404251099
72,tonic,nm,0.2,22,19,0.3477218449115753
72,tonic,nm,0.2,22,20,1.560094952583313
72,tonic,nm,0.2,22,21,0.30318930745124817
72,tonic,nm,0.2,22,22,1.1392765045166016
72,tonic,nm,0.2,22,23,0.31593427062034607
72,tonic,nm,0.2,22,24,0.5691120028495789
73,tonic,grad,0.2,23,0,1.2383201122283936
73,tonic,grad,0.2,23,1,0.08537492156028748
73,tonic,grad,0.2,23,2,0.42755404114723206
73,tonic,grad,0.2,23,3,0.6683484315872192
73,tonic,grad,0.2,23,4,0.49645760655403137
73,tonic,grad,0.2,23,5,0.20494022965431213
73,tonic,grad,0.2,23,6,0.037478744983673096
73,tonic,grad,0.2,23,7,0.06381101906299591
73,tonic,grad,0.2,23,8,0.18491455912590027
73,tonic,grad,0.2,23,9,0.2494795173406601
73,tonic,grad,0.2,23,10,0.20254190266132355
73,tonic,grad,0.2,23,11,0.1011282354593277
73,tonic,grad,0.2,23,12,0.020793575793504715
73,tonic,grad,0.2,23,13,0.0025299405679106712
73,tonic,grad,0.2,23,14,0.03512430191040039
73,tonic,grad,0.2,23,15,0.08060017973184586
73,tonic,grad,0.2,23,16,0.10436799377202988
73,tonic,grad,0.2,23,17,0.09467273205518723
73,tonic,grad,0.2,23,18,0.061994049698114395
73,tonic,grad,0.2,23,19,0.025848211720585823
73,tonic,grad,0.2,23,20,0.00576996523886919
73,tonic,grad,0.2,23,21,0.008951539173722267
73,tonic,grad,0.2,23,22,0.028148114681243896
73,tonic,grad,0.2,23,23,0.04737033694982529
73,tonic,grad,0.2,23,24,0.053357116878032684
73,tonic,nm,0.2,23,0,1.2383201122283936
73,tonic,nm,0.2,23,1,1.40362548828125
73,tonic,nm,0.2,23,2,17.429988861083984
73,tonic,nm,0.2,23,3,1.8579727411270142
73,tonic,nm,0.2,23,4,3.074979066848755
73,tonic,nm,0.2,23,5,0.28000643849372864
73,tonic,nm,0.2,23,6,0.11953958123922348
73,tonic,nm,0.2,23,7,0.6353573799133301
73,tonic,nm,0.2,23,8,0.8598583340644836
73,tonic,nm,0.2,23,9,4.68154239654541
73,tonic,nm,0.2,23,10,0.20627623796463013
73,tonic,nm,0.2,23,11,0.555389940738678
73,tonic,nm,0.2,23,12,0.18400925397872925
73,tonic,nm,0.2,23,13,0.9186574816703796
73,tonic,nm,0.2,23,14,0.07048723101615906
73,tonic,nm,0.2,23,15,0.24463407695293427
73,tonic,nm,0.2,23,16,0.09539579600095749
73,tonic,nm,0.2,23,17,0.28747013211250305
73,tonic,nm,0.2,23,18,0.08260154724121094
73,tonic,nm,0.2,23,19,0.11998924612998962
73,tonic,nm,0.2,23,20,0.06696246564388275
73,tonic,nm,0.2,23,21,0.13520079851150513
73,tonic,nm,0.2,23,22,0.05539008975028992
73,tonic,nm,0.2,23,23,0.1330103874206543
73,tonic,nm,0.2,23,24,0.050402332097291946
74,tonic,grad,0.2,24,0,2.123344659805298
74,tonic,grad,0.2,24,1,0.5107414722442627
74,tonic,grad,0.2,24,2,0.6202512383460999
74,tonic,grad,0.2,24,3,1.008816123008728
74,tonic,grad,0.2,24,4,1.007303237915039
74,tonic,grad,0.2,24,5,0.7409607172012329
74,tonic,grad,0.2,24,6,0.43557974696159363
74,tonic,grad,0.2,24,7,0.23668339848518372
74,tonic,grad,0.2,24,8,0.18870389461517334
74,tonic,grad,0.2,24,9,0.24426737427711487
74,tonic,grad,0.2,24,10,0.31286701560020447
74,tonic,grad,0.2,24,11,0.32472434639930725
74,tonic,grad,0.2,24,12,0.271584153175354
74,tonic,grad,0.2,24,13,0.18467850983142853
74,tonic,grad,0.2,24,14,0.10343577712774277
74,tonic,grad,0.2,24,15,0.054056767374277115
74,tonic,grad,0.2,24,16,0.04070550948381424
74,tonic,grad,0.2,24,17,0.05286850035190582
74,tonic,grad,0.2,24,18,0.07453424483537674
74,tonic,grad,0.2,24,19,0.09063604474067688
74,tonic,grad,0.2,24,20,0.09539768099784851
74,tonic,grad,0.2,24,21,0.08567574620246887
74,tonic,grad,0.2,24,22,0.06530348211526871
74,tonic,grad,0.2,24,23,0.0430668480694294
74,tonic,grad,0.2,24,24,0.023313486948609352
74,tonic,nm,0.2,24,0,2.123344659805298
74,tonic,nm,0.2,24,1,2.2941370010375977
74,tonic,nm,0.2,24,2,19.955463409423828
74,tonic,nm,0.2,24,3,2.8286850452423096
74,tonic,nm,0.2,24,4,2.379822254180908
74,tonic,nm,0.2,24,5,0.9105833172798157
74,tonic,nm,0.2,24,6,2.80081844329834
74,tonic,nm,0.2,24,7,8.20341682434082
74,tonic,nm,0.2,24,8,0.5554919242858887
74,tonic,nm,0.2,24,9,2.265965223312378
74,tonic,nm,0.2,24,10,0.941980242729187
74,tonic,nm,0.2,24,11,7.960310935974121
74,tonic,nm,0.2,24,12,0.5122966766357422
74,tonic,nm,0.2,24,13,0.3436369001865387
74,tonic,nm,0.2,24,14,0.6569600701332092
74,tonic,nm,0.2,24,15,0.9402834177017212
74,tonic,nm,0.2,24,16,0.4793175458908081
74,tonic,nm,0.2,24,17,0.9850304126739502
74,tonic,nm,0.2,24,18,0.32810690999031067
74,tonic,nm,0.2,24,19,0.9019460082054138
74,tonic,nm,0.2,24,20,0.3211914598941803
74,tonic,nm,0.2,24,21,0.5223766565322876
74,tonic,nm,0.2,24,22,0.3344166874885559
74,tonic,nm,0.2,24,23,0.4571486711502075
74,tonic,nm,0.2,24,24,0.2852180302143097
75,tonic,grad,0.2,25,0,12.908257484436035
75,tonic,grad,0.2,25,1,6.887793064117432
75,tonic,grad,0.2,25,2,3.256309747695923
75,tonic,grad,0.2,25,3,1.4204005002975464
75,tonic,grad,0.2,25,4,0.8374511003494263
75,tonic,grad,0.2,25,5,1.0343128442764282
75,tonic,grad,0.2,25,6,1.5665431022644043
75,tonic,grad,0.2,25,7,2.0755972862243652
75,tonic,grad,0.2,25,8,2.3564846515655518
75,tonic,grad,0.2,25,9,2.374861001968384
75,tonic,grad,0.2,25,10,2.1868155002593994
75,tonic,grad,0.2,25,11,1.876287579536438
75,tonic,grad,0.2,25,12,1.5194228887557983
75,tonic,grad,0.2,25,13,1.170911431312561
75,tonic,grad,0.2,25,14,0.8698856234550476
75,tonic,grad,0.2,25,15,0.6376848816871643
75,tonic,grad,0.2,25,16,0.4763275682926178
75,tonic,grad,0.2,25,17,0.38429510593414307
75,tonic,grad,0.2,25,18,0.34640222787857056
75,tonic,grad,0.2,25,19,0.3480837047100067
75,tonic,grad,0.2,25,20,0.3746243119239807
75,tonic,grad,0.2,25,21,0.41206416487693787
75,tonic,grad,0.2,25,22,0.44905203580856323
75,tonic,grad,0.2,25,23,0.47918015718460083
75,tonic,grad,0.2,25,24,0.4973585903644562
75,tonic,nm,0.2,25,0,12.908257484436035
75,tonic,nm,0.2,25,1,13.235085487365723
75,tonic,nm,0.2,25,2,44.2384033203125
75,tonic,nm,0.2,25,3,14.929489135742188
75,tonic,nm,0.2,25,4,0.6528612375259399
75,tonic,nm,0.2,25,5,0.40881282091140747
75,tonic,nm,0.2,25,6,0.6557207107543945
75,tonic,nm,0.2,25,7,0.6764370203018188
75,tonic,nm,0.2,25,8,0.48896220326423645
75,tonic,nm,0.2,25,9,0.3580540716648102
75,tonic,nm,0.2,25,10,0.7798997759819031
75,tonic,nm,0.2,25,11,0.1797076165676117
75,tonic,nm,0.2,25,12,0.07770641893148422
75,tonic,nm,0.2,25,13,0.2250954955816269
75,tonic,nm,0.2,25,14,1.0035932064056396
75,tonic,nm,0.2,25,15,0.16069957613945007
75,tonic,nm,0.2,25,16,0.021829476580023766
75,tonic,nm,0.2,25,17,0.04030856490135193
75,tonic,nm,0.2,25,18,0.05227328836917877
75,tonic,nm,0.2,25,19,0.07398668676614761
75,tonic,nm,0.2,25,20,0.05774775147438049
75,tonic,nm,0.2,25,21,0.06588845700025558
75,tonic,nm,0.2,25,22,0.032649461179971695
75,tonic,nm,0.2,25,23,0.2413116991519928
75,tonic,nm,0.2,25,24,0.022879822179675102
76,tonic,grad,0.2,26,0,5.757894515991211
76,tonic,grad,0.2,26,1,1.7117029428482056
76,tonic,grad,0.2,26,2,0.0453035868704319
76,tonic,grad,0.2,26,3,0.7905155420303345
76,tonic,grad,0.2,26,4,1.8718748092651367
76,tonic,grad,0.2,26,5,1.7093855142593384
76,tonic,grad,0.2,26,6,0.9016510248184204
76,tonic,grad,0.2,26,7,0.22867640852928162
76,tonic,grad,0.2,26,8,0.015031350776553154
76,tonic,grad,0.2,26,9,0.19260573387145996
76,tonic,grad,0.2,26,10,0.5055139660835266
76,tonic,grad,0.2,26,11,0.7281329035758972
76,tonic,grad,0.2,26,12,0.7571608424186707
76,tonic,grad,0.2,26,13,0.608354389667511
76,tonic,grad,0.2,26,14,0.3682619631290436
76,tonic,grad,0.2,26,15,0.1442830115556717
76,tonic,grad,0.2,26,16,0.025928620249032974
76,tonic,grad,0.2,26,17,0.04676598682999611
76,tonic,grad,0.2,26,18,0.16433356702327728
76,tonic,grad,0.2,26,19,0.28922608494758606
76,tonic,grad,0.2,26,20,0.33185669779777527
76,tonic,grad,0.2,26,21,0.27712345123291016
76,tonic,grad,0.2,26,22,0.16577230393886566
76,tonic,grad,0.2,26,23,0.06695983558893204
76,tonic,grad,0.2,26,24,0.024366771802306175
76,tonic,nm,0.2,26,0,5.757894515991211
76,tonic,nm,0.2,26,1,5.353387832641602
76,tonic,nm,0.2,26,2,0.5888004302978516
76,tonic,nm,0.2,26,3,4.59665060043335
76,tonic,nm,0.2,26,4,0.07541335374116898
76,tonic,nm,0.2,26,5,0.4653453528881073
76,tonic,nm,0.2,26,6,1.7062146663665771
76,tonic,nm,0.2,26,7,11.435279846191406
76,tonic,nm,0.2,26,8,1.009210228919983
76,tonic,nm,0.2,26,9,2.4767744541168213
76,tonic,nm,0.2,26,10,0.5311789512634277
76,tonic,nm,0.2,26,11,3.438042402267456
76,tonic,nm,0.2,26,12,0.2080882340669632
76,tonic,nm,0.2,26,13,0.35884690284729004
76,tonic,nm,0.2,26,14,2.0385355949401855
76,tonic,nm,0.2,26,15,0.10775971412658691
76,tonic,nm,0.2,26,16,0.26835897564888
76,tonic,nm,0.2,26,17,0.12233945727348328
76,tonic,nm,0.2,26,18,0.4586982727050781
76,tonic,nm,0.2,26,19,0.08884911984205246
76,tonic,nm,0.2,26,20,0.08504706621170044
76,tonic,nm,0.2,26,21,0.41895607113838196
76,tonic,nm,0.2,26,22,0.05077256262302399
76,tonic,nm,0.2,26,23,0.036793302744627
76,tonic,nm,0.2,26,24,0.036438293755054474
77,tonic,grad,0.2,27,0,0.3075812757015228
77,tonic,grad,0.2,27,1,0.4287445545196533
77,tonic,grad,0.2,27,2,0.1243220642209053
77,tonic,grad,0.2,27,3,0.2757154703140259
77,tonic,grad,0.2,27,4,0.1284022480249405
77,tonic,grad,0.2,27,5,0.030354106798768044
77,tonic,grad,0.2,27,6,0.0951373353600502
77,tonic,grad,0.2,27,7,0.11989830434322357
77,tonic,grad,0.2,27,8,0.055338650941848755
77,tonic,grad,0.2,27,9,0.010849958285689354
77,tonic,grad,0.2,27,10,0.04511871188879013
77,tonic,grad,0.2,27,11,0.08388067036867142
77,tonic,grad,0.2,27,12,0.06464343518018723
77,tonic,grad,0.2,27,13,0.03106704354286194
77,tonic,grad,0.2,27,14,0.03693478927016258
77,tonic,grad,0.2,27,15,0.06245282664895058
77,tonic,grad,0.2,27,16,0.0640794113278389
77,tonic,grad,0.2,27,17,0.04040563479065895
77,tonic,grad,0.2,27,18,0.02462880127131939
77,tonic,grad,0.2,27,19,0.03260662034153938
77,tonic,grad,0.2,27,20,0.04335521161556244
77,tonic,grad,0.2,27,21,0.03507598489522934
77,tonic,grad,0.2,27,22,0.018798399716615677
77,tonic,grad,0.2,27,23,0.01621009223163128
77,tonic,grad,0.2,27,24,0.02546009048819542
77,tonic,nm,0.2,27,0,0.3075812757015228
77,tonic,nm,0.2,27,1,0.36626940965652466
77,tonic,nm,0.2,27,2,10.150179862976074
77,tonic,nm,0.2,27,3,0.2899622619152069
77,tonic,nm,0.2,27,4,7.9953742027282715
77,tonic,nm,0.2,27,5,2.6583943367004395
77,tonic,nm,0.2,27,6,3.9184296131134033
77,tonic,nm,0.2,27,7,0.9492257833480835
77,tonic,nm,0.2,27,8,1.685831904411316
77,tonic,nm,0.2,27,9,0.4344770610332489
77,tonic,nm,0.2,27,10,0.8629173040390015
77,tonic,nm,0.2,27,11,0.2956395447254181
77,tonic,nm,0.2,27,12,0.16461960971355438
77,tonic,nm,0.2,27,13,0.11827558279037476
77,tonic,nm,0.2,27,14,0.10391486436128616
77,tonic,nm,0.2,27,15,0.06879398226737976
77,tonic,nm,0.2,27,16,0.15027648210525513
77,tonic,nm,0.2,27,17,0.0390213318169117
77,tonic,nm,0.2,27,18,0.12598419189453125
77,tonic,nm,0.2,27,19,0.2975718677043915
77,tonic,nm,0.2,27,20,0.07091613113880157
77,tonic,nm,0.2,27,21,0.03221771866083145
77,tonic,nm,0.2,27,22,0.06530749797821045
77,tonic,nm,0.2,27,23,0.11785925924777985
77,tonic,nm,0.2,27,24,0.03917389735579491
78,tonic,grad,0.2,28,0,0.4091414213180542
78,tonic,grad,0.2,28,1,0.3663904368877411
78,tonic,grad,0.2,28,2,0.15668703615665436
78,tonic,grad,0.2,28,3,0.157099649310112
78,tonic,grad,0.2,28,4,0.10474061220884323
78,tonic,grad,0.2,28,5,0.038880109786987305
78,tonic,grad,0.2,28,6,0.06401082128286362
78,tonic,grad,0.2,28,7,0.06984846293926239
78,tonic,grad,0.2,28,8,0.04078292101621628
78,tonic,grad,0.2,28,9,0.047573089599609375
78,tonic,grad,0.2,28,10,0.07766257971525192
78,tonic,grad,0.2,28,11,0.07440421730279922
78,tonic,grad,0.2,28,12,0.059018004685640335
78,tonic,grad,0.2,28,13,0.06435946375131607
78,tonic,grad,0.2,28,14,0.07196201384067535
78,tonic,grad,0.2,28,15,0.060433730483055115
78,tonic,grad,0.2,28,16,0.046244461089372635
78,tonic,grad,0.2,28,17,0.046932924538850784
78,tonic,grad,0.2,28,18,0.0511176772415638
78,tonic,grad,0.2,28,19,0.04425960034132004
78,tonic,grad,0.2,28,20,0.03686615452170372
78,tonic,grad,0.2,28,21,0.040120236575603485
78,tonic,grad,0.2,28,22,0.04501904174685478
78,tonic,grad,0.2,28,23,0.04227348789572716
78,tonic,grad,0.2,28,24,0.03831592574715614
78,tonic,nm,0.2,28,0,0.4091414213180542
78,tonic,nm,0.2,28,1,0.4888648986816406
78,tonic,nm,0.2,28,2,11.063495635986328
78,tonic,nm,0.2,28,3,0.4495845437049866
78,tonic,nm,0.2,28,4,7.3380537033081055
78,tonic,nm,0.2,28,5,2.328266143798828
78,tonic,nm,0.2,28,6,4.504335403442383
78,tonic,nm,0.2,28,7,0.8100833892822266
78,tonic,nm,0.2,28,8,2.080735921859741
78,tonic,nm,0.2,28,9,0.40661972761154175
78,tonic,nm,0.2,28,10,0.21651186048984528
78,tonic,nm,0.2,28,11,0.1778739094734192
78,tonic,nm,0.2,28,12,0.6767803430557251
78,tonic,nm,0.2,28,13,0.31254249811172485
78,tonic,nm,0.2,28,14,0.2524959146976471
78,tonic,nm,0.2,28,15,0.11405672878026962
78,tonic,nm,0.2,28,16,0.13778477907180786
78,tonic,nm,0.2,28,17,0.2537800967693329
78,tonic,nm,0.2,28,18,0.17110268771648407
78,tonic,nm,0.2,28,19,0.0959588885307312
78,tonic,nm,0.2,28,20,0.15186290442943573
78,tonic,nm,0.2,28,21,0.051753997802734375
78,tonic,nm,0.2,28,22,0.06488592177629471
78,tonic,nm,0.2,28,23,0.38484904170036316
78,tonic,nm,0.2,28,24,0.08733353763818741
79,tonic,grad,0.2,29,0,24.675086975097656
79,tonic,grad,0.2,29,1,15.046628952026367
79,tonic,grad,0.2,29,2,7.250347137451172
79,tonic,grad,0.2,29,3,2.027764081954956
79,tonic,grad,0.2,29,4,0.07560010254383087
79,tonic,grad,0.2,29,5,1.4261908531188965
79,tonic,grad,0.2,29,6,4.163858413696289
79,tonic,grad,0.2,29,7,5.63621187210083
79,tonic,grad,0.2,29,8,5.119783878326416
79,tonic,grad,0.2,29,9,3.470313310623169
79,tonic,grad,0.2,29,10,1.734200119972229
79,tonic,grad,0.2,29,11,0.5363309383392334
79,tonic,grad,0.2,29,12,0.10409143567085266
79,tonic,grad,0.2,29,13,0.2987656891345978
79,tonic,grad,0.2,29,14,0.8322710990905762
79,tonic,grad,0.2,29,15,1.401092529296875
79,tonic,grad,0.2,29,16,1.8127987384796143
79,tonic,grad,0.2,29,17,1.9500703811645508
79,tonic,grad,0.2,29,18,1.8161261081695557
79,tonic,grad,0.2,29,19,1.4723609685897827
79,tonic,grad,0.2,29,20,1.0206034183502197
79,tonic,grad,0.2,29,21,0.5789254307746887
79,tonic,grad,0.2,29,22,0.25606003403663635
79,tonic,grad,0.2,29,23,0.12261559069156647
79,tonic,grad,0.2,29,24,0.18607455492019653
79,tonic,nm,0.2,29,0,24.675086975097656
79,tonic,nm,0.2,29,1,23.625394821166992
79,tonic,nm,0.2,29,2,3.693094491958618
79,tonic,nm,0.2,29,3,22.443815231323242
79,tonic,nm,0.2,29,4,7.327604293823242
79,tonic,nm,0.2,29,5,1.7777252197265625
79,tonic,nm,0.2,29,6,0.04798436164855957
79,tonic,nm,0.2,29,7,2.6567294597625732
79,tonic,nm,0.2,29,8,6.1426568031311035
79,tonic,nm,0.2,29,9,1.9729329347610474
79,tonic,nm,0.2,29,10,14.870837211608887
79,tonic,nm,0.2,29,11,0.614706814289093
79,tonic,nm,0.2,29,12,1.5676566362380981
79,tonic,nm,0.2,29,13,7.595559120178223
79,tonic,nm,0.2,29,14,0.34022489190101624
79,tonic,nm,0.2,29,15,1.165958046913147
79,tonic,nm,0.2,29,16,0.40543946623802185
79,tonic,nm,0.2,29,17,1.8992482423782349
79,tonic,nm,0.2,29,18,0.1667875349521637
79,tonic,nm,0.2,29,19,0.2666139304637909
79,tonic,nm,0.2,29,20,1.2394425868988037
79,tonic,nm,0.2,29,21,0.09682123363018036
79,tonic,nm,0.2,29,22,0.19877000153064728
79,tonic,nm,0.2,29,23,0.1031263992190361
79,tonic,nm,0.2,29,24,0.23039200901985168
80,tonic,grad,0.2,30,0,5.424325942993164
80,tonic,grad,0.2,30,1,1.6109527349472046
80,tonic,grad,0.2,30,2,0.20599614083766937
80,tonic,grad,0.2,30,3,1.0749008655548096
80,tonic,grad,0.2,30,4,1.9241868257522583
80,tonic,grad,0.2,30,5,1.5888065099716187
80,tonic,grad,0.2,30,6,0.7996402978897095
80,tonic,grad,0.2,30,7,0.23918238282203674
80,tonic,grad,0.2,30,8,0.13203716278076172
80,tonic,grad,0.2,30,9,0.34404364228248596
80,tonic,grad,0.2,30,10,0.6203364729881287
80,tonic,grad,0.2,30,11,0.775691568851471
80,tonic,grad,0.2,30,12,0.7461861371994019
80,tonic,grad,0.2,30,13,0.5698524117469788
80,tonic,grad,0.2,30,14,0.33738330006599426
80,tonic,grad,0.2,30,15,0.14397408068180084
80,tonic,grad,0.2,30,16,0.0613846518099308
80,tonic,grad,0.2,30,17,0.09988023340702057
80,tonic,grad,0.2,30,18,0.20958244800567627
80,tonic,grad,0.2,30,19,0.3013554513454437
80,tonic,grad,0.2,30,20,0.31406617164611816
80,tonic,grad,0.2,30,21,0.24631981551647186
80,tonic,grad,0.2,30,22,0.1441100835800171
80,tonic,grad,0.2,30,23,0.06371598690748215
80,tonic,grad,0.2,30,24,0.037231750786304474
80,tonic,nm,0.2,30,0,5.424325942993164
80,tonic,nm,0.2,30,1,5.081705093383789
80,tonic,nm,0.2,30,2,1.0780264139175415
80,tonic,nm,0.2,30,3,4.222718238830566
80,tonic,nm,0.2,30,4,0.30235031247138977
80,tonic,nm,0.2,30,5,0.8791965842247009
80,tonic,nm,0.2,30,6,2.3019325733184814
80,tonic,nm,0.2,30,7,12.632190704345703
80,tonic,nm,0.2,30,8,0.9758176803588867
80,tonic,nm,0.2,30,9,2.406942844390869
80,tonic,nm,0.2,30,10,0.9681020975112915
80,tonic,nm,0.2,30,11,0.8846079707145691
80,tonic,nm,0.2,30,12,0.973876416683197
80,tonic,nm,0.2,30,13,0.49255409836769104
80,tonic,nm,0.2,30,14,1.2940738201141357
80,tonic,nm,0.2,30,15,0.45147770643234253
80,tonic,nm,0.2,30,16,2.511958599090576
80,tonic,nm,0.2,30,17,0.33749181032180786
80,tonic,nm,0.2,30,18,0.4550279974937439
80,tonic,nm,0.2,30,19,0.31888309121131897
80,tonic,nm,0.2,30,20,0.9315469861030579
80,tonic,nm,0.2,30,21,0.28800228238105774
80,tonic,nm,0.2,30,22,0.44889140129089355
80,tonic,nm,0.2,30,23,0.2810904085636139
80,tonic,nm,0.2,30,24,0.3153654634952545
81,tonic,grad,0.2,31,0,4.148130416870117
81,tonic,grad,0.2,31,1,1.22378671169281
81,tonic,grad,0.2,31,2,0.34040576219558716
81,tonic,grad,0.2,31,3,0.6199790835380554
81,tonic,grad,0.2,31,4,1.1343250274658203
81,tonic,grad,0.2,31,5,1.3504101037979126
81,tonic,grad,0.2,31,6,1.2367627620697021
81,tonic,grad,0.2,31,7,0.9404884576797485
81,tonic,grad,0.2,31,8,0.6026613116264343
81,tonic,grad,0.2,31,9,0.3234518766403198
81,tonic,grad,0.2,31,10,0.15780124068260193
81,tonic,grad,0.2,31,11,0.10849721729755402
81,tonic,grad,0.2,31,12,0.1450236290693283
81,tonic,grad,0.2,31,13,0.21986952424049377
81,tonic,grad,0.2,31,14,0.2884880006313324
81,tonic,grad,0.2,31,15,0.31942442059516907
81,tonic,grad,0.2,31,16,0.30504298210144043
81,tonic,grad,0.2,31,17,0.2536005675792694
81,tonic,grad,0.2,31,18,0.18360716104507446
81,tonic,grad,0.2,31,19,0.11532259732484818
81,tonic,grad,0.2,31,20,0.06066606938838959
81,tonic,grad,0.2,31,21,0.027313508093357086
81,tonic,grad,0.2,31,22,0.014825119636952877
81,tonic,grad,0.2,31,23,0.018714435398578644
81,tonic,grad,0.2,31,24,0.0323939323425293
81,tonic,nm,0.2,31,0,4.148130416870117
81,tonic,nm,0.2,31,1,4.3917155265808105
81,tonic,nm,0.2,31,2,25.909305572509766
81,tonic,nm,0.2,31,3,5.245694160461426
81,tonic,nm,0.2,31,4,0.7866457104682922
81,tonic,nm,0.2,31,5,4.426026344299316
81,tonic,nm,0.2,31,6,0.21214257180690765
81,tonic,nm,0.2,31,7,1.0827683210372925
81,tonic,nm,0.2,31,8,1.999098539352417
81,tonic,nm,0.2,31,9,5.124664783477783
81,tonic,nm,0.2,31,10,0.8396346569061279
81,tonic,nm,0.2,31,11,1.8139511346817017
81,tonic,nm,0.2,31,12,0.6840224266052246
81,tonic,nm,0.2,31,13,1.0786653757095337
81,tonic,nm,0.2,31,14,0.34289345145225525
81,tonic,nm,0.2,31,15,2.6306533813476562
81,tonic,nm,0.2,31,16,0.21587690711021423
81,tonic,nm,0.2,31,17,0.6796543598175049
81,tonic,nm,0.2,31,18,0.3227590322494507
81,tonic,nm,0.2,31,19,1.2412300109863281
81,tonic,nm,0.2,31,20,0.15670908987522125
81,tonic,nm,0.2,31,21,0.19311046600341797
81,tonic,nm,0.2,31,22,0.47862446308135986
81,tonic,nm,0.2,31,23,0.14838837087154388
81,tonic,nm,0.2,31,24,0.1448945850133896
82,tonic,grad,0.2,32,0,0.6215144395828247
82,tonic,grad,0.2,32,1,0.41168227791786194
82,tonic,grad,0.2,32,2,0.4270837903022766
82,tonic,grad,0.2,32,3,0.16082899272441864
82,tonic,grad,0.2,32,4,0.16320110857486725
82,tonic,grad,0.2,32,5,0.2514202892780304
82,tonic,grad,0.2,32,6,0.20267465710639954
82,tonic,grad,0.2,32,7,0.08917564898729324
82,tonic,grad,0.2,32,8,0.0489700511097908
82,tonic,grad,0.2,32,9,0.09346669912338257
82,tonic,grad,0.2,32,10,0.11688152700662613
82,tonic,grad,0.2,32,11,0.07672291994094849
82,tonic,grad,0.2,32,12,0.03384355828166008
82,tonic,grad,0.2,32,13,0.04015680029988289
82,tonic,grad,0.2,32,14,0.07414600253105164
82,tonic,grad,0.2,32,15,0.08549647778272629
82,tonic,grad,0.2,32,16,0.06460004299879074
82,tonic,grad,0.2,32,17,0.042512793093919754
82,tonic,grad,0.2,32,18,0.047175128012895584
82,tonic,grad,0.2,32,19,0.06803862750530243
82,tonic,grad,0.2,32,20,0.07339711487293243
82,tonic,grad,0.2,32,21,0.05716612562537193
82,tonic,grad,0.2,32,22,0.042450688779354095
82,tonic,grad,0.2,32,23,0.044705428183078766
82,tonic,grad,0.2,32,24,0.05486246570944786
82,tonic,nm,0.2,32,0,0.6215144395828247
82,tonic,nm,0.2,32,1,0.5676205158233643
82,tonic,nm,0.2,32,2,6.307958126068115
82,tonic,nm,0.2,32,3,0.2689477801322937
82,tonic,nm,0.2,32,4,12.16753101348877
82,tonic,nm,0.2,32,5,1.7446784973144531
82,tonic,nm,0.2,32,6,5.160346031188965
82,tonic,nm,0.2,32,7,0.4863893985748291
82,tonic,nm,0.2,32,8,0.30833864212036133
82,tonic,nm,0.2,32,9,0.8901197910308838
82,tonic,nm,0.2,32,10,0.2950548231601715
82,tonic,nm,0.2,32,11,0.6088864207267761
82,tonic,nm,0.2,32,12,0.2788218557834625
82,tonic,nm,0.2,32,13,0.5371924042701721
82,tonic,nm,0.2,32,14,0.21290412545204163
82,tonic,nm,0.2,32,15,0.21455718576908112
82,tonic,nm,0.2,32,16,0.15058833360671997
82,tonic,nm,0.2,32,17,0.22289851307868958
82,tonic,nm,0.2,32,18,0.40460121631622314
82,tonic,nm,0.2,32,19,0.17052660882472992
82,tonic,nm,0.2,32,20,0.3430120050907135
82,tonic,nm,0.2,32,21,0.15456993877887726
82,tonic,nm,0.2,32,22,0.18779824674129486
82,tonic,nm,0.2,32,23,0.1479237824678421
82,tonic,nm,0.2,32,24,0.09018044918775558
83,tonic,grad,0.2,33,0,1.8806184530258179
83,tonic,grad,0.2,33,1,0.18057207763195038
83,tonic,grad,0.2,33,2,0.6462275981903076
83,tonic,grad,0.2,33,3,0.9430251121520996
83,tonic,grad,0.2,33,4,0.49907976388931274
83,tonic,grad,0.2,33,5,0.1262234002351761
83,tonic,grad,0.2,33,6,0.1291428655385971
83,tonic,grad,0.2,33,7,0.32850587368011475
83,tonic,grad,0.2,33,8,0.4488335847854614
83,tonic,grad,0.2,33,9,0.3905283808708191
83,tonic,grad,0.2,33,10,0.22696225345134735
83,tonic,grad,0.2,33,11,0.08433079719543457
83,tonic,grad,0.2,33,12,0.052991028875112534
83,tonic,grad,0.2,33,13,0.12500359117984772
83,tonic,grad,0.2,33,14,0.208340123295784
83,tonic,grad,0.2,33,15,0.21406130492687225
83,tonic,grad,0.2,33,16,0.1462819129228592
83,tonic,grad,0.2,33,17,0.06799689680337906
83,tonic,grad,0.2,33,18,0.03840431943535805
83,tonic,grad,0.2,33,19,0.06401414424180984
83,tonic,grad,0.2,33,20,0.10932309925556183
83,tonic,grad,0.2,33,21,0.13134823739528656
83,tonic,grad,0.2,33,22,0.1140899658203125
83,tonic,grad,0.2,33,23,0.07421755790710449
83,tonic,grad,0.2,33,24,0.042782049626111984
83,tonic,nm,0.2,33,0,1.8806184530258179
83,tonic,nm,0.2,33,1,1.7065895795822144
83,tonic,nm,0.2,33,2,3.3469347953796387
83,tonic,nm,0.2,33,3,1.203623652458191
83,tonic,nm,0.2,33,4,17.35152244567871
83,tonic,nm,0.2,33,5,0.47943761944770813
83,tonic,nm,0.2,33,6,0.16719500720500946
83,tonic,nm,0.2,33,7,0.5234666466712952
83,tonic,nm,0.2,33,8,1.0750073194503784
83,tonic,nm,0.2,33,9,4.8284454345703125
83,tonic,nm,0.2,33,10,0.25748997926712036
83,tonic,nm,0.2,33,11,0.839993417263031
83,tonic,nm,0.2,33,12,0.36480066180229187
83,tonic,nm,0.2,33,13,1.0677217245101929
83,tonic,nm,0.2,33,14,0.22261875867843628
83,tonic,nm,0.2,33,15,0.26726239919662476
83,tonic,nm,0.2,33,16,0.17338716983795166
83,tonic,nm,0.2,33,17,0.7829061150550842
83,tonic,nm,0.2,33,18,0.1440955102443695
83,tonic,nm,0.2,33,19,0.1005202978849411
83,tonic,nm,0.2,33,20,0.10837925970554352
83,tonic,nm,0.2,33,21,0.20208919048309326
83,tonic,nm,0.2,33,22,0.1352350264787674
83,tonic,nm,0.2,33,23,0.1206243634223938
83,tonic,nm,0.2,33,24,0.0792354866862297
84,tonic,grad,0.2,34,0,4.240643501281738
84,tonic,grad,0.2,34,1,1.1708592176437378
84,tonic,grad,0.2,34,2,0.1557750105857849
84,tonic,grad,0.2,34,3,0.36980393528938293
84,tonic,grad,0.2,34,4,0.9237892627716064
84,tonic,grad,0.2,34,5,1.2293249368667603
84,tonic,grad,0.2,34,6,1.1899629831314087
84,tonic,grad,0.2,34,7,0.9282205700874329
84,tonic,grad,0.2,34,8,0.590438723564148
84,tonic,grad,0.2,34,9,0.29361769556999207
84,tonic,grad,0.2,34,10,0.1000685915350914
84,tonic,grad,0.2,34,11,0.028141984716057777
84,tonic,grad,0.2,34,12,0.057164113968610764
84,tonic,grad,0.2,34,13,0.1425550878047943
84,tonic,grad,0.2,34,14,0.23456066846847534
84,tonic,grad,0.2,34,15,0.2914908826351166
84,tonic,grad,0.2,34,16,0.2998448312282562
84,tonic,grad,0.2,34,17,0.2593585252761841
84,tonic,grad,0.2,34,18,0.19218651950359344
84,tonic,grad,0.2,34,19,0.11832094937562943
84,tonic,grad,0.2,34,20,0.056386496871709824
84,tonic,grad,0.2,34,21,0.017587672919034958
84,tonic,grad,0.2,34,22,0.004095090553164482
84,tonic,grad,0.2,34,23,0.01071554608643055
84,tonic,grad,0.2,34,24,0.03010074980556965
84,tonic,nm,0.2,34,0,4.240643501281738
84,tonic,nm,0.2,34,1,4.504875183105469
84,tonic,nm,0.2,34,2,26.30500602722168
84,tonic,nm,0.2,34,3,5.406022548675537
84,tonic,nm,0.2,34,4,0.6357001066207886
84,tonic,nm,0.2,34,5,4.164261817932129
84,tonic,nm,0.2,34,6,0.05601426959037781
84,tonic,nm,0.2,34,7,0.7958165407180786
84,tonic,nm,0.2,34,8,1.7609517574310303
84,tonic,nm,0.2,34,9,4.775681972503662
84,tonic,nm,0.2,34,10,0.8200410604476929
84,tonic,nm,0.2,34,11,1.8465521335601807
84,tonic,nm,0.2,34,12,0.5964789390563965
84,tonic,nm,0.2,34,13,3.8341057300567627
84,tonic,nm,0.2,34,14,0.10684449225664139
84,tonic,nm,0.2,34,15,0.2613915503025055
84,tonic,nm,0.2,34,16,1.5229483842849731
84,tonic,nm,0.2,34,17,0.14590772986412048
84,tonic,nm,0.2,34,18,0.2714284062385559
84,tonic,nm,0.2,34,19,0.11162159591913223
84,tonic,nm,0.2,34,20,0.5015049576759338
84,tonic,nm,0.2,34,21,0.04907011240720749
84,tonic,nm,0.2,34,22,0.04464877024292946
84,tonic,nm,0.2,34,23,0.10584836453199387
84,tonic,nm,0.2,34,24,0.33395159244537354
85,tonic,grad,0.2,35,0,11.782306671142578
85,tonic,grad,0.2,35,1,6.077799320220947
85,tonic,grad,0.2,35,2,2.7313425540924072
85,tonic,grad,0.2,35,3,1.1457277536392212
85,tonic,grad,0.2,35,4,0.7617886662483215
85,tonic,grad,0.2,35,5,1.0790867805480957
85,tonic,grad,0.2,35,6,1.6364856958389282
85,tonic,grad,0.2,35,7,2.0820600986480713
85,tonic,grad,0.2,35,8,2.264812469482422
85,tonic,grad,0.2,35,9,2.202669382095337
85,tonic,grad,0.2,35,10,1.9609904289245605
85,tonic,grad,0.2,35,11,1.6280827522277832
85,tonic,grad,0.2,35,12,1.274797797203064
85,tonic,grad,0.2,35,13,0.952684223651886
85,tonic,grad,0.2,35,14,0.6855267286300659
85,tonic,grad,0.2,35,15,0.4928652346134186
85,tonic,grad,0.2,35,16,0.37012746930122375
85,tonic,grad,0.2,35,17,0.31021958589553833
85,tonic,grad,0.2,35,18,0.296696275472641
85,tonic,grad,0.2,35,19,0.3146965503692627
85,tonic,grad,0.2,35,20,0.34918224811553955
85,tonic,grad,0.2,35,21,0.3883260190486908
85,tonic,grad,0.2,35,22,0.42095962166786194
85,tonic,grad,0.2,35,23,0.4440978169441223
85,tonic,grad,0.2,35,24,0.4524242579936981
85,tonic,nm,0.2,35,0,11.782306671142578
85,tonic,nm,0.2,35,1,12.095527648925781
85,tonic,nm,0.2,35,2,42.13972854614258
85,tonic,nm,0.2,35,3,13.713652610778809
85,tonic,nm,0.2,35,4,0.43017813563346863
85,tonic,nm,0.2,35,5,0.5805954933166504
85,tonic,nm,0.2,35,6,1.877648949623108
85,tonic,nm,0.2,35,7,0.17802563309669495
85,tonic,nm,0.2,35,8,1.096427083015442
85,tonic,nm,0.2,35,9,0.909289538860321
85,tonic,nm,0.2,35,10,0.5324336886405945
85,tonic,nm,0.2,35,11,0.7377941012382507
85,tonic,nm,0.2,35,12,0.3063354790210724
85,tonic,nm,0.2,35,13,2.0197837352752686
85,tonic,nm,0.2,35,14,0.15906451642513275
85,tonic,nm,0.2,35,15,0.275069922208786
85,tonic,nm,0.2,35,16,0.9156597256660461
85,tonic,nm,0.2,35,17,0.14186632633209229
85,tonic,nm,0.2,35,18,0.2706887722015381
85,tonic,nm,0.2,35,19,0.17472048103809357
85,tonic,nm,0.2,35,20,0.06766420602798462
85,tonic,nm,0.2,35,21,0.04501283913850784
85,tonic,nm,0.2,35,22,0.08618252724409103
85,tonic,nm,0.2,35,23,0.10791867971420288
85,tonic,nm,0.2,35,24,0.022277850657701492
86,tonic,grad,0.2,36,0,1.3077105283737183
86,tonic,grad,0.2,36,1,0.1287839412689209
86,tonic,grad,0.2,36,2,0.7307265996932983
86,tonic,grad,0.2,36,3,0.6328032612800598
86,tonic,grad,0.2,36,4,0.20516937971115112
86,tonic,grad,0.2,36,5,0.07937486469745636
86,tonic,grad,0.2,36,6,0.23178406059741974
86,tonic,grad,0.2,36,7,0.3602612316608429
86,tonic,grad,0.2,36,8,0.3189631402492523
86,tonic,grad,0.2,36,9,0.16910186409950256
86,tonic,grad,0.2,36,10,0.0472634881734848
86,tonic,grad,0.2,36,11,0.035952936857938766
86,tonic,grad,0.2,36,12,0.10953889042139053
86,tonic,grad,0.2,36,13,0.16571827232837677
86,tonic,grad,0.2,36,14,0.1424262821674347
86,tonic,grad,0.2,36,15,0.07123766839504242
86,tonic,grad,0.2,36,16,0.0187018234282732
86,tonic,grad,0.2,36,17,0.02118312381207943
86,tonic,grad,0.2,36,18,0.059061210602521896
86,tonic,grad,0.2,36,19,0.09015999734401703
86,tonic,grad,0.2,36,20,0.08619492501020432
86,tonic,grad,0.2,36,21,0.055072396993637085
86,tonic,grad,0.2,36,22,0.023681433871388435
86,tonic,grad,0.2,36,23,0.01636311784386635
86,tonic,grad,0.2,36,24,0.03409968316555023
86,tonic,nm,0.2,36,0,1.3077105283737183
86,tonic,nm,0.2,36,1,1.1718729734420776
86,tonic,nm,0.2,36,2,4.269022464752197
86,tonic,nm,0.2,36,3,0.7397904396057129
86,tonic,nm,0.2,36,4,15.381632804870605
86,tonic,nm,0.2,36,5,0.7993670105934143
86,tonic,nm,0.2,36,6,0.28637439012527466
86,tonic,nm,0.2,36,7,0.8714610934257507
86,tonic,nm,0.2,36,8,1.6276990175247192
86,tonic,nm,0.2,36,9,0.45018452405929565
86,tonic,nm,0.2,36,10,2.0897345542907715
86,tonic,nm,0.2,36,11,0.2718154788017273
86,tonic,nm,0.2,36,12,1.0778130292892456
86,tonic,nm,0.2,36,13,0.31121623516082764
86,tonic,nm,0.2,36,14,0.6090362668037415
86,tonic,nm,0.2,36,15,0.23221109807491302
86,tonic,nm,0.2,36,16,0.729834258556366
86,tonic,nm,0.2,36,17,0.16910463571548462
86,tonic,nm,0.2,36,18,0.3992224931716919
86,tonic,nm,0.2,36,19,0.18591372668743134
86,tonic,nm,0.2,36,20,0.37411394715309143
86,tonic,nm,0.2,36,21,0.18069687485694885
86,tonic,nm,0.2,36,22,0.2724883556365967
86,tonic,nm,0.2,36,23,0.17014005780220032
86,tonic,nm,0.2,36,24,0.25449663400650024
87,tonic,grad,0.2,37,0,1.1516859531402588
87,tonic,grad,0.2,37,1,0.03919234126806259
87,tonic,grad,0.2,37,2,0.6626853942871094
87,tonic,grad,0.2,37,3,0.5397864580154419
87,tonic,grad,0.2,37,4,0.12799577414989471
87,tonic,grad,0.2,37,5,0.04042490944266319
87,tonic,grad,0.2,37,6,0.2190386950969696
87,tonic,grad,0.2,37,7,0.34080907702445984
87,tonic,grad,0.2,37,8,0.2761882245540619
87,tonic,grad,0.2,37,9,0.12077628821134567
87,tonic,grad,0.2,37,10,0.023081904277205467
87,tonic,grad,0.2,37,11,0.053402066230773926
87,tonic,grad,0.2,37,12,0.14579935371875763
87,tonic,grad,0.2,37,13,0.18106912076473236
87,tonic,grad,0.2,37,14,0.12603068351745605
87,tonic,grad,0.2,37,15,0.048284340649843216
87,tonic,grad,0.2,37,16,0.019967366009950638
87,tonic,grad,0.2,37,17,0.05051960423588753
87,tonic,grad,0.2,37,18,0.09519195556640625
87,tonic,grad,0.2,37,19,0.10602273792028427
87,tonic,grad,0.2,37,20,0.0756145492196083
87,tonic,grad,0.2,37,21,0.03502151742577553
87,tonic,grad,0.2,37,22,0.020092416554689407
87,tonic,grad,0.2,37,23,0.038550134748220444
87,tonic,grad,0.2,37,24,0.06400955468416214
87,tonic,nm,0.2,37,0,1.1516859531402588
87,tonic,nm,0.2,37,1,1.0072585344314575
87,tonic,nm,0.2,37,2,4.184328556060791
87,tonic,nm,0.2,37,3,0.6511863470077515
87,tonic,nm,0.2,37,4,15.194256782531738
87,tonic,nm,0.2,37,5,0.6935673952102661
87,tonic,nm,0.2,37,6,0.2030506581068039
87,tonic,nm,0.2,37,7,0.8116783499717712
87,tonic,nm,0.2,37,8,1.5740424394607544
87,tonic,nm,0.2,37,9,0.3176904320716858
87,tonic,nm,0.2,37,10,1.9925596714019775
87,tonic,nm,0.2,37,11,0.1667853742837906
87,tonic,nm,0.2,37,12,0.9748520851135254
87,tonic,nm,0.2,37,13,0.21330170333385468
87,tonic,nm,0.2,37,14,0.5415399074554443
87,tonic,nm,0.2,37,15,0.11565160751342773
87,tonic,nm,0.2,37,16,0.6324269771575928
87,tonic,nm,0.2,37,17,0.0691043958067894
87,tonic,nm,0.2,37,18,0.26848626136779785
87,tonic,nm,0.2,37,19,0.09264848381280899
87,tonic,nm,0.2,37,20,0.2719857096672058
87,tonic,nm,0.2,37,21,0.07644420117139816
87,tonic,nm,0.2,37,22,0.1881641149520874
87,tonic,nm,0.2,37,23,0.06126096472144127
87,tonic,nm,0.2,37,24,0.13905780017375946
88,tonic,grad,0.2,38,0,6.655634880065918
88,tonic,grad,0.2,38,1,2.5481059551239014
88,tonic,grad,0.2,38,2,0.6226658225059509
88,tonic,grad,0.2,38,3,0.20130287110805511
88,tonic,grad,0.2,38,4,0.5986621975898743
88,tonic,grad,0.2,38,5,1.1710243225097656
88,tonic,grad,0.2,38,6,1.5134646892547607
88,tonic,grad,0.2,38,7,1.5387319326400757
88,tonic,grad,0.2,38,8,1.3257733583450317
88,tonic,grad,0.2,38,9,1.000135898590088
88,tonic,grad,0.2,38,10,0.6563777327537537
88,tonic,grad,0.2,38,11,0.3685794770717621
88,tonic,grad,0.2,38,12,0.1684090942144394
88,tonic,grad,0.2,38,13,0.06568125635385513
88,tonic,grad,0.2,38,14,0.04764137789607048
88,tonic,grad,0.2,38,15,0.08941446989774704
88,tonic,grad,0.2,38,16,0.16086162626743317
88,tonic,grad,0.2,38,17,0.23244141042232513
88,tonic,grad,0.2,38,18,0.28536444902420044
88,tonic,grad,0.2,38,19,0.30874884128570557
88,tonic,grad,0.2,38,20,0.29876941442489624
88,tonic,grad,0.2,38,21,0.2637084722518921
88,tonic,grad,0.2,38,22,0.21178603172302246
88,tonic,grad,0.2,38,23,0.15464995801448822
88,tonic,grad,0.2,38,24,0.10171966254711151
88,tonic,nm,0.2,38,0,6.655634880065918
88,tonic,nm,0.2,38,1,6.971461296081543
88,tonic,nm,0.2,38,2,31.91071128845215
88,tonic,nm,0.2,38,3,8.114850044250488
88,tonic,nm,0.2,38,4,0.09081189334392548
88,tonic,nm,0.2,38,5,2.3264670372009277
88,tonic,nm,0.2,38,6,0.2851642668247223
88,tonic,nm,0.2,38,7,0.6686971187591553
88,tonic,nm,0.2,38,8,2.810765027999878
88,tonic,nm,0.2,38,9,2.903442859649658
88,tonic,nm,0.2,38,10,0.09434729069471359
88,tonic,nm,0.2,38,11,0.410826712846756
88,tonic,nm,0.2,38,12,2.6651480197906494
88,tonic,nm,0.2,38,13,2.7186193466186523
88,tonic,nm,0.2,38,14,0.7504750490188599
88,tonic,nm,0.2,38,15,1.7164379358291626
88,tonic,nm,0.2,38,16,0.18613943457603455
88,tonic,nm,0.2,38,17,0.7669389247894287
88,tonic,nm,0.2,38,18,0.12111338973045349
88,tonic,nm,0.2,38,19,0.44279423356056213
88,tonic,nm,0.2,38,20,0.05794282630085945
88,tonic,nm,0.2,38,21,0.19306272268295288
88,tonic,nm,0.2,38,22,0.05009825527667999
88,tonic,nm,0.2,38,23,0.16802933812141418
88,tonic,nm,0.2,38,24,0.04178863391280174
89,tonic,grad,0.2,39,0,3.8139100074768066
89,tonic,grad,0.2,39,1,0.7921274900436401
89,tonic,grad,0.2,39,2,0.18187707662582397
89,tonic,grad,0.2,39,3,1.2098156213760376
89,tonic,grad,0.2,39,4,1.4673560857772827
89,tonic,grad,0.2,39,5,0.8745388388633728
89,tonic,grad,0.2,39,6,0.27054327726364136
89,tonic,grad,0.2,39,7,0.0740252360701561
89,tonic,grad,0.2,39,8,0.23756295442581177
89,tonic,grad,0.2,39,9,0.501354455947876
89,tonic,grad,0.2,39,10,0.6461010575294495
89,tonic,grad,0.2,39,11,0.6030399203300476
89,tonic,grad,0.2,39,12,0.4203656017780304
89,tonic,grad,0.2,39,13,0.2112123966217041
89,tonic,grad,0.2,39,14,0.0769149512052536
89,tonic,grad,0.2,39,15,0.0719965249300003
89,tonic,grad,0.2,39,16,0.16827285289764404
89,tonic,grad,0.2,39,17,0.276124507188797
89,tonic,grad,0.2,39,18,0.309745728969574
89,tonic,grad,0.2,39,19,0.25121936202049255
89,tonic,grad,0.2,39,20,0.15034902095794678
89,tonic,grad,0.2,39,21,0.07296738028526306
89,tonic,grad,0.2,39,22,0.056813061237335205
89,tonic,grad,0.2,39,23,0.09232226014137268
89,tonic,grad,0.2,39,24,0.14325036108493805
89,tonic,nm,0.2,39,0,3.8139100074768066
89,tonic,nm,0.2,39,1,3.5231025218963623
89,tonic,nm,0.2,39,2,1.553331971168518
89,tonic,nm,0.2,39,3,2.850696086883545
89,tonic,nm,0.2,39,4,0.27393585443496704
89,tonic,nm,0.2,39,5,1.3755505084991455
89,tonic,nm,0.2,39,6,3.2271838188171387
89,tonic,nm,0.2,39,7,1.1304857730865479
89,tonic,nm,0.2,39,8,11.295220375061035
89,tonic,nm,0.2,39,9,0.486775279045105
89,tonic,nm,0.2,39,10,0.534480094909668
89,tonic,nm,0.2,39,11,2.731917381286621
89,tonic,nm,0.2,39,12,0.3198867440223694
89,tonic,nm,0.2,39,13,0.8363578915596008
89,tonic,nm,0.2,39,14,0.22142617404460907
89,tonic,nm,0.2,39,15,0.9521061778068542
89,tonic,nm,0.2,39,16,0.19713979959487915
89,tonic,nm,0.2,39,17,0.548984169960022
89,tonic,nm,0.2,39,18,0.16078010201454163
89,tonic,nm,0.2,39,19,0.4954543709754944
89,tonic,nm,0.2,39,20,0.1495058685541153
89,tonic,nm,0.2,39,21,0.32197144627571106
89,tonic,nm,0.2,39,22,0.13902780413627625
89,tonic,nm,0.2,39,23,0.2802906930446625
89,tonic,nm,0.2,39,24,0.13236114382743835
90,tonic,grad,0.2,40,0,7.17001485824585
90,tonic,grad,0.2,40,1,2.5142998695373535
90,tonic,grad,0.2,40,2,0.18651731312274933
90,tonic,grad,0.2,40,3,0.4818112850189209
90,tonic,grad,0.2,40,4,1.9268646240234375
90,tonic,grad,0.2,40,5,2.2404165267944336
90,tonic,grad,0.2,40,6,1.5122400522232056
90,tonic,grad,0.2,40,7,0.5999062657356262
90,tonic,grad,0.2,40,8,0.08780111372470856
90,tonic,grad,0.2,40,9,0.07488825172185898
90,tonic,grad,0.2,40,10,0.3693908452987671
90,tonic,grad,0.2,40,11,0.7051926851272583
90,tonic,grad,0.2,40,12,0.8903988599777222
90,tonic,grad,0.2,40,13,0.8649934530258179
90,tonic,grad,0.2,40,14,0.6678318381309509
90,tonic,grad,0.2,40,15,0.3965311050415039
90,tonic,grad,0.2,40,16,0.1599450260400772
90,tonic,grad,0.2,40,17,0.04728230834007263
90,tonic,grad,0.2,40,18,0.08466191589832306
90,tonic,grad,0.2,40,19,0.22173811495304108
90,tonic,grad,0.2,40,20,0.35615673661231995
90,tonic,grad,0.2,40,21,0.4058639705181122
90,tonic,grad,0.2,40,22,0.34308362007141113
90,tonic,grad,0.2,40,23,0.2194814831018448
90,tonic,grad,0.2,40,24,0.10295912623405457
90,tonic,nm,0.2,40,0,7.17001485824585
90,tonic,nm,0.2,40,1,6.683253288269043
90,tonic,nm,0.2,40,2,0.19504094123840332
90,tonic,nm,0.2,40,3,5.929549217224121
90,tonic,nm,0.2,40,4,0.1784849613904953
90,tonic,nm,0.2,40,5,0.13327287137508392
90,tonic,nm,0.2,40,6,2.2568612098693848
90,tonic,nm,0.2,40,7,15.314335823059082
90,tonic,nm,0.2,40,8,1.2273584604263306
90,tonic,nm,0.2,40,9,2.951721668243408
90,tonic,nm,0.2,40,10,0.6831508874893188
90,tonic,nm,0.2,40,11,4.625213623046875
90,tonic,nm,0.2,40,12,0.18760253489017487
90,tonic,nm,0.2,40,13,0.39190974831581116
90,tonic,nm,0.2,40,14,0.11787065863609314
90,tonic,nm,0.2,40,15,0.44593140482902527
90,tonic,nm,0.2,40,16,0.05740031227469444
90,tonic,nm,0.2,40,17,0.36618372797966003
90,tonic,nm,0.2,40,18,0.057856541126966476
90,tonic,nm,0.2,40,19,0.3727930188179016
90,tonic,nm,0.2,40,20,0.03912419080734253
90,tonic,nm,0.2,40,21,0.15987856686115265
90,tonic,nm,0.2,40,22,0.047125767916440964
90,tonic,nm,0.2,40,23,0.14212748408317566
90,tonic,nm,0.2,40,24,0.024780243635177612
91,tonic,grad,0.2,41,0,0.26597800850868225
91,tonic,grad,0.2,41,1,0.47814062237739563
91,tonic,grad,0.2,41,2,0.11962733417749405
91,tonic,grad,0.2,41,3,0.3586461842060089
91,tonic,grad,0.2,41,4,0.18544673919677734
91,tonic,grad,0.2,41,5,0.03659192472696304
91,tonic,grad,0.2,41,6,0.10489260405302048
91,tonic,grad,0.2,41,7,0.1741146296262741
91,tonic,grad,0.2,41,8,0.11934368312358856
91,tonic,grad,0.2,41,9,0.03332124277949333
91,tonic,grad,0.2,41,10,0.028443682938814163
91,tonic,grad,0.2,41,11,0.08905230462551117
91,tonic,grad,0.2,41,12,0.10957818478345871
91,tonic,grad,0.2,41,13,0.06652140617370605
91,tonic,grad,0.2,41,14,0.03133846074342728
91,tonic,grad,0.2,41,15,0.04654517397284508
91,tonic,grad,0.2,41,16,0.07737667113542557
91,tonic,grad,0.2,41,17,0.07701970636844635
91,tonic,grad,0.2,41,18,0.047424253076314926
91,tonic,grad,0.2,41,19,0.027236178517341614
91,tonic,grad,0.2,41,20,0.036183446645736694
91,tonic,grad,0.2,41,21,0.05189971253275871
91,tonic,grad,0.2,41,22,0.0459052138030529
91,tonic,grad,0.2,41,23,0.024832183495163918
91,tonic,grad,0.2,41,24,0.01633578911423683
91,tonic,nm,0.2,41,0,0.26597800850868225
91,tonic,nm,0.2,41,1,0.31703686714172363
91,tonic,nm,0.2,41,2,9.692285537719727
91,tonic,nm,0.2,41,3,0.22578813135623932
91,tonic,nm,0.2,41,4,8.350202560424805
91,tonic,nm,0.2,41,5,2.8438053131103516
91,tonic,nm,0.2,41,6,3.629697322845459
91,tonic,nm,0.2,41,7,1.03579843044281
91,tonic,nm,0.2,41,8,1.4958747625350952
91,tonic,nm,0.2,41,9,0.4634127914905548
91,tonic,nm,0.2,41,10,0.7305459976196289
91,tonic,nm,0.2,41,11,0.29090389609336853
91,tonic,nm,0.2,41,12,0.14237269759178162
91,tonic,nm,0.2,41,13,0.10685253143310547
91,tonic,nm,0.2,41,14,0.22330911457538605
91,tonic,nm,0.2,41,15,0.14237065613269806
91,tonic,nm,0.2,41,16,0.03813260793685913
91,tonic,nm,0.2,41,17,0.014860439114272594
91,tonic,nm,0.2,41,18,0.042353760451078415
91,tonic,nm,0.2,41,19,0.2132563441991806
91,tonic,nm,0.2,41,20,0.05923024192452431
91,tonic,nm,0.2,41,21,0.06521927565336227
91,tonic,nm,0.2,41,22,0.028661461547017097
91,tonic,nm,0.2,41,23,0.06519541144371033
91,tonic,nm,0.2,41,24,0.028068676590919495
92,tonic,grad,0.2,42,0,0.7143832445144653
92,tonic,grad,0.2,42,1,0.6916006803512573
92,tonic,grad,0.2,42,2,0.6479922533035278
92,tonic,grad,0.2,42,3,0.37721553444862366
92,tonic,grad,0.2,42,4,0.2789173424243927
92,tonic,grad,0.2,42,5,0.3178854286670685
92,tonic,grad,0.2,42,6,0.2807430326938629
92,tonic,grad,0.2,42,7,0.1720738559961319
92,tonic,grad,0.2,42,8,0.100258968770504
92,tonic,grad,0.2,42,9,0.09800201654434204
92,tonic,grad,0.2,42,10,0.11858312785625458
92,tonic,grad,0.2,42,11,0.11426951736211777
92,tonic,grad,0.2,42,12,0.08020113408565521
92,tonic,grad,0.2,42,13,0.042292892932891846
92,tonic,grad,0.2,42,14,0.026504293084144592
92,tonic,grad,0.2,42,15,0.0343155674636364
92,tonic,grad,0.2,42,16,0.04764152318239212
92,tonic,grad,0.2,42,17,0.04849046841263771
92,tonic,grad,0.2,42,18,0.0363667830824852
92,tonic,grad,0.2,42,19,0.02297843247652054
92,tonic,grad,0.2,42,20,0.018153712153434753
92,tonic,grad,0.2,42,21,0.022931145504117012
92,tonic,grad,0.2,42,22,0.029625842347741127
92,tonic,grad,0.2,42,23,0.03153296187520027
92,tonic,grad,0.2,42,24,0.027036039158701897
92,tonic,nm,0.2,42,0,0.7143832445144653
92,tonic,nm,0.2,42,1,0.8089816570281982
92,tonic,nm,0.2,42,2,13.706521987915039
92,tonic,nm,0.2,42,3,0.9536402225494385
92,tonic,nm,0.2,42,4,5.448093414306641
92,tonic,nm,0.2,42,5,1.3829851150512695
92,tonic,nm,0.2,42,6,6.203735828399658
92,tonic,nm,0.2,42,7,0.4165043234825134
92,tonic,nm,0.2,42,8,0.587550163269043
92,tonic,nm,0.2,42,9,0.8087306618690491
92,tonic,nm,0.2,42,10,0.5395054221153259
92,tonic,nm,0.2,42,11,1.849936842918396
92,tonic,nm,0.2,42,12,0.4346907436847687
92,tonic,nm,0.2,42,13,0.2496097981929779
92,tonic,nm,0.2,42,14,0.1776271015405655
92,tonic,nm,0.2,42,15,0.26793649792671204
92,tonic,nm,0.2,42,16,0.18934513628482819
92,tonic,nm,0.2,42,17,0.14346696436405182
92,tonic,nm,0.2,42,18,0.25950106978416443
92,tonic,nm,0.2,42,19,0.14667083323001862
92,tonic,nm,0.2,42,20,0.14491651952266693
92,tonic,nm,0.2,42,21,0.05757838860154152
92,tonic,nm,0.2,42,22,0.0907178521156311
92,tonic,nm,0.2,42,23,0.6706975698471069
92,tonic,nm,0.2,42,24,0.05665208771824837
93,tonic,grad,0.2,43,0,4.447254180908203
93,tonic,grad,0.2,43,1,1.4029954671859741
93,tonic,grad,0.2,43,2,0.4138931930065155
93,tonic,grad,0.2,43,3,0.6285951733589172
93,tonic,grad,0.2,43,4,1.1510343551635742
93,tonic,grad,0.2,43,5,1.4254111051559448
93,tonic,grad,0.2,43,6,1.3521366119384766
93,tonic,grad,0.2,43,7,1.0680694580078125
93,tonic,grad,0.2,43,8,0.7125961780548096
93,tonic,grad,0.2,43,9,0.40305519104003906
93,tonic,grad,0.2,43,10,0.20146435499191284
93,tonic,grad,0.2,43,11,0.1223331168293953
93,tonic,grad,0.2,43,12,0.14102980494499207
93,tonic,grad,0.2,43,13,0.21202853322029114
93,tonic,grad,0.2,43,14,0.2862790524959564
93,tonic,grad,0.2,43,15,0.3287057876586914
93,tonic,grad,0.2,43,16,0.3254392147064209
93,tonic,grad,0.2,43,17,0.27921709418296814
93,tonic,grad,0.2,43,18,0.2079606056213379
93,tonic,grad,0.2,43,19,0.13390439748764038
93,tonic,grad,0.2,43,20,0.07053101807832718
93,tonic,grad,0.2,43,21,0.028635969385504723
93,tonic,grad,0.2,43,22,0.011263750493526459
93,tonic,grad,0.2,43,23,0.014056769199669361
93,tonic,grad,0.2,43,24,0.03039216808974743
93,tonic,nm,0.2,43,0,4.447254180908203
93,tonic,nm,0.2,43,1,4.722661972045898
93,tonic,nm,0.2,43,2,26.573993682861328
93,tonic,nm,0.2,43,3,5.556160926818848
93,tonic,nm,0.2,43,4,0.748560905456543
93,tonic,nm,0.2,43,5,4.24049711227417
93,tonic,nm,0.2,43,6,0.289537638425827
93,tonic,nm,0.2,43,7,1.0774396657943726
93,tonic,nm,0.2,43,8,1.8978406190872192
93,tonic,nm,0.2,43,9,4.932991981506348
93,tonic,nm,0.2,43,10,1.0059728622436523
93,tonic,nm,0.2,43,11,2.054633855819702
93,tonic,nm,0.2,43,12,0.7513666152954102
93,tonic,nm,0.2,43,13,3.9926302433013916
93,tonic,nm,0.2,43,14,0.28422462940216064
93,tonic,nm,0.2,43,15,0.3765256106853485
93,tonic,nm,0.2,43,16,1.7903498411178589
93,tonic,nm,0.2,43,17,0.2988549470901489
93,tonic,nm,0.2,43,18,0.4375257194042206
93,tonic,nm,0.2,43,19,0.26104775071144104
93,tonic,nm,0.2,43,20,0.7516191005706787
93,tonic,nm,0.2,43,21,0.21072256565093994
93,tonic,nm,0.2,43,22,0.21895763278007507
93,tonic,nm,0.2,43,23,0.16307438910007477
93,tonic,nm,0.2,43,24,0.18195344507694244
94,tonic,grad,0.2,44,0,5.563578128814697
94,tonic,grad,0.2,44,1,1.7065237760543823
94,tonic,grad,0.2,44,2,0.26297545433044434
94,tonic,grad,0.2,44,3,1.1086764335632324
94,tonic,grad,0.2,44,4,1.978412389755249
94,tonic,grad,0.2,44,5,1.6494420766830444
94,tonic,grad,0.2,44,6,0.8536729216575623
94,tonic,grad,0.2,44,7,0.2810179591178894
94,tonic,grad,0.2,44,8,0.15528900921344757
94,tonic,grad,0.2,44,9,0.3535478115081787
94,tonic,grad,0.2,44,10,0.6270017623901367
94,tonic,grad,0.2,44,11,0.7853407263755798
94,tonic,grad,0.2,44,12,0.7689273953437805
94,tonic,grad,0.2,44,13,0.6009939312934875
94,tonic,grad,0.2,44,14,0.3700107932090759
94,tonic,grad,0.2,44,15,0.16993361711502075
94,tonic,grad,0.2,44,16,0.07004174590110779
94,tonic,grad,0.2,44,17,0.08910199254751205
94,tonic,grad,0.2,44,18,0.18583494424819946
94,tonic,grad,0.2,44,19,0.2801927924156189
94,tonic,grad,0.2,44,20,0.3065169155597687
94,tonic,grad,0.2,44,21,0.2536148130893707
94,tonic,grad,0.2,44,22,0.1548359990119934
94,tonic,grad,0.2,44,23,0.06893432885408401
94,tonic,grad,0.2,44,24,0.03051522560417652
94,tonic,nm,0.2,44,0,5.563578128814697
94,tonic,nm,0.2,44,1,5.218386650085449
94,tonic,nm,0.2,44,2,1.1596596240997314
94,tonic,nm,0.2,44,3,4.327917575836182
94,tonic,nm,0.2,44,4,0.3793373703956604
94,tonic,nm,0.2,44,5,0.9357588887214661
94,tonic,nm,0.2,44,6,2.3719730377197266
94,tonic,nm,0.2,44,7,12.662056922912598
94,tonic,nm,0.2,44,8,1.0697901248931885
94,tonic,nm,0.2,44,9,2.5276317596435547
94,tonic,nm,0.2,44,10,1.0420079231262207
94,tonic,nm,0.2,44,11,0.9597350358963013
94,tonic,nm,0.2,44,12,1.0308610200881958
94,tonic,nm,0.2,44,13,0.9261125326156616
94,tonic,nm,0.2,44,14,4.050988674163818
94,tonic,nm,0.2,44,15,0.3718312084674835
94,tonic,nm,0.2,44,16,0.621292233467102
94,tonic,nm,0.2,44,17,2.1683990955352783
94,tonic,nm,0.2,44,18,0.43576210737228394
94,tonic,nm,0.2,44,19,0.5656364560127258
94,tonic,nm,0.2,44,20,0.39860087633132935
94,tonic,nm,0.2,44,21,0.4551107883453369
94,tonic,nm,0.2,44,22,0.35764122009277344
94,tonic,nm,0.2,44,23,0.5024175047874451
94,tonic,nm,0.2,44,24,0.3388969600200653
95,tonic,grad,0.2,45,0,3.503086805343628
95,tonic,grad,0.2,45,1,1.0482521057128906
95,tonic,grad,0.2,45,2,0.5550070405006409
95,tonic,grad,0.2,45,3,0.9730312824249268
95,tonic,grad,0.2,45,4,1.3395529985427856
95,tonic,grad,0.2,45,5,1.340800166130066
95,tonic,grad,0.2,45,6,1.0799081325531006
95,tonic,grad,0.2,45,7,0.7409021854400635
95,tonic,grad,0.2,45,8,0.4456985294818878
95,tonic,grad,0.2,45,9,0.26524677872657776
95,tonic,grad,0.2,45,10,0.20983412861824036
95,tonic,grad,0.2,45,11,0.2435065358877182
95,tonic,grad,0.2,45,12,0.3083190619945526
95,tonic,grad,0.2,45,13,0.35362401604652405
95,tonic,grad,0.2,45,14,0.350972980260849
95,tonic,grad,0.2,45,15,0.3034099042415619
95,tonic,grad,0.2,45,16,0.22933748364448547
95,tonic,grad,0.2,45,17,0.15188542008399963
95,tonic,grad,0.2,45,18,0.08893683552742004
95,tonic,grad,0.2,45,19,0.04999634996056557
95,tonic,grad,0.2,45,20,0.03559514507651329
95,tonic,grad,0.2,45,21,0.03993040323257446
95,tonic,grad,0.2,45,22,0.05454975366592407
95,tonic,grad,0.2,45,23,0.07087253034114838
95,tonic,grad,0.2,45,24,0.08262456208467484
95,tonic,nm,0.2,45,0,3.503086805343628
95,tonic,nm,0.2,45,1,3.7247724533081055
95,tonic,nm,0.2,45,2,23.933229446411133
95,tonic,nm,0.2,45,3,4.43618106842041
95,tonic,nm,0.2,45,4,1.3477420806884766
95,tonic,nm,0.2,45,5,5.517433166503906
95,tonic,nm,0.2,45,6,0.523991584777832
95,tonic,nm,0.2,45,7,1.773125171661377
95,tonic,nm,0.2,45,8,2.816035270690918
95,tonic,nm,0.2,45,9,6.331056118011475
95,tonic,nm,0.2,45,10,0.6977667212486267
95,tonic,nm,0.2,45,11,1.4820270538330078
95,tonic,nm,0.2,45,12,0.5918971300125122
95,tonic,nm,0.2,45,13,2.9643142223358154
95,tonic,nm,0.2,45,14,0.5180661082267761
95,tonic,nm,0.2,45,15,1.0375611782073975
95,tonic,nm,0.2,45,16,0.41830989718437195
95,tonic,nm,0.2,45,17,1.0851318836212158
95,tonic,nm,0.2,45,18,0.3777559995651245
95,tonic,nm,0.2,45,19,0.3425164222717285
95,tonic,nm,0.2,45,20,0.5134487748146057
95,tonic,nm,0.2,45,21,1.545431137084961
95,tonic,nm,0.2,45,22,0.29819077253341675
95,tonic,nm,0.2,45,23,0.22248639166355133
95,tonic,nm,0.2,45,24,0.21864885091781616
96,tonic,grad,0.2,46,0,1.6783689260482788
96,tonic,grad,0.2,46,1,0.09536528587341309
96,tonic,grad,0.2,46,2,0.6218392848968506
96,tonic,grad,0.2,46,3,0.8281387090682983
96,tonic,grad,0.2,46,4,0.3732336759567261
96,tonic,grad,0.2,46,5,0.05479130148887634
96,tonic,grad,0.2,46,6,0.10433044284582138
96,tonic,grad,0.2,46,7,0.3033177852630615
96,tonic,grad,0.2,46,8,0.39345768094062805
96,tonic,grad,0.2,46,9,0.311738520860672
96,tonic,grad,0.2,46,10,0.14843598008155823
96,tonic,grad,0.2,46,11,0.03075408935546875
96,tonic,grad,0.2,46,12,0.02723492868244648
96,tonic,grad,0.2,46,13,0.10897665470838547
96,tonic,grad,0.2,46,14,0.17800109088420868
96,tonic,grad,0.2,46,15,0.16654260456562042
96,tonic,grad,0.2,46,16,0.09400781244039536
96,tonic,grad,0.2,46,17,0.027690377086400986
96,tonic,grad,0.2,46,18,0.012001367285847664
96,tonic,grad,0.2,46,19,0.042727187275886536
96,tonic,grad,0.2,46,20,0.08273491263389587
96,tonic,grad,0.2,46,21,0.09825356304645538
96,tonic,grad,0.2,46,22,0.07939700037240982
96,tonic,grad,0.2,46,23,0.04328680410981178
96,tonic,grad,0.2,46,24,0.016762830317020416
96,tonic,nm,0.2,46,0,1.6783689260482788
96,tonic,nm,0.2,46,1,1.4968962669372559
96,tonic,nm,0.2,46,2,3.475383758544922
96,tonic,nm,0.2,46,3,1.039082407951355
96,tonic,nm,0.2,46,4,16.839317321777344
96,tonic,nm,0.2,46,5,0.47457364201545715
96,tonic,nm,0.2,46,6,0.1166255995631218
96,tonic,nm,0.2,46,7,0.5230497121810913
96,tonic,nm,0.2,46,8,1.155697226524353
96,tonic,nm,0.2,46,9,0.4020474851131439
96,tonic,nm,0.2,46,10,3.733428955078125
96,tonic,nm,0.2,46,11,0.21239279210567474
96,tonic,nm,0.2,46,12,0.14724436402320862
96,tonic,nm,0.2,46,13,0.91932213306427
96,tonic,nm,0.2,46,14,0.1274198591709137
96,tonic,nm,0.2,46,15,0.2607160806655884
96,tonic,nm,0.2,46,16,0.1010730117559433
96,tonic,nm,0.2,46,17,0.3683930039405823
96,tonic,nm,0.2,46,18,0.06740827858448029
96,tonic,nm,0.2,46,19,0.2035943865776062
96,tonic,nm,0.2,46,20,0.07386372983455658
96,tonic,nm,0.2,46,21,0.16187375783920288
96,tonic,nm,0.2,46,22,0.07202011346817017
96,tonic,nm,0.2,46,23,0.10862142592668533
96,tonic,nm,0.2,46,24,0.06864748150110245
97,tonic,grad,0.2,47,0,0.22774749994277954
97,tonic,grad,0.2,47,1,0.3568383455276489
97,tonic,grad,0.2,47,2,0.08190260827541351
97,tonic,grad,0.2,47,3,0.23883873224258423
97,tonic,grad,0.2,47,4,0.10361409187316895
97,tonic,grad,0.2,47,5,0.019796084612607956
97,tonic,grad,0.2,47,6,0.08286874741315842
97,tonic,grad,0.2,47,7,0.10465703159570694
97,tonic,grad,0.2,47,8,0.04544772952795029
97,tonic,grad,0.2,47,9,0.0013855102006345987
97,tonic,grad,0.2,47,10,0.02360992692410946
97,tonic,grad,0.2,47,11,0.05757039412856102
97,tonic,grad,0.2,47,12,0.044990893453359604
97,tonic,grad,0.2,47,13,0.01278101559728384
97,tonic,grad,0.2,47,14,0.00739732151851058
97,tonic,grad,0.2,47,15,0.027341261506080627
97,tonic,grad,0.2,47,16,0.039478849619627
97,tonic,grad,0.2,47,17,0.028704209253191948
97,tonic,grad,0.2,47,18,0.011517043225467205
97,tonic,grad,0.2,47,19,0.008666770532727242
97,tonic,grad,0.2,47,20,0.0197724848985672
97,tonic,grad,0.2,47,21,0.02664634957909584
97,tonic,grad,0.2,47,22,0.018770376220345497
97,tonic,grad,0.2,47,23,0.007916860282421112
97,tonic,grad,0.2,47,24,0.006754749920219183
97,tonic,nm,0.2,47,0,0.22774749994277954
97,tonic,nm,0.2,47,1,0.26432132720947266
97,tonic,nm,0.2,47,2,10.137988090515137
97,tonic,nm,0.2,47,3,0.22747954726219177
97,tonic,nm,0.2,47,4,7.845301151275635
97,tonic,nm,0.2,47,5,2.53702449798584
97,tonic,nm,0.2,47,6,3.8776886463165283
97,tonic,nm,0.2,47,7,0.8447319865226746
97,tonic,nm,0.2,47,8,1.628430724143982
97,tonic,nm,0.2,47,9,0.33959251642227173
97,tonic,nm,0.2,47,10,0.7955328822135925
97,tonic,nm,0.2,47,11,0.20643259584903717
97,tonic,nm,0.2,47,12,0.10977912694215775
97,tonic,nm,0.2,47,13,0.07724708318710327
97,tonic,nm,0.2,47,14,0.05154415965080261
97,tonic,nm,0.2,47,15,0.021910740062594414
97,tonic,nm,0.2,47,16,0.2574266493320465
97,tonic,nm,0.2,47,17,0.12909452617168427
97,tonic,nm,0.2,47,18,0.06951919198036194
97,tonic,nm,0.2,47,19,0.006159673910588026
97,tonic,nm,0.2,47,20,0.02908417582511902
97,tonic,nm,0.2,47,21,0.026685241609811783
97,tonic,nm,0.2,47,22,0.03974010795354843
97,tonic,nm,0.2,47,23,0.011150507256388664
97,tonic,nm,0.2,47,24,0.10040799528360367
98,tonic,grad,0.2,48,0,0.6422088146209717
98,tonic,grad,0.2,48,1,0.6915938854217529
98,tonic,grad,0.2,48,2,0.4511312246322632
98,tonic,grad,0.2,48,3,0.24259723722934723
98,tonic,grad,0.2,48,4,0.303296834230423
98,tonic,grad,0.2,48,5,0.311009019613266
98,tonic,grad,0.2,48,6,0.18947841227054596
98,tonic,grad,0.2,48,7,0.0800761729478836
98,tonic,grad,0.2,48,8,0.07393582165241241
98,tonic,grad,0.2,48,9,0.10898011177778244
98,tonic,grad,0.2,48,10,0.09048493951559067
98,tonic,grad,0.2,48,11,0.040343914180994034
98,tonic,grad,0.2,48,12,0.030873646959662437
98,tonic,grad,0.2,48,13,0.06764480471611023
98,tonic,grad,0.2,48,14,0.0953286662697792
98,tonic,grad,0.2,48,15,0.08438113331794739
98,tonic,grad,0.2,48,16,0.061662111431360245
98,tonic,grad,0.2,48,17,0.06266501545906067
98,tonic,grad,0.2,48,18,0.08197619765996933
98,tonic,grad,0.2,48,19,0.08582500368356705
98,tonic,grad,0.2,48,20,0.06627616286277771
98,tonic,grad,0.2,48,21,0.04759752005338669
98,tonic,grad,0.2,48,22,0.046890877187252045
98,tonic,grad,0.2,48,23,0.05475088208913803
98,tonic,grad,0.2,48,24,0.053334835916757584
98,tonic,nm,0.2,48,0,0.6422088146209717
98,tonic,nm,0.2,48,1,0.6270226836204529
98,tonic,nm,0.2,48,2,7.092126846313477
98,tonic,nm,0.2,48,3,0.32258865237236023
98,tonic,nm,0.2,48,4,11.47205638885498
98,tonic,nm,0.2,48,5,2.220609188079834
98,tonic,nm,0.2,48,6,4.773340702056885
98,tonic,nm,0.2,48,7,0.7821753621101379
98,tonic,nm,0.2,48,8,2.268686056137085
98,tonic,nm,0.2,48,9,0.4231499433517456
98,tonic,nm,0.2,48,10,0.36705294251441956
98,tonic,nm,0.2,48,11,0.5017274618148804
98,tonic,nm,0.2,48,12,0.3710727095603943
98,tonic,nm,0.2,48,13,0.21429623663425446
98,tonic,nm,0.2,48,14,0.1907627284526825
98,tonic,nm,0.2,48,15,0.42901062965393066
98,tonic,nm,0.2,48,16,0.28587043285369873
98,tonic,nm,0.2,48,17,0.24648398160934448
98,tonic,nm,0.2,48,18,0.1411834955215454
98,tonic,nm,0.2,48,19,0.1381874531507492
98,tonic,nm,0.2,48,20,0.24943730235099792
98,tonic,nm,0.2,48,21,0.17850922048091888
98,tonic,nm,0.2,48,22,0.14767462015151978
98,tonic,nm,0.2,48,23,0.11654247343540192
98,tonic,nm,0.2,48,24,0.1462864875793457
99,tonic,grad,0.2,49,0,16.126405715942383
99,tonic,grad,0.2,49,1,8.598353385925293
99,tonic,grad,0.2,49,2,3.148385524749756
99,tonic,grad,0.2,49,3,0.47420230507850647
99,tonic,grad,0.2,49,4,0.8776465058326721
99,tonic,grad,0.2,49,5,2.9931774139404297
99,tonic,grad,0.2,49,6,4.17307186126709
99,tonic,grad,0.2,49,7,3.687115430831909
99,tonic,grad,0.2,49,8,2.352750062942505
99,tonic,grad,0.2,49,9,1.0693049430847168
99,tonic,grad,0.2,49,10,0.3212015926837921
99,tonic,grad,0.2,49,11,0.19611147046089172
99,tonic,grad,0.2,49,12,0.4978048801422119
99,tonic,grad,0.2,49,13,0.9516605138778687
99,tonic,grad,0.2,49,14,1.3348497152328491
99,tonic,grad,0.2,49,15,1.5176498889923096
99,tonic,grad,0.2,49,16,1.4637327194213867
99,tonic,grad,0.2,49,17,1.220942735671997
99,tonic,grad,0.2,49,18,0.8710764646530151
99,tonic,grad,0.2,49,19,0.5088332891464233
99,tonic,grad,0.2,49,20,0.24164168536663055
99,tonic,grad,0.2,49,21,0.1255916804075241
99,tonic,grad,0.2,49,22,0.17104923725128174
99,tonic,grad,0.2,49,23,0.3239244222640991
99,tonic,grad,0.2,49,24,0.4923189580440521
99,tonic,nm,0.2,49,0,16.126405715942383
99,tonic,nm,0.2,49,1,15.431203842163086
99,tonic,nm,0.2,49,2,1.372230052947998
99,tonic,nm,0.2,49,3,14.113672256469727
99,tonic,nm,0.2,49,4,3.302377462387085
99,tonic,nm,0.2,49,5,0.47069814801216125
99,tonic,nm,0.2,49,6,1.230271339416504
99,tonic,nm,0.2,49,7,3.8529961109161377
99,tonic,nm,0.2,49,8,0.9943439364433289
99,tonic,nm,0.2,49,9,2.4198784828186035
99,tonic,nm,0.2,49,10,1.0635957717895508
99,tonic,nm,0.2,49,11,3.046205997467041
99,tonic,nm,0.2,49,12,0.6882476210594177
99,tonic,nm,0.2,49,13,0.9653224349021912
99,tonic,nm,0.2,49,14,2.8175742626190186
99,tonic,nm,0.2,49,15,0.5634250044822693
99,tonic,nm,0.2,49,16,0.6877702474594116
99,tonic,nm,0.2,49,17,0.7447056174278259
99,tonic,nm,0.2,49,18,0.5475175380706787
99,tonic,nm,0.2,49,19,0.7773060202598572
99,tonic,nm,0.2,49,20,0.542305052280426
99,tonic,nm,0.2,49,21,0.5383434891700745
99,tonic,nm,0.2,49,22,0.37036460638046265
99,tonic,nm,0.2,49,23,0.3214263319969177
99,tonic,nm,0.2,49,24,0.7729195356369019
100,tonic,grad,0.3,0,0,0.875362753868103
100,tonic,grad,0.3,0,1,0.4930815100669861
100,tonic,grad,0.3,0,2,0.6877974271774292
100,tonic,grad,0.3,0,3,0.48810669779777527
100,tonic,grad,0.3,0,4,0.23385629057884216
100,tonic,grad,0.3,0,5,0.16529087722301483
100,tonic,grad,0.3,0,6,0.22096306085586548
100,tonic,grad,0.3,0,7,0.20826132595539093
100,tonic,grad,0.3,0,8,0.10795784741640091
100,tonic,grad,0.3,0,9,0.0356207937002182
100,tonic,grad,0.3,0,10,0.050126247107982635
100,tonic,grad,0.3,0,11,0.10635603964328766
100,tonic,grad,0.3,0,12,0.13058269023895264
100,tonic,grad,0.3,0,13,0.1059727743268013
100,tonic,grad,0.3,0,14,0.07214201241731644
100,tonic,grad,0.3,0,15,0.07042672485113144
100,tonic,grad,0.3,0,16,0.09897170215845108
100,tonic,grad,0.3,0,17,0.12002440541982651
100,tonic,grad,0.3,0,18,0.10804396122694016
100,tonic,grad,0.3,0,19,0.0773865357041359
100,tonic,grad,0.3,0,20,0.05801459774374962
100,tonic,grad,0.3,0,21,0.060712408274412155
100,tonic,grad,0.3,0,22,0.07112104445695877
100,tonic,grad,0.3,0,23,0.07093916088342667
100,tonic,grad,0.3,0,24,0.05776378512382507
100,tonic,nm,0.3,0,0,0.875362753868103
100,tonic,nm,0.3,0,1,1.04201340675354
100,tonic,nm,0.3,0,2,14.79200553894043
100,tonic,nm,0.3,0,3,1.2171509265899658
100,tonic,nm,0.3,0,4,4.800731658935547
100,tonic,nm,0.3,0,5,1.0967334508895874
100,tonic,nm,0.3,0,6,0.8099105954170227
100,tonic,nm,0.3,0,7,1.7627322673797607
100,tonic,nm,0.3,0,8,2.805354595184326
100,tonic,nm,0.3,0,9,0.49195462465286255
100,tonic,nm,0.3,0,10,1.275467038154602
100,tonic,nm,0.3,0,11,0.5901833176612854
100,tonic,nm,0.3,0,12,1.5766406059265137
100,tonic,nm,0.3,0,13,0.4982563257217407
100,tonic,nm,0.3,0,14,0.9684219360351562
100,tonic,nm,0.3,0,15,0.5163973569869995
100,tonic,nm,0.3,0,16,0.7751366496086121
100,tonic,nm,0.3,0,17,0.43996548652648926
100,tonic,nm,0.3,0,18,0.46219679713249207
100,tonic,nm,0.3,0,19,0.36868417263031006
100,tonic,nm,0.3,0,20,0.4679985046386719
100,tonic,nm,0.3,0,21,0.7598391771316528
100,tonic,nm,0.3,0,22,0.3722038269042969
100,tonic,nm,0.3,0,23,0.647339940071106
100,tonic,nm,0.3,0,24,0.3700644075870514
101,tonic,grad,0.3,1,0,5.507565975189209
101,tonic,grad,0.3,1,1,1.570598840713501
101,tonic,grad,0.3,1,2,0.01673097535967827
101,tonic,grad,0.3,1,3,0.8233725428581238
101,tonic,grad,0.3,1,4,1.842579960823059
101,tonic,grad,0.3,1,5,1.626761555671692
101,tonic,grad,0.3,1,6,0.8185091614723206
101,tonic,grad,0.3,1,7,0.1790480613708496
101,tonic,grad,0.3,1,8,0.014277123846113682
101,tonic,grad,0.3,1,9,0.22170674800872803
101,tonic,grad,0.3,1,10,0.5331680774688721
101,tonic,grad,0.3,1,11,0.7345329523086548
101,tonic,grad,0.3,1,12,0.7331849336624146
101,tonic,grad,0.3,1,13,0.5618067979812622
101,tonic,grad,0.3,1,14,0.3137025833129883
101,tonic,grad,0.3,1,15,0.10498255491256714
101,tonic,grad,0.3,1,16,0.01876121759414673
101,tonic,grad,0.3,1,17,0.0727994441986084
101,tonic,grad,0.3,1,18,0.20748518407344818
101,tonic,grad,0.3,1,19,0.3180122673511505
101,tonic,grad,0.3,1,20,0.32972896099090576
101,tonic,grad,0.3,1,21,0.2458534836769104
101,tonic,grad,0.3,1,22,0.12578779458999634
101,tonic,grad,0.3,1,23,0.03978590667247772
101,tonic,grad,0.3,1,24,0.021532976999878883
101,tonic,nm,0.3,1,0,5.507565975189209
101,tonic,nm,0.3,1,1,5.086516857147217
101,tonic,nm,0.3,1,2,0.578768253326416
101,tonic,nm,0.3,1,3,4.413424015045166
101,tonic,nm,0.3,1,4,0.019771218299865723
101,tonic,nm,0.3,1,5,0.47388023138046265
101,tonic,nm,0.3,1,6,1.8066543340682983
101,tonic,nm,0.3,1,7,11.641473770141602
101,tonic,nm,0.3,1,8,0.9076870679855347
101,tonic,nm,0.3,1,9,2.264209270477295
101,tonic,nm,0.3,1,10,0.5667320489883423
101,tonic,nm,0.3,1,11,3.519773483276367
101,tonic,nm,0.3,1,12,0.14514821767807007
101,tonic,nm,0.3,1,13,0.30988118052482605
101,tonic,nm,0.3,1,14,1.8915809392929077
101,tonic,nm,0.3,1,15,0.10528749972581863
101,tonic,nm,0.3,1,16,0.2332564890384674
101,tonic,nm,0.3,1,17,0.08543028682470322
101,tonic,nm,0.3,1,18,0.4586506187915802
101,tonic,nm,0.3,1,19,0.03878900781273842
101,tonic,nm,0.3,1,20,0.10179927945137024
101,tonic,nm,0.3,1,21,0.04802514240145683
101,tonic,nm,0.3,1,22,0.24905265867710114
101,tonic,nm,0.3,1,23,0.03116859495639801
101,tonic,nm,0.3,1,24,0.021582571789622307
102,tonic,grad,0.3,2,0,4.074345588684082
102,tonic,grad,0.3,2,1,1.2100507020950317
102,tonic,grad,0.3,2,2,0.3778139352798462
102,tonic,grad,0.3,2,3,0.681137204170227
102,tonic,grad,0.3,2,4,1.1775840520858765
102,tonic,grad,0.3,2,5,1.3669040203094482
102,tonic,grad,0.3,2,6,1.2287381887435913
102,tonic,grad,0.3,2,7,0.9191027879714966
102,tonic,grad,0.3,2,8,0.5827275514602661
102,tonic,grad,0.3,2,9,0.31387197971343994
102,tonic,grad,0.3,2,10,0.16055122017860413
102,tonic,grad,0.3,2,11,0.12346526980400085
102,tonic,grad,0.3,2,12,0.16660533845424652
102,tonic,grad,0.3,2,13,0.2419440895318985
102,tonic,grad,0.3,2,14,0.3033493757247925
102,tonic,grad,0.3,2,15,0.3233134150505066
102,tonic,grad,0.3,2,16,0.2975914478302002
102,tonic,grad,0.3,2,17,0.23879319429397583
102,tonic,grad,0.3,2,18,0.1660827398300171
102,tonic,grad,0.3,2,19,0.09895467758178711
102,tonic,grad,0.3,2,20,0.048338234424591064
102,tonic,grad,0.3,2,21,0.019868861883878708
102,tonic,grad,0.3,2,22,0.012021029368042946
102,tonic,grad,0.3,2,23,0.019114380702376366
102,tonic,grad,0.3,2,24,0.03484489768743515
102,tonic,nm,0.3,2,0,4.074345588684082
102,tonic,nm,0.3,2,1,4.318885803222656
102,tonic,nm,0.3,2,2,25.674684524536133
102,tonic,nm,0.3,2,3,5.144798755645752
102,tonic,nm,0.3,2,4,0.8557559251785278
102,tonic,nm,0.3,2,5,4.558436393737793
102,tonic,nm,0.3,2,6,0.25978517532348633
102,tonic,nm,0.3,2,7,1.179051399230957
102,tonic,nm,0.3,2,8,2.1015148162841797
102,tonic,nm,0.3,2,9,5.275004863739014
102,tonic,nm,0.3,2,10,0.8271580934524536
102,tonic,nm,0.3,2,11,1.7812879085540771
102,tonic,nm,0.3,2,12,0.6794496774673462
102,tonic,nm,0.3,2,13,3.419158935546875
102,tonic,nm,0.3,2,14,0.22583618760108948
102,tonic,nm,0.3,2,15,0.5960217118263245
102,tonic,nm,0.3,2,16,2.2449777126312256
102,tonic,nm,0.3,2,17,0.24742110073566437
102,tonic,nm,0.3,2,18,0.43029841780662537
102,tonic,nm,0.3,2,19,0.24518847465515137
102,tonic,nm,0.3,2,20,0.17774507403373718
102,tonic,nm,0.3,2,21,0.24431663751602173
102,tonic,nm,0.3,2,22,0.09798049926757812
102,tonic,nm,0.3,2,23,0.1166231632232666
102,tonic,nm,0.3,2,24,0.19020147621631622
103,tonic,grad,0.3,3,0,12.386617660522461
103,tonic,grad,0.3,3,1,6.571269512176514
103,tonic,grad,0.3,3,2,3.129462242126465
103,tonic,grad,0.3,3,3,1.4613449573516846
103,tonic,grad,0.3,3,4,1.0092986822128296
103,tonic,grad,0.3,3,5,1.2829017639160156
103,tonic,grad,0.3,3,6,1.8273625373840332
103,tonic,grad,0.3,3,7,2.2934491634368896
103,tonic,grad,0.3,3,8,2.5036652088165283
103,tonic,grad,0.3,3,9,2.4555482864379883
103,tonic,grad,0.3,3,10,2.219672918319702
103,tonic,grad,0.3,3,11,1.8734521865844727
103,tonic,grad,0.3,3,12,1.4972411394119263
103,tonic,grad,0.3,3,13,1.150001883506775
103,tonic,grad,0.3,3,14,0.8624982237815857
103,tonic,grad,0.3,3,15,0.6510387659072876
103,tonic,grad,0.3,3,16,0.5135331153869629
103,tonic,grad,0.3,3,17,0.442008912563324
103,tonic,grad,0.3,3,18,0.4210589528083801
103,tonic,grad,0.3,3,19,0.43304550647735596
103,tonic,grad,0.3,3,20,0.46313589811325073
103,tonic,grad,0.3,3,21,0.49813589453697205
103,tonic,grad,0.3,3,22,0.5282341241836548
103,tonic,grad,0.3,3,23,0.5478143692016602
103,tonic,grad,0.3,3,24,0.5540379285812378
103,tonic,nm,0.3,3,0,12.386617660522461
103,tonic,nm,0.3,3,1,12.704036712646484
103,tonic,nm,0.3,3,2,43.158164978027344
103,tonic,nm,0.3,3,3,14.329343795776367
103,tonic,nm,0.3,3,4,0.6307835578918457
103,tonic,nm,0.3,3,5,0.6071814894676208
103,tonic,nm,0.3,3,6,0.6880229711532593
103,tonic,nm,0.3,3,7,0.9229670763015747
103,tonic,nm,0.3,3,8,0.7080588936805725
103,tonic,nm,0.3,3,9,0.4094572067260742
103,tonic,nm,0.3,3,10,0.765958845615387
103,tonic,nm,0.3,3,11,0.9676415324211121
103,tonic,nm,0.3,3,12,0.41940838098526
103,tonic,nm,0.3,3,13,0.3415401875972748
103,tonic,nm,0.3,3,14,0.18750008940696716
103,tonic,nm,0.3,3,15,0.4322824776172638
103,tonic,nm,0.3,3,16,0.28711676597595215
103,tonic,nm,0.3,3,17,0.4308406412601471
103,tonic,nm,0.3,3,18,0.2888668179512024
103,tonic,nm,0.3,3,19,0.16735930740833282
103,tonic,nm,0.3,3,20,0.08518565446138382
103,tonic,nm,0.3,3,21,0.0688541829586029
103,tonic,nm,0.3,3,22,0.08195226639509201
103,tonic,nm,0.3,3,23,0.07212702184915543
103,tonic,nm,0.3,3,24,0.1518394947052002
104,tonic,grad,0.3,4,0,5.72971248626709
104,tonic,grad,0.3,4,1,2.0720348358154297
104,tonic,grad,0.3,4,2,0.5544335246086121
104,tonic,grad,0.3,4,3,0.44398626685142517
104,tonic,grad,0.3,4,4,0.952090859413147
104,tonic,grad,0.3,4,5,1.4133336544036865
104,tonic,grad,0.3,4,6,1.5582529306411743
104,tonic,grad,0.3,4,7,1.419148564338684
104,tonic,grad,0.3,4,8,1.1236481666564941
104,tonic,grad,0.3,4,9,0.7857932448387146
104,tonic,grad,0.3,4,10,0.48321449756622314
104,tonic,grad,0.3,4,11,0.26475706696510315
104,tonic,grad,0.3,4,12,0.14672201871871948
104,tonic,grad,0.3,4,13,0.11637202650308609
104,tonic,grad,0.3,4,14,0.14787298440933228
104,tonic,grad,0.3,4,15,0.20846527814865112
104,tonic,grad,0.3,4,16,0.2689586579799652
104,tonic,grad,0.3,4,17,0.30876094102859497
104,tonic,grad,0.3,4,18,0.3174276649951935
104,tonic,grad,0.3,4,19,0.29750344157218933
104,tonic,grad,0.3,4,20,0.25472670793533325
104,tonic,grad,0.3,4,21,0.19870448112487793
104,tonic,grad,0.3,4,22,0.14366362988948822
104,tonic,grad,0.3,4,23,0.09448681026697159
104,tonic,grad,0.3,4,24,0.05741915851831436
104,tonic,nm,0.3,4,0,5.72971248626709
104,tonic,nm,0.3,4,1,5.9898810386657715
104,tonic,nm,0.3,4,2,29.735363006591797
104,tonic,nm,0.3,4,3,7.054884433746338
104,tonic,nm,0.3,4,4,0.28736263513565063
104,tonic,nm,0.3,4,5,3.0175204277038574
104,tonic,nm,0.3,4,6,0.22773411870002747
104,tonic,nm,0.3,4,7,0.5256125926971436
104,tonic,nm,0.3,4,8,1.1121957302093506
104,tonic,nm,0.3,4,9,3.6112804412841797
104,tonic,nm,0.3,4,10,3.715132474899292
104,tonic,nm,0.3,4,11,0.14046694338321686
104,tonic,nm,0.3,4,12,0.4596794843673706
104,tonic,nm,0.3,4,13,2.8732051849365234
104,tonic,nm,0.3,4,14,3.860433340072632
104,tonic,nm,0.3,4,15,0.9109968543052673
104,tonic,nm,0.3,4,16,1.7023069858551025
104,tonic,nm,0.3,4,17,0.3156566917896271
104,tonic,nm,0.3,4,18,0.9171728491783142
104,tonic,nm,0.3,4,19,0.19536831974983215
104,tonic,nm,0.3,4,20,0.48809143900871277
104,tonic,nm,0.3,4,21,0.1703200787305832
104,tonic,nm,0.3,4,22,0.26573336124420166
104,tonic,nm,0.3,4,23,0.15149083733558655
104,tonic,nm,0.3,4,24,0.22758615016937256
105,tonic,grad,0.3,5,0,3.5260465145111084
105,tonic,grad,0.3,5,1,0.6300680041313171
105,tonic,grad,0.3,5,2,0.13216400146484375
105,tonic,grad,0.3,5,3,1.1644178628921509
105,tonic,grad,0.3,5,4,1.3622514009475708
105,tonic,grad,0.3,5,5,0.7581387162208557
105,tonic,grad,0.3,5,6,0.18957749009132385
105,tonic,grad,0.3,5,7,0.046156931668519974
105,tonic,grad,0.3,5,8,0.2475811243057251
105,tonic,grad,0.3,5,9,0.5152326822280884
105,tonic,grad,0.3,5,10,0.6316293478012085
105,tonic,grad,0.3,5,11,0.5515664219856262
105,tonic,grad,0.3,5,12,0.3474588990211487
105,tonic,grad,0.3,5,13,0.14465291798114777
105,tonic,grad,0.3,5,14,0.05229919031262398
105,tonic,grad,0.3,5,15,0.10159415751695633
105,tonic,grad,0.3,5,16,0.2296438068151474
105,tonic,grad,0.3,5,17,0.3179453909397125
105,tonic,grad,0.3,5,18,0.3034622073173523
105,tonic,grad,0.3,5,19,0.20293235778808594
105,tonic,grad,0.3,5,20,0.097421795129776
105,tonic,grad,0.3,5,21,0.052267514169216156
105,tonic,grad,0.3,5,22,0.07643105834722519
105,tonic,grad,0.3,5,23,0.1340627521276474
105,tonic,grad,0.3,5,24,0.17585016787052155
105,tonic,nm,0.3,5,0,3.5260465145111084
105,tonic,nm,0.3,5,1,3.204331874847412
105,tonic,nm,0.3,5,2,1.4521095752716064
105,tonic,nm,0.3,5,3,2.6822593212127686
105,tonic,nm,0.3,5,4,0.1704910695552826
105,tonic,nm,0.3,5,5,1.3325384855270386
105,tonic,nm,0.3,5,6,3.2389817237854004
105,tonic,nm,0.3,5,7,1.1170645952224731
105,tonic,nm,0.3,5,8,3.8837027549743652
105,tonic,nm,0.3,5,9,0.773826539516449
105,tonic,nm,0.3,5,10,4.966257095336914
105,tonic,nm,0.3,5,11,0.25297626852989197
105,tonic,nm,0.3,5,12,1.1400349140167236
105,tonic,nm,0.3,5,13,0.3873884379863739
105,tonic,nm,0.3,5,14,1.119728684425354
105,tonic,nm,0.3,5,15,0.23296678066253662
105,tonic,nm,0.3,5,16,0.8021007180213928
105,tonic,nm,0.3,5,17,0.10432540625333786
105,tonic,nm,0.3,5,18,0.5660839676856995
105,tonic,nm,0.3,5,19,0.06836441904306412
105,tonic,nm,0.3,5,20,0.489888072013855
105,tonic,nm,0.3,5,21,0.06512698531150818
105,tonic,nm,0.3,5,22,0.36293700337409973
105,tonic,nm,0.3,5,23,0.05119436979293823
105,tonic,nm,0.3,5,24,0.19699810445308685
106,tonic,grad,0.3,6,0,0.45104488730430603
106,tonic,grad,0.3,6,1,0.12184485793113708
106,tonic,grad,0.3,6,2,0.3846196234226227
106,tonic,grad,0.3,6,3,0.19147101044654846
106,tonic,grad,0.3,6,4,0.015569785609841347
106,tonic,grad,0.3,6,5,0.08496906608343124
106,tonic,grad,0.3,6,6,0.19649632275104523
106,tonic,grad,0.3,6,7,0.15001869201660156
106,tonic,grad,0.3,6,8,0.04398498684167862
106,tonic,grad,0.3,6,9,0.01731269620358944
106,tonic,grad,0.3,6,10,0.07170165330171585
106,tonic,grad,0.3,6,11,0.11559940874576569
106,tonic,grad,0.3,6,12,0.0963066890835762
106,tonic,grad,0.3,6,13,0.04247790947556496
106,tonic,grad,0.3,6,14,0.015108375810086727
106,tonic,grad,0.3,6,15,0.03700890392065048
106,tonic,grad,0.3,6,16,0.06902290135622025
106,tonic,grad,0.3,6,17,0.06868439167737961
106,tonic,grad,0.3,6,18,0.03701918199658394
106,tonic,grad,0.3,6,19,0.01503345463424921
106,tonic,grad,0.3,6,20,0.023096345365047455
106,tonic,grad,0.3,6,21,0.043259117752313614
106,tonic,grad,0.3,6,22,0.047373462468385696
106,tonic,grad,0.3,6,23,0.030657583847641945
106,tonic,grad,0.3,6,24,0.014168045483529568
106,tonic,nm,0.3,6,0,0.45104488730430603
106,tonic,nm,0.3,6,1,0.5650213360786438
106,tonic,nm,0.3,6,2,13.93067455291748
106,tonic,nm,0.3,6,3,0.8947836756706238
106,tonic,nm,0.3,6,4,4.848506450653076
106,tonic,nm,0.3,6,5,0.9545124769210815
106,tonic,nm,0.3,6,6,6.257209777832031
106,tonic,nm,0.3,6,7,0.08982651680707932
106,tonic,nm,0.3,6,8,0.0442839041352272
106,tonic,nm,0.3,6,9,0.2939783036708832
106,tonic,nm,0.3,6,10,0.3192043602466583
106,tonic,nm,0.3,6,11,1.6187838315963745
106,tonic,nm,0.3,6,12,0.0826372504234314
106,tonic,nm,0.3,6,13,0.24517998099327087
106,tonic,nm,0.3,6,14,0.08886783570051193
106,tonic,nm,0.3,6,15,0.24747243523597717
106,tonic,nm,0.3,6,16,0.031422339379787445
106,tonic,nm,0.3,6,17,0.07116888463497162
106,tonic,nm,0.3,6,18,0.33616578578948975
106,tonic,nm,0.3,6,19,0.023705963045358658
106,tonic,nm,0.3,6,20,0.04401256516575813
106,tonic,nm,0.3,6,21,0.09337536990642548
106,tonic,nm,0.3,6,22,0.023672370240092278
106,tonic,nm,0.3,6,23,0.0501648411154747
106,tonic,nm,0.3,6,24,0.026959463953971863
107,tonic,grad,0.3,7,0,16.705520629882812
107,tonic,grad,0.3,7,1,8.964123725891113
107,tonic,grad,0.3,7,2,3.2682571411132812
107,tonic,grad,0.3,7,3,0.30858224630355835
107,tonic,grad,0.3,7,4,0.47789597511291504
107,tonic,grad,0.3,7,5,2.6333634853363037
107,tonic,grad,0.3,7,6,4.109230041503906
107,tonic,grad,0.3,7,7,3.8190553188323975
107,tonic,grad,0.3,7,8,2.5012052059173584
107,tonic,grad,0.3,7,9,1.1152886152267456
107,tonic,grad,0.3,7,10,0.23115238547325134
107,tonic,grad,0.3,7,11,0.006376901175826788
107,tonic,grad,0.3,7,12,0.27194440364837646
107,tonic,grad,0.3,7,13,0.7454315423965454
107,tonic,grad,0.3,7,14,1.1764695644378662
107,tonic,grad,0.3,7,15,1.4076778888702393
107,tonic,grad,0.3,7,16,1.403462529182434
107,tonic,grad,0.3,7,17,1.1803662776947021
107,tonic,grad,0.3,7,18,0.8338595032691956
107,tonic,grad,0.3,7,19,0.45531296730041504
107,tonic,grad,0.3,7,20,0.16056489944458008
107,tonic,grad,0.3,7,21,0.016964763402938843
107,tonic,grad,0.3,7,22,0.04916376993060112
107,tonic,grad,0.3,7,23,0.20526175200939178
107,tonic,grad,0.3,7,24,0.39690518379211426
107,tonic,nm,0.3,7,0,16.705520629882812
107,tonic,nm,0.3,7,1,15.914376258850098
107,tonic,nm,0.3,7,2,1.1544218063354492
107,tonic,nm,0.3,7,3,14.773906707763672
107,tonic,nm,0.3,7,4,3.3435592651367188
107,tonic,nm,0.3,7,5,0.23449605703353882
107,tonic,nm,0.3,7,6,0.7009865045547485
107,tonic,nm,0.3,7,7,2.956892967224121
107,tonic,nm,0.3,7,8,4.142709255218506
107,tonic,nm,0.3,7,9,1.130994200706482
107,tonic,nm,0.3,7,10,11.015312194824219
107,tonic,nm,0.3,7,11,0.5423299670219421
107,tonic,nm,0.3,7,12,0.281704843044281
107,tonic,nm,0.3,7,13,2.340717315673828
107,tonic,nm,0.3,7,14,0.3379139006137848
107,tonic,nm,0.3,7,15,0.9251508712768555
107,tonic,nm,0.3,7,16,0.20439612865447998
107,tonic,nm,0.3,7,17,0.6324483752250671
107,tonic,nm,0.3,7,18,0.13993392884731293
107,tonic,nm,0.3,7,19,0.6025867462158203
107,tonic,nm,0.3,7,20,0.12139717489480972
107,tonic,nm,0.3,7,21,0.4846559166908264
107,tonic,nm,0.3,7,22,0.11115214228630066
107,tonic,nm,0.3,7,23,0.2550092935562134
107,tonic,nm,0.3,7,24,0.11605387926101685
108,tonic,grad,0.3,8,0,4.215749740600586
108,tonic,grad,0.3,8,1,0.9902108311653137
108,tonic,grad,0.3,8,2,0.1575251668691635
108,tonic,grad,0.3,8,3,1.2061312198638916
108,tonic,grad,0.3,8,4,1.6878433227539062
108,tonic,grad,0.3,8,5,1.1531661748886108
108,tonic,grad,0.3,8,6,0.4589616656303406
108,tonic,grad,0.3,8,7,0.15135715901851654
108,tonic,grad,0.3,8,8,0.26711368560791016
108,tonic,grad,0.3,8,9,0.562774121761322
108,tonic,grad,0.3,8,10,0.7708466649055481
108,tonic,grad,0.3,8,11,0.7785722017288208
108,tonic,grad,0.3,8,12,0.6049447059631348
108,tonic,grad,0.3,8,13,0.3703993856906891
108,tonic,grad,0.3,8,14,0.1961555927991867
108,tonic,grad,0.3,8,15,0.1640106439590454
108,tonic,grad,0.3,8,16,0.2654789984226227
108,tonic,grad,0.3,8,17,0.4010208249092102
108,tonic,grad,0.3,8,18,0.45514658093452454
108,tonic,grad,0.3,8,19,0.39948317408561707
108,tonic,grad,0.3,8,20,0.27667751908302307
108,tonic,grad,0.3,8,21,0.17828133702278137
108,tonic,grad,0.3,8,22,0.15297561883926392
108,tonic,grad,0.3,8,23,0.1942465454339981
108,tonic,grad,0.3,8,24,0.25576937198638916
108,tonic,nm,0.3,8,0,4.215749740600586
108,tonic,nm,0.3,8,1,3.8643686771392822
108,tonic,nm,0.3,8,2,1.1632015705108643
108,tonic,nm,0.3,8,3,3.3198158740997314
108,tonic,nm,0.3,8,4,0.15338094532489777
108,tonic,nm,0.3,8,5,1.0805338621139526
108,tonic,nm,0.3,8,6,2.737949848175049
108,tonic,nm,0.3,8,7,13.860587120056152
108,tonic,nm,0.3,8,8,0.498130202293396
108,tonic,nm,0.3,8,9,1.509188175201416
108,tonic,nm,0.3,8,10,0.46361055970191956
108,tonic,nm,0.3,8,11,3.0715184211730957
108,tonic,nm,0.3,8,12,0.30384162068367004
108,tonic,nm,0.3,8,13,0.6037569046020508
108,tonic,nm,0.3,8,14,0.216856449842453
108,tonic,nm,0.3,8,15,0.7889383435249329
108,tonic,nm,0.3,8,16,0.1882932037115097
108,tonic,nm,0.3,8,17,0.6731895208358765
108,tonic,nm,0.3,8,18,0.13470812141895294
108,tonic,nm,0.3,8,19,0.308932363986969
108,tonic,nm,0.3,8,20,0.12574075162410736
108,tonic,nm,0.3,8,21,0.3184128999710083
108,tonic,nm,0.3,8,22,0.11398181319236755
108,tonic,nm,0.3,8,23,0.18332581222057343
108,tonic,nm,0.3,8,24,0.109456367790699
109,tonic,grad,0.3,9,0,24.763837814331055
109,tonic,grad,0.3,9,1,15.086709976196289
109,tonic,grad,0.3,9,2,7.246356010437012
109,tonic,grad,0.3,9,3,1.989278793334961
109,tonic,grad,0.3,9,4,0.01072154100984335
109,tonic,grad,0.3,9,5,1.3455572128295898
109,tonic,grad,0.3,9,6,4.0951714515686035
109,tonic,grad,0.3,9,7,5.568172931671143
109,tonic,grad,0.3,9,8,5.065448760986328
109,tonic,grad,0.3,9,9,3.418951988220215
109,tonic,grad,0.3,9,10,1.6542576551437378
109,tonic,grad,0.3,9,11,0.45272183418273926
109,tonic,grad,0.3,9,12,0.012259405106306076
109,tonic,grad,0.3,9,13,0.1999676525592804
109,tonic,grad,0.3,9,14,0.7268232703208923
109,tonic,grad,0.3,9,15,1.2980977296829224
109,tonic,grad,0.3,9,16,1.7063108682632446
109,tonic,grad,0.3,9,17,1.8515050411224365
109,tonic,grad,0.3,9,18,1.7258975505828857
109,tonic,grad,0.3,9,19,1.3884310722351074
109,tonic,grad,0.3,9,20,0.9391294717788696
109,tonic,grad,0.3,9,21,0.49507445096969604
109,tonic,grad,0.3,9,22,0.16497601568698883
109,tonic,grad,0.3,9,23,0.021494530141353607
109,tonic,grad,0.3,9,24,0.07401612401008606
109,tonic,nm,0.3,9,0,24.763837814331055
109,tonic,nm,0.3,9,1,23.729581832885742
109,tonic,nm,0.3,9,2,3.7276082038879395
109,tonic,nm,0.3,9,3,22.475059509277344
109,tonic,nm,0.3,9,4,7.353208541870117
109,tonic,nm,0.3,9,5,1.7948493957519531
109,tonic,nm,0.3,9,6,0.0789373591542244
109,tonic,nm,0.3,9,7,2.652953624725342
109,tonic,nm,0.3,9,8,6.217933654785156
109,tonic,nm,0.3,9,9,2.016411781311035
109,tonic,nm,0.3,9,10,14.99051570892334
109,tonic,nm,0.3,9,11,0.6359726786613464
109,tonic,nm,0.3,9,12,1.6001641750335693
109,tonic,nm,0.3,9,13,7.601837635040283
109,tonic,nm,0.3,9,14,0.3790723383426666
109,tonic,nm,0.3,9,15,1.166334867477417
109,tonic,nm,0.3,9,16,0.42060959339141846
109,tonic,nm,0.3,9,17,1.9606332778930664
109,tonic,nm,0.3,9,18,0.1890442669391632
109,tonic,nm,0.3,9,19,0.3044513165950775
109,tonic,nm,0.3,9,20,1.258349061012268
109,tonic,nm,0.3,9,21,0.13314977288246155
109,tonic,nm,0.3,9,22,0.2144533395767212
109,tonic,nm,0.3,9,23,0.12549641728401184
109,tonic,nm,0.3,9,24,0.2734532654285431
110,tonic,grad,0.3,10,0,1.5430781841278076
110,tonic,grad,0.3,10,1,0.34872499108314514
110,tonic,grad,0.3,10,2,0.660038411617279
110,tonic,grad,0.3,10,3,0.8779473304748535
110,tonic,grad,0.3,10,4,0.7087137699127197
110,tonic,grad,0.3,10,5,0.4156827926635742
110,tonic,grad,0.3,10,6,0.21015270054340363
110,tonic,grad,0.3,10,7,0.1703418791294098
110,tonic,grad,0.3,10,8,0.23936475813388824
110,tonic,grad,0.3,10,9,0.3003289997577667
110,tonic,grad,0.3,10,10,0.282793253660202
110,tonic,grad,0.3,10,11,0.2045263946056366
110,tonic,grad,0.3,10,12,0.11530377715826035
110,tonic,grad,0.3,10,13,0.0581120140850544
110,tonic,grad,0.3,10,14,0.043729912489652634
110,tonic,grad,0.3,10,15,0.05972374603152275
110,tonic,grad,0.3,10,16,0.08284755796194077
110,tonic,grad,0.3,10,17,0.09642534703016281
110,tonic,grad,0.3,10,18,0.09428592026233673
110,tonic,grad,0.3,10,19,0.07536346465349197
110,tonic,grad,0.3,10,20,0.05046647787094116
110,tonic,grad,0.3,10,21,0.026611456647515297
110,tonic,grad,0.3,10,22,0.011244816705584526
110,tonic,grad,0.3,10,23,0.006849286612123251
110,tonic,grad,0.3,10,24,0.01127901952713728
110,tonic,nm,0.3,10,0,1.5430781841278076
110,tonic,nm,0.3,10,1,1.6801884174346924
110,tonic,nm,0.3,10,2,18.069828033447266
110,tonic,nm,0.3,10,3,2.145967960357666
110,tonic,nm,0.3,10,4,3.0139200687408447
110,tonic,nm,0.3,10,5,0.3651837110519409
110,tonic,nm,0.3,10,6,0.31751278042793274
110,tonic,nm,0.3,10,7,0.8349847793579102
110,tonic,nm,0.3,10,8,0.952174723148346
110,tonic,nm,0.3,10,9,4.672565937042236
110,tonic,nm,0.3,10,10,0.4331362545490265
110,tonic,nm,0.3,10,11,0.7877732515335083
110,tonic,nm,0.3,10,12,0.3927435576915741
110,tonic,nm,0.3,10,13,0.5548262596130371
110,tonic,nm,0.3,10,14,0.275127112865448
110,tonic,nm,0.3,10,15,0.6573180556297302
110,tonic,nm,0.3,10,16,0.2532516121864319
110,tonic,nm,0.3,10,17,0.7590069770812988
110,tonic,nm,0.3,10,18,0.23505719006061554
110,tonic,nm,0.3,10,19,0.21837174892425537
110,tonic,nm,0.3,10,20,0.2859771251678467
110,tonic,nm,0.3,10,21,0.14609640836715698
110,tonic,nm,0.3,10,22,0.15403971076011658
110,tonic,nm,0.3,10,23,0.1485225260257721
110,tonic,nm,0.3,10,24,0.13125959038734436
111,tonic,grad,0.3,11,0,1.3218594789505005
111,tonic,grad,0.3,11,1,0.213191956281662
111,tonic,grad,0.3,11,2,0.5472099184989929
111,tonic,grad,0.3,11,3,0.7486788034439087
111,tonic,grad,0.3,11,4,0.5537852048873901
111,tonic,grad,0.3,11,5,0.2567391097545624
111,tonic,grad,0.3,11,6,0.08745791018009186
111,tonic,grad,0.3,11,7,0.11016053706407547
111,tonic,grad,0.3,11,8,0.21843679249286652
111,tonic,grad,0.3,11,9,0.26066577434539795
111,tonic,grad,0.3,11,10,0.19669848680496216
111,tonic,grad,0.3,11,11,0.08943229913711548
111,tonic,grad,0.3,11,12,0.017574336379766464
111,tonic,grad,0.3,11,13,0.013216691091656685
111,tonic,grad,0.3,11,14,0.05657350271940231
111,tonic,grad,0.3,11,15,0.10244491696357727
111,tonic,grad,0.3,11,16,0.11541721969842911
111,tonic,grad,0.3,11,17,0.09317022562026978
111,tonic,grad,0.3,11,18,0.05301423743367195
111,tonic,grad,0.3,11,19,0.02275584079325199
111,tonic,grad,0.3,11,20,0.01820189319550991
111,tonic,grad,0.3,11,21,0.03745222091674805
111,tonic,grad,0.3,11,22,0.06163942813873291
111,tonic,grad,0.3,11,23,0.07289393991231918
111,tonic,grad,0.3,11,24,0.06373906880617142
111,tonic,nm,0.3,11,0,1.3218594789505005
111,tonic,nm,0.3,11,1,1.5090265274047852
111,tonic,nm,0.3,11,2,17.433311462402344
111,tonic,nm,0.3,11,3,1.8930925130844116
111,tonic,nm,0.3,11,4,3.2199366092681885
111,tonic,nm,0.3,11,5,0.3956911563873291
111,tonic,nm,0.3,11,6,0.2909986674785614
111,tonic,nm,0.3,11,7,0.8557318449020386
111,tonic,nm,0.3,11,8,0.9999368786811829
111,tonic,nm,0.3,11,9,4.881980895996094
111,tonic,nm,0.3,11,10,0.31374430656433105
111,tonic,nm,0.3,11,11,0.6763805150985718
111,tonic,nm,0.3,11,12,0.3095097839832306
111,tonic,nm,0.3,11,13,1.0754066705703735
111,tonic,nm,0.3,11,14,0.19356952607631683
111,tonic,nm,0.3,11,15,0.4159696698188782
111,tonic,nm,0.3,11,16,0.21649570763111115
111,tonic,nm,0.3,11,17,0.4384703040122986
111,tonic,nm,0.3,11,18,0.2135232836008072
111,tonic,nm,0.3,11,19,0.2005564570426941
111,tonic,nm,0.3,11,20,0.11477085947990417
111,tonic,nm,0.3,11,21,0.11856236308813095
111,tonic,nm,0.3,11,22,0.09793007373809814
111,tonic,nm,0.3,11,23,0.13223139941692352
111,tonic,nm,0.3,11,24,0.47951096296310425
112,tonic,grad,0.3,12,0,1.3737636804580688
112,tonic,grad,0.3,12,1,0.4067964553833008
112,tonic,grad,0.3,12,2,0.7498310208320618
112,tonic,grad,0.3,12,3,0.8429450988769531
112,tonic,grad,0.3,12,4,0.6055092811584473
112,tonic,grad,0.3,12,5,0.3308964967727661
112,tonic,grad,0.3,12,6,0.20189140737056732
112,tonic,grad,0.3,12,7,0.22767403721809387
112,tonic,grad,0.3,12,8,0.293728768825531
112,tonic,grad,0.3,12,9,0.2947911322116852
112,tonic,grad,0.3,12,10,0.22047266364097595
112,tonic,grad,0.3,12,11,0.12609702348709106
112,tonic,grad,0.3,12,12,0.06350444257259369
112,tonic,grad,0.3,12,13,0.048434529453516006
112,tonic,grad,0.3,12,14,0.06585974991321564
112,tonic,grad,0.3,12,15,0.08866727352142334
112,tonic,grad,0.3,12,16,0.09867408126592636
112,tonic,grad,0.3,12,17,0.08830052614212036
112,tonic,grad,0.3,12,18,0.06339433789253235
112,tonic,grad,0.3,12,19,0.03472752124071121
112,tonic,grad,0.3,12,20,0.013337361626327038
112,tonic,grad,0.3,12,21,0.004977811127901077
112,tonic,grad,0.3,12,22,0.00842486135661602
112,tonic,grad,0.3,12,23,0.0181802436709404
112,tonic,grad,0.3,12,24,0.02669171802699566
112,tonic,nm,0.3,12,0,1.3737636804580688
112,tonic,nm,0.3,12,1,1.5103095769882202
112,tonic,nm,0.3,12,2,17.238048553466797
112,tonic,nm,0.3,12,3,1.892747163772583
112,tonic,nm,0.3,12,4,3.4507362842559814
112,tonic,nm,0.3,12,5,0.5376487374305725
112,tonic,nm,0.3,12,6,0.45610877871513367
112,tonic,nm,0.3,12,7,1.1020338535308838
112,tonic,nm,0.3,12,8,1.218621015548706
112,tonic,nm,0.3,12,9,5.218349456787109
112,tonic,nm,0.3,12,10,0.4145166873931885
112,tonic,nm,0.3,12,11,0.7170025706291199
112,tonic,nm,0.3,12,12,0.3918417990207672
112,tonic,nm,0.3,12,13,1.1367039680480957
112,tonic,nm,0.3,12,14,0.3264460563659668
112,tonic,nm,0.3,12,15,0.46103647351264954
112,tonic,nm,0.3,12,16,0.3476524353027344
112,tonic,nm,0.3,12,17,0.45285940170288086
112,tonic,nm,0.3,12,18,0.32970863580703735
112,tonic,nm,0.3,12,19,0.47324129939079285
112,tonic,nm,0.3,12,20,0.31805410981178284
112,tonic,nm,0.3,12,21,0.2467169165611267
112,tonic,nm,0.3,12,22,0.24605418741703033
112,tonic,nm,0.3,12,23,0.21659770607948303
112,tonic,nm,0.3,12,24,0.2315448522567749
113,tonic,grad,0.3,13,0,5.0901570320129395
113,tonic,grad,0.3,13,1,1.7037723064422607
113,tonic,grad,0.3,13,2,0.40208396315574646
113,tonic,grad,0.3,13,3,0.42223426699638367
113,tonic,grad,0.3,13,4,0.9613885879516602
113,tonic,grad,0.3,13,5,1.40010404586792
113,tonic,grad,0.3,13,6,1.5062026977539062
113,tonic,grad,0.3,13,7,1.3136652708053589
113,tonic,grad,0.3,13,8,0.9717472791671753
113,tonic,grad,0.3,13,9,0.6096840500831604
113,tonic,grad,0.3,13,10,0.326902836561203
113,tonic,grad,0.3,13,11,0.16989442706108093
113,tonic,grad,0.3,13,12,0.13920894265174866
113,tonic,grad,0.3,13,13,0.20156162977218628
113,tonic,grad,0.3,13,14,0.30591881275177
113,tonic,grad,0.3,13,15,0.39762967824935913
113,tonic,grad,0.3,13,16,0.44399699568748474
113,tonic,grad,0.3,13,17,0.43288761377334595
113,tonic,grad,0.3,13,18,0.37458109855651855
113,tonic,grad,0.3,13,19,0.28972309827804565
113,tonic,grad,0.3,13,20,0.20421119034290314
113,tonic,grad,0.3,13,21,0.14103694260120392
113,tonic,grad,0.3,13,22,0.10914541035890579
113,tonic,grad,0.3,13,23,0.10903873294591904
113,tonic,grad,0.3,13,24,0.13319021463394165
113,tonic,nm,0.3,13,0,5.0901570320129395
113,tonic,nm,0.3,13,1,5.44591760635376
113,tonic,nm,0.3,13,2,28.07147216796875
113,tonic,nm,0.3,13,3,6.294233798980713
113,tonic,nm,0.3,13,4,0.6537368893623352
113,tonic,nm,0.3,13,5,3.817199468612671
113,tonic,nm,0.3,13,6,0.3436585068702698
113,tonic,nm,0.3,13,7,0.8612815737724304
113,tonic,nm,0.3,13,8,1.6081098318099976
113,tonic,nm,0.3,13,9,4.390011787414551
113,tonic,nm,0.3,13,10,4.502511501312256
113,tonic,nm,0.3,13,11,0.4117830693721771
113,tonic,nm,0.3,13,12,0.8141969442367554
113,tonic,nm,0.3,13,13,2.507847785949707
113,tonic,nm,0.3,13,14,4.638728618621826
113,tonic,nm,0.3,13,15,0.8041760921478271
113,tonic,nm,0.3,13,16,1.3842334747314453
113,tonic,nm,0.3,13,17,0.40730929374694824
113,tonic,nm,0.3,13,18,1.6438177824020386
113,tonic,nm,0.3,13,19,0.3885563910007477
113,tonic,nm,0.3,13,20,0.5238631963729858
113,tonic,nm,0.3,13,21,0.3171539306640625
113,tonic,nm,0.3,13,22,0.5809332728385925
113,tonic,nm,0.3,13,23,0.312519907951355
113,tonic,nm,0.3,13,24,0.5882083177566528
114,tonic,grad,0.3,14,0,1.77628755569458
114,tonic,grad,0.3,14,1,0.180713951587677
114,tonic,grad,0.3,14,2,0.6950691938400269
114,tonic,grad,0.3,14,3,0.8863539695739746
114,tonic,grad,0.3,14,4,0.4319480061531067
114,tonic,grad,0.3,14,5,0.10617080330848694
114,tonic,grad,0.3,14,6,0.14453530311584473
114,tonic,grad,0.3,14,7,0.333821564912796
114,tonic,grad,0.3,14,8,0.4204672574996948
114,tonic,grad,0.3,14,9,0.3388082981109619
114,tonic,grad,0.3,14,10,0.17457489669322968
114,tonic,grad,0.3,14,11,0.05002226680517197
114,tonic,grad,0.3,14,12,0.03575051948428154
114,tonic,grad,0.3,14,13,0.10884532332420349
114,tonic,grad,0.3,14,14,0.17559336125850677
114,tonic,grad,0.3,14,15,0.1678573191165924
114,tonic,grad,0.3,14,16,0.09814561158418655
114,tonic,grad,0.3,14,17,0.02958683855831623
114,tonic,grad,0.3,14,18,0.009724803268909454
114,tonic,grad,0.3,14,19,0.03707879036664963
114,tonic,grad,0.3,14,20,0.07674184441566467
114,tonic,grad,0.3,14,21,0.09348015487194061
114,tonic,grad,0.3,14,22,0.07585936039686203
114,tonic,grad,0.3,14,23,0.04012244939804077
114,tonic,grad,0.3,14,24,0.01270995195955038
114,tonic,nm,0.3,14,0,1.77628755569458
114,tonic,nm,0.3,14,1,1.6108888387680054
114,tonic,nm,0.3,14,2,3.5929296016693115
114,tonic,nm,0.3,14,3,1.1017407178878784
114,tonic,nm,0.3,14,4,16.904150009155273
114,tonic,nm,0.3,14,5,0.5811067223548889
114,tonic,nm,0.3,14,6,0.20758667588233948
114,tonic,nm,0.3,14,7,0.6119604110717773
114,tonic,nm,0.3,14,8,1.2183828353881836
114,tonic,nm,0.3,14,9,0.47450974583625793
114,tonic,nm,0.3,14,10,3.849015474319458
114,tonic,nm,0.3,14,11,0.2866188585758209
114,tonic,nm,0.3,14,12,0.19977496564388275
114,tonic,nm,0.3,14,13,0.49974507093429565
114,tonic,nm,0.3,14,14,0.9923384189605713
114,tonic,nm,0.3,14,15,0.19955994188785553
114,tonic,nm,0.3,14,16,0.3304988741874695
114,tonic,nm,0.3,14,17,0.17440420389175415
114,tonic,nm,0.3,14,18,0.2181626558303833
114,tonic,nm,0.3,14,19,0.14908906817436218
114,tonic,nm,0.3,14,20,0.3836067020893097
114,tonic,nm,0.3,14,21,0.13307952880859375
114,tonic,nm,0.3,14,22,0.345039963722229
114,tonic,nm,0.3,14,23,0.13933050632476807
114,tonic,nm,0.3,14,24,0.16152575612068176
115,tonic,grad,0.3,15,0,0.6456534266471863
115,tonic,grad,0.3,15,1,0.6991795301437378
115,tonic,grad,0.3,15,2,0.6001490950584412
115,tonic,grad,0.3,15,3,0.339059054851532
115,tonic,grad,0.3,15,4,0.2925657331943512
115,tonic,grad,0.3,15,5,0.33569851517677307
115,tonic,grad,0.3,15,6,0.2749927341938019
115,tonic,grad,0.3,15,7,0.16744953393936157
115,tonic,grad,0.3,15,8,0.11270439624786377
115,tonic,grad,0.3,15,9,0.11751189082860947
115,tonic,grad,0.3,15,10,0.13092148303985596
115,tonic,grad,0.3,15,11,0.11741438508033752
115,tonic,grad,0.3,15,12,0.07970643043518066
115,tonic,grad,0.3,15,13,0.043454091995954514
115,tonic,grad,0.3,15,14,0.025864243507385254
115,tonic,grad,0.3,15,15,0.028217541053891182
115,tonic,grad,0.3,15,16,0.036676011979579926
115,tonic,grad,0.3,15,17,0.037144724279642105
115,tonic,grad,0.3,15,18,0.026803655549883842
115,tonic,grad,0.3,15,19,0.013970045372843742
115,tonic,grad,0.3,15,20,0.006830466911196709
115,tonic,grad,0.3,15,21,0.007835050113499165
115,tonic,grad,0.3,15,22,0.013238376006484032
115,tonic,grad,0.3,15,23,0.01735396683216095
115,tonic,grad,0.3,15,24,0.016411617398262024
115,tonic,nm,0.3,15,0,0.6456534266471863
115,tonic,nm,0.3,15,1,0.7152878642082214
115,tonic,nm,0.3,15,2,13.417563438415527
115,tonic,nm,0.3,15,3,0.8774827122688293
115,tonic,nm,0.3,15,4,5.578300952911377
115,tonic,nm,0.3,15,5,1.4258394241333008
115,tonic,nm,0.3,15,6,6.002588272094727
115,tonic,nm,0.3,15,7,0.40844857692718506
115,tonic,nm,0.3,15,8,0.5512813925743103
115,tonic,nm,0.3,15,9,0.8262066841125488
115,tonic,nm,0.3,15,10,0.471149206161499
115,tonic,nm,0.3,15,11,0.9132021069526672
115,tonic,nm,0.3,15,12,0.4319498836994171
115,tonic,nm,0.3,15,13,0.4292554259300232
115,tonic,nm,0.3,15,14,0.23196467757225037
115,tonic,nm,0.3,15,15,0.24717964231967926
115,tonic,nm,0.3,15,16,0.2363363653421402
115,tonic,nm,0.3,15,17,1.0964369773864746
115,tonic,nm,0.3,15,18,0.24682196974754333
115,tonic,nm,0.3,15,19,0.1754908412694931
115,tonic,nm,0.3,15,20,0.254028856754303
115,tonic,nm,0.3,15,21,0.20484291017055511
115,tonic,nm,0.3,15,22,0.19102947413921356
115,tonic,nm,0.3,15,23,0.10545632243156433
115,tonic,nm,0.3,15,24,0.11124719679355621
116,tonic,grad,0.3,16,0,4.614963531494141
116,tonic,grad,0.3,16,1,2.0156896114349365
116,tonic,grad,0.3,16,2,1.4073745012283325
116,tonic,grad,0.3,16,3,1.7241288423538208
116,tonic,grad,0.3,16,4,2.036339044570923
116,tonic,grad,0.3,16,5,2.0315418243408203
116,tonic,grad,0.3,16,6,1.7745468616485596
116,tonic,grad,0.3,16,7,1.405474066734314
116,tonic,grad,0.3,16,8,1.0510145425796509
116,tonic,grad,0.3,16,9,0.7861261367797852
116,tonic,grad,0.3,16,10,0.6301228404045105
116,tonic,grad,0.3,16,11,0.5649546384811401
116,tonic,grad,0.3,16,12,0.5530322790145874
116,tonic,grad,0.3,16,13,0.5523872971534729
116,tonic,grad,0.3,16,14,0.5340448617935181
116,tonic,grad,0.3,16,15,0.4860782027244568
116,tonic,grad,0.3,16,16,0.4132232666015625
116,tonic,grad,0.3,16,17,0.3298233151435852
116,tonic,grad,0.3,16,18,0.2516351342201233
116,tonic,grad,0.3,16,19,0.1907164752483368
116,tonic,grad,0.3,16,20,0.15350475907325745
116,tonic,grad,0.3,16,21,0.13960814476013184
116,tonic,grad,0.3,16,22,0.14288736879825592
116,tonic,grad,0.3,16,23,0.1555730402469635
116,tonic,grad,0.3,16,24,0.16872812807559967
116,tonic,nm,0.3,16,0,4.614963531494141
116,tonic,nm,0.3,16,1,4.839928150177002
116,tonic,nm,0.3,16,2,25.72992515563965
116,tonic,nm,0.3,16,3,5.528232574462891
116,tonic,nm,0.3,16,4,1.7625699043273926
116,tonic,nm,0.3,16,5,5.6350884437561035
116,tonic,nm,0.3,16,6,1.2536309957504272
116,tonic,nm,0.3,16,7,2.428157091140747
116,tonic,nm,0.3,16,8,3.172226905822754
116,tonic,nm,0.3,16,9,6.549696445465088
116,tonic,nm,0.3,16,10,1.5508699417114258
116,tonic,nm,0.3,16,11,2.4353950023651123
116,tonic,nm,0.3,16,12,1.429028868675232
116,tonic,nm,0.3,16,13,4.111057758331299
116,tonic,nm,0.3,16,14,1.099564790725708
116,tonic,nm,0.3,16,15,1.6348625421524048
116,tonic,nm,0.3,16,16,1.2118852138519287
116,tonic,nm,0.3,16,17,1.649436593055725
116,tonic,nm,0.3,16,18,1.1582918167114258
116,tonic,nm,0.3,16,19,1.0626285076141357
116,tonic,nm,0.3,16,20,1.239593505859375
116,tonic,nm,0.3,16,21,0.8779523968696594
116,tonic,nm,0.3,16,22,0.9213653802871704
116,tonic,nm,0.3,16,23,0.8836965560913086
116,tonic,nm,0.3,16,24,0.7995285391807556
117,tonic,grad,0.3,17,0,18.606781005859375
117,tonic,grad,0.3,17,1,11.030325889587402
117,tonic,grad,0.3,17,2,5.973693370819092
117,tonic,grad,0.3,17,3,2.863520622253418
117,tonic,grad,0.3,17,4,1.201436161994934
117,tonic,grad,0.3,17,5,0.5832899808883667
117,tonic,grad,0.3,17,6,0.670362114906311
117,tonic,grad,0.3,17,7,1.144242286682129
117,tonic,grad,0.3,17,8,1.7083426713943481
117,tonic,grad,0.3,17,9,2.1444690227508545
117,tonic,grad,0.3,17,10,2.357233762741089
117,tonic,grad,0.3,17,11,2.354274034500122
117,tonic,grad,0.3,17,12,2.17785906791687
117,tonic,grad,0.3,17,13,1.8918887376785278
117,tonic,grad,0.3,17,14,1.562410831451416
117,tonic,grad,0.3,17,15,1.2294601202011108
117,tonic,grad,0.3,17,16,0.9287998676300049
117,tonic,grad,0.3,17,17,0.6838676333427429
117,tonic,grad,0.3,17,18,0.49743929505348206
117,tonic,grad,0.3,17,19,0.37048813700675964
117,tonic,grad,0.3,17,20,0.2986203730106354
117,tonic,grad,0.3,17,21,0.27060577273368835
117,tonic,grad,0.3,17,22,0.2756231129169464
117,tonic,grad,0.3,17,23,0.30272459983825684
117,tonic,grad,0.3,17,24,0.3405996859073639
117,tonic,nm,0.3,17,0,18.606781005859375
117,tonic,nm,0.3,17,1,19.019166946411133
117,tonic,nm,0.3,17,2,54.520896911621094
117,tonic,nm,0.3,17,3,21.113222122192383
117,tonic,nm,0.3,17,4,2.1505000591278076
117,tonic,nm,0.3,17,5,0.06524831056594849
117,tonic,nm,0.3,17,6,1.9242994785308838
117,tonic,nm,0.3,17,7,0.025854747742414474
117,tonic,nm,0.3,17,8,0.02119746059179306
117,tonic,nm,0.3,17,9,0.07550784945487976
117,tonic,nm,0.3,17,10,0.16165398061275482
117,tonic,nm,0.3,17,11,0.09823307394981384
117,tonic,nm,0.3,17,12,0.04865311086177826
117,tonic,nm,0.3,17,13,0.017673710361123085
117,tonic,nm,0.3,17,14,0.020447174087166786
117,tonic,nm,0.3,17,15,0.08339060842990875
117,tonic,nm,0.3,17,16,0.03864169865846634
117,tonic,nm,0.3,17,17,0.014262601733207703
117,tonic,nm,0.3,17,18,0.019936585798859596
117,tonic,nm,0.3,17,19,0.006775698158890009
117,tonic,nm,0.3,17,20,0.012893475592136383
117,tonic,nm,0.3,17,21,0.0012190781999379396
117,tonic,nm,0.3,17,22,0.0013446623925119638
117,tonic,nm,0.3,17,23,0.0034536952152848244
117,tonic,nm,0.3,17,24,0.01348305307328701
118,tonic,grad,0.3,18,0,2.2337260246276855
118,tonic,grad,0.3,18,1,0.36329591274261475
118,tonic,grad,0.3,18,2,0.3143806457519531
118,tonic,grad,0.3,18,3,0.7915794253349304
118,tonic,grad,0.3,18,4,0.9406116008758545
118,tonic,grad,0.3,18,5,0.753758430480957
118,tonic,grad,0.3,18,6,0.44259482622146606
118,tonic,grad,0.3,18,7,0.18519815802574158
118,tonic,grad,0.3,18,8,0.07193037122488022
118,tonic,grad,0.3,18,9,0.0998014360666275
118,tonic,grad,0.3,18,10,0.196778804063797
118,tonic,grad,0.3,18,11,0.2740423083305359
118,tonic,grad,0.3,18,12,0.2804291844367981
118,tonic,grad,0.3,18,13,0.21906989812850952
118,tonic,grad,0.3,18,14,0.1301405280828476
118,tonic,grad,0.3,18,15,0.05484245717525482
118,tonic,grad,0.3,18,16,0.014572777785360813
118,tonic,grad,0.3,18,17,0.011888460256159306
118,tonic,grad,0.3,18,18,0.03360530734062195
118,tonic,grad,0.3,18,19,0.06200703606009483
118,tonic,grad,0.3,18,20,0.08318765461444855
118,tonic,grad,0.3,18,21,0.08870919793844223
118,tonic,grad,0.3,18,22,0.07866240292787552
118,tonic,grad,0.3,18,23,0.057929422706365585
118,tonic,grad,0.3,18,24,0.0340614914894104
118,tonic,nm,0.3,18,0,2.2337260246276855
118,tonic,nm,0.3,18,1,2.4161906242370605
118,tonic,nm,0.3,18,2,20.709413528442383
118,tonic,nm,0.3,18,3,3.0523667335510254
118,tonic,nm,0.3,18,4,1.9307571649551392
118,tonic,nm,0.3,18,5,6.904963970184326
118,tonic,nm,0.3,18,6,0.5181616544723511
118,tonic,nm,0.3,18,7,2.182854652404785
118,tonic,nm,0.3,18,8,3.695504903793335
118,tonic,nm,0.3,18,9,0.7389006614685059
118,tonic,nm,0.3,18,10,5.076132297515869
118,tonic,nm,0.3,18,11,0.5428712964057922
118,tonic,nm,0.3,18,12,3.830860137939453
118,tonic,nm,0.3,18,13,0.5090063214302063
118,tonic,nm,0.3,18,14,1.6134601831436157
118,tonic,nm,0.3,18,15,0.22149816155433655
118,tonic,nm,0.3,18,16,1.763979434967041
118,tonic,nm,0.3,18,17,0.14377816021442413
118,tonic,nm,0.3,18,18,0.4294929504394531
118,tonic,nm,0.3,18,19,2.451110363006592
118,tonic,nm,0.3,18,20,0.09549327194690704
118,tonic,nm,0.3,18,21,0.22519858181476593
118,tonic,nm,0.3,18,22,0.10752369463443756
118,tonic,nm,0.3,18,23,0.26045912504196167
118,tonic,nm,0.3,18,24,0.11594393104314804
119,tonic,grad,0.3,19,0,9.107600212097168
119,tonic,grad,0.3,19,1,3.7186520099639893
119,tonic,grad,0.3,19,2,0.5910446643829346
119,tonic,grad,0.3,19,3,0.20926424860954285
119,tonic,grad,0.3,19,4,1.7651922702789307
119,tonic,grad,0.3,19,5,2.737616539001465
119,tonic,grad,0.3,19,6,2.303114414215088
119,tonic,grad,0.3,19,7,1.264398455619812
119,tonic,grad,0.3,19,8,0.39333081245422363
119,tonic,grad,0.3,19,9,0.05535154044628143
119,tonic,grad,0.3,19,10,0.1968834102153778
119,tonic,grad,0.3,19,11,0.5670149326324463
119,tonic,grad,0.3,19,12,0.9057973027229309
119,tonic,grad,0.3,19,13,1.0621358156204224
119,tonic,grad,0.3,19,14,0.9951695799827576
119,tonic,grad,0.3,19,15,0.7574182748794556
119,tonic,grad,0.3,19,16,0.4544006288051605
119,tonic,grad,0.3,19,17,0.19571839272975922
119,tonic,grad,0.3,19,18,0.0678473636507988
119,tonic,grad,0.3,19,19,0.09930868446826935
119,tonic,grad,0.3,19,20,0.2438979595899582
119,tonic,grad,0.3,19,21,0.40263375639915466
119,tonic,grad,0.3,19,22,0.4721805453300476
119,tonic,grad,0.3,19,23,0.4167509973049164
119,tonic,grad,0.3,19,24,0.28236785531044006
119,tonic,nm,0.3,19,0,9.107600212097168
119,tonic,nm,0.3,19,1,8.521320343017578
119,tonic,nm,0.3,19,2,0.02547772414982319
119,tonic,nm,0.3,19,3,7.747622966766357
119,tonic,nm,0.3,19,4,0.5689507722854614
119,tonic,nm,0.3,19,5,0.45557063817977905
119,tonic,nm,0.3,19,6,7.473270893096924
119,tonic,nm,0.3,19,7,2.5348849296569824
119,tonic,nm,0.3,19,8,2.6591005325317383
119,tonic,nm,0.3,19,9,0.86834716796875
119,tonic,nm,0.3,19,10,0.9265550971031189
119,tonic,nm,0.3,19,11,0.29878416657447815
119,tonic,nm,0.3,19,12,2.5453827381134033
119,tonic,nm,0.3,19,13,0.08470790088176727
119,tonic,nm,0.3,19,14,0.2087266594171524
119,tonic,nm,0.3,19,15,0.9235538244247437
119,tonic,nm,0.3,19,16,0.06481374800205231
119,tonic,nm,0.3,19,17,0.22577372193336487
119,tonic,nm,0.3,19,18,0.08032677322626114
119,tonic,nm,0.3,19,19,0.10993596166372299
119,tonic,nm,0.3,19,20,0.03630988299846649
119,tonic,nm,0.3,19,21,0.13409090042114258
119,tonic,nm,0.3,19,22,0.032976340502500534
119,tonic,nm,0.3,19,23,0.15397894382476807
119,tonic,nm,0.3,19,24,0.026243602856993675
120,tonic,grad,0.3,20,0,0.8730940222740173
120,tonic,grad,0.3,20,1,0.2805885374546051
120,tonic,grad,0.3,20,2,0.6109727621078491
120,tonic,grad,0.3,20,3,0.5162808895111084
120,tonic,grad,0.3,20,4,0.2532414197921753
120,tonic,grad,0.3,20,5,0.11684415489435196
120,tonic,grad,0.3,20,6,0.16354399919509888
120,tonic,grad,0.3,20,7,0.23478315770626068
120,tonic,grad,0.3,20,8,0.207864448428154
120,tonic,grad,0.3,20,9,0.11307419836521149
120,tonic,grad,0.3,20,10,0.039699506014585495
120,tonic,grad,0.3,20,11,0.026646334677934647
120,tonic,grad,0.3,20,12,0.055370036512613297
120,tonic,grad,0.3,20,13,0.08420626819133759
120,tonic,grad,0.3,20,14,0.08520161360502243
120,tonic,grad,0.3,20,15,0.06071581318974495
120,tonic,grad,0.3,20,16,0.0266256220638752
120,tonic,grad,0.3,20,17,0.005110582336783409
120,tonic,grad,0.3,20,18,0.0040121604688465595
120,tonic,grad,0.3,20,19,0.018122728914022446
120,tonic,grad,0.3,20,20,0.032723523676395416
120,tonic,grad,0.3,20,21,0.03620341792702675
120,tonic,grad,0.3,20,22,0.027956798672676086
120,tonic,grad,0.3,20,23,0.01480136252939701
120,tonic,grad,0.3,20,24,0.005815456155687571
120,tonic,nm,0.3,20,0,0.8730940222740173
120,tonic,nm,0.3,20,1,0.9941631555557251
120,tonic,nm,0.3,20,2,15.498950958251953
120,tonic,nm,0.3,20,3,1.3063424825668335
120,tonic,nm,0.3,20,4,4.120950222015381
120,tonic,nm,0.3,20,5,0.7058315873146057
120,tonic,nm,0.3,20,6,0.4534478783607483
120,tonic,nm,0.3,20,7,1.2765169143676758
120,tonic,nm,0.3,20,8,1.5245392322540283
120,tonic,nm,0.3,20,9,0.39694344997406006
120,tonic,nm,0.3,20,10,1.9252227544784546
120,tonic,nm,0.3,20,11,0.31553536653518677
120,tonic,nm,0.3,20,12,1.3408713340759277
120,tonic,nm,0.3,20,13,0.2933744788169861
120,tonic,nm,0.3,20,14,0.6838985681533813
120,tonic,nm,0.3,20,15,0.2478613257408142
120,tonic,nm,0.3,20,16,0.544646680355072
120,tonic,nm,0.3,20,17,0.23269620537757874
120,tonic,nm,0.3,20,18,0.5482025742530823
120,tonic,nm,0.3,20,19,0.19988445937633514
120,tonic,nm,0.3,20,20,0.5190560817718506
120,tonic,nm,0.3,20,21,0.1945945918560028
120,tonic,nm,0.3,20,22,0.25283282995224
120,tonic,nm,0.3,20,23,0.1963600218296051
120,tonic,nm,0.3,20,24,0.27262839674949646
121,tonic,grad,0.3,21,0,0.16110670566558838
121,tonic,grad,0.3,21,1,0.6011555194854736
121,tonic,grad,0.3,21,2,0.11299778521060944
121,tonic,grad,0.3,21,3,0.10077358782291412
121,tonic,grad,0.3,21,4,0.28643572330474854
121,tonic,grad,0.3,21,5,0.2151584029197693
121,tonic,grad,0.3,21,6,0.05135783180594444
121,tonic,grad,0.3,21,7,0.03204955905675888
121,tonic,grad,0.3,21,8,0.13459448516368866
121,tonic,grad,0.3,21,9,0.15368150174617767
121,tonic,grad,0.3,21,10,0.06712096184492111
121,tonic,grad,0.3,21,11,0.008836007677018642
121,tonic,grad,0.3,21,12,0.03988414630293846
121,tonic,grad,0.3,21,13,0.09161429107189178
121,tonic,grad,0.3,21,14,0.08609765022993088
121,tonic,grad,0.3,21,15,0.03615499287843704
121,tonic,grad,0.3,21,16,0.007865466177463531
121,tonic,grad,0.3,21,17,0.03047718107700348
121,tonic,grad,0.3,21,18,0.06116539612412453
121,tonic,grad,0.3,21,19,0.0517912358045578
121,tonic,grad,0.3,21,20,0.019505957141518593
121,tonic,grad,0.3,21,21,0.009866074658930302
121,tonic,grad,0.3,21,22,0.028638789430260658
121,tonic,grad,0.3,21,23,0.04310514032840729
121,tonic,grad,0.3,21,24,0.03179408237338066
121,tonic,nm,0.3,21,0,0.16110670566558838
121,tonic,nm,0.3,21,1,0.10153822600841522
121,tonic,nm,0.3,21,2,7.359760284423828
121,tonic,nm,0.3,21,3,0.1117631047964096
121,tonic,nm,0.3,21,4,10.396112442016602
121,tonic,nm,0.3,21,5,2.2094221115112305
121,tonic,nm,0.3,21,6,3.9767003059387207
121,tonic,nm,0.3,21,7,0.6084602475166321
121,tonic,nm,0.3,21,8,1.637417197227478
121,tonic,nm,0.3,21,9,0.1528562754392624
121,tonic,nm,0.3,21,10,0.17660094797611237
121,tonic,nm,0.3,21,11,0.08477640897035599
121,tonic,nm,0.3,21,12,0.6089470982551575
121,tonic,nm,0.3,21,13,0.05610871687531471
121,tonic,nm,0.3,21,14,0.028362799435853958
121,tonic,nm,0.3,21,15,0.03836289793252945
121,tonic,nm,0.3,21,16,0.03441685810685158
121,tonic,nm,0.3,21,17,0.0760861411690712
121,tonic,nm,0.3,21,18,0.03760930150747299
121,tonic,nm,0.3,21,19,0.0037164934910833836
121,tonic,nm,0.3,21,20,0.021143918856978416
121,tonic,nm,0.3,21,21,0.05021960288286209
121,tonic,nm,0.3,21,22,0.015140270814299583
121,tonic,nm,0.3,21,23,0.04552910849452019
121,tonic,nm,0.3,21,24,0.013824475929141045
122,tonic,grad,0.3,22,0,1.3539741039276123
122,tonic,grad,0.3,22,1,0.7423433065414429
122,tonic,grad,0.3,22,2,0.9687584638595581
122,tonic,grad,0.3,22,3,0.8577869534492493
122,tonic,grad,0.3,22,4,0.5678174495697021
122,tonic,grad,0.3,22,5,0.35867196321487427
122,tonic,grad,0.3,22,6,0.3099103569984436
122,tonic,grad,0.3,22,7,0.328145831823349
122,tonic,grad,0.3,22,8,0.2927444577217102
122,tonic,grad,0.3,22,9,0.1966295838356018
122,tonic,grad,0.3,22,10,0.10407963395118713
122,tonic,grad,0.3,22,11,0.06492625921964645
122,tonic,grad,0.3,22,12,0.07824064046144485
122,tonic,grad,0.3,22,13,0.1058400422334671
122,tonic,grad,0.3,22,14,0.11415351182222366
122,tonic,grad,0.3,22,15,0.09489429742097855
122,tonic,grad,0.3,22,16,0.06252766400575638
122,tonic,grad,0.3,22,17,0.03684130683541298
122,tonic,grad,0.3,22,18,0.030751166865229607
122,tonic,grad,0.3,22,19,0.04106566682457924
122,tonic,grad,0.3,22,20,0.05354897677898407
122,tonic,grad,0.3,22,21,0.05590615049004555
122,tonic,grad,0.3,22,22,0.04596305266022682
122,tonic,grad,0.3,22,23,0.030313508585095406
122,tonic,grad,0.3,22,24,0.018826181069016457
122,tonic,nm,0.3,22,0,1.3539741039276123
122,tonic,nm,0.3,22,1,1.501543641090393
122,tonic,nm,0.3,22,2,16.210582733154297
122,tonic,nm,0.3,22,3,1.7245357036590576
122,tonic,nm,0.3,22,4,4.345752716064453
122,tonic,nm,0.3,22,5,1.0322718620300293
122,tonic,nm,0.3,22,6,0.9337186217308044
122,tonic,nm,0.3,22,7,1.7953237295150757
122,tonic,nm,0.3,22,8,1.8637185096740723
122,tonic,nm,0.3,22,9,0.871236264705658
122,tonic,nm,0.3,22,10,2.312692403793335
122,tonic,nm,0.3,22,11,0.7721003890037537
122,tonic,nm,0.3,22,12,1.9393982887268066
122,tonic,nm,0.3,22,13,0.6807382702827454
122,tonic,nm,0.3,22,14,1.0967005491256714
122,tonic,nm,0.3,22,15,0.7097358107566833
122,tonic,nm,0.3,22,16,0.9378084540367126
122,tonic,nm,0.3,22,17,0.6908508539199829
122,tonic,nm,0.3,22,18,0.9666026830673218
122,tonic,nm,0.3,22,19,0.647782564163208
122,tonic,nm,0.3,22,20,0.5698674321174622
122,tonic,nm,0.3,22,21,0.6115631461143494
122,tonic,nm,0.3,22,22,0.5388545989990234
122,tonic,nm,0.3,22,23,0.6003695130348206
122,tonic,nm,0.3,22,24,0.7992041110992432
123,tonic,grad,0.3,23,0,0.29881611466407776
123,tonic,grad,0.3,23,1,0.3677048087120056
123,tonic,grad,0.3,23,2,0.19512271881103516
123,tonic,grad,0.3,23,3,0.034706439822912216
123,tonic,grad,0.3,23,4,0.1657090187072754
123,tonic,grad,0.3,23,5,0.19152836501598358
123,tonic,grad,0.3,23,6,0.07795354723930359
123,tonic,grad,0.3,23,7,0.0309648048132658
123,tonic,grad,0.3,23,8,0.10035228729248047
123,tonic,grad,0.3,23,9,0.129507377743721
123,tonic,grad,0.3,23,10,0.06553423404693604
123,tonic,grad,0.3,23,11,0.022708745673298836
123,tonic,grad,0.3,23,12,0.053568046540021896
123,tonic,grad,0.3,23,13,0.08595480024814606
123,tonic,grad,0.3,23,14,0.063680000603199
123,tonic,grad,0.3,23,15,0.023054691031575203
123,tonic,grad,0.3,23,16,0.023873383179306984
123,tonic,grad,0.3,23,17,0.05225040763616562
123,tonic,grad,0.3,23,18,0.05088290199637413
123,tonic,grad,0.3,23,19,0.020919714123010635
123,tonic,grad,0.3,23,20,0.011652209796011448
123,tonic,grad,0.3,23,21,0.029506225138902664
123,tonic,grad,0.3,23,22,0.03548131510615349
123,tonic,grad,0.3,23,23,0.01657632179558277
123,tonic,grad,0.3,23,24,0.004803318530321121
123,tonic,nm,0.3,23,0,0.29881611466407776
123,tonic,nm,0.3,23,1,0.22742591798305511
123,tonic,nm,0.3,23,2,6.486969470977783
123,tonic,nm,0.3,23,3,0.14093108475208282
123,tonic,nm,0.3,23,4,11.46341609954834
123,tonic,nm,0.3,23,5,1.7404717206954956
123,tonic,nm,0.3,23,6,4.639885425567627
123,tonic,nm,0.3,23,7,0.37514668703079224
123,tonic,nm,0.3,23,8,2.064204216003418
123,tonic,nm,0.3,23,9,0.0574086457490921
123,tonic,nm,0.3,23,10,0.07963196188211441
123,tonic,nm,0.3,23,11,0.3150988221168518
123,tonic,nm,0.3,23,12,0.09722156822681427
123,tonic,nm,0.3,23,13,0.14212997257709503
123,tonic,nm,0.3,23,14,0.07274116575717926
123,tonic,nm,0.3,23,15,0.1963304877281189
123,tonic,nm,0.3,23,16,0.05207577720284462
123,tonic,nm,0.3,23,17,0.07408098876476288
123,tonic,nm,0.3,23,18,0.04958410561084747
123,tonic,nm,0.3,23,19,0.02881038747727871
123,tonic,nm,0.3,23,20,0.04586135596036911
123,tonic,nm,0.3,23,21,0.11334681510925293
123,tonic,nm,0.3,23,22,0.03374093398451805
123,tonic,nm,0.3,23,23,0.03220473229885101
123,tonic,nm,0.3,23,24,0.13106268644332886
124,tonic,grad,0.3,24,0,0.4720165431499481
124,tonic,grad,0.3,24,1,0.3834369480609894
124,tonic,grad,0.3,24,2,0.3475165367126465
124,tonic,grad,0.3,24,3,0.1010860875248909
124,tonic,grad,0.3,24,4,0.16004514694213867
124,tonic,grad,0.3,24,5,0.23397909104824066
124,tonic,grad,0.3,24,6,0.14256691932678223
124,tonic,grad,0.3,24,7,0.04462511092424393
124,tonic,grad,0.3,24,8,0.07317592203617096
124,tonic,grad,0.3,24,9,0.13148754835128784
124,tonic,grad,0.3,24,10,0.09448879212141037
124,tonic,grad,0.3,24,11,0.031173380091786385
124,tonic,grad,0.3,24,12,0.03779684752225876
124,tonic,grad,0.3,24,13,0.08339875191450119
124,tonic,grad,0.3,24,14,0.08350519835948944
124,tonic,grad,0.3,24,15,0.044019538909196854
124,tonic,grad,0.3,24,16,0.028105005621910095
124,tonic,grad,0.3,24,17,0.05533697456121445
124,tonic,grad,0.3,24,18,0.06943521648645401
124,tonic,grad,0.3,24,19,0.045589521527290344
124,tonic,grad,0.3,24,20,0.02630835957825184
124,tonic,grad,0.3,24,21,0.03863710165023804
124,tonic,grad,0.3,24,22,0.0514945387840271
124,tonic,grad,0.3,24,23,0.03815075382590294
124,tonic,grad,0.3,24,24,0.019338082522153854
124,tonic,nm,0.3,24,0,0.4720165431499481
124,tonic,nm,0.3,24,1,0.36264726519584656
124,tonic,nm,0.3,24,2,6.103263854980469
124,tonic,nm,0.3,24,3,0.33896368741989136
124,tonic,nm,0.3,24,4,12.185997009277344
124,tonic,nm,0.3,24,5,1.5871634483337402
124,tonic,nm,0.3,24,6,5.131626605987549
124,tonic,nm,0.3,24,7,0.3566024899482727
124,tonic,nm,0.3,24,8,0.2803538739681244
124,tonic,nm,0.3,24,9,0.6275936365127563
124,tonic,nm,0.3,24,10,0.973423957824707
124,tonic,nm,0.3,24,11,0.16812850534915924
124,tonic,nm,0.3,24,12,0.6822211146354675
124,tonic,nm,0.3,24,13,0.18943174183368683
124,tonic,nm,0.3,24,14,0.45143282413482666
124,tonic,nm,0.3,24,15,0.1954692006111145
124,tonic,nm,0.3,24,16,0.3103899359703064
124,tonic,nm,0.3,24,17,0.18178880214691162
124,tonic,nm,0.3,24,18,0.18029648065567017
124,tonic,nm,0.3,24,19,0.11879825592041016
124,tonic,nm,0.3,24,20,0.1516772210597992
124,tonic,nm,0.3,24,21,0.11392587423324585
124,tonic,nm,0.3,24,22,0.17001289129257202
124,tonic,nm,0.3,24,23,0.530820906162262
124,tonic,nm,0.3,24,24,0.10321934521198273
125,tonic,grad,0.3,25,0,6.9306416511535645
125,tonic,grad,0.3,25,1,2.371886968612671
125,tonic,grad,0.3,25,2,0.15241169929504395
125,tonic,grad,0.3,25,3,0.5283746123313904
125,tonic,grad,0.3,25,4,1.9372247457504272
125,tonic,grad,0.3,25,5,2.1679162979125977
125,tonic,grad,0.3,25,6,1.4019334316253662
125,tonic,grad,0.3,25,7,0.5264005661010742
125,tonic,grad,0.3,25,8,0.0622769333422184
125,tonic,grad,0.3,25,9,0.08433754742145538
125,tonic,grad,0.3,25,10,0.38975101709365845
125,tonic,grad,0.3,25,11,0.7129045724868774
125,tonic,grad,0.3,25,12,0.8736374378204346
125,tonic,grad,0.3,25,13,0.8222852349281311
125,tonic,grad,0.3,25,14,0.6140576601028442
125,tonic,grad,0.3,25,15,0.3430110514163971
125,tonic,grad,0.3,25,16,0.1214359924197197
125,tonic,grad,0.3,25,17,0.030623313039541245
125,tonic,grad,0.3,25,18,0.08716893196105957
125,tonic,grad,0.3,25,19,0.22916123270988464
125,tonic,grad,0.3,25,20,0.35594722628593445
125,tonic,grad,0.3,25,21,0.3832882046699524
125,tonic,grad,0.3,25,22,0.30658361315727234
125,tonic,grad,0.3,25,23,0.17595277726650238
125,tonic,grad,0.3,25,24,0.06905338913202286
125,tonic,nm,0.3,25,0,6.9306416511535645
125,tonic,nm,0.3,25,1,6.443898677825928
125,tonic,nm,0.3,25,2,0.23578888177871704
125,tonic,nm,0.3,25,3,5.714371681213379
125,tonic,nm,0.3,25,4,0.14249064028263092
125,tonic,nm,0.3,25,5,0.16476908326148987
125,tonic,nm,0.3,25,6,1.1180479526519775
125,tonic,nm,0.3,25,7,9.760825157165527
125,tonic,nm,0.3,25,8,1.538187026977539
125,tonic,nm,0.3,25,9,3.932549476623535
125,tonic,nm,0.3,25,10,0.3347945809364319
125,tonic,nm,0.3,25,11,1.8182425498962402
125,tonic,nm,0.3,25,12,0.31642794609069824
125,tonic,nm,0.3,25,13,0.9780319333076477
125,tonic,nm,0.3,25,14,0.07760635763406754
125,tonic,nm,0.3,25,15,0.432025283575058
125,tonic,nm,0.3,25,16,0.10774063318967819
125,tonic,nm,0.3,25,17,0.4526676535606384
125,tonic,nm,0.3,25,18,0.07532906532287598
125,tonic,nm,0.3,25,19,0.32790499925613403
125,tonic,nm,0.3,25,20,0.04653411731123924
125,tonic,nm,0.3,25,21,0.19867758452892303
125,tonic,nm,0.3,25,22,0.042231496423482895
125,tonic,nm,0.3,25,23,0.15788434445858002
125,tonic,nm,0.3,25,24,0.03300522640347481
126,tonic,grad,0.3,26,0,3.5289242267608643
126,tonic,grad,0.3,26,1,0.9999213218688965
126,tonic,grad,0.3,26,2,0.43688949942588806
126,tonic,grad,0.3,26,3,0.8346576690673828
126,tonic,grad,0.3,26,4,1.245999813079834
126,tonic,grad,0.3,26,5,1.3044687509536743
126,tonic,grad,0.3,26,6,1.075537085533142
126,tonic,grad,0.3,26,7,0.7247422337532043
126,tonic,grad,0.3,26,8,0.4085334241390228
126,tonic,grad,0.3,26,9,0.20900480449199677
126,tonic,grad,0.3,26,10,0.1498139351606369
126,tonic,grad,0.3,26,11,0.19616666436195374
126,tonic,grad,0.3,26,12,0.282432496547699
126,tonic,grad,0.3,26,13,0.3449912965297699
126,tonic,grad,0.3,26,14,0.34981000423431396
126,tonic,grad,0.3,26,15,0.2980482280254364
126,tonic,grad,0.3,26,16,0.21186286211013794
126,tonic,grad,0.3,26,17,0.12649692595005035
126,tonic,grad,0.3,26,18,0.06595121324062347
126,tonic,grad,0.3,26,19,0.04069046676158905
126,tonic,grad,0.3,26,20,0.04830140620470047
126,tonic,grad,0.3,26,21,0.07709802687168121
126,tonic,grad,0.3,26,22,0.11043016612529755
126,tonic,grad,0.3,26,23,0.13489112257957458
126,tonic,grad,0.3,26,24,0.1434251219034195
126,tonic,nm,0.3,26,0,3.5289242267608643
126,tonic,nm,0.3,26,1,3.79899525642395
126,tonic,nm,0.3,26,2,24.063047409057617
126,tonic,nm,0.3,26,3,4.477743625640869
126,tonic,nm,0.3,26,4,1.312015414237976
126,tonic,nm,0.3,26,5,5.450817108154297
126,tonic,nm,0.3,26,6,0.48540085554122925
126,tonic,nm,0.3,26,7,1.6779847145080566
126,tonic,nm,0.3,26,8,2.7325000762939453
126,tonic,nm,0.3,26,9,6.213339328765869
126,tonic,nm,0.3,26,10,0.6937258839607239
126,tonic,nm,0.3,26,11,1.527846097946167
126,tonic,nm,0.3,26,12,0.6052795052528381
126,tonic,nm,0.3,26,13,3.0189602375030518
126,tonic,nm,0.3,26,14,0.490435928106308
126,tonic,nm,0.3,26,15,0.992397665977478
126,tonic,nm,0.3,26,16,0.41001051664352417
126,tonic,nm,0.3,26,17,1.0227457284927368
126,tonic,nm,0.3,26,18,0.37514469027519226
126,tonic,nm,0.3,26,19,0.8612617254257202
126,tonic,nm,0.3,26,20,0.344082236289978
126,tonic,nm,0.3,26,21,0.5137786269187927
126,tonic,nm,0.3,26,22,0.36611407995224
126,tonic,nm,0.3,26,23,0.508212685585022
126,tonic,nm,0.3,26,24,0.33573946356773376
127,tonic,grad,0.3,27,0,2.492957830429077
127,tonic,grad,0.3,27,1,0.412974089384079
127,tonic,grad,0.3,27,2,0.6398373246192932
127,tonic,grad,0.3,27,3,1.1974461078643799
127,tonic,grad,0.3,27,4,0.8407330513000488
127,tonic,grad,0.3,27,5,0.3306139409542084
127,tonic,grad,0.3,27,6,0.15564148128032684
127,tonic,grad,0.3,27,7,0.2924458682537079
127,tonic,grad,0.3,27,8,0.48374348878860474
127,tonic,grad,0.3,27,9,0.5340902209281921
127,tonic,grad,0.3,27,10,0.4244275391101837
127,tonic,grad,0.3,27,11,0.24472689628601074
127,tonic,grad,0.3,27,12,0.10394065082073212
127,tonic,grad,0.3,27,13,0.07128311693668365
127,tonic,grad,0.3,27,14,0.13457843661308289
127,tonic,grad,0.3,27,15,0.21343062818050385
127,tonic,grad,0.3,27,16,0.22753462195396423
127,tonic,grad,0.3,27,17,0.1699083298444748
127,tonic,grad,0.3,27,18,0.08751585334539413
127,tonic,grad,0.3,27,19,0.038425590842962265
127,tonic,grad,0.3,27,20,0.04214053973555565
127,tonic,grad,0.3,27,21,0.07993911951780319
127,tonic,grad,0.3,27,22,0.11412402987480164
127,tonic,grad,0.3,27,23,0.1192297711968422
127,tonic,grad,0.3,27,24,0.09252288937568665
127,tonic,nm,0.3,27,0,2.492957830429077
127,tonic,nm,0.3,27,1,2.300959348678589
127,tonic,nm,0.3,27,2,3.0019710063934326
127,tonic,nm,0.3,27,3,1.6809453964233398
127,tonic,nm,0.3,27,4,18.818885803222656
127,tonic,nm,0.3,27,5,0.511519193649292
127,tonic,nm,0.3,27,6,0.2918354570865631
127,tonic,nm,0.3,27,7,0.48741623759269714
127,tonic,nm,0.3,27,8,0.913304328918457
127,tonic,nm,0.3,27,9,4.342224597930908
127,tonic,nm,0.3,27,10,0.5355854034423828
127,tonic,nm,0.3,27,11,1.2989916801452637
127,tonic,nm,0.3,27,12,0.45917466282844543
127,tonic,nm,0.3,27,13,1.5280189514160156
127,tonic,nm,0.3,27,14,0.3059379756450653
127,tonic,nm,0.3,27,15,0.2368154227733612
127,tonic,nm,0.3,27,16,0.33663976192474365
127,tonic,nm,0.3,27,17,0.8119097352027893
127,tonic,nm,0.3,27,18,0.28919267654418945
127,tonic,nm,0.3,27,19,0.24292922019958496
127,tonic,nm,0.3,27,20,0.16524182260036469
127,tonic,nm,0.3,27,21,0.14171408116817474
127,tonic,nm,0.3,27,22,0.1344069391489029
127,tonic,nm,0.3,27,23,0.16202005743980408
127,tonic,nm,0.3,27,24,0.18235571682453156
128,tonic,grad,0.3,28,0,9.973604202270508
128,tonic,grad,0.3,28,1,4.735589504241943
128,tonic,grad,0.3,28,2,1.8018296957015991
128,tonic,grad,0.3,28,3,0.5572412610054016
128,tonic,grad,0.3,28,4,0.4310486316680908
128,tonic,grad,0.3,28,5,0.8942573666572571
128,tonic,grad,0.3,28,6,1.4612325429916382
128,tonic,grad,0.3,28,7,1.8262293338775635
128,tonic,grad,0.3,28,8,1.9132128953933716
128,tonic,grad,0.3,28,9,1.7608879804611206
128,tonic,grad,0.3,28,10,1.4690368175506592
128,tonic,grad,0.3,28,11,1.126567006111145
128,tonic,grad,0.3,28,12,0.7900876998901367
128,tonic,grad,0.3,28,13,0.5088832378387451
128,tonic,grad,0.3,28,14,0.30508384108543396
128,tonic,grad,0.3,28,15,0.17720244824886322
128,tonic,grad,0.3,28,16,0.12047258019447327
128,tonic,grad,0.3,28,17,0.11742788553237915
128,tonic,grad,0.3,28,18,0.150387242436409
128,tonic,grad,0.3,28,19,0.19965514540672302
128,tonic,grad,0.3,28,20,0.2509382367134094
128,tonic,grad,0.3,28,21,0.29363638162612915
128,tonic,grad,0.3,28,22,0.3186608850955963
128,tonic,grad,0.3,28,23,0.3274073898792267
128,tonic,grad,0.3,28,24,0.3160894215106964
128,tonic,nm,0.3,28,0,9.973604202270508
128,tonic,nm,0.3,28,1,10.30991268157959
128,tonic,nm,0.3,28,2,38.76198959350586
128,tonic,nm,0.3,28,3,11.76815414428711
128,tonic,nm,0.3,28,4,0.11399468034505844
128,tonic,nm,0.3,28,5,0.9121884107589722
128,tonic,nm,0.3,28,6,1.1563727855682373
128,tonic,nm,0.3,28,7,0.09922696650028229
128,tonic,nm,0.3,28,8,1.52724289894104
128,tonic,nm,0.3,28,9,1.2636144161224365
128,tonic,nm,0.3,28,10,1.3209260702133179
128,tonic,nm,0.3,28,11,0.04582209512591362
128,tonic,nm,0.3,28,12,0.4573271870613098
128,tonic,nm,0.3,28,13,4.142406940460205
128,tonic,nm,0.3,28,14,1.3367974758148193
128,tonic,nm,0.3,28,15,0.8698278069496155
128,tonic,nm,0.3,28,16,1.614760160446167
128,tonic,nm,0.3,28,17,0.259610116481781
128,tonic,nm,0.3,28,18,1.0139681100845337
128,tonic,nm,0.3,28,19,0.1431265026330948
128,tonic,nm,0.3,28,20,0.3758428692817688
128,tonic,nm,0.3,28,21,0.1076061800122261
128,tonic,nm,0.3,28,22,0.2887561619281769
128,tonic,nm,0.3,28,23,0.06785129010677338
128,tonic,nm,0.3,28,24,0.1003912091255188
129,tonic,grad,0.3,29,0,7.968581199645996
129,tonic,grad,0.3,29,1,3.023045778274536
129,tonic,grad,0.3,29,2,0.4030224680900574
129,tonic,grad,0.3,29,3,0.4783841073513031
129,tonic,grad,0.3,29,4,1.9626948833465576
129,tonic,grad,0.3,29,5,2.452077627182007
129,tonic,grad,0.3,29,6,1.7814997434616089
129,tonic,grad,0.3,29,7,0.8187745809555054
129,tonic,grad,0.3,29,8,0.1883975863456726
129,tonic,grad,0.3,29,9,0.06644200533628464
129,tonic,grad,0.3,29,10,0.3038158118724823
129,tonic,grad,0.3,29,11,0.6414902210235596
129,tonic,grad,0.3,29,12,0.8784456849098206
129,tonic,grad,0.3,29,13,0.919633686542511
129,tonic,grad,0.3,29,14,0.7813845872879028
129,tonic,grad,0.3,29,15,0.5301500558853149
129,tonic,grad,0.3,29,16,0.26385244727134705
129,tonic,grad,0.3,29,17,0.07516385614871979
129,tonic,grad,0.3,29,18,0.019176393747329712
129,tonic,grad,0.3,29,19,0.09005556255578995
129,tonic,grad,0.3,29,20,0.22178760170936584
129,tonic,grad,0.3,29,21,0.32837605476379395
129,tonic,grad,0.3,29,22,0.34416529536247253
129,tonic,grad,0.3,29,23,0.2712859511375427
129,tonic,grad,0.3,29,24,0.1531510204076767
129,tonic,nm,0.3,29,0,7.968581199645996
129,tonic,nm,0.3,29,1,7.503852844238281
129,tonic,nm,0.3,29,2,0.4159776568412781
129,tonic,nm,0.3,29,3,6.542948246002197
129,tonic,nm,0.3,29,4,0.48292019963264465
129,tonic,nm,0.3,29,5,1.007672905921936
129,tonic,nm,0.3,29,6,9.177658081054688
129,tonic,nm,0.3,29,7,2.078815460205078
129,tonic,nm,0.3,29,8,3.651740550994873
129,tonic,nm,0.3,29,9,0.7068502902984619
129,tonic,nm,0.3,29,10,2.5537972450256348
129,tonic,nm,0.3,29,11,0.37242287397384644
129,tonic,nm,0.3,29,12,0.9835022687911987
129,tonic,nm,0.3,29,13,0.3749547004699707
129,tonic,nm,0.3,29,14,0.8006776571273804
129,tonic,nm,0.3,29,15,0.3008573353290558
129,tonic,nm,0.3,29,16,0.3661814332008362
129,tonic,nm,0.3,29,17,0.19566790759563446
129,tonic,nm,0.3,29,18,0.27483201026916504
129,tonic,nm,0.3,29,19,0.7373539805412292
129,tonic,nm,0.3,29,20,0.22303089499473572
129,tonic,nm,0.3,29,21,0.528884768486023
129,tonic,nm,0.3,29,22,0.2347632795572281
129,tonic,nm,0.3,29,23,0.2132275104522705
129,tonic,nm,0.3,29,24,0.6215441226959229
130,tonic,grad,0.3,30,0,81.64171600341797
130,tonic,grad,0.3,30,1,63.23357009887695
130,tonic,grad,0.3,30,2,45.76539611816406
130,tonic,grad,0.3,30,3,29.845232009887695
130,tonic,grad,0.3,30,4,16.307344436645508
130,tonic,grad,0.3,30,5,6.291101932525635
130,tonic,grad,0.3,30,6,0.864787757396698
130,tonic,grad,0.3,30,7,0.5390403270721436
130,tonic,grad,0.3,30,8,4.365410327911377
130,tonic,grad,0.3,30,9,9.52481746673584
130,tonic,grad,0.3,30,10,13.075844764709473
130,tonic,grad,0.3,30,11,13.664438247680664
130,tonic,grad,0.3,30,12,11.747078895568848
130,tonic,grad,0.3,30,13,8.443506240844727
130,tonic,grad,0.3,30,14,4.950666904449463
130,tonic,grad,0.3,30,15,2.176588773727417
130,tonic,grad,0.3,30,16,0.5655266046524048
130,tonic,grad,0.3,30,17,0.14213548600673676
130,tonic,grad,0.3,30,18,0.6330010890960693
130,tonic,grad,0.3,30,19,1.624788761138916
130,tonic,grad,0.3,30,20,2.7053611278533936
130,tonic,grad,0.3,30,21,3.561967372894287
130,tonic,grad,0.3,30,22,4.013742446899414
130,tonic,grad,0.3,30,23,4.005125045776367
130,tonic,grad,0.3,30,24,3.5811336040496826
130,tonic,nm,0.3,30,0,81.64171600341797
130,tonic,nm,0.3,30,1,79.14373779296875
130,tonic,nm,0.3,30,2,35.587120056152344
130,tonic,nm,0.3,30,3,78.11438751220703
130,tonic,nm,0.3,30,4,45.79936599731445
130,tonic,nm,0.3,30,5,29.570987701416016
130,tonic,nm,0.3,30,6,18.119356155395508
130,tonic,nm,0.3,30,7,6.316373348236084
130,tonic,nm,0.3,30,8,0.20947964489459991
130,tonic,nm,0.3,30,9,0.11740393191576004
130,tonic,nm,0.3,30,10,3.86015248298645
130,tonic,nm,0.3,30,11,7.871539115905762
130,tonic,nm,0.3,30,12,31.650150299072266
130,tonic,nm,0.3,30,13,4.801993370056152
130,tonic,nm,0.3,30,14,21.32602310180664
130,tonic,nm,0.3,30,15,1.54513680934906
130,tonic,nm,0.3,30,16,6.481080055236816
130,tonic,nm,0.3,30,17,1.4510341882705688
130,tonic,nm,0.3,30,18,6.03627872467041
130,tonic,nm,0.3,30,19,0.24297678470611572
130,tonic,nm,0.3,30,20,1.1445716619491577
130,tonic,nm,0.3,30,21,0.384429931640625
130,tonic,nm,0.3,30,22,0.559187114238739
130,tonic,nm,0.3,30,23,0.14128032326698303
130,tonic,nm,0.3,30,24,0.5505815148353577
131,tonic,grad,0.3,31,0,7.668766498565674
131,tonic,grad,0.3,31,1,2.82011342048645
131,tonic,grad,0.3,31,2,0.28764215111732483
131,tonic,grad,0.3,31,3,0.42311781644821167
131,tonic,grad,0.3,31,4,1.918980598449707
131,tonic,grad,0.3,31,5,2.3939712047576904
131,tonic,grad,0.3,31,6,1.705166220664978
131,tonic,grad,0.3,31,7,0.7556236386299133
131,tonic,grad,0.3,31,8,0.14964042603969574
131,tonic,grad,0.3,31,9,0.06304773688316345
131,tonic,grad,0.3,31,10,0.32786861062049866
131,tonic,grad,0.3,31,11,0.67714524269104
131,tonic,grad,0.3,31,12,0.9079409837722778
131,tonic,grad,0.3,31,13,0.9301705360412598
131,tonic,grad,0.3,31,14,0.766849160194397
131,tonic,grad,0.3,31,15,0.49811261892318726
131,tonic,grad,0.3,31,16,0.2385011613368988
131,tonic,grad,0.3,31,17,0.07856693118810654
131,tonic,grad,0.3,31,18,0.06612331420183182
131,tonic,grad,0.3,31,19,0.17636610567569733
131,tonic,grad,0.3,31,20,0.3276442587375641
131,tonic,grad,0.3,31,21,0.4183702766895294
131,tonic,grad,0.3,31,22,0.39786192774772644
131,tonic,grad,0.3,31,23,0.2884127199649811
131,tonic,grad,0.3,31,24,0.16159513592720032
131,tonic,nm,0.3,31,0,7.668766498565674
131,tonic,nm,0.3,31,1,7.179237365722656
131,tonic,nm,0.3,31,2,0.2023366391658783
131,tonic,nm,0.3,31,3,6.357119083404541
131,tonic,nm,0.3,31,4,0.3000681698322296
131,tonic,nm,0.3,31,5,0.8706926107406616
131,tonic,nm,0.3,31,6,9.048482894897461
131,tonic,nm,0.3,31,7,1.894653558731079
131,tonic,nm,0.3,31,8,3.4994654655456543
131,tonic,nm,0.3,31,9,0.5257792472839355
131,tonic,nm,0.3,31,10,2.262895345687866
131,tonic,nm,0.3,31,11,0.21691779792308807
131,tonic,nm,0.3,31,12,0.8065305948257446
131,tonic,nm,0.3,31,13,0.1922844648361206
131,tonic,nm,0.3,31,14,0.6057916879653931
131,tonic,nm,0.3,31,15,0.11853460222482681
131,tonic,nm,0.3,31,16,0.46230393648147583
131,tonic,nm,0.3,31,17,0.09673566371202469
131,tonic,nm,0.3,31,18,0.3888446092605591
131,tonic,nm,0.3,31,19,0.09843537211418152
131,tonic,nm,0.3,31,20,0.2632022798061371
131,tonic,nm,0.3,31,21,0.10099326819181442
131,tonic,nm,0.3,31,22,0.17093625664710999
131,tonic,nm,0.3,31,23,0.07778001576662064
131,tonic,nm,0.3,31,24,0.19035980105400085
132,tonic,grad,0.3,32,0,3.515838384628296
132,tonic,grad,0.3,32,1,0.6503772139549255
132,tonic,grad,0.3,32,2,0.19822101294994354
132,tonic,grad,0.3,32,3,1.199288249015808
132,tonic,grad,0.3,32,4,1.3152333498001099
132,tonic,grad,0.3,32,5,0.7085413336753845
132,tonic,grad,0.3,32,6,0.1736050546169281
132,tonic,grad,0.3,32,7,0.04915355518460274
132,tonic,grad,0.3,32,8,0.24063527584075928
132,tonic,grad,0.3,32,9,0.48294588923454285
132,tonic,grad,0.3,32,10,0.5852941870689392
132,tonic,grad,0.3,32,11,0.5076668858528137
132,tonic,grad,0.3,32,12,0.31769058108329773
132,tonic,grad,0.3,32,13,0.12705613672733307
132,tonic,grad,0.3,32,14,0.025393441319465637
132,tonic,grad,0.3,32,15,0.048205941915512085
132,tonic,grad,0.3,32,16,0.14935576915740967
132,tonic,grad,0.3,32,17,0.2393714338541031
132,tonic,grad,0.3,32,18,0.246753990650177
132,tonic,grad,0.3,32,19,0.17617158591747284
132,tonic,grad,0.3,32,20,0.08225393295288086
132,tonic,grad,0.3,32,21,0.023951925337314606
132,tonic,grad,0.3,32,22,0.022958112880587578
132,tonic,grad,0.3,32,23,0.06250399351119995
132,tonic,grad,0.3,32,24,0.10717404633760452
132,tonic,nm,0.3,32,0,3.515838384628296
132,tonic,nm,0.3,32,1,3.2334048748016357
132,tonic,nm,0.3,32,2,1.734509825706482
132,tonic,nm,0.3,32,3,2.5759332180023193
132,tonic,nm,0.3,32,4,0.31655341386795044
132,tonic,nm,0.3,32,5,1.5313100814819336
132,tonic,nm,0.3,32,6,3.531597852706909
132,tonic,nm,0.3,32,7,1.1722725629806519
132,tonic,nm,0.3,32,8,4.2227067947387695
132,tonic,nm,0.3,32,9,0.7874197363853455
132,tonic,nm,0.3,32,10,4.826277256011963
132,tonic,nm,0.3,32,11,0.44724416732788086
132,tonic,nm,0.3,32,12,1.3505140542984009
132,tonic,nm,0.3,32,13,0.46675771474838257
132,tonic,nm,0.3,32,14,1.362744688987732
132,tonic,nm,0.3,32,15,0.30101197957992554
132,tonic,nm,0.3,32,16,1.0051888227462769
132,tonic,nm,0.3,32,17,0.206997349858284
132,tonic,nm,0.3,32,18,0.5829906463623047
132,tonic,nm,0.3,32,19,0.22606945037841797
132,tonic,nm,0.3,32,20,0.6523849368095398
132,tonic,nm,0.3,32,21,0.17033609747886658
132,tonic,nm,0.3,32,22,0.4847106337547302
132,tonic,nm,0.3,32,23,0.17617535591125488
132,tonic,nm,0.3,32,24,0.32963332533836365
133,tonic,grad,0.3,33,0,7.7411274909973145
133,tonic,grad,0.3,33,1,2.8533859252929688
133,tonic,grad,0.3,33,2,0.27800479531288147
133,tonic,grad,0.3,33,3,0.3789196312427521
133,tonic,grad,0.3,33,4,1.8911361694335938
133,tonic,grad,0.3,33,5,2.4042775630950928
133,tonic,grad,0.3,33,6,1.7352321147918701
133,tonic,grad,0.3,33,7,0.7661421895027161
133,tonic,grad,0.3,33,8,0.13904857635498047
133,tonic,grad,0.3,33,9,0.03543122485280037
133,tonic,grad,0.3,33,10,0.2958824336528778
133,tonic,grad,0.3,33,11,0.651885986328125
133,tonic,grad,0.3,33,12,0.8907064199447632
133,tonic,grad,0.3,33,13,0.919233500957489
133,tonic,grad,0.3,33,14,0.7585152387619019
133,tonic,grad,0.3,33,15,0.4891580045223236
133,tonic,grad,0.3,33,16,0.2224452793598175
133,tonic,grad,0.3,33,17,0.057118482887744904
133,tonic,grad,0.3,33,18,0.04136244207620621
133,tonic,grad,0.3,33,19,0.1519552767276764
133,tonic,grad,0.3,33,20,0.3049147427082062
133,tonic,grad,0.3,33,21,0.39613503217697144
133,tonic,grad,0.3,33,22,0.3782734274864197
133,tonic,grad,0.3,33,23,0.267306923866272
133,tonic,grad,0.3,33,24,0.13659654557704926
133,tonic,nm,0.3,33,0,7.7411274909973145
133,tonic,nm,0.3,33,1,7.226869106292725
133,tonic,nm,0.3,33,2,0.1304110586643219
133,tonic,nm,0.3,33,3,6.448329925537109
133,tonic,nm,0.3,33,4,0.2736707627773285
133,tonic,nm,0.3,33,5,0.8201019763946533
133,tonic,nm,0.3,33,6,8.856282234191895
133,tonic,nm,0.3,33,7,1.9275182485580444
133,tonic,nm,0.3,33,8,3.366957187652588
133,tonic,nm,0.3,33,9,0.5239989161491394
133,tonic,nm,0.3,33,10,2.2469427585601807
133,tonic,nm,0.3,33,11,0.17336370050907135
133,tonic,nm,0.3,33,12,0.7131323218345642
133,tonic,nm,0.3,33,13,0.1715484857559204
133,tonic,nm,0.3,33,14,0.5439187288284302
133,tonic,nm,0.3,33,15,0.08410827070474625
133,tonic,nm,0.3,33,16,0.42144039273262024
133,tonic,nm,0.3,33,17,0.053652964532375336
133,tonic,nm,0.3,33,18,0.32238417863845825
133,tonic,nm,0.3,33,19,0.059936828911304474
133,tonic,nm,0.3,33,20,0.25056329369544983
133,tonic,nm,0.3,33,21,0.050257403403520584
133,tonic,nm,0.3,33,22,0.14423666894435883
133,tonic,nm,0.3,33,23,0.03830840066075325
133,tonic,nm,0.3,33,24,0.12798047065734863
134,tonic,grad,0.3,34,0,10.332685470581055
134,tonic,grad,0.3,34,1,4.951293468475342
134,tonic,grad,0.3,34,2,1.8854413032531738
134,tonic,grad,0.3,34,3,0.5269786715507507
134,tonic,grad,0.3,34,4,0.31960606575012207
134,tonic,grad,0.3,34,5,0.7447586059570312
134,tonic,grad,0.3,34,6,1.3202533721923828
134,tonic,grad,0.3,34,7,1.7209044694900513
134,tonic,grad,0.3,34,8,1.8457671403884888
134,tonic,grad,0.3,34,9,1.7383452653884888
134,tonic,grad,0.3,34,10,1.4803496599197388
134,tonic,grad,0.3,34,11,1.1538116931915283
134,tonic,grad,0.3,34,12,0.8260223865509033
134,tonic,grad,0.3,34,13,0.5366925597190857
134,tonic,grad,0.3,34,14,0.3167593479156494
134,tonic,grad,0.3,34,15,0.17004607617855072
134,tonic,grad,0.3,34,16,0.09166352450847626
134,tonic,grad,0.3,34,17,0.07139921933412552
134,tonic,grad,0.3,34,18,0.09143352508544922
134,tonic,grad,0.3,34,19,0.13490068912506104
134,tonic,grad,0.3,34,20,0.1868952065706253
134,tonic,grad,0.3,34,21,0.23470942676067352
134,tonic,grad,0.3,34,22,0.2676929533481598
134,tonic,grad,0.3,34,23,0.286194384098053
134,tonic,grad,0.3,34,24,0.2872582674026489
134,tonic,nm,0.3,34,0,10.332685470581055
134,tonic,nm,0.3,34,1,10.67429256439209
134,tonic,nm,0.3,34,2,39.50442123413086
134,tonic,nm,0.3,34,3,12.184752464294434
134,tonic,nm,0.3,34,4,0.132078617811203
134,tonic,nm,0.3,34,5,0.7795119881629944
134,tonic,nm,0.3,34,6,1.2270504236221313
134,tonic,nm,0.3,34,7,0.03740408271551132
134,tonic,nm,0.3,34,8,1.345977783203125
134,tonic,nm,0.3,34,9,1.0815585851669312
134,tonic,nm,0.3,34,10,0.7618832588195801
134,tonic,nm,0.3,34,11,0.3772854208946228
134,tonic,nm,0.3,34,12,1.9536272287368774
134,tonic,nm,0.3,34,13,0.1568620204925537
134,tonic,nm,0.3,34,14,0.5381222367286682
134,tonic,nm,0.3,34,15,0.10899442434310913
134,tonic,nm,0.3,34,16,0.5525011420249939
134,tonic,nm,0.3,34,17,0.02565981261432171
134,tonic,nm,0.3,34,18,0.13578276336193085
134,tonic,nm,0.3,34,19,0.0464874692261219
134,tonic,nm,0.3,34,20,0.16554926335811615
134,tonic,nm,0.3,34,21,0.03220308572053909
134,tonic,nm,0.3,34,22,0.10039342939853668
134,tonic,nm,0.3,34,23,0.012048759497702122
134,tonic,nm,0.3,34,24,0.0637698695063591
135,tonic,grad,0.3,35,0,2.515049934387207
135,tonic,grad,0.3,35,1,0.9761045575141907
135,tonic,grad,0.3,35,2,1.0795197486877441
135,tonic,grad,0.3,35,3,1.3507519960403442
135,tonic,grad,0.3,35,4,1.284394383430481
135,tonic,grad,0.3,35,5,0.9867022037506104
135,tonic,grad,0.3,35,6,0.6504890322685242
135,tonic,grad,0.3,35,7,0.4146348237991333
135,tonic,grad,0.3,35,8,0.3185078203678131
135,tonic,grad,0.3,35,9,0.32179945707321167
135,tonic,grad,0.3,35,10,0.33990582823753357
135,tonic,grad,0.3,35,11,0.3124522864818573
135,tonic,grad,0.3,35,12,0.23321296274662018
135,tonic,grad,0.3,35,13,0.13829165697097778
135,tonic,grad,0.3,35,14,0.06743592768907547
135,tonic,grad,0.3,35,15,0.042720429599285126
135,tonic,grad,0.3,35,16,0.059122852981090546
135,tonic,grad,0.3,35,17,0.09484513103961945
135,tonic,grad,0.3,35,18,0.12410745769739151
135,tonic,grad,0.3,35,19,0.13199187815189362
135,tonic,grad,0.3,35,20,0.11834269762039185
135,tonic,grad,0.3,35,21,0.09124453365802765
135,tonic,grad,0.3,35,22,0.06276760250329971
135,tonic,grad,0.3,35,23,0.04351718723773956
135,tonic,grad,0.3,35,24,0.03760718181729317
135,tonic,nm,0.3,35,0,2.515049934387207
135,tonic,nm,0.3,35,1,2.7284514904022217
135,tonic,nm,0.3,35,2,20.227571487426758
135,tonic,nm,0.3,35,3,3.1296584606170654
135,tonic,nm,0.3,35,4,2.8576483726501465
135,tonic,nm,0.3,35,5,1.479605793952942
135,tonic,nm,0.3,35,6,3.4615535736083984
135,tonic,nm,0.3,35,7,8.66580867767334
135,tonic,nm,0.3,35,8,1.027302861213684
135,tonic,nm,0.3,35,9,2.787130832672119
135,tonic,nm,0.3,35,10,1.4190852642059326
135,tonic,nm,0.3,35,11,3.687926769256592
135,tonic,nm,0.3,35,12,1.2278488874435425
135,tonic,nm,0.3,35,13,2.5169081687927246
135,tonic,nm,0.3,35,14,0.917158305644989
135,tonic,nm,0.3,35,15,1.637912392616272
135,tonic,nm,0.3,35,16,0.9452388882637024
135,tonic,nm,0.3,35,17,1.783042311668396
135,tonic,nm,0.3,35,18,0.8546253442764282
135,tonic,nm,0.3,35,19,1.6835150718688965
135,tonic,nm,0.3,35,20,0.7861047387123108
135,tonic,nm,0.3,35,21,1.1372125148773193
135,tonic,nm,0.3,35,22,0.7989020943641663
135,tonic,nm,0.3,35,23,0.9166437387466431
135,tonic,nm,0.3,35,24,0.7989827990531921
136,tonic,grad,0.3,36,0,17.042434692382812
136,tonic,grad,0.3,36,1,9.219500541687012
136,tonic,grad,0.3,36,2,3.425018787384033
136,tonic,grad,0.3,36,3,0.3624987006187439
136,tonic,grad,0.3,36,4,0.44248130917549133
136,tonic,grad,0.3,36,5,2.6017374992370605
136,tonic,grad,0.3,36,6,4.155273914337158
136,tonic,grad,0.3,36,7,3.941683530807495
136,tonic,grad,0.3,36,8,2.653850793838501
136,tonic,grad,0.3,36,9,1.2244939804077148
136,tonic,grad,0.3,36,10,0.2981759309768677
136,tonic,grad,0.3,36,11,0.031065823510289192
136,tonic,grad,0.3,36,12,0.27662426233291626
136,tonic,grad,0.3,36,13,0.7522387504577637
136,tonic,grad,0.3,36,14,1.2003116607666016
136,tonic,grad,0.3,36,15,1.4583419561386108
136,tonic,grad,0.3,36,16,1.4638718366622925
136,tonic,grad,0.3,36,17,1.257230281829834
136,tonic,grad,0.3,36,18,0.9035221934318542
136,tonic,grad,0.3,36,19,0.5179187059402466
136,tonic,grad,0.3,36,20,0.211851105093956
136,tonic,grad,0.3,36,21,0.05700937658548355
136,tonic,grad,0.3,36,22,0.08202764391899109
136,tonic,grad,0.3,36,23,0.23750998079776764
136,tonic,grad,0.3,36,24,0.4350118935108185
136,tonic,nm,0.3,36,0,17.042434692382812
136,tonic,nm,0.3,36,1,16.225454330444336
136,tonic,nm,0.3,36,2,1.1996501684188843
136,tonic,nm,0.3,36,3,15.129441261291504
136,tonic,nm,0.3,36,4,3.481659412384033
136,tonic,nm,0.3,36,5,0.2542133033275604
136,tonic,nm,0.3,36,6,0.603838324546814
136,tonic,nm,0.3,36,7,2.7520253658294678
136,tonic,nm,0.3,36,8,3.897045135498047
136,tonic,nm,0.3,36,9,1.1928917169570923
136,tonic,nm,0.3,36,10,11.319382667541504
136,tonic,nm,0.3,36,11,0.43920809030532837
136,tonic,nm,0.3,36,12,0.2168971300125122
136,tonic,nm,0.3,36,13,0.8626083731651306
136,tonic,nm,0.3,36,14,2.1669723987579346
136,tonic,nm,0.3,36,15,0.35420897603034973
136,tonic,nm,0.3,36,16,1.0180141925811768
136,tonic,nm,0.3,36,17,0.13929592072963715
136,tonic,nm,0.3,36,18,0.5379858613014221
136,tonic,nm,0.3,36,19,0.13435670733451843
136,tonic,nm,0.3,36,20,0.5968862771987915
136,tonic,nm,0.3,36,21,0.09056399017572403
136,tonic,nm,0.3,36,22,0.4196662902832031
136,tonic,nm,0.3,36,23,0.09057441353797913
136,tonic,nm,0.3,36,24,0.24428480863571167
137,tonic,grad,0.3,37,0,0.409117728471756
137,tonic,grad,0.3,37,1,0.3325621485710144
137,tonic,grad,0.3,37,2,0.17009355127811432
137,tonic,grad,0.3,37,3,0.1247778907418251
137,tonic,grad,0.3,37,4,0.1112821027636528
137,tonic,grad,0.3,37,5,0.04366111010313034
137,tonic,grad,0.3,37,6,0.05200429633259773
137,tonic,grad,0.3,37,7,0.0687217190861702
137,tonic,grad,0.3,37,8,0.04631511867046356
137,tonic,grad,0.3,37,9,0.04963931813836098
137,tonic,grad,0.3,37,10,0.07957074791193008
137,tonic,grad,0.3,37,11,0.07436738163232803
137,tonic,grad,0.3,37,12,0.05886033922433853
137,tonic,grad,0.3,37,13,0.06408993899822235
137,tonic,grad,0.3,37,14,0.06021413207054138
137,tonic,grad,0.3,37,15,0.03683079034090042
137,tonic,grad,0.3,37,16,0.02529732696712017
137,tonic,grad,0.3,37,17,0.026584303006529808
137,tonic,grad,0.3,37,18,0.016393132507801056
137,tonic,grad,0.3,37,19,0.008117579855024815
137,tonic,grad,0.3,37,20,0.015664298087358475
137,tonic,grad,0.3,37,21,0.018494095653295517
137,tonic,grad,0.3,37,22,0.013715683482587337
137,tonic,grad,0.3,37,23,0.017871852964162827
137,tonic,grad,0.3,37,24,0.021297117695212364
137,tonic,nm,0.3,37,0,0.409117728471756
137,tonic,nm,0.3,37,1,0.5089264512062073
137,tonic,nm,0.3,37,2,11.306385040283203
137,tonic,nm,0.3,37,3,0.48465922474861145
137,tonic,nm,0.3,37,4,7.131808280944824
137,tonic,nm,0.3,37,5,2.2157609462738037
137,tonic,nm,0.3,37,6,4.6540961265563965
137,tonic,nm,0.3,37,7,0.7522736191749573
137,tonic,nm,0.3,37,8,2.1757993698120117
137,tonic,nm,0.3,37,9,0.38069796562194824
137,tonic,nm,0.3,37,10,0.20829413831233978
137,tonic,nm,0.3,37,11,0.16419385373592377
137,tonic,nm,0.3,37,12,0.611653208732605
137,tonic,nm,0.3,37,13,0.32726213335990906
137,tonic,nm,0.3,37,14,0.24146853387355804
137,tonic,nm,0.3,37,15,0.12776631116867065
137,tonic,nm,0.3,37,16,0.16184230148792267
137,tonic,nm,0.3,37,17,0.2465783655643463
137,tonic,nm,0.3,37,18,0.1639535278081894
137,tonic,nm,0.3,37,19,0.09785527735948563
137,tonic,nm,0.3,37,20,0.1541321724653244
137,tonic,nm,0.3,37,21,0.07122692465782166
137,tonic,nm,0.3,37,22,0.09509006887674332
137,tonic,nm,0.3,37,23,0.410071462392807
137,tonic,nm,0.3,37,24,0.08861158788204193
138,tonic,grad,0.3,38,0,27.849302291870117
138,tonic,grad,0.3,38,1,17.517776489257812
138,tonic,grad,0.3,38,2,8.968981742858887
138,tonic,grad,0.3,38,3,2.9400463104248047
138,tonic,grad,0.3,38,4,0.21910828351974487
138,tonic,grad,0.3,38,5,1.035209059715271
138,tonic,grad,0.3,38,6,3.8812003135681152
138,tonic,grad,0.3,38,7,5.905210971832275
138,tonic,grad,0.3,38,8,5.827783584594727
138,tonic,grad,0.3,38,9,4.312016487121582
138,tonic,grad,0.3,38,10,2.3774595260620117
138,tonic,grad,0.3,38,11,0.8697044849395752
138,tonic,grad,0.3,38,12,0.1277610957622528
138,tonic,grad,0.3,38,13,0.11070883274078369
138,tonic,grad,0.3,38,14,0.5617481470108032
138,tonic,grad,0.3,38,15,1.1770890951156616
138,tonic,grad,0.3,38,16,1.6906006336212158
138,tonic,grad,0.3,38,17,1.9643656015396118
138,tonic,grad,0.3,38,18,1.9543911218643188
138,tonic,grad,0.3,38,19,1.693034052848816
138,tonic,grad,0.3,38,20,1.2734718322753906
138,tonic,grad,0.3,38,21,0.7866399884223938
138,tonic,grad,0.3,38,22,0.3599551320075989
138,tonic,grad,0.3,38,23,0.09150896221399307
138,tonic,grad,0.3,38,24,0.02244354784488678
138,tonic,nm,0.3,38,0,27.849302291870117
138,tonic,nm,0.3,38,1,26.802289962768555
138,tonic,nm,0.3,38,2,5.134982585906982
138,tonic,nm,0.3,38,3,25.324621200561523
138,tonic,nm,0.3,38,4,9.155071258544922
138,tonic,nm,0.3,38,5,2.776348114013672
138,tonic,nm,0.3,38,6,0.37686827778816223
138,tonic,nm,0.3,38,7,2.1307554244995117
138,tonic,nm,0.3,38,8,5.2152814865112305
138,tonic,nm,0.3,38,9,1.5940535068511963
138,tonic,nm,0.3,38,10,13.189080238342285
138,tonic,nm,0.3,38,11,1.364216685295105
138,tonic,nm,0.3,38,12,2.5114471912384033
138,tonic,nm,0.3,38,13,0.912245512008667
138,tonic,nm,0.3,38,14,2.5699238777160645
138,tonic,nm,0.3,38,15,0.6683841943740845
138,tonic,nm,0.3,38,16,2.8847482204437256
138,tonic,nm,0.3,38,17,0.5579964518547058
138,tonic,nm,0.3,38,18,1.0971179008483887
138,tonic,nm,0.3,38,19,0.503797709941864
138,tonic,nm,0.3,38,20,0.9764266014099121
138,tonic,nm,0.3,38,21,0.4090670645236969
138,tonic,nm,0.3,38,22,0.6786920428276062
138,tonic,nm,0.3,38,23,0.3829050064086914
138,tonic,nm,0.3,38,24,0.6335009336471558
139,tonic,grad,0.3,39,0,8.91003131866455
139,tonic,grad,0.3,39,1,3.635307550430298
139,tonic,grad,0.3,39,2,0.6486235857009888
139,tonic,grad,0.3,39,3,0.4045714735984802
139,tonic,grad,0.3,39,4,1.943699836730957
139,tonic,grad,0.3,39,5,2.736074209213257
139,tonic,grad,0.3,39,6,2.2085211277008057
139,tonic,grad,0.3,39,7,1.1794179677963257
139,tonic,grad,0.3,39,8,0.3967171907424927
139,tonic,grad,0.3,39,9,0.12939347326755524
139,tonic,grad,0.3,39,10,0.2976815104484558
139,tonic,grad,0.3,39,11,0.6492397785186768
139,tonic,grad,0.3,39,12,0.950387179851532
139,tonic,grad,0.3,39,13,1.0720696449279785
139,tonic,grad,0.3,39,14,0.9912096261978149
139,tonic,grad,0.3,39,15,0.7605698108673096
139,tonic,grad,0.3,39,16,0.4734446406364441
139,tonic,grad,0.3,39,17,0.23136162757873535
139,tonic,grad,0.3,39,18,0.11153972893953323
139,tonic,grad,0.3,39,19,0.13580302894115448
139,tonic,grad,0.3,39,20,0.2622453272342682
139,tonic,grad,0.3,39,21,0.40085500478744507
139,tonic,grad,0.3,39,22,0.4615325331687927
139,tonic,grad,0.3,39,23,0.42711910605430603
139,tonic,grad,0.3,39,24,0.3130958676338196
139,tonic,nm,0.3,39,0,8.91003131866455
139,tonic,nm,0.3,39,1,8.42117977142334
139,tonic,nm,0.3,39,2,0.3745366036891937
139,tonic,nm,0.3,39,3,7.429925441741943
139,tonic,nm,0.3,39,4,0.7168675065040588
139,tonic,nm,0.3,39,5,0.7435253858566284
139,tonic,nm,0.3,39,6,8.279173851013184
139,tonic,nm,0.3,39,7,2.5837435722351074
139,tonic,nm,0.3,39,8,3.11578106880188
139,tonic,nm,0.3,39,9,0.9918312430381775
139,tonic,nm,0.3,39,10,1.3153071403503418
139,tonic,nm,0.3,39,11,0.4794263243675232
139,tonic,nm,0.3,39,12,2.334381341934204
139,tonic,nm,0.3,39,13,0.3182355463504791
139,tonic,nm,0.3,39,14,0.6886526942253113
139,tonic,nm,0.3,39,15,0.4133351445198059
139,tonic,nm,0.3,39,16,1.338624358177185
139,tonic,nm,0.3,39,17,0.2934421896934509
139,tonic,nm,0.3,39,18,0.3210149109363556
139,tonic,nm,0.3,39,19,0.22357100248336792
139,tonic,nm,0.3,39,20,0.24454106390476227
139,tonic,nm,0.3,39,21,0.1964946985244751
139,tonic,nm,0.3,39,22,0.21095047891139984
139,tonic,nm,0.3,39,23,0.37240535020828247
139,tonic,nm,0.3,39,24,0.24235890805721283
140,tonic,grad,0.3,40,0,6.982853889465332
140,tonic,grad,0.3,40,1,2.437620162963867
140,tonic,grad,0.3,40,2,0.22697138786315918
140,tonic,grad,0.3,40,3,0.6089930534362793
140,tonic,grad,0.3,40,4,2.0000243186950684
140,tonic,grad,0.3,40,5,2.232839822769165
140,tonic,grad,0.3,40,6,1.4792649745941162
140,tonic,grad,0.3,40,7,0.6079297065734863
140,tonic,grad,0.3,40,8,0.14585043489933014
140,tonic,grad,0.3,40,9,0.17280174791812897
140,tonic,grad,0.3,40,10,0.4798470735549927
140,tonic,grad,0.3,40,11,0.8002073168754578
140,tonic,grad,0.3,40,12,0.9617624878883362
140,tonic,grad,0.3,40,13,0.9088618159294128
140,tonic,grad,0.3,40,14,0.6964420676231384
140,tonic,grad,0.3,40,15,0.4285885989665985
140,tonic,grad,0.3,40,16,0.20918913185596466
140,tonic,grad,0.3,40,17,0.12290932238101959
140,tonic,grad,0.3,40,18,0.1830766499042511
140,tonic,grad,0.3,40,19,0.32466816902160645
140,tonic,grad,0.3,40,20,0.45101049542427063
140,tonic,grad,0.3,40,21,0.4793758988380432
140,tonic,grad,0.3,40,22,0.39626118540763855
140,tonic,grad,0.3,40,23,0.2689189314842224
140,tonic,grad,0.3,40,24,0.16647490859031677
140,tonic,nm,0.3,40,0,6.982853889465332
140,tonic,nm,0.3,40,1,6.522397041320801
140,tonic,nm,0.3,40,2,0.3197859823703766
140,tonic,nm,0.3,40,3,5.7548747062683105
140,tonic,nm,0.3,40,4,0.22335761785507202
140,tonic,nm,0.3,40,5,0.2553264796733856
140,tonic,nm,0.3,40,6,1.1419684886932373
140,tonic,nm,0.3,40,7,9.866620063781738
140,tonic,nm,0.3,40,8,1.5866082906723022
140,tonic,nm,0.3,40,9,4.019056797027588
140,tonic,nm,0.3,40,10,0.3897297978401184
140,tonic,nm,0.3,40,11,1.9219144582748413
140,tonic,nm,0.3,40,12,0.36297911405563354
140,tonic,nm,0.3,40,13,1.0692111253738403
140,tonic,nm,0.3,40,14,0.13893689215183258
140,tonic,nm,0.3,40,15,0.5314885973930359
140,tonic,nm,0.3,40,16,0.1664329469203949
140,tonic,nm,0.3,40,17,0.5093616247177124
140,tonic,nm,0.3,40,18,0.15213413536548615
140,tonic,nm,0.3,40,19,0.3722446858882904
140,tonic,nm,0.3,40,20,0.12100715190172195
140,tonic,nm,0.3,40,21,0.27946847677230835
140,tonic,nm,0.3,40,22,0.10607312619686127
140,tonic,nm,0.3,40,23,0.23477287590503693
140,tonic,nm,0.3,40,24,0.10310319066047668
141,tonic,grad,0.3,41,0,8.852714538574219
141,tonic,grad,0.3,41,1,3.5388684272766113
141,tonic,grad,0.3,41,2,0.5040796995162964
141,tonic,grad,0.3,41,3,0.210113525390625
141,tonic,grad,0.3,41,4,1.769381046295166
141,tonic,grad,0.3,41,5,2.6372368335723877
141,tonic,grad,0.3,41,6,2.1430747509002686
141,tonic,grad,0.3,41,7,1.1165903806686401
141,tonic,grad,0.3,41,8,0.29556334018707275
141,tonic,grad,0.3,41,9,0.004927741829305887
141,tonic,grad,0.3,41,10,0.1674862951040268
141,tonic,grad,0.3,41,11,0.530625581741333
141,tonic,grad,0.3,41,12,0.8501806855201721
141,tonic,grad,0.3,41,13,0.9855973124504089
141,tonic,grad,0.3,41,14,0.9122006297111511
141,tonic,grad,0.3,41,15,0.6790420413017273
141,tonic,grad,0.3,41,16,0.38463345170021057
141,tonic,grad,0.3,41,17,0.13901011645793915
141,tonic,grad,0.3,41,18,0.01985926926136017
141,tonic,grad,0.3,41,19,0.05196262151002884
141,tonic,grad,0.3,41,20,0.18987369537353516
141,tonic,grad,0.3,41,21,0.3361104428768158
141,tonic,grad,0.3,41,22,0.40522781014442444
141,tonic,grad,0.3,41,23,0.35972246527671814
141,tonic,grad,0.3,41,24,0.23966841399669647
141,tonic,nm,0.3,41,0,8.852714538574219
141,tonic,nm,0.3,41,1,8.311701774597168
141,tonic,nm,0.3,41,2,0.09442373365163803
141,tonic,nm,0.3,41,3,7.440158367156982
141,tonic,nm,0.3,41,4,0.5233984589576721
141,tonic,nm,0.3,41,5,0.5221127271652222
141,tonic,nm,0.3,41,6,7.816253185272217
141,tonic,nm,0.3,41,7,2.4932093620300293
141,tonic,nm,0.3,41,8,2.7487735748291016
141,tonic,nm,0.3,41,9,0.8422247767448425
141,tonic,nm,0.3,41,10,1.0051217079162598
141,tonic,nm,0.3,41,11,0.2964358329772949
141,tonic,nm,0.3,41,12,0.8783392906188965
141,tonic,nm,0.3,41,13,0.17333267629146576
141,tonic,nm,0.3,41,14,1.5386155843734741
141,tonic,nm,0.3,41,15,0.12623853981494904
141,tonic,nm,0.3,41,16,0.3524429500102997
141,tonic,nm,0.3,41,17,0.12677054107189178
141,tonic,nm,0.3,41,18,0.26276615262031555
141,tonic,nm,0.3,41,19,0.08228325843811035
141,tonic,nm,0.3,41,20,0.2495793253183365
141,tonic,nm,0.3,41,21,0.06536387652158737
141,tonic,nm,0.3,41,22,0.292601078748703
141,tonic,nm,0.3,41,23,0.06303484737873077
141,tonic,nm,0.3,41,24,0.07663320004940033
142,tonic,grad,0.3,42,0,4.6530914306640625
142,tonic,grad,0.3,42,1,1.148136854171753
142,tonic,grad,0.3,42,2,0.03539534658193588
142,tonic,grad,0.3,42,3,1.023354411125183
142,tonic,grad,0.3,42,4,1.7300786972045898
142,tonic,grad,0.3,42,5,1.2917490005493164
142,tonic,grad,0.3,42,6,0.5368321537971497
142,tonic,grad,0.3,42,7,0.0903371274471283
142,tonic,grad,0.3,42,8,0.10427828133106232
142,tonic,grad,0.3,42,9,0.38237839937210083
142,tonic,grad,0.3,42,10,0.6492577791213989
142,tonic,grad,0.3,42,11,0.7375486493110657
142,tonic,grad,0.3,42,12,0.6253661513328552
142,tonic,grad,0.3,42,13,0.3975771963596344
142,tonic,grad,0.3,42,14,0.17429813742637634
142,tonic,grad,0.3,42,15,0.06031017750501633
142,tonic,grad,0.3,42,16,0.09422638267278671
142,tonic,grad,0.3,42,17,0.2253262996673584
142,tonic,grad,0.3,42,18,0.34138527512550354
142,tonic,grad,0.3,42,19,0.3549681007862091
142,tonic,grad,0.3,42,20,0.26630863547325134
142,tonic,grad,0.3,42,21,0.1441117525100708
142,tonic,grad,0.3,42,22,0.062239255756139755
142,tonic,grad,0.3,42,23,0.05587708577513695
142,tonic,grad,0.3,42,24,0.10562729835510254
142,tonic,nm,0.3,42,0,4.6530914306640625
142,tonic,nm,0.3,42,1,4.262246131896973
142,tonic,nm,0.3,42,2,0.8412861227989197
142,tonic,nm,0.3,42,3,3.695913076400757
142,tonic,nm,0.3,42,4,0.019765987992286682
142,tonic,nm,0.3,42,5,0.7573317885398865
142,tonic,nm,0.3,42,6,2.298388957977295
142,tonic,nm,0.3,42,7,12.879788398742676
142,tonic,nm,0.3,42,8,0.5935755372047424
142,tonic,nm,0.3,42,9,1.7165429592132568
142,tonic,nm,0.3,42,10,0.5334542393684387
142,tonic,nm,0.3,42,11,3.4160051345825195
142,tonic,nm,0.3,42,12,0.12074728310108185
142,tonic,nm,0.3,42,13,0.3389025628566742
142,tonic,nm,0.3,42,14,2.0064711570739746
142,tonic,nm,0.3,42,15,0.08479554206132889
142,tonic,nm,0.3,42,16,0.22691500186920166
142,tonic,nm,0.3,42,17,0.06607615947723389
142,tonic,nm,0.3,42,18,0.39769408106803894
142,tonic,nm,0.3,42,19,0.024083493277430534
142,tonic,nm,0.3,42,20,0.09356850385665894
142,tonic,nm,0.3,42,21,0.03120221383869648
142,tonic,nm,0.3,42,22,0.10043936967849731
142,tonic,nm,0.3,42,23,0.022069506347179413
142,tonic,nm,0.3,42,24,0.0669669657945633
143,tonic,grad,0.3,43,0,42.68935775756836
143,tonic,grad,0.3,43,1,29.641141891479492
143,tonic,grad,0.3,43,2,18.07805824279785
143,tonic,grad,0.3,43,3,8.73160457611084
143,tonic,grad,0.3,43,4,2.4296014308929443
143,tonic,grad,0.3,43,5,0.044388044625520706
143,tonic,grad,0.3,43,6,1.6004897356033325
143,tonic,grad,0.3,43,7,5.247496604919434
143,tonic,grad,0.3,43,8,7.97745943069458
143,tonic,grad,0.3,43,9,8.265423774719238
143,tonic,grad,0.3,43,10,6.633413314819336
143,tonic,grad,0.3,43,11,4.1970109939575195
143,tonic,grad,0.3,43,12,1.9534765481948853
143,tonic,grad,0.3,43,13,0.528319239616394
143,tonic,grad,0.3,43,14,0.03845538571476936
143,tonic,grad,0.3,43,15,0.30874761939048767
143,tonic,grad,0.3,43,16,0.9934202432632446
143,tonic,grad,0.3,43,17,1.7619481086730957
143,tonic,grad,0.3,43,18,2.345946788787842
143,tonic,grad,0.3,43,19,2.6310360431671143
143,tonic,grad,0.3,43,20,2.5619306564331055
143,tonic,grad,0.3,43,21,2.210965871810913
143,tonic,grad,0.3,43,22,1.6656428575515747
143,tonic,grad,0.3,43,23,1.0488451719284058
143,tonic,grad,0.3,43,24,0.5128175616264343
143,tonic,nm,0.3,43,0,42.68935775756836
143,tonic,nm,0.3,43,1,41.198875427246094
143,tonic,nm,0.3,43,2,12.104914665222168
143,tonic,nm,0.3,43,3,39.802894592285156
143,tonic,nm,0.3,43,4,18.225271224975586
143,tonic,nm,0.3,43,5,8.429852485656738
143,tonic,nm,0.3,43,6,2.9150333404541016
143,tonic,nm,0.3,43,7,0.19422109425067902
143,tonic,nm,0.3,43,8,4.740841388702393
143,tonic,nm,0.3,43,9,0.9440209865570068
143,tonic,nm,0.3,43,10,9.110093116760254
143,tonic,nm,0.3,43,11,2.777949094772339
143,tonic,nm,0.3,43,12,11.456748962402344
143,tonic,nm,0.3,43,13,0.4941228926181793
143,tonic,nm,0.3,43,14,2.2613608837127686
143,tonic,nm,0.3,43,15,0.819309651851654
143,tonic,nm,0.3,43,16,3.3962478637695312
143,tonic,nm,0.3,43,17,0.2614659070968628
143,tonic,nm,0.3,43,18,0.49343931674957275
143,tonic,nm,0.3,43,19,1.7865025997161865
143,tonic,nm,0.3,43,20,0.1767910122871399
143,tonic,nm,0.3,43,21,0.4918243885040283
143,tonic,nm,0.3,43,22,0.27244871854782104
143,tonic,nm,0.3,43,23,0.2716725170612335
143,tonic,nm,0.3,43,24,0.19708675146102905
144,tonic,grad,0.3,44,0,5.213894844055176
144,tonic,grad,0.3,44,1,1.8053944110870361
144,tonic,grad,0.3,44,2,0.5057780146598816
144,tonic,grad,0.3,44,3,0.5387309789657593
144,tonic,grad,0.3,44,4,1.0695066452026367
144,tonic,grad,0.3,44,5,1.4657002687454224
144,tonic,grad,0.3,44,6,1.5189740657806396
144,tonic,grad,0.3,44,7,1.3086979389190674
144,tonic,grad,0.3,44,8,0.9764302968978882
144,tonic,grad,0.3,44,9,0.6370693445205688
144,tonic,grad,0.3,44,10,0.36439573764801025
144,tonic,grad,0.3,44,11,0.194418266415596
144,tonic,grad,0.3,44,12,0.1296192854642868
144,tonic,grad,0.3,44,13,0.14495255053043365
144,tonic,grad,0.3,44,14,0.204271599650383
144,tonic,grad,0.3,44,15,0.26988136768341064
144,tonic,grad,0.3,44,16,0.31472137570381165
144,tonic,grad,0.3,44,17,0.3265054523944855
144,tonic,grad,0.3,44,18,0.30311545729637146
144,tonic,grad,0.3,44,19,0.25471070408821106
144,tonic,grad,0.3,44,20,0.19184540212154388
144,tonic,grad,0.3,44,21,0.13031823933124542
144,tonic,grad,0.3,44,22,0.07857975363731384
144,tonic,grad,0.3,44,23,0.041534021496772766
144,tonic,grad,0.3,44,24,0.020398322492837906
144,tonic,nm,0.3,44,0,5.213894844055176
144,tonic,nm,0.3,44,1,5.479271411895752
144,tonic,nm,0.3,44,2,28.48216438293457
144,tonic,nm,0.3,44,3,6.445010662078857
144,tonic,nm,0.3,44,4,0.4492279589176178
144,tonic,nm,0.3,44,5,3.476233959197998
144,tonic,nm,0.3,44,6,0.2465667426586151
144,tonic,nm,0.3,44,7,0.7442769408226013
144,tonic,nm,0.3,44,8,1.4074493646621704
144,tonic,nm,0.3,44,9,4.119587421417236
144,tonic,nm,0.3,44,10,4.228896617889404
144,tonic,nm,0.3,44,11,0.25264042615890503
144,tonic,nm,0.3,44,12,0.6607153415679932
144,tonic,nm,0.3,44,13,2.5392465591430664
144,tonic,nm,0.3,44,14,4.385987281799316
144,tonic,nm,0.3,44,15,0.7629159688949585
144,tonic,nm,0.3,44,16,2.067437171936035
144,tonic,nm,0.3,44,17,0.27486926317214966
144,tonic,nm,0.3,44,18,0.7774537801742554
144,tonic,nm,0.3,44,19,0.32449209690093994
144,tonic,nm,0.3,44,20,0.39509886503219604
144,tonic,nm,0.3,44,21,0.21656207740306854
144,tonic,nm,0.3,44,22,0.5442175269126892
144,tonic,nm,0.3,44,23,0.188703715801239
144,tonic,nm,0.3,44,24,0.4014265239238739
145,tonic,grad,0.3,45,0,0.5206642746925354
145,tonic,grad,0.3,45,1,0.8238515257835388
145,tonic,grad,0.3,45,2,0.5111714005470276
145,tonic,grad,0.3,45,3,0.2956402599811554
145,tonic,grad,0.3,45,4,0.3658232092857361
145,tonic,grad,0.3,45,5,0.337085485458374
145,tonic,grad,0.3,45,6,0.1927507072687149
145,tonic,grad,0.3,45,7,0.10866008698940277
145,tonic,grad,0.3,45,8,0.11851168423891068
145,tonic,grad,0.3,45,9,0.14309705793857574
145,tonic,grad,0.3,45,10,0.1213407889008522
145,tonic,grad,0.3,45,11,0.06681916862726212
145,tonic,grad,0.3,45,12,0.024224933236837387
145,tonic,grad,0.3,45,13,0.018363216891884804
145,tonic,grad,0.3,45,14,0.03627777472138405
145,tonic,grad,0.3,45,15,0.04654461890459061
145,tonic,grad,0.3,45,16,0.035096947103738785
145,tonic,grad,0.3,45,17,0.015389339998364449
145,tonic,grad,0.3,45,18,0.0058613852597773075
145,tonic,grad,0.3,45,19,0.011419061571359634
145,tonic,grad,0.3,45,20,0.02212780900299549
145,tonic,grad,0.3,45,21,0.026767536997795105
145,tonic,grad,0.3,45,22,0.021283317357301712
145,tonic,grad,0.3,45,23,0.011311447247862816
145,tonic,grad,0.3,45,24,0.005137380678206682
145,tonic,nm,0.3,45,0,0.5206642746925354
145,tonic,nm,0.3,45,1,0.5955982804298401
145,tonic,nm,0.3,45,2,12.499831199645996
145,tonic,nm,0.3,45,3,0.6727266311645508
145,tonic,nm,0.3,45,4,6.196302890777588
145,tonic,nm,0.3,45,5,1.7238446474075317
145,tonic,nm,0.3,45,6,5.404280185699463
145,tonic,nm,0.3,45,7,0.5194162130355835
145,tonic,nm,0.3,45,8,0.6589502096176147
145,tonic,nm,0.3,45,9,0.4535106420516968
145,tonic,nm,0.3,45,10,0.7532273530960083
145,tonic,nm,0.3,45,11,0.41981613636016846
145,tonic,nm,0.3,45,12,0.8288060426712036
145,tonic,nm,0.3,45,13,0.38496074080467224
145,tonic,nm,0.3,45,14,0.880442202091217
145,tonic,nm,0.3,45,15,0.3820968270301819
145,tonic,nm,0.3,45,16,0.366765558719635
145,tonic,nm,0.3,45,17,0.44871872663497925
145,tonic,nm,0.3,45,18,0.2816591262817383
145,tonic,nm,0.3,45,19,0.2877122163772583
145,tonic,nm,0.3,45,20,0.28007569909095764
145,tonic,nm,0.3,45,21,0.3222845494747162
145,tonic,nm,0.3,45,22,0.27219274640083313
145,tonic,nm,0.3,45,23,0.35043036937713623
145,tonic,nm,0.3,45,24,0.3166113495826721
146,tonic,grad,0.3,46,0,30.898828506469727
146,tonic,grad,0.3,46,1,20.000791549682617
146,tonic,grad,0.3,46,2,10.823312759399414
146,tonic,grad,0.3,46,3,4.099048614501953
146,tonic,grad,0.3,46,4,0.653298556804657
146,tonic,grad,0.3,46,5,0.8920848965644836
146,tonic,grad,0.3,46,6,3.6983814239501953
146,tonic,grad,0.3,46,7,6.232307434082031
146,tonic,grad,0.3,46,8,6.67237663269043
146,tonic,grad,0.3,46,9,5.35056209564209
146,tonic,grad,0.3,46,10,3.3224756717681885
146,tonic,grad,0.3,46,11,1.542441964149475
146,tonic,grad,0.3,46,12,0.4889196753501892
146,tonic,grad,0.3,46,13,0.2382921725511551
146,tonic,grad,0.3,46,14,0.5802791714668274
146,tonic,grad,0.3,46,15,1.1977345943450928
146,tonic,grad,0.3,46,16,1.8024271726608276
146,tonic,grad,0.3,46,17,2.1929523944854736
146,tonic,grad,0.3,46,18,2.3082454204559326
146,tonic,grad,0.3,46,19,2.1413841247558594
146,tonic,grad,0.3,46,20,1.7474277019500732
146,tonic,grad,0.3,46,21,1.2521045207977295
146,tonic,grad,0.3,46,22,0.7572606801986694
146,tonic,grad,0.3,46,23,0.38789960741996765
146,tonic,grad,0.3,46,24,0.21059760451316833
146,tonic,nm,0.3,46,0,30.898828506469727
146,tonic,nm,0.3,46,1,29.782848358154297
146,tonic,nm,0.3,46,2,6.586292743682861
146,tonic,nm,0.3,46,3,28.26643943786621
146,tonic,nm,0.3,46,4,11.023578643798828
146,tonic,nm,0.3,46,5,3.8829102516174316
146,tonic,nm,0.3,46,6,0.7989866137504578
146,tonic,nm,0.3,46,7,1.7303438186645508
146,tonic,nm,0.3,46,8,4.246891498565674
146,tonic,nm,0.3,46,9,16.82900047302246
146,tonic,nm,0.3,46,10,1.8230160474777222
146,tonic,nm,0.3,46,11,6.063716411590576
146,tonic,nm,0.3,46,12,1.5877059698104858
146,tonic,nm,0.3,46,13,4.741677284240723
146,tonic,nm,0.3,46,14,0.7689045667648315
146,tonic,nm,0.3,46,15,1.5992239713668823
146,tonic,nm,0.3,46,16,0.8493252992630005
146,tonic,nm,0.3,46,17,5.179521560668945
146,tonic,nm,0.3,46,18,0.63127201795578
146,tonic,nm,0.3,46,19,0.5733886957168579
146,tonic,nm,0.3,46,20,0.7770001888275146
146,tonic,nm,0.3,46,21,1.1786614656448364
146,tonic,nm,0.3,46,22,0.5770699381828308
146,tonic,nm,0.3,46,23,0.7350994944572449
146,tonic,nm,0.3,46,24,0.5766278505325317
147,tonic,grad,0.3,47,0,8.750897407531738
147,tonic,grad,0.3,47,1,3.4749722480773926
147,tonic,grad,0.3,47,2,0.4835401475429535
147,tonic,grad,0.3,47,3,0.23067469894886017
147,tonic,grad,0.3,47,4,1.7784762382507324
147,tonic,grad,0.3,47,5,2.6207146644592285
147,tonic,grad,0.3,47,6,2.1042466163635254
147,tonic,grad,0.3,47,7,1.07225501537323
147,tonic,grad,0.3,47,8,0.27757754921913147
147,tonic,grad,0.3,47,9,0.003777180565521121
147,tonic,grad,0.3,47,10,0.1757889986038208
147,tonic,grad,0.3,47,11,0.539032518863678
147,tonic,grad,0.3,47,12,0.8498223423957825
147,tonic,grad,0.3,47,13,0.9758842587471008
147,tonic,grad,0.3,47,14,0.8955075144767761
147,tonic,grad,0.3,47,15,0.657816469669342
147,tonic,grad,0.3,47,16,0.36856406927108765
147,tonic,grad,0.3,47,17,0.1268288493156433
147,tonic,grad,0.3,47,18,0.015193982981145382
147,tonic,grad,0.3,47,19,0.05258789658546448
147,tonic,grad,0.3,47,20,0.19163531064987183
147,tonic,grad,0.3,47,21,0.3344951868057251
147,tonic,grad,0.3,47,22,0.39818626642227173
147,tonic,grad,0.3,47,23,0.3486800789833069
147,tonic,grad,0.3,47,24,0.2280856966972351
147,tonic,nm,0.3,47,0,8.750897407531738
147,tonic,nm,0.3,47,1,8.218791007995605
147,tonic,nm,0.3,47,2,0.11913886666297913
147,tonic,nm,0.3,47,3,7.3352179527282715
147,tonic,nm,0.3,47,4,0.5096101760864258
147,tonic,nm,0.3,47,5,0.5665125250816345
147,tonic,nm,0.3,47,6,7.950450897216797
147,tonic,nm,0.3,47,7,2.4400835037231445
147,tonic,nm,0.3,47,8,2.835076093673706
147,tonic,nm,0.3,47,9,0.8188269138336182
147,tonic,nm,0.3,47,10,1.0630767345428467
147,tonic,nm,0.3,47,11,0.2902497351169586
147,tonic,nm,0.3,47,12,2.0712993144989014
147,tonic,nm,0.3,47,13,0.1251891851425171
147,tonic,nm,0.3,47,14,0.4727816581726074
147,tonic,nm,0.3,47,15,0.19906187057495117
147,tonic,nm,0.3,47,16,1.0868273973464966
147,tonic,nm,0.3,47,17,0.0913141518831253
147,tonic,nm,0.3,47,18,0.10220272094011307
147,tonic,nm,0.3,47,19,0.30578386783599854
147,tonic,nm,0.3,47,20,0.07344004511833191
147,tonic,nm,0.3,47,21,0.12217959761619568
147,tonic,nm,0.3,47,22,0.08485628664493561
147,tonic,nm,0.3,47,23,0.10845014452934265
147,tonic,nm,0.3,47,24,0.07804125547409058
148,tonic,grad,0.3,48,0,14.090665817260742
148,tonic,grad,0.3,48,1,7.125062942504883
148,tonic,grad,0.3,48,2,2.2960970401763916
148,tonic,grad,0.3,48,3,0.2753455340862274
148,tonic,grad,0.3,48,4,1.1504632234573364
148,tonic,grad,0.3,48,5,3.1101741790771484
148,tonic,grad,0.3,48,6,3.769550085067749
148,tonic,grad,0.3,48,7,2.9848520755767822
148,tonic,grad,0.3,48,8,1.6725904941558838
148,tonic,grad,0.3,48,9,0.6271442770957947
148,tonic,grad,0.3,48,10,0.16099350154399872
148,tonic,grad,0.3,48,11,0.23489968478679657
148,tonic,grad,0.3,48,12,0.6118042469024658
148,tonic,grad,0.3,48,13,1.0299713611602783
148,tonic,grad,0.3,48,14,1.3056262731552124
148,tonic,grad,0.3,48,15,1.3643959760665894
148,tonic,grad,0.3,48,16,1.2097036838531494
148,tonic,grad,0.3,48,17,0.915817141532898
148,tonic,grad,0.3,48,18,0.5704295635223389
148,tonic,grad,0.3,48,19,0.27377426624298096
148,tonic,grad,0.3,48,20,0.10665825754404068
148,tonic,grad,0.3,48,21,0.095065176486969
148,tonic,grad,0.3,48,22,0.21174675226211548
148,tonic,grad,0.3,48,23,0.3780590891838074
148,tonic,grad,0.3,48,24,0.4957844913005829
148,tonic,nm,0.3,48,0,14.090665817260742
148,tonic,nm,0.3,48,1,13.454428672790527
148,tonic,nm,0.3,48,2,0.9300243854522705
148,tonic,nm,0.3,48,3,12.189850807189941
148,tonic,nm,0.3,48,4,2.440814971923828
148,tonic,nm,0.3,48,5,0.36199426651000977
148,tonic,nm,0.3,48,6,1.7891212701797485
148,tonic,nm,0.3,48,7,4.800665378570557
148,tonic,nm,0.3,48,8,1.352017879486084
148,tonic,nm,0.3,48,9,3.1785974502563477
148,tonic,nm,0.3,48,10,1.0659509897232056
148,tonic,nm,0.3,48,11,3.882018566131592
148,tonic,nm,0.3,48,12,0.6002585887908936
148,tonic,nm,0.3,48,13,0.8436712026596069
148,tonic,nm,0.3,48,14,1.8973480463027954
148,tonic,nm,0.3,48,15,0.5570710301399231
148,tonic,nm,0.3,48,16,0.7012489438056946
148,tonic,nm,0.3,48,17,0.5170516967773438
148,tonic,nm,0.3,48,18,0.8680990934371948
148,tonic,nm,0.3,48,19,0.4757564663887024
148,tonic,nm,0.3,48,20,0.35007762908935547
148,tonic,nm,0.3,48,21,0.33860042691230774
148,tonic,nm,0.3,48,22,0.5835608839988708
148,tonic,nm,0.3,48,23,0.41842755675315857
148,tonic,nm,0.3,48,24,0.26797038316726685
149,tonic,grad,0.3,49,0,7.36309814453125
149,tonic,grad,0.3,49,1,2.9398155212402344
149,tonic,grad,0.3,49,2,0.7198908925056458
149,tonic,grad,0.3,49,3,0.06231997162103653
149,tonic,grad,0.3,49,4,0.3318031132221222
149,tonic,grad,0.3,49,5,0.9331263303756714
149,tonic,grad,0.3,49,6,1.4001351594924927
149,tonic,grad,0.3,49,7,1.558811068534851
149,tonic,grad,0.3,49,8,1.4464975595474243
149,tonic,grad,0.3,49,9,1.1643832921981812
149,tonic,grad,0.3,49,10,0.8263838291168213
149,tonic,grad,0.3,49,11,0.5016515851020813
149,tonic,grad,0.3,49,12,0.24959683418273926
149,tonic,grad,0.3,49,13,0.09043042361736298
149,tonic,grad,0.3,49,14,0.02359883300960064
149,tonic,grad,0.3,49,15,0.03334249183535576
149,tonic,grad,0.3,49,16,0.093185655772686
149,tonic,grad,0.3,49,17,0.1747121661901474
149,tonic,grad,0.3,49,18,0.2524130344390869
149,tonic,grad,0.3,49,19,0.3054238557815552
149,tonic,grad,0.3,49,20,0.32756245136260986
149,tonic,grad,0.3,49,21,0.31528687477111816
149,tonic,grad,0.3,49,22,0.27870652079582214
149,tonic,grad,0.3,49,23,0.22505821287631989
149,tonic,grad,0.3,49,24,0.16754291951656342
149,tonic,nm,0.3,49,0,7.36309814453125
149,tonic,nm,0.3,49,1,7.723166465759277
149,tonic,nm,0.3,49,2,33.43946075439453
149,tonic,nm,0.3,49,3,8.926411628723145
149,tonic,nm,0.3,49,4,0.07609906047582626
149,tonic,nm,0.3,49,5,1.9916150569915771
149,tonic,nm,0.3,49,6,0.4045118987560272
149,tonic,nm,0.3,49,7,0.4766708016395569
149,tonic,nm,0.3,49,8,2.3714985847473145
149,tonic,nm,0.3,49,9,2.4592175483703613
149,tonic,nm,0.3,49,10,0.16722211241722107
149,tonic,nm,0.3,49,11,0.2787926197052002
149,tonic,nm,0.3,49,12,3.132448434829712
149,tonic,nm,0.3,49,13,2.3037102222442627
149,tonic,nm,0.3,49,14,1.3966302871704102
149,tonic,nm,0.3,49,15,1.0138427019119263
149,tonic,nm,0.3,49,16,0.32984286546707153
149,tonic,nm,0.3,49,17,0.5553791522979736
149,tonic,nm,0.3,49,18,0.11586181819438934
149,tonic,nm,0.3,49,19,0.7216125726699829
149,tonic,nm,0.3,49,20,0.0859459787607193
149,tonic,nm,0.3,49,21,0.2464446723461151
149,tonic,nm,0.3,49,22,0.07812383025884628
149,tonic,nm,0.3,49,23,0.19184091687202454
149,tonic,nm,0.3,49,24,0.06053102761507034
150,tonic,grad,0.4,0,0,15.63503646850586
150,tonic,grad,0.4,0,1,8.82863712310791
150,tonic,grad,0.4,0,2,4.478397846221924
150,tonic,grad,0.4,0,3,2.005035400390625
150,tonic,grad,0.4,0,4,0.8910197615623474
150,tonic,grad,0.4,0,5,0.7105345726013184
150,tonic,grad,0.4,0,6,1.0802278518676758
150,tonic,grad,0.4,0,7,1.6462669372558594
150,tonic,grad,0.4,0,8,2.125511884689331
150,tonic,grad,0.4,0,9,2.371324062347412
150,tonic,grad,0.4,0,10,2.3796300888061523
150,tonic,grad,0.4,0,11,2.2028121948242188
150,tonic,grad,0.4,0,12,1.9015408754348755
150,tonic,grad,0.4,0,13,1.5568995475769043
150,tonic,grad,0.4,0,14,1.2101620435714722
150,tonic,grad,0.4,0,15,0.9056664109230042
150,tonic,grad,0.4,0,16,0.660195529460907
150,tonic,grad,0.4,0,17,0.48087945580482483
150,tonic,grad,0.4,0,18,0.3695295453071594
150,tonic,grad,0.4,0,19,0.3131833076477051
150,tonic,grad,0.4,0,20,0.30046936869621277
150,tonic,grad,0.4,0,21,0.3183036744594574
150,tonic,grad,0.4,0,22,0.3535928726196289
150,tonic,grad,0.4,0,23,0.39422959089279175
150,tonic,grad,0.4,0,24,0.4334983825683594
150,tonic,nm,0.4,0,0,15.63503646850586
150,tonic,nm,0.4,0,1,16.005155563354492
150,tonic,nm,0.4,0,2,49.286338806152344
150,tonic,nm,0.4,0,3,17.89963150024414
150,tonic,nm,0.4,0,4,1.2508798837661743
150,tonic,nm,0.4,0,5,0.07400845736265182
150,tonic,nm,0.4,0,6,1.1408225297927856
150,tonic,nm,0.4,0,7,0.18752314150333405
150,tonic,nm,0.4,0,8,0.12098546326160431
150,tonic,nm,0.4,0,9,0.02152922749519348
150,tonic,nm,0.4,0,10,0.02751704677939415
150,tonic,nm,0.4,0,11,0.04335548356175423
150,tonic,nm,0.4,0,12,0.026903921738266945
150,tonic,nm,0.4,0,13,0.09961848706007004
150,tonic,nm,0.4,0,14,0.037328168749809265
150,tonic,nm,0.4,0,15,0.00903382245451212
150,tonic,nm,0.4,0,16,0.01084583718329668
150,tonic,nm,0.4,0,17,0.017162591218948364
150,tonic,nm,0.4,0,18,0.016928141936659813
150,tonic,nm,0.4,0,19,0.0013534040190279484
150,tonic,nm,0.4,0,20,0.0072436206974089146
150,tonic,nm,0.4,0,21,0.05698971077799797
150,tonic,nm,0.4,0,22,0.005076317582279444
150,tonic,nm,0.4,0,23,0.011359743773937225
150,tonic,nm,0.4,0,24,0.004433729220181704
151,tonic,grad,0.4,1,0,46.385780334472656
151,tonic,grad,0.4,1,1,32.72898483276367
151,tonic,grad,0.4,1,2,20.498764038085938
151,tonic,grad,0.4,1,3,10.394144058227539
151,tonic,grad,0.4,1,4,3.325324058532715
151,tonic,grad,0.4,1,5,0.14491966366767883
151,tonic,grad,0.4,1,6,1.1261085271835327
151,tonic,grad,0.4,1,7,4.762699604034424
151,tonic,grad,0.4,1,8,8.028684616088867
151,tonic,grad,0.4,1,9,8.936883926391602
151,tonic,grad,0.4,1,10,7.619102954864502
151,tonic,grad,0.4,1,11,5.14576530456543
151,tonic,grad,0.4,1,12,2.662623643875122
151,tonic,grad,0.4,1,13,0.886204183101654
151,tonic,grad,0.4,1,14,0.07617390900850296
151,tonic,grad,0.4,1,15,0.135677307844162
151,tonic,grad,0.4,1,16,0.7521745562553406
151,tonic,grad,0.4,1,17,1.5532524585723877
151,tonic,grad,0.4,1,18,2.259997844696045
151,tonic,grad,0.4,1,19,2.683645248413086
151,tonic,grad,0.4,1,20,2.7410340309143066
151,tonic,grad,0.4,1,21,2.4795985221862793
151,tonic,grad,0.4,1,22,1.9719996452331543
151,tonic,grad,0.4,1,23,1.3343334197998047
151,tonic,grad,0.4,1,24,0.7266685366630554
151,tonic,nm,0.4,1,0,46.385780334472656
151,tonic,nm,0.4,1,1,44.81719207763672
151,tonic,nm,0.4,1,2,14.106987953186035
151,tonic,nm,0.4,1,3,43.37629699707031
151,tonic,nm,0.4,1,4,20.661500930786133
151,tonic,nm,0.4,1,5,10.123008728027344
151,tonic,nm,0.4,1,6,3.9468302726745605
151,tonic,nm,0.4,1,7,0.282260000705719
151,tonic,nm,0.4,1,8,3.6721367835998535
151,tonic,nm,0.4,1,9,0.5669934749603271
151,tonic,nm,0.4,1,10,7.5532941818237305
151,tonic,nm,0.4,1,11,1.9785659313201904
151,tonic,nm,0.4,1,12,9.719820976257324
151,tonic,nm,0.4,1,13,0.9435341954231262
151,tonic,nm,0.4,1,14,3.155256986618042
151,tonic,nm,0.4,1,15,0.6580284833908081
151,tonic,nm,0.4,1,16,2.821699380874634
151,tonic,nm,0.4,1,17,0.291422039270401
151,tonic,nm,0.4,1,18,0.7620547413825989
151,tonic,nm,0.4,1,19,0.33333373069763184
151,tonic,nm,0.4,1,20,0.7126609086990356
151,tonic,nm,0.4,1,21,0.2919733226299286
151,tonic,nm,0.4,1,22,0.5870439410209656
151,tonic,nm,0.4,1,23,0.21077001094818115
151,tonic,nm,0.4,1,24,0.5408788323402405
152,tonic,grad,0.4,2,0,13.403210639953613
152,tonic,grad,0.4,2,1,7.296189785003662
152,tonic,grad,0.4,2,2,3.589949607849121
152,tonic,grad,0.4,2,3,1.6891130208969116
152,tonic,grad,0.4,2,4,1.0550944805145264
152,tonic,grad,0.4,2,5,1.2122492790222168
152,tonic,grad,0.4,2,6,1.7312161922454834
152,tonic,grad,0.4,2,7,2.244737386703491
152,tonic,grad,0.4,2,8,2.5398266315460205
152,tonic,grad,0.4,2,9,2.573174476623535
152,tonic,grad,0.4,2,10,2.386537790298462
152,tonic,grad,0.4,2,11,2.071763515472412
152,tonic,grad,0.4,2,12,1.701119303703308
152,tonic,grad,0.4,2,13,1.338532567024231
152,tonic,grad,0.4,2,14,1.0228816270828247
152,tonic,grad,0.4,2,15,0.7745426297187805
152,tonic,grad,0.4,2,16,0.600610613822937
152,tonic,grad,0.4,2,17,0.4990122616291046
152,tonic,grad,0.4,2,18,0.4534315764904022
152,tonic,grad,0.4,2,19,0.44927164912223816
152,tonic,grad,0.4,2,20,0.47086361050605774
152,tonic,grad,0.4,2,21,0.5038864612579346
152,tonic,grad,0.4,2,22,0.538629412651062
152,tonic,grad,0.4,2,23,0.5662902593612671
152,tonic,grad,0.4,2,24,0.5819281935691833
152,tonic,nm,0.4,2,0,13.403210639953613
152,tonic,nm,0.4,2,1,13.734171867370605
152,tonic,nm,0.4,2,2,45.064598083496094
152,tonic,nm,0.4,2,3,15.43112564086914
152,tonic,nm,0.4,2,4,0.8237000703811646
152,tonic,nm,0.4,2,5,0.4400533437728882
152,tonic,nm,0.4,2,6,0.8492464423179626
152,tonic,nm,0.4,2,7,0.7032359838485718
152,tonic,nm,0.4,2,8,0.5327246785163879
152,tonic,nm,0.4,2,9,0.24511580169200897
152,tonic,nm,0.4,2,10,0.11958396434783936
152,tonic,nm,0.4,2,11,0.13491469621658325
152,tonic,nm,0.4,2,12,0.04460584744811058
152,tonic,nm,0.4,2,13,0.024645386263728142
152,tonic,nm,0.4,2,14,0.09318968653678894
152,tonic,nm,0.4,2,15,0.0845542699098587
152,tonic,nm,0.4,2,16,0.3879106342792511
152,tonic,nm,0.4,2,17,0.03494592010974884
152,tonic,nm,0.4,2,18,0.018530026078224182
152,tonic,nm,0.4,2,19,0.05240580812096596
152,tonic,nm,0.4,2,20,0.17316730320453644
152,tonic,nm,0.4,2,21,0.03508606180548668
152,tonic,nm,0.4,2,22,0.07967168837785721
152,tonic,nm,0.4,2,23,0.020640689879655838
152,tonic,nm,0.4,2,24,0.019623370841145515
153,tonic,grad,0.4,3,0,24.92493438720703
153,tonic,grad,0.4,3,1,15.91488265991211
153,tonic,grad,0.4,3,2,9.527512550354004
153,tonic,grad,0.4,3,3,5.201655387878418
153,tonic,grad,0.4,3,4,2.453702449798584
153,tonic,grad,0.4,3,5,0.9149588942527771
153,tonic,grad,0.4,3,6,0.28494879603385925
153,tonic,grad,0.4,3,7,0.3027847111225128
153,tonic,grad,0.4,3,8,0.6907193660736084
153,tonic,grad,0.4,3,9,1.1789909601211548
153,tonic,grad,0.4,3,10,1.5746325254440308
153,tonic,grad,0.4,3,11,1.8028801679611206
153,tonic,grad,0.4,3,12,1.854349136352539
153,tonic,grad,0.4,3,13,1.7667787075042725
153,tonic,grad,0.4,3,14,1.5805292129516602
153,tonic,grad,0.4,3,15,1.3526877164840698
153,tonic,grad,0.4,3,16,1.107622504234314
153,tonic,grad,0.4,3,17,0.8736853003501892
153,tonic,grad,0.4,3,18,0.6695194244384766
153,tonic,grad,0.4,3,19,0.49843356013298035
153,tonic,grad,0.4,3,20,0.36043986678123474
153,tonic,grad,0.4,3,21,0.25704121589660645
153,tonic,grad,0.4,3,22,0.18015845119953156
153,tonic,grad,0.4,3,23,0.12852045893669128
153,tonic,grad,0.4,3,24,0.09594728797674179
153,tonic,nm,0.4,3,0,24.92493438720703
153,tonic,nm,0.4,3,1,25.426450729370117
153,tonic,nm,0.4,3,2,64.82980346679688
153,tonic,nm,0.4,3,3,27.933378219604492
153,tonic,nm,0.4,3,4,4.8747477531433105
153,tonic,nm,0.4,3,5,1.2067121267318726
153,tonic,nm,0.4,3,6,4.31646728515625
153,tonic,nm,0.4,3,7,0.8438802361488342
153,tonic,nm,0.4,3,8,0.8885933756828308
153,tonic,nm,0.4,3,9,1.0896893739700317
153,tonic,nm,0.4,3,10,1.618693232536316
153,tonic,nm,0.4,3,11,1.3679801225662231
153,tonic,nm,0.4,3,12,0.746414303779602
153,tonic,nm,0.4,3,13,0.5747299194335938
153,tonic,nm,0.4,3,14,0.504298746585846
153,tonic,nm,0.4,3,15,0.32959750294685364
153,tonic,nm,0.4,3,16,0.20345933735370636
153,tonic,nm,0.4,3,17,0.07709932327270508
153,tonic,nm,0.4,3,18,0.027082474902272224
153,tonic,nm,0.4,3,19,0.090841144323349
153,tonic,nm,0.4,3,20,0.10237123817205429
153,tonic,nm,0.4,3,21,0.4877622723579407
153,tonic,nm,0.4,3,22,0.13296133279800415
153,tonic,nm,0.4,3,23,0.1834205985069275
153,tonic,nm,0.4,3,24,0.06361298263072968
154,tonic,grad,0.4,4,0,27.6119384765625
154,tonic,grad,0.4,4,1,18.068897247314453
154,tonic,grad,0.4,4,2,11.201921463012695
154,tonic,grad,0.4,4,3,6.437364101409912
154,tonic,grad,0.4,4,4,3.304677724838257
154,tonic,grad,0.4,4,5,1.4204695224761963
154,tonic,grad,0.4,4,6,0.48589298129081726
154,tonic,grad,0.4,4,7,0.2639440596103668
154,tonic,grad,0.4,4,8,0.5170279741287231
154,tonic,grad,0.4,4,9,0.9969744682312012
154,tonic,grad,0.4,4,10,1.4848140478134155
154,tonic,grad,0.4,4,11,1.8439873456954956
154,tonic,grad,0.4,4,12,2.022482395172119
154,tonic,grad,0.4,4,13,2.0281083583831787
154,tonic,grad,0.4,4,14,1.9047874212265015
154,tonic,grad,0.4,4,15,1.6997541189193726
154,tonic,grad,0.4,4,16,1.449075698852539
154,tonic,grad,0.4,4,17,1.1893436908721924
154,tonic,grad,0.4,4,18,0.9471874237060547
154,tonic,grad,0.4,4,19,0.73408043384552
154,tonic,grad,0.4,4,20,0.5637199282646179
154,tonic,grad,0.4,4,21,0.4304843246936798
154,tonic,grad,0.4,4,22,0.3328617215156555
154,tonic,grad,0.4,4,23,0.2671765983104706
154,tonic,grad,0.4,4,24,0.22403454780578613
154,tonic,nm,0.4,4,0,27.6119384765625
154,tonic,nm,0.4,4,1,28.124832153320312
154,tonic,nm,0.4,4,2,69.23271179199219
154,tonic,nm,0.4,4,3,30.76258659362793
154,tonic,nm,0.4,4,4,5.949018955230713
154,tonic,nm,0.4,4,5,1.5789417028427124
154,tonic,nm,0.4,4,6,5.3803229331970215
154,tonic,nm,0.4,4,7,1.1366740465164185
154,tonic,nm,0.4,4,8,1.180855393409729
154,tonic,nm,0.4,4,9,1.477412462234497
154,tonic,nm,0.4,4,10,2.043513059616089
154,tonic,nm,0.4,4,11,1.7629319429397583
154,tonic,nm,0.4,4,12,1.053360104560852
154,tonic,nm,0.4,4,13,0.8519057035446167
154,tonic,nm,0.4,4,14,0.7718300819396973
154,tonic,nm,0.4,4,15,0.5611656308174133
154,tonic,nm,0.4,4,16,0.34204229712486267
154,tonic,nm,0.4,4,17,0.12365798652172089
154,tonic,nm,0.4,4,18,0.10754983872175217
154,tonic,nm,0.4,4,19,0.09845906496047974
154,tonic,nm,0.4,4,20,0.1756536364555359
154,tonic,nm,0.4,4,21,0.919062614440918
154,tonic,nm,0.4,4,22,0.2242874652147293
154,tonic,nm,0.4,4,23,0.3328895568847656
154,tonic,nm,0.4,4,24,0.10444004833698273
155,tonic,grad,0.4,5,0,11.245524406433105
155,tonic,grad,0.4,5,1,5.109737873077393
155,tonic,grad,0.4,5,2,1.1805540323257446
155,tonic,grad,0.4,5,3,0.04968652129173279
155,tonic,grad,0.4,5,4,1.405410885810852
155,tonic,grad,0.4,5,5,2.9289870262145996
155,tonic,grad,0.4,5,6,2.944711685180664
155,tonic,grad,0.4,5,7,1.944331407546997
155,tonic,grad,0.4,5,8,0.8167915940284729
155,tonic,grad,0.4,5,9,0.13690653443336487
155,tonic,grad,0.4,5,10,0.02283046953380108
155,tonic,grad,0.4,5,11,0.30185607075691223
155,tonic,grad,0.4,5,12,0.7041081190109253
155,tonic,grad,0.4,5,13,1.0153262615203857
155,tonic,grad,0.4,5,14,1.1193037033081055
155,tonic,grad,0.4,5,15,1.0142436027526855
155,tonic,grad,0.4,5,16,0.7556799054145813
155,tonic,grad,0.4,5,17,0.43641433119773865
155,tonic,grad,0.4,5,18,0.16503113508224487
155,tonic,grad,0.4,5,19,0.016351142898201942
155,tonic,grad,0.4,5,20,0.024062441661953926
155,tonic,grad,0.4,5,21,0.15336070954799652
155,tonic,grad,0.4,5,22,0.3147905766963959
155,tonic,grad,0.4,5,23,0.4119923710823059
155,tonic,grad,0.4,5,24,0.405683308839798
155,tonic,nm,0.4,5,0,11.245524406433105
155,tonic,nm,0.4,5,1,10.629073143005371
155,tonic,nm,0.4,5,2,0.2537609934806824
155,tonic,nm,0.4,5,3,9.626728057861328
155,tonic,nm,0.4,5,4,1.242397427558899
155,tonic,nm,0.4,5,5,0.2002994269132614
155,tonic,nm,0.4,5,6,2.491570472717285
155,tonic,nm,0.4,5,7,6.023824214935303
155,tonic,nm,0.4,5,8,1.7805068492889404
155,tonic,nm,0.4,5,9,3.8437132835388184
155,tonic,nm,0.4,5,10,0.5154038071632385
155,tonic,nm,0.4,5,11,2.509251117706299
155,tonic,nm,0.4,5,12,0.3981722891330719
155,tonic,nm,0.4,5,13,0.9346815943717957
155,tonic,nm,0.4,5,14,0.22305521368980408
155,tonic,nm,0.4,5,15,0.7499426007270813
155,tonic,nm,0.4,5,16,0.19213233888149261
155,tonic,nm,0.4,5,17,0.3168446719646454
155,tonic,nm,0.4,5,18,0.1647762805223465
155,tonic,nm,0.4,5,19,0.19593212008476257
155,tonic,nm,0.4,5,20,0.7756030559539795
155,tonic,nm,0.4,5,21,0.11288260668516159
155,tonic,nm,0.4,5,22,0.17100544273853302
155,tonic,nm,0.4,5,23,0.26781901717185974
155,tonic,nm,0.4,5,24,0.14661960303783417
156,tonic,grad,0.4,6,0,28.824081420898438
156,tonic,grad,0.4,6,1,18.38544464111328
156,tonic,grad,0.4,6,2,9.674409866333008
156,tonic,grad,0.4,6,3,3.4266180992126465
156,tonic,grad,0.4,6,4,0.4091382920742035
156,tonic,grad,0.4,6,5,0.9732703566551208
156,tonic,grad,0.4,6,6,3.855433464050293
156,tonic,grad,0.4,6,7,6.195793628692627
156,tonic,grad,0.4,6,8,6.433425426483154
156,tonic,grad,0.4,6,9,5.005080699920654
156,tonic,grad,0.4,6,10,3.0179502964019775
156,tonic,grad,0.4,6,11,1.3532482385635376
156,tonic,grad,0.4,6,12,0.4554198384284973
156,tonic,grad,0.4,6,13,0.3369237780570984
156,tonic,grad,0.4,6,14,0.7599196434020996
156,tonic,grad,0.4,6,15,1.395589828491211
156,tonic,grad,0.4,6,16,1.964864730834961
156,tonic,grad,0.4,6,17,2.295450448989868
156,tonic,grad,0.4,6,18,2.3241281509399414
156,tonic,grad,0.4,6,19,2.0757522583007812
156,tonic,grad,0.4,6,20,1.6357150077819824
156,tonic,grad,0.4,6,21,1.1301119327545166
156,tonic,grad,0.4,6,22,0.6732667684555054
156,tonic,grad,0.4,6,23,0.38134926557540894
156,tonic,grad,0.4,6,24,0.30881252884864807
156,tonic,nm,0.4,6,0,28.824081420898438
156,tonic,nm,0.4,6,1,27.54106330871582
156,tonic,nm,0.4,6,2,5.28204870223999
156,tonic,nm,0.4,6,3,26.636316299438477
156,tonic,nm,0.4,6,4,9.650588035583496
156,tonic,nm,0.4,6,5,3.1092159748077393
156,tonic,nm,0.4,6,6,0.40900614857673645
156,tonic,nm,0.4,6,7,1.3971174955368042
156,tonic,nm,0.4,6,8,4.15455961227417
156,tonic,nm,0.4,6,9,17.288806915283203
156,tonic,nm,0.4,6,10,0.9821797013282776
156,tonic,nm,0.4,6,11,5.011770725250244
156,tonic,nm,0.4,6,12,1.3239500522613525
156,tonic,nm,0.4,6,13,2.2166850566864014
156,tonic,nm,0.4,6,14,0.43692561984062195
156,tonic,nm,0.4,6,15,3.0017166137695312
156,tonic,nm,0.4,6,16,0.33672183752059937
156,tonic,nm,0.4,6,17,2.100925922393799
156,tonic,nm,0.4,6,18,0.2728463411331177
156,tonic,nm,0.4,6,19,1.0343354940414429
156,tonic,nm,0.4,6,20,0.13689331710338593
156,tonic,nm,0.4,6,21,0.5803910493850708
156,tonic,nm,0.4,6,22,0.15204966068267822
156,tonic,nm,0.4,6,23,0.7540366053581238
156,tonic,nm,0.4,6,24,0.11286640167236328
157,tonic,grad,0.4,7,0,55.3289909362793
157,tonic,grad,0.4,7,1,40.32817840576172
157,tonic,grad,0.4,7,2,26.613479614257812
157,tonic,grad,0.4,7,3,14.859528541564941
157,tonic,grad,0.4,7,4,5.960609436035156
157,tonic,grad,0.4,7,5,0.9064697027206421
157,tonic,grad,0.4,7,6,0.3082698881626129
157,tonic,grad,0.4,7,7,3.448721408843994
157,tonic,grad,0.4,7,8,7.64097261428833
157,tonic,grad,0.4,7,9,10.046335220336914
157,tonic,grad,0.4,7,10,9.807611465454102
157,tonic,grad,0.4,7,11,7.658248424530029
157,tonic,grad,0.4,7,12,4.800195693969727
157,tonic,grad,0.4,7,13,2.2651638984680176
157,tonic,grad,0.4,7,14,0.6264649033546448
157,tonic,grad,0.4,7,15,0.039188191294670105
157,tonic,grad,0.4,7,16,0.30950650572776794
157,tonic,grad,0.4,7,17,1.0705909729003906
157,tonic,grad,0.4,7,18,1.9590163230895996
157,tonic,grad,0.4,7,19,2.6706342697143555
157,tonic,grad,0.4,7,20,3.0621497631073
157,tonic,grad,0.4,7,21,3.068871021270752
157,tonic,grad,0.4,7,22,2.727602243423462
157,tonic,grad,0.4,7,23,2.1381964683532715
157,tonic,grad,0.4,7,24,1.4389734268188477
157,tonic,nm,0.4,7,0,55.3289909362793
157,tonic,nm,0.4,7,1,53.508583068847656
157,tonic,nm,0.4,7,2,19.1479434967041
157,tonic,nm,0.4,7,3,52.16659927368164
157,tonic,nm,0.4,7,4,26.741901397705078
157,tonic,nm,0.4,7,5,14.564440727233887
157,tonic,nm,0.4,7,6,6.874894142150879
157,tonic,nm,0.4,7,7,0.9336050152778625
157,tonic,nm,0.4,7,8,1.6323529481887817
157,tonic,nm,0.4,7,9,0.11856307089328766
157,tonic,nm,0.4,7,10,3.0135607719421387
157,tonic,nm,0.4,7,11,4.33461856842041
157,tonic,nm,0.4,7,12,11.283089637756348
157,tonic,nm,0.4,7,13,1.9297987222671509
157,tonic,nm,0.4,7,14,12.76305103302002
157,tonic,nm,0.4,7,15,0.8410961031913757
157,tonic,nm,0.4,7,16,1.8806484937667847
157,tonic,nm,0.4,7,17,0.7087184190750122
157,tonic,nm,0.4,7,18,4.035762786865234
157,tonic,nm,0.4,7,19,0.21395334601402283
157,tonic,nm,0.4,7,20,0.570054292678833
157,tonic,nm,0.4,7,21,2.081238269805908
157,tonic,nm,0.4,7,22,0.23450122773647308
157,tonic,nm,0.4,7,23,0.4058045744895935
157,tonic,nm,0.4,7,24,0.20050325989723206
158,tonic,grad,0.4,8,0,18.921375274658203
158,tonic,grad,0.4,8,1,11.266510009765625
158,tonic,grad,0.4,8,2,6.138124465942383
158,tonic,grad,0.4,8,3,2.9636967182159424
158,tonic,grad,0.4,8,4,1.2459839582443237
158,tonic,grad,0.4,8,5,0.5821320414543152
158,tonic,grad,0.4,8,6,0.6367543935775757
158,tonic,grad,0.4,8,7,1.094035029411316
158,tonic,grad,0.4,8,8,1.6585770845413208
158,tonic,grad,0.4,8,9,2.104252815246582
158,tonic,grad,0.4,8,10,2.3330671787261963
158,tonic,grad,0.4,8,11,2.3482422828674316
158,tonic,grad,0.4,8,12,2.1870319843292236
158,tonic,grad,0.4,8,13,1.909840703010559
158,tonic,grad,0.4,8,14,1.5870906114578247
158,tonic,grad,0.4,8,15,1.2574702501296997
158,tonic,grad,0.4,8,16,0.9565795660018921
158,tonic,grad,0.4,8,17,0.708324134349823
158,tonic,grad,0.4,8,18,0.5160780549049377
158,tonic,grad,0.4,8,19,0.3818674087524414
158,tonic,grad,0.4,8,20,0.30250704288482666
158,tonic,grad,0.4,8,21,0.26807788014411926
158,tonic,grad,0.4,8,22,0.26683956384658813
158,tonic,grad,0.4,8,23,0.28915488719940186
158,tonic,grad,0.4,8,24,0.32464733719825745
158,tonic,nm,0.4,8,0,18.921375274658203
158,tonic,nm,0.4,8,1,19.33568000793457
158,tonic,nm,0.4,8,2,55.06512451171875
158,tonic,nm,0.4,8,3,21.45464324951172
158,tonic,nm,0.4,8,4,2.254812479019165
158,tonic,nm,0.4,8,5,0.07736709713935852
158,tonic,nm,0.4,8,6,2.0124480724334717
158,tonic,nm,0.4,8,7,0.02215382643043995
158,tonic,nm,0.4,8,8,0.019930165261030197
158,tonic,nm,0.4,8,9,0.08247049897909164
158,tonic,nm,0.4,8,10,0.1920827478170395
158,tonic,nm,0.4,8,11,0.11875197291374207
158,tonic,nm,0.4,8,12,0.03940081596374512
158,tonic,nm,0.4,8,13,0.011780425906181335
158,tonic,nm,0.4,8,14,0.010220290161669254
158,tonic,nm,0.4,8,15,0.0750623568892479
158,tonic,nm,0.4,8,16,0.03561510145664215
158,tonic,nm,0.4,8,17,0.010762476362287998
158,tonic,nm,0.4,8,18,0.0058344206772744656
158,tonic,nm,0.4,8,19,0.02089792862534523
158,tonic,nm,0.4,8,20,0.020915355533361435
158,tonic,nm,0.4,8,21,0.008543511852622032
158,tonic,nm,0.4,8,22,0.025347108021378517
158,tonic,nm,0.4,8,23,0.004417359363287687
158,tonic,nm,0.4,8,24,0.009733176790177822
159,tonic,grad,0.4,9,0,5.497237682342529
159,tonic,grad,0.4,9,1,1.5849900245666504
159,tonic,grad,0.4,9,2,0.05239679291844368
159,tonic,grad,0.4,9,3,0.8649460077285767
159,tonic,grad,0.4,9,4,1.8861106634140015
159,tonic,grad,0.4,9,5,1.6667619943618774
159,tonic,grad,0.4,9,6,0.8458635210990906
159,tonic,grad,0.4,9,7,0.21386992931365967
159,tonic,grad,0.4,9,8,0.053748056292533875
159,tonic,grad,0.4,9,9,0.2658576965332031
159,tonic,grad,0.4,9,10,0.5829097628593445
159,tonic,grad,0.4,9,11,0.7788164019584656
159,tonic,grad,0.4,9,12,0.7697590589523315
159,tonic,grad,0.4,9,13,0.586954653263092
159,tonic,grad,0.4,9,14,0.33260852098464966
159,tonic,grad,0.4,9,15,0.12444525957107544
159,tonic,grad,0.4,9,16,0.048358190804719925
159,tonic,grad,0.4,9,17,0.116395965218544
159,tonic,grad,0.4,9,18,0.2568787932395935
159,tonic,grad,0.4,9,19,0.3614685535430908
159,tonic,grad,0.4,9,20,0.35581570863723755
159,tonic,grad,0.4,9,21,0.25593140721321106
159,tonic,grad,0.4,9,22,0.13053295016288757
159,tonic,grad,0.4,9,23,0.049174293875694275
159,tonic,grad,0.4,9,24,0.04313279688358307
159,tonic,nm,0.4,9,0,5.497237682342529
159,tonic,nm,0.4,9,1,5.05897855758667
159,tonic,nm,0.4,9,2,0.5757313966751099
159,tonic,nm,0.4,9,3,4.445461273193359
159,tonic,nm,0.4,9,4,0.031635161489248276
159,tonic,nm,0.4,9,5,0.49272212386131287
159,tonic,nm,0.4,9,6,1.8431618213653564
159,tonic,nm,0.4,9,7,11.649433135986328
159,tonic,nm,0.4,9,8,0.9323974847793579
159,tonic,nm,0.4,9,9,2.2364838123321533
159,tonic,nm,0.4,9,10,0.5938140153884888
159,tonic,nm,0.4,9,11,3.5237619876861572
159,tonic,nm,0.4,9,12,0.1644010990858078
159,tonic,nm,0.4,9,13,0.2931874692440033
159,tonic,nm,0.4,9,14,1.9018490314483643
159,tonic,nm,0.4,9,15,0.12024203687906265
159,tonic,nm,0.4,9,16,0.24476031959056854
159,tonic,nm,0.4,9,17,0.09790889173746109
159,tonic,nm,0.4,9,18,0.4667957127094269
159,tonic,nm,0.4,9,19,0.054857730865478516
159,tonic,nm,0.4,9,20,0.12663453817367554
159,tonic,nm,0.4,9,21,0.06334510445594788
159,tonic,nm,0.4,9,22,0.09102319180965424
159,tonic,nm,0.4,9,23,0.050464026629924774
159,tonic,nm,0.4,9,24,0.20786432921886444
160,tonic,grad,0.4,10,0,10.64626407623291
160,tonic,grad,0.4,10,1,5.277018070220947
160,tonic,grad,0.4,10,2,2.227362632751465
160,tonic,grad,0.4,10,3,0.8914424180984497
160,tonic,grad,0.4,10,4,0.6906870007514954
160,tonic,grad,0.4,10,5,1.1044703722000122
160,tonic,grad,0.4,10,6,1.6710163354873657
160,tonic,grad,0.4,10,7,2.0650641918182373
160,tonic,grad,0.4,10,8,2.172056198120117
160,tonic,grad,0.4,10,9,2.0330417156219482
160,tonic,grad,0.4,10,10,1.7368944883346558
160,tonic,grad,0.4,10,11,1.3681710958480835
160,tonic,grad,0.4,10,12,1.0022640228271484
160,tonic,grad,0.4,10,13,0.6939857006072998
160,tonic,grad,0.4,10,14,0.4647921919822693
160,tonic,grad,0.4,10,15,0.31623026728630066
160,tonic,grad,0.4,10,16,0.24282746016979218
160,tonic,grad,0.4,10,17,0.22772756218910217
160,tonic,grad,0.4,10,18,0.25015974044799805
160,tonic,grad,0.4,10,19,0.2927621603012085
160,tonic,grad,0.4,10,20,0.3379959464073181
160,tonic,grad,0.4,10,21,0.37619295716285706
160,tonic,grad,0.4,10,22,0.39807796478271484
160,tonic,grad,0.4,10,23,0.40437838435173035
160,tonic,grad,0.4,10,24,0.3932994306087494
160,tonic,nm,0.4,10,0,10.64626407623291
160,tonic,nm,0.4,10,1,10.992483139038086
160,tonic,nm,0.4,10,2,39.95279312133789
160,tonic,nm,0.4,10,3,12.443320274353027
160,tonic,nm,0.4,10,4,0.2762964963912964
160,tonic,nm,0.4,10,5,0.8550199866294861
160,tonic,nm,0.4,10,6,1.5103518962860107
160,tonic,nm,0.4,10,7,0.19975022971630096
160,tonic,nm,0.4,10,8,1.4542696475982666
160,tonic,nm,0.4,10,9,1.2338981628417969
160,tonic,nm,0.4,10,10,0.8001071214675903
160,tonic,nm,0.4,10,11,0.46934542059898376
160,tonic,nm,0.4,10,12,2.1761975288391113
160,tonic,nm,0.4,10,13,0.2342008650302887
160,tonic,nm,0.4,10,14,0.7131271362304688
160,tonic,nm,0.4,10,15,0.21486617624759674
160,tonic,nm,0.4,10,16,0.3540394604206085
160,tonic,nm,0.4,10,17,0.16561074554920197
160,tonic,nm,0.4,10,18,0.574421226978302
160,tonic,nm,0.4,10,19,0.1347975730895996
160,tonic,nm,0.4,10,20,0.3594000041484833
160,tonic,nm,0.4,10,21,0.14552174508571625
160,tonic,nm,0.4,10,22,0.15311199426651
160,tonic,nm,0.4,10,23,0.06764871627092361
160,tonic,nm,0.4,10,24,0.055250801146030426
161,tonic,grad,0.4,11,0,38.98790740966797
161,tonic,grad,0.4,11,1,27.471088409423828
161,tonic,grad,0.4,11,2,18.78717803955078
161,tonic,grad,0.4,11,3,12.35886001586914
161,tonic,grad,0.4,11,4,7.710223197937012
161,tonic,grad,0.4,11,5,4.461848735809326
161,tonic,grad,0.4,11,6,2.3260531425476074
161,tonic,grad,0.4,11,7,1.0879548788070679
161,tonic,grad,0.4,11,8,0.5606493353843689
161,tonic,grad,0.4,11,9,0.5481852293014526
161,tonic,grad,0.4,11,10,0.8314468264579773
161,tonic,grad,0.4,11,11,1.2009766101837158
161,tonic,grad,0.4,11,12,1.511437177658081
161,tonic,grad,0.4,11,13,1.6898510456085205
161,tonic,grad,0.4,11,14,1.7301788330078125
161,tonic,grad,0.4,11,15,1.651542067527771
161,tonic,grad,0.4,11,16,1.4818294048309326
161,tonic,grad,0.4,11,17,1.2627490758895874
161,tonic,grad,0.4,11,18,1.0295119285583496
161,tonic,grad,0.4,11,19,0.8039299249649048
161,tonic,grad,0.4,11,20,0.6075493693351746
161,tonic,grad,0.4,11,21,0.4513743221759796
161,tonic,grad,0.4,11,22,0.3285883665084839
161,tonic,grad,0.4,11,23,0.2451879233121872
161,tonic,grad,0.4,11,24,0.18737825751304626
161,tonic,nm,0.4,11,0,38.98790740966797
161,tonic,nm,0.4,11,1,39.594120025634766
161,tonic,nm,0.4,11,2,86.36856079101562
161,tonic,nm,0.4,11,3,42.78221130371094
161,tonic,nm,0.4,11,4,12.06010627746582
161,tonic,nm,0.4,11,5,5.380782604217529
161,tonic,nm,0.4,11,6,11.150094985961914
161,tonic,nm,0.4,11,7,4.539172172546387
161,tonic,nm,0.4,11,8,4.63251256942749
161,tonic,nm,0.4,11,9,5.163450717926025
161,tonic,nm,0.4,11,10,6.221796035766602
161,tonic,nm,0.4,11,11,5.719216346740723
161,tonic,nm,0.4,11,12,4.345498085021973
161,tonic,nm,0.4,11,13,3.9124410152435303
161,tonic,nm,0.4,11,14,3.7274789810180664
161,tonic,nm,0.4,11,15,3.2156341075897217
161,tonic,nm,0.4,11,16,2.690180778503418
161,tonic,nm,0.4,11,17,1.969523310661316
161,tonic,nm,0.4,11,18,1.6939165592193604
161,tonic,nm,0.4,11,19,0.99992835521698
161,tonic,nm,0.4,11,20,0.5655156970024109
161,tonic,nm,0.4,11,21,0.0958162248134613
161,tonic,nm,0.4,11,22,0.08780979365110397
161,tonic,nm,0.4,11,23,1.376922369003296
161,tonic,nm,0.4,11,24,1.0842618942260742
162,tonic,grad,0.4,12,0,0.26763713359832764
162,tonic,grad,0.4,12,1,0.37671345472335815
162,tonic,grad,0.4,12,2,0.25878700613975525
162,tonic,grad,0.4,12,3,0.052092455327510834
162,tonic,grad,0.4,12,4,0.11941469460725784
162,tonic,grad,0.4,12,5,0.18497255444526672
162,tonic,grad,0.4,12,6,0.0987350195646286
162,tonic,grad,0.4,12,7,0.022546833381056786
162,tonic,grad,0.4,12,8,0.0403335802257061
162,tonic,grad,0.4,12,9,0.0860520675778389
162,tonic,grad,0.4,12,10,0.08620011806488037
162,tonic,grad,0.4,12,11,0.044205013662576675
162,tonic,grad,0.4,12,12,0.010134038515388966
162,tonic,grad,0.4,12,13,0.01438568439334631
162,tonic,grad,0.4,12,14,0.03943897411227226
162,tonic,grad,0.4,12,15,0.047650761902332306
162,tonic,grad,0.4,12,16,0.030895758420228958
162,tonic,grad,0.4,12,17,0.01023212168365717
162,tonic,grad,0.4,12,18,0.006681892089545727
162,tonic,grad,0.4,12,19,0.017889929935336113
162,tonic,grad,0.4,12,20,0.028168193995952606
162,tonic,grad,0.4,12,21,0.02536841109395027
162,tonic,grad,0.4,12,22,0.01409874390810728
162,tonic,grad,0.4,12,23,0.005625059828162193
162,tonic,grad,0.4,12,24,0.007520077284425497
162,tonic,nm,0.4,12,0,0.26763713359832764
162,tonic,nm,0.4,12,1,0.32964378595352173
162,tonic,nm,0.4,12,2,12.599592208862305
162,tonic,nm,0.4,12,3,0.5597048401832581
162,tonic,nm,0.4,12,4,5.67690896987915
162,tonic,nm,0.4,12,5,1.3331137895584106
162,tonic,nm,0.4,12,6,5.375608921051025
162,tonic,nm,0.4,12,7,0.20516939461231232
162,tonic,nm,0.4,12,8,0.1953161209821701
162,tonic,nm,0.4,12,9,0.6217787265777588
162,tonic,nm,0.4,12,10,0.6015141010284424
162,tonic,nm,0.4,12,11,0.11581166088581085
162,tonic,nm,0.4,12,12,0.6608770489692688
162,tonic,nm,0.4,12,13,0.08651497215032578
162,tonic,nm,0.4,12,14,0.3506926894187927
162,tonic,nm,0.4,12,15,0.08486326038837433
162,tonic,nm,0.4,12,16,0.28344422578811646
162,tonic,nm,0.4,12,17,0.08514122664928436
162,tonic,nm,0.4,12,18,0.20638108253479004
162,tonic,nm,0.4,12,19,0.060148272663354874
162,tonic,nm,0.4,12,20,0.1832359880208969
162,tonic,nm,0.4,12,21,0.050954826176166534
162,tonic,nm,0.4,12,22,0.052686139941215515
162,tonic,nm,0.4,12,23,0.2695370614528656
162,tonic,nm,0.4,12,24,0.04086540266871452
163,tonic,grad,0.4,13,0,25.469858169555664
163,tonic,grad,0.4,13,1,15.654169082641602
163,tonic,grad,0.4,13,2,7.65867805480957
163,tonic,grad,0.4,13,3,2.229889392852783
163,tonic,grad,0.4,13,4,0.07807846367359161
163,tonic,grad,0.4,13,5,1.3000664710998535
163,tonic,grad,0.4,13,6,4.088841438293457
163,tonic,grad,0.4,13,7,5.680388927459717
163,tonic,grad,0.4,13,8,5.265364170074463
163,tonic,grad,0.4,13,9,3.6499505043029785
163,tonic,grad,0.4,13,10,1.8503092527389526
163,tonic,grad,0.4,13,11,0.5802420377731323
163,tonic,grad,0.4,13,12,0.06910388171672821
163,tonic,grad,0.4,13,13,0.2149311751127243
163,tonic,grad,0.4,13,14,0.7273615002632141
163,tonic,grad,0.4,13,15,1.315471887588501
163,tonic,grad,0.4,13,16,1.7467420101165771
163,tonic,grad,0.4,13,17,1.9189120531082153
163,tonic,grad,0.4,13,18,1.817254900932312
163,tonic,grad,0.4,13,19,1.5043896436691284
163,tonic,grad,0.4,13,20,1.0561299324035645
163,tonic,grad,0.4,13,21,0.599257230758667
163,tonic,grad,0.4,13,22,0.24487802386283875
163,tonic,grad,0.4,13,23,0.0721641555428505
163,tonic,grad,0.4,13,24,0.09879184514284134
163,tonic,nm,0.4,13,0,25.469858169555664
163,tonic,nm,0.4,13,1,24.4279842376709
163,tonic,nm,0.4,13,2,4.055914402008057
163,tonic,nm,0.4,13,3,23.143749237060547
163,tonic,nm,0.4,13,4,7.77731466293335
163,tonic,nm,0.4,13,5,2.007282257080078
163,tonic,nm,0.4,13,6,0.1042051687836647
163,tonic,nm,0.4,13,7,2.5222930908203125
163,tonic,nm,0.4,13,8,5.904674530029297
163,tonic,nm,0.4,13,9,1.8703312873840332
163,tonic,nm,0.4,13,10,14.433525085449219
163,tonic,nm,0.4,13,11,0.7975591421127319
163,tonic,nm,0.4,13,12,1.7770506143569946
163,tonic,nm,0.4,13,13,7.995310306549072
163,tonic,nm,0.4,13,14,0.3433459401130676
163,tonic,nm,0.4,13,15,1.104785680770874
163,tonic,nm,0.4,13,16,0.40422719717025757
163,tonic,nm,0.4,13,17,1.7671446800231934
163,tonic,nm,0.4,13,18,0.28011372685432434
163,tonic,nm,0.4,13,19,0.37917736172676086
163,tonic,nm,0.4,13,20,0.20638597011566162
163,tonic,nm,0.4,13,21,1.1105659008026123
163,tonic,nm,0.4,13,22,0.14851532876491547
163,tonic,nm,0.4,13,23,0.06653103232383728
163,tonic,nm,0.4,13,24,0.10251574963331223
164,tonic,grad,0.4,14,0,9.097253799438477
164,tonic,grad,0.4,14,1,4.296947002410889
164,tonic,grad,0.4,14,2,1.7709699869155884
164,tonic,grad,0.4,14,3,0.8777546286582947
164,tonic,grad,0.4,14,4,0.9903327822685242
164,tonic,grad,0.4,14,5,1.5125086307525635
164,tonic,grad,0.4,14,6,1.9809280633926392
164,tonic,grad,0.4,14,7,2.1740036010742188
164,tonic,grad,0.4,14,8,2.0845954418182373
164,tonic,grad,0.4,14,9,1.8157249689102173
164,tonic,grad,0.4,14,10,1.4618992805480957
164,tonic,grad,0.4,14,11,1.1012511253356934
164,tonic,grad,0.4,14,12,0.7916077375411987
164,tonic,grad,0.4,14,13,0.5570697784423828
164,tonic,grad,0.4,14,14,0.40642109513282776
164,tonic,grad,0.4,14,15,0.3313506543636322
164,tonic,grad,0.4,14,16,0.31254202127456665
164,tonic,grad,0.4,14,17,0.33057668805122375
164,tonic,grad,0.4,14,18,0.36564794182777405
164,tonic,grad,0.4,14,19,0.4025801420211792
164,tonic,grad,0.4,14,20,0.4304693937301636
164,tonic,grad,0.4,14,21,0.44253280758857727
164,tonic,grad,0.4,14,22,0.4381193518638611
164,tonic,grad,0.4,14,23,0.4172618091106415
164,tonic,grad,0.4,14,24,0.38361403346061707
164,tonic,nm,0.4,14,0,9.097253799438477
164,tonic,nm,0.4,14,1,9.385787010192871
164,tonic,nm,0.4,14,2,36.75108337402344
164,tonic,nm,0.4,14,3,10.73385238647461
164,tonic,nm,0.4,14,4,0.23394103348255157
164,tonic,nm,0.4,14,5,1.4739247560501099
164,tonic,nm,0.4,14,6,1.1016329526901245
164,tonic,nm,0.4,14,7,0.4648653566837311
164,tonic,nm,0.4,14,8,1.96651291847229
164,tonic,nm,0.4,14,9,2.031437873840332
164,tonic,nm,0.4,14,10,0.3228272497653961
164,tonic,nm,0.4,14,11,0.6980726718902588
164,tonic,nm,0.4,14,12,4.3412628173828125
164,tonic,nm,0.4,14,13,1.8608496189117432
164,tonic,nm,0.4,14,14,1.115485429763794
164,tonic,nm,0.4,14,15,1.8166624307632446
164,tonic,nm,0.4,14,16,0.49378398060798645
164,tonic,nm,0.4,14,17,1.1905360221862793
164,tonic,nm,0.4,14,18,0.37486937642097473
164,tonic,nm,0.4,14,19,0.5763258934020996
164,tonic,nm,0.4,14,20,0.3322201669216156
164,tonic,nm,0.4,14,21,0.4773862361907959
164,tonic,nm,0.4,14,22,0.2920791506767273
164,tonic,nm,0.4,14,23,0.30177080631256104
164,tonic,nm,0.4,14,24,0.5260764956474304
165,tonic,grad,0.4,15,0,49.778804779052734
165,tonic,grad,0.4,15,1,35.68191909790039
165,tonic,grad,0.4,15,2,22.944358825683594
165,tonic,grad,0.4,15,3,12.246597290039062
165,tonic,grad,0.4,15,4,4.477168560028076
165,tonic,grad,0.4,15,5,0.5722013115882874
165,tonic,grad,0.4,15,6,0.9449774622917175
165,tonic,grad,0.4,15,7,4.467469215393066
165,tonic,grad,0.4,15,8,8.202939987182617
165,tonic,grad,0.4,15,9,9.752503395080566
165,tonic,grad,0.4,15,10,8.850804328918457
165,tonic,grad,0.4,15,11,6.473268508911133
165,tonic,grad,0.4,15,12,3.791492223739624
165,tonic,grad,0.4,15,13,1.670857548713684
165,tonic,grad,0.4,15,14,0.5301511883735657
165,tonic,grad,0.4,15,15,0.35391074419021606
165,tonic,grad,0.4,15,16,0.864236056804657
165,tonic,grad,0.4,15,17,1.680867075920105
165,tonic,grad,0.4,15,18,2.4807798862457275
165,tonic,grad,0.4,15,19,3.031254768371582
165,tonic,grad,0.4,15,20,3.2122416496276855
165,tonic,grad,0.4,15,21,3.0422797203063965
165,tonic,grad,0.4,15,22,2.5803349018096924
165,tonic,grad,0.4,15,23,1.9466700553894043
165,tonic,grad,0.4,15,24,1.2859021425247192
165,tonic,nm,0.4,15,0,49.778804779052734
165,tonic,nm,0.4,15,1,47.98568344116211
165,tonic,nm,0.4,15,2,15.920042037963867
165,tonic,nm,0.4,15,3,46.93750762939453
165,tonic,nm,0.4,15,4,22.967132568359375
165,tonic,nm,0.4,15,5,11.900019645690918
165,tonic,nm,0.4,15,6,5.137273788452148
165,tonic,nm,0.4,15,7,0.3558022379875183
165,tonic,nm,0.4,15,8,2.6074793338775635
165,tonic,nm,0.4,15,9,0.16345450282096863
165,tonic,nm,0.4,15,10,4.29176664352417
165,tonic,nm,0.4,15,11,5.9637579917907715
165,tonic,nm,0.4,15,12,1.2057842016220093
165,tonic,nm,0.4,15,13,7.921449661254883
165,tonic,nm,0.4,15,14,1.4797250032424927
165,tonic,nm,0.4,15,15,3.152312994003296
165,tonic,nm,0.4,15,16,0.39151015877723694
165,tonic,nm,0.4,15,17,2.545363426208496
165,tonic,nm,0.4,15,18,0.3283240795135498
165,tonic,nm,0.4,15,19,0.6808587908744812
165,tonic,nm,0.4,15,20,0.1492195427417755
165,tonic,nm,0.4,15,21,0.8596026301383972
165,tonic,nm,0.4,15,22,0.12588055431842804
165,tonic,nm,0.4,15,23,0.4853077530860901
165,tonic,nm,0.4,15,24,0.13971920311450958
166,tonic,grad,0.4,16,0,20.252134323120117
166,tonic,grad,0.4,16,1,11.699055671691895
166,tonic,grad,0.4,16,2,5.093699932098389
166,tonic,grad,0.4,16,3,1.158485770225525
166,tonic,grad,0.4,16,4,0.4586485028266907
166,tonic,grad,0.4,16,5,2.435349464416504
166,tonic,grad,0.4,16,6,4.6047868728637695
166,tonic,grad,0.4,16,7,4.989046573638916
166,tonic,grad,0.4,16,8,3.88948655128479
166,tonic,grad,0.4,16,9,2.2883260250091553
166,tonic,grad,0.4,16,10,0.9906582236289978
166,tonic,grad,0.4,16,11,0.37274590134620667
166,tonic,grad,0.4,16,12,0.39701762795448303
166,tonic,grad,0.4,16,13,0.8135896325111389
166,tonic,grad,0.4,16,14,1.3413629531860352
166,tonic,grad,0.4,16,15,1.747101068496704
166,tonic,grad,0.4,16,16,1.9211759567260742
166,tonic,grad,0.4,16,17,1.8336145877838135
166,tonic,grad,0.4,16,18,1.543906569480896
166,tonic,grad,0.4,16,19,1.1509335041046143
166,tonic,grad,0.4,16,20,0.7492052316665649
166,tonic,grad,0.4,16,21,0.45050087571144104
166,tonic,grad,0.4,16,22,0.3244692087173462
166,tonic,grad,0.4,16,23,0.3797362148761749
166,tonic,grad,0.4,16,24,0.5591137409210205
166,tonic,nm,0.4,16,0,20.252134323120117
166,tonic,nm,0.4,16,1,19.368488311767578
166,tonic,nm,0.4,16,2,2.3702874183654785
166,tonic,nm,0.4,16,3,18.177532196044922
166,tonic,nm,0.4,16,4,5.180904388427734
166,tonic,nm,0.4,16,5,0.9461662173271179
166,tonic,nm,0.4,16,6,0.40350037813186646
166,tonic,nm,0.4,16,7,4.8125081062316895
166,tonic,nm,0.4,16,8,9.13178825378418
166,tonic,nm,0.4,16,9,1.65336012840271
166,tonic,nm,0.4,16,10,12.682629585266113
166,tonic,nm,0.4,16,11,1.2552158832550049
166,tonic,nm,0.4,16,12,2.570302724838257
166,tonic,nm,0.4,16,13,1.0158525705337524
166,tonic,nm,0.4,16,14,2.5659308433532715
166,tonic,nm,0.4,16,15,0.7066107392311096
166,tonic,nm,0.4,16,16,2.787538528442383
166,tonic,nm,0.4,16,17,0.5353646874427795
166,tonic,nm,0.4,16,18,1.1284784078598022
166,tonic,nm,0.4,16,19,0.5497632026672363
166,tonic,nm,0.4,16,20,0.9901124835014343
166,tonic,nm,0.4,16,21,0.4313458204269409
166,tonic,nm,0.4,16,22,0.8715847730636597
166,tonic,nm,0.4,16,23,0.37606173753738403
166,tonic,nm,0.4,16,24,0.46810659766197205
167,tonic,grad,0.4,17,0,0.3882308304309845
167,tonic,grad,0.4,17,1,0.2651437222957611
167,tonic,grad,0.4,17,2,0.265637069940567
167,tonic,grad,0.4,17,3,0.034458328038454056
167,tonic,grad,0.4,17,4,0.10316044837236404
167,tonic,grad,0.4,17,5,0.1991475522518158
167,tonic,grad,0.4,17,6,0.12514765560626984
167,tonic,grad,0.4,17,7,0.03305249288678169
167,tonic,grad,0.4,17,8,0.05624818056821823
167,tonic,grad,0.4,17,9,0.12207061797380447
167,tonic,grad,0.4,17,10,0.10604052990674973
167,tonic,grad,0.4,17,11,0.04350869730114937
167,tonic,grad,0.4,17,12,0.03030874952673912
167,tonic,grad,0.4,17,13,0.06866708397865295
167,tonic,grad,0.4,17,14,0.08640231937170029
167,tonic,grad,0.4,17,15,0.05818822607398033
167,tonic,grad,0.4,17,16,0.027122406288981438
167,tonic,grad,0.4,17,17,0.03416597098112106
167,tonic,grad,0.4,17,18,0.058863479644060135
167,tonic,grad,0.4,17,19,0.05705089867115021
167,tonic,grad,0.4,17,20,0.0321442112326622
167,tonic,grad,0.4,17,21,0.02314804308116436
167,tonic,grad,0.4,17,22,0.037585802376270294
167,tonic,grad,0.4,17,23,0.045814961194992065
167,tonic,grad,0.4,17,24,0.03439442440867424
167,tonic,nm,0.4,17,0,0.3882308304309845
167,tonic,nm,0.4,17,1,0.3043297529220581
167,tonic,nm,0.4,17,2,6.096548557281494
167,tonic,nm,0.4,17,3,0.16297492384910583
167,tonic,nm,0.4,17,4,11.979430198669434
167,tonic,nm,0.4,17,5,1.53848397731781
167,tonic,nm,0.4,17,6,4.966855525970459
167,tonic,nm,0.4,17,7,0.2833879590034485
167,tonic,nm,0.4,17,8,0.15937429666519165
167,tonic,nm,0.4,17,9,0.494779109954834
167,tonic,nm,0.4,17,10,0.8165242075920105
167,tonic,nm,0.4,17,11,0.0804104432463646
167,tonic,nm,0.4,17,12,0.4987815022468567
167,tonic,nm,0.4,17,13,0.09424319863319397
167,tonic,nm,0.4,17,14,0.40415120124816895
167,tonic,nm,0.4,17,15,0.052546802908182144
167,tonic,nm,0.4,17,16,0.21393634378910065
167,tonic,nm,0.4,17,17,0.06557482481002808
167,tonic,nm,0.4,17,18,0.18883603811264038
167,tonic,nm,0.4,17,19,0.04098886623978615
167,tonic,nm,0.4,17,20,0.1559760719537735
167,tonic,nm,0.4,17,21,0.03806784376502037
167,tonic,nm,0.4,17,22,0.10375342518091202
167,tonic,nm,0.4,17,23,0.03578969091176987
167,tonic,nm,0.4,17,24,0.07644336670637131
168,tonic,grad,0.4,18,0,0.3750576972961426
168,tonic,grad,0.4,18,1,0.687636137008667
168,tonic,grad,0.4,18,2,0.3678760230541229
168,tonic,grad,0.4,18,3,0.1740446537733078
168,tonic,grad,0.4,18,4,0.27208277583122253
168,tonic,grad,0.4,18,5,0.2384292632341385
168,tonic,grad,0.4,18,6,0.09399835765361786
168,tonic,grad,0.4,18,7,0.03632526099681854
168,tonic,grad,0.4,18,8,0.0778392031788826
168,tonic,grad,0.4,18,9,0.10694314539432526
168,tonic,grad,0.4,18,10,0.07304419577121735
168,tonic,grad,0.4,18,11,0.018805257976055145
168,tonic,grad,0.4,18,12,0.0030623634811490774
168,tonic,grad,0.4,18,13,0.032069917768239975
168,tonic,grad,0.4,18,14,0.05962161719799042
168,tonic,grad,0.4,18,15,0.05240076035261154
168,tonic,grad,0.4,18,16,0.028171392157673836
168,tonic,grad,0.4,18,17,0.018409548327326775
168,tonic,grad,0.4,18,18,0.030888700857758522
168,tonic,grad,0.4,18,19,0.045828599482774734
168,tonic,grad,0.4,18,20,0.04521409794688225
168,tonic,grad,0.4,18,21,0.030948158353567123
168,tonic,grad,0.4,18,22,0.018334178254008293
168,tonic,grad,0.4,18,23,0.018239032477140427
168,tonic,grad,0.4,18,24,0.0256993155926466
168,tonic,nm,0.4,18,0,0.3750576972961426
168,tonic,nm,0.4,18,1,0.46882203221321106
168,tonic,nm,0.4,18,2,12.209010124206543
168,tonic,nm,0.4,18,3,0.5376425385475159
168,tonic,nm,0.4,18,4,6.21557092666626
168,tonic,nm,0.4,18,5,1.6785043478012085
168,tonic,nm,0.4,18,6,5.1782145500183105
168,tonic,nm,0.4,18,7,0.43660128116607666
168,tonic,nm,0.4,18,8,0.5355473160743713
168,tonic,nm,0.4,18,9,0.33329668641090393
168,tonic,nm,0.4,18,10,0.6597944498062134
168,tonic,nm,0.4,18,11,0.2962889075279236
168,tonic,nm,0.4,18,12,0.9357949495315552
168,tonic,nm,0.4,18,13,0.26401591300964355
168,tonic,nm,0.4,18,14,0.5447576642036438
168,tonic,nm,0.4,18,15,0.2727796137332916
168,tonic,nm,0.4,18,16,0.27575811743736267
168,tonic,nm,0.4,18,17,0.16780811548233032
168,tonic,nm,0.4,18,18,0.1588457226753235
168,tonic,nm,0.4,18,19,0.4025261104106903
168,tonic,nm,0.4,18,20,0.2077522575855255
168,tonic,nm,0.4,18,21,0.2401728481054306
168,tonic,nm,0.4,18,22,0.10165562480688095
168,tonic,nm,0.4,18,23,0.08982809633016586
168,tonic,nm,0.4,18,24,0.3311536908149719
169,tonic,grad,0.4,19,0,0.2078288197517395
169,tonic,grad,0.4,19,1,0.8072340488433838
169,tonic,grad,0.4,19,2,0.2396228015422821
169,tonic,grad,0.4,19,3,0.21676112711429596
169,tonic,grad,0.4,19,4,0.39552631974220276
169,tonic,grad,0.4,19,5,0.2555343508720398
169,tonic,grad,0.4,19,6,0.085135318338871
169,tonic,grad,0.4,19,7,0.07275967299938202
169,tonic,grad,0.4,19,8,0.14644582569599152
169,tonic,grad,0.4,19,9,0.17234379053115845
169,tonic,grad,0.4,19,10,0.11830335110425949
169,tonic,grad,0.4,19,11,0.045046672224998474
169,tonic,grad,0.4,19,12,0.010723793879151344
169,tonic,grad,0.4,19,13,0.029587358236312866
169,tonic,grad,0.4,19,14,0.06292019784450531
169,tonic,grad,0.4,19,15,0.06786058098077774
169,tonic,grad,0.4,19,16,0.041291214525699615
169,tonic,grad,0.4,19,17,0.011719407513737679
169,tonic,grad,0.4,19,18,0.003233617637306452
169,tonic,grad,0.4,19,19,0.015639154240489006
169,tonic,grad,0.4,19,20,0.03237533941864967
169,tonic,grad,0.4,19,21,0.037323370575904846
169,tonic,grad,0.4,19,22,0.02843133546411991
169,tonic,grad,0.4,19,23,0.014084676280617714
169,tonic,grad,0.4,19,24,0.0055620926432311535
169,tonic,nm,0.4,19,0,0.2078288197517395
169,tonic,nm,0.4,19,1,0.24902434647083282
169,tonic,nm,0.4,19,2,11.156939506530762
169,tonic,nm,0.4,19,3,0.3242991864681244
169,tonic,nm,0.4,19,4,6.868131160736084
169,tonic,nm,0.4,19,5,1.9756760597229004
169,tonic,nm,0.4,19,6,4.48110818862915
169,tonic,nm,0.4,19,7,0.5266144871711731
169,tonic,nm,0.4,19,8,1.9893782138824463
169,tonic,nm,0.4,19,9,0.16254805028438568
169,tonic,nm,0.4,19,10,0.3253532946109772
169,tonic,nm,0.4,19,11,0.2081257700920105
169,tonic,nm,0.4,19,12,0.09280606359243393
169,tonic,nm,0.4,19,13,0.11828208714723587
169,tonic,nm,0.4,19,14,0.2855044901371002
169,tonic,nm,0.4,19,15,0.13631589710712433
169,tonic,nm,0.4,19,16,0.1690257340669632
169,tonic,nm,0.4,19,17,0.11693491041660309
169,tonic,nm,0.4,19,18,0.09861300885677338
169,tonic,nm,0.4,19,19,0.1330525130033493
169,tonic,nm,0.4,19,20,0.09531255066394806
169,tonic,nm,0.4,19,21,0.10133098810911179
169,tonic,nm,0.4,19,22,0.08134540170431137
169,tonic,nm,0.4,19,23,0.16170914471149445
169,tonic,nm,0.4,19,24,0.0775427371263504
170,tonic,grad,0.4,20,0,13.069787979125977
170,tonic,grad,0.4,20,1,6.97045373916626
170,tonic,grad,0.4,20,2,3.265916585922241
170,tonic,grad,0.4,20,3,1.3674489259719849
170,tonic,grad,0.4,20,4,0.7362357378005981
170,tonic,grad,0.4,20,5,0.9035331606864929
170,tonic,grad,0.4,20,6,1.4299535751342773
170,tonic,grad,0.4,20,7,1.9401968717575073
170,tonic,grad,0.4,20,8,2.2328035831451416
170,tonic,grad,0.4,20,9,2.270031452178955
170,tonic,grad,0.4,20,10,2.1077990531921387
170,tonic,grad,0.4,20,11,1.8209508657455444
170,tonic,grad,0.4,20,12,1.4838255643844604
170,tonic,grad,0.4,20,13,1.1455577611923218
170,tonic,grad,0.4,20,14,0.8486984372138977
170,tonic,grad,0.4,20,15,0.6138195991516113
170,tonic,grad,0.4,20,16,0.4451568126678467
170,tonic,grad,0.4,20,17,0.3410964608192444
170,tonic,grad,0.4,20,18,0.2924844026565552
170,tonic,grad,0.4,20,19,0.2848752737045288
170,tonic,grad,0.4,20,20,0.3046077489852905
170,tonic,grad,0.4,20,21,0.3392920196056366
170,tonic,grad,0.4,20,22,0.3769276440143585
170,tonic,grad,0.4,20,23,0.4110565185546875
170,tonic,grad,0.4,20,24,0.43489810824394226
170,tonic,nm,0.4,20,0,13.069787979125977
170,tonic,nm,0.4,20,1,13.39319133758545
170,tonic,nm,0.4,20,2,44.602630615234375
170,tonic,nm,0.4,20,3,15.130315780639648
170,tonic,nm,0.4,20,4,0.6359879970550537
170,tonic,nm,0.4,20,5,0.3128313720226288
170,tonic,nm,0.4,20,6,0.6003392338752747
170,tonic,nm,0.4,20,7,0.559573233127594
170,tonic,nm,0.4,20,8,0.3740597665309906
170,tonic,nm,0.4,20,9,0.14880646765232086
170,tonic,nm,0.4,20,10,0.0523863211274147
170,tonic,nm,0.4,20,11,0.04246257618069649
170,tonic,nm,0.4,20,12,0.007839225232601166
170,tonic,nm,0.4,20,13,0.007165223825722933
170,tonic,nm,0.4,20,14,0.07096759229898453
170,tonic,nm,0.4,20,15,0.139984130859375
170,tonic,nm,0.4,20,16,0.04204072803258896
170,tonic,nm,0.4,20,17,0.124964140355587
170,tonic,nm,0.4,20,18,0.01194195356220007
170,tonic,nm,0.4,20,19,0.06838364899158478
170,tonic,nm,0.4,20,20,0.014556828886270523
170,tonic,nm,0.4,20,21,0.027280502021312714
170,tonic,nm,0.4,20,22,0.00608434434980154
170,tonic,nm,0.4,20,23,0.02490301802754402
170,tonic,nm,0.4,20,24,0.004730338230729103
171,tonic,grad,0.4,21,0,5.9201812744140625
171,tonic,grad,0.4,21,1,2.370043992996216
171,tonic,grad,0.4,21,2,0.9300261735916138
171,tonic,grad,0.4,21,3,0.838946521282196
171,tonic,grad,0.4,21,4,1.3012617826461792
171,tonic,grad,0.4,21,5,1.7160627841949463
171,tonic,grad,0.4,21,6,1.8384848833084106
171,tonic,grad,0.4,21,7,1.673559546470642
171,tonic,grad,0.4,21,8,1.3283979892730713
171,tonic,grad,0.4,21,9,0.934414267539978
171,tonic,grad,0.4,21,10,0.5907784104347229
171,tonic,grad,0.4,21,11,0.3544812500476837
171,tonic,grad,0.4,21,12,0.23955711722373962
171,tonic,grad,0.4,21,13,0.2285860925912857
171,tonic,grad,0.4,21,14,0.2797872722148895
171,tonic,grad,0.4,21,15,0.349233478307724
171,tonic,grad,0.4,21,16,0.3977225422859192
171,tonic,grad,0.4,21,17,0.4056418538093567
171,tonic,grad,0.4,21,18,0.3720417320728302
171,tonic,grad,0.4,21,19,0.3106755018234253
171,tonic,grad,0.4,21,20,0.24126891791820526
171,tonic,grad,0.4,21,21,0.184358611702919
171,tonic,grad,0.4,21,22,0.15235312283039093
171,tonic,grad,0.4,21,23,0.14865939319133759
171,tonic,grad,0.4,21,24,0.16835367679595947
171,tonic,nm,0.4,21,0,5.9201812744140625
171,tonic,nm,0.4,21,1,6.29504919052124
171,tonic,nm,0.4,21,2,29.55542755126953
171,tonic,nm,0.4,21,3,7.120990753173828
171,tonic,nm,0.4,21,4,0.8396257162094116
171,tonic,nm,0.4,21,5,3.726175308227539
171,tonic,nm,0.4,21,6,0.8036760091781616
171,tonic,nm,0.4,21,7,1.2318886518478394
171,tonic,nm,0.4,21,8,1.7193772792816162
171,tonic,nm,0.4,21,9,4.370431423187256
171,tonic,nm,0.4,21,10,4.465945243835449
171,tonic,nm,0.4,21,11,0.6927109360694885
171,tonic,nm,0.4,21,12,1.0472859144210815
171,tonic,nm,0.4,21,13,3.205122709274292
171,tonic,nm,0.4,21,14,4.628321170806885
171,tonic,nm,0.4,21,15,1.3453378677368164
171,tonic,nm,0.4,21,16,2.3951611518859863
171,tonic,nm,0.4,21,17,0.8064658045768738
171,tonic,nm,0.4,21,18,1.4137663841247559
171,tonic,nm,0.4,21,19,0.7608363628387451
171,tonic,nm,0.4,21,20,1.1161458492279053
171,tonic,nm,0.4,21,21,0.6910400986671448
171,tonic,nm,0.4,21,22,0.7988945245742798
171,tonic,nm,0.4,21,23,0.708247721195221
171,tonic,nm,0.4,21,24,0.5840349197387695
172,tonic,grad,0.4,22,0,1.5827133655548096
172,tonic,grad,0.4,22,1,0.26644062995910645
172,tonic,grad,0.4,22,2,0.8556386232376099
172,tonic,grad,0.4,22,3,0.8960899710655212
172,tonic,grad,0.4,22,4,0.4143361747264862
172,tonic,grad,0.4,22,5,0.18202683329582214
172,tonic,grad,0.4,22,6,0.3100549876689911
172,tonic,grad,0.4,22,7,0.48224401473999023
172,tonic,grad,0.4,22,8,0.464523047208786
172,tonic,grad,0.4,22,9,0.29079657793045044
172,tonic,grad,0.4,22,10,0.12640786170959473
172,tonic,grad,0.4,22,11,0.10469326376914978
172,tonic,grad,0.4,22,12,0.2038492113351822
172,tonic,grad,0.4,22,13,0.2717192471027374
172,tonic,grad,0.4,22,14,0.2182120680809021
172,tonic,grad,0.4,22,15,0.10834098607301712
172,tonic,grad,0.4,22,16,0.05698573961853981
172,tonic,grad,0.4,22,17,0.09389756619930267
172,tonic,grad,0.4,22,18,0.15465058386325836
172,tonic,grad,0.4,22,19,0.1655753254890442
172,tonic,grad,0.4,22,20,0.11991394311189651
172,tonic,grad,0.4,22,21,0.06762068718671799
172,tonic,grad,0.4,22,22,0.060557279735803604
172,tonic,grad,0.4,22,23,0.0959598571062088
172,tonic,grad,0.4,22,24,0.12432307004928589
172,tonic,nm,0.4,22,0,1.5827133655548096
172,tonic,nm,0.4,22,1,1.3524696826934814
172,tonic,nm,0.4,22,2,3.6955199241638184
172,tonic,nm,0.4,22,3,1.2140761613845825
172,tonic,nm,0.4,22,4,16.578388214111328
172,tonic,nm,0.4,22,5,0.595323383808136
172,tonic,nm,0.4,22,6,0.3125301003456116
172,tonic,nm,0.4,22,7,0.8134195804595947
172,tonic,nm,0.4,22,8,1.5176193714141846
172,tonic,nm,0.4,22,9,0.6045097708702087
172,tonic,nm,0.4,22,10,1.3473206758499146
172,tonic,nm,0.4,22,11,0.5268539786338806
172,tonic,nm,0.4,22,12,1.1007434129714966
172,tonic,nm,0.4,22,13,0.30733397603034973
172,tonic,nm,0.4,22,14,1.3976069688796997
172,tonic,nm,0.4,22,15,0.28799113631248474
172,tonic,nm,0.4,22,16,0.6223112344741821
172,tonic,nm,0.4,22,17,0.31308168172836304
172,tonic,nm,0.4,22,18,0.3710766136646271
172,tonic,nm,0.4,22,19,0.2459782361984253
172,tonic,nm,0.4,22,20,0.3037010729312897
172,tonic,nm,0.4,22,21,0.23971635103225708
172,tonic,nm,0.4,22,22,0.34078314900398254
172,tonic,nm,0.4,22,23,0.614030659198761
172,tonic,nm,0.4,22,24,0.213357612490654
173,tonic,grad,0.4,23,0,49.12528991699219
173,tonic,grad,0.4,23,1,35.05241394042969
173,tonic,grad,0.4,23,2,22.360366821289062
173,tonic,grad,0.4,23,3,11.739712715148926
173,tonic,grad,0.4,23,4,4.101574897766113
173,tonic,grad,0.4,23,5,0.33149251341819763
173,tonic,grad,0.4,23,6,0.8395196199417114
173,tonic,grad,0.4,23,7,4.38202428817749
173,tonic,grad,0.4,23,8,7.9996747970581055
173,tonic,grad,0.4,23,9,9.380759239196777
173,tonic,grad,0.4,23,10,8.36308479309082
173,tonic,grad,0.4,23,11,5.955660820007324
173,tonic,grad,0.4,23,12,3.314927101135254
173,tonic,grad,0.4,23,13,1.272532343864441
173,tonic,grad,0.4,23,14,0.21142618358135223
173,tonic,grad,0.4,23,15,0.09143870323896408
173,tonic,grad,0.4,23,16,0.6211882829666138
173,tonic,grad,0.4,23,17,1.438829779624939
173,tonic,grad,0.4,23,18,2.2062392234802246
173,tonic,grad,0.4,23,19,2.7287514209747314
173,tonic,grad,0.4,23,20,2.898087978363037
173,tonic,grad,0.4,23,21,2.7133007049560547
173,tonic,grad,0.4,23,22,2.2352306842803955
173,tonic,grad,0.4,23,23,1.6078498363494873
173,tonic,grad,0.4,23,24,0.9599803686141968
173,tonic,nm,0.4,23,0,49.12528991699219
173,tonic,nm,0.4,23,1,47.458412170410156
173,tonic,nm,0.4,23,2,15.621936798095703
173,tonic,nm,0.4,23,3,46.09000778198242
173,tonic,nm,0.4,23,4,22.505016326904297
173,tonic,nm,0.4,23,5,11.459229469299316
173,tonic,nm,0.4,23,6,4.799499988555908
173,tonic,nm,0.4,23,7,0.4135098457336426
173,tonic,nm,0.4,23,8,2.953115940093994
173,tonic,nm,0.4,23,9,0.32899346947669983
173,tonic,nm,0.4,23,10,4.760578632354736
173,tonic,nm,0.4,23,11,6.399556636810303
173,tonic,nm,0.4,23,12,1.422958493232727
173,tonic,nm,0.4,23,13,8.477108001708984
173,tonic,nm,0.4,23,14,1.3464370965957642
173,tonic,nm,0.4,23,15,3.8717401027679443
173,tonic,nm,0.4,23,16,0.379682719707489
173,tonic,nm,0.4,23,17,2.185727834701538
173,tonic,nm,0.4,23,18,0.47186073660850525
173,tonic,nm,0.4,23,19,0.9749489426612854
173,tonic,nm,0.4,23,20,0.2213127315044403
173,tonic,nm,0.4,23,21,0.8827278017997742
173,tonic,nm,0.4,23,22,0.21130803227424622
173,tonic,nm,0.4,23,23,0.5083453059196472
173,tonic,nm,0.4,23,24,0.22230708599090576
174,tonic,grad,0.4,24,0,13.002772331237793
174,tonic,grad,0.4,24,1,7.002000331878662
174,tonic,grad,0.4,24,2,3.3912267684936523
174,tonic,grad,0.4,24,3,1.5745207071304321
174,tonic,grad,0.4,24,4,1.005079746246338
174,tonic,grad,0.4,24,5,1.202317237854004
174,tonic,grad,0.4,24,6,1.7352575063705444
174,tonic,grad,0.4,24,7,2.2347798347473145
174,tonic,grad,0.4,24,8,2.5066885948181152
174,tonic,grad,0.4,24,9,2.513781785964966
174,tonic,grad,0.4,24,10,2.312227964401245
174,tonic,grad,0.4,24,11,1.9877392053604126
174,tonic,grad,0.4,24,12,1.6107643842697144
174,tonic,grad,0.4,24,13,1.2515193223953247
174,tonic,grad,0.4,24,14,0.9436725974082947
174,tonic,grad,0.4,24,15,0.7065050005912781
174,tonic,grad,0.4,24,16,0.5455471873283386
174,tonic,grad,0.4,24,17,0.45610153675079346
174,tonic,grad,0.4,24,18,0.4208846390247345
174,tonic,grad,0.4,24,19,0.42439064383506775
174,tonic,grad,0.4,24,20,0.4510400891304016
174,tonic,grad,0.4,24,21,0.48655667901039124
174,tonic,grad,0.4,24,22,0.5211154818534851
174,tonic,grad,0.4,24,23,0.546143651008606
174,tonic,grad,0.4,24,24,0.5569739937782288
174,tonic,nm,0.4,24,0,13.002772331237793
174,tonic,nm,0.4,24,1,13.331603050231934
174,tonic,nm,0.4,24,2,44.32830047607422
174,tonic,nm,0.4,24,3,15.000201225280762
174,tonic,nm,0.4,24,4,0.7372784614562988
174,tonic,nm,0.4,24,5,0.49053874611854553
174,tonic,nm,0.4,24,6,0.7729625701904297
174,tonic,nm,0.4,24,7,0.7710842490196228
174,tonic,nm,0.4,24,8,0.5864440202713013
174,tonic,nm,0.4,24,9,0.2801007628440857
174,tonic,nm,0.4,24,10,0.14015258848667145
174,tonic,nm,0.4,24,11,0.15222477912902832
174,tonic,nm,0.4,24,12,0.04980983957648277
174,tonic,nm,0.4,24,13,0.014315197244286537
174,tonic,nm,0.4,24,14,0.06490381062030792
174,tonic,nm,0.4,24,15,0.053826119750738144
174,tonic,nm,0.4,24,16,0.3250313997268677
174,tonic,nm,0.4,24,17,0.03679361194372177
174,tonic,nm,0.4,24,18,0.02122366987168789
174,tonic,nm,0.4,24,19,0.20166908204555511
174,tonic,nm,0.4,24,20,0.016117632389068604
174,tonic,nm,0.4,24,21,0.012450582347810268
174,tonic,nm,0.4,24,22,0.03419485688209534
174,tonic,nm,0.4,24,23,0.07870697230100632
174,tonic,nm,0.4,24,24,0.0062837968580424786
175,tonic,grad,0.4,25,0,0.7607555985450745
175,tonic,grad,0.4,25,1,0.5263463854789734
175,tonic,grad,0.4,25,2,0.5252490639686584
175,tonic,grad,0.4,25,3,0.24664127826690674
175,tonic,grad,0.4,25,4,0.21953970193862915
175,tonic,grad,0.4,25,5,0.29164648056030273
175,tonic,grad,0.4,25,6,0.24510709941387177
175,tonic,grad,0.4,25,7,0.12555769085884094
175,tonic,grad,0.4,25,8,0.05953807383775711
175,tonic,grad,0.4,25,9,0.07737293094396591
175,tonic,grad,0.4,25,10,0.10217917710542679
175,tonic,grad,0.4,25,11,0.07470864802598953
175,tonic,grad,0.4,25,12,0.02670338563621044
175,tonic,grad,0.4,25,13,0.012598104774951935
175,tonic,grad,0.4,25,14,0.035429447889328
175,tonic,grad,0.4,25,15,0.056497056037187576
175,tonic,grad,0.4,25,16,0.049648355692625046
175,tonic,grad,0.4,25,17,0.02634802833199501
175,tonic,grad,0.4,25,18,0.014449646696448326
175,tonic,grad,0.4,25,19,0.02454027719795704
175,tonic,grad,0.4,25,20,0.03967234492301941
175,tonic,grad,0.4,25,21,0.039728421717882156
175,tonic,grad,0.4,25,22,0.025413930416107178
175,tonic,grad,0.4,25,23,0.015634462237358093
175,tonic,grad,0.4,25,24,0.018256690353155136
175,tonic,nm,0.4,25,0,0.7607555985450745
175,tonic,nm,0.4,25,1,0.707011878490448
175,tonic,nm,0.4,25,2,6.475358486175537
175,tonic,nm,0.4,25,3,0.3656514286994934
175,tonic,nm,0.4,25,4,12.250151634216309
175,tonic,nm,0.4,25,5,1.8943748474121094
175,tonic,nm,0.4,25,6,5.260683536529541
175,tonic,nm,0.4,25,7,0.6256760954856873
175,tonic,nm,0.4,25,8,0.41983839869499207
175,tonic,nm,0.4,25,9,0.9979120492935181
175,tonic,nm,0.4,25,10,0.4236159920692444
175,tonic,nm,0.4,25,11,0.6943092942237854
175,tonic,nm,0.4,25,12,0.4073704183101654
175,tonic,nm,0.4,25,13,0.40505629777908325
175,tonic,nm,0.4,25,14,0.2558964192867279
175,tonic,nm,0.4,25,15,0.3068550229072571
175,tonic,nm,0.4,25,16,0.24925048649311066
175,tonic,nm,0.4,25,17,0.3698779344558716
175,tonic,nm,0.4,25,18,1.100840449333191
175,tonic,nm,0.4,25,19,0.23697666823863983
175,tonic,nm,0.4,25,20,0.18892857432365417
175,tonic,nm,0.4,25,21,0.24968886375427246
175,tonic,nm,0.4,25,22,0.13962016999721527
175,tonic,nm,0.4,25,23,0.13408897817134857
175,tonic,nm,0.4,25,24,0.5643028616905212
176,tonic,grad,0.4,26,0,0.9775011539459229
176,tonic,grad,0.4,26,1,0.130462184548378
176,tonic,grad,0.4,26,2,0.6551538705825806
176,tonic,grad,0.4,26,3,0.4027755856513977
176,tonic,grad,0.4,26,4,0.08914700150489807
176,tonic,grad,0.4,26,5,0.11430882662534714
176,tonic,grad,0.4,26,6,0.27227193117141724
176,tonic,grad,0.4,26,7,0.29781776666641235
176,tonic,grad,0.4,26,8,0.1832481026649475
176,tonic,grad,0.4,26,9,0.05711335316300392
176,tonic,grad,0.4,26,10,0.02628256008028984
176,tonic,grad,0.4,26,11,0.0862351506948471
176,tonic,grad,0.4,26,12,0.14254719018936157
176,tonic,grad,0.4,26,13,0.12428654730319977
176,tonic,grad,0.4,26,14,0.05952746048569679
176,tonic,grad,0.4,26,15,0.015525465831160545
176,tonic,grad,0.4,26,16,0.02114742621779442
176,tonic,grad,0.4,26,17,0.05578301474452019
176,tonic,grad,0.4,26,18,0.07899413257837296
176,tonic,grad,0.4,26,19,0.07099094986915588
176,tonic,grad,0.4,26,20,0.04129520803689957
176,tonic,grad,0.4,26,21,0.016915911808609962
176,tonic,grad,0.4,26,22,0.015502378344535828
176,tonic,grad,0.4,26,23,0.033055417239665985
176,tonic,grad,0.4,26,24,0.048736222088336945
176,tonic,nm,0.4,26,0,0.9775011539459229
176,tonic,nm,0.4,26,1,0.8529188632965088
176,tonic,nm,0.4,26,2,4.868674278259277
176,tonic,nm,0.4,26,3,0.4965643882751465
176,tonic,nm,0.4,26,4,14.187349319458008
176,tonic,nm,0.4,26,5,1.025700569152832
176,tonic,nm,0.4,26,6,6.459131717681885
176,tonic,nm,0.4,26,7,0.1881287395954132
176,tonic,nm,0.4,26,8,0.09798894822597504
176,tonic,nm,0.4,26,9,0.21991173923015594
176,tonic,nm,0.4,26,10,0.40703821182250977
176,tonic,nm,0.4,26,11,1.6031615734100342
176,tonic,nm,0.4,26,12,0.14816704392433167
176,tonic,nm,0.4,26,13,0.5009152293205261
176,tonic,nm,0.4,26,14,0.1953403800725937
176,tonic,nm,0.4,26,15,0.25185224413871765
176,tonic,nm,0.4,26,16,0.12806065380573273
176,tonic,nm,0.4,26,17,0.09742355346679688
176,tonic,nm,0.4,26,18,0.17383569478988647
176,tonic,nm,0.4,26,19,0.14875926077365875
176,tonic,nm,0.4,26,20,0.09941716492176056
176,tonic,nm,0.4,26,21,0.22654637694358826
176,tonic,nm,0.4,26,22,0.08592920005321503
176,tonic,nm,0.4,26,23,0.07422473281621933
176,tonic,nm,0.4,26,24,0.09025776386260986
177,tonic,grad,0.4,27,0,31.65808868408203
177,tonic,grad,0.4,27,1,20.569137573242188
177,tonic,grad,0.4,27,2,11.17448902130127
177,tonic,grad,0.4,27,3,4.200831413269043
177,tonic,grad,0.4,27,4,0.4718753397464752
177,tonic,grad,0.4,27,5,0.4751340448856354
177,tonic,grad,0.4,27,6,3.2351393699645996
177,tonic,grad,0.4,27,7,5.9930219650268555
177,tonic,grad,0.4,27,8,6.694966793060303
177,tonic,grad,0.4,27,9,5.485409736633301
177,tonic,grad,0.4,27,10,3.443857431411743
177,tonic,grad,0.4,27,11,1.5480985641479492
177,tonic,grad,0.4,27,12,0.36522915959358215
177,tonic,grad,0.4,27,13,0.009303796105086803
177,tonic,grad,0.4,27,14,0.2982384264469147
177,tonic,grad,0.4,27,15,0.9111225605010986
177,tonic,grad,0.4,27,16,1.5543861389160156
177,tonic,grad,0.4,27,17,2.000398874282837
177,tonic,grad,0.4,27,18,2.1572368144989014
177,tonic,grad,0.4,27,19,2.029635190963745
177,tonic,grad,0.4,27,20,1.6555116176605225
177,tonic,grad,0.4,27,21,1.150857925415039
177,tonic,grad,0.4,27,22,0.6457732915878296
177,tonic,grad,0.4,27,23,0.24327433109283447
177,tonic,grad,0.4,27,24,0.03700843080878258
177,tonic,nm,0.4,27,0,31.65808868408203
177,tonic,nm,0.4,27,1,30.453235626220703
177,tonic,nm,0.4,27,2,6.652992248535156
177,tonic,nm,0.4,27,3,29.093286514282227
177,tonic,nm,0.4,27,4,11.309246063232422
177,tonic,nm,0.4,27,5,3.9601168632507324
177,tonic,nm,0.4,27,6,0.6510781645774841
177,tonic,nm,0.4,27,7,1.0609084367752075
177,tonic,nm,0.4,27,8,3.435933828353882
177,tonic,nm,0.4,27,9,15.602118492126465
177,tonic,nm,0.4,27,10,1.6444717645645142
177,tonic,nm,0.4,27,11,6.1876397132873535
177,tonic,nm,0.4,27,12,0.9782668948173523
177,tonic,nm,0.4,27,13,3.945143461227417
177,tonic,nm,0.4,27,14,0.46776705980300903
177,tonic,nm,0.4,27,15,1.5783565044403076
177,tonic,nm,0.4,27,16,0.3985505700111389
177,tonic,nm,0.4,27,17,2.208512544631958
177,tonic,nm,0.4,27,18,0.3141297698020935
177,tonic,nm,0.4,27,19,1.1978273391723633
177,tonic,nm,0.4,27,20,0.25423339009284973
177,tonic,nm,0.4,27,21,0.937127947807312
177,tonic,nm,0.4,27,22,0.20890404284000397
177,tonic,nm,0.4,27,23,0.5235649943351746
177,tonic,nm,0.4,27,24,0.21020323038101196
178,tonic,grad,0.4,28,0,116.49996185302734
178,tonic,grad,0.4,28,1,94.30109405517578
178,tonic,grad,0.4,28,2,72.6572036743164
178,tonic,grad,0.4,28,3,52.10758590698242
178,tonic,grad,0.4,28,4,33.55175018310547
178,tonic,grad,0.4,28,5,17.963645935058594
178,tonic,grad,0.4,28,6,6.709501266479492
178,tonic,grad,0.4,28,7,0.8731402158737183
178,tonic,grad,0.4,28,8,0.7725836634635925
178,tonic,grad,0.4,28,9,5.187134742736816
178,tonic,grad,0.4,28,10,11.28320598602295
178,tonic,grad,0.4,28,11,15.998804092407227
178,tonic,grad,0.4,28,12,17.762962341308594
178,tonic,grad,0.4,28,13,16.528581619262695
178,tonic,grad,0.4,28,14,13.240437507629395
178,tonic,grad,0.4,28,15,9.064549446105957
178,tonic,grad,0.4,28,16,5.113807201385498
178,tonic,grad,0.4,28,17,2.1347546577453613
178,tonic,grad,0.4,28,18,0.5027597546577454
178,tonic,grad,0.4,28,19,0.1775963008403778
178,tonic,grad,0.4,28,20,0.8330007791519165
178,tonic,grad,0.4,28,21,2.029778003692627
178,tonic,grad,0.4,28,22,3.3053410053253174
178,tonic,grad,0.4,28,23,4.321590900421143
178,tonic,grad,0.4,28,24,4.873952865600586
178,tonic,nm,0.4,28,0,116.49996185302734
178,tonic,nm,0.4,28,1,113.3528823852539
178,tonic,nm,0.4,28,2,59.742698669433594
178,tonic,nm,0.4,28,3,112.38684844970703
178,tonic,nm,0.4,28,4,72.71932983398438
178,tonic,nm,0.4,28,5,51.98199462890625
178,tonic,nm,0.4,28,6,36.40898513793945
178,tonic,nm,0.4,28,7,18.435420989990234
178,tonic,nm,0.4,28,8,4.989382266998291
178,tonic,nm,0.4,28,9,4.36945104598999
178,tonic,nm,0.4,28,10,0.29442617297172546
178,tonic,nm,0.4,28,11,6.485684394836426
178,tonic,nm,0.4,28,12,40.4846076965332
178,tonic,nm,0.4,28,13,12.032418251037598
178,tonic,nm,0.4,28,14,14.4888277053833
178,tonic,nm,0.4,28,15,3.964897394180298
178,tonic,nm,0.4,28,16,25.856204986572266
178,tonic,nm,0.4,28,17,1.0269614458084106
178,tonic,nm,0.4,28,18,2.8309409618377686
178,tonic,nm,0.4,28,19,14.646486282348633
178,tonic,nm,0.4,28,20,0.7727617025375366
178,tonic,nm,0.4,28,21,2.2422876358032227
178,tonic,nm,0.4,28,22,0.8696351051330566
178,tonic,nm,0.4,28,23,3.550934076309204
178,tonic,nm,0.4,28,24,0.3355858027935028
179,tonic,grad,0.4,29,0,6.519327163696289
179,tonic,grad,0.4,29,1,2.444098949432373
179,tonic,grad,0.4,29,2,0.5461869239807129
179,tonic,grad,0.4,29,3,0.1501716673374176
179,tonic,grad,0.4,29,4,0.5611187219619751
179,tonic,grad,0.4,29,5,1.1228101253509521
179,tonic,grad,0.4,29,6,1.4496482610702515
179,tonic,grad,0.4,29,7,1.464080572128296
179,tonic,grad,0.4,29,8,1.256801724433899
179,tonic,grad,0.4,29,9,0.9417677521705627
179,tonic,grad,0.4,29,10,0.6114178895950317
179,tonic,grad,0.4,29,11,0.3321229815483093
179,tonic,grad,0.4,29,12,0.13878893852233887
179,tonic,grad,0.4,29,13,0.04004939645528793
179,tonic,grad,0.4,29,14,0.023089995607733727
179,tonic,grad,0.4,29,15,0.06430519372224808
179,tonic,grad,0.4,29,16,0.13470064103603363
179,tonic,grad,0.4,29,17,0.20471370220184326
179,tonic,grad,0.4,29,18,0.2582147419452667
179,tonic,grad,0.4,29,19,0.2802596688270569
179,tonic,grad,0.4,29,20,0.27149754762649536
179,tonic,grad,0.4,29,21,0.23783054947853088
179,tonic,grad,0.4,29,22,0.18790508806705475
179,tonic,grad,0.4,29,23,0.13165682554244995
179,tonic,grad,0.4,29,24,0.08085417747497559
179,tonic,nm,0.4,29,0,6.519327163696289
179,tonic,nm,0.4,29,1,6.822264671325684
179,tonic,nm,0.4,29,2,31.637611389160156
179,tonic,nm,0.4,29,3,7.989239692687988
179,tonic,nm,0.4,29,4,0.09045082330703735
179,tonic,nm,0.4,29,5,2.384331464767456
179,tonic,nm,0.4,29,6,0.2128778100013733
179,tonic,nm,0.4,29,7,0.6824688911437988
179,tonic,nm,0.4,29,8,2.846294641494751
179,tonic,nm,0.4,29,9,2.94378662109375
179,tonic,nm,0.4,29,10,0.0458328016102314
179,tonic,nm,0.4,29,11,0.41994890570640564
179,tonic,nm,0.4,29,12,2.574030876159668
179,tonic,nm,0.4,29,13,2.7618424892425537
179,tonic,nm,0.4,29,14,0.6920832991600037
179,tonic,nm,0.4,29,15,1.7471610307693481
179,tonic,nm,0.4,29,16,0.14661896228790283
179,tonic,nm,0.4,29,17,0.6998047828674316
179,tonic,nm,0.4,29,18,0.11403915286064148
179,tonic,nm,0.4,29,19,0.4444599449634552
179,tonic,nm,0.4,29,20,0.02705918624997139
179,tonic,nm,0.4,29,21,0.14728327095508575
179,tonic,nm,0.4,29,22,0.034837495535612106
179,tonic,nm,0.4,29,23,0.17714406549930573
179,tonic,nm,0.4,29,24,0.02213076874613762
180,tonic,grad,0.4,30,0,9.491289138793945
180,tonic,grad,0.4,30,1,4.650399684906006
180,tonic,grad,0.4,30,2,2.0959532260894775
180,tonic,grad,0.4,30,3,1.1839021444320679
180,tonic,grad,0.4,30,4,1.281937599182129
180,tonic,grad,0.4,30,5,1.7907185554504395
180,tonic,grad,0.4,30,6,2.23835825920105
180,tonic,grad,0.4,30,7,2.4111738204956055
180,tonic,grad,0.4,30,8,2.3155953884124756
180,tonic,grad,0.4,30,9,2.03615140914917
180,tonic,grad,0.4,30,10,1.6800563335418701
180,tonic,grad,0.4,30,11,1.3155276775360107
180,tonic,grad,0.4,30,12,1.0009737014770508
180,tonic,grad,0.4,30,13,0.7597476243972778
180,tonic,grad,0.4,30,14,0.596490740776062
180,tonic,grad,0.4,30,15,0.5067867040634155
180,tonic,grad,0.4,30,16,0.4723871350288391
180,tonic,grad,0.4,30,17,0.4751962423324585
180,tonic,grad,0.4,30,18,0.4977700114250183
180,tonic,grad,0.4,30,19,0.5241973400115967
180,tonic,grad,0.4,30,20,0.5451070666313171
180,tonic,grad,0.4,30,21,0.5542768836021423
180,tonic,grad,0.4,30,22,0.5493046045303345
180,tonic,grad,0.4,30,23,0.5305871367454529
180,tonic,grad,0.4,30,24,0.5005935430526733
180,tonic,nm,0.4,30,0,9.491289138793945
180,tonic,nm,0.4,30,1,9.755635261535645
180,tonic,nm,0.4,30,2,37.36668395996094
180,tonic,nm,0.4,30,3,11.1364107131958
180,tonic,nm,0.4,30,4,0.3966464102268219
180,tonic,nm,0.4,30,5,1.5385416746139526
180,tonic,nm,0.4,30,6,1.3442230224609375
180,tonic,nm,0.4,30,7,0.6124534606933594
180,tonic,nm,0.4,30,8,2.0547661781311035
180,tonic,nm,0.4,30,9,2.1176533699035645
180,tonic,nm,0.4,30,10,0.47524067759513855
180,tonic,nm,0.4,30,11,0.9167242646217346
180,tonic,nm,0.4,30,12,4.658140659332275
180,tonic,nm,0.4,30,13,1.942310094833374
180,tonic,nm,0.4,30,14,1.2199019193649292
180,tonic,nm,0.4,30,15,2.0747406482696533
180,tonic,nm,0.4,30,16,0.6289275884628296
180,tonic,nm,0.4,30,17,1.258849859237671
180,tonic,nm,0.4,30,18,0.5664134621620178
180,tonic,nm,0.4,30,19,0.7819128036499023
180,tonic,nm,0.4,30,20,0.4813138544559479
180,tonic,nm,0.4,30,21,0.5911526679992676
180,tonic,nm,0.4,30,22,0.4687219262123108
180,tonic,nm,0.4,30,23,0.48157185316085815
180,tonic,nm,0.4,30,24,0.4412381649017334
181,tonic,grad,0.4,31,0,15.021383285522461
181,tonic,grad,0.4,31,1,8.408495903015137
181,tonic,grad,0.4,31,2,4.236734390258789
181,tonic,grad,0.4,31,3,1.9227601289749146
181,tonic,grad,0.4,31,4,0.943209707736969
181,tonic,grad,0.4,31,5,0.860110878944397
181,tonic,grad,0.4,31,6,1.2812079191207886
181,tonic,grad,0.4,31,7,1.8480165004730225
181,tonic,grad,0.4,31,8,2.289288282394409
181,tonic,grad,0.4,31,9,2.4852964878082275
181,tonic,grad,0.4,31,10,2.4391326904296875
181,tonic,grad,0.4,31,11,2.2182888984680176
181,tonic,grad,0.4,31,12,1.8863407373428345
181,tonic,grad,0.4,31,13,1.522734522819519
181,tonic,grad,0.4,31,14,1.1702299118041992
181,tonic,grad,0.4,31,15,0.8714390397071838
181,tonic,grad,0.4,31,16,0.6406009793281555
181,tonic,grad,0.4,31,17,0.482992559671402
181,tonic,grad,0.4,31,18,0.39100128412246704
181,tonic,grad,0.4,31,19,0.35383379459381104
181,tonic,grad,0.4,31,20,0.3564964830875397
181,tonic,grad,0.4,31,21,0.38381457328796387
181,tonic,grad,0.4,31,22,0.4228619933128357
181,tonic,grad,0.4,31,23,0.4628327786922455
181,tonic,grad,0.4,31,24,0.4976781904697418
181,tonic,nm,0.4,31,0,15.021383285522461
181,tonic,nm,0.4,31,1,15.384139060974121
181,tonic,nm,0.4,31,2,48.1319694519043
181,tonic,nm,0.4,31,3,17.21460723876953
181,tonic,nm,0.4,31,4,1.12501060962677
181,tonic,nm,0.4,31,5,0.16287438571453094
181,tonic,nm,0.4,31,6,1.062540054321289
181,tonic,nm,0.4,31,7,0.319622278213501
181,tonic,nm,0.4,31,8,0.2283690869808197
181,tonic,nm,0.4,31,9,0.06608039140701294
181,tonic,nm,0.4,31,10,0.030958354473114014
181,tonic,nm,0.4,31,11,0.06179662421345711
181,tonic,nm,0.4,31,12,0.051127009093761444
181,tonic,nm,0.4,31,13,0.21043828129768372
181,tonic,nm,0.4,31,14,0.07049909979104996
181,tonic,nm,0.4,31,15,0.11057505756616592
181,tonic,nm,0.4,31,16,0.04488765075802803
181,tonic,nm,0.4,31,17,0.012245429679751396
181,tonic,nm,0.4,31,18,0.005285668186843395
181,tonic,nm,0.4,31,19,0.05446305498480797
181,tonic,nm,0.4,31,20,0.03138194605708122
181,tonic,nm,0.4,31,21,0.02935159020125866
181,tonic,nm,0.4,31,22,0.0035078423097729683
181,tonic,nm,0.4,31,23,0.0010035953018814325
181,tonic,nm,0.4,31,24,0.04270012676715851
182,tonic,grad,0.4,32,0,0.9943580031394958
182,tonic,grad,0.4,32,1,0.8757469058036804
182,tonic,grad,0.4,32,2,0.8721582293510437
182,tonic,grad,0.4,32,3,0.5920305848121643
182,tonic,grad,0.4,32,4,0.40704330801963806
182,tonic,grad,0.4,32,5,0.3928743898868561
182,tonic,grad,0.4,32,6,0.37334179878234863
182,tonic,grad,0.4,32,7,0.27229779958724976
182,tonic,grad,0.4,32,8,0.167527437210083
182,tonic,grad,0.4,32,9,0.12767553329467773
182,tonic,grad,0.4,32,10,0.13928404450416565
182,tonic,grad,0.4,32,11,0.15156857669353485
182,tonic,grad,0.4,32,12,0.13280895352363586
182,tonic,grad,0.4,32,13,0.09441185742616653
182,tonic,grad,0.4,32,14,0.06428205966949463
182,tonic,grad,0.4,32,15,0.05867608264088631
182,tonic,grad,0.4,32,16,0.07059759646654129
182,tonic,grad,0.4,32,17,0.07951480150222778
182,tonic,grad,0.4,32,18,0.07354284077882767
182,tonic,grad,0.4,32,19,0.05750269815325737
182,tonic,grad,0.4,32,20,0.043958257883787155
182,tonic,grad,0.4,32,21,0.04058839753270149
182,tonic,grad,0.4,32,22,0.04465794935822487
182,tonic,grad,0.4,32,23,0.049240753054618835
182,tonic,grad,0.4,32,24,0.04865037649869919
182,tonic,nm,0.4,32,0,0.9943580031394958
182,tonic,nm,0.4,32,1,1.1067606210708618
182,tonic,nm,0.4,32,2,14.347262382507324
182,tonic,nm,0.4,32,3,1.231713056564331
182,tonic,nm,0.4,32,4,5.377244472503662
182,tonic,nm,0.4,32,5,1.4605284929275513
182,tonic,nm,0.4,32,6,6.696314811706543
182,tonic,nm,0.4,32,7,0.5803263783454895
182,tonic,nm,0.4,32,8,0.811031699180603
182,tonic,nm,0.4,32,9,0.952179491519928
182,tonic,nm,0.4,32,10,2.377009868621826
182,tonic,nm,0.4,32,11,0.6579054594039917
182,tonic,nm,0.4,32,12,0.8148819804191589
182,tonic,nm,0.4,32,13,0.6782311797142029
182,tonic,nm,0.4,32,14,0.5191189646720886
182,tonic,nm,0.4,32,15,0.5566738843917847
182,tonic,nm,0.4,32,16,0.4050110876560211
182,tonic,nm,0.4,32,17,0.35597139596939087
182,tonic,nm,0.4,32,18,0.36868834495544434
182,tonic,nm,0.4,32,19,0.24806828796863556
182,tonic,nm,0.4,32,20,0.25465625524520874
182,tonic,nm,0.4,32,21,0.4001155495643616
182,tonic,nm,0.4,32,22,0.30485206842422485
182,tonic,nm,0.4,32,23,0.24028338491916656
182,tonic,nm,0.4,32,24,0.28605523705482483
183,tonic,grad,0.4,33,0,0.20148785412311554
183,tonic,grad,0.4,33,1,0.825416624546051
183,tonic,grad,0.4,33,2,0.13108541071414948
183,tonic,grad,0.4,33,3,0.2822262942790985
183,tonic,grad,0.4,33,4,0.4532659351825714
183,tonic,grad,0.4,33,5,0.2861432731151581
183,tonic,grad,0.4,33,6,0.07278972864151001
183,tonic,grad,0.4,33,7,0.0422673225402832
183,tonic,grad,0.4,33,8,0.1502886712551117
183,tonic,grad,0.4,33,9,0.19331832230091095
183,tonic,grad,0.4,33,10,0.11545776575803757
183,tonic,grad,0.4,33,11,0.024854568764567375
183,tonic,grad,0.4,33,12,0.009413814172148705
183,tonic,grad,0.4,33,13,0.057868752628564835
183,tonic,grad,0.4,33,14,0.09992344677448273
183,tonic,grad,0.4,33,15,0.09342359006404877
183,tonic,grad,0.4,33,16,0.05029688775539398
183,tonic,grad,0.4,33,17,0.014098252169787884
183,tonic,grad,0.4,33,18,0.014574491418898106
183,tonic,grad,0.4,33,19,0.042413581162691116
183,tonic,grad,0.4,33,20,0.06302972882986069
183,tonic,grad,0.4,33,21,0.054852165281772614
183,tonic,grad,0.4,33,22,0.02990611083805561
183,tonic,grad,0.4,33,23,0.013159619644284248
183,tonic,grad,0.4,33,24,0.017133984714746475
183,tonic,nm,0.4,33,0,0.20148785412311554
183,tonic,nm,0.4,33,1,0.2122928500175476
183,tonic,nm,0.4,33,2,8.708688735961914
183,tonic,nm,0.4,33,3,0.09743717312812805
183,tonic,nm,0.4,33,4,9.135756492614746
183,tonic,nm,0.4,33,5,3.0145790576934814
183,tonic,nm,0.4,33,6,3.2606141567230225
183,tonic,nm,0.4,33,7,1.0959619283676147
183,tonic,nm,0.4,33,8,1.2375105619430542
183,tonic,nm,0.4,33,9,0.45606333017349243
183,tonic,nm,0.4,33,10,0.5396548509597778
183,tonic,nm,0.4,33,11,0.24555468559265137
183,tonic,nm,0.4,33,12,0.293741911649704
183,tonic,nm,0.4,33,13,0.17878875136375427
183,tonic,nm,0.4,33,14,0.10488393902778625
183,tonic,nm,0.4,33,15,0.23688079416751862
183,tonic,nm,0.4,33,16,0.14469461143016815
183,tonic,nm,0.4,33,17,0.05957438424229622
183,tonic,nm,0.4,33,18,0.04216394200921059
183,tonic,nm,0.4,33,19,0.04501423239707947
183,tonic,nm,0.4,33,20,0.021750397980213165
183,tonic,nm,0.4,33,21,0.022101666778326035
183,tonic,nm,0.4,33,22,0.00918448343873024
183,tonic,nm,0.4,33,23,0.030078168958425522
183,tonic,nm,0.4,33,24,0.07982851564884186
184,tonic,grad,0.4,34,0,2.934192419052124
184,tonic,grad,0.4,34,1,0.6367582678794861
184,tonic,grad,0.4,34,2,0.2677166163921356
184,tonic,grad,0.4,34,3,0.7402604818344116
184,tonic,grad,0.4,34,4,1.0788991451263428
184,tonic,grad,0.4,34,5,1.0383248329162598
184,tonic,grad,0.4,34,6,0.7678807377815247
184,tonic,grad,0.4,34,7,0.4445747137069702
184,tonic,grad,0.4,34,8,0.19808579981327057
184,tonic,grad,0.4,34,9,0.08492230623960495
184,tonic,grad,0.4,34,10,0.0984814316034317
184,tonic,grad,0.4,34,11,0.1822601854801178
184,tonic,grad,0.4,34,12,0.26443883776664734
184,tonic,grad,0.4,34,13,0.2982572317123413
184,tonic,grad,0.4,34,14,0.27079468965530396
184,tonic,grad,0.4,34,15,0.20084771513938904
184,tonic,grad,0.4,34,16,0.1186859980225563
184,tonic,grad,0.4,34,17,0.052895937114953995
184,tonic,grad,0.4,34,18,0.015955274924635887
184,tonic,grad,0.4,34,19,0.008360432460904121
184,tonic,grad,0.4,34,20,0.022456923499703407
184,tonic,grad,0.4,34,21,0.045319993048906326
184,tonic,grad,0.4,34,22,0.06667380034923553
184,tonic,grad,0.4,34,23,0.0786319300532341
184,tonic,grad,0.4,34,24,0.07971102744340897
184,tonic,nm,0.4,34,0,2.934192419052124
184,tonic,nm,0.4,34,1,3.150580883026123
184,tonic,nm,0.4,34,2,22.743471145629883
184,tonic,nm,0.4,34,3,3.8567934036254883
184,tonic,nm,0.4,34,4,1.3898109197616577
184,tonic,nm,0.4,34,5,5.822287559509277
184,tonic,nm,0.4,34,6,0.31580328941345215
184,tonic,nm,0.4,34,7,1.6479227542877197
184,tonic,nm,0.4,34,8,2.9296653270721436
184,tonic,nm,0.4,34,9,6.565880298614502
184,tonic,nm,0.4,34,10,0.3621869683265686
184,tonic,nm,0.4,34,11,1.0534467697143555
184,tonic,nm,0.4,34,12,3.6123974323272705
184,tonic,nm,0.4,34,13,0.3336032032966614
184,tonic,nm,0.4,34,14,1.6915161609649658
184,tonic,nm,0.4,34,15,0.3565051853656769
184,tonic,nm,0.4,34,16,0.7516157627105713
184,tonic,nm,0.4,34,17,0.14850521087646484
184,tonic,nm,0.4,34,18,1.0534476041793823
184,tonic,nm,0.4,34,19,0.1329963654279709
184,tonic,nm,0.4,34,20,0.44303658604621887
184,tonic,nm,0.4,34,21,0.16670013964176178
184,tonic,nm,0.4,34,22,0.3209855854511261
184,tonic,nm,0.4,34,23,0.1656402200460434
184,tonic,nm,0.4,34,24,0.3203584849834442
185,tonic,grad,0.4,35,0,0.9257150292396545
185,tonic,grad,0.4,35,1,0.3048364520072937
185,tonic,grad,0.4,35,2,0.639754593372345
185,tonic,grad,0.4,35,3,0.559365451335907
185,tonic,grad,0.4,35,4,0.29004475474357605
185,tonic,grad,0.4,35,5,0.1390213966369629
185,tonic,grad,0.4,35,6,0.17282898724079132
185,tonic,grad,0.4,35,7,0.2486700415611267
185,tonic,grad,0.4,35,8,0.23049546778202057
185,tonic,grad,0.4,35,9,0.1384950578212738
185,tonic,grad,0.4,35,10,0.058221589773893356
185,tonic,grad,0.4,35,11,0.036617524921894073
185,tonic,grad,0.4,35,12,0.062169741839170456
185,tonic,grad,0.4,35,13,0.09372762590646744
185,tonic,grad,0.4,35,14,0.09959623217582703
185,tonic,grad,0.4,35,15,0.07768560200929642
185,tonic,grad,0.4,35,16,0.0437433160841465
185,tonic,grad,0.4,35,17,0.019014010205864906
185,tonic,grad,0.4,35,18,0.01405684556812048
185,tonic,grad,0.4,35,19,0.026169275864958763
185,tonic,grad,0.4,35,20,0.0413762629032135
185,tonic,grad,0.4,35,21,0.048128534108400345
185,tonic,grad,0.4,35,22,0.04190034791827202
185,tonic,grad,0.4,35,23,0.028652429580688477
185,tonic,grad,0.4,35,24,0.018498895689845085
185,tonic,nm,0.4,35,0,0.9257150292396545
185,tonic,nm,0.4,35,1,1.051003098487854
185,tonic,nm,0.4,35,2,15.647050857543945
185,tonic,nm,0.4,35,3,1.362906813621521
185,tonic,nm,0.4,35,4,4.083398818969727
185,tonic,nm,0.4,35,5,0.706961452960968
185,tonic,nm,0.4,35,6,0.4741962254047394
185,tonic,nm,0.4,35,7,1.288358211517334
185,tonic,nm,0.4,35,8,1.5155423879623413
185,tonic,nm,0.4,35,9,0.44045260548591614
185,tonic,nm,0.4,35,10,1.918830394744873
185,tonic,nm,0.4,35,11,0.3550450801849365
185,tonic,nm,0.4,35,12,1.4060193300247192
185,tonic,nm,0.4,35,13,0.30853885412216187
185,tonic,nm,0.4,35,14,0.7308415770530701
185,tonic,nm,0.4,35,15,0.2733198404312134
185,tonic,nm,0.4,35,16,0.5542160272598267
185,tonic,nm,0.4,35,17,0.2692353129386902
185,tonic,nm,0.4,35,18,0.5608252882957458
185,tonic,nm,0.4,35,19,0.2335682362318039
185,tonic,nm,0.4,35,20,0.567001461982727
185,tonic,nm,0.4,35,21,0.21676412224769592
185,tonic,nm,0.4,35,22,0.289457231760025
185,tonic,nm,0.4,35,23,0.22399799525737762
185,tonic,nm,0.4,35,24,0.29169294238090515
186,tonic,grad,0.4,36,0,17.91443634033203
186,tonic,grad,0.4,36,1,10.4988374710083
186,tonic,grad,0.4,36,2,5.54725980758667
186,tonic,grad,0.4,36,3,2.5130975246429443
186,tonic,grad,0.4,36,4,0.9118764996528625
186,tonic,grad,0.4,36,5,0.3547240197658539
186,tonic,grad,0.4,36,6,0.4825444221496582
186,tonic,grad,0.4,36,7,0.9147348999977112
186,tonic,grad,0.4,36,8,1.3498846292495728
186,tonic,grad,0.4,36,9,1.6304969787597656
186,tonic,grad,0.4,36,10,1.7326339483261108
186,tonic,grad,0.4,36,11,1.6810948848724365
186,tonic,grad,0.4,36,12,1.5278100967407227
186,tonic,grad,0.4,36,13,1.316758394241333
186,tonic,grad,0.4,36,14,1.081842303276062
186,tonic,grad,0.4,36,15,0.8561503887176514
186,tonic,grad,0.4,36,16,0.6543872356414795
186,tonic,grad,0.4,36,17,0.4809531271457672
186,tonic,grad,0.4,36,18,0.34188053011894226
186,tonic,grad,0.4,36,19,0.23055380582809448
186,tonic,grad,0.4,36,20,0.14752590656280518
186,tonic,grad,0.4,36,21,0.08878849446773529
186,tonic,grad,0.4,36,22,0.05159614607691765
186,tonic,grad,0.4,36,23,0.03163930028676987
186,tonic,grad,0.4,36,24,0.02449002116918564
186,tonic,nm,0.4,36,0,17.91443634033203
186,tonic,nm,0.4,36,1,18.39152717590332
186,tonic,nm,0.4,36,2,52.76653289794922
186,tonic,nm,0.4,36,3,20.46510124206543
186,tonic,nm,0.4,36,4,2.593280792236328
186,tonic,nm,0.4,36,5,0.986264169216156
186,tonic,nm,0.4,36,6,2.100583791732788
186,tonic,nm,0.4,36,7,0.8735212683677673
186,tonic,nm,0.4,36,8,0.9167340397834778
186,tonic,nm,0.4,36,9,0.831428050994873
186,tonic,nm,0.4,36,10,0.8593660593032837
186,tonic,nm,0.4,36,11,1.2259644269943237
186,tonic,nm,0.4,36,12,1.073655128479004
186,tonic,nm,0.4,36,13,0.7416505813598633
186,tonic,nm,0.4,36,14,0.6681859493255615
186,tonic,nm,0.4,36,15,0.6311146020889282
186,tonic,nm,0.4,36,16,0.5757911801338196
186,tonic,nm,0.4,36,17,0.4842265546321869
186,tonic,nm,0.4,36,18,0.39344656467437744
186,tonic,nm,0.4,36,19,0.561980664730072
186,tonic,nm,0.4,36,20,0.465752512216568
186,tonic,nm,0.4,36,21,0.5184375643730164
186,tonic,nm,0.4,36,22,0.3647756278514862
186,tonic,nm,0.4,36,23,0.3736455738544464
186,tonic,nm,0.4,36,24,0.41068482398986816
187,tonic,grad,0.4,37,0,67.61914825439453
187,tonic,grad,0.4,37,1,51.02159118652344
187,tonic,grad,0.4,37,2,35.53062438964844
187,tonic,grad,0.4,37,3,21.783058166503906
187,tonic,grad,0.4,37,4,10.654415130615234
187,tonic,grad,0.4,37,5,3.1815106868743896
187,tonic,grad,0.4,37,6,0.29868853092193604
187,tonic,grad,0.4,37,7,2.015352725982666
187,tonic,grad,0.4,37,8,6.528811454772949
187,tonic,grad,0.4,37,9,10.6717529296875
187,tonic,grad,0.4,37,10,12.263399124145508
187,tonic,grad,0.4,37,11,11.176770210266113
187,tonic,grad,0.4,37,12,8.416214942932129
187,tonic,grad,0.4,37,13,5.224274158477783
187,tonic,grad,0.4,37,14,2.5375115871429443
187,tonic,grad,0.4,37,15,0.8960550427436829
187,tonic,grad,0.4,37,16,0.3815256953239441
187,tonic,grad,0.4,37,17,0.7583005428314209
187,tonic,grad,0.4,37,18,1.6389201879501343
187,tonic,grad,0.4,37,19,2.627113103866577
187,tonic,grad,0.4,37,20,3.4200656414031982
187,tonic,grad,0.4,37,21,3.8299338817596436
187,tonic,grad,0.4,37,22,3.8278350830078125
187,tonic,grad,0.4,37,23,3.443389892578125
187,tonic,grad,0.4,37,24,2.7965383529663086
187,tonic,nm,0.4,37,0,67.61914825439453
187,tonic,nm,0.4,37,1,65.34920501708984
187,tonic,nm,0.4,37,2,26.587194442749023
187,tonic,nm,0.4,37,3,64.46876525878906
187,tonic,nm,0.4,37,4,35.5166130065918
187,tonic,nm,0.4,37,5,21.46416664123535
187,tonic,nm,0.4,37,6,11.93951416015625
187,tonic,nm,0.4,37,7,2.963609457015991
187,tonic,nm,0.4,37,8,0.277943879365921
187,tonic,nm,0.4,37,9,0.3615780472755432
187,tonic,nm,0.4,37,10,13.055085182189941
187,tonic,nm,0.4,37,11,3.1320302486419678
187,tonic,nm,0.4,37,12,27.053314208984375
187,tonic,nm,0.4,37,13,2.715980052947998
187,tonic,nm,0.4,37,14,4.784241199493408
187,tonic,nm,0.4,37,15,0.9267371296882629
187,tonic,nm,0.4,37,16,8.280374526977539
187,tonic,nm,0.4,37,17,0.538163423538208
187,tonic,nm,0.4,37,18,0.6399877071380615
187,tonic,nm,0.4,37,19,0.23992447555065155
187,tonic,nm,0.4,37,20,1.215912103652954
187,tonic,nm,0.4,37,21,0.17518602311611176
187,tonic,nm,0.4,37,22,0.6609854698181152
187,tonic,nm,0.4,37,23,0.14752794802188873
187,tonic,nm,0.4,37,24,0.5509947538375854
188,tonic,grad,0.4,38,0,0.11682522296905518
188,tonic,grad,0.4,38,1,0.34701287746429443
188,tonic,grad,0.4,38,2,0.05481605976819992
188,tonic,grad,0.4,38,3,0.28245073556900024
188,tonic,grad,0.4,38,4,0.1224752813577652
188,tonic,grad,0.4,38,5,0.025001585483551025
188,tonic,grad,0.4,38,6,0.1194060891866684
188,tonic,grad,0.4,38,7,0.1545422077178955
188,tonic,grad,0.4,38,8,0.0757051408290863
188,tonic,grad,0.4,38,9,0.02118341252207756
188,tonic,grad,0.4,38,10,0.06295470148324966
188,tonic,grad,0.4,38,11,0.1062445268034935
188,tonic,grad,0.4,38,12,0.07196521759033203
188,tonic,grad,0.4,38,13,0.023575114086270332
188,tonic,grad,0.4,38,14,0.030709240585565567
188,tonic,grad,0.4,38,15,0.06396899372339249
188,tonic,grad,0.4,38,16,0.0610351637005806
188,tonic,grad,0.4,38,17,0.026410695165395737
188,tonic,grad,0.4,38,18,0.012041829526424408
188,tonic,grad,0.4,38,19,0.032058533281087875
188,tonic,grad,0.4,38,20,0.042325813323259354
188,tonic,grad,0.4,38,21,0.021450622007250786
188,tonic,grad,0.4,38,22,0.004341696389019489
188,tonic,grad,0.4,38,23,0.014231253415346146
188,tonic,grad,0.4,38,24,0.02617816999554634
188,tonic,nm,0.4,38,0,0.11682522296905518
188,tonic,nm,0.4,38,1,0.16342951357364655
188,tonic,nm,0.4,38,2,9.740527153015137
188,tonic,nm,0.4,38,3,0.14258715510368347
188,tonic,nm,0.4,38,4,8.045178413391113
188,tonic,nm,0.4,38,5,2.6122512817382812
188,tonic,nm,0.4,38,6,3.604490041732788
188,tonic,nm,0.4,38,7,0.8476348519325256
188,tonic,nm,0.4,38,8,1.4278866052627563
188,tonic,nm,0.4,38,9,0.29995590448379517
188,tonic,nm,0.4,38,10,0.6373417377471924
188,tonic,nm,0.4,38,11,0.14217890799045563
188,tonic,nm,0.4,38,12,0.045713044703006744
188,tonic,nm,0.4,38,13,0.031438425183296204
188,tonic,nm,0.4,38,14,0.2963652014732361
188,tonic,nm,0.4,38,15,0.08249303698539734
188,tonic,nm,0.4,38,16,0.09982752799987793
188,tonic,nm,0.4,38,17,0.04915118217468262
188,tonic,nm,0.4,38,18,0.04494812712073326
188,tonic,nm,0.4,38,19,0.05834830552339554
188,tonic,nm,0.4,38,20,0.031494203954935074
188,tonic,nm,0.4,38,21,0.16092054545879364
188,tonic,nm,0.4,38,22,0.02382514253258705
188,tonic,nm,0.4,38,23,0.013252566568553448
188,tonic,nm,0.4,38,24,0.01934787444770336
189,tonic,grad,0.4,39,0,7.406169414520264
189,tonic,grad,0.4,39,1,2.767049789428711
189,tonic,grad,0.4,39,2,0.4865994155406952
189,tonic,grad,0.4,39,3,0.8289399743080139
189,tonic,grad,0.4,39,4,2.1761302947998047
189,tonic,grad,0.4,39,5,2.374229907989502
189,tonic,grad,0.4,39,6,1.612330436706543
189,tonic,grad,0.4,39,7,0.7332329154014587
189,tonic,grad,0.4,39,8,0.25617271661758423
189,tonic,grad,0.4,39,9,0.24761971831321716
189,tonic,grad,0.4,39,10,0.5140745043754578
189,tonic,grad,0.4,39,11,0.8111208081245422
189,tonic,grad,0.4,39,12,0.9744543433189392
189,tonic,grad,0.4,39,13,0.9435021281242371
189,tonic,grad,0.4,39,14,0.7614437937736511
189,tonic,grad,0.4,39,15,0.5030114650726318
189,tonic,grad,0.4,39,16,0.2675810754299164
189,tonic,grad,0.4,39,17,0.12846173346042633
189,tonic,grad,0.4,39,18,0.11822505295276642
189,tonic,grad,0.4,39,19,0.2092820107936859
189,tonic,grad,0.4,39,20,0.3255644738674164
189,tonic,grad,0.4,39,21,0.3919898569583893
189,tonic,grad,0.4,39,22,0.3644275665283203
189,tonic,grad,0.4,39,23,0.26760387420654297
189,tonic,grad,0.4,39,24,0.1566629260778427
189,tonic,nm,0.4,39,0,7.406169414520264
189,tonic,nm,0.4,39,1,7.003287315368652
189,tonic,nm,0.4,39,2,0.8219767212867737
189,tonic,nm,0.4,39,3,5.983252048492432
189,tonic,nm,0.4,39,4,0.6071687340736389
189,tonic,nm,0.4,39,5,0.6276435852050781
189,tonic,nm,0.4,39,6,1.549643874168396
189,tonic,nm,0.4,39,7,10.420186042785645
189,tonic,nm,0.4,39,8,1.9029818773269653
189,tonic,nm,0.4,39,9,4.526941299438477
189,tonic,nm,0.4,39,10,0.7532867789268494
189,tonic,nm,0.4,39,11,2.432410717010498
189,tonic,nm,0.4,39,12,0.7654619216918945
189,tonic,nm,0.4,39,13,0.8229761719703674
189,tonic,nm,0.4,39,14,0.5970383882522583
189,tonic,nm,0.4,39,15,1.5462757349014282
189,tonic,nm,0.4,39,16,0.5223008394241333
189,tonic,nm,0.4,39,17,0.9192777872085571
189,tonic,nm,0.4,39,18,0.5665513277053833
189,tonic,nm,0.4,39,19,0.7140393257141113
189,tonic,nm,0.4,39,20,0.5231142640113831
189,tonic,nm,0.4,39,21,0.5676429867744446
189,tonic,nm,0.4,39,22,0.5091078281402588
189,tonic,nm,0.4,39,23,0.4827023446559906
189,tonic,nm,0.4,39,24,0.5505030155181885
190,tonic,grad,0.4,40,0,0.7910591959953308
190,tonic,grad,0.4,40,1,0.7826879620552063
190,tonic,grad,0.4,40,2,0.5706366896629333
190,tonic,grad,0.4,40,3,0.34283939003944397
190,tonic,grad,0.4,40,4,0.3742656409740448
190,tonic,grad,0.4,40,5,0.39449331164360046
190,tonic,grad,0.4,40,6,0.2954305410385132
190,tonic,grad,0.4,40,7,0.1791197508573532
190,tonic,grad,0.4,40,8,0.13506150245666504
190,tonic,grad,0.4,40,9,0.14945831894874573
190,tonic,grad,0.4,40,10,0.14901532232761383
190,tonic,grad,0.4,40,11,0.10822656750679016
190,tonic,grad,0.4,40,12,0.06295089423656464
190,tonic,grad,0.4,40,13,0.047479141503572464
190,tonic,grad,0.4,40,14,0.05902586132287979
190,tonic,grad,0.4,40,15,0.07026850432157516
190,tonic,grad,0.4,40,16,0.06310370564460754
190,tonic,grad,0.4,40,17,0.0417817123234272
190,tonic,grad,0.4,40,18,0.02261042222380638
190,tonic,grad,0.4,40,19,0.017685934901237488
190,tonic,grad,0.4,40,20,0.024675553664565086
190,tonic,grad,0.4,40,21,0.03086278773844242
190,tonic,grad,0.4,40,22,0.027102535590529442
190,tonic,grad,0.4,40,23,0.01664956659078598
190,tonic,grad,0.4,40,24,0.00905617605894804
190,tonic,nm,0.4,40,0,0.7910591959953308
190,tonic,nm,0.4,40,1,0.734449565410614
190,tonic,nm,0.4,40,2,7.236854076385498
190,tonic,nm,0.4,40,3,0.42806142568588257
190,tonic,nm,0.4,40,4,11.568636894226074
190,tonic,nm,0.4,40,5,2.3556015491485596
190,tonic,nm,0.4,40,6,4.880027770996094
190,tonic,nm,0.4,40,7,0.911510169506073
190,tonic,nm,0.4,40,8,2.381047487258911
190,tonic,nm,0.4,40,9,0.5488736033439636
190,tonic,nm,0.4,40,10,0.44545096158981323
190,tonic,nm,0.4,40,11,0.6177054643630981
190,tonic,nm,0.4,40,12,0.48060381412506104
190,tonic,nm,0.4,40,13,0.28084543347358704
190,tonic,nm,0.4,40,14,0.233393132686615
190,tonic,nm,0.4,40,15,0.478384405374527
190,tonic,nm,0.4,40,16,0.37982478737831116
190,tonic,nm,0.4,40,17,0.5685290694236755
190,tonic,nm,0.4,40,18,0.3608252704143524
190,tonic,nm,0.4,40,19,0.22557729482650757
190,tonic,nm,0.4,40,20,0.19112974405288696
190,tonic,nm,0.4,40,21,0.2692570984363556
190,tonic,nm,0.4,40,22,0.10416610538959503
190,tonic,nm,0.4,40,23,0.056568533182144165
190,tonic,nm,0.4,40,24,0.14273707568645477
191,tonic,grad,0.4,41,0,0.4858098030090332
191,tonic,grad,0.4,41,1,0.20821009576320648
191,tonic,grad,0.4,41,2,0.40962496399879456
191,tonic,grad,0.4,41,3,0.19587761163711548
191,tonic,grad,0.4,41,4,0.044819630682468414
191,tonic,grad,0.4,41,5,0.13324950635433197
191,tonic,grad,0.4,41,6,0.21010491251945496
191,tonic,grad,0.4,41,7,0.12654535472393036
191,tonic,grad,0.4,41,8,0.028073683381080627
191,tonic,grad,0.4,41,9,0.03408306464552879
191,tonic,grad,0.4,41,10,0.09680711477994919
191,tonic,grad,0.4,41,11,0.11238398402929306
191,tonic,grad,0.4,41,12,0.06529594212770462
191,tonic,grad,0.4,41,13,0.017618736252188683
191,tonic,grad,0.4,41,14,0.024093475192785263
191,tonic,grad,0.4,41,15,0.06387151032686234
191,tonic,grad,0.4,41,16,0.07329438626766205
191,tonic,grad,0.4,41,17,0.04209284111857414
191,tonic,grad,0.4,41,18,0.01675340160727501
191,tonic,grad,0.4,41,19,0.02629539556801319
191,tonic,grad,0.4,41,20,0.049497563391923904
191,tonic,grad,0.4,41,21,0.0514981672167778
191,tonic,grad,0.4,41,22,0.031309824436903
191,tonic,grad,0.4,41,23,0.015538830310106277
191,tonic,grad,0.4,41,24,0.02130979299545288
191,tonic,nm,0.4,41,0,0.4858098030090332
191,tonic,nm,0.4,41,1,0.5802966356277466
191,tonic,nm,0.4,41,2,13.647873878479004
191,tonic,nm,0.4,41,3,0.9719706773757935
191,tonic,nm,0.4,41,4,5.216891765594482
191,tonic,nm,0.4,41,5,1.1871672868728638
191,tonic,nm,0.4,41,6,6.110340118408203
191,tonic,nm,0.4,41,7,0.24378037452697754
191,tonic,nm,0.4,41,8,0.08552834391593933
191,tonic,nm,0.4,41,9,0.3091830313205719
191,tonic,nm,0.4,41,10,0.4659883975982666
191,tonic,nm,0.4,41,11,1.7974470853805542
191,tonic,nm,0.4,41,12,0.15166805684566498
191,tonic,nm,0.4,41,13,0.28109031915664673
191,tonic,nm,0.4,41,14,0.1455715447664261
191,tonic,nm,0.4,41,15,0.21476978063583374
191,tonic,nm,0.4,41,16,0.13137748837471008
191,tonic,nm,0.4,41,17,0.03993980213999748
191,tonic,nm,0.4,41,18,0.03594496101140976
191,tonic,nm,0.4,41,19,0.05675823614001274
191,tonic,nm,0.4,41,20,0.3516203761100769
191,tonic,nm,0.4,41,21,0.04955223202705383
191,tonic,nm,0.4,41,22,0.03053884394466877
191,tonic,nm,0.4,41,23,0.06118164211511612
191,tonic,nm,0.4,41,24,0.11357533186674118
192,tonic,grad,0.4,42,0,0.8673245906829834
192,tonic,grad,0.4,42,1,0.6615790724754333
192,tonic,grad,0.4,42,2,0.6208075881004333
192,tonic,grad,0.4,42,3,0.3488229513168335
192,tonic,grad,0.4,42,4,0.32277563214302063
192,tonic,grad,0.4,42,5,0.38045987486839294
192,tonic,grad,0.4,42,6,0.3297545611858368
192,tonic,grad,0.4,42,7,0.21528053283691406
192,tonic,grad,0.4,42,8,0.13976521790027618
192,tonic,grad,0.4,42,9,0.13733740150928497
192,tonic,grad,0.4,42,10,0.1539415866136551
192,tonic,grad,0.4,42,11,0.13436821103096008
192,tonic,grad,0.4,42,12,0.08836020529270172
192,tonic,grad,0.4,42,13,0.05536305904388428
192,tonic,grad,0.4,42,14,0.05345573276281357
192,tonic,grad,0.4,42,15,0.06657946854829788
192,tonic,grad,0.4,42,16,0.0721258893609047
192,tonic,grad,0.4,42,17,0.05933188647031784
192,tonic,grad,0.4,42,18,0.0378044992685318
192,tonic,grad,0.4,42,19,0.022725405171513557
192,tonic,grad,0.4,42,20,0.021304870024323463
192,tonic,grad,0.4,42,21,0.028428494930267334
192,tonic,grad,0.4,42,22,0.032201968133449554
192,tonic,grad,0.4,42,23,0.026816558092832565
192,tonic,grad,0.4,42,24,0.016868485137820244
192,tonic,nm,0.4,42,0,0.8673245906829834
192,tonic,nm,0.4,42,1,0.791118323802948
192,tonic,nm,0.4,42,2,6.753140926361084
192,tonic,nm,0.4,42,3,0.4642289876937866
192,tonic,nm,0.4,42,4,12.165362358093262
192,tonic,nm,0.4,42,5,2.096681833267212
192,tonic,nm,0.4,42,6,5.251541614532471
192,tonic,nm,0.4,42,7,0.7840136885643005
192,tonic,nm,0.4,42,8,0.5410170555114746
192,tonic,nm,0.4,42,9,1.1846424341201782
192,tonic,nm,0.4,42,10,0.524161159992218
192,tonic,nm,0.4,42,11,0.7496022582054138
192,tonic,nm,0.4,42,12,0.5194907784461975
192,tonic,nm,0.4,42,13,1.4082746505737305
192,tonic,nm,0.4,42,14,0.40589815378189087
192,tonic,nm,0.4,42,15,0.3281727135181427
192,tonic,nm,0.4,42,16,0.27988648414611816
192,tonic,nm,0.4,42,17,0.30818822979927063
192,tonic,nm,0.4,42,18,0.3577679693698883
192,tonic,nm,0.4,42,19,0.16544882953166962
192,tonic,nm,0.4,42,20,0.11780828982591629
192,tonic,nm,0.4,42,21,0.30029311776161194
192,tonic,nm,0.4,42,22,0.3530924916267395
192,tonic,nm,0.4,42,23,0.2343674600124359
192,tonic,nm,0.4,42,24,0.2744051516056061
193,tonic,grad,0.4,43,0,1.6995652914047241
193,tonic,grad,0.4,43,1,1.0631836652755737
193,tonic,grad,0.4,43,2,1.2646278142929077
193,tonic,grad,0.4,43,3,1.152355432510376
193,tonic,grad,0.4,43,4,0.8644797801971436
193,tonic,grad,0.4,43,5,0.6379567384719849
193,tonic,grad,0.4,43,6,0.5526203513145447
193,tonic,grad,0.4,43,7,0.5438309907913208
193,tonic,grad,0.4,43,8,0.5105140805244446
193,tonic,grad,0.4,43,9,0.42303434014320374
193,tonic,grad,0.4,43,10,0.319485604763031
193,tonic,grad,0.4,43,11,0.24252784252166748
193,tonic,grad,0.4,43,12,0.20626983046531677
193,tonic,grad,0.4,43,13,0.20051342248916626
193,tonic,grad,0.4,43,14,0.20250412821769714
193,tonic,grad,0.4,43,15,0.19451674818992615
193,tonic,grad,0.4,43,16,0.17416715621948242
193,tonic,grad,0.4,43,17,0.14231601357460022
193,tonic,grad,0.4,43,18,0.10926466435194016
193,tonic,grad,0.4,43,19,0.08488742262125015
193,tonic,grad,0.4,43,20,0.07214304059743881
193,tonic,grad,0.4,43,21,0.06970793753862381
193,tonic,grad,0.4,43,22,0.07204478234052658
193,tonic,grad,0.4,43,23,0.07271493971347809
193,tonic,grad,0.4,43,24,0.06846476346254349
193,tonic,nm,0.4,43,0,1.6995652914047241
193,tonic,nm,0.4,43,1,1.811977744102478
193,tonic,nm,0.4,43,2,16.790992736816406
193,tonic,nm,0.4,43,3,2.06661319732666
193,tonic,nm,0.4,43,4,4.430417060852051
193,tonic,nm,0.4,43,5,1.220341444015503
193,tonic,nm,0.4,43,6,1.1847001314163208
193,tonic,nm,0.4,43,7,2.0388245582580566
193,tonic,nm,0.4,43,8,2.0594301223754883
193,tonic,nm,0.4,43,9,1.1620949506759644
193,tonic,nm,0.4,43,10,2.483609676361084
193,tonic,nm,0.4,43,11,1.0725035667419434
193,tonic,nm,0.4,43,12,2.278653144836426
193,tonic,nm,0.4,43,13,0.9097539782524109
193,tonic,nm,0.4,43,14,1.4102351665496826
193,tonic,nm,0.4,43,15,0.9683516025543213
193,tonic,nm,0.4,43,16,1.1688168048858643
193,tonic,nm,0.4,43,17,0.9699615240097046
193,tonic,nm,0.4,43,18,1.1843777894973755
193,tonic,nm,0.4,43,19,0.9290603399276733
193,tonic,nm,0.4,43,20,1.082261562347412
193,tonic,nm,0.4,43,21,0.8959218859672546
193,tonic,nm,0.4,43,22,0.7894540429115295
193,tonic,nm,0.4,43,23,0.7834212779998779
193,tonic,nm,0.4,43,24,0.7408240437507629
194,tonic,grad,0.4,44,0,83.0836410522461
194,tonic,grad,0.4,44,1,64.50482177734375
194,tonic,grad,0.4,44,2,46.85448455810547
194,tonic,grad,0.4,44,3,30.743711471557617
194,tonic,grad,0.4,44,4,17.006162643432617
194,tonic,grad,0.4,44,5,6.787285327911377
194,tonic,grad,0.4,44,6,1.1661419868469238
194,tonic,grad,0.4,44,7,0.6721635460853577
194,tonic,grad,0.4,44,8,4.4055867195129395
194,tonic,grad,0.4,44,9,9.613981246948242
194,tonic,grad,0.4,44,10,13.242391586303711
194,tonic,grad,0.4,44,11,13.942367553710938
194,tonic,grad,0.4,44,12,12.096563339233398
194,tonic,grad,0.4,44,13,8.809345245361328
194,tonic,grad,0.4,44,14,5.283968448638916
194,tonic,grad,0.4,44,15,2.4456655979156494
194,tonic,grad,0.4,44,16,0.760757327079773
194,tonic,grad,0.4,44,17,0.27342554926872253
194,tonic,grad,0.4,44,18,0.728204071521759
194,tonic,grad,0.4,44,19,1.7084693908691406
194,tonic,grad,0.4,44,20,2.7984983921051025
194,tonic,grad,0.4,44,21,3.6785974502563477
194,tonic,grad,0.4,44,22,4.160383701324463
194,tonic,grad,0.4,44,23,4.180997371673584
194,tonic,grad,0.4,44,24,3.780160665512085
194,tonic,nm,0.4,44,0,83.0836410522461
194,tonic,nm,0.4,44,1,80.64574432373047
194,tonic,nm,0.4,44,2,36.71207046508789
194,tonic,nm,0.4,44,3,79.4072036743164
194,tonic,nm,0.4,44,4,46.966556549072266
194,tonic,nm,0.4,44,5,30.463233947753906
194,tonic,nm,0.4,44,6,18.812292098999023
194,tonic,nm,0.4,44,7,7.011663913726807
194,tonic,nm,0.4,44,8,0.7070600986480713
194,tonic,nm,0.4,44,9,0.4815499186515808
194,tonic,nm,0.4,44,10,3.951596736907959
194,tonic,nm,0.4,44,11,7.78629732131958
194,tonic,nm,0.4,44,12,31.47957992553711
194,tonic,nm,0.4,44,13,5.313429832458496
194,tonic,nm,0.4,44,14,22.334476470947266
194,tonic,nm,0.4,44,15,1.6851627826690674
194,tonic,nm,0.4,44,16,6.641195297241211
194,tonic,nm,0.4,44,17,1.8871701955795288
194,tonic,nm,0.4,44,18,2.7044265270233154
194,tonic,nm,0.4,44,19,0.8090655207633972
194,tonic,nm,0.4,44,20,5.031391143798828
194,tonic,nm,0.4,44,21,0.5784050822257996
194,tonic,nm,0.4,44,22,0.6796765327453613
194,tonic,nm,0.4,44,23,1.107146978378296
194,tonic,nm,0.4,44,24,0.4851079285144806
195,tonic,grad,0.4,45,0,13.636710166931152
195,tonic,grad,0.4,45,1,6.782614231109619
195,tonic,grad,0.4,45,2,2.0608952045440674
195,tonic,grad,0.4,45,3,0.13286836445331573
195,tonic,grad,0.4,45,4,1.065488338470459
195,tonic,grad,0.4,45,5,3.0090842247009277
195,tonic,grad,0.4,45,6,3.642509698867798
195,tonic,grad,0.4,45,7,2.8368570804595947
195,tonic,grad,0.4,45,8,1.5519212484359741
195,tonic,grad,0.4,45,9,0.5282440185546875
195,tonic,grad,0.4,45,10,0.09462659060955048
195,tonic,grad,0.4,45,11,0.19790951907634735
195,tonic,grad,0.4,45,12,0.5907717943191528
195,tonic,grad,0.4,45,13,1.0115975141525269
195,tonic,grad,0.4,45,14,1.280944585800171
195,tonic,grad,0.4,45,15,1.319621205329895
195,tonic,grad,0.4,45,16,1.1473366022109985
195,tonic,grad,0.4,45,17,0.8399211168289185
195,tonic,grad,0.4,45,18,0.49949711561203003
195,tonic,grad,0.4,45,19,0.21984097361564636
195,tonic,grad,0.4,45,20,0.08093664795160294
195,tonic,grad,0.4,45,21,0.10528046637773514
195,tonic,grad,0.4,45,22,0.24944047629833221
195,tonic,grad,0.4,45,23,0.4189014732837677
195,tonic,grad,0.4,45,24,0.5227575302124023
195,tonic,nm,0.4,45,0,13.636710166931152
195,tonic,nm,0.4,45,1,12.97043228149414
195,tonic,nm,0.4,45,2,0.6271862983703613
195,tonic,nm,0.4,45,3,11.849530220031738
195,tonic,nm,0.4,45,4,2.143907070159912
195,tonic,nm,0.4,45,5,0.14418289065361023
195,tonic,nm,0.4,45,6,1.6062240600585938
195,tonic,nm,0.4,45,7,4.637396335601807
195,tonic,nm,0.4,45,8,1.1405627727508545
195,tonic,nm,0.4,45,9,2.959144115447998
195,tonic,nm,0.4,45,10,0.7942646741867065
195,tonic,nm,0.4,45,11,3.5830070972442627
195,tonic,nm,0.4,45,12,0.3668842613697052
195,tonic,nm,0.4,45,13,0.6057307720184326
195,tonic,nm,0.4,45,14,1.7148873805999756
195,tonic,nm,0.4,45,15,0.28682607412338257
195,tonic,nm,0.4,45,16,0.45179998874664307
195,tonic,nm,0.4,45,17,0.27166903018951416
195,tonic,nm,0.4,45,18,0.6216381788253784
195,tonic,nm,0.4,45,19,0.2374078333377838
195,tonic,nm,0.4,45,20,0.1497674435377121
195,tonic,nm,0.4,45,21,0.3445408344268799
195,tonic,nm,0.4,45,22,0.19684575498104095
195,tonic,nm,0.4,45,23,0.12666410207748413
195,tonic,nm,0.4,45,24,0.14357684552669525
196,tonic,grad,0.4,46,0,41.8797492980957
196,tonic,grad,0.4,46,1,30.005311965942383
196,tonic,grad,0.4,46,2,20.99565887451172
196,tonic,grad,0.4,46,3,14.272092819213867
196,tonic,grad,0.4,46,4,9.357229232788086
196,tonic,grad,0.4,46,5,5.871002674102783
196,tonic,grad,0.4,46,6,3.5150938034057617
196,tonic,grad,0.4,46,7,2.0901002883911133
196,tonic,grad,0.4,46,8,1.4007078409194946
196,tonic,grad,0.4,46,9,1.2647695541381836
196,tonic,grad,0.4,46,10,1.472247838973999
196,tonic,grad,0.4,46,11,1.8150213956832886
196,tonic,grad,0.4,46,12,2.138698101043701
196,tonic,grad,0.4,46,13,2.34979510307312
196,tonic,grad,0.4,46,14,2.426954746246338
196,tonic,grad,0.4,46,15,2.3713948726654053
196,tonic,grad,0.4,46,16,2.214291572570801
196,tonic,grad,0.4,46,17,1.9928233623504639
196,tonic,grad,0.4,46,18,1.7416785955429077
196,tonic,grad,0.4,46,19,1.4898066520690918
196,tonic,grad,0.4,46,20,1.258235216140747
196,tonic,grad,0.4,46,21,1.0638196468353271
196,tonic,grad,0.4,46,22,0.9123180508613586
196,tonic,grad,0.4,46,23,0.7982079982757568
196,tonic,grad,0.4,46,24,0.7189205884933472
196,tonic,nm,0.4,46,0,41.8797492980957
196,tonic,nm,0.4,46,1,42.49290084838867
196,tonic,nm,0.4,46,2,90.34803009033203
196,tonic,nm,0.4,46,3,45.78533172607422
196,tonic,nm,0.4,46,4,13.944234848022461
196,tonic,nm,0.4,46,5,6.824499130249023
196,tonic,nm,0.4,46,6,12.974946975708008
196,tonic,nm,0.4,46,7,5.917416572570801
196,tonic,nm,0.4,46,8,6.019759654998779
196,tonic,nm,0.4,46,9,6.583060264587402
196,tonic,nm,0.4,46,10,7.728916645050049
196,tonic,nm,0.4,46,11,7.1890082359313965
196,tonic,nm,0.4,46,12,5.700809001922607
196,tonic,nm,0.4,46,13,5.22678804397583
196,tonic,nm,0.4,46,14,5.022318363189697
196,tonic,nm,0.4,46,15,4.455563068389893
196,tonic,nm,0.4,46,16,3.8868510723114014
196,tonic,nm,0.4,46,17,3.0821287631988525
196,tonic,nm,0.4,46,18,2.741109609603882
196,tonic,nm,0.4,46,19,1.9125033617019653
196,tonic,nm,0.4,46,20,1.3970969915390015
196,tonic,nm,0.4,46,21,0.7207549810409546
196,tonic,nm,0.4,46,22,0.5356771945953369
196,tonic,nm,0.4,46,23,1.438933253288269
196,tonic,nm,0.4,46,24,1.1453955173492432
197,tonic,grad,0.4,47,0,4.239721298217773
197,tonic,grad,0.4,47,1,1.1707921028137207
197,tonic,grad,0.4,47,2,0.5331341624259949
197,tonic,grad,0.4,47,3,1.5182613134384155
197,tonic,grad,0.4,47,4,1.7214436531066895
197,tonic,grad,0.4,47,5,1.114672303199768
197,tonic,grad,0.4,47,6,0.5090221166610718
197,tonic,grad,0.4,47,7,0.28825438022613525
197,tonic,grad,0.4,47,8,0.4126516580581665
197,tonic,grad,0.4,47,9,0.6413943767547607
197,tonic,grad,0.4,47,10,0.7751843929290771
197,tonic,grad,0.4,47,11,0.7415051460266113
197,tonic,grad,0.4,47,12,0.5717669129371643
197,tonic,grad,0.4,47,13,0.3608800768852234
197,tonic,grad,0.4,47,14,0.19677813351154327
197,tonic,grad,0.4,47,15,0.13929320871829987
197,tonic,grad,0.4,47,16,0.18531876802444458
197,tonic,grad,0.4,47,17,0.27037397027015686
197,tonic,grad,0.4,47,18,0.3199605941772461
197,tonic,grad,0.4,47,19,0.2929275631904602
197,tonic,grad,0.4,47,20,0.2076335996389389
197,tonic,grad,0.4,47,21,0.11980532109737396
197,tonic,grad,0.4,47,22,0.07133159786462784
197,tonic,grad,0.4,47,23,0.07336778193712234
197,tonic,grad,0.4,47,24,0.10642028599977493
197,tonic,nm,0.4,47,0,4.239721298217773
197,tonic,nm,0.4,47,1,3.9822938442230225
197,tonic,nm,0.4,47,2,2.0968596935272217
197,tonic,nm,0.4,47,3,3.1471292972564697
197,tonic,nm,0.4,47,4,0.7137294411659241
197,tonic,nm,0.4,47,5,1.8212387561798096
197,tonic,nm,0.4,47,6,3.72432017326355
197,tonic,nm,0.4,47,7,1.5924313068389893
197,tonic,nm,0.4,47,8,11.902070045471191
197,tonic,nm,0.4,47,9,0.8669726848602295
197,tonic,nm,0.4,47,10,0.8249441981315613
197,tonic,nm,0.4,47,11,3.040337324142456
197,tonic,nm,0.4,47,12,0.7424408197402954
197,tonic,nm,0.4,47,13,0.9966880679130554
197,tonic,nm,0.4,47,14,0.6032807230949402
197,tonic,nm,0.4,47,15,1.6828263998031616
197,tonic,nm,0.4,47,16,0.540431022644043
197,tonic,nm,0.4,47,17,0.9189620018005371
197,tonic,nm,0.4,47,18,0.5686601400375366
197,tonic,nm,0.4,47,19,0.7996324896812439
197,tonic,nm,0.4,47,20,0.564659059047699
197,tonic,nm,0.4,47,21,0.6420040130615234
197,tonic,nm,0.4,47,22,0.5297400951385498
197,tonic,nm,0.4,47,23,0.683069109916687
197,tonic,nm,0.4,47,24,0.5120478272438049
198,tonic,grad,0.4,48,0,23.84760856628418
198,tonic,grad,0.4,48,1,14.575748443603516
198,tonic,grad,0.4,48,2,7.141141891479492
198,tonic,grad,0.4,48,3,2.25423264503479
198,tonic,grad,0.4,48,4,0.6016862988471985
198,tonic,grad,0.4,48,5,2.113790273666382
198,tonic,grad,0.4,48,6,4.809586524963379
198,tonic,grad,0.4,48,7,6.107776641845703
198,tonic,grad,0.4,48,8,5.474830627441406
198,tonic,grad,0.4,48,9,3.7958457469940186
198,tonic,grad,0.4,48,10,2.093869209289551
198,tonic,grad,0.4,48,11,0.9866481423377991
198,tonic,grad,0.4,48,12,0.6461743116378784
198,tonic,grad,0.4,48,13,0.9115839004516602
198,tonic,grad,0.4,48,14,1.4695475101470947
198,tonic,grad,0.4,48,15,2.023881435394287
198,tonic,grad,0.4,48,16,2.373832941055298
198,tonic,grad,0.4,48,17,2.4242124557495117
198,tonic,grad,0.4,48,18,2.2064361572265625
198,tonic,grad,0.4,48,19,1.7913622856140137
198,tonic,grad,0.4,48,20,1.294818639755249
198,tonic,grad,0.4,48,21,0.8621756434440613
198,tonic,grad,0.4,48,22,0.5956529974937439
198,tonic,grad,0.4,48,23,0.5450641512870789
198,tonic,grad,0.4,48,24,0.6874039173126221
198,tonic,nm,0.4,48,0,23.84760856628418
198,tonic,nm,0.4,48,1,22.6303768157959
198,tonic,nm,0.4,48,2,3.396364450454712
198,tonic,nm,0.4,48,3,22.015010833740234
198,tonic,nm,0.4,48,4,7.011675834655762
198,tonic,nm,0.4,48,5,1.921230435371399
198,tonic,nm,0.4,48,6,0.45655372738838196
198,tonic,nm,0.4,48,7,3.0381298065185547
198,tonic,nm,0.4,48,8,6.658893585205078
198,tonic,nm,0.4,48,9,2.36519455909729
198,tonic,nm,0.4,48,10,15.674065589904785
198,tonic,nm,0.4,48,11,0.6310328245162964
198,tonic,nm,0.4,48,12,1.8224709033966064
198,tonic,nm,0.4,48,13,7.675025463104248
198,tonic,nm,0.4,48,14,0.6602657437324524
198,tonic,nm,0.4,48,15,1.4827488660812378
198,tonic,nm,0.4,48,16,0.6888092756271362
198,tonic,nm,0.4,48,17,0.8752048015594482
198,tonic,nm,0.4,48,18,0.43475478887557983
198,tonic,nm,0.4,48,19,0.9630605578422546
198,tonic,nm,0.4,48,20,0.41224974393844604
198,tonic,nm,0.4,48,21,1.575732946395874
198,tonic,nm,0.4,48,22,0.3649847209453583
198,tonic,nm,0.4,48,23,0.26695895195007324
198,tonic,nm,0.4,48,24,0.2746184468269348
199,tonic,grad,0.4,49,0,21.243337631225586
199,tonic,grad,0.4,49,1,13.239056587219238
199,tonic,grad,0.4,49,2,7.797533988952637
199,tonic,grad,0.4,49,3,4.340721130371094
199,tonic,grad,0.4,49,4,2.361521005630493
199,tonic,grad,0.4,49,5,1.4549778699874878
199,tonic,grad,0.4,49,6,1.292586088180542
199,tonic,grad,0.4,49,7,1.5875165462493896
199,tonic,grad,0.4,49,8,2.097092390060425
199,tonic,grad,0.4,49,9,2.6099822521209717
199,tonic,grad,0.4,49,10,2.9783482551574707
199,tonic,grad,0.4,49,11,3.1221399307250977
199,tonic,grad,0.4,49,12,3.0488741397857666
199,tonic,grad,0.4,49,13,2.7933785915374756
199,tonic,grad,0.4,49,14,2.4199957847595215
199,tonic,grad,0.4,49,15,1.9838541746139526
199,tonic,grad,0.4,49,16,1.555427074432373
199,tonic,grad,0.4,49,17,1.1749850511550903
199,tonic,grad,0.4,49,18,0.8675484657287598
199,tonic,grad,0.4,49,19,0.6482319235801697
199,tonic,grad,0.4,49,20,0.511594295501709
199,tonic,grad,0.4,49,21,0.4463549852371216
199,tonic,grad,0.4,49,22,0.4325554370880127
199,tonic,grad,0.4,49,23,0.45105937123298645
199,tonic,grad,0.4,49,24,0.483940064907074
199,tonic,nm,0.4,49,0,21.243337631225586
199,tonic,nm,0.4,49,1,21.716297149658203
199,tonic,nm,0.4,49,2,58.631797790527344
199,tonic,nm,0.4,49,3,23.79239273071289
199,tonic,nm,0.4,49,4,3.3809633255004883
199,tonic,nm,0.4,49,5,0.6861982941627502
199,tonic,nm,0.4,49,6,3.2534728050231934
199,tonic,nm,0.4,49,7,0.5998200178146362
199,tonic,nm,0.4,49,8,0.5790443420410156
199,tonic,nm,0.4,49,9,0.756020724773407
199,tonic,nm,0.4,49,10,0.7617126703262329
199,tonic,nm,0.4,49,11,0.7063650488853455
199,tonic,nm,0.4,49,12,0.5438703894615173
199,tonic,nm,0.4,49,13,0.4815102815628052
199,tonic,nm,0.4,49,14,0.48143088817596436
199,tonic,nm,0.4,49,15,0.44626545906066895
199,tonic,nm,0.4,49,16,0.3414503335952759
199,tonic,nm,0.4,49,17,0.28372490406036377
199,tonic,nm,0.4,49,18,0.1989867240190506
199,tonic,nm,0.4,49,19,0.11496788263320923
199,tonic,nm,0.4,49,20,0.38491639494895935
199,tonic,nm,0.4,49,21,0.21448399126529694
199,tonic,nm,0.4,49,22,0.07684675604104996
199,tonic,nm,0.4,49,23,0.09982044994831085
199,tonic,nm,0.4,49,24,0.034483734518289566
