scenario_idx,base,method,delta,direction_idx,n_clipped,init_loss,final_loss,converged,iters_to_tol,n_iter,elapsed_s,param_err_C_m,param_err_E_L,param_err_g_L,C_m_gt,E_L_gt,g_L_gt,C_m_fit,E_L_fit,g_L_fit
0,tonic,grad,0.1,0,0,0.09664947539567947,0.011845767498016357,1,0,25,0.9924910068511963,0.05751283054774379,0.00067181562584469,0.15509925056842722,198.21533200742638,-69.70136619722761,9.660674272430121,184.9873809814453,-69.73159790039062,10.901468276977539
0,tonic,nm,0.1,0,0,0.09664947539567947,0.012094887904822826,1,0,25,0.3888392448425293,0.0793686369925649,0.0018556100554999629,0.17309428916281222,198.21533200742638,-69.70136619722761,9.660674272430121,179.96054549913646,-69.61786374473012,11.045428585732619
1,tonic,grad,0.1,1,0,0.5354226231575012,0.027597293257713318,1,7,25,0.6049082279205322,0.165711579074843,0.004591217588680744,0.19180808277306038,194.3568272497139,-68.68678967872421,10.078198606858486,156.2431640625,-68.89339447021484,11.612663269042969
1,tonic,nm,0.1,1,0,0.5354226231575012,0.13938668370246887,0,-1,25,0.4004800319671631,0.01734946765232275,0.011684478228739041,0.08291791317644748,194.3568272497139,-68.68678967872421,10.078198606858486,190.36644968967965,-69.21259119901747,10.741541912270065
2,tonic,grad,0.1,2,0,5.560669422149658,0.024801474064588547,1,2,25,0.5945098400115967,0.041678488251598304,0.007140722703498328,0.1784694093079886,208.06833612986676,-72.16203076384492,9.721694073985798,217.65438842773438,-71.8406982421875,11.149449348449707
2,tonic,nm,0.1,2,0,5.560669422149658,0.02861335501074791,1,4,25,0.38916802406311035,0.007235096228354519,0.003894041929857571,0.10519727836492732,208.06833612986676,-72.16203076384492,9.721694073985798,206.40426399734523,-72.33726265068852,10.563272300905217
3,tonic,grad,0.1,3,2,1.3764934539794922,0.00757942721247673,1,12,25,0.584244966506958,0.07934634412130381,0.0004584470114451733,0.18668436133073696,204.2811380297358,-68.08834099197988,9.949261735025491,186.03147888183594,-68.06771087646484,11.442736625671387
3,tonic,nm,0.1,3,2,1.3764934539794922,0.08744947612285614,1,20,25,0.38663315773010254,0.00918555988456534,0.0010913954409813994,0.08378801226779808,204.2811380297358,-68.08834099197988,9.949261735025491,202.1684592562858,-68.13745378682404,10.619565833167876
4,tonic,grad,0.1,4,0,0.25744181871414185,0.01160252746194601,1,7,25,0.6219329833984375,0.0919323856467859,0.0008695198786069922,0.16722482871253153,192.49450057864357,-69.28188046973263,10.469853843749455,171.3500518798828,-69.24275207519531,11.807652473449707
4,tonic,nm,0.1,4,0,0.25744181871414185,0.012670581229031086,1,16,25,0.38907384872436523,0.05456239331415294,0.0027478167695073174,0.13369015318119093,192.49450057864357,-69.28188046973263,10.469853843749455,179.9451501163884,-69.40553222436046,11.539375069198982
5,tonic,grad,0.1,5,0,3.080915689468384,0.034369442611932755,1,6,25,0.6479151248931885,0.05446758824568156,0.00698314449711164,0.19414032724788077,203.83407274548543,-71.5914097762958,9.667944810605821,216.3616180419922,-71.27716827392578,11.221067428588867
5,tonic,nm,0.1,5,0,3.080915689468384,0.06806127727031708,1,23,25,0.4594240188598633,9.025939018791317e-05,0.008768309706039822,0.06805745686699827,203.83407274548543,-71.5914097762958,9.667944810605821,203.8133130857422,-71.9859837130676,10.212404465541807
6,tonic,grad,0.1,6,0,0.38047200441360474,0.02437163144350052,1,4,25,0.5924248695373535,0.07470256882395893,0.0037337633099367748,0.2855481462501781,195.802547250409,-68.92641168293153,10.01738217924174,178.62095642089844,-68.75839233398438,12.301767349243164
6,tonic,nm,0.1,6,0,0.38047200441360474,0.017908213660120964,1,17,25,0.38867783546447754,0.13657006535203445,0.0038471139163119812,0.2227487445975962,195.802547250409,-68.92641168293153,10.01738217924174,164.39143221944107,-69.09953180916557,11.799372136022509
7,tonic,grad,0.1,7,0,1.9994053840637207,0.011696986854076385,1,14,25,0.5889718532562256,0.09164054378328451,6.732721742979367e-05,0.1728316040193567,193.05953332210856,-67.76323614435628,10.369629310484306,171.98220825195312,-67.76626586914062,11.75228214263916
7,tonic,nm,0.1,7,0,1.9994053840637207,0.3149402141571045,0,-1,25,0.3903539180755615,0.06237713112470581,0.02031826614004299,0.04856120945956288,193.05953332210856,-67.76323614435628,10.369629310484306,207.4062734807909,-68.67755812065822,9.981139634807803
8,tonic,grad,0.1,8,0,1.2693120241165161,0.014263469725847244,1,5,25,0.593815803527832,0.012459954286897256,0.00396888302318372,0.22565951014930352,193.7512912024902,-70.60447253877764,9.768796756635162,196.61708068847656,-70.42587280273438,11.57407283782959
8,tonic,nm,0.1,8,0,1.2693120241165161,0.14694669842720032,0,-1,25,0.3944401741027832,0.04321912088163035,0.003383669781362957,0.07053511590833583,193.7512912024902,-70.60447253877764,9.768796756635162,203.69168900526518,-70.75673767893898,10.333077683901848
9,tonic,grad,0.1,9,1,1.5264371633529663,0.03270922228693962,1,5,25,0.5864272117614746,0.006494210450766811,0.007238021479694604,0.22478460187898874,191.16805950159707,-70.83437795877376,9.780206766511059,192.66172790527344,-70.5086669921875,11.578483581542969
9,tonic,nm,0.1,9,1,1.5264371633529663,0.09450706839561462,1,23,25,0.391294002532959,0.05566727701363905,0.0009401082930487013,0.11502623006605428,191.16805950159707,-70.83437795877376,9.780206766511059,203.97153321473405,-70.79207308558657,10.700416607039493
10,tonic,grad,0.1,10,1,0.251260906457901,0.024157116189599037,1,6,25,0.6152091026306152,0.0712251871494564,0.0037110981242297687,0.19317443883408503,197.44771101312497,-69.90558584137159,9.679713589669117,181.06591796875,-69.73858642578125,11.225109100341797
10,tonic,nm,0.1,10,1,0.251260906457901,0.03715197741985321,1,3,25,0.38874292373657227,0.007091956482311136,0.008373172166660146,0.21900939879391546,197.44771101312497,-69.90558584137159,9.679713589669117,199.07886100405653,-69.52879309387188,11.43178878002044
11,tonic,grad,0.1,11,0,1.0259733200073242,0.012608790770173073,1,9,25,0.5885980129241943,0.02268441995522212,0.001961128233741268,0.15169291457497303,195.3808229617714,-70.32583011622148,10.445283511403145,190.1634063720703,-70.23757934570312,11.65882682800293
11,tonic,nm,0.1,11,0,1.0259733200073242,0.05309697613120079,1,15,25,0.3879506587982178,0.011791327802474737,0.005398381772450497,0.08279354275608042,195.3808229617714,-70.32583011622148,10.445283511403145,198.0928283563406,-70.56875729598175,11.107631853451789
12,tonic,grad,0.1,12,1,1.624664545059204,0.03992750495672226,1,1,25,0.643873929977417,0.001789499627582937,0.007725230890619944,0.24644793632940365,200.7293186789925,-71.04354298285133,9.411140317653345,200.31773376464844,-70.69590759277344,11.382723808288574
12,tonic,nm,0.1,12,1,1.624664545059204,0.06381812691688538,1,16,25,0.4636070728302002,0.009932454450995712,0.0016321207441099734,0.13691449333530215,200.7293186789925,-71.04354298285133,9.411140317653345,203.01378320272153,-70.97009754936639,10.506456264335762
13,tonic,grad,0.1,13,1,2.7752954959869385,0.02737564593553543,1,6,25,0.7279031276702881,0.04385722023142354,0.008657825519453708,0.17738945508057435,206.76872008407727,-71.44015451653948,9.899940870280698,216.8558807373047,-71.05055236816406,11.319056510925293
13,tonic,nm,0.1,13,1,2.7752954959869385,0.07152632623910904,1,21,25,0.38889312744140625,0.013126290013550191,0.01030634248923674,0.040583364984132286,206.76872008407727,-71.44015451653948,9.899940870280698,203.74967338096073,-71.90393992855513,10.224607790153756
14,tonic,grad,0.1,14,0,1.5357052087783813,0.03689185157418251,1,1,25,0.586590051651001,0.05346968847769359,0.008384917930342479,0.17591480462839648,194.55123007298204,-71.128320757549,9.562475836349293,206.84925842285156,-70.7509994506836,10.969794273376465
14,tonic,nm,0.1,14,0,1.5357052087783813,0.047644831240177155,1,16,25,0.38834714889526367,0.036931421246331704,0.003751542704297132,0.11843254512369139,194.55123007298204,-71.128320757549,9.562475836349293,203.04545695963833,-70.95950133585563,10.509936197338824
15,tonic,grad,0.1,15,1,0.8879350423812866,0.010246866382658482,1,8,25,0.5947599411010742,0.13232492870553755,0.0018062477216817443,0.22477722392918142,196.62426302121895,-69.66676572752432,10.645158749704244,166.1895294189453,-69.748046875,12.443376541137695
15,tonic,nm,0.1,15,1,0.8879350423812866,0.14813464879989624,0,-1,25,0.3923678398132324,0.023028497802514297,0.007328718648896723,0.059287478820261974,196.62426302121895,-69.66676572752432,10.645158749704244,191.32770852664066,-69.99655806672467,11.11945858026634
16,tonic,grad,0.1,16,0,1.5572644472122192,0.011042233556509018,1,7,25,0.5886411666870117,0.06298411700642545,0.0010408315291505865,0.17175948126540663,202.68155259995441,-68.19423618958666,9.382248917943153,188.19520568847656,-68.24107360839844,10.756324768066406
16,tonic,nm,0.1,16,0,1.5572644472122192,0.034742213785648346,1,20,25,0.39183998107910156,0.026883412173786595,0.004283024247580632,0.16675966339518955,202.68155259995441,-68.19423618958666,9.382248917943153,196.4983677999835,-68.38697228072779,10.71632622510467
17,tonic,grad,0.1,17,1,3.3051788806915283,0.019664570689201355,1,17,25,0.5880188941955566,0.053228111263393885,0.0065865540429952164,0.17089448682775576,196.52925453101028,-67.16630495820193,9.883250370636743,184.2867889404297,-67.46269989013672,11.250406265258789
17,tonic,nm,0.1,17,1,3.3051788806915283,0.13922040164470673,0,-1,25,0.40130615234375,0.011442833552806436,0.012827022365938648,0.07315563238703926,196.52925453101028,-67.16630495820193,9.883250370636743,199.16110624815576,-67.74352096466917,10.468495429733057
18,tonic,grad,0.1,18,0,0.28739744424819946,0.014976886101067066,1,2,25,0.59098219871521,0.03450471898826184,0.0009814482587466324,0.18033812462861598,180.59691300401897,-69.30678419019829,9.815416493449588,172.66082763671875,-69.26261901855469,11.258121490478516
18,tonic,nm,0.1,18,0,0.28739744424819946,0.11502633988857269,0,24,25,0.39304494857788086,0.04819660886441642,0.0010817922796026854,0.09469818801040764,180.59691300401897,-69.30678419019829,9.815416493449588,191.68213304283475,-69.3554648427804,10.573001997532849
19,tonic,grad,0.1,19,0,0.4078492522239685,0.01531024370342493,1,3,25,0.5950260162353516,0.0664174572035443,0.0027301890576157777,0.179985570306896,205.3964527788855,-70.11589287038568,9.741168599165926,190.1204376220703,-69.99303436279297,11.181053161621094
19,tonic,nm,0.1,19,0,0.4078492522239685,0.0222080796957016,1,10,25,0.3889639377593994,0.004050546998335414,0.00223302462442771,0.16296828433434052,205.3964527788855,-70.11589287038568,9.741168599165926,204.46482696926836,-70.01540676228643,11.04491487384065
20,tonic,grad,0.1,20,0,0.801534116268158,0.015651743859052658,1,8,25,0.6414871215820312,0.13936366563797623,9.276040246990963e-05,0.29978606824170373,207.83165823345328,-69.83186246401776,9.782150449427698,175.77801513671875,-69.8360366821289,12.180438995361328
20,tonic,nm,0.1,20,0,0.801534116268158,0.10873300582170486,0,24,25,0.3888969421386719,0.0679350950091511,0.006000151099251462,0.15094139840081255,207.83165823345328,-69.83186246401776,9.782150449427698,192.20658638134853,-70.10186926348408,10.989681636634199
21,tonic,grad,0.1,21,1,3.631675958633423,0.049401890486478806,1,7,25,0.6888656616210938,0.05028063357214295,0.009818001296796157,0.2172389766240126,199.32716265243056,-71.41226904273083,10.127031691341395,210.89170837402344,-70.970458984375,11.864943504333496
21,tonic,nm,0.1,21,1,3.631675958633423,0.20592428743839264,0,-1,25,0.3922262191772461,0.01958818285477227,0.006035138798303466,0.01800512397358034,199.32716265243056,-71.41226904273083,10.127031691341395,203.83244470902818,-71.68385028865448,10.271072683130038
22,tonic,grad,0.1,22,0,1.8187774419784546,0.015808282420039177,1,13,25,0.594074010848999,0.12722315628243808,0.0022669538550928793,0.19889751788576548,200.40430079847638,-67.71225709605207,10.291948023112607,171.14297485351562,-67.81427001953125,11.88312816619873
22,tonic,nm,0.1,22,0,1.8187774419784546,0.0287762563675642,1,19,25,0.3956789970397949,0.0649670445619411,0.0032204893312669787,0.19845737439987587,200.40430079847638,-67.71225709605207,10.291948023112607,185.46188054922993,-67.56733507614506,11.879607018311614
23,tonic,grad,0.1,23,1,0.21238666772842407,0.006927322130650282,1,7,25,0.5931360721588135,0.09580592706574788,0.00020957301444121237,0.2038690242108756,204.89774420656732,-69.2205513911186,10.104345963051276,182.8623809814453,-69.21112060546875,11.735298156738281
23,tonic,nm,0.1,23,1,0.21238666772842407,0.01173933781683445,1,15,25,0.3902158737182617,0.11162978423193062,0.0011187958964250634,0.2148736814460963,204.89774420656732,-69.2205513911186,10.104345963051276,179.22289383322328,-69.27089720645773,11.823335414620047
24,tonic,grad,0.1,24,0,0.4230431616306305,0.009275801479816437,1,7,25,0.5904028415679932,0.10746323271759961,0.002469745769431913,0.14809148417195694,199.39198908168854,-68.70690038080525,10.18892630686116,174.67544555664062,-68.81803894042969,11.373658180236816
24,tonic,nm,0.1,24,0,0.4230431616306305,0.05373178422451019,1,22,25,0.3909180164337158,0.017759452320334677,0.004991824161189444,0.08596856056924973,199.39198908168854,-68.70690038080525,10.18892630686116,203.4766631153655,-68.93153246805878,10.876674791415159
25,tonic,grad,0.1,25,1,3.8648478984832764,0.02562663145363331,1,7,25,0.5896680355072021,0.0676375462566257,0.009149632888896362,0.22114170780833065,201.7415821344136,-71.58023628761752,9.931767369027495,217.2982177734375,-71.16850280761719,11.70090103149414
25,tonic,nm,0.1,25,1,3.8648478984832764,0.08859401941299438,1,20,25,0.39031195640563965,0.013141126391212394,0.010861154099436653,0.05918163748159255,201.7415821344136,-71.58023628761752,9.931767369027495,204.76404120439244,-72.06898822209217,10.405220468880236
26,tonic,grad,0.1,26,0,0.634967029094696,0.014152324758470058,1,7,25,0.5894770622253418,0.09834063552350213,9.76013455527891e-05,0.21904113798494595,209.87327475927268,-69.9774679272491,9.817239530153635,187.2549285888672,-69.97307586669922,11.569568634033203
26,tonic,nm,0.1,26,0,0.634967029094696,0.09762570261955261,1,21,25,0.38831400871276855,0.05272727963222038,0.012553895451372279,0.0886176742515381,209.87327475927268,-69.9774679272491,9.817239530153635,197.746000443862,-70.54239322256085,10.52618092416594
27,tonic,grad,0.1,27,1,4.918785095214844,0.017202474176883698,1,12,25,0.5950820446014404,0.0031363279348087386,0.002930359694714942,0.1220751311688133,195.40378950703726,-67.23032352268795,9.711043909145587,194.68243408203125,-67.09845733642578,10.687644958496094
27,tonic,nm,0.1,27,1,4.918785095214844,0.13249483704566956,0,-1,25,0.39268994331359863,0.05585963348251848,0.0011785301891579694,0.03809099191532228,195.40378950703726,-67.23032352268795,9.711043909145587,208.2515052080165,-67.17728966417585,10.015771844468166
28,tonic,grad,0.1,28,0,7.467890739440918,0.07325391471385956,1,9,25,0.5910642147064209,0.09601362211207777,0.016968022747411736,0.22963927612885793,200.81879867691742,-72.73414207832103,9.702936297560933,222.9019317626953,-71.9705810546875,11.540050506591797
28,tonic,nm,0.1,28,0,7.467890739440918,0.05696864053606987,1,15,25,0.39222192764282227,0.0022867827247367864,0.006965226498612904,0.07376934753330677,200.81879867691742,-72.73414207832103,9.702936297560933,200.29283865022796,-73.04757727075861,10.293091077827388
29,tonic,grad,0.1,29,0,1.3265366554260254,0.018562396988272667,1,5,25,0.6559650897979736,0.04078228839492869,0.004106885637956894,0.22769819601767205,201.56855548122422,-70.50234525409869,10.049130526829327,192.18862915039062,-70.31753540039062,11.870716094970703
29,tonic,nm,0.1,29,0,1.3265366554260254,0.1721564680337906,0,-1,25,0.3902583122253418,0.01646554188406279,0.008080983357609423,0.02435566690414337,201.56855548122422,-70.50234525409869,10.049130526829327,205.35563011455866,-70.86598950519111,10.243975862062474
30,tonic,grad,0.1,30,1,3.727135181427002,0.036067791283130646,1,7,25,0.6976630687713623,0.051719343733515805,0.009783237868757056,0.19305404302375684,202.99197159558824,-71.966109351555,9.37306529069764,214.88742065429688,-71.52586364746094,10.917497634887695
30,tonic,nm,0.1,30,1,3.727135181427002,0.043786678463220596,1,18,25,0.38821887969970703,0.0029215351403809355,0.005093839573064921,0.1339035472522201,202.99197159558824,-71.966109351555,9.37306529069764,202.32001851330062,-71.73688657076708,10.444293668715401
31,tonic,grad,0.1,31,0,0.5205185413360596,0.011997177265584469,1,4,25,0.5885970592498779,0.09965624819792748,0.0014834345409689654,0.16568893968375198,197.58141377009363,-68.7304637684103,10.034123835618363,174.6604766845703,-68.7972183227539,11.359635353088379
31,tonic,nm,0.1,31,0,0.5205185413360596,0.017966359853744507,1,13,25,0.3931238651275635,0.05139433350030678,0.0024880509751565366,0.15208723122937595,197.58141377009363,-68.7304637684103,10.034123835618363,185.76071706502307,-68.84242606229235,11.25082168545337
32,tonic,grad,0.1,32,0,1.373686671257019,0.03528066352009773,1,5,25,0.5914528369903564,0.01649440659147993,0.006483307824001056,0.21981185116220336,190.46015638713413,-70.81807026321286,9.883661791654522,186.66644287109375,-70.52632141113281,11.642156600952148
32,tonic,nm,0.1,32,0,1.373686671257019,0.15409548580646515,0,-1,25,0.3925797939300537,0.06905259894230084,0.00830106707297773,0.05517177928494821,190.46015638713413,-70.81807026321286,9.883661791654522,206.34225414386333,-71.19161828149686,10.325036025934107
33,tonic,grad,0.1,33,0,1.1941708326339722,0.018544258549809456,1,10,25,0.5922107696533203,0.12142254574149078,0.0012127385011492858,0.2433409460062823,197.76672409476163,-70.03160875501266,10.36968440399564,169.83953857421875,-69.97703552246094,12.316411972045898
33,tonic,nm,0.1,33,0,1.1941708326339722,0.11750079691410065,0,-1,25,0.3935999870300293,0.0031485688762144114,0.010947116188171119,0.09469940932500198,197.76672409476163,-70.03160875501266,10.36968440399564,197.0425532532323,-70.52422898348036,11.127279678595656
34,tonic,grad,0.1,34,1,0.29344525933265686,0.006119765806943178,1,5,25,0.5881388187408447,0.12086773474779874,0.004309620477408771,0.21413442586180298,205.90402540312652,-68.88184985439551,10.080307237758896,178.1044464111328,-69.0757827758789,11.79338264465332
34,tonic,nm,0.1,34,1,0.29344525933265686,0.01698579080402851,1,14,25,0.38910531997680664,0.17452358041040467,0.004226799356302675,0.22873521222420146,205.90402540312652,-68.88184985439551,10.080307237758896,165.76360190873345,-69.07205582542913,11.910188935552508
35,tonic,grad,0.1,35,1,12.085740089416504,0.05136943981051445,1,3,25,0.5888121128082275,0.08864807632360967,0.007273310585676048,0.19232146224995472,202.1036945207651,-73.18183694022261,10.09830154723962,222.4927520751953,-72.85453796386719,11.636873245239258
35,tonic,nm,0.1,35,1,12.085740089416504,0.04219195619225502,1,21,25,0.3918578624725342,0.04030020561539479,0.005647001862755335,0.10130292819746578,202.1036945207651,-73.18183694022261,10.09830154723962,192.8346472292243,-73.4359520240466,10.908724972819346
36,tonic,grad,0.1,36,1,9.354448318481445,0.0703863799571991,1,9,25,0.5970280170440674,0.09688267962954801,0.005242718955128743,0.21144093115618445,201.32200993032114,-72.61576701850814,10.309237397552282,223.6050262451172,-72.37984466552734,12.000764846801758
36,tonic,nm,0.1,36,1,9.354448318481445,0.14748629927635193,0,-1,25,0.3868520259857178,0.00954731803024011,0.006875158770902267,0.034342615101929264,201.32200993032114,-72.61576701850814,10.309237397552282,199.12612678336592,-72.92514916319874,10.583978318367716
37,tonic,grad,0.1,37,1,4.297365665435791,0.023538433015346527,1,7,25,0.5912418365478516,0.014900985583148356,0.004880176443360698,0.22099039436686252,213.44971118208682,-71.2676960136817,10.280548295870764,216.87693786621094,-71.04808807373047,12.048471450805664
37,tonic,nm,0.1,37,1,4.297365665435791,0.20893289148807526,0,-1,25,0.3921530246734619,0.04437410369863887,0.014581742891521622,0.002121062324336398,213.44971118208682,-71.2676960136817,10.280548295870764,203.24366733139988,-71.92387444380017,10.297516794465455
38,tonic,grad,0.1,38,1,0.35119661688804626,0.01675954833626747,1,7,25,0.5952329635620117,0.12194105385311489,0.004466495930213909,0.1890717314597723,210.93088757664611,-69.36376598392162,10.125477181341841,182.8844451904297,-69.56475830078125,11.63805103302002
38,tonic,nm,0.1,38,1,0.35119661688804626,0.01949338987469673,1,18,25,0.4803769588470459,0.053288247263898206,0.0013959101800502872,0.2269904935916065,210.93088757664611,-69.36376598392162,10.125477181341841,198.67459070594953,-69.30095002581936,11.941401130074693
39,tonic,grad,0.1,39,0,0.7601020932197571,0.00964215025305748,1,4,25,0.5961630344390869,0.058802723417655724,0.0010957591741474618,0.146722581788423,205.69290031184207,-70.08884468529757,10.404332901600819,192.16827392578125,-70.03953552246094,11.578113555908203
39,tonic,nm,0.1,39,0,0.7601020932197571,0.03664202243089676,1,14,25,0.3990912437438965,0.02622286780644866,0.006192902879414596,0.07788973970357982,205.69290031184207,-70.08884468529757,10.404332901600819,199.66164071635887,-70.36752531487123,11.027450819229458
40,tonic,grad,0.1,40,1,1.3028748035430908,0.009359543211758137,1,6,25,0.688748836517334,0.03437105697086634,0.000331719527429502,0.09911218758857476,194.40602974880707,-68.41609620197652,9.909835539147359,186.5006866455078,-68.40116882324219,10.702733039855957
40,tonic,nm,0.1,40,1,1.3028748035430908,0.08236178755760193,1,21,25,0.391765832901001,0.056980465293814515,0.0005932342817604624,0.037905398939978685,194.40602974880707,-68.41609620197652,9.909835539147359,207.5115367663844,-68.44279174465574,10.213078730667188
41,tonic,grad,0.1,41,1,0.7442786693572998,0.012848813086748123,1,4,25,0.5943260192871094,0.023625421848302856,0.0037489388262220776,0.1921937657326076,206.6167693883909,-70.49290573839093,9.57661994860203,201.18292236328125,-70.32420349121094,11.11417007446289
41,tonic,nm,0.1,41,1,0.7442786693572998,0.01619185134768486,1,8,25,0.3919229507446289,0.005194393912413909,0.0022061276094701853,0.15717133559633867,206.6167693883909,-70.49290573839093,9.57661994860203,205.4220587885357,-70.39362999596477,10.83399063337274
42,tonic,grad,0.1,42,0,0.2993544936180115,0.016693400219082832,1,2,25,0.6018362045288086,0.07691956313003023,0.00488348540612454,0.09688976832374285,195.36137561853977,-68.97412133055252,10.53872653419619,177.6698760986328,-69.19387817382812,11.313844680786133
42,tonic,nm,0.1,42,0,0.2993544936180115,0.12372338771820068,0,-1,25,0.39399194717407227,0.015996706850891385,0.008474300271730802,0.004284432917082359,195.36137561853977,-68.97412133055252,10.53872653419619,191.68213304283475,-69.3554648427804,10.573001997532849
43,tonic,grad,0.1,43,1,4.12507438659668,0.0190105102956295,1,2,25,0.5959720611572266,0.02097000825289708,0.005855674623433376,0.18627020449923748,214.76785574343523,-71.70123423989044,9.872804901481686,219.59095764160156,-71.43772888183594,11.362966537475586
43,tonic,nm,0.1,43,1,4.12507438659668,0.06141303852200508,1,20,25,0.38986897468566895,0.050459789577465504,0.005487515617516831,0.052294707198863755,214.76785574343523,-71.70123423989044,9.872804901481686,203.16210414061817,-71.9481724426787,10.291162559072596
44,tonic,grad,0.1,44,1,1.6375552415847778,0.01748931221663952,1,7,25,0.5924429893493652,0.07704239324918376,0.002398527785348076,0.15815574187853598,200.97641853813258,-68.11200643520621,9.609976271087435,183.2566680908203,-68.21994018554688,10.875222206115723
44,tonic,nm,0.1,44,1,1.6375552415847778,0.06096113845705986,1,20,25,0.3924107551574707,0.019469785818039476,0.006110352122701733,0.13829374425215435,200.97641853813258,-68.11200643520621,9.609976271087435,196.4983677999835,-68.38697228072779,10.71632622510467
45,tonic,grad,0.1,45,0,8.672690391540527,0.025788849219679832,1,9,25,0.5866420269012451,0.04784939004961497,0.0035771953163052533,0.2025750058787532,209.50432961964324,-72.5661404152103,9.81818836697144,220.5096893310547,-72.40516662597656,11.438788414001465
45,tonic,nm,0.1,45,0,8.672690391540527,0.08560964465141296,1,23,25,0.39021801948547363,0.045788734623736636,0.013560183091477522,0.07444788720512929,209.50432961964324,-72.5661404152103,9.81818836697144,198.97292065618382,-73.17634865432679,10.413771464612473
46,tonic,grad,0.1,46,1,1.6745671033859253,0.010032862424850464,1,13,25,0.5934550762176514,0.10641084438312454,0.000794951799780266,0.17804118193108542,198.52812885167333,-67.84040972516223,10.312455479548875,174.0536346435547,-67.87618255615234,11.736784934997559
46,tonic,nm,0.1,46,1,1.6745671033859253,0.014287476427853107,1,21,25,0.3918919563293457,0.0579190935644491,0.0031580082659893884,0.18943909049665586,198.52812885167333,-67.84040972516223,10.312455479548875,185.20673733185004,-67.69829935319271,11.827968203522122
47,tonic,grad,0.1,47,1,1.7243152856826782,0.009961304254829884,1,5,25,0.5838260650634766,0.005903033547319519,0.0041658621314995675,0.16463316082991453,205.07958866106964,-70.64791301466748,10.337340307232754,206.43728637695312,-70.46044921875,11.65440559387207
47,tonic,nm,0.1,47,1,1.7243152856826782,0.027293158695101738,1,18,25,0.38762998580932617,0.031831853874694574,0.006366921468788355,0.07298779618862383,205.07958866106964,-70.64791301466748,10.337340307232754,197.75826226988988,-70.93442448076296,10.921242676741745
48,tonic,grad,0.1,48,1,1.5204386711120605,0.01915244199335575,1,1,25,0.5890040397644043,0.01905730722028325,0.004774251121296895,0.1349072772778479,204.88940234714735,-70.91205351969664,9.926458105629756,209.2725830078125,-70.69721221923828,11.005716323852539
48,tonic,nm,0.1,48,1,1.5204386711120605,0.034362200647592545,1,16,25,0.3882260322570801,0.008017153858734886,0.0010543959146442855,0.07293476146363354,204.88940234714735,-70.91205351969664,9.926458105629756,203.04545695963833,-70.95950133585563,10.509936197338824
49,tonic,grad,0.1,49,1,0.9416064620018005,0.030057238414883614,1,9,25,0.5864670276641846,0.05502096832788232,0.005948670727587076,0.21857766301839487,182.69032991756137,-70.54968786340548,9.952567736990536,170.03550720214844,-70.28199768066406,11.701189041137695
49,tonic,nm,0.1,49,1,0.9416064620018005,0.057424481958150864,1,22,25,0.3976001739501953,0.06682464081321868,0.0025979972236983588,0.1443040924877479,182.69032991756137,-70.54968786340548,9.952567736990536,198.05999730460167,-70.43277798833905,11.10700047689252
50,tonic,grad,0.2,0,1,7.470333576202393,0.2031150460243225,0,-1,25,0.7137157917022705,0.10067116708359686,0.025881172587841346,0.003148749413840468,224.2792005825476,-65.90654474331276,10.160765289805353,201.1248321533203,-67.07119750976562,10.135575294494629
50,tonic,nm,0.2,0,1,7.470333576202393,0.14794111251831055,0,-1,25,0.3974950313568115,0.07657623441687349,0.01318789459304968,0.021571005440997437,224.2792005825476,-65.90654474331276,10.160765289805353,206.66666666666669,-66.5,10.333333333333332
51,tonic,grad,0.2,1,2,1.1274522542953491,0.001091332407668233,1,5,25,0.6012468338012695,0.010752575015033511,0.0009337574153271867,0.20553230519983257,202.06180459712823,-70.21726627607254,10.02047544512009,204.53489685058594,-70.17524719238281,11.66473388671875
51,tonic,nm,0.2,1,2,1.1274522542953491,0.1432984173297882,0,-1,25,0.3933711051940918,0.014155545896448242,0.018186172777486024,0.0349386727005927,202.06180459712823,-70.21726627607254,10.02047544512009,205.31758015331133,-71.0356440510594,10.299984826724831
52,tonic,grad,0.2,2,2,5.988825798034668,0.030415166169404984,1,8,25,0.5972690582275391,0.024488761738127505,0.0010519142569604708,0.17865237086379016,215.18473873089474,-71.47518583109303,10.826895992806476,220.81715393066406,-71.52252197265625,12.256114959716797
52,tonic,nm,0.2,2,2,5.988825798034668,0.22779780626296997,0,-1,25,0.38983988761901855,0.05071265250776674,0.015848728959141075,0.03713542831346994,215.18473873089474,-71.47518583109303,10.826895992806476,203.52082865410839,-72.18837863425438,10.529812566298716
53,tonic,grad,0.2,3,2,0.4801281690597534,0.009583007544279099,1,12,25,0.5888869762420654,0.12665072297798116,0.0048228666270562015,0.17695665440033714,191.40922255934973,-68.85413799396997,10.995738976711365,162.27955627441406,-69.0711669921875,12.411392211914062
53,tonic,nm,0.2,3,2,0.4801281690597534,0.0923423171043396,1,21,25,0.39529895782470703,0.051899234350267665,0.014551212183911528,0.07408125578822133,191.40922255934973,-68.85413799396997,10.995738976711365,179.47239865878817,-69.50894254224599,11.588389023017136
54,tonic,grad,0.2,4,1,10.685688018798828,0.0894458219408989,1,19,25,0.5977880954742432,0.08798264833832029,0.004235036418402653,0.20350079829215795,203.2618851692957,-72.52187546695312,10.525464606704729,223.49789428710938,-72.331298828125,12.153470993041992
54,tonic,nm,0.2,4,1,10.685688018798828,0.2107076346874237,0,-1,25,0.3904261589050293,0.026111599583541572,0.016418071127840033,0.026812732224432034,203.2618851692957,-72.52187546695312,10.525464606704729,197.25621726508115,-73.26068866770592,10.739966464500185
55,tonic,grad,0.2,5,0,0.44827452301979065,0.0028618937358260155,1,4,25,0.5955359935760498,0.044712964833236106,0.0006718862909429567,0.09425032899718433,215.54560910890993,-69.19960744168618,9.216549812480533,205.26162719726562,-69.16937255859375,9.970552444458008
55,tonic,nm,0.2,5,0,0.44827452301979065,0.006999008357524872,1,7,25,0.3915419578552246,0.04385350518699019,0.002325562922317835,0.09193438427719913,215.54560910890993,-69.19960744168618,9.216549812480533,205.45930291590219,-69.30425777319049,9.952024886698126
56,tonic,grad,0.2,6,1,20.636316299438477,0.055491551756858826,1,22,25,0.5903759002685547,0.08695814292679134,0.009732854697966786,0.19109667400110197,209.03365422644737,-74.08461542429913,10.831763183308567,229.03402709960938,-73.64663696289062,12.360536575317383
56,tonic,nm,0.2,6,1,20.636316299438477,0.18128527700901031,0,-1,25,0.39104509353637695,0.0593526187382349,0.012296021901907277,0.030381559822935333,209.03365422644737,-74.08461542429913,10.831763183308567,195.38255191665334,-74.63793640988496,10.588710704725084
57,tonic,grad,0.2,7,1,38.37287521362305,0.0593138113617897,1,5,25,0.5906519889831543,0.04403789991392928,0.002181708929995807,0.22949505535467818,211.44559332253064,-76.2982959204045,9.900658552829078,221.57431030273438,-76.20011901855469,11.736618995666504
57,tonic,nm,0.2,7,1,38.37287521362305,0.14991359412670135,0,-1,25,0.3873112201690674,0.08168924865326802,0.007175519266301775,0.05203931078965951,211.44559332253064,-76.2982959204045,9.900658552829078,192.657066132279,-76.62119428738808,10.316973039146355
58,tonic,grad,0.2,8,0,30.72580909729004,0.20563335716724396,0,-1,25,0.5887069702148438,0.11700246740221179,0.028834016140530456,0.3332909921210152,201.65435864495223,-76.29221303833559,9.402597920575824,228.56492614746094,-74.99468231201172,12.068925857543945
58,tonic,nm,0.2,8,0,30.72580909729004,0.06511114537715912,1,22,25,0.3922731876373291,0.037472480805683106,0.008536178489080726,0.11783224167789652,201.65435864495223,-76.29221303833559,9.402597920575824,193.0356880596451,-75.90808500632696,10.345255853998996
59,tonic,grad,0.2,9,0,0.42612534761428833,0.007471125572919846,1,4,25,0.5883760452270508,0.10375958112096394,0.0012846741777843185,0.15263884012840667,210.7936587359467,-68.7240729017458,9.923004726970793,186.928955078125,-68.7818832397461,11.144115447998047
59,tonic,nm,0.2,9,0,0.42612534761428833,0.0810326412320137,1,15,25,0.479403018951416,0.044156555846231155,0.00433415596904341,0.058700156399869696,210.7936587359467,-68.7240729017458,9.923004726970793,200.63765089131354,-68.91910992035275,10.392605978169751
60,tonic,grad,0.2,10,2,14.216947555541992,0.35164377093315125,0,-1,25,0.5978450775146484,0.03398146786322909,0.02963528103298611,0.07785022455161439,200.35209930287863,-65.0,10.165141121364087,192.53636169433594,-66.33358764648438,9.542339324951172
60,tonic,nm,0.2,10,2,14.216947555541992,0.018304863944649696,1,10,25,0.39873385429382324,0.032827559810885,0.0,0.13813468967660558,200.35209930287863,-65.0,10.165141121364087,192.80176054637508,-65.0,11.270218638776932
61,tonic,grad,0.2,11,1,0.6685537099838257,0.024637222290039062,1,7,25,0.5948140621185303,0.01764441636956151,3.080139067795547e-05,0.11263210842464044,161.07693829917883,-69.14063777156488,10.048304933750337,157.0187225341797,-69.13925170898438,10.949361801147461
61,tonic,nm,0.2,11,1,0.6685537099838257,0.0848373994231224,1,23,25,0.39211487770080566,0.09232897045065146,0.011961035145390674,0.15997836301949997,161.07693829917883,-69.14063777156488,10.048304933750337,182.31260150282867,-68.6023911900223,11.328131837906337
62,tonic,grad,0.2,12,1,2.6424481868743896,0.07741627842187881,1,19,25,0.5967121124267578,0.05732944016361874,0.010088621031404918,0.2591850426648683,171.790379275063,-71.34462820520228,9.832820203419823,184.9761505126953,-70.89064025878906,11.90630054473877
62,tonic,nm,0.2,12,1,2.6424481868743896,0.1431279182434082,0,-1,25,0.39464902877807617,0.11520836807658048,0.002710376108349364,0.1624119384737217,171.790379275063,-71.34462820520228,9.832820203419823,198.2883039326765,-71.22266128032656,11.132115711209597
63,tonic,grad,0.2,13,1,18.437091827392578,0.07889756560325623,1,11,25,0.5975518226623535,0.15923551786055465,0.010535428781933358,0.1865200525091093,188.52040791843962,-74.30154790846825,10.39021052871863,225.1445770263672,-73.82745361328125,11.882370948791504
63,tonic,nm,0.2,13,1,18.437091827392578,0.14669065177440643,0,-1,25,0.3982841968536377,0.03786153343542737,0.002651721697466769,0.0018286410854564394,188.52040791843962,-74.30154790846825,10.39021052871863,197.2285606085879,-74.42087538485426,10.404839657402281
64,tonic,grad,0.2,14,0,1.4800711870193481,0.002746736165136099,1,5,25,0.5926012992858887,0.07186976986175936,0.0004956816138890948,0.20312533077516393,231.97043097933746,-70.22446936891407,10.268330788857282,215.4403839111328,-70.20216369628906,11.893333435058594
64,tonic,nm,0.2,14,0,1.4800711870193481,0.11744143813848495,0,-1,25,0.3921091556549072,0.11006516747037057,0.020482837917748183,0.01081630245364873,231.97043097933746,-70.22446936891407,10.268330788857282,206.65544246115223,-71.14619707521274,10.354861208486472
65,tonic,grad,0.2,15,1,6.3668718338012695,0.05484135448932648,1,2,25,0.5925002098083496,0.0646464595203832,0.009988571973457283,0.19532836676465126,204.01424888062436,-72.64212795071964,9.603752994471657,218.8829345703125,-72.19264221191406,11.166379928588867
65,tonic,nm,0.2,15,1,6.3668718338012695,0.034591469913721085,1,4,25,0.38846492767333984,0.001390357214848376,0.0027672470340184595,0.08970533676730308,204.01424888062436,-72.64212795071964,9.603752994471657,204.3340310400395,-72.51760183418881,10.321395688610082
66,tonic,grad,0.2,16,1,1.8357267379760742,0.027650242671370506,1,11,25,0.5888009071350098,0.019178274207648064,0.004172786397516385,0.20903342992882346,201.80873866346218,-70.66787792695074,10.130839822227127,197.39773559570312,-70.4801025390625,11.803107261657715
66,tonic,nm,0.2,16,1,1.8357267379760742,0.07073374837636948,1,22,25,0.39263391494750977,0.017610766928575203,0.005923256751382648,0.0988003568143272,201.80873866346218,-70.66787792695074,10.130839822227127,197.75826226988988,-70.93442448076296,10.921242676741745
67,tonic,grad,0.2,17,1,1.6732207536697388,0.0040907892398536205,1,7,25,0.5967729091644287,0.010577284157400621,0.0030889085910884104,0.05802420050765145,218.89215645971777,-68.33747958532945,9.860895850589667,216.45938110351562,-68.19847869873047,10.325089454650879
67,tonic,nm,0.2,17,1,1.6732207536697388,0.03341090679168701,1,18,25,0.39335107803344727,0.04993862164750812,0.007557300785083814,0.01503047302726701,218.89215645971777,-68.33747958532945,9.860895850589667,207.4062734807909,-68.67755812065822,9.981139634807803
68,tonic,grad,0.2,18,1,16.31757164001465,0.05965372547507286,1,21,25,0.5885968208312988,0.045037680477933426,0.00030093198495661805,0.17392165846600527,217.26453295296594,-73.10543036705742,10.965110191744614,227.62319946289062,-73.09188842773438,12.356483459472656
68,tonic,nm,0.2,18,1,16.31757164001465,0.3307613432407379,0,-1,25,0.3991720676422119,0.09897840345281751,0.030745896508118323,0.05518427439791829,217.26453295296594,-73.10543036705742,10.965110191744614,194.4995001588179,-74.48899570992275,10.523635996561268
69,tonic,grad,0.2,19,0,8.355228424072266,0.12032909691333771,0,-1,25,0.5929272174835205,0.1680520661880306,0.023011710348571846,0.2376819118702782,181.49257128554203,-73.41644737584198,9.36230813277215,220.14454650878906,-72.38092041015625,11.263763427734375
69,tonic,nm,0.2,19,0,8.355228424072266,0.06319782882928848,1,17,25,0.38922691345214844,0.0811805145547317,0.002545618813841581,0.09519532263118746,181.49257128554203,-73.41644737584198,9.36230813277215,200.16408963313032,-73.30189452921911,10.123870713821649
70,tonic,grad,0.2,20,1,9.584052085876465,0.4656231105327606,0,-1,25,0.5876879692077637,0.048066271878612656,0.0288076240993285,0.11462502961747045,199.24880027133872,-65.25330901513959,10.355105933714533,188.1935577392578,-66.54965209960938,11.272106170654297
70,tonic,nm,0.2,20,1,9.584052085876465,0.48157528042793274,0,-1,25,0.39676499366760254,0.032251593023165055,0.027704244108009056,0.0027215750476501377,199.24880027133872,-65.25330901513959,10.355105933714533,206.66666666666669,-66.5,10.333333333333332
71,tonic,grad,0.2,21,0,5.755277156829834,0.04170063138008118,1,12,25,0.6947109699249268,0.007998767089777481,0.0008836053956817598,0.12969853696025768,206.44263696287538,-67.04463411949901,9.517036261813056,204.60292053222656,-67.08439636230469,10.554624557495117
71,tonic,nm,0.2,21,0,5.755277156829834,0.08873520791530609,1,11,25,0.39194393157958984,0.007415266022925207,0.0034610051246693908,0.07657417097707153,206.44263696287538,-67.04463411949901,9.517036261813056,208.14814814814818,-66.88888888888889,10.129629629629628
72,tonic,grad,0.2,22,1,33.76593017578125,0.05565084144473076,1,13,25,0.6052250862121582,0.10311530795868169,0.004286921572297173,0.1649460553062143,204.8617720161829,-75.57790597758931,10.972534371270989,228.5782928466797,-75.38499450683594,12.292102813720703
72,tonic,nm,0.2,22,1,33.76593017578125,0.30318930745124817,0,-1,25,0.5161080360412598,0.05154561910500997,0.010958780672580638,0.08071677984491243,204.8617720161829,-75.57790597758931,10.972534371270989,193.0062796220306,-76.07105110785544,10.32680013251169
73,tonic,grad,0.2,23,1,1.2383201122283936,0.0025299405679106712,1,1,25,0.5942625999450684,0.010907537941421977,0.0010571231699922615,0.16449542328350542,195.89823343655888,-68.48590977604809,9.165848137169457,198.40696716308594,-68.43833923339844,10.4818115234375
73,tonic,nm,0.2,23,1,1.2383201122283936,0.05040232837200165,1,14,25,0.39398694038391113,0.051238369577789725,0.007274573138927407,0.09883127862908903,195.89823343655888,-68.48590977604809,9.165848137169457,207.68305843945052,-68.81326556729982,9.956498366202169
74,tonic,grad,0.2,24,0,2.1233444213867188,0.023313485085964203,1,15,25,0.5926957130432129,0.12685228661339526,0.003044569910876602,0.13479598936229276,226.2947240411981,-67.25902096533868,10.66949013258701,197.1186981201172,-67.39602661132812,11.747858047485352
74,tonic,nm,0.2,24,0,2.1233444213867188,0.2852180004119873,0,-1,25,0.39571213722229004,0.07536807439993871,0.028048576020416424,0.08717331092149139,226.2947240411981,-67.25902096533868,10.66949013258701,208.9600669292122,-68.52120688625742,9.972103645215078
75,tonic,grad,0.2,25,2,12.908257484436035,0.34640228748321533,0,-1,25,0.5927753448486328,0.09252719069579203,0.03165045844184028,0.08128210826772597,217.29133991960248,-65.0,10.23433088652755,196.0100860595703,-66.42427062988281,9.584074020385742
75,tonic,nm,0.2,25,2,12.908257484436035,0.021829476580023766,1,12,25,0.39075517654418945,0.017708145754438992,0.0,0.16498026340951122,217.29133991960248,-65.0,10.23433088652755,213.2184663960815,-65.0,11.55417299380364
76,tonic,grad,0.2,26,2,5.757894039154053,0.015031350776553154,1,2,25,0.5887010097503662,0.09471446136475972,0.00463434803917898,0.160828476030062,196.07335516051933,-72.10647199232946,9.915512046190656,217.85768127441406,-71.8979263305664,11.202139854431152
76,tonic,nm,0.2,26,2,5.757894039154053,0.03643829748034477,1,4,25,0.39879584312438965,0.05183409869398326,0.005454987957776009,0.09051841094716995,196.07335516051933,-72.10647199232946,9.915512046190656,207.99519786013548,-72.35194645042938,10.639659333768016
77,tonic,grad,0.2,27,1,0.3075812757015228,0.010849958285689354,1,5,25,0.5906720161437988,0.0623024062659943,0.002753938977839236,0.2326316992976296,174.02431662477244,-69.42736353329964,9.791473261087713,159.69476318359375,-69.30343627929688,11.65252685546875
77,tonic,nm,0.2,27,1,0.3075812757015228,0.03221772238612175,1,15,25,0.3942749500274658,0.017723343904932513,0.00893594965098051,0.2780871923500574,174.02431662477244,-69.42736353329964,9.791473261087713,178.10068572290692,-69.02524579900552,12.016170799888172
78,tonic,grad,0.2,28,1,0.4091414213180542,0.03686615079641342,1,5,25,0.5958666801452637,0.05518261468084777,0.004292081836077462,0.22448620537751318,179.15855411097,-69.18163855567036,10.149068090134191,166.466552734375,-68.98849487304688,11.944957733154297
78,tonic,nm,0.2,28,1,0.4091414213180542,0.051753997802734375,1,19,25,0.39240503311157227,0.03948398570696777,0.0032006729752601538,0.161454825446824,179.15855411097,-69.18163855567036,10.149068090134191,170.0772373983674,-69.32566883955707,11.440706693708783
79,tonic,grad,0.2,29,1,24.675086975097656,0.07559961825609207,1,4,25,0.5900659561157227,0.1123756410516573,0.012903093625245296,0.20907489583195815,192.82904811475944,-75.23916277270635,9.768181472992772,218.67544555664062,-74.65852355957031,11.440780639648438
79,tonic,nm,0.2,29,1,24.675086975097656,0.04798436537384987,1,6,25,0.3924732208251953,0.015520821110869722,0.001199501944914674,0.12156990846849602,192.82904811475944,-75.23916277270635,9.768181472992772,189.2592592592594,-75.18518518518519,10.74074074074074
80,tonic,grad,0.2,30,2,5.424324989318848,0.037231750786304474,1,16,25,0.5927858352661133,0.003119390772319449,0.0006397589108110601,0.182948125563688,217.05620650420246,-71.2874332549904,10.831277742682879,217.77366638183594,-71.2586441040039,12.294862747192383
80,tonic,nm,0.2,30,2,5.424324989318848,0.2810904085636139,0,-1,25,0.3920719623565674,0.05848194719282956,0.015124079258020768,0.034678264698210004,217.05620650420246,-71.2874332549904,10.831277742682879,203.60535864985167,-71.96801682160134,10.553851625097199
81,tonic,grad,0.2,31,1,4.148130893707275,0.014825119636952877,1,20,25,0.5893537998199463,0.06241224581784145,0.005368919413820727,0.10027931592365302,216.44920740724416,-66.9505449276476,10.125890854080502,202.09439086914062,-67.19214630126953,10.928125381469727
81,tonic,nm,0.2,31,1,4.148130893707275,0.1483883410692215,0,-1,25,0.3910942077636719,0.03565815226194119,0.010779269608792358,0.00959480203071772,216.44920740724416,-66.9505449276476,10.125890854080502,208.2478323869977,-67.43561206004325,10.04913243783476
82,tonic,grad,0.2,32,1,0.6215144395828247,0.03384355455636978,1,7,25,0.5906600952148438,0.10896142522325511,0.0013954583522591847,0.22937376916192576,203.0762492613096,-69.99456216223427,9.76511894704639,178.01512145996094,-70.05735778808594,11.600109100341797
82,tonic,nm,0.2,32,1,0.6215144395828247,0.1479237675666809,0,24,25,0.39345574378967285,0.025827710948637964,0.0008681798282847492,0.1234592957551015,203.0762492613096,-69.99456216223427,9.76511894704639,197.13587574312288,-70.03363025450709,10.752793313087203
83,tonic,grad,0.2,33,2,1.8806182146072388,0.03840431943535805,1,11,25,0.588325023651123,0.0055463763560503,0.006817457402381579,0.22504234385350186,196.91561761779593,-70.91468048056811,9.842220300685657,198.1912841796875,-70.60789489746094,11.642559051513672
83,tonic,nm,0.2,33,2,1.8806182146072388,0.1005202978849411,0,24,25,0.502310037612915,0.03313852108464914,0.0016781286967127724,0.10210242803554559,196.91561761779593,-70.91468048056811,9.842220300685657,204.53747746726523,-70.99019627192018,10.659039724970022
84,tonic,grad,0.2,34,2,4.240643501281738,0.004095090553164482,1,11,25,0.5972959995269775,0.00974144400932163,0.0014541944824609724,0.07022336384485373,206.0146406073482,-67.4132323308123,9.876365402473592,208.2551727294922,-67.34779357910156,10.438152313232422
84,tonic,nm,0.2,34,2,4.240643501281738,0.04464877396821976,1,6,25,0.39868712425231934,0.008455952523336878,0.0013756444002739146,0.02429309052362627,206.0146406073482,-67.4132323308123,9.876365402473592,207.9595096877157,-67.35132833279998,10.070710126662602
85,tonic,grad,0.2,35,1,11.782305717468262,0.29670050740242004,0,-1,25,0.7243318557739258,0.09944454528616367,0.0310424558879188,0.09232386625173472,223.89469109452858,-65.12092700945772,10.492167208700401,201.02244567871094,-66.51783752441406,9.753576278686523
85,tonic,nm,0.2,35,1,11.782305717468262,0.04501283913850784,1,20,25,0.3921482563018799,0.09092533568401331,0.011826834049107207,0.05312581037632924,223.89469109452858,-65.12092700945772,10.492167208700401,202.98186388720552,-65.65313454166754,10.917173691711035
86,tonic,grad,0.2,36,1,1.3077106475830078,0.01636311784386635,1,5,25,0.5916059017181396,0.03712953202130074,0.0034264536340625935,0.17491387690100124,203.92724353677417,-70.41833531099375,10.505943348805662,195.387451171875,-70.26414489746094,11.905254364013672
86,tonic,nm,0.2,36,1,1.3077106475830078,0.1691046506166458,0,-1,25,0.39398622512817383,0.0010241501369956327,0.007520052621004917,0.0216082081129767,203.92724353677417,-70.41833531099375,10.505943348805662,203.69168900526518,-70.75673767893898,10.333077683901848
87,tonic,grad,0.2,37,1,1.1516860723495483,0.019967366009950638,1,1,25,0.5956590175628662,0.07348174518784202,0.009264718044067245,0.11458690866079824,186.0752423079682,-70.95652412838928,10.180262891114005,202.97604370117188,-70.53961181640625,11.09695816040039
87,tonic,nm,0.2,37,1,1.1516860723495483,0.06126095727086067,1,17,25,0.39557886123657227,0.0838277730721324,0.0020118805155148163,0.007964121368558619,186.0752423079682,-70.95652412838928,10.180262891114005,205.35563011455866,-70.86598950519111,10.243975862062474
88,tonic,grad,0.2,38,0,6.655634880065918,0.04764137417078018,1,13,25,0.5940818786621094,0.01153266669815297,0.008920827059991627,0.015185562185725976,201.17692740307518,-66.89137131501522,9.711516639293977,198.5244140625,-67.29280853271484,9.833001136779785
88,tonic,nm,0.2,38,0,6.655634880065918,0.041788630187511444,1,4,25,0.39407896995544434,0.03053462622381497,0.0041498628712064245,0.04092774332926119,201.17692740307518,-66.89137131501522,9.711516639293977,208.19989143455263,-67.07811514421951,10.038938585928067
89,tonic,grad,0.2,39,0,3.8139100074768066,0.056813061237335205,1,7,25,0.5972180366516113,0.08084627899201761,0.011887044677466936,0.23262526233351166,192.65979613945314,-71.64247621458757,9.92092119539929,211.2544403076172,-71.10755920410156,11.781923294067383
89,tonic,nm,0.2,39,0,3.8139100074768066,0.13236115872859955,0,-1,25,0.3897089958190918,0.04182796626212735,0.001870182162126197,0.06580880298373293,192.65979613945314,-71.64247621458757,9.92092119539929,202.28022837974243,-71.72663441188325,10.447391619269153
90,tonic,grad,0.2,40,1,7.17001485824585,0.04728230834007263,1,8,25,0.5997507572174072,0.08195122394752853,0.015400466692450246,0.2269687201359234,205.09126670984188,-72.71022528582823,9.620651606100113,223.94004821777344,-72.01720428466797,11.4364013671875
90,tonic,nm,0.2,40,1,7.17001485824585,0.024780243635177612,1,16,25,0.39320898056030273,0.005204088963990503,0.000449047692331798,0.08317363793792887,205.09126670984188,-72.71022528582823,9.620651606100113,203.89432624812406,-72.73043243198316,10.286040709603544
91,tonic,grad,0.2,41,1,0.26597800850868225,0.016335787251591682,1,5,25,0.5895040035247803,0.021075215928144445,0.005676709220059529,0.13865853555993146,167.02790269081697,-69.70456385337924,10.37081518109672,162.18060302734375,-69.44911193847656,11.480083465576172
91,tonic,nm,0.2,41,1,0.26597800850868225,0.01486043818295002,1,16,25,0.3959238529205322,0.024031173458499828,0.0001413513999892757,0.10200230510484198,167.02790269081697,-69.70456385337924,10.37081518109672,161.500732795362,-69.71092466637876,11.186833621935456
92,tonic,grad,0.2,42,0,0.7143831849098206,0.018153712153434753,1,9,25,0.5915689468383789,0.16900371222619315,0.003681745581641217,0.16697444021880203,217.39607659034473,-68.06157059433396,11.07865798471931,178.5252227783203,-68.22724914550781,12.414453506469727
92,tonic,nm,0.2,42,0,0.7143831849098206,0.056652091443538666,1,21,25,0.38906407356262207,0.16551780586683326,0.01095160268557562,0.055191115184576534,217.39607659034473,-68.06157059433396,11.07865798471931,179.32698124097308,-68.55439271518486,11.520186906195923
93,tonic,grad,0.2,43,1,4.447254180908203,0.011263751424849033,1,20,25,0.5870778560638428,0.010024548742312643,0.0005793368498425859,0.09197450033200649,183.73844650370066,-67.18802591109302,10.32832238265889,181.43280029296875,-67.21409606933594,11.064118385314941
93,tonic,nm,0.2,43,1,4.447254180908203,0.16307438910007477,0,-1,25,0.39670300483703613,0.11243103033550769,0.0039797664867241645,0.011552030520296075,183.73844650370066,-67.18802591109302,10.32832238265889,209.59758348086743,-67.36711540299561,10.23590613849652
94,tonic,grad,0.2,44,0,5.563578128814697,0.03051522560417652,1,16,25,0.5899219512939453,0.02805931636781573,0.0060429036092415345,0.16109313525500113,215.03343304106644,-70.96325305340444,11.131104313711944,221.48707580566406,-71.23518371582031,12.419849395751953
94,tonic,nm,0.2,44,0,5.563578128814697,0.3388969600200653,0,-1,25,0.3899829387664795,0.04154232512515287,0.02262419729934303,0.06950989388656725,215.03343304106644,-70.96325305340444,11.131104313711944,205.47869826228128,-71.98134193187488,10.575025162619406
95,tonic,grad,0.2,45,0,3.503087043762207,0.03559514880180359,1,18,25,0.6177210807800293,0.09266943294656335,0.008423011245506965,0.04907705876835933,208.7200059546627,-66.92542311211625,10.951756279181739,187.40603637695312,-67.30445861816406,11.344372749328613
95,tonic,nm,0.2,45,0,3.503087043762207,0.21864885091781616,0,-1,25,0.38771986961364746,0.0044517692890126605,0.011689207760367835,0.06112996256018044,208.7200059546627,-66.92542311211625,10.951756279181739,207.69609901818978,-67.4514374613328,10.462716578700295
96,tonic,grad,0.2,46,1,1.678369164466858,0.012000787071883678,1,1,25,0.5888099670410156,0.07722454699823676,0.0017177794966499959,0.2249474032037433,231.13742400783664,-70.54336453047425,9.714236654191831,213.3757781982422,-70.466064453125,11.513815879821777
96,tonic,nm,0.2,46,1,1.678369164466858,0.06740828603506088,1,18,25,0.3904557228088379,0.11940256060435055,0.0062649251407274655,0.11795750341786015,231.13742400783664,-70.54336453047425,9.714236654191831,203.67483506883602,-70.82528616180699,10.657896681534712
97,tonic,grad,0.2,47,1,0.22774749994277954,0.001385509967803955,1,2,25,0.7134630680084229,0.03692233209195914,0.0013315532670339458,0.20189976386306752,191.16456069755685,-69.06848281294441,10.015750909481202,182.67242431640625,-69.12840270996094,11.630949020385742
97,tonic,nm,0.2,47,1,0.22774749994277954,0.006159673910588026,1,13,25,0.3923518657684326,0.07220143653866681,0.0034879773059992027,0.18814749525091679,191.16456069755685,-69.06848281294441,10.015750909481202,174.55823029366348,-69.22544179171437,11.520930871488536
98,tonic,grad,0.2,48,1,0.6422087550163269,0.030873646959662437,1,7,25,0.598808765411377,0.10863717849442678,0.003278609104760714,0.2829388517604863,172.20012832422597,-70.03928393071033,9.577612766848727,147.2135772705078,-69.8917465209961,11.841123580932617
98,tonic,nm,0.2,48,1,0.6422087550163269,0.11654247343540192,0,-1,25,0.5972869396209717,0.11464510078999694,0.010999530050361273,0.3375794298380126,172.20012832422597,-70.03928393071033,9.577612766848727,198.56850150592527,-69.54430507844407,12.278248205552828
99,tonic,grad,0.2,49,0,16.126407623291016,0.1255916804075241,0,-1,25,0.591041088104248,0.12353739213189398,0.0014691244675557552,0.22822010710893892,198.05344082528939,-73.11021613082517,10.599175437684153,226.467041015625,-73.04410552978516,12.424936294555664
99,tonic,nm,0.2,49,0,16.126407623291016,0.3214263319969177,0,-1,25,0.39272308349609375,0.04770809153442414,0.019875043511853444,0.022962985937358127,198.05344082528939,-73.11021613082517,10.599175437684153,187.08057977237183,-74.00459308885857,10.782879325183018
100,tonic,grad,0.3,0,1,0.875362753868103,0.0356207937002182,1,9,25,0.5944759845733643,0.030480363214329526,0.0009568502598511941,0.15034438025166952,158.50349501390517,-69.08540140134174,9.789560250345042,151.49301147460938,-69.04234313964844,10.992315292358398
100,tonic,nm,0.3,0,1,0.875362753868103,0.36868414282798767,0,-1,25,0.39163708686828613,0.21107596402009293,0.007590347882875411,0.054527042040338536,158.50349501390517,-69.08540140134174,9.789560250345042,207.05096673852654,-68.74383574661235,10.22577658666775
101,tonic,grad,0.3,1,1,5.507566452026367,0.014277123846113682,1,2,25,0.6193180084228516,0.04837608265487325,0.0037991624375911847,0.11336165481884963,230.4080541864021,-72.0187635181877,10.162831798070297,219.28155517578125,-71.8478012084961,11.069725036621094
101,tonic,nm,0.3,1,1,5.507566452026367,0.019771218299865723,1,4,25,0.3932967185974121,0.10322342399884961,0.006990440336569905,0.021312691907879433,230.4080541864021,-72.0187635181877,10.162831798070297,206.66666666666669,-72.33333333333334,10.333333333333332
102,tonic,grad,0.3,2,2,4.074345588684082,0.012021197006106377,1,19,25,0.5881557464599609,0.000762630189918142,0.0037807998163269002,0.19373908722947553,197.05200711653274,-67.00323436959341,9.488762610391735,196.87660217285156,-67.17337036132812,11.038675308227539
102,tonic,nm,0.3,2,2,4.074345588684082,0.09798051416873932,1,22,25,0.39116501808166504,0.018262644253937803,0.009200012928819017,0.1071340483941925,197.05200711653274,-67.00323436959341,9.488762610391735,201.25241529493843,-67.41723495139027,10.345834997545275
103,tonic,grad,0.3,3,4,12.386616706848145,0.4210589528083801,0,-1,25,0.5932540893554688,0.022552420620250202,0.03244578043619792,0.10748669366991837,188.77351454640495,-65.0,10.70658563462546,193.9605712890625,-66.4600601196289,9.846692085266113
103,tonic,nm,0.3,3,4,12.386616706848145,0.06885417550802231,1,20,25,0.39185404777526855,0.16109105716695774,0.0008353761283005825,0.12031449040102027,188.77351454640495,-65.0,10.70658563462546,225.82445769480523,-65.03759192577353,11.669101557833622
104,tonic,grad,0.3,4,0,5.729712963104248,0.057419151067733765,1,23,25,0.5933759212493896,0.1098429866395179,0.011955203803696197,0.13190855647652722,237.36912679525318,-66.42931624387273,9.74801047122245,212.10523986816406,-66.96730041503906,10.803278923034668
104,tonic,nm,0.3,4,0,5.729712963104248,0.14046694338321686,0,-1,25,0.3927628993988037,0.1270477332482826,0.01021272544480338,0.04770239480089722,237.36912679525318,-66.42931624387273,9.74801047122245,208.14814814814818,-66.88888888888889,10.129629629629628
105,tonic,grad,0.3,5,0,3.5260465145111084,0.0461583249270916,1,7,25,0.5906639099121094,0.10369517177550078,0.01528891415385374,0.12401203183701615,191.1255438412442,-72.1469092179781,9.827104261050941,214.97543334960938,-71.45890808105469,10.81920051574707
105,tonic,nm,0.3,5,0,3.5260465145111084,0.05119437724351883,1,19,25,0.39051222801208496,0.06267869683404893,0.00023558183348484362,0.05734889645037966,191.1255438412442,-72.1469092179781,9.827104261050941,205.54164411307545,-72.13630803547129,10.285895432653978
106,tonic,grad,0.3,6,1,0.45104488730430603,0.01416875422000885,1,4,25,0.5933017730712891,0.010700126820267873,0.004813140046566863,0.12775017782630682,202.6545106139741,-69.52713817709551,8.786193691525288,200.1934814453125,-69.310546875,9.808195114135742
106,tonic,nm,0.3,6,1,0.45104488730430603,0.023672370240092278,1,7,25,0.39164018630981445,0.024307221106440867,0.006634997645070307,0.12484554614127608,202.6545106139741,-69.52713817709551,8.786193691525288,208.2451714684555,-69.22856328306734,9.784958060655496
107,tonic,grad,0.3,7,1,16.705520629882812,0.006376901641488075,1,11,25,0.5903596878051758,0.009185530810787134,0.003559367646037496,0.08182687073154615,223.1741321127377,-73.60405734729434,11.156194169584642,225.28680419921875,-73.44388580322266,11.810809135437012
107,tonic,nm,0.3,7,1,16.705520629882812,0.11115214228630066,0,-1,25,0.39226508140563965,0.11675867590787238,0.012024066407300261,0.08110483906112265,223.1741321127377,-73.60405734729434,11.156194169584642,196.31963665392706,-74.14514033562286,10.507355457095661
108,tonic,grad,0.3,8,0,4.215750217437744,0.15135714411735535,0,-1,25,0.5977139472961426,0.16244367794783962,0.02143209533503586,0.2560494353825524,177.6248467721922,-72.74018586722505,8.844525964693487,214.9868927001953,-71.77574157714844,10.892921447753906
108,tonic,nm,0.3,8,0,4.215750217437744,0.1094563752412796,0,-1,25,0.4078998565673828,0.12117184578065393,0.011087239766483965,0.1799557165203831,177.6248467721922,-72.74018586722505,8.844525964693487,205.4943713017426,-72.24126007773327,10.284171696856552
109,tonic,grad,0.3,9,1,24.763839721679688,0.010721542872488499,1,4,25,0.5927209854125977,0.08382739927527437,0.0035395413918119325,0.20821717917961435,237.99566438214123,-74.49956463150909,9.775705056187109,218.71536254882812,-74.65884399414062,11.441442489624023
109,tonic,nm,0.3,9,1,24.763839721679688,0.0789373517036438,1,6,25,0.39963603019714355,0.21189741357774705,0.015236012303913388,0.12062946056920398,237.99566438214123,-74.49956463150909,9.775705056187109,189.2592592592594,-75.18518518518519,10.74074074074074
110,tonic,grad,0.3,10,2,1.5430781841278076,0.006849076133221388,1,13,25,0.6037638187408447,0.11368416647890493,0.006016110913839788,0.05438148616441718,238.50935780186688,-67.42293955965846,11.304476766690522,212.36199951171875,-67.69366455078125,11.73952865600586
110,tonic,nm,0.3,10,2,1.5430781841278076,0.14609640836715698,0,-1,25,0.40267300605773926,0.13870886704917051,0.020784773881472852,0.12317078701231687,238.50935780186688,-67.42293955965846,11.304476766690522,206.60631838055767,-68.35825438432474,10.319110470591987
111,tonic,grad,0.3,11,2,1.321859359741211,0.013216691091656685,1,6,25,0.6049768924713135,0.001540700310954682,0.0033917635558215883,0.06180574776404013,172.71407176487895,-68.56795833950416,10.332521257267562,172.35971069335938,-68.41532897949219,10.826967239379883
111,tonic,nm,0.3,11,2,1.321859359741211,0.09793007373809814,1,22,25,0.5413548946380615,0.1264691915908099,0.006980105551786172,0.026280586020793972,172.71407176487895,-68.56795833950416,10.332521257267562,201.80198583076523,-68.25385358967378,10.542765945433914
112,tonic,grad,0.3,12,2,1.3737636804580688,0.004977811127901077,1,12,25,0.6124498844146729,0.06368783719513334,0.004763933882350102,0.1345791862556982,211.60433353632598,-67.5924238175794,10.85943981317707,196.9561309814453,-67.80680084228516,11.936073303222656
112,tonic,nm,0.3,12,2,1.3737636804580688,0.21659773588180542,0,-1,25,0.4064629077911377,0.022061733182453944,0.018689155178472878,0.06858490289267016,211.60433353632598,-67.5924238175794,10.85943981317707,206.53013490436157,-68.43343580061068,10.31076059003571
113,tonic,grad,0.3,13,0,5.0901570320129395,0.10903871804475784,0,-1,25,0.8117489814758301,0.03381729375253292,0.019559844404766914,0.1542577761978059,156.0524362552768,-68.25131726579264,9.354274734997631,163.83041381835938,-67.37112426757812,10.588336944580078
113,tonic,nm,0.3,13,0,5.0901570320129395,0.312519907951355,0,-1,25,0.4045891761779785,0.2228119495600512,0.02206095495311931,0.06955024781187591,156.0524362552768,-68.25131726579264,9.354274734997631,207.29918465408858,-67.25857429290227,9.910676717492638
114,tonic,grad,0.3,14,1,1.77628755569458,0.009724803268909454,1,11,25,0.6109399795532227,0.040701903219779775,0.0039047363329861658,0.0762242056733824,190.8705111119897,-70.58515985129297,11.235640543455714,200.23194885253906,-70.4094467163086,11.845434188842773
114,tonic,nm,0.3,14,1,1.77628755569458,0.13307954370975494,0,-1,25,0.4047989845275879,0.054356731001388055,0.00480271162834419,0.07063040538912824,190.8705111119897,-70.58515985129297,11.235640543455714,203.37255924230897,-70.80128187456846,10.670597300342688
115,tonic,grad,0.3,15,3,0.6456534266471863,0.00683056702837348,1,12,25,0.6108317375183105,0.09890406657556933,0.005393425344067598,0.20199769068753248,229.6789808446075,-67.87512422865758,10.807069354931869,206.93104553222656,-68.11782836914062,12.423050880432129
115,tonic,nm,0.3,15,3,0.6456534266471863,0.10545632988214493,0,-1,25,0.4031238555908203,0.18710003620890372,0.022244174628528728,0.06888103610667029,229.6789808446075,-67.87512422865758,10.807069354931869,186.64597251655965,-68.87611208694138,11.358117643785231
116,tonic,grad,0.3,16,2,4.614964008331299,0.13960815966129303,0,-1,25,0.6049158573150635,0.2294294939369149,0.01900019306272327,0.07041674729476588,182.8612366084201,-66.2311348058298,11.55238677054324,130.0924530029297,-67.08614349365234,12.115720748901367
116,tonic,nm,0.3,16,2,4.614964008331299,0.8779523968696594,0,-1,25,0.4009401798248291,0.10706836029988971,0.02585920920461812,0.14948243922307092,182.8612366084201,-66.2311348058298,11.55238677054324,207.48695947739475,-67.39479922003761,10.356527256758673
117,tonic,grad,0.3,17,1,18.606781005859375,0.27060577273368835,0,-1,25,0.6094861030578613,0.03575032011324236,0.024433729383680554,0.1772843938135169,184.41512168645426,-65.0,10.267066272944659,192.6376953125,-66.09951782226562,8.848791122436523
117,tonic,nm,0.3,17,1,18.606781005859375,0.0012190781999379396,1,5,25,0.40177202224731445,0.01032997277056201,0.0,0.006115209456200921,184.41512168645426,-65.0,10.267066272944659,186.79101542368352,-65.0,10.315987948594266
118,tonic,grad,0.3,18,1,2.2337257862091064,0.011888460256159306,1,8,25,0.6068060398101807,0.08020372740179334,0.005544087539264966,0.06534229828400973,228.1277502467484,-67.5581637658112,10.141074251057024,209.68089294433594,-67.80764770507812,10.663812637329102
118,tonic,nm,0.3,18,1,2.2337257862091064,0.09549327194690704,1,20,25,0.4030110836029053,0.09447716173554803,0.008477839490483221,0.00014035714735616267,228.1277502467484,-67.5581637658112,10.141074251057024,206.39800304757236,-67.93966654288295,10.139951393878174
119,tonic,grad,0.3,19,0,9.107600212097168,0.05535108596086502,1,9,25,0.6074118614196777,0.022548657591995213,0.0074851161912957,0.1251173044729299,227.56311385358077,-72.96971902255362,10.297445276985115,222.37692260742188,-72.63288879394531,11.298383712768555
119,tonic,nm,0.3,19,0,9.107600212097168,0.02547772414982319,1,2,25,0.4011499881744385,0.11983962545035119,0.011784021721030689,0.037180659623139434,227.56311385358077,-72.96971902255362,10.297445276985115,200.0,-73.5,10.0
120,tonic,grad,0.3,20,2,0.8730940222740173,0.0040121604688465595,1,10,25,0.6068747043609619,0.0610764841619137,0.0031087898008492075,0.31651157616252323,211.8884269285292,-68.11806191745788,9.041660747633408,197.84083557128906,-68.2579574584961,11.573753356933594
120,tonic,nm,0.3,20,2,0.8730940222740173,0.1945945918560028,0,-1,25,0.401644229888916,0.024054006819254486,0.013930896734223097,0.12390378606598773,211.8884269285292,-68.11806191745788,9.041660747633408,206.35600536010068,-68.74495227049792,10.03289103616131
121,tonic,grad,0.3,21,1,0.16110670566558838,0.007865565828979015,1,6,25,0.6251869201660156,0.06541321521804587,0.006265552539568059,0.09144726431480033,201.81699052914632,-70.79652200783525,8.821475741377593,216.86203002929688,-70.51457214355469,9.553053855895996
121,tonic,nm,0.3,21,1,0.16110670566558838,0.0037164934910833836,1,11,25,0.404644250869751,0.02403331412970431,0.0038358491662658406,0.08005088791658022,201.81699052914632,-70.79652200783525,8.821475741377593,207.34465277897831,-70.62390879535329,9.461882844710235
122,tonic,grad,0.3,22,0,1.3539741039276123,0.018826181069016457,1,11,25,0.6097307205200195,0.13121350526440703,0.0037012785123841417,0.16126439145099836,181.43487403307924,-67.83769966909115,11.332321391829513,151.25576782226562,-68.00425720214844,12.6224365234375
122,tonic,nm,0.3,22,0,1.3539741039276123,0.5388546586036682,0,-1,25,0.40082383155822754,0.09221886215247846,0.01701221880863607,0.138354869257304,181.43487403307924,-67.83769966909115,11.332321391829513,202.64521232814928,-68.60324951547977,10.225482437771081
123,tonic,grad,0.3,23,0,0.29881611466407776,0.004803318530321121,1,3,25,0.6012768745422363,0.02809892509664478,0.003709989143207003,0.06437100687001007,183.856659459217,-71.03229832736228,9.21847806625574,190.3194122314453,-70.86534881591797,9.73344612121582
123,tonic,nm,0.3,23,0,0.29881611466407776,0.028810380026698112,1,9,25,0.40232014656066895,0.08797334766842814,0.0075171804295555,0.09023411782051727,183.856659459217,-71.03229832736228,9.21847806625574,204.09052942295548,-70.69402520803229,9.940351008819878
124,tonic,grad,0.3,24,0,0.47201651334762573,0.019338082522153854,1,7,25,0.6115341186523438,0.09354142919767004,0.006467446815545625,0.007486371970539363,188.16544870152808,-71.49162714771518,9.061126937678377,209.6799774169922,-71.20059204101562,9.001235961914062
124,tonic,nm,0.3,24,0,0.47201651334762573,0.10321932286024094,0,-1,25,0.3993251323699951,0.09279737308326245,0.017973059951800804,0.1254433256071179,188.16544870152808,-71.49162714771518,9.061126937678377,209.50884451067844,-70.68283944988414,10.06467354253532
125,tonic,grad,0.3,25,1,6.9306416511535645,0.03062380477786064,1,8,25,0.602410078048706,0.05746661926062908,0.007388163914719964,0.3701829550387714,239.04550846510094,-72.36036044256865,8.408079435251352,225.82818603515625,-72.02789306640625,11.369543075561523
125,tonic,nm,0.3,25,1,6.9306416511535645,0.03300522640347481,1,14,25,0.401721715927124,0.16440737253407142,0.007174552662148573,0.23508311094613843,239.04550846510094,-72.36036044256865,8.408079435251352,201.2318127822645,-72.68321531236533,10.28874432282046
126,tonic,grad,0.3,26,0,3.5289247035980225,0.04069005697965622,1,18,25,0.6067967414855957,0.09731417907580153,0.0008134778625187917,0.2526446709251311,187.54856672942654,-67.64041204580553,9.096161739654615,165.1663055419922,-67.60380554199219,11.117319107055664
126,tonic,nm,0.3,26,0,3.5289247035980225,0.33573946356773376,0,-1,25,0.3997530937194824,0.08390669043807503,0.010389452128850014,0.11050711527367696,187.54856672942654,-67.64041204580553,9.096161739654615,206.8471055301838,-68.10793739160378,9.980218661844031
127,tonic,grad,0.3,27,1,2.492957592010498,0.038425590842962265,1,13,25,0.7615950107574463,0.00029553221829392286,0.0024373419353499533,0.11107883362416104,197.64647887993416,-70.7492449012509,11.228322227124876,197.57850646972656,-70.63956451416016,12.116952896118164
127,tonic,nm,0.3,27,1,2.492957592010498,0.1344069391489029,0,-1,25,0.40335893630981445,0.03196487826451867,0.0005250099500525746,0.0018170503856713704,197.64647887993416,-70.7492449012509,11.228322227124876,204.99840088077346,-70.77287034900327,11.242858630210247
128,tonic,grad,0.3,28,1,9.973605155944824,0.11742790788412094,0,-1,25,0.6204159259796143,0.07108078789731231,0.0180492728081791,0.09807924724493078,217.1472567534912,-65.9477085659171,8.956680910041042,200.79867553710938,-66.75992584228516,9.741314888000488
128,tonic,nm,0.3,28,1,9.973605155944824,0.04582210257649422,1,7,25,0.5803048610687256,0.052545775471432424,0.009392484543405999,0.15973587389919053,217.1472567534912,-65.9477085659171,8.956680910041042,205.06172839506175,-66.37037037037037,10.234567901234566
129,tonic,grad,0.3,29,1,7.96858024597168,0.019176391884684563,1,9,25,0.6045119762420654,0.004171990701547533,0.0006376675590846364,0.23946533278111648,224.8702939453403,-71.96240908581775,10.085466569623627,223.91073608398438,-71.99110412597656,12.001189231872559
129,tonic,nm,0.3,29,1,7.96858024597168,0.19566790759563446,0,-1,25,0.40426087379455566,0.10320521330052743,0.02255078845423889,0.06698767880342116,224.8702939453403,-71.96240908581775,10.085466569623627,201.133094886219,-72.9771945662585,10.621368000050996
130,tonic,grad,0.3,30,2,81.6417007446289,0.14213550090789795,0,-1,25,0.6139731407165527,0.044398649530256885,0.020663172069842202,0.40040381128910907,222.2945819703456,-79.60241964743977,9.561473260297479,232.5062713623047,-78.67257690429688,12.764703750610352
130,tonic,nm,0.3,30,2,81.6417007446289,0.11740391701459885,0,-1,25,0.40221071243286133,0.1675478634006193,0.008530287365231162,0.08499416893743783,222.2945819703456,-79.60241964743977,9.561473260297479,183.75857338820316,-79.98628257887518,10.241426611796982
131,tonic,grad,0.3,31,1,7.668766498565674,0.06304773688316345,1,9,25,0.6093719005584717,0.0002906943317624234,0.011843199962902734,0.2703436435170894,219.91593501368817,-72.64881924247125,9.136559628718754,219.8490753173828,-72.11587524414062,11.299308776855469
131,tonic,nm,0.3,31,1,7.668766498565674,0.07778001576662064,1,17,25,0.400648832321167,0.07683087727546649,0.0038283812816492474,0.14267760109267558,219.91593501368817,-72.64881924247125,9.136559628718754,202.24483324033088,-72.82109640014546,10.277980437460158
132,tonic,grad,0.3,32,2,3.515838623046875,0.022958116605877876,1,7,25,0.6102440357208252,0.01512043076857582,0.004913585319419806,0.15995835840744532,221.50197581017088,-71.13360218410045,10.540765795704305,218.02427673339844,-70.91249084472656,11.820432662963867
132,tonic,nm,0.3,32,2,3.515838623046875,0.17033608257770538,0,-1,25,0.40462422370910645,0.0698581142116493,0.02141569290957174,0.03147639506681421,221.50197581017088,-71.13360218410045,10.540765795704305,205.43460954149154,-72.09730836503118,10.288954635169791
133,tonic,grad,0.3,33,1,7.741127014160156,0.03543122112751007,1,9,25,0.6103007793426514,0.05913207066448723,0.007423899479519491,0.13387725199860623,234.84444058388675,-72.50578262989869,10.167133534304119,221.2440643310547,-72.17170715332031,11.238151550292969
133,tonic,nm,0.3,33,1,7.741127014160156,0.03830840066075325,1,15,25,0.4025871753692627,0.14177244691339397,0.00723888638275696,0.013429788170573387,234.84444058388675,-72.50578262989869,10.167133534304119,202.23677779380614,-72.83153251712275,10.274571839668706
134,tonic,grad,0.3,34,2,10.332686424255371,0.07139921933412552,1,16,25,0.6088190078735352,0.03350089831436452,0.015516352921208131,0.08603013086900257,210.96152375097572,-66.02550374256907,10.21155933766247,203.25631713867188,-66.72373962402344,9.52331829071045
134,tonic,nm,0.3,34,2,10.332686424255371,0.012048759497702122,1,7,25,0.40152907371520996,0.03413470721279255,0.005188414698361359,0.009973829913163756,210.96152375097572,-66.02550374256907,10.21155933766247,203.11054109203343,-66.25898240399533,10.29134997696778
135,tonic,grad,0.3,35,1,2.515050172805786,0.03760718181729317,1,14,25,0.6129097938537598,0.20202746811883746,0.005127548086211833,0.3699690375420597,170.49945975717637,-67.51700203533922,9.406994602129343,124.03314208984375,-67.74774169921875,12.36674690246582
135,tonic,nm,0.3,35,1,2.515050172805786,0.7861047387123108,0,-1,25,0.40303993225097656,0.15887957246946274,0.011761798877222103,0.08257644908765682,170.49945975717637,-67.51700203533922,9.406994602129343,207.0417614251528,-68.04628298481421,10.067606194830597
136,tonic,grad,0.3,36,1,17.042434692382812,0.031065819784998894,1,11,25,0.6028881072998047,0.06338925568953804,0.006448706688069844,0.26649594456160774,240.0,-73.83462539471314,9.653859126551572,225.42047119140625,-73.54443359375,11.785826683044434
136,tonic,nm,0.3,36,1,17.042434692382812,0.09056399017572403,1,21,25,0.40403199195861816,0.18970986649170798,0.007567732624298489,0.10842320538069061,240.0,-73.83462539471314,9.653859126551572,196.36673070690716,-74.17517336280658,10.521244769597097
137,tonic,grad,0.3,37,1,0.4091176986694336,0.00811757892370224,1,5,25,0.6104719638824463,0.00711279852229253,0.00375649063390679,0.08458047803026592,143.04832147659147,-69.69031283047893,10.431994939185607,144.68426513671875,-69.52127075195312,11.108638763427734
137,tonic,nm,0.3,37,1,0.4091176986694336,0.07122692465782166,1,19,25,0.40384984016418457,0.11751702574685188,0.008103199798263619,0.12608896931539704,143.04832147659147,-69.69031283047893,10.431994939185607,170.0772373983674,-69.32566883955707,11.440706693708783
138,tonic,grad,0.3,38,1,27.849302291870117,0.02244354784488678,1,23,25,0.6030778884887695,0.03379762307821119,0.005569419319185285,0.16816413999397595,238.8061986693167,-74.28524191432807,11.255175542767919,231.03274536132812,-74.5358657836914,12.600488662719727
138,tonic,nm,0.3,38,1,27.849302291870117,0.37686827778816223,0,-1,25,0.40330982208251953,0.21542147569590125,0.019998739352380487,0.06430435025339731,238.8061986693167,-74.28524191432807,11.255175542767919,189.2592592592594,-75.18518518518519,10.74074074074074
139,tonic,grad,0.3,39,1,8.91003131866455,0.11153972893953323,0,-1,25,0.607248067855835,0.150604345876594,0.011704543233746121,0.275698893074138,186.18299141518025,-72.59930576387795,9.78852468487467,220.82199096679688,-72.07260131835938,11.994115829467773
139,tonic,nm,0.3,39,1,8.91003131866455,0.1964947134256363,0,-1,25,0.4037458896636963,0.038172687984131516,0.012734889974408425,0.10535367378271498,186.18299141518025,-72.59930576387795,9.78852468487467,194.9627096515305,-73.17237581272633,10.63135407513639
140,tonic,grad,0.3,40,1,6.98285436630249,0.12291029840707779,0,-1,25,0.6080801486968994,0.11348889805984025,0.019363266237867074,0.38291012443774486,195.01623630756487,-72.87555840648527,8.442830149517572,221.11868286132812,-72.00421142578125,11.506111145019531
140,tonic,nm,0.3,40,1,6.98285436630249,0.10310318320989609,0,-1,25,0.400515079498291,0.027482142967602013,0.001900136175843967,0.22068899940616316,195.01623630756487,-72.87555840648527,8.442830149517572,201.33712919011333,-72.96106453439825,10.208342144766878
141,tonic,grad,0.3,41,1,8.852714538574219,0.004928078502416611,1,9,25,0.6077578067779541,0.008856793558747154,0.0026592243400184795,0.07610937559367459,219.46191514262097,-72.62042803475396,10.787768633861443,221.4989776611328,-72.50076293945312,11.39664363861084
141,tonic,nm,0.3,41,1,8.852714538574219,0.06303484737873077,1,2,25,0.400698184967041,0.09074498677393728,0.016518810137311688,0.05855345792054667,219.46191514262097,-72.62042803475396,10.787768633861443,198.5905681846154,-73.36377449093298,10.31934097049707
142,tonic,grad,0.3,42,0,4.653091907501221,0.0353940948843956,1,2,25,0.6079559326171875,0.05621167950293941,0.009898500846662411,0.11472454556628198,198.074258660613,-72.46218668849043,9.838972815767596,211.00294494628906,-72.01675415039062,10.756769180297852
142,tonic,nm,0.3,42,0,4.653091907501221,0.019765987992286682,1,4,25,0.4012291431427002,0.037358295678494295,0.002863407892379794,0.06179506469571705,198.074258660613,-72.46218668849043,9.838972815767596,206.66666666666669,-72.33333333333334,10.333333333333332
143,tonic,grad,0.3,43,1,42.68935775756836,0.03845538571476936,1,5,25,0.7778408527374268,0.11631154623368875,0.008407642336745704,0.1620739916739844,203.00443262308752,-76.4535010706809,11.131943528033906,229.75608825683594,-76.07515716552734,12.428535461425781
143,tonic,nm,0.3,43,1,42.68935775756836,0.1767910122871399,0,-1,25,0.41312718391418457,0.05603920859457738,0.010916283367932857,0.07909313943863938,203.00443262308752,-76.4535010706809,11.131943528033906,190.11541464633473,-76.94473382223788,10.499198412524791
144,tonic,grad,0.3,44,3,5.213895320892334,0.020398328080773354,1,22,25,0.6114037036895752,0.01686452064130655,0.0058145484074660515,0.06310212252364256,196.59163449566356,-66.7020599212734,10.482716589146797,200.47047424316406,-66.96371459960938,10.987533569335938
144,tonic,nm,0.3,44,3,5.213895320892334,0.1887037456035614,0,-1,25,0.4058718681335449,0.04758742062308643,0.019194674527557253,0.06994174063741365,196.59163449566356,-66.7020599212734,10.482716589146797,207.53674123897343,-67.56582027501348,9.923182664047488
145,tonic,grad,0.3,45,3,0.5206642150878906,0.0051373811438679695,1,11,25,0.8647820949554443,0.05590087293835767,0.0006222779549552292,0.222469568405413,195.91359726019726,-68.35063434391049,10.776973723142438,183.056396484375,-68.3226318359375,12.556730270385742
145,tonic,nm,0.3,45,3,0.5206642150878906,0.27219274640083313,0,-1,25,0.4071230888366699,0.007235920588659091,0.026414577806253368,0.03630171660384374,195.91359726019726,-68.35063434391049,10.776973723142438,197.57785899558885,-69.53929034519189,10.486559990311688
146,tonic,grad,0.3,46,1,30.89882469177246,0.21059763431549072,0,-1,25,0.6163723468780518,0.2996911825428541,0.012412347594785286,0.3411926018466731,161.0807783813545,-75.19246677457784,9.96232319889849,230.00975036621094,-74.6339111328125,12.691864013671875
146,tonic,nm,0.3,46,1,30.89882469177246,0.5733886957168579,0,-1,25,0.4057948589324951,0.14728568827704763,0.023837617434064543,0.05106263587528681,161.0807783813545,-75.19246677457784,9.96232319889849,194.95648668507545,-76.26515955911074,10.370824285900785
147,tonic,grad,0.3,47,0,8.750897407531738,0.0037771807983517647,1,9,25,0.6112861633300781,0.05282150308617464,0.0006388750796193992,0.18309177644956276,233.60066690122642,-72.48637572135631,9.937714442578303,221.45172119140625,-72.45762634277344,11.402448654174805
147,tonic,nm,0.3,47,0,8.750897407531738,0.0734400525689125,1,17,25,0.40462732315063477,0.15062609221204346,0.018455605180401197,0.04767580556946749,233.60066690122642,-72.48637572135631,9.937714442578303,198.95666569245643,-73.31687795447436,10.319120887134043
148,tonic,grad,0.3,48,0,14.090665817260742,0.0950651690363884,1,21,25,0.6230330467224121,0.0375345790425587,0.009502271298951667,0.19254239783200888,235.63447905869475,-72.5256982676214,10.846536923606136,227.00152587890625,-72.95330047607422,12.386876106262207
148,tonic,nm,0.3,48,0,14.090665817260742,0.3386004567146301,0,-1,25,0.4052469730377197,0.16695135759076546,0.03208614197568112,0.0031112467515164166,235.63447905869475,-72.5256982676214,10.846536923606136,197.2356668128187,-73.96957465652704,10.821646949594005
149,tonic,grad,0.3,49,0,7.36309814453125,0.02359883487224579,1,3,25,0.6096088886260986,0.08166050347363187,0.004993375077380809,0.0712499314619921,177.57633005067404,-67.43594455426339,8.900228743494493,196.35824584960938,-67.21124267578125,9.47022819519043
149,tonic,nm,0.3,49,0,7.36309814453125,0.06053102761507034,1,4,25,0.40622687339782715,0.12394385807838323,0.011199008222027374,0.15555281323711467,177.57633005067404,-67.43594455426339,8.900228743494493,206.0834174087022,-66.93198918427215,10.14465124939141
150,tonic,grad,0.4,0,2,15.635037422180176,0.30046552419662476,0,-1,25,0.6235120296478271,0.0003172848834974156,0.027643500434027777,0.1481834727250575,195.23027765062372,-65.0,10.50139910199089,195.30325317382812,-66.24395751953125,9.31593132019043
150,tonic,nm,0.4,0,2,15.635037422180176,0.0013534041354432702,1,5,25,0.41075706481933594,0.039180085464221664,0.0,0.07435521191308436,195.23027765062372,-65.0,10.50139910199089,186.21885799385274,-65.0,11.096240797295565
151,tonic,grad,0.4,1,2,46.385780334472656,0.07617390155792236,1,14,25,0.607579231262207,0.09265523408904688,0.0007636000517408092,0.2914680198668218,208.77585926987078,-76.5592506685701,10.15542129211523,230.08656311035156,-76.59361267089844,12.487165451049805
151,tonic,nm,0.4,1,2,46.385780334472656,0.21077002584934235,0,-1,25,0.4046359062194824,0.0834209412137505,0.027419093339763535,0.03225270937053759,208.77585926987078,-76.5592506685701,10.15542129211523,189.58904279070816,-77.79310986885946,10.413442967079531
152,tonic,grad,0.4,2,1,13.403210639953613,0.44927164912223816,0,-1,25,0.6054368019104004,0.045740063812634506,0.03053673638237847,0.2132336645776578,204.79296553139812,-65.0,11.53517305807634,194.2727508544922,-66.37415313720703,9.829303741455078
152,tonic,nm,0.4,2,1,13.403210639953613,0.018530026078224182,1,12,25,0.4019341468811035,0.06602286597561444,0.0,0.016699850472557065,204.79296553139812,-65.0,11.53517305807634,189.6077063570068,-65.0,11.668771861856797
153,tonic,grad,0.4,3,2,24.9249324798584,0.09594729542732239,1,24,25,0.6060888767242432,0.04688850880155752,0.010975261126978669,0.022545311786603905,215.72733492963167,-65.39841671608283,7.472887246307755,204.94297790527344,-65.89230346679688,7.653249740600586
153,tonic,nm,0.4,3,2,24.9249324798584,0.027082473039627075,1,17,25,0.40256381034851074,0.005976850108615148,0.008853704801840777,0.15736681312419853,215.72733492963167,-65.39841671608283,7.472887246307755,214.35265940465018,-65.0,8.731821751301343
154,tonic,grad,0.4,4,3,27.611940383911133,0.22403399646282196,0,-1,25,0.6159517765045166,0.008974809408255293,0.01811794704861111,0.04460888282858966,195.93238548518778,-65.0,7.9558214486760805,193.86817932128906,-65.8153076171875,7.598950386047363
154,tonic,nm,0.4,4,3,27.611940383911133,0.09845906496047974,1,19,25,0.41266298294067383,0.09462680218654547,0.0,0.037472034667360155,195.93238548518778,-65.0,7.9558214486760805,217.69654998809324,-65.0,8.255597726014962
155,tonic,grad,0.4,5,1,11.245523452758789,0.01634957268834114,1,3,25,0.6123299598693848,0.026052484142185937,0.012158147207682015,0.3198191311206453,220.7125337498363,-73.00271354817382,9.402623823288256,226.70460510253906,-72.45559692382812,11.961176872253418
155,tonic,nm,0.4,5,1,11.245523452758789,0.11288260668516159,0,-1,25,0.4052238464355469,0.10589975909770467,0.015004940134850623,0.1300078688982913,220.7125337498363,-73.00271354817382,9.402623823288256,196.35558915736422,-73.6779358542421,10.442686774474586
156,tonic,grad,0.4,6,1,28.824081420898438,0.3088100850582123,0,-1,25,0.6158220767974854,0.1724563064629534,0.03186863958986079,0.26261177999233687,192.12191474789572,-76.3686743528328,9.90824386736111,231.786865234375,-74.93458557128906,12.009138107299805
156,tonic,nm,0.4,6,1,28.824081420898438,0.11286640912294388,0,-1,25,0.40444302558898926,0.00313281628534239,0.0025348981523469166,0.059589920082876224,192.12191474789572,-76.3686743528328,9.90824386736111,191.40136700226697,-76.25460393597719,10.38496322802412
157,tonic,grad,0.4,7,1,55.3289794921875,0.0391867458820343,1,15,25,0.605604887008667,0.14567559319906237,0.010542059246383751,0.10383807729497296,197.3986510398016,-77.56257320807946,11.744155000780841,230.90403747558594,-77.08818054199219,12.574859619140625
157,tonic,nm,0.4,7,1,55.3289794921875,0.11856304109096527,0,-1,25,0.40402913093566895,0.05668048313959139,0.01758525015424747,0.17995353147620619,197.3986510398016,-77.56257320807946,11.744155000780841,184.36213991769557,-78.35390946502059,10.304526748971192
158,tonic,grad,0.4,8,3,18.92137336730957,0.26683956384658813,0,-1,25,0.6316468715667725,0.05892792568388445,0.02400088840060764,0.12109523612982676,182.6719036307925,-65.0,9.87405249267631,196.22532653808594,-66.08003997802734,8.905290603637695
158,tonic,nm,0.4,8,3,18.92137336730957,0.004417359828948975,1,5,25,0.3999660015106201,0.02480033432143117,0.0,0.03710933531906635,182.6719036307925,-65.0,9.87405249267631,188.37598052472168,-65.0,10.17092717522884
159,tonic,grad,0.4,9,3,5.4972381591796875,0.04313280060887337,1,2,25,0.6057190895080566,0.04846164869225544,0.007866452266305954,0.11954556833525731,240.0,-72.14651659710096,10.012020196054758,228.85382080078125,-71.79252624511719,10.968384742736816
159,tonic,nm,0.4,9,3,5.4972381591796875,0.031635161489248276,1,4,25,0.40146923065185547,0.14492753623188398,0.004151483027386386,0.04016414215982178,240.0,-72.14651659710096,10.012020196054758,206.66666666666669,-72.33333333333334,10.333333333333332
160,tonic,grad,0.4,10,2,10.64626407623291,0.22772754728794098,0,-1,25,0.6118471622467041,0.058403372310103015,0.017607106740984414,0.14069380410064358,178.60415063820756,-65.86975905407758,11.019942446354953,192.03692626953125,-66.66207885742188,9.894392013549805
160,tonic,nm,0.4,10,2,10.64626407623291,0.05525079742074013,1,23,25,0.3997960090637207,0.08054649802170834,4.317779018789578e-05,0.03789872844305098,178.60415063820756,-65.86975905407758,11.019942446354953,197.12984518320047,-65.86781605351912,10.716752618810546
161,tonic,grad,0.4,11,2,38.9879035949707,0.18737825751304626,0,-1,25,0.8082191944122314,0.021090794994497206,0.014060126410590278,0.17038442453894165,183.4706948604531,-65.0,8.122414252054941,178.61981201171875,-65.63270568847656,6.759338855743408
161,tonic,nm,0.4,11,2,38.9879035949707,0.08780978620052338,1,21,25,0.40363073348999023,0.08108777077177155,0.0,0.13488974012474308,183.4706948604531,-65.0,8.122414252054941,202.12088213796056,-65.0,7.043296331056997
162,tonic,grad,0.4,12,2,0.26763710379600525,0.005625059362500906,1,3,25,0.6098589897155762,0.05771428257786906,0.0005507562856447774,0.20978866448128475,235.04900423119113,-68.77711862758058,9.237939005682925,221.77471923828125,-68.75233459472656,10.916248321533203
162,tonic,nm,0.4,12,2,0.26763710379600525,0.040865398943424225,1,13,25,0.4135298728942871,0.12966232288393345,0.011399510498014189,0.10333188115165637,235.04900423119113,-68.77711862758058,9.237939005682925,205.22666996788644,-69.29009659999122,10.064594054896176
163,tonic,grad,0.4,13,3,25.469858169555664,0.06910530477762222,1,4,25,0.8893399238586426,0.2088960209051002,0.008162058070231145,0.21916724606083426,178.98569924944414,-74.9755689803479,10.355811964374654,227.0317840576172,-74.6082763671875,12.109149932861328
163,tonic,nm,0.4,13,3,25.469858169555664,0.06653103232383728,1,23,25,0.4093799591064453,0.023100138925723806,0.011116070537339814,0.06337693548210566,178.98569924944414,-74.9755689803479,10.355811964374654,184.2987312023606,-75.4757921545282,10.8628274482315
164,tonic,grad,0.4,14,2,9.097253799438477,0.31253907084465027,0,-1,25,0.6145069599151611,0.004252928243744359,0.02925853490105131,0.2577162879517305,196.7992465478841,-65.49615584644488,12.17324248775691,197.7774200439453,-66.81278991699219,10.111512184143066
164,tonic,nm,0.4,14,2,9.097253799438477,0.23394106328487396,0,-1,25,0.4057300090789795,0.042901826603402506,0.022307647856780476,0.2299886443029473,196.7992465478841,-65.49615584644488,12.17324248775691,206.66666666666669,-66.5,10.333333333333332
165,tonic,grad,0.4,15,1,49.77880859375,0.35391074419021606,0,-1,25,0.6168069839477539,0.14956005495556302,0.037995404133705314,0.5611016742475203,196.15862144225176,-78.13715372068471,7.934282309144837,230.55743408203125,-76.42736053466797,12.423095703125
165,tonic,nm,0.4,15,1,49.77880859375,0.12588053941726685,0,-1,25,0.4049410820007324,0.014038684106582962,0.0105513450380793,0.2962212799424093,196.15862144225176,-78.13715372068471,7.934282309144837,192.92972409773768,-77.66234319397114,10.304052548684112
166,tonic,grad,0.4,16,2,20.252134323120117,0.32446998357772827,0,-1,25,0.6073620319366455,0.3612393046147798,0.030419165954015486,0.37377922573656575,143.82572654016315,-75.03957779996195,9.345503422501029,226.9107666015625,-73.67071533203125,12.335737228393555
166,tonic,nm,0.4,16,2,20.252134323120117,0.37606173753738403,0,-1,25,0.40483880043029785,0.22618190150381418,0.007881818835269568,0.1300036216191982,143.82572654016315,-75.03957779996195,9.345503422501029,195.8475638860404,-74.68489595237482,10.385532395454614
167,tonic,grad,0.4,17,2,0.3882308304309845,0.023148415610194206,1,3,25,0.6079649925231934,0.04626913201993719,0.0033786762497975864,0.17376894946487753,213.94477206868712,-70.68560976717839,8.771149063460667,203.30287170410156,-70.5335693359375,10.161300659179688
167,tonic,nm,0.4,17,2,0.3882308304309845,0.03578968718647957,1,11,25,0.40936994552612305,0.03605332972095413,0.0027141860551931057,0.19340709524008326,213.94477206868712,-70.68560976717839,8.771149063460667,205.65250623286767,-70.5634713946947,10.318405825381333
168,tonic,grad,0.4,18,2,0.3750576972961426,0.00306236301548779,1,6,25,0.6158792972564697,0.00043081862085799736,0.00701462759489036,0.1930909226718418,166.45060959317922,-69.3682552876685,9.903257314059836,166.54969787597656,-69.05259704589844,11.44798469543457
168,tonic,nm,0.4,18,2,0.3750576972961426,0.08982811123132706,1,23,25,0.40308213233947754,0.10090364182961961,0.001374834860482426,0.08945447525500194,166.45060959317922,-69.3682552876685,9.903257314059836,189.65844721399174,-69.43012285639021,10.618893116099851
169,tonic,grad,0.4,19,2,0.20782878994941711,0.003233390161767602,1,6,25,0.6080808639526367,0.06077504927683692,0.0009437327632105684,0.24342398847842417,220.80583701726624,-68.74175748952271,9.675027449472411,206.82757568359375,-68.78422546386719,11.622419357299805
169,tonic,nm,0.4,19,2,0.20782878994941711,0.077542744576931,1,12,25,0.4059479236602783,0.12583939375226852,0.018838912192601105,0.09932376605633197,220.80583701726624,-68.74175748952271,9.675027449472411,191.86277645424448,-69.58950853818976,10.469617577923067
170,tonic,grad,0.4,20,2,13.06978702545166,0.2848753333091736,0,-1,25,0.6171579360961914,0.08750745059991813,0.031238301595052084,0.13203909920983237,223.19838417020773,-65.0,10.645082706398385,203.07167053222656,-66.40572357177734,9.588769912719727
170,tonic,nm,0.4,20,2,13.06978702545166,0.00473033869639039,1,10,25,0.40142178535461426,0.052572751815881454,0.0,0.09779971626442818,223.19838417020773,-65.0,10.645082706398385,211.106651252555,-65.0,11.427480436513811
171,tonic,grad,0.4,21,1,5.9201812744140625,0.14865905046463013,0,-1,25,0.6164119243621826,0.10069654651176635,0.009327907864242964,0.2966179585210922,142.4955175873547,-67.73773375916437,8.854260654646204,119.33531188964844,-67.31797790527344,11.227204322814941
171,tonic,nm,0.4,21,1,5.9201812744140625,0.6910401582717896,0,-1,25,0.4064509868621826,0.2822484929079505,0.004436331230050743,0.13364825286706683,142.4955175873547,-67.73773375916437,8.854260654646204,207.41267095618332,-67.53809885381209,9.923446677582739
172,tonic,grad,0.4,22,1,1.5827133655548096,0.05698574334383011,1,16,25,0.6126630306243896,0.10448110510836099,0.015312945223675772,0.13674212104049,197.87109448230353,-72.29592457608103,8.09980196905401,221.90174865722656,-71.60684204101562,9.19373893737793
172,tonic,nm,0.4,22,1,1.5827133655548096,0.21335764229297638,0,-1,25,0.404865026473999,0.01628904652832966,0.026692979328471565,0.2522283763405313,197.87109448230353,-72.29592457608103,8.09980196905401,201.61757518381935,-71.09474050629981,10.11762897977826
173,tonic,grad,0.4,23,1,49.12528991699219,0.09143871068954468,1,15,25,0.6139881610870361,0.12393688329225616,0.021415003569859436,0.13807578347802418,201.96731042188264,-77.23751701855383,11.412191751584986,230.47279357910156,-76.27384185791016,12.51679801940918
173,tonic,nm,0.4,23,1,49.12528991699219,0.21130803227424622,0,-1,25,0.4038851261138916,0.039168423579554364,0.008913285098068968,0.13845875748607228,201.96731042188264,-77.23751701855383,11.412191751584986,192.95857299858514,-77.63861484796693,10.304521691696408
174,tonic,grad,0.4,24,2,13.002772331237793,0.4208866059780121,0,-1,25,0.6091251373291016,0.014816287612719707,0.03144022623697917,0.026886745834041825,187.95182721333228,-65.0,9.934172030637178,191.3595733642578,-66.41481018066406,9.719078063964844
174,tonic,nm,0.4,24,2,13.002772331237793,0.0062837968580424786,1,12,25,0.4045131206512451,0.013466864859146362,0.0,0.23827727535650012,187.95182721333228,-65.0,9.934172030637178,191.04920613093594,-65.0,11.84039023348918
175,tonic,grad,0.4,25,1,0.7607556581497192,0.012598106637597084,1,8,25,0.6089189052581787,0.09984881928396849,0.0036897783672338214,0.08820643186528754,196.06093156031275,-69.58036652865026,11.339667148593325,173.095703125,-69.74640655517578,12.045318603515625
175,tonic,nm,0.4,25,1,0.7607556581497192,0.13408899307250977,0,-1,25,0.40510988235473633,0.010418978175165397,0.015545670094588912,0.01912535980542529,196.06093156031275,-69.58036652865026,11.339667148593325,193.6645665800247,-70.27992168290676,11.186664270149922
176,tonic,grad,0.4,26,1,0.9775010347366333,0.015502379275858402,1,4,25,0.6132910251617432,0.10255093665691328,0.000494880214215401,0.150684903002257,235.95468112933224,-70.02760374241109,10.592290322490733,212.3679656982422,-70.04987335205078,11.797769546508789
176,tonic,nm,0.4,26,1,0.9775010347366333,0.07422473281621933,1,8,25,0.41052699089050293,0.12125877938761985,0.015191870112146767,0.0028655588453043723,235.95468112933224,-70.02760374241109,10.592290322490733,208.06516187017968,-70.71123789745769,10.615214793253168
177,tonic,grad,0.4,27,0,31.65808868408203,0.009303796105086803,1,13,25,0.6298120021820068,0.07371398347706823,0.005299037130823573,0.06494009740162632,211.55187205711024,-75.29040521825034,11.718092898765505,228.50608825683594,-75.05194854736328,12.237613677978516
177,tonic,nm,0.4,27,0,31.65808868408203,0.20890401303768158,0,-1,25,0.408123254776001,0.07980384958184435,0.014745903415989246,0.17229623914685455,211.55187205711024,-75.29040521825034,11.718092898765505,193.19698665328605,-75.95397087196986,10.339722985590669
178,tonic,grad,0.4,28,2,116.49995422363281,0.17759570479393005,0,-1,25,0.624316930770874,0.15678490040999815,0.021912613301429927,0.47633699408703256,197.42413782269261,-81.4386432821581,9.202271156983915,233.4846649169922,-80.45257568359375,13.012967109680176
178,tonic,nm,0.4,28,2,116.49995422363281,0.29442617297172546,0,-1,25,0.40790462493896484,0.09261563272743743,0.024413830634763815,0.12606498512095232,197.42413782269261,-81.4386432821581,9.202271156983915,176.122542295382,-82.53726566072247,10.210791037951534
179,tonic,grad,0.4,29,2,6.519326210021973,0.023089993745088577,1,13,25,0.6081428527832031,0.024882281643935817,0.009069449648371928,0.06423684533298735,209.3363433572068,-66.91731421894826,9.213840756745281,203.61341857910156,-67.325439453125,9.72773551940918
179,tonic,nm,0.4,29,2,6.519326210021973,0.02213076688349247,1,4,25,0.4018368721008301,0.010666627611468263,0.004108401934987506,0.1257709735038155,209.3363433572068,-66.91731421894826,9.213840756745281,206.8830190065691,-66.73243613187383,10.220008544775805
180,tonic,grad,0.4,30,1,9.491289138793945,0.47238707542419434,0,-1,25,0.8452889919281006,0.031397781681309314,0.03620869395441843,0.03713177328504691,206.63247001131052,-65.10654016853555,9.860954389159078,199.41098022460938,-66.73593139648438,10.158008575439453
180,tonic,nm,0.4,30,1,9.491289138793945,0.3966464102268219,0,-1,25,0.4087049961090088,0.00014868111024421305,0.030965774032543435,0.05904736802178179,206.63247001131052,-65.10654016853555,9.860954389159078,206.66666666666669,-66.5,10.333333333333332
181,tonic,grad,0.4,31,2,15.021385192871094,0.35383379459381104,0,-1,25,0.6011130809783936,0.010245226766247499,0.02850918240017361,0.14103246159711325,187.97343182813808,-65.0,8.253254856478465,190.329833984375,-66.28291320800781,9.381514549255371
181,tonic,nm,0.4,31,2,15.021385192871094,0.0010035954182967544,1,9,25,0.4049520492553711,0.03086826802598377,0.0,0.3959872204159358,187.97343182813808,-65.0,8.253254856478465,180.8737301821618,-65.0,11.421152619805952
182,tonic,grad,0.4,32,2,0.9943578839302063,0.04058839753270149,1,13,25,0.9363551139831543,0.21103846550167354,0.0049133219736695035,0.2220144026425548,205.92582521479898,-67.91761816255206,10.898163038136905,157.38697814941406,-68.13871765136719,12.674278259277344
182,tonic,nm,0.4,32,2,0.9943578839302063,0.24028341472148895,0,-1,25,0.4028620719909668,0.10910528890294527,0.023343091271658838,0.01414746204995243,205.92582521479898,-67.91761816255206,10.898163038136905,180.83160876712157,-68.96805726977671,11.011342734536525
183,tonic,grad,0.4,33,2,0.20148782432079315,0.009413814172148705,1,6,25,0.6173660755157471,0.06685005463257547,0.0005234067869884661,0.07637562702962764,190.39725633990642,-69.56444413110896,10.641547016233682,175.02174377441406,-69.58799743652344,11.252552032470703
183,tonic,nm,0.4,33,2,0.20148782432079315,0.00918448343873024,1,3,25,0.40705108642578125,0.06080780238461639,0.00013988789460452406,0.07840058808059314,190.39725633990642,-69.56444413110896,10.641547016233682,176.41146179144465,-69.57073908636616,11.268751720878427
184,tonic,grad,0.4,34,0,2.934192419052124,0.008360431529581547,1,9,25,0.616300106048584,0.038453115292536894,0.0030594148677699374,0.1780157714271433,215.94889181025223,-67.68598299522152,12.211939358062654,207.10467529296875,-67.54830932617188,10.787813186645508
184,tonic,nm,0.4,34,0,2.934192419052124,0.1329963654279709,0,-1,25,0.4070117473602295,0.02980688995578772,0.01250998375265024,0.27944691353277173,215.94889181025223,-67.68598299522152,12.211939358062654,209.09330712042106,-68.24893226409078,9.97636404980048
185,tonic,grad,0.4,35,0,0.9257149696350098,0.01405684556812048,1,10,25,0.6088681221008301,0.1299444415568073,0.0038323863338796905,0.1170840890799707,224.2166740727141,-68.05569202903791,10.667600129767461,194.32945251464844,-68.2281494140625,11.604272842407227
185,tonic,nm,0.4,35,0,0.9257149696350098,0.21676410734653473,0,-1,25,0.4045279026031494,0.07765508135918883,0.015316894254666775,0.0793386367007689,224.2166740727141,-68.05569202903791,10.667600129767461,206.35600536010068,-68.74495227049792,10.03289103616131
186,tonic,grad,0.4,36,0,17.914438247680664,0.02449106052517891,1,21,25,0.6116962432861328,0.005944069345420026,0.01478782780833525,0.015930306692867435,219.4509792849284,-66.93637205117977,7.902514364084014,220.818115234375,-66.27091979980469,8.029956817626953
186,tonic,nm,0.4,36,0,17.914438247680664,0.3647756576538086,0,-1,25,0.4047977924346924,0.08934356832639828,0.04303049002621719,0.10120659356023631,219.4509792849284,-66.93637205117977,7.902514364084014,240.0,-65.0,8.712167112565904
187,tonic,grad,0.4,37,1,67.61914825439453,0.29868853092193604,0,-1,25,0.6144239902496338,0.3254032244917821,0.04056086383807743,0.402499993178532,149.35946783954637,-79.82459800357286,8.799106919500943,224.20220947265625,-77.99935913085938,12.0191068649292
187,tonic,nm,0.4,37,1,67.61914825439453,0.14752794802188873,0,-1,25,0.4043550491333008,0.16539675870426646,0.0036454729232284913,0.17821365107846532,149.35946783954637,-79.82459800357286,8.799106919500943,187.40072234152765,-79.66055172202758,10.224816128128666
188,tonic,grad,0.4,38,1,0.11682520806789398,0.004341612104326487,1,2,25,0.61627197265625,0.03563917577299749,0.004711424332878917,0.017934755538247416,159.92199286810902,-70.00852288404205,10.61530338879949,168.11900329589844,-69.7965087890625,10.758781433105469
188,tonic,nm,0.4,38,1,0.11682520806789398,0.013252566568553448,1,12,25,0.40743589401245117,0.0642986203317453,0.006357861638451507,0.03395377387914644,159.92199286810902,-70.00852288404205,10.61530338879949,174.71067554441044,-69.72241911031173,10.886933579832661
189,tonic,grad,0.4,39,1,7.4061689376831055,0.11822503805160522,0,-1,25,0.6122288703918457,0.1519703939532272,0.007219169658549162,0.21104591363419378,185.23195953724212,-71.51557620813873,10.528299866219418,220.18515014648438,-71.84043884277344,12.216667175292969
189,tonic,nm,0.4,39,1,7.4061689376831055,0.4827024042606354,0,-1,25,0.404268741607666,0.07685503577421435,0.030567957399671285,0.01427672442967065,185.23195953724212,-71.51557620813873,10.528299866219418,202.90861776531142,-72.89113429112393,10.414086070782053
190,tonic,grad,0.4,40,1,0.7910591959953308,0.00905617605894804,1,12,25,0.6118190288543701,0.09323303648012078,0.0009699258974282859,0.31038104019816903,223.88920080741997,-69.1242435892124,10.54627430262119,202.4456024169922,-69.08059692382812,13.029322624206543
190,tonic,nm,0.4,40,1,0.7910591959953308,0.05656852573156357,1,23,25,0.4026618003845215,0.04846384142935414,0.005895223737104832,0.21640616248527222,223.88920080741997,-69.1242435892124,10.54627430262119,212.74251727866852,-69.38952865738212,12.277523602503368
191,tonic,grad,0.4,41,1,0.4858097434043884,0.015538829378783703,1,4,25,0.6156020164489746,0.054968895906436964,0.004285769873375974,0.036367333147018455,200.96568970812106,-70.0419502204738,8.606145570968872,213.60853576660156,-69.84909057617188,8.89708423614502
191,tonic,nm,0.4,41,1,0.4858097434043884,0.03053884580731392,1,8,25,0.40183401107788086,0.09412619016783223,0.007160610693103169,0.060681005421172385,200.96568970812106,-70.0419502204738,8.606145570968872,222.61471344672248,-69.71972273928415,9.091593614338251
192,tonic,grad,0.4,42,2,0.8673245906829834,0.016868488863110542,1,12,25,0.607917070388794,0.11088117516559104,0.004040936539637288,0.3030117849805669,240.0,-69.01064747973976,10.550284305970894,214.49732971191406,-69.19248962402344,12.97437858581543
192,tonic,nm,0.4,42,2,0.8673245906829834,0.1178082749247551,0,-1,25,0.4060962200164795,0.22127197981756572,0.017357366885998243,0.1494005922809185,240.0,-69.01064747973976,10.550284305970894,189.1074446419599,-69.79172898960968,11.745489044218242
193,tonic,grad,0.4,43,1,1.699564814567566,0.06846476346254349,1,19,25,0.6053948402404785,0.14569203030754438,0.015387404915353562,0.03343348835348636,205.58613230276646,-67.03510584130909,12.765008518343008,172.07696533203125,-67.7275390625,13.032476425170898
193,tonic,nm,0.4,43,1,1.699564814567566,0.7834212183952332,0,-1,25,0.40653276443481445,0.016089094045999706,0.045017607351400105,0.3013161367890944,205.58613230276646,-67.03510584130909,12.765008518343008,201.88564067218653,-69.0608981721221,10.354479424030252
194,tonic,grad,0.4,44,1,83.0836410522461,0.27342551946640015,0,-1,25,0.6114001274108887,0.3120110921434853,0.02490185745556188,0.48076234983941535,160.4622870638343,-79.86698251128153,8.994739633596689,232.22483825683594,-78.74639892578125,12.840838432312012
194,tonic,nm,0.4,44,1,83.0836410522461,0.4815499186515808,0,-1,25,0.403796911239624,0.10128820141029934,0.002651112613192039,0.1558358722750366,160.4622870638343,-79.86698251128153,8.994739633596689,183.75857338820316,-79.98628257887518,10.241426611796982
195,tonic,grad,0.4,45,1,13.636710166931152,0.08093754202127457,1,10,25,0.6086537837982178,0.08665981128551214,0.01092771339488839,0.2737452333409154,206.16168822855096,-73.28428860667623,9.944533868441134,226.09344482421875,-72.79254150390625,12.134495735168457
195,tonic,nm,0.4,45,1,13.636710166931152,0.12666410207748413,0,-1,25,0.4040389060974121,0.04923087504300307,0.006401887198592249,0.10745512612657038,206.16168822855096,-73.28428860667623,9.944533868441134,194.83858696866025,-73.57237353061288,10.804174877453697
196,tonic,grad,0.4,46,3,41.8797492980957,0.7189180254936218,0,-1,25,0.6408607959747314,0.138721887436019,0.013491482204861112,0.4065826593706432,142.66096723248907,-65.0,9.949327992494442,174.56700134277344,-65.60711669921875,6.696666717529297
196,tonic,nm,0.4,46,3,41.8797492980957,0.5356773138046265,0,-1,25,0.4236629009246826,0.25852136915422386,0.0,0.3632539576796807,142.66096723248907,-65.0,9.949327992494442,202.12088213796056,-65.0,7.043296331056997
197,tonic,grad,0.4,47,2,4.239721298217773,0.07133246958255768,1,22,25,0.6126141548156738,0.12051499258682072,0.003575063932315932,0.3604076606962727,175.32011066499217,-70.7233536904286,9.673524297925912,203.03855895996094,-70.88423156738281,12.556785583496094
197,tonic,nm,0.4,47,2,4.239721298217773,0.5120478272438049,0,-1,25,0.4074850082397461,0.11774026671699103,0.027580414514023092,0.10127196649728298,175.32011066499217,-70.7233536904286,9.673524297925912,202.4003720099001,-71.96447234355963,10.483700029904176
198,tonic,grad,0.4,48,0,23.84760856628418,0.5450641512870789,0,-1,25,0.6118249893188477,0.20863826841122227,0.04390711709132802,0.29345912662974794,183.66477907596575,-76.65125056696132,9.000343725853618,231.65158081054688,-74.67543029785156,11.348016738891602
198,tonic,nm,0.4,48,0,23.84760856628418,0.26695889234542847,0,-1,25,0.4012758731842041,0.058165038573204694,0.016605032830615426,0.12434362286263223,183.66477907596575,-76.65125056696132,9.000343725853618,197.04273794780283,-75.90402408958363,9.995092708754676
199,tonic,grad,0.4,49,1,21.243337631225586,0.4325554072856903,0,-1,25,0.6173591613769531,0.08411398879960329,0.02275967068142361,0.03178823257502872,125.05243369913812,-65.0,9.652855894169566,144.39865112304688,-66.02418518066406,9.398550033569336
199,tonic,nm,0.4,49,1,21.243337631225586,0.07684675604104996,1,22,25,0.40270495414733887,0.08575128955496998,0.0,0.12131863690217415,125.05243369913812,-65.0,9.652855894169566,144.77523029678122,-65.0,10.623404989386959
