trial,loss_type,surrogate_type,surrogate_slope,optimizer,learning_rate,use_param_transform,grad_clip_norm,polyak_alpha,polyak_beta,temperature,feature_beta,validity_beta,weight_spike_count,tau_ms,weight_subthreshold,warmstart_loss,train_best_loss,train_final_loss,kept_source,kept_loss,improvement,gamma,n_spikes_sim,n_spikes_gt,n_iter,elapsed_s
0,guarino,superspike,2.5239432964933743,polyak,0.02718890264522166,True,,1.046052043589046,0.09417734788764953,0.48903005823654017,15.461654337816707,15.935221800262122,0.03843408980266376,nan,nan,0.23378203809261322,1.171485185623169,13.45529556274414,warmstart,0.23378203809261322,-0.9377031475305557,1.0,9,9,25,2.4574856758117676
1,guarino,superspike,3.86765834782595,polyak,1.7999855738190505e-05,True,,0.9474965986830972,0.7580877400853738,0.20953668565844077,19.443262463503164,17.969301305121757,0.23351504912212856,nan,nan,1.0195183753967285,1.1794520616531372,1.1794829368591309,warmstart,1.0195183753967285,-0.1599336862564087,0.020761245674740504,8,9,25,1.6727559566497803
2,guarino,superspike,1.6632662484772907,polyak,0.0003032765451962616,True,,0.7043337169137118,0.1894713590842857,0.10846467740096224,10.03839359829274,5.3112776319667985,0.2009441984047531,nan,nan,0.6927028298377991,0.5927852392196655,6465.072265625,training,0.5927852392196655,0.09991759061813354,0.0,0,9,25,1.5858190059661865
3,guarino,superspike,1.4484013602837644,polyak,0.005370095583865395,True,,0.2998623037126625,0.007362269751005512,0.40411596987596227,13.632166275248611,14.398142193900368,0.23421870930659036,nan,nan,0.5239136815071106,0.7595563530921936,1.2752819061279297,warmstart,0.5239136815071106,-0.235642671585083,-0.5625,9,9,25,1.9121158123016357
4,van_rossum,superspike,8.405122883024442,polyak,0.0034583845312164867,True,,0.8303691009869938,0.5592071607454135,nan,nan,nan,nan,3.2839920676156176,0.030817834567939406,3.116859197616577,3.7599711418151855,1026.8961181640625,warmstart,3.116859197616577,-0.6431119441986084,0.1319444444444445,9,9,25,1.3461940288543701
5,guarino,superspike,1.476810655970404,polyak,0.004442895095455172,False,,1.1758473136596201,0.6643135403273875,0.23287408764803175,16.46638730865466,4.172485478246374,0.006813621940158143,nan,nan,0.3830118179321289,0.7300933599472046,37604.8515625,warmstart,0.3830118179321289,-0.3470815420150757,-0.5625,9,9,6,1.4603967666625977
6,guarino,superspike,2.5926215304535107,polyak,0.00033426038140075973,True,,0.4522681337218148,0.6302825931188885,0.21281567474902569,2.665348467005919,3.242112140289791,0.28856929936485437,nan,nan,0.41932472586631775,0.6843511462211609,0.7176169753074646,warmstart,0.41932472586631775,-0.26502642035484314,-0.5625,9,9,25,1.8868138790130615
7,guarino,superspike,1.364951809320436,polyak,2.429762631852512e-05,False,,0.6836644347504166,0.20236336479523032,0.18768048086779363,12.005171809896023,4.358682875845402,0.25698428522771266,nan,nan,1.0430254936218262,0.9071175456047058,0.9072104692459106,training,0.9071175456047058,0.13590794801712036,-0.38888888888888884,9,9,25,1.755547046661377
8,van_rossum,superspike,2.3180265580765265,polyak,1.4670897925451902e-05,False,,0.7409862288667783,0.3298612123327853,nan,nan,nan,nan,1.7601199351234742,0.10340296772255164,4.390852928161621,6.055249214172363,6.055252552032471,warmstart,4.390852928161621,-1.6643962860107422,0.05533596837944664,2,9,25,3.013655185699463
9,guarino,superspike,17.164824571307413,polyak,0.0008495985211233266,False,,0.12409499988365785,0.48665833083816035,0.2708181474595344,18.818702644524674,11.862832995145432,0.14204682031708613,nan,nan,0.7115304470062256,1.1650445461273193,1.1914163827896118,warmstart,0.7115304470062256,-0.45351409912109375,-0.5625,9,9,25,2.387953996658325
10,guarino,superspike,0.8387981397614145,polyak,0.0016449192163071696,True,,0.16286361170316532,0.6722400930398117,0.17655520272755376,13.529030059146134,14.81289767145077,0.2305942475752971,nan,nan,0.254936158657074,1.2352081537246704,29.06829071044922,warmstart,0.254936158657074,-0.9802719950675964,0.07017543859649122,10,9,25,1.61543607711792
11,van_rossum,superspike,9.859101793739228,polyak,0.00018559042713452454,False,,0.43637675721017793,0.5150571292317145,nan,nan,nan,nan,2.7219303684768605,0.9360435700489633,10.914545059204102,10.5200777053833,58.9639778137207,training,10.5200777053833,0.3944673538208008,-0.05860805860805866,12,9,25,1.3545708656311035
12,van_rossum,superspike,13.499731170754119,polyak,0.0011896889876122445,True,,0.4738935777461895,0.772012432110988,nan,nan,nan,nan,13.308914625813873,0.37365772887371007,4.582791328430176,4.9945878982543945,5.200273036956787,warmstart,4.582791328430176,-0.41179656982421875,-0.04166666666666662,9,9,25,2.1836602687835693
13,van_rossum,superspike,0.8801175381707181,polyak,5.212826046422364e-05,False,,1.3118430612561967,0.19643466571457324,nan,nan,nan,nan,3.36690305649323,0.7774048382411776,8.400680541992188,10.50439167022705,459.5118103027344,warmstart,8.400680541992188,-2.1037111282348633,-0.49826989619377166,8,9,25,1.2576861381530762
14,guarino,superspike,0.783705664236359,polyak,0.001060033832171294,True,,1.0413936534643298,0.5811166092209024,0.13989904324702593,16.27836599746299,14.592735462700231,0.22169520117466252,nan,nan,0.2191496044397354,1.093433141708374,7242.515625,warmstart,0.2191496044397354,-0.8742835372686386,-0.49826989619377166,8,9,25,1.553948163986206
15,van_rossum,superspike,16.979925922379223,polyak,0.0001398894322376874,True,,0.037289237079384474,0.5551980423268247,nan,nan,nan,nan,11.942759817685568,0.1058974037507533,1.9189212322235107,1.5083599090576172,2.2790894508361816,training,1.5083599090576172,0.41056132316589355,1.0,9,9,25,2.2763917446136475
16,guarino,superspike,9.040826378039169,polyak,1.178547621996884e-05,False,,0.1637159951486024,0.8294286148827363,0.4085676897463228,5.42017409736224,11.084622221382016,0.18180474621000328,nan,nan,0.2742123305797577,0.5601852536201477,0.5620977878570557,warmstart,0.2742123305797577,-0.28597292304039,-0.38888888888888884,9,9,25,4.088227033615112
17,van_rossum,superspike,2.6677187381632153,polyak,9.802983052041608e-05,False,,1.1190214203651696,0.8165687634239104,nan,nan,nan,nan,1.5096083862806768,0.06655885695517816,3.963007926940918,4.424789905548096,4.432692527770996,warmstart,3.963007926940918,-0.46178197860717773,0.46886446886446886,4,9,25,1.235746145248413
18,van_rossum,superspike,1.4292515009822013,polyak,4.115793536089474e-05,False,,0.17323509549803245,0.021148016336440034,nan,nan,nan,nan,1.241981533503014,0.1746414709358527,5.412426948547363,5.4953813552856445,5.4953813552856445,warmstart,5.412426948547363,-0.08295440673828125,0.0,0,9,25,1.2459588050842285
19,van_rossum,superspike,11.54872210250644,polyak,1.4924515729605251e-05,False,,0.355117306656594,0.24938757583221183,nan,nan,nan,nan,9.343447309248841,0.4162624257031923,4.820868015289307,6.678130626678467,6.678163528442383,warmstart,4.820868015289307,-1.8572626113891602,-0.43750000000000006,7,9,25,1.7310702800750732
20,guarino,superspike,0.7207011301294641,polyak,0.02367553526059312,True,,1.3539797158914255,0.9795706805865927,0.4109116461231171,15.810073274655249,13.207182243915405,0.23369890637343868,nan,nan,0.4562009572982788,0.8815137147903442,1.182688593864441,warmstart,0.4562009572982788,-0.42531275749206543,-0.5625,9,9,25,1.5726771354675293
21,van_rossum,superspike,1.3361654090821633,polyak,3.623044295877605e-05,False,,0.6253340528923275,0.2325699405288737,nan,nan,nan,nan,4.211061088397372,0.3663924498262474,5.3075079917907715,5.660894393920898,258.98626708984375,warmstart,5.3075079917907715,-0.35338640213012695,-0.17142857142857143,11,9,25,1.380547046661377
22,van_rossum,superspike,1.6788981616889984,polyak,0.001385923182491257,False,,1.2728407331604368,0.652587340560102,nan,nan,nan,nan,23.261493089103475,0.5327222760657402,1.9948022365570068,2.2387290000915527,8.495485305786133,warmstart,1.9948022365570068,-0.2439267635345459,1.0,9,9,2,2.6379899978637695
23,guarino,superspike,4.822177653419547,polyak,2.400949319953968e-05,True,,0.12673982823528035,0.935939822700626,0.11183356851701098,19.21872467227253,16.216799345616835,0.17810460133990622,nan,nan,1.574995517730713,1.2632893323898315,1.2632895708084106,training,1.2632893323898315,0.31170618534088135,0.07017543859649122,10,9,25,1.563053846359253
24,van_rossum,superspike,0.9405652936737269,polyak,0.001818873291951429,True,,0.8586457710507746,0.46598515298122734,nan,nan,nan,nan,7.725662110245816,0.7639233900065879,6.991244316101074,6.070943832397461,6.091070175170898,training,6.070943832397461,0.9203004837036133,0.5397923875432526,8,9,25,1.6722500324249268
25,guarino,superspike,5.661173343534963,polyak,0.00047253415300232895,True,,1.006847119962889,0.33363775832823817,0.4542649463126911,15.488110794342393,6.140163877293339,0.1092576053316162,nan,nan,0.7657383680343628,1.5781563520431519,1256.733642578125,warmstart,0.7657383680343628,-0.8124179840087891,0.1319444444444445,9,9,2,1.5500810146331787
26,guarino,superspike,3.8450152768357677,polyak,0.05553412677410138,True,,1.1704522408640883,0.47936956412454035,0.2193617630663718,19.74599935356212,14.637444484069226,0.2853583980011523,nan,nan,0.1204143539071083,0.6182094812393188,9305.203125,warmstart,0.1204143539071083,-0.49779512733221054,-0.5625,9,9,25,1.5665559768676758
27,guarino,superspike,2.6718657589889627,polyak,0.020026176744391964,False,,0.6878221226978267,0.4423141270678932,0.18586732614912121,18.45039601479553,15.844586673198801,0.033176523298833145,nan,nan,0.6568552255630493,0.9393932223320007,12.976844787597656,warmstart,0.6568552255630493,-0.2825379967689514,0.020761245674740504,8,9,25,1.5404679775238037
28,guarino,superspike,5.501856781712028,polyak,2.3001857464787557e-05,True,,1.3455500983449378,0.028999503204469423,0.15837262611851619,3.717415628166065,15.758590873152153,0.05946126816386936,nan,nan,0.5481974482536316,1.1063213348388672,15.1588773727417,warmstart,0.5481974482536316,-0.5581238865852356,0.30555555555555564,9,9,25,1.5838029384613037
29,van_rossum,superspike,1.205440931385765,polyak,0.024982469834800056,False,,1.2014457804625143,0.9277954301722804,nan,nan,nan,nan,20.501659210785792,0.6981207839786372,4.8052191734313965,5.084741115570068,10194.2275390625,warmstart,4.8052191734313965,-0.2795219421386719,0.30555555555555564,9,9,5,2.5238239765167236
30,van_rossum,superspike,11.548699648788993,polyak,4.1768797251017676e-05,True,,1.1019316379027424,0.1930414908689041,nan,nan,nan,nan,2.8841045314751237,0.7099046972813039,8.67136001586914,10.356108665466309,21.46657943725586,warmstart,8.67136001586914,-1.684748649597168,-0.49826989619377166,8,9,25,1.2744102478027344
31,van_rossum,superspike,0.9469590533998622,polyak,2.3274696326813468e-05,True,,1.4700407693312887,0.4585606424584898,nan,nan,nan,nan,21.48473553852039,0.6364083421077769,4.324685096740723,3.781977653503418,3.781977653503418,training,3.781977653503418,0.5427074432373047,0.6527777777777778,9,9,25,2.584228992462158
32,guarino,superspike,16.064184231216498,polyak,3.924243609218475e-05,True,,0.762529107670413,0.40403439074076597,0.26337592826717815,3.2651329977571475,3.5477975875825414,0.0834226637343772,nan,nan,0.6790713667869568,0.5795023441314697,5.625331401824951,training,0.5795023441314697,0.09956902265548706,0.19377162629757788,8,9,25,1.4239931106567383
33,guarino,superspike,4.379977782657634,polyak,0.00018542301789980253,True,,0.6276000662352905,0.4741326750901703,0.15151679069189494,11.876700729320198,11.749666108206497,0.2106006543331114,nan,nan,0.7451308965682983,1.126548409461975,19.35721778869629,warmstart,0.7451308965682983,-0.38141751289367676,0.020761245674740504,8,9,25,1.330099105834961
34,van_rossum,superspike,1.8913185861930268,polyak,0.0011244935751795887,True,,1.1050585327233304,0.8864028867237077,nan,nan,nan,nan,36.715424216019386,0.5036329251830992,4.546582221984863,4.229376792907715,6.40029239654541,training,4.229376792907715,0.31720542907714844,-0.49826989619377166,8,9,25,3.212599992752075
35,guarino,superspike,11.165897599973096,polyak,1.6682904650163266e-05,False,,0.5011950607523188,0.1729944451915938,0.19125201641089515,15.111158767776628,1.2789740276413446,0.24815202735620592,nan,nan,0.5034123063087463,0.5449764132499695,23648.95703125,warmstart,0.5034123063087463,-0.041564106941223145,-0.04166666666666662,9,9,25,1.3253939151763916
36,van_rossum,superspike,19.66816344381456,polyak,0.012257998543649081,True,,0.4664422648811493,0.6876650491660925,nan,nan,nan,nan,15.792986197887323,0.38784169516364975,3.774306058883667,3.0049118995666504,3.543505907058716,training,3.0049118995666504,0.7693941593170166,0.19377162629757788,8,9,25,2.0138590335845947
37,van_rossum,superspike,19.21411625346907,polyak,0.0016744713149131824,False,,1.4854824964894089,0.1415958885687747,nan,nan,nan,nan,5.775051367267701,0.3925727158419199,4.971667289733887,4.9622416496276855,14.334145545959473,training,4.9622416496276855,0.009425640106201172,-0.09027777777777786,7,9,25,1.2408339977264404
38,guarino,superspike,0.5895226875839285,polyak,8.539041805325303e-05,True,,0.43808899547179253,0.4901975424015864,0.31390032785665817,10.372509541162666,2.5981913565807586,0.07310023621671406,nan,nan,0.7400507926940918,1.000091314315796,1.000091314315796,warmstart,0.7400507926940918,-0.2600405216217041,0.24561403508771928,10,9,25,1.3518881797790527
39,guarino,superspike,3.6586875503671688,polyak,0.00022585303615896935,True,,0.723858762880941,0.7686275894593791,0.4334069825965261,10.591038175166464,18.281492633555647,0.17613718216109417,nan,nan,0.6585656404495239,0.6026626229286194,0.6026626229286194,training,0.6026626229286194,0.05590301752090454,0.19377162629757788,8,9,25,1.3821380138397217
40,van_rossum,superspike,5.123905339482121,polyak,5.128924779168898e-05,True,,0.5082834534144074,0.19160300966269983,nan,nan,nan,nan,1.1019801112086165,0.9274604585040267,9.753182411193848,10.597236633300781,10.597236633300781,warmstart,9.753182411193848,-0.8440542221069336,0.0,0,9,25,1.0655696392059326
41,van_rossum,superspike,18.70174074052168,polyak,0.0030299177451635012,True,,1.1421488447760115,0.9033278719640531,nan,nan,nan,nan,16.766437552460175,0.9632112235493796,10.54129409790039,8.80268383026123,10.681662559509277,training,8.80268383026123,1.7386102676391602,0.25694444444444436,7,9,25,2.3519091606140137
42,van_rossum,superspike,17.892540206527478,polyak,0.0867585581324261,True,,0.4323423682318579,0.7337534974379162,nan,nan,nan,nan,18.801804590678856,0.3464928613130488,3.351389169692993,3.835981607437134,15.089752197265625,warmstart,3.351389169692993,-0.4845924377441406,0.30555555555555564,9,9,25,2.4271249771118164
43,van_rossum,superspike,2.2821251170468564,polyak,0.014953009259343026,True,,0.8331925652066459,0.8020597869857242,nan,nan,nan,nan,37.24263455927094,0.8225830906174316,7.5374064445495605,9.309915542602539,23.366857528686523,warmstart,7.5374064445495605,-1.7725090980529785,-0.5625,9,9,5,3.0139992237091064
44,van_rossum,superspike,12.175402134987614,polyak,0.009072476958833748,True,,1.201307388159948,0.048963709823279244,nan,nan,nan,nan,2.50304228017775,0.6218977733752458,7.992163181304932,8.087162971496582,22.539051055908203,warmstart,7.992163181304932,-0.09499979019165039,0.0,0,9,25,1.0896251201629639
45,van_rossum,superspike,5.955716479268524,polyak,8.925518478414165e-05,False,,0.5220471351142715,0.8533446711440594,nan,nan,nan,nan,3.2202997346006104,0.590320250883149,5.27660608291626,6.327818393707275,6.800635814666748,warmstart,5.27660608291626,-1.0512123107910156,0.47916666666666674,9,9,25,1.0828001499176025
46,guarino,superspike,9.829329097568056,polyak,0.09884927315513838,True,,0.44454308551674737,0.4079419511312822,0.11156957511333183,11.922566662837639,19.954020707995426,0.21026430303619756,nan,nan,0.882960319519043,1.8899762630462646,27.411405563354492,warmstart,0.882960319519043,-1.0070159435272217,-0.04166666666666662,9,9,25,1.4024622440338135
47,guarino,superspike,1.0533011047769791,polyak,1.1767253893171584e-05,False,,0.9518103974276957,0.34329246237890776,0.23917179717737472,19.22497618404694,15.287299309923394,0.16225699108348537,nan,nan,0.6664977073669434,0.45367634296417236,0.45367634296417236,training,0.45367634296417236,0.212821364402771,-1.0,213,9,1,1.3478240966796875
48,van_rossum,superspike,4.4195556230132516,polyak,0.004109195804608686,True,,0.44907493727223835,0.24137206162666291,nan,nan,nan,nan,3.5310577826469123,0.15544156408342247,2.9511663913726807,4.496300220489502,486838.75,warmstart,2.9511663913726807,-1.5451338291168213,0.36678200692041524,8,9,3,1.0556771755218506
49,guarino,superspike,19.612902962535514,polyak,0.004993325851548596,False,,1.3538309538288478,0.7875898362293392,0.13333070522910542,11.681243941013872,2.9359889889763524,0.19587663796919952,nan,nan,0.6497310996055603,0.5022093057632446,0.5023797750473022,training,0.5022093057632446,0.14752179384231567,0.7128027681660901,8,9,25,1.3396120071411133
50,guarino,superspike,1.2393200555997201,polyak,1.8286127167931425e-05,False,,0.6826767636176435,0.5160878012571124,0.19065647706286276,1.968249168922835,3.120406996735307,0.11535131339697842,nan,nan,0.24534253776073456,0.2510286271572113,0.2510286271572113,warmstart,0.24534253776073456,-0.005686089396476746,1.0,9,9,25,1.6197059154510498
51,guarino,superspike,0.7559854934326005,polyak,0.028252589212855773,False,,0.7622510337193127,0.4895020065072081,0.19989237245478703,9.195213382782542,15.831041613005102,0.2523611118644869,nan,nan,1.0237926244735718,1.465728521347046,1.4688024520874023,warmstart,1.0237926244735718,-0.4419358968734741,0.020761245674740504,8,9,3,1.3143079280853271
52,van_rossum,superspike,15.470415454027316,polyak,1.564145535395175e-05,False,,0.6911544078593493,0.7115580415967778,nan,nan,nan,nan,1.801427767181462,0.047374020005481854,3.754699230194092,6.276068687438965,6.28341007232666,warmstart,3.754699230194092,-2.521369457244873,-0.2637362637362637,4,9,25,0.9954919815063477
53,van_rossum,superspike,1.2192423304467968,polyak,0.0018916823062927303,False,,1.2741529996346685,0.004741392911873921,nan,nan,nan,nan,28.17403916862088,0.619119086426974,4.229002475738525,5.0808281898498535,5.579301834106445,warmstart,4.229002475738525,-0.8518257141113281,-0.04166666666666662,9,9,2,2.3741438388824463
54,van_rossum,superspike,18.89894789349057,polyak,0.00027934719481084545,True,,1.2197390187301693,0.31839911782845964,nan,nan,nan,nan,22.795010749955107,0.6007339188626425,5.890834808349609,4.960583686828613,29.804109573364258,training,4.960583686828613,0.9302511215209961,0.0,25,9,25,2.6149492263793945
55,guarino,superspike,0.9206431365427871,polyak,0.007956705490885087,True,,1.107870579686074,0.31715317112997876,0.450508755702963,12.282780412540504,3.394500493185904,0.04311559843666024,nan,nan,0.21755351126194,0.880669116973877,113500.2109375,warmstart,0.21755351126194,-0.663115605711937,-0.2807017543859649,10,9,25,1.389005184173584
56,van_rossum,superspike,4.321121619734539,polyak,3.218399129330318e-05,True,,1.3459532996311405,0.8803803001276922,nan,nan,nan,nan,8.14682557690499,0.6217920298607565,6.752162456512451,7.229809284210205,7.341923236846924,warmstart,6.752162456512451,-0.4776468276977539,0.36428571428571427,11,9,25,1.4081778526306152
57,guarino,superspike,4.501312961359375,polyak,8.416318433252198e-05,True,,0.3804967598427427,0.6107701332354183,0.29909337804032515,8.52716350112573,13.874794508396088,0.21773089041463015,nan,nan,0.9713646769523621,1.110797643661499,4.1850266456604,warmstart,0.9713646769523621,-0.13943296670913696,-0.49826989619377166,8,9,25,1.3113012313842773
58,guarino,superspike,3.4072953537052264,polyak,0.00042839631006939583,True,,0.1411079446340937,0.8896564216753973,0.2277532580182504,13.969050365975187,3.8381089709948646,0.28846488886230975,nan,nan,0.4869329035282135,0.5567230582237244,0.5861619114875793,warmstart,0.4869329035282135,-0.06979015469551086,-0.5625,9,9,25,1.349726915359497
59,van_rossum,superspike,12.769226902675403,polyak,0.0003282545692782386,False,,1.1125746157796024,0.7311359766527954,nan,nan,nan,nan,21.39073835063996,0.5699338186415264,2.915361166000366,2.4078168869018555,3.437018632888794,training,2.4078168869018555,0.5075442790985107,0.8263888888888888,9,9,25,2.508700132369995
60,guarino,superspike,0.5445550928569486,polyak,0.0825844983064526,True,,0.5657170205335211,0.7193125336908236,0.4494069898196195,8.497967874851563,7.063517283393654,0.182622338669474,nan,nan,0.4688195586204529,0.6078041791915894,1.1484192609786987,warmstart,0.4688195586204529,-0.13898462057113647,-0.21527777777777773,9,9,25,1.3268921375274658
61,guarino,superspike,2.139700723132879,polyak,3.345297701241549e-05,False,,1.0268431100905158,0.3394777542089027,0.4797042763351134,5.6283381618135415,2.879565596991624,0.22605136890007738,nan,nan,0.7795844078063965,0.8503660559654236,1257117.0,warmstart,0.7795844078063965,-0.0707816481590271,-0.10526315789473688,10,9,25,1.3207471370697021
62,guarino,superspike,0.5906633820173648,polyak,0.0008432674972955203,False,,1.4389985214534127,0.6525192007526632,0.2729779504828783,3.1031494065627063,5.7962895204421585,0.08843218487236282,nan,nan,0.5273247957229614,0.5023959279060364,1.0929419994354248,training,0.5023959279060364,0.02492886781692505,0.36678200692041524,8,9,16,1.288118839263916
63,guarino,superspike,0.8312344142467867,polyak,0.00016514525726972604,False,,0.14546683305821895,0.8457969578021425,0.32754028058478907,11.304923643741894,4.140915143978532,0.0759766423200592,nan,nan,1.0427687168121338,1.0116486549377441,1.0116486549377441,training,1.0116486549377441,0.03112006187438965,0.4210526315789474,10,9,25,1.362339735031128
64,van_rossum,superspike,8.252006917791512,polyak,0.012286040728964333,False,,0.31022029127104755,0.941538856738099,nan,nan,nan,nan,1.6032077336935118,0.8961220824236303,8.471527099609375,9.19933795928955,9.19933795928955,warmstart,8.471527099609375,-0.7278108596801758,0.0,0,9,25,0.9828741550445557
65,guarino,superspike,6.867923126879867,polyak,0.025429545468984387,True,,0.5089832186048414,0.5308503942878144,0.16178288173954317,5.651133529452763,4.063827194186558,0.2820057032422544,nan,nan,0.5315940380096436,0.6666927337646484,41777.76171875,warmstart,0.5315940380096436,-0.13509869575500488,-0.21527777777777773,9,9,25,1.3658649921417236
66,van_rossum,superspike,0.8129225125248685,polyak,3.1816720400720714e-05,False,,1.428374573768525,0.48203075958635055,nan,nan,nan,nan,41.635865294313184,0.16357687771010998,1.6235045194625854,1.598555326461792,1.598555326461792,training,1.598555326461792,0.024949193000793457,0.19377162629757788,8,9,25,3.39985990524292
67,guarino,superspike,4.712262599391807,polyak,0.0007245302591088981,True,,0.7978291370191022,0.18723894461534152,0.4948717543338095,16.547849505373396,15.09067802189879,0.14062778910418575,nan,nan,0.22658437490463257,0.9153703451156616,21.809202194213867,warmstart,0.22658437490463257,-0.688785970211029,-0.6315789473684211,10,9,25,1.3959698677062988
68,van_rossum,superspike,7.977346585303856,polyak,0.014946569828910034,True,,0.3179319166208139,0.9237833160931802,nan,nan,nan,nan,5.547932871327392,0.6390136492641646,6.842177391052246,6.672675609588623,7.188601970672607,training,6.672675609588623,0.16950178146362305,0.25694444444444436,7,9,25,1.2347750663757324
69,guarino,superspike,5.151396781528819,polyak,0.00037300063081248006,False,,0.4787347419121051,0.7261801283839011,0.2574947435697084,13.539074721456297,12.394211777603818,0.14183519182769946,nan,nan,0.655768871307373,0.6492745876312256,0.6492745876312256,training,0.6492745876312256,0.006494283676147461,0.36678200692041524,8,9,25,1.3077409267425537
70,van_rossum,superspike,13.452060898676612,polyak,0.009964935126042926,False,,1.4877115747464424,0.5314138115972438,nan,nan,nan,nan,13.222480318008586,0.30248028113792813,3.7976481914520264,4.189238548278809,22.691415786743164,warmstart,3.7976481914520264,-0.3915903568267822,-0.09027777777777786,7,9,25,1.7987172603607178
71,van_rossum,superspike,14.19635063275329,polyak,0.0004755585034743419,False,,0.5135436499500812,0.40815666823101304,nan,nan,nan,nan,5.5928340643673655,0.12580701831228525,2.9006474018096924,3.274780750274658,3.755169630050659,warmstart,2.9006474018096924,-0.3741333484649658,0.6041666666666665,7,9,25,1.321497917175293
72,van_rossum,superspike,8.822979407249907,polyak,0.027702668529015154,False,,0.370020565839221,0.6678491588479863,nan,nan,nan,nan,1.658759880392328,0.2751525256017133,6.31072998046875,6.049548149108887,6.049548149108887,training,6.049548149108887,0.2611818313598633,0.0,0,9,25,1.264901876449585
73,van_rossum,superspike,16.811596813686247,polyak,0.0027557634233836554,True,,0.9382172353709044,0.32049116167801617,nan,nan,nan,nan,45.54207940395988,0.39967613516363687,3.7438154220581055,3.1606674194335938,19.832035064697266,training,3.1606674194335938,0.5831480026245117,0.0,0,9,25,3.6663291454315186
74,guarino,superspike,11.670896202248292,polyak,0.00019447451420130324,True,,0.8168226030620094,0.4898242560924627,0.33449112505168804,7.348114072216356,5.639895014551877,0.27380155057666083,nan,nan,1.1328988075256348,0.7114364504814148,0.811956524848938,training,0.7114364504814148,0.42146235704421997,0.25694444444444436,7,9,25,1.318101167678833
75,guarino,superspike,2.692984186048926,polyak,9.139135252119703e-05,True,,0.4339802041535018,0.2578084097023544,0.31368261834322464,8.78966537627582,5.158275567098012,0.24481680502584932,nan,nan,0.9664053916931152,1.0658537149429321,1.08591890335083,warmstart,0.9664053916931152,-0.0994483232498169,0.5397923875432526,8,9,25,1.3344368934631348
76,guarino,superspike,8.699665841474838,polyak,2.9027970244982286e-05,False,,0.5850938852347938,0.9986095150119159,0.13666587045390943,3.9253080689749025,9.033206318389077,0.18590055779095843,nan,nan,0.7226982116699219,0.7668510675430298,0.7668583393096924,warmstart,0.7226982116699219,-0.04415285587310791,-0.5625,9,9,25,1.3679590225219727
77,van_rossum,superspike,5.779122813502492,polyak,2.801426351604082e-05,True,,0.2645345700121138,0.4234953946796538,nan,nan,nan,nan,8.672526398375917,0.5007661490802783,4.333927154541016,5.8692193031311035,6.006743431091309,warmstart,4.333927154541016,-1.535292148590088,0.08333333333333325,7,9,25,1.4479587078094482
78,van_rossum,superspike,18.350354096829754,polyak,0.00018763141359842488,True,,0.6918133287563607,0.4247769248154559,nan,nan,nan,nan,1.2228117444534665,0.6722644312234448,7.408512115478516,7.862001419067383,7.862001419067383,warmstart,7.408512115478516,-0.4534893035888672,0.0,0,9,25,0.9910569190979004
79,van_rossum,superspike,9.612668238050663,polyak,0.000922634702777926,False,,0.2158630441178374,0.8790687796589601,nan,nan,nan,nan,1.4563404705445442,0.1535255220546139,5.550262451171875,5.49025821685791,5.515344142913818,training,5.49025821685791,0.060004234313964844,0.13333333333333336,1,9,25,0.9839088916778564
80,guarino,superspike,5.545309873899791,polyak,0.01961143034042513,False,,0.2520012728668067,0.14686373482140425,0.43736043812924125,16.6393675890518,11.239893559019551,0.2457599637881941,nan,nan,0.9200634360313416,0.8426965475082397,232762048.0,training,0.8426965475082397,0.0773668885231018,-0.075,1,9,25,1.274770975112915
81,van_rossum,superspike,2.7759693132454437,polyak,0.0002962220348208114,False,,0.31256901215252253,0.751490810571396,nan,nan,nan,nan,1.5923008044493945,0.08598235011094513,4.521917819976807,5.917514324188232,5.917514324188232,warmstart,4.521917819976807,-1.3955965042114258,-0.14229249011857706,2,9,25,1.0104422569274902
82,van_rossum,superspike,2.617348752778603,polyak,0.0003729689748021979,True,,1.3126262985811235,0.9755956458283996,nan,nan,nan,nan,30.406132870253487,0.19230067903513304,1.5799386501312256,2.1955339908599854,2.1955339908599854,warmstart,1.5799386501312256,-0.6155953407287598,0.1319444444444445,9,9,25,2.917917013168335
83,van_rossum,superspike,6.875212571711067,polyak,1.2773533755032195e-05,True,,0.9023376786840236,0.4861920756222755,nan,nan,nan,nan,2.767234254606976,0.41865608731480164,5.431568622589111,4.841689586639404,15.138836860656738,training,4.841689586639404,0.589879035949707,0.0,0,9,25,1.0668089389801025
84,guarino,superspike,4.005753812487549,polyak,0.005088731424057055,False,,0.09911881637909226,0.0010674650227472382,0.14552471247833434,17.99571845665684,13.279524501342625,0.05158810558110686,nan,nan,0.5383079648017883,0.9094682931900024,14.712531089782715,warmstart,0.5383079648017883,-0.3711603283882141,-0.5625,9,9,25,1.322213888168335
85,van_rossum,superspike,1.0283740761973716,polyak,0.005225261585338925,False,,0.1487354558982215,0.20698515964083974,nan,nan,nan,nan,5.226517923053589,0.17613829917307988,3.980041027069092,4.3099236488342285,4.310157775878906,warmstart,3.980041027069092,-0.3298826217651367,-0.09027777777777786,7,9,25,1.166407823562622
86,guarino,superspike,4.753392822064408,polyak,6.630727659001843e-05,False,,1.3325481795942609,0.9296666209195551,0.09492397572955559,3.040656169482967,3.1912023241087715,0.1858707768930936,nan,nan,0.7271902561187744,0.8064107894897461,0.806416928768158,warmstart,0.7271902561187744,-0.07922053337097168,-0.1522491349480969,8,9,25,1.3520371913909912
87,guarino,superspike,2.1969519039771197,polyak,0.00019758168087108887,False,,0.8652914377463894,0.8061909654447252,0.12665353714633348,19.594048734108338,10.474151390649988,0.14810162288119375,nan,nan,0.3874352276325226,0.8324723839759827,0.8492085337638855,warmstart,0.3874352276325226,-0.4450371563434601,-0.5625,9,9,25,1.486534833908081
88,guarino,superspike,0.7318740252145884,polyak,0.02914596407933801,False,,0.8839967491912141,0.3586727915279112,0.23390121981502077,9.198861070059738,13.029834460749479,0.278030817446698,nan,nan,0.1961670219898224,0.304117351770401,329.3922424316406,warmstart,0.1961670219898224,-0.10795032978057861,0.1319444444444445,9,9,25,1.2909092903137207
89,van_rossum,superspike,3.8650089054615453,polyak,0.00019180599924904733,True,,0.5678891813395963,0.09463976824938869,nan,nan,nan,nan,1.914852963735143,0.7231138021453861,8.15935230255127,8.013551712036133,8.013551712036133,training,8.013551712036133,0.14580059051513672,0.0,0,9,25,1.0245599746704102
90,van_rossum,superspike,4.529308250454774,polyak,0.004740134184919369,True,,0.07886398548458307,0.9455198910219065,nan,nan,nan,nan,4.6432256584687615,0.9239004005454299,9.30564022064209,9.199520111083984,12.052204132080078,training,9.199520111083984,0.10612010955810547,0.7128027681660901,8,9,25,1.1763038635253906
91,van_rossum,superspike,11.591988874643302,polyak,0.0009675422303187159,False,,0.008209663251941224,0.7866497124935993,nan,nan,nan,nan,3.6465038577559064,0.8787636197825396,7.647035121917725,9.444557189941406,9.444557189941406,warmstart,7.647035121917725,-1.7975220680236816,-0.5625,9,9,25,1.0911118984222412
92,guarino,superspike,17.604523655735008,polyak,0.07150224023569418,True,,1.2834631825536054,0.18760929276503358,0.31742271243571096,17.68480106845521,8.114814792529817,0.03033184978067549,nan,nan,0.36493980884552,0.45393261313438416,74.99537658691406,warmstart,0.36493980884552,-0.08899280428886414,-0.5625,9,9,25,1.3645431995391846
93,guarino,superspike,2.3335717827036113,polyak,2.97574924933623e-05,True,,1.2565752872805618,0.28439713457340887,0.18670847828447484,17.61235087036145,1.4554367550311538,0.1561372331301683,nan,nan,0.843021810054779,0.8598679900169373,1881158.625,warmstart,0.843021810054779,-0.016846179962158203,0.020761245674740504,8,9,25,1.3222861289978027
94,guarino,superspike,2.7458997266810887,polyak,0.001227449337789726,False,,0.3214896042824799,0.1396236541791207,0.13481343635553564,7.5386804832036125,2.8393928367944574,0.2841959387188813,nan,nan,0.5721318125724792,1.1947979927062988,289109.78125,warmstart,0.5721318125724792,-0.6226661801338196,0.8858131487889275,8,9,25,1.272169828414917
95,van_rossum,superspike,2.433859974129549,polyak,0.0005300360765284525,False,,0.8019011269339129,0.9935429967868474,nan,nan,nan,nan,42.54174788995681,0.04039922884216318,0.6695157289505005,0.627532422542572,0.6278245449066162,training,0.627532422542572,0.04198330640792847,0.5397923875432526,8,9,25,3.3442060947418213
96,van_rossum,superspike,0.6234651486258538,polyak,0.021818789747013526,False,,0.23363650646186906,0.5348981529758705,nan,nan,nan,nan,35.960278386159054,0.5674481135493233,4.691380977630615,4.029000759124756,5.8677849769592285,training,4.029000759124756,0.6623802185058594,0.36678200692041524,8,9,25,3.1482341289520264
97,guarino,superspike,17.536935981057933,polyak,2.383110685386122e-05,True,,1.0617658416021718,0.8300191791590281,0.48915389316555336,17.000938454820567,18.924264674279204,0.03808057703727593,nan,nan,0.7783703804016113,0.8261181712150574,0.826120138168335,warmstart,0.7783703804016113,-0.047747790813446045,0.020761245674740504,8,9,25,1.3936529159545898
98,van_rossum,superspike,2.6925040484032383,polyak,0.00035104745502365374,False,,0.542398544358994,0.3915068416844314,nan,nan,nan,nan,1.420653136452304,0.07743608526043821,3.6319334506988525,6.362246990203857,6.362246990203857,warmstart,3.6319334506988525,-2.730313539505005,-0.2637362637362637,4,9,25,0.9603328704833984
99,guarino,superspike,18.2876394629022,polyak,7.495781260242419e-05,False,,1.404265397460294,0.9771927299143573,0.15636219592259507,1.9332352312507624,3.9184348182174116,0.018998543610767426,nan,nan,0.6548670530319214,0.7040863633155823,0.7040964961051941,warmstart,0.6548670530319214,-0.04921931028366089,0.020761245674740504,8,9,25,1.276310920715332
100,van_rossum,superspike,4.883204337933214,polyak,0.028611940732907407,True,,1.4232646605086763,0.3479007757565923,nan,nan,nan,nan,1.4252501765473065,0.22592895791678247,4.770821571350098,5.363961219787598,7.224193572998047,warmstart,4.770821571350098,-0.5931396484375,0.8263888888888888,9,9,25,1.0362300872802734
101,guarino,superspike,5.564454428396968,polyak,0.004913755905080374,False,,0.34296840399317197,0.7219067795126763,0.12599286872572166,18.796724145437405,4.570168001693057,0.03219370884975613,nan,nan,0.383829265832901,0.5458847284317017,0.5980479717254639,warmstart,0.383829265832901,-0.16205546259880066,-0.38888888888888884,9,9,25,1.275604009628296
102,van_rossum,superspike,2.369542699260054,polyak,1.8505593530941978e-05,False,,0.889434946724424,0.22796777222318243,nan,nan,nan,nan,12.113747917125664,0.050833461948477154,1.345237374305725,1.2136789560317993,176.9625244140625,training,1.2136789560317993,0.13155841827392578,0.0,0,9,25,1.657973051071167
103,van_rossum,superspike,8.941115255518516,polyak,0.0005160353510560155,False,,1.2843435056949113,0.6310654428718875,nan,nan,nan,nan,3.8966112215587296,0.6625295943661998,7.558741092681885,3.5316338539123535,10.499722480773926,training,3.5316338539123535,4.027107238769531,1.0,9,9,25,1.1379220485687256
104,guarino,superspike,2.7255373946682617,polyak,7.277472403514747e-05,True,,1.1178057641715162,0.13115516918470993,0.13936264858908864,12.909674672899964,15.198126203649325,0.26840636606034446,nan,nan,0.4671989679336548,0.40417948365211487,0.4085809290409088,training,0.40417948365211487,0.06301948428153992,1.0,9,9,25,1.2924511432647705
105,van_rossum,superspike,12.981041041298328,polyak,0.011020063345147138,False,,0.2627708517840055,0.35768263152597424,nan,nan,nan,nan,6.498238087925785,0.14742595348558585,3.449928045272827,2.5725791454315186,4.375363349914551,training,2.5725791454315186,0.8773488998413086,0.5964912280701755,10,9,5,1.1589241027832031
106,guarino,superspike,8.956106825161456,polyak,0.009816586907681484,False,,1.2226096443281311,0.44824063317060703,0.41925068718793734,5.57430835307112,7.855400666932791,0.05290667292534039,nan,nan,0.3416438698768616,0.5423258543014526,161.28370666503906,warmstart,0.3416438698768616,-0.20068198442459106,-0.5625,9,9,25,1.267101764678955
107,guarino,superspike,2.5234150918067764,polyak,0.0001628765326300177,True,,0.353995893930829,0.7631554898199004,0.46850150630962284,10.460705202988866,13.216970043475818,0.2601516829820118,nan,nan,0.9039977192878723,1.2921338081359863,2.726318836212158,warmstart,0.9039977192878723,-0.388136088848114,0.6041666666666665,7,9,25,1.3001630306243896
108,van_rossum,superspike,0.5300190170591659,polyak,0.0008105924104348744,False,,0.7414718003019266,0.4073623878629723,nan,nan,nan,nan,9.232074220216854,0.5521627033044271,6.103245258331299,5.638406753540039,5.858071804046631,training,5.638406753540039,0.46483850479125977,0.25694444444444436,7,9,25,1.4577522277832031
109,van_rossum,superspike,13.324214018923671,polyak,0.00018088050861288156,False,,0.40212765723082655,0.6062993981927156,nan,nan,nan,nan,39.35520117078445,0.34464088651161773,3.6333470344543457,3.464556932449341,3.464556932449341,training,3.464556932449341,0.16879010200500488,-0.1522491349480969,8,9,25,3.355350971221924
110,van_rossum,superspike,10.846302518409999,polyak,0.005312731782484945,False,,0.2878817421166281,0.17546224657908782,nan,nan,nan,nan,23.96313300352706,0.26471171061953735,1.8431978225708008,2.4399783611297607,3068.55712890625,warmstart,1.8431978225708008,-0.59678053855896,0.30555555555555564,9,9,25,2.546792984008789
111,van_rossum,superspike,1.3270009740968833,polyak,0.0005245998953273388,True,,0.37955212489452533,0.7757910864370905,nan,nan,nan,nan,20.480892686657366,0.37831801422378564,3.662729501724243,3.4101221561431885,3.4331674575805664,training,3.4101221561431885,0.2526073455810547,0.7128027681660901,8,9,25,2.4382519721984863
112,guarino,superspike,3.3908016981043336,polyak,0.017368525306963683,False,,0.13356300761257983,0.3952346537588943,0.38618411028344884,8.05932095972087,4.587891989037141,0.0586487482189762,nan,nan,0.48337700963020325,1.111220121383667,1.7953276634216309,warmstart,0.48337700963020325,-0.6278431117534637,1.0,9,9,25,1.2838683128356934
113,guarino,superspike,2.213950752388648,polyak,0.04936144570654694,False,,1.0947228694543,0.7545731382181347,0.09400459885044939,9.896396708178097,4.810686955109526,0.055612581840745696,nan,nan,0.6811562776565552,0.5248024463653564,0.5837299227714539,training,0.5248024463653564,0.15635383129119873,-0.5625,9,9,25,1.262052059173584
114,van_rossum,superspike,1.2795583720587789,polyak,3.468585340087427e-05,False,,1.4156975521555668,0.40204779815706937,nan,nan,nan,nan,2.408466874713221,0.8466710505082435,9.828500747680664,9.51097297668457,9.51097297668457,training,9.51097297668457,0.31752777099609375,0.0,0,9,25,1.0700581073760986
115,van_rossum,superspike,11.542993287491658,polyak,0.02474702609328953,False,,0.07580398297508656,0.8674235394825837,nan,nan,nan,nan,3.307847017565135,0.6189163811735259,6.783296585083008,6.465576171875,8.07096004486084,training,6.465576171875,0.3177204132080078,0.6527777777777778,9,9,25,1.1223547458648682
116,guarino,superspike,3.499361187326896,polyak,0.009529798353914846,True,,1.2307589157879062,0.749352861699006,0.1795346942216693,3.2390341172107906,5.528432057879142,0.15086248109410597,nan,nan,0.8234187364578247,0.8607224225997925,4671.5556640625,warmstart,0.8234187364578247,-0.03730368614196777,0.020761245674740504,8,9,25,1.4543561935424805
117,van_rossum,superspike,6.097075663235638,polyak,0.001236978061147271,True,,1.1928483878740643,0.9606262856288327,nan,nan,nan,nan,16.841403319460824,0.917859996625734,6.492696762084961,6.349676609039307,6.7404985427856445,training,6.349676609039307,0.1430201530456543,0.8263888888888888,9,9,25,2.169646978378296
118,van_rossum,superspike,12.636769923958074,polyak,0.000136837534978198,False,,1.181689275958309,0.3827831627802557,nan,nan,nan,nan,46.23322025707175,0.8835298364237075,7.5062360763549805,6.688482284545898,313.2324523925781,training,6.688482284545898,0.817753791809082,0.19377162629757788,8,9,25,3.584080934524536
119,guarino,superspike,1.126357236304955,polyak,0.007041598234883043,False,,0.7434076173017146,0.055209956707980457,0.2067241475576553,17.436904406302318,1.5869639036846115,0.11893087060944363,nan,nan,0.9753063321113586,0.9838361740112305,1710420.0,warmstart,0.9753063321113586,-0.008529841899871826,0.020761245674740504,8,9,25,1.289639949798584
120,van_rossum,superspike,1.1089053332881962,polyak,0.0013340466582166088,True,,1.168904915362201,0.24569974299498099,nan,nan,nan,nan,2.4662156608355392,0.027182133497585026,3.520806312561035,3.631154775619507,5.033236503601074,warmstart,3.520806312561035,-0.11034846305847168,0.3636363636363637,3,9,25,1.0988659858703613
121,guarino,superspike,5.308747175388742,polyak,6.399409498322087e-05,False,,1.2176285568288976,0.34956361145203385,0.31037418356563595,3.679518699050278,19.474578710738363,0.270867806289085,nan,nan,1.0662171840667725,1.5273981094360352,34.46127700805664,warmstart,1.0662171840667725,-0.4611809253692627,0.24561403508771928,10,9,25,1.4007129669189453
122,guarino,superspike,19.26308947988423,polyak,1.978020250449683e-05,False,,0.19881312142712043,0.8272545955907364,0.3111080975343244,15.713926886817315,12.987328147680445,0.2646525210986844,nan,nan,0.35480889678001404,0.26118388772010803,0.26118388772010803,training,0.26118388772010803,0.093625009059906,0.8263888888888888,9,9,25,1.2724897861480713
123,guarino,superspike,9.443341662950857,polyak,0.00011036087251074155,False,,0.3695283626748402,0.8420701517722398,0.1985905830189791,14.034947520612103,17.271782982459047,0.023323400077512633,nan,nan,0.6910310387611389,0.834653913974762,0.8351492285728455,warmstart,0.6910310387611389,-0.14362287521362305,-0.38888888888888884,9,9,25,1.2611651420593262
124,van_rossum,superspike,1.4564703309652032,polyak,0.001648702676250321,True,,0.9327930459815108,0.6103353887901798,nan,nan,nan,nan,11.465330502692893,0.1350797922175241,2.1312320232391357,2.1512491703033447,2.8297088146209717,warmstart,2.1312320232391357,-0.020017147064208984,0.5397923875432526,8,9,25,1.6261179447174072
125,guarino,superspike,1.1355774634419493,polyak,0.0005805645679839309,True,,0.3555931154769948,0.8297499101249115,0.29560922858275857,15.448012018507733,9.978563683400285,0.149758267626667,nan,nan,0.40483519434928894,1.0043561458587646,1.1077584028244019,warmstart,0.40483519434928894,-0.5995209515094757,-0.5625,9,9,25,1.3251330852508545
126,guarino,superspike,3.3506743234016416,polyak,0.0008440464679242184,False,,1.3825274763563555,0.4935065804363411,0.26074424061244894,19.28179978215934,9.560952808416749,0.0542653290966271,nan,nan,0.2651437819004059,0.9860484600067139,781318.0,warmstart,0.2651437819004059,-0.720904678106308,-0.10526315789473688,10,9,25,1.3551087379455566
127,guarino,superspike,4.093707512429076,polyak,4.1412600387269824e-05,False,,0.2510474994662689,0.6266392176974815,0.19680726297382556,13.189665193322693,8.832913332817428,0.2278929156919184,nan,nan,0.7614303827285767,0.9241000413894653,0.9241084456443787,warmstart,0.7614303827285767,-0.16266965866088867,0.19377162629757788,8,9,25,1.27425217628479
128,van_rossum,superspike,1.4407507751824955,polyak,0.00010039968423664725,False,,0.39430699823967397,0.5824447415393774,nan,nan,nan,nan,48.748916275838745,0.9902780870927544,6.432735443115234,5.742546081542969,5.742546081542969,training,5.742546081542969,0.6901893615722656,0.10256410256410257,4,9,1,3.0176658630371094
129,van_rossum,superspike,1.5300933251620887,polyak,0.0005744287524138763,False,,1.4775700450813065,0.9061068107651816,nan,nan,nan,nan,22.7268783795465,0.26913050072280575,2.186570167541504,2.157088279724121,2.157088279724121,training,2.157088279724121,0.029481887817382812,0.8263888888888888,9,9,25,2.59907603263855
130,van_rossum,superspike,1.7113427394742753,polyak,0.00021023643704174636,True,,0.190838942837742,0.18871221002891925,nan,nan,nan,nan,27.861818665033915,0.44628233858044153,3.965848445892334,3.8603098392486572,5.3183979988098145,training,3.8603098392486572,0.10553860664367676,-0.02807017543859652,6,9,25,2.778547763824463
131,van_rossum,superspike,1.379069745589745,polyak,1.8188090933287663e-05,False,,0.8725909469380724,0.021723455704089623,nan,nan,nan,nan,27.67402571378382,0.15539711925727562,1.40158212184906,2.236006498336792,2.236006498336792,warmstart,1.40158212184906,-0.8344243764877319,-0.5625,9,9,25,2.7817389965057373
132,guarino,superspike,0.9662835996752194,polyak,0.041268316742820096,False,,0.8242404192000872,0.15003957824821013,0.1412557036741215,13.539738640505169,14.771519622690588,0.17982804257398058,nan,nan,1.204298496246338,0.8624170422554016,0.8624170422554016,training,0.8624170422554016,0.3418814539909363,-0.21527777777777773,9,9,25,1.3663790225982666
133,guarino,superspike,1.833308486086378,polyak,0.007008698708532268,False,,0.6587677698089021,0.6440094014498684,0.3246818491284382,15.756320281885602,16.399874597536154,0.21351174627581634,nan,nan,1.1814417839050293,1.1285910606384277,1.3412270545959473,training,1.1285910606384277,0.05285072326660156,0.7128027681660901,8,9,25,1.5704371929168701
134,van_rossum,superspike,2.302031211960792,polyak,5.089415701286373e-05,False,,1.2366233140252392,0.9256866687367246,nan,nan,nan,nan,2.1982888367412543,0.9295729155672217,9.203422546386719,14.525660514831543,14.532809257507324,warmstart,9.203422546386719,-5.322237968444824,0.0,0,9,25,1.0003862380981445
135,van_rossum,superspike,17.951713840868134,polyak,0.0015896225787288653,True,,1.2746837967075542,0.6138282558090116,nan,nan,nan,nan,11.076926881094906,0.4172536098586862,4.362821102142334,4.860538959503174,1330989.75,warmstart,4.362821102142334,-0.49771785736083984,0.08333333333333325,7,9,25,1.6206059455871582
136,van_rossum,superspike,3.279056018943303,polyak,0.00017736057647190965,False,,1.4541878755883815,0.7331244745595453,nan,nan,nan,nan,4.235459019029827,0.17480738623300507,3.9652719497680664,3.881009340286255,3.8961782455444336,training,3.881009340286255,0.08426260948181152,0.46886446886446886,4,9,25,1.1077909469604492
137,guarino,superspike,11.573908297909085,polyak,9.263996705216223e-05,True,,1.390005732121923,0.25789400914779415,0.3618169657636347,19.75893977918573,3.8613674576170665,0.02652068721020232,nan,nan,0.7941415905952454,0.8714507222175598,56525.0390625,warmstart,0.7941415905952454,-0.07730913162231445,-0.1522491349480969,8,9,25,1.3138659000396729
138,van_rossum,superspike,11.319602562547976,polyak,0.0012030610018897972,False,,1.264097953209708,0.4463894921437095,nan,nan,nan,nan,41.59836050798022,0.6507945897177367,5.567332744598389,5.533627033233643,15725992.0,training,5.533627033233643,0.033705711364746094,0.0,25,9,25,3.3340327739715576
139,guarino,superspike,1.4391644044958884,polyak,3.623684362712638e-05,False,,0.621530657991542,0.5218764346888559,0.1758363480961386,1.6088281981853667,12.67333602416853,0.11211540086470541,nan,nan,0.8795135021209717,1.6414282321929932,1.6415314674377441,warmstart,0.8795135021209717,-0.7619147300720215,0.30555555555555564,9,9,25,1.3876819610595703
140,van_rossum,superspike,2.0150627615680867,polyak,0.0013236242596971867,True,,0.8902733886632883,0.021831391645811604,nan,nan,nan,nan,7.502329865889424,0.34483125939883785,3.8362069129943848,3.774885892868042,5.05747652053833,training,3.774885892868042,0.06132102012634277,0.5964912280701755,10,9,25,1.4342350959777832
141,van_rossum,superspike,1.4297129381764213,polyak,0.014132608861450012,True,,1.393743948406605,0.9810048113537728,nan,nan,nan,nan,1.1801705620631784,0.4449377610270062,7.070680141448975,6.787622451782227,6.79383659362793,training,6.787622451782227,0.28305768966674805,0.0,0,9,25,1.0012352466583252
142,guarino,superspike,1.651502587569074,polyak,0.0008302215669788083,True,,1.46706861868197,0.4748768364757039,0.10891459046592458,1.9827083416614302,18.962914876359022,0.07974282398251971,nan,nan,0.6277478337287903,1.0736501216888428,1.3348268270492554,warmstart,0.6277478337287903,-0.4459022879600525,-0.5625,9,9,25,1.3452351093292236
143,guarino,superspike,3.2157460635327695,polyak,0.027423518009736834,False,,0.4192310603552844,0.8554753634178817,0.22545026099267407,11.083742530144448,19.55401426188777,0.055944988426759164,nan,nan,0.30492281913757324,0.2860409617424011,0.926328718662262,training,0.2860409617424011,0.01888185739517212,0.8263888888888888,9,9,25,1.2740530967712402
144,van_rossum,superspike,1.321519106503123,polyak,0.00026355504654199775,True,,0.5232909780695962,0.7167517501636094,nan,nan,nan,nan,6.202763816907089,0.36129889885268307,5.228019714355469,4.956516742706299,4.956516742706299,training,4.956516742706299,0.2715029716491699,0.8263888888888888,9,9,25,1.2777321338653564
145,guarino,superspike,0.7898165008156991,polyak,8.992196214462844e-05,True,,0.19612772006447787,0.8069442243540357,0.47160827965892915,12.52410990775095,14.496824648433757,0.21407598297222521,nan,nan,0.580773651599884,0.6847359538078308,0.698352575302124,warmstart,0.580773651599884,-0.10396230220794678,-0.5625,9,9,25,1.3241169452667236
146,guarino,superspike,0.5267428809456814,polyak,0.0513657471748213,True,,0.39686141673189246,0.03956020839019181,0.09871224866368568,5.564730017313193,6.204217203514859,0.009842999849318601,nan,nan,0.5896164774894714,0.22411932051181793,0.31871938705444336,training,0.22411932051181793,0.3654971569776535,-0.5625,9,9,25,1.3898649215698242
147,guarino,superspike,0.5487188020505388,polyak,6.43364658795041e-05,False,,1.4862146483266832,0.928526175057329,0.2768987099919959,11.10465325978075,6.977049811681009,0.23218183159129685,nan,nan,0.8355144262313843,0.76606684923172,0.7660672664642334,training,0.76606684923172,0.0694475769996643,0.19377162629757788,8,9,25,1.4130172729492188
148,van_rossum,superspike,15.405359082417712,polyak,2.3843280640978696e-05,False,,1.4914037687449242,0.7700907181588694,nan,nan,nan,nan,1.4403381715423909,0.6562296481050006,6.895334243774414,7.7972846031188965,7.797486782073975,warmstart,6.895334243774414,-0.9019503593444824,0.8263888888888888,9,9,25,0.9967799186706543
149,guarino,superspike,2.3041313924923643,polyak,1.4785356865914527e-05,True,,0.39782018416884896,0.392735012101753,0.2412961843965379,17.708822936266017,6.136478440025142,0.2681229386148816,nan,nan,0.4399135410785675,0.4535052180290222,1899.6075439453125,warmstart,0.4399135410785675,-0.013591676950454712,-0.5625,9,9,25,1.3043179512023926
150,guarino,superspike,1.831398633507751,polyak,0.001832993299892782,False,,0.6201123665847879,0.8239123610507965,0.16552479269082482,19.42565999778919,15.909718396175675,0.2902779077992417,nan,nan,0.7620739340782166,1.2326011657714844,1.5313220024108887,warmstart,0.7620739340782166,-0.4705272316932678,0.07017543859649122,10,9,25,1.2750129699707031
151,guarino,superspike,15.425644748415733,polyak,2.888977857762787e-05,False,,1.0815608320000882,0.05884853733243178,0.31903521494279163,16.50212309379879,2.283018973943014,0.1536728913319881,nan,nan,0.3750856816768646,0.678162693977356,2223226.0,warmstart,0.3750856816768646,-0.30307701230049133,-0.5625,9,9,25,1.2969868183135986
152,guarino,superspike,4.36914528908548,polyak,0.007451596782969723,False,,0.6639840227403873,0.15629132196097506,0.09686817221129222,19.995541401372535,9.651690307426257,0.26175952474454944,nan,nan,0.3365207016468048,0.9567700624465942,47.30862808227539,warmstart,0.3365207016468048,-0.6202493607997894,-0.2807017543859649,10,9,25,1.320307970046997
153,guarino,superspike,1.8533842160012584,polyak,0.000645358358576686,True,,0.285067823939395,0.8983753839393745,0.16398842031753968,14.40017578007538,2.275957876964485,0.01162539945852884,nan,nan,0.3015247881412506,0.5880550146102905,0.6847029328346252,warmstart,0.3015247881412506,-0.2865302264690399,-0.5625,9,9,25,1.4295518398284912
154,guarino,superspike,0.8271876066303596,polyak,0.00019082878078343526,True,,0.5525162463095161,0.5371726483268185,0.18359081847833644,2.151984101598697,8.008689234011943,0.07636479438818464,nan,nan,0.5317811965942383,0.5515033006668091,0.5515033006668091,warmstart,0.5317811965942383,-0.0197221040725708,-0.21527777777777773,9,9,25,1.347977876663208
155,van_rossum,superspike,8.62058812236267,polyak,0.00032769651698990785,False,,1.4493039380522643,0.5219801141180507,nan,nan,nan,nan,35.13328773662924,0.7936726242564269,5.4720072746276855,6.208024501800537,8.461118698120117,warmstart,5.4720072746276855,-0.7360172271728516,0.1319444444444445,9,9,2,2.5188238620758057
156,guarino,superspike,0.7975038568501294,polyak,0.010140940652538196,True,,0.7615154961926668,0.7234313683772865,0.4412128220953357,12.950012326092766,12.636347255810449,0.22637108863188937,nan,nan,0.4212490916252136,0.5447287559509277,1.274148941040039,warmstart,0.4212490916252136,-0.12347966432571411,0.24561403508771928,10,9,25,1.3383889198303223
157,van_rossum,superspike,2.3560886407729096,polyak,5.654795614109178e-05,True,,1.0556665418103368,0.2043595452116388,nan,nan,nan,nan,1.4420974770389572,0.888028758227551,10.001155853271484,12.669716835021973,12.669716835021973,warmstart,10.001155853271484,-2.6685609817504883,-0.49826989619377166,8,9,25,1.0026330947875977
158,guarino,superspike,1.5072539483632528,polyak,1.4391116030427025e-05,False,,1.092722800352897,0.043175225056884536,0.05218580199977557,14.860406669358603,19.028601385833383,0.22695091431819314,nan,nan,0.7750753164291382,0.7063131928443909,0.7063131928443909,training,0.7063131928443909,0.06876212358474731,0.6527777777777778,9,9,25,1.2695438861846924
159,van_rossum,superspike,13.734480994104723,polyak,0.09550754225743968,True,,0.577025208992012,0.18070619576680946,nan,nan,nan,nan,3.9649902444948286,0.287473018548423,4.345880508422852,4.402552604675293,1228.133056640625,warmstart,4.345880508422852,-0.056672096252441406,0.8263888888888888,9,9,25,1.199031114578247
160,guarino,superspike,0.6723247322319594,polyak,0.00011243936535987712,False,,1.4790446146149354,0.20895960748461406,0.13915298363544082,11.899172707118472,10.461967525069978,0.17413148916085344,nan,nan,0.29330387711524963,0.850987434387207,0.850994884967804,warmstart,0.29330387711524963,-0.5576835572719574,-0.5625,9,9,25,1.4228219985961914
161,guarino,superspike,4.060060581689065,polyak,1.8904264278369033e-05,False,,0.10370724369917173,0.7278808919985219,0.17962698592496332,14.751160513644917,2.2615673018222164,0.2587643401224976,nan,nan,0.5041081309318542,0.8909995555877686,0.8909995555877686,warmstart,0.5041081309318542,-0.3868914246559143,-0.5625,9,9,25,1.2815330028533936
162,guarino,superspike,2.4090110316875943,polyak,0.015209050604724769,True,,0.733347452206006,0.5006608406612697,0.4950913727749561,3.852461578235885,16.783374836172698,0.015524923681165436,nan,nan,0.4979114532470703,0.388762503862381,0.49804455041885376,training,0.388762503862381,0.10914894938468933,-0.04166666666666662,9,9,25,1.3140180110931396
163,guarino,superspike,3.4225776426842414,polyak,0.0007061739950571461,False,,0.4582209185567551,0.25085289165512215,0.2142712610981413,3.8488880807471526,17.569981738067902,0.1806358175500282,nan,nan,0.0759197399020195,0.16849671304225922,2890.545166015625,warmstart,0.0759197399020195,-0.09257697314023972,1.0,9,9,25,1.307379961013794
164,guarino,superspike,8.320365274608397,polyak,0.08886798400053776,False,,0.0673204837144149,0.7480709590798926,0.08233797462843202,12.250523673169669,15.365430366136518,0.1077613191803213,nan,nan,0.8825961351394653,0.19816309213638306,73.50484466552734,training,0.19816309213638306,0.6844330430030823,-0.21527777777777773,9,9,18,1.2822909355163574
165,van_rossum,superspike,4.51347285689028,polyak,0.014759897742624154,True,,1.3388122421926307,0.8057726983423014,nan,nan,nan,nan,2.6308698093274203,0.5558774048757611,7.06612491607666,8.582643508911133,11.659975051879883,warmstart,7.06612491607666,-1.5165185928344727,0.7128027681660901,8,9,25,1.063283920288086
166,guarino,superspike,3.0154916466028987,polyak,2.6862611434657945e-05,True,,0.355052991789905,0.5276363606044822,0.08031843730985282,18.697776656868896,3.353029956924045,0.059394223925072126,nan,nan,1.131996512413025,1.3178863525390625,120737.859375,warmstart,1.131996512413025,-0.1858898401260376,0.19377162629757788,8,9,25,1.4628190994262695
167,van_rossum,superspike,8.171263772771008,polyak,0.020549033963840238,True,,0.8792644429064579,0.3224633185817777,nan,nan,nan,nan,15.298436079654179,0.9569715846307795,8.73718547821045,8.195509910583496,19.14540672302246,training,8.195509910583496,0.5416755676269531,0.0,0,9,25,2.222012996673584
168,guarino,superspike,3.6574774341660152,polyak,0.0008423674735838227,False,,0.8573546767600781,0.04907404772427304,0.23192440534870204,12.076586979245656,12.118635674794291,0.19720018853051205,nan,nan,0.6933294534683228,0.8577561974525452,2856694.75,warmstart,0.6933294534683228,-0.1644267439842224,0.36678200692041524,8,9,25,1.3063290119171143
169,guarino,superspike,1.3695666422559571,polyak,0.0012870609761130437,True,,1.0185773344319897,0.09040807847189758,0.316523727699982,5.21302176510488,14.946314635985736,0.24823225575262414,nan,nan,0.9518998861312866,0.9676094055175781,30.449831008911133,warmstart,0.9518998861312866,-0.015709519386291504,0.4210526315789474,10,9,25,1.2924778461456299
170,guarino,superspike,1.9449138896387068,polyak,1.5904460913640048e-05,True,,0.21451110198957768,0.19302518953937065,0.21802259446640362,18.938729294449217,10.597914502316225,0.07045204897776931,nan,nan,0.7829349637031555,0.6953307390213013,0.6953307390213013,training,0.6953307390213013,0.08760422468185425,-1.0,31,9,1,1.2888720035552979
171,guarino,superspike,4.7214940024243885,polyak,0.06860949986095889,False,,0.07641613350453341,0.9233026902578786,0.4476498267076173,10.920687496971034,11.492809286536183,0.06352233083283747,nan,nan,0.5699719786643982,0.7039051055908203,4.569399833679199,warmstart,0.5699719786643982,-0.13393312692642212,0.19377162629757788,8,9,25,1.2795190811157227
172,van_rossum,superspike,0.6086953575369397,polyak,0.057730544031858094,False,,1.4055940873195523,0.5324153197128694,nan,nan,nan,nan,12.338944639099484,0.4626000607108083,4.273894786834717,4.157067775726318,600768.0,training,4.157067775726318,0.11682701110839844,0.07017543859649122,10,9,3,1.4463012218475342
173,guarino,superspike,3.783403309955718,polyak,7.253120159687247e-05,False,,0.8449743625469434,0.3680932709966155,0.33177167862821116,18.33190146776485,3.868869497266285,0.27403009794391914,nan,nan,0.7930664420127869,0.933938205242157,6.946156024932861,warmstart,0.7930664420127869,-0.14087176322937012,-0.5625,9,9,25,1.3113882541656494
174,van_rossum,superspike,17.135303198252394,polyak,0.002199961324021358,False,,1.1721987591036325,0.37728183906136314,nan,nan,nan,nan,1.049693467718533,0.509734659876444,8.008429527282715,7.724051475524902,7.724051475524902,training,7.724051475524902,0.2843780517578125,0.0,0,9,25,1.1100778579711914
175,van_rossum,superspike,0.9462587872468424,polyak,0.0001899600479382293,True,,0.8149637643539355,0.4992802569741479,nan,nan,nan,nan,12.407827336319192,0.9500017705742079,9.74909496307373,6.617663860321045,11.14289379119873,training,6.617663860321045,3.1314311027526855,0.17424242424242425,3,9,25,1.6653399467468262
176,van_rossum,superspike,6.104699511468496,polyak,0.009703465349346248,True,,0.7748617572645184,0.6039446649786266,nan,nan,nan,nan,4.7087212514173915,0.04125303250656254,3.2521612644195557,3.184689998626709,5.906824111938477,training,3.184689998626709,0.06747126579284668,0.0,0,9,25,1.141711950302124
177,van_rossum,superspike,3.736121263097801,polyak,0.003017615631443128,False,,1.288449374540146,0.12228953720281865,nan,nan,nan,nan,37.45896469592411,0.026017403551570006,0.7103800773620605,1.0217429399490356,20.54525375366211,warmstart,0.7103800773620605,-0.3113628625869751,-0.5625,9,9,2,2.646681785583496
178,guarino,superspike,2.64024059000231,polyak,0.0004068961050802395,False,,1.1514915490481124,0.8931303060700324,0.34365526329518686,3.3637973858039536,6.612425099487162,0.27399548904968396,nan,nan,1.0813316106796265,2.6510252952575684,2.8455288410186768,warmstart,1.0813316106796265,-1.569693684577942,0.36678200692041524,8,9,25,1.278662919998169
179,guarino,superspike,8.054878420547368,polyak,1.3375971131067192e-05,False,,0.9212982053153989,0.2325522624430636,0.34972353467111683,7.673235621764668,17.846265604428606,0.24577781566799592,nan,nan,0.8349870443344116,1.1893479824066162,34.73727035522461,warmstart,0.8349870443344116,-0.3543609380722046,0.19377162629757788,8,9,25,1.2739489078521729
180,van_rossum,superspike,13.940164359665484,polyak,0.03235250588646687,True,,1.439394393089242,0.22833623163192596,nan,nan,nan,nan,38.29495110675531,0.5712131913519977,5.748660087585449,5.188809394836426,29.93896484375,training,5.188809394836426,0.5598506927490234,0.0,0,9,25,3.2004218101501465
181,guarino,superspike,13.219574200007015,polyak,0.0033159492650145267,True,,0.6428893773763747,0.46440162631719195,0.14417480640737793,16.635781666668848,4.7692763023490325,0.2149868270181939,nan,nan,0.8154088258743286,0.49592259526252747,2759578.25,training,0.49592259526252747,0.31948623061180115,-1.0,101,9,25,1.384951114654541
182,van_rossum,superspike,5.8031870356069,polyak,0.024286899067436914,True,,1.489648294076454,0.42016285452463864,nan,nan,nan,nan,24.14450647702121,0.7445797595180336,6.518012046813965,6.398604393005371,6.398604393005371,training,6.398604393005371,0.11940765380859375,-1.0,86,9,1,2.226512908935547
183,van_rossum,superspike,2.1590925359104904,polyak,0.0003769956661237146,True,,0.7374155014461816,0.8058169613506224,nan,nan,nan,nan,33.17851813473841,0.07011443204418388,0.8579761981964111,0.7098088264465332,0.7168200016021729,training,0.7098088264465332,0.14816737174987793,1.0,9,9,25,2.994155168533325
184,guarino,superspike,3.173767898205558,polyak,0.0007737092767794473,True,,1.2267529649371212,0.7456479912378577,0.20362032238153677,16.21096523279109,17.219362711085502,0.04604766161225715,nan,nan,0.20182307064533234,0.6689708232879639,13.918253898620605,warmstart,0.20182307064533234,-0.46714775264263153,-0.5625,9,9,25,1.3193769454956055
185,van_rossum,superspike,16.54849703582329,polyak,0.0003351430007248235,False,,1.480416871805842,0.8748508488051633,nan,nan,nan,nan,1.9133807892443766,0.819658219535163,8.679884910583496,9.63084602355957,9.63084602355957,warmstart,8.679884910583496,-0.9509611129760742,0.0,0,9,25,0.9965040683746338
186,van_rossum,superspike,6.850545178836809,polyak,0.000747517352243203,True,,1.3387265058144897,0.2299480178186324,nan,nan,nan,nan,1.9475564880477456,0.6428037643335816,8.837518692016602,8.668795585632324,8.668795585632324,training,8.668795585632324,0.16872310638427734,0.0,0,9,25,1.0220232009887695
187,van_rossum,superspike,19.337804167540753,polyak,1.1183135928652943e-05,False,,0.7684335640574187,0.8074473764101547,nan,nan,nan,nan,4.014326374589518,0.41034135889904155,5.66742467880249,7.455409049987793,7.455409049987793,warmstart,5.66742467880249,-1.7879843711853027,0.035714285714285705,5,9,25,1.1061429977416992
188,van_rossum,superspike,1.5052199245439146,polyak,0.0016602333755793006,False,,0.50114078948993,0.2720451891776694,nan,nan,nan,nan,6.047695100326719,0.18152310810969374,2.9503934383392334,2.773660182952881,5677.40673828125,training,2.773660182952881,0.17673325538635254,0.0,0,9,25,1.1858899593353271
189,van_rossum,superspike,1.8906752652296563,polyak,0.013522138884729583,False,,0.2799931555431447,0.49702584621748225,nan,nan,nan,nan,1.1375154420815219,0.22529733878233338,4.795226097106934,11.34007453918457,11.34007453918457,warmstart,4.795226097106934,-6.544848442077637,-0.5625,9,9,1,0.9810166358947754
190,van_rossum,superspike,6.011788059200412,polyak,0.0012600069289811033,True,,0.9791808367369725,0.9191096645666051,nan,nan,nan,nan,1.4817804656977962,0.3157644778460912,6.3025312423706055,6.044523239135742,6.044523239135742,training,6.044523239135742,0.2580080032348633,0.0,0,9,25,1.189182996749878
191,guarino,superspike,9.546345813888268,polyak,0.0354561513482294,False,,1.1311358402783602,0.3547253211965503,0.3418685561616944,10.76691572473843,5.935102789646102,0.040566408601195814,nan,nan,0.6258670687675476,0.6750897169113159,11802.9541015625,warmstart,0.6258670687675476,-0.04922264814376831,0.19377162629757788,8,9,25,1.2914390563964844
192,guarino,superspike,3.653843602901275,polyak,0.054932740714571264,True,,0.5781213471621319,0.835862971269293,0.08381273356948835,15.056790786731584,19.78050086280667,0.25397946488634504,nan,nan,0.4210263192653656,0.6779521107673645,3149830.25,warmstart,0.4210263192653656,-0.2569257915019989,-0.5625,9,9,25,1.3312418460845947
193,guarino,superspike,0.6268776632159486,polyak,0.0024178636320304667,True,,0.3671475653341651,0.32877991130573725,0.3789634429167848,4.4923543536915105,4.149305990004698,0.01348927274964824,nan,nan,0.7977270483970642,0.6939375996589661,1.2455655336380005,training,0.6939375996589661,0.10378944873809814,0.07017543859649122,10,9,25,1.3003690242767334
194,van_rossum,superspike,2.4844597557028956,polyak,0.04934580625389283,True,,0.43171352244205186,0.6791453684388935,nan,nan,nan,nan,1.235482658826571,0.9558605341889254,9.542227745056152,9.341293334960938,9.341293334960938,training,9.341293334960938,0.20093441009521484,0.0,0,9,25,1.0055208206176758
195,guarino,superspike,2.641459611289153,polyak,0.0007098976708434563,False,,1.0257670265011147,0.6431675435400551,0.3424223401534753,6.138931508267099,8.062513936761146,0.013698685631011842,nan,nan,0.6491738557815552,1.0384941101074219,1.0384941101074219,warmstart,0.6491738557815552,-0.3893202543258667,-0.5625,9,9,25,1.2869350910186768
196,van_rossum,superspike,0.6336310289336623,polyak,0.011749778075401082,False,,0.5647041516095489,0.38023558389930445,nan,nan,nan,nan,5.405013992808237,0.8150448234080938,1.7842628955841064,7.661923885345459,7.661923885345459,warmstart,1.7842628955841064,-5.8776609897613525,-0.49826989619377166,8,9,1,1.0718410015106201
197,guarino,superspike,2.3062551573542875,polyak,0.0012622130158946642,False,,0.1563753244200018,0.4148520055261652,0.10573559650818587,8.798387997553487,11.581740703055555,0.27921335436169403,nan,nan,0.3062865436077118,0.41354620456695557,372.8545837402344,warmstart,0.3062865436077118,-0.10725966095924377,-0.04166666666666662,9,9,25,1.3142220973968506
198,van_rossum,superspike,1.376727559286815,polyak,0.00040292604554568545,False,,0.7935590902333354,0.0009899939263861013,nan,nan,nan,nan,1.8836976168338235,0.0935663856088007,4.3088698387146,5.144768238067627,10778814.0,warmstart,4.3088698387146,-0.8358983993530273,0.30555555555555564,9,9,2,1.1362221240997314
199,guarino,superspike,0.7983720583696059,polyak,3.856446457494754e-05,True,,0.9264903602549941,0.6102899517038506,0.49401419068333835,2.6803366162184408,19.515516958303493,0.06120394396621227,nan,nan,0.7693760395050049,0.9138038158416748,0.9138038158416748,warmstart,0.7693760395050049,-0.14442777633666992,-0.38888888888888884,9,9,25,1.3405430316925049
200,guarino,superspike,5.47452346051606,polyak,0.07440924979408399,False,,0.08640157556846217,0.9228643629251906,0.30551512340945447,14.383540700571594,3.8344994938406187,0.16001622924930967,nan,nan,0.559955358505249,1.201749563217163,3.462434768676758,warmstart,0.559955358505249,-0.6417942047119141,-0.6315789473684211,10,9,25,1.2710678577423096
201,van_rossum,superspike,19.95504895534172,polyak,1.0713515059772858e-05,True,,1.0112164513397017,0.05999083458534826,nan,nan,nan,nan,10.046978928801021,0.6840001035610561,5.996882915496826,5.901185989379883,1060.401123046875,training,5.901185989379883,0.09569692611694336,-1.0,926,9,25,1.5139100551605225
202,van_rossum,superspike,5.851631003152431,polyak,0.0007711982396630174,True,,0.48237615430417674,0.08588620943757286,nan,nan,nan,nan,2.603839199525261,0.011186753086876888,3.2222228050231934,3.5999021530151367,4.981647968292236,warmstart,3.2222228050231934,-0.37767934799194336,1.0,9,9,25,1.0683667659759521
203,guarino,superspike,9.505520449731932,polyak,0.0677288391587252,True,,0.23036680042163482,0.7766886763492903,0.11657611098712015,18.354241024679926,10.83969293770299,0.10091432641701202,nan,nan,0.6104183197021484,0.626862645149231,20.0518741607666,warmstart,0.6104183197021484,-0.01644432544708252,0.19377162629757788,8,9,25,1.3277308940887451
204,van_rossum,superspike,4.442995537307995,polyak,0.00010680753597842913,False,,0.8144125586586111,0.32045488556345514,nan,nan,nan,nan,3.0310944344665725,0.5738453020245975,7.141092777252197,7.473213195800781,9923459.0,warmstart,7.141092777252197,-0.332120418548584,-0.10526315789473688,10,9,2,0.9678130149841309
205,van_rossum,superspike,5.579120387907888,polyak,0.006918369684137898,False,,1.3126498455922089,0.6136054350469241,nan,nan,nan,nan,2.969494980257484,0.09950964286545716,3.0335047245025635,4.065040588378906,4773.31396484375,warmstart,3.0335047245025635,-1.0315358638763428,-0.5625,9,9,10,1.047224760055542
206,guarino,superspike,9.24662806596502,polyak,0.019387547867471256,True,,0.46431526220644115,0.548954532694496,0.30335484203886154,9.984856460929166,13.447163937070531,0.06302613714706007,nan,nan,0.632758617401123,0.8663972020149231,15.419862747192383,warmstart,0.632758617401123,-0.23363858461380005,-0.38888888888888884,9,9,25,1.5724048614501953
207,guarino,superspike,8.702295642759148,polyak,0.002290555868178462,True,,0.11925834463855534,0.7508363334364625,0.18182115792672673,17.896735164577056,15.479387399573344,0.2094570734153148,nan,nan,0.7728652358055115,0.5972658395767212,3939.10400390625,training,0.5972658395767212,0.17559939622879028,-0.5625,9,9,25,1.321552038192749
208,guarino,superspike,7.730924837343644,polyak,0.0007888062185435577,False,,0.8560959091803695,0.31415488807834235,0.11358017018919525,6.071739329816842,17.333925723597755,0.18072508864602313,nan,nan,0.3801446855068207,1.4618018865585327,159980.734375,warmstart,0.3801446855068207,-1.081657201051712,-0.2807017543859649,10,9,2,1.254626989364624
209,van_rossum,superspike,4.883150799841599,polyak,1.0469835572204602e-05,False,,0.9533119394596175,0.37971932648166573,nan,nan,nan,nan,37.181306607171095,0.7647242191417579,6.099933624267578,7.308322429656982,8.142743110656738,warmstart,6.099933624267578,-1.2083888053894043,0.8858131487889275,8,9,25,3.1327807903289795
210,van_rossum,superspike,13.161002384688125,polyak,2.4557198860368628e-05,False,,0.9726722558814698,0.7828381550557844,nan,nan,nan,nan,11.071272262679217,0.49553480415254303,5.3373308181762695,5.26727819442749,5.28645133972168,training,5.26727819442749,0.0700526237487793,-0.17142857142857143,11,9,25,1.5711359977722168
211,guarino,superspike,12.980263696730177,polyak,0.0003131030954089402,False,,0.6145516148234919,0.18194295527675264,0.379232156943605,9.520706983108301,1.3088850879616505,0.2892041107079391,nan,nan,0.5409881472587585,0.6718198657035828,0.7536365985870361,warmstart,0.5409881472587585,-0.13083171844482422,0.47916666666666674,9,9,25,1.2742650508880615
212,guarino,superspike,1.340294111143008,polyak,7.723408500096644e-05,True,,0.17086088222853313,0.6593141959164528,0.401413545963851,15.458106610823073,7.009232166514512,0.061577955139560665,nan,nan,0.47843581438064575,0.49657008051872253,0.49659696221351624,warmstart,0.47843581438064575,-0.018134266138076782,-0.5625,9,9,25,1.3317010402679443
213,van_rossum,superspike,2.7843826938236105,polyak,1.5484386025353775e-05,False,,0.5854142126585147,0.25768709127299727,nan,nan,nan,nan,1.944124025173144,0.9532037745086486,9.120866775512695,9.756146430969238,9.756146430969238,warmstart,9.120866775512695,-0.635279655456543,0.0,0,9,25,1.0083928108215332
214,van_rossum,superspike,0.9955474807986735,polyak,0.05634063404667129,True,,0.4526900099408903,0.25518651229354217,nan,nan,nan,nan,16.15266783649243,0.6564487180661819,5.946284770965576,5.942966938018799,1753344.5,training,5.942966938018799,0.0033178329467773438,-0.5625,9,9,25,2.1215670108795166
215,guarino,superspike,1.7039549732215045,polyak,0.0002113509679908364,True,,0.28562925699952424,0.1930075361587663,0.29378235724845275,3.448670688739028,14.089043151787868,0.28318413775877893,nan,nan,0.8852859139442444,0.7816252708435059,1.1884560585021973,training,0.7816252708435059,0.10366064310073853,-0.5625,9,9,25,1.6765458583831787
216,van_rossum,superspike,0.6165883768605982,polyak,0.012812333062608525,True,,0.5648080991948727,0.3033376326821986,nan,nan,nan,nan,1.967716160390373,0.996015755102527,9.547483444213867,15.933369636535645,15.933369636535645,warmstart,9.547483444213867,-6.385886192321777,-0.5625,9,9,1,0.9974110126495361
217,guarino,superspike,0.5015232717042089,polyak,0.002478072203078238,False,,0.18568099667570653,0.18613875410423886,0.19928719060665032,2.3344340468473614,2.0813508404405665,0.27480787644973326,nan,nan,0.4817342460155487,0.30589085817337036,0.30874010920524597,training,0.30589085817337036,0.17584338784217834,1.0,9,9,25,1.291902780532837
218,guarino,superspike,0.7129741054738175,polyak,5.6785874009720886e-05,True,,0.11495799217632224,0.6041342052170712,0.49396598413209103,13.767706215500887,14.504469165416662,0.2953755124629843,nan,nan,0.6340981125831604,0.6077449321746826,0.6220971345901489,training,0.6077449321746826,0.026353180408477783,0.1319444444444445,9,9,25,1.311791181564331
219,van_rossum,superspike,1.2919009060905702,polyak,0.0009248103728023548,True,,0.08653900749966015,0.08054494671311319,nan,nan,nan,nan,17.18579876045577,0.864074470742149,7.6170759201049805,6.349582672119141,33.658668518066406,training,6.349582672119141,1.2674932479858398,0.0,0,9,25,2.367860794067383
220,guarino,superspike,2.092449893171944,polyak,0.0016597435277104695,True,,0.14114895995433702,0.15430371872268445,0.46930757879884255,15.468647208578039,18.53204282067818,0.27500408534981013,nan,nan,1.158823013305664,0.866840660572052,32.69588088989258,training,0.866840660572052,0.29198235273361206,0.0,0,9,25,1.3076200485229492
221,guarino,superspike,1.8298619795724116,polyak,0.006383858150832633,True,,0.885319911516937,0.14643617455697955,0.3865557209666789,7.7412364636143804,1.2468736247641288,0.0841765861598248,nan,nan,0.7076786160469055,0.6545314788818359,1.1587276458740234,training,0.6545314788818359,0.05314713716506958,-0.5625,9,9,25,1.3051698207855225
222,van_rossum,superspike,6.079201233264926,polyak,6.0165945493540615e-05,True,,0.9721408954222746,0.48351164100368105,nan,nan,nan,nan,5.577538496558128,0.11212316347238882,3.353168487548828,3.190446376800537,6.777787208557129,training,3.190446376800537,0.16272211074829102,0.1250000000000001,15,9,25,1.2301020622253418
223,guarino,superspike,1.6404479594982884,polyak,0.0391743483347664,True,,1.3787398483999675,0.29992490582789555,0.10167560349437703,11.568150601759317,7.565202844010333,0.24057205004722448,nan,nan,0.21189162135124207,1.2869789600372314,1.2869789600372314,warmstart,0.21189162135124207,-1.0750873386859894,1.0,9,9,1,1.6192529201507568
224,van_rossum,superspike,9.705727552863372,polyak,2.5453071848066195e-05,False,,0.46312273275450744,0.5653165470049434,nan,nan,nan,nan,1.1830781932004446,0.07931689918144824,4.632101058959961,6.257744789123535,6.289698600769043,warmstart,4.632101058959961,-1.6256437301635742,0.28571428571428575,4,9,25,0.987396240234375
225,van_rossum,superspike,16.726215273624465,polyak,3.636796235304487e-05,True,,0.8921437552126557,0.6416604053632571,nan,nan,nan,nan,16.074727584594104,0.704118890354581,5.605949401855469,4.873927593231201,7.482915878295898,training,4.873927593231201,0.7320218086242676,-0.43750000000000006,7,9,25,2.0236401557922363
226,guarino,superspike,1.3821459066434791,polyak,2.38187769654073e-05,False,,0.2860907359840771,0.6387309128973808,0.33281448359221316,9.00004334691853,2.713267553300332,0.1300121749378225,nan,nan,0.6073670387268066,0.49426916241645813,0.49427568912506104,training,0.49426916241645813,0.11309787631034851,-0.04166666666666662,9,9,25,1.3006627559661865
227,van_rossum,superspike,3.1272390078083756,polyak,0.0008258296122302644,False,,1.41376389497971,0.31917397176732965,nan,nan,nan,nan,2.7216534354559734,0.9994089253876713,10.636598587036133,10.18874454498291,4241.86376953125,training,10.18874454498291,0.44785404205322266,0.0,0,9,25,1.0350432395935059
228,guarino,superspike,15.84712515049716,polyak,0.0015283269345561957,True,,0.9249583970939262,0.2918944015252498,0.078787644083723,15.011748458644496,2.9339337862313317,0.025667292305517942,nan,nan,0.4134288728237152,0.49218854308128357,330287.59375,warmstart,0.4134288728237152,-0.07875967025756836,-0.38888888888888884,9,9,25,1.3286960124969482
229,van_rossum,superspike,2.2398086698393875,polyak,0.02483638253069791,True,,0.33455419199744296,0.944145646660466,nan,nan,nan,nan,2.9320222840149697,0.02620148418779311,3.2288734912872314,3.326392412185669,4.936968803405762,warmstart,3.2288734912872314,-0.0975189208984375,0.47916666666666674,9,9,7,1.0430002212524414
230,van_rossum,superspike,1.753448494582316,polyak,0.019368332739743314,True,,0.23640226993271757,0.1035102683100585,nan,nan,nan,nan,7.1544103755818265,0.6718875857654919,6.241702079772949,nan,nan,warmstart,6.241702079772949,nan,0.007142857142857149,11,9,0,1.2079360485076904
231,guarino,superspike,1.6825092717905432,polyak,0.0009593241224981995,False,,0.8408992125995882,0.4806091484927877,0.35507426083877314,13.672281107704718,7.04321879506491,0.10386433660832746,nan,nan,0.4178677797317505,1.2808877229690552,1.2808877229690552,warmstart,0.4178677797317505,-0.8630199432373047,0.9473684210526316,10,9,1,1.2406699657440186
232,guarino,superspike,2.5441666433102457,polyak,0.037224109309413944,False,,0.05445851415671282,0.8551639464842137,0.12343017067886464,10.637724016772603,9.062392149537219,0.0030388012024376463,nan,nan,0.8038872480392456,0.7226759791374207,3.163499593734741,training,0.7226759791374207,0.08121126890182495,0.05533596837944664,2,9,25,1.5524649620056152
233,van_rossum,superspike,1.0560196012594685,polyak,0.0055079466930728705,True,,1.416794498778939,0.43927206181049183,nan,nan,nan,nan,2.8588846516784225,0.1382870014941071,3.4706664085388184,3.7433853149414062,3.7966244220733643,warmstart,3.4706664085388184,-0.2727189064025879,0.8858131487889275,8,9,25,1.0577268600463867
234,van_rossum,superspike,6.419878183823168,polyak,0.003907090793928892,False,,0.10324112297436855,0.8344227521511565,nan,nan,nan,nan,7.749638013655135,0.9071973733366125,8.229340553283691,8.521535873413086,10.589020729064941,warmstart,8.229340553283691,-0.29219532012939453,0.08333333333333325,7,9,25,1.3089251518249512
235,van_rossum,superspike,0.8196143377083855,polyak,0.0011083880887412729,True,,0.4492687354119688,0.23208046066978782,nan,nan,nan,nan,11.30876014193293,0.7867867120225087,5.974540710449219,7.109981536865234,7.109981536865234,warmstart,5.974540710449219,-1.1354408264160156,-0.21527777777777773,9,9,1,1.4554622173309326
236,guarino,superspike,3.514948077425885,polyak,2.2153313734475973e-05,False,,1.3177082330939818,0.9242897594096086,0.4197259116551316,11.688034294363593,11.594373231383644,0.29538221298027895,nan,nan,0.7524629831314087,0.6244027018547058,0.6244027018547058,training,0.6244027018547058,0.12806028127670288,-0.04166666666666662,9,9,25,1.2783548831939697
237,van_rossum,superspike,1.3242434549313462,polyak,5.642014432593417e-05,False,,0.5465423647134169,0.8789688723864574,nan,nan,nan,nan,3.7324466037810833,0.6790742101195937,7.215875148773193,7.8369550704956055,7.837189674377441,warmstart,7.215875148773193,-0.6210799217224121,0.08333333333333325,7,9,25,1.1059961318969727
238,guarino,superspike,19.337330945487643,polyak,0.013462809298057583,False,,1.4063478881594205,0.9023032049180275,0.05919934241423788,16.045098506030403,9.571769136211937,0.2368674612001967,nan,nan,0.7274078130722046,0.743361234664917,0.7982665300369263,warmstart,0.7274078130722046,-0.015953421592712402,0.36678200692041524,8,9,25,1.2874231338500977
239,guarino,superspike,17.69228275387188,polyak,0.0005712796012567675,True,,0.8284991253610492,0.40950233686438875,0.2987022040688364,9.2143730325836,16.70758347244155,0.2727153059394852,nan,nan,0.462748646736145,0.4884773790836334,0.4970450699329376,warmstart,0.462748646736145,-0.025728732347488403,-0.456140350877193,10,9,25,1.318058967590332
240,van_rossum,superspike,7.944771326115249,polyak,0.005076625265733535,True,,1.1192003335939642,0.20864533255599838,nan,nan,nan,nan,7.026246893941167,0.5882685546050872,5.804945468902588,5.691755771636963,5331.0869140625,training,5.691755771636963,0.113189697265625,-1.0,296,9,25,1.307480812072754
241,van_rossum,superspike,2.1234671526210374,polyak,0.026110189678272555,True,,0.8557637294183871,0.0006423036998737253,nan,nan,nan,nan,12.46292778158176,0.7181757921279367,5.630418300628662,5.406586170196533,27.391550064086914,training,5.406586170196533,0.2238321304321289,0.0,0,9,25,1.7881269454956055
242,van_rossum,superspike,19.12966815041178,polyak,0.07674414730765144,True,,1.3783645842151349,0.7553715412253076,nan,nan,nan,nan,10.84931245465097,0.17217066368292422,1.918379783630371,2.6699483394622803,5.466552257537842,warmstart,1.918379783630371,-0.7515685558319092,1.0,9,9,25,1.80377197265625
243,van_rossum,superspike,2.463661654910289,polyak,2.7186055006450807e-05,True,,1.2564259392832307,0.484384259201451,nan,nan,nan,nan,1.2099793027982695,0.016491258977649914,4.508265018463135,4.699446678161621,4.699446678161621,warmstart,4.508265018463135,-0.19118165969848633,0.13333333333333336,1,9,25,1.0038588047027588
244,van_rossum,superspike,1.532242924313092,polyak,0.035907236051323614,False,,0.8161471372234662,0.8858886951442001,nan,nan,nan,nan,2.4137331933871624,0.33002434324866603,5.688124179840088,6.8500823974609375,7.783531188964844,warmstart,5.688124179840088,-1.1619582176208496,0.28571428571428575,4,9,25,1.0333459377288818
245,van_rossum,superspike,1.778845326586532,polyak,0.0011937253513577115,False,,1.1986611726599092,0.49827915871033013,nan,nan,nan,nan,37.409171557400136,0.6226913443560438,3.404221296310425,5.156988143920898,22722.92578125,warmstart,3.404221296310425,-1.7527668476104736,-0.04166666666666662,9,9,23,3.129878044128418
246,guarino,superspike,11.965104241130831,polyak,0.0008543411588308691,True,,1.255802324006396,0.30677408357720515,0.39287668035387885,3.66855300939143,6.833986403287665,0.13371979900791983,nan,nan,1.0943610668182373,0.7658684849739075,779.4697265625,training,0.7658684849739075,0.32849258184432983,-1.0,1894,9,25,1.3266098499298096
247,van_rossum,superspike,9.286215414462797,polyak,0.00040438505981165644,True,,1.3727076056176486,0.8007129735545269,nan,nan,nan,nan,4.606349745308181,0.4842135142800644,5.46776008605957,6.676798343658447,8.51640796661377,warmstart,5.46776008605957,-1.209038257598877,-0.10526315789473688,10,9,25,1.1640713214874268
248,guarino,superspike,19.829233319298268,polyak,0.030048894086036337,False,,1.3242712551993059,0.9512799476066175,0.24724233923651953,6.449875538922892,3.470474905340157,0.15036274006153935,nan,nan,0.9673898816108704,0.7533475160598755,0.7650171518325806,training,0.7533475160598755,0.21404236555099487,0.47916666666666674,9,9,25,1.2964890003204346
249,guarino,superspike,5.623382497120761,polyak,0.00020419650912075588,True,,1.335386900469437,0.602556765525702,0.3625397560788717,7.944562666205789,4.035030884831474,0.09617521873497183,nan,nan,0.8506789207458496,0.8948206305503845,1234450.125,warmstart,0.8506789207458496,-0.04414170980453491,0.07017543859649122,10,9,25,1.295841932296753
250,guarino,superspike,13.093448211874746,polyak,0.004895063036904674,True,,0.9640945961866432,0.18976813721076813,0.0978749073555835,19.337700224090582,12.378309031906701,0.12470502274392872,nan,nan,0.5718444585800171,0.5766834616661072,9715.748046875,warmstart,0.5718444585800171,-0.004839003086090088,-0.38888888888888884,9,9,25,1.3105931282043457
251,guarino,superspike,0.5589438136236358,polyak,0.018337216869576404,True,,0.07770767345981017,0.7558777308258808,0.20751945006784048,8.39734610624135,5.6942841583336605,0.2577535436090691,nan,nan,1.2894279956817627,0.8168105483055115,1.0915555953979492,training,0.8168105483055115,0.4726174473762512,-0.5625,9,9,25,1.5174322128295898
252,van_rossum,superspike,2.328701071952151,polyak,0.03295091071492631,False,,0.08593612008342877,0.21267470676003064,nan,nan,nan,nan,34.93430087364375,0.8900146741599216,8.19510555267334,7.2350850105285645,21300.205078125,training,7.2350850105285645,0.9600205421447754,0.0,0,9,25,3.036182165145874
253,van_rossum,superspike,1.886269503409964,polyak,0.0027752250176788693,True,,0.5187757916411855,0.7906735916446096,nan,nan,nan,nan,31.06206914767303,0.32203408153105206,3.2855031490325928,3.0870871543884277,4.955570220947266,training,3.0870871543884277,0.19841599464416504,0.36428571428571427,11,9,25,2.9386210441589355
254,van_rossum,superspike,0.9874259781875865,polyak,2.3890288957455653e-05,False,,0.522019522006606,0.9522859075503184,nan,nan,nan,nan,11.0942236335448,0.3814102284029025,4.666760444641113,4.6925458908081055,4.692578315734863,warmstart,4.666760444641113,-0.025785446166992188,-0.10526315789473688,10,9,25,1.5743298530578613
255,guarino,superspike,0.5955008552609937,polyak,1.2563524778832216e-05,False,,1.3250179060544518,0.24406277879319038,0.3083249776018196,14.001810573915474,2.1557674825258673,0.04593011274101313,nan,nan,0.8083914518356323,0.9719832539558411,0.9719832539558411,warmstart,0.8083914518356323,-0.16359180212020874,-0.5625,9,9,25,1.2826120853424072
256,van_rossum,superspike,8.081680769013243,polyak,0.025628121840169136,True,,1.2485495376975013,0.7302657622800466,nan,nan,nan,nan,23.02699336998519,0.9346832278674102,7.4183349609375,6.794098854064941,20.070899963378906,training,6.794098854064941,0.6242361068725586,-1.0,28,9,25,2.5643162727355957
257,van_rossum,superspike,17.37677763205975,polyak,9.901085185112698e-05,True,,1.1353792464712293,0.9362784928046657,nan,nan,nan,nan,34.737615608087104,0.5735258617084483,4.505271911621094,4.822757244110107,4.824864387512207,warmstart,4.505271911621094,-0.31748533248901367,0.007142857142857149,11,9,25,3.1110498905181885
258,van_rossum,superspike,1.0897202305690163,polyak,5.699562716434855e-05,False,,1.2847440013523876,0.5107564867485148,nan,nan,nan,nan,1.4227874598964383,0.7170194727628887,8.547038078308105,8.455940246582031,8.459354400634766,training,8.455940246582031,0.09109783172607422,0.0,0,9,25,1.0367271900177002
259,guarino,superspike,7.991294433024373,polyak,0.0007217891489257808,False,,0.3924823734494161,0.2781467454699711,0.4675315558225163,4.136493439668435,19.775352066585853,0.09807583655766743,nan,nan,0.5590528249740601,0.8405294418334961,0.8880577087402344,warmstart,0.5590528249740601,-0.28147661685943604,0.020761245674740504,8,9,25,1.3567407131195068
260,guarino,superspike,5.120396266342421,polyak,0.05747624097159079,True,,1.4418907751225696,0.6806837756654053,0.41801716725987587,16.056076906368393,10.334767121298096,0.21133748641002506,nan,nan,0.5985202193260193,0.46339890360832214,18.86348533630371,training,0.46339890360832214,0.13512131571769714,-1.0,331,9,25,1.3473122119903564
261,guarino,superspike,3.4653652096592644,polyak,0.051455630233745164,False,,0.19182357652847454,0.34900422555545063,0.3641650885178855,5.209611488332676,7.170641944055135,0.006987318001407982,nan,nan,0.4526878595352173,0.5647814869880676,4174.50830078125,warmstart,0.4526878595352173,-0.11209362745285034,-0.49826989619377166,8,9,9,1.37247896194458
262,guarino,superspike,0.5295795674024375,polyak,6.706860977585305e-05,False,,0.4685817183030559,0.17820685648046553,0.059065012173471015,3.9915045646386402,13.655891517783875,0.18887562494177873,nan,nan,0.5021581053733826,0.40982919931411743,0.41077181696891785,training,0.40982919931411743,0.09232890605926514,0.30555555555555564,9,9,25,1.4896252155303955
263,guarino,superspike,2.109539880414942,polyak,0.000514345846888141,False,,1.0287456714357357,0.8409444672987795,0.39583264666953993,12.927289820026726,11.228551187327252,0.009325254002409111,nan,nan,0.7506242990493774,1.5438464879989624,1.6068626642227173,warmstart,0.7506242990493774,-0.793222188949585,0.007142857142857149,11,9,25,1.2791979312896729
264,van_rossum,superspike,4.939965106251694,polyak,0.00045182400403558277,False,,0.7052734098045244,0.2903092567076704,nan,nan,nan,nan,5.5885297090171155,0.6855922324379105,7.160641670227051,6.965893745422363,7.486484479213568e+16,training,6.965893745422363,0.1947479248046875,0.0,0,9,3,1.0927588939666748
265,van_rossum,superspike,17.199217426029687,polyak,0.0010798828667525756,False,,1.0581739968518664,0.23626757727833037,nan,nan,nan,nan,3.029201218385252,0.42401709815696786,5.87296199798584,5.977144718170166,6.902545928955078,warmstart,5.87296199798584,-0.10418272018432617,0.4982456140350877,6,9,25,1.0799200534820557
266,guarino,superspike,6.767300159426932,polyak,2.1172391938940636e-05,False,,0.7049480911865503,0.02821953217732831,0.35415949631700416,7.530491462944322,19.035803468010744,0.0972372643804258,nan,nan,0.6684912443161011,0.9585217237472534,0.958521842956543,warmstart,0.6684912443161011,-0.29003047943115234,-0.5625,9,9,25,1.273848056793213
267,guarino,superspike,0.7780787753002898,polyak,0.09911972079344912,True,,0.0028945618100091886,0.9529287906260143,0.058990965903415696,8.95313638553614,14.632074133442462,0.27437977331152846,nan,nan,0.9562125205993652,1.2852224111557007,1.7097642421722412,warmstart,0.9562125205993652,-0.32900989055633545,0.1319444444444445,9,9,25,1.3099291324615479
268,van_rossum,superspike,1.2797664241772007,polyak,3.713917815820738e-05,True,,0.9949729190590502,0.51585943798612,nan,nan,nan,nan,7.741884226838814,0.9246191784832176,6.83635139465332,6.711994171142578,6.713542461395264,training,6.711994171142578,0.12435722351074219,0.7128027681660901,8,9,25,1.378471851348877
269,van_rossum,superspike,6.733170102164752,polyak,0.0013224524649661981,False,,1.0027414354865258,0.812905347695761,nan,nan,nan,nan,31.418742597630267,0.5470162282063336,3.3748695850372314,3.2219042778015137,3.2383882999420166,training,3.2219042778015137,0.15296530723571777,1.0,9,9,25,2.9445912837982178
270,guarino,superspike,3.388139557879409,polyak,0.0015114720990817277,False,,0.9906917179656854,0.4305023101095705,0.1480267813476197,17.469999185863642,7.574016477522273,0.2768830259520524,nan,nan,0.3593982756137848,0.39530232548713684,0.4331841468811035,warmstart,0.3593982756137848,-0.03590404987335205,-0.04166666666666662,9,9,25,1.3532888889312744
271,van_rossum,superspike,4.344626019819737,polyak,0.001098158868492218,True,,0.7456359927098972,0.26354966267699054,nan,nan,nan,nan,3.8213510776159727,0.6491015991871399,8.830193519592285,7.890161514282227,7.890161514282227,training,7.890161514282227,0.9400320053100586,0.0,0,9,25,1.177196741104126
272,van_rossum,superspike,12.928180766672213,polyak,6.90307580349328e-05,False,,0.13669716813957394,0.8757460163596469,nan,nan,nan,nan,3.175065530786672,0.4254226298337358,5.5029706954956055,6.482179641723633,6.48259973526001,warmstart,5.5029706954956055,-0.9792089462280273,0.36678200692041524,8,9,25,1.2139818668365479
273,van_rossum,superspike,0.7392517419938825,polyak,0.0003835917095808175,False,,0.19459216035735832,0.6947983112487609,nan,nan,nan,nan,2.919175172998547,0.3448658031252978,6.428142070770264,6.219985485076904,6.220569133758545,training,6.219985485076904,0.20815658569335938,0.3928571428571429,5,9,25,1.0808320045471191
274,van_rossum,superspike,3.42818723530905,polyak,6.136479691562151e-05,False,,0.11454270520891385,0.20230861884209816,nan,nan,nan,nan,1.2389665047892517,0.13939738312098882,5.379344463348389,5.25459098815918,5.254598617553711,training,5.25459098815918,0.12475347518920898,0.0,0,9,25,0.977790117263794
275,guarino,superspike,0.6517090848480742,polyak,7.594939539102888e-05,False,,1.4856632683879833,0.9962650629391334,0.4908297565059296,9.038641339706224,2.5329271898786354,0.09707203117480005,nan,nan,0.8354591131210327,1.587624430656433,1.5876661539077759,warmstart,0.8354591131210327,-0.7521653175354004,-0.10526315789473688,10,9,25,1.2866771221160889
276,van_rossum,superspike,1.8667691397982669,polyak,0.025554737427885475,True,,0.361465740394676,0.5383934900866247,nan,nan,nan,nan,2.055166473540182,0.495300616385842,6.098498821258545,6.412631034851074,8.927811622619629,warmstart,6.098498821258545,-0.3141322135925293,1.0,9,9,25,1.162322759628296
277,guarino,superspike,4.021343621114269,polyak,0.0015597513397241879,True,,0.6791576176692267,0.08773778308263547,0.3745715656657485,5.212245819159641,4.6743218367045625,0.09446354348325091,nan,nan,0.48260635137557983,1.2392971515655518,1.2392971515655518,warmstart,0.48260635137557983,-0.7566908001899719,0.7128027681660901,8,9,1,1.2797138690948486
278,van_rossum,superspike,3.29174243130555,polyak,0.0002631723649410798,True,,0.9605625148764978,0.5461394934009635,nan,nan,nan,nan,1.6244484952223945,0.39272541391242954,6.691136360168457,6.607357025146484,6.607357025146484,training,6.607357025146484,0.08377933502197266,0.0,0,9,25,1.059988021850586
279,guarino,superspike,15.146598979928719,polyak,0.0008360640762434799,True,,0.3622344095472103,0.2650772885749719,0.21502587781308546,14.632871120836718,19.04245781511508,0.20071122903708963,nan,nan,0.4552193284034729,0.6184192895889282,26.69273567199707,warmstart,0.4552193284034729,-0.16319996118545532,-0.38888888888888884,9,9,25,1.313629150390625
280,guarino,superspike,9.56627957339812,polyak,0.07366810735707593,False,,1.0554871512834167,0.16155072645119373,0.3137616298282689,3.25676533881599,15.9936987575096,0.08439455216216488,nan,nan,0.5340806841850281,1.1056803464889526,1214727.5,warmstart,0.5340806841850281,-0.5715996623039246,0.1319444444444445,9,9,25,1.271892786026001
281,guarino,superspike,0.5566016305819057,polyak,0.0004230508527564082,False,,0.8609763122287329,0.15624123976064241,0.252812049740324,8.019949877443803,6.209845643574598,0.21878137315811677,nan,nan,0.71209716796875,2.26884126663208,2.290400743484497,warmstart,0.71209716796875,-1.55674409866333,0.08333333333333325,7,9,25,1.3616631031036377
282,van_rossum,superspike,0.7256043569365007,polyak,0.011461772746718129,False,,1.2538816213752635,0.18645529319457765,nan,nan,nan,nan,2.3579583390742154,0.3232072894927829,3.3208608627319336,6.635132789611816,6.918125152587891,warmstart,3.3208608627319336,-3.314271926879883,0.6527777777777778,9,9,25,1.231428861618042
283,van_rossum,superspike,1.5450395858036792,polyak,0.04262464219174646,True,,1.0680015402480771,0.727873713022602,nan,nan,nan,nan,35.901476895619666,0.5185805923513536,3.905282735824585,5.016597747802734,5.016597747802734,warmstart,3.905282735824585,-1.1113150119781494,-0.04166666666666662,9,9,1,2.6249327659606934
284,van_rossum,superspike,12.163142711871235,polyak,0.00018704151798587803,True,,0.7253249736461148,0.9510448541728894,nan,nan,nan,nan,22.705861090935723,0.8870390203305527,7.004539489746094,6.516512393951416,6.525883674621582,training,6.516512393951416,0.48802709579467773,0.36678200692041524,8,9,25,2.5511701107025146
285,van_rossum,superspike,7.418210421545576,polyak,0.003215621653863253,False,,0.7654888756136012,0.5093003132248218,nan,nan,nan,nan,1.0829425696211314,0.5030458048276777,7.286178112030029,7.3180928230285645,7.3180928230285645,warmstart,7.286178112030029,-0.031914710998535156,0.0,0,9,25,0.9843738079071045
286,guarino,superspike,2.8774843422202245,polyak,0.00010491452009391332,False,,0.04686146848597472,0.6904081087789521,0.24578948788197946,8.89788566913245,5.749748326541669,0.16134911969940513,nan,nan,0.30368542671203613,0.635562002658844,0.6374446153640747,warmstart,0.30368542671203613,-0.33187657594680786,-0.38888888888888884,9,9,25,1.3026080131530762
287,guarino,superspike,1.0744687552307246,polyak,0.0012448856978530686,True,,1.2900097470939058,0.39635983396242025,0.33744000009579683,5.728714834809701,1.3687168593863326,0.12124636068398281,nan,nan,0.12527786195278168,0.16816307604312897,2112758.0,warmstart,0.12527786195278168,-0.04288521409034729,1.0,9,9,25,1.3016610145568848
288,van_rossum,superspike,3.881575142950506,polyak,0.0027992482655998293,True,,1.4787798006634916,0.653987199751117,nan,nan,nan,nan,33.65603413397411,0.725750234719247,5.2284369468688965,5.3525896072387695,34.706626892089844,warmstart,5.2284369468688965,-0.12415266036987305,0.7128027681660901,8,9,25,3.0510659217834473
289,guarino,superspike,0.6463846065101908,polyak,0.000939678951647083,False,,1.0855175048620411,0.5523585814504327,0.4261482578989141,6.316119984755009,10.863674899061674,0.03524390577316331,nan,nan,0.6010215878486633,0.8026601672172546,0.8128300905227661,warmstart,0.6010215878486633,-0.2016385793685913,-0.2807017543859649,10,9,25,1.2708921432495117
290,guarino,superspike,7.841465071926363,polyak,0.010100076004713104,True,,0.2850913299121967,0.06162399837761201,0.25196287269749795,4.847221559646376,14.286145371264823,0.1070078398966263,nan,nan,0.3234977424144745,0.34209632873535156,19.016677856445312,warmstart,0.3234977424144745,-0.018598586320877075,-0.5625,9,9,25,1.3350000381469727
291,van_rossum,superspike,6.2463064841926075,polyak,5.332345380200363e-05,False,,0.5016943383078281,0.1528132640522074,nan,nan,nan,nan,2.3500348546449676,0.8727502584378894,9.875777244567871,9.794731140136719,15205.869140625,training,9.794731140136719,0.08104610443115234,0.05533596837944664,2,9,25,1.1008529663085938
292,guarino,superspike,8.656804572293403,polyak,1.856312357690253e-05,True,,0.25780404634702736,0.38430665910395756,0.44066967193808054,11.202998829951488,13.45083015013852,0.23490385063705277,nan,nan,0.4798491299152374,0.9798264503479004,12610.4228515625,warmstart,0.4798491299152374,-0.49997732043266296,-0.5625,9,9,25,1.5412230491638184
293,guarino,superspike,1.0294561576631505,polyak,0.015878145311534312,False,,0.22474924903845894,0.18675475571140332,0.2888403808712313,17.07744905755477,2.3423635996511014,0.00914427273739482,nan,nan,0.45206859707832336,0.7231041193008423,0.7454360723495483,warmstart,0.45206859707832336,-0.2710355222225189,-0.5625,9,9,25,1.2683029174804688
294,van_rossum,superspike,6.277266532095889,polyak,0.0011150377109530316,True,,0.6343742145643121,0.8155027559254567,nan,nan,nan,nan,22.25451670158059,0.7569363359425592,5.493481159210205,6.688628673553467,9.497523307800293,warmstart,5.493481159210205,-1.1951475143432617,0.4210526315789474,10,9,25,2.4997737407684326
295,guarino,superspike,11.78999360622924,polyak,0.00014335509232987797,True,,0.011022208596394023,0.35536443232023773,0.32698251264116807,3.4653866113744005,18.035531330801245,0.04688219313512377,nan,nan,0.5284749865531921,0.2088659703731537,14.110819816589355,training,0.2088659703731537,0.31960901618003845,0.0,0,9,25,1.319586992263794
296,guarino,superspike,4.405686333363861,polyak,0.017310786866990505,False,,0.6044441126557586,0.4448357592818618,0.31517946664908264,11.12777149094076,14.073172928924134,0.14153571604890797,nan,nan,0.4579930603504181,1.2189422845840454,2040357.375,warmstart,0.4579930603504181,-0.7609492242336273,-0.2807017543859649,10,9,25,1.3131699562072754
297,guarino,superspike,16.02796960788318,polyak,0.0032343302335222307,False,,1.197059251908028,0.25858987104909514,0.4188823431270619,1.058160992417766,12.773869880578635,0.2804271453137337,nan,nan,2.2223873138427734,2.271883249282837,4031805.75,warmstart,2.2223873138427734,-0.04949593544006348,0.8858131487889275,8,9,3,1.2438812255859375
298,van_rossum,superspike,1.0516419809359008,polyak,0.0015990338669976821,False,,0.08820158673524647,0.7414468065877132,nan,nan,nan,nan,26.744326120758856,0.9203623612948049,7.734861850738525,6.533383846282959,6.582911968231201,training,6.533383846282959,1.2014780044555664,0.6527777777777778,9,9,25,2.67980694770813
299,guarino,superspike,0.5481983781622838,polyak,0.0011093815981360357,True,,0.19114000660889946,0.12461025407954063,0.30584608477240627,5.45161641542655,14.874060967752603,0.28489061645302494,nan,nan,0.28426632285118103,0.31149932742118835,33.420654296875,warmstart,0.28426632285118103,-0.027233004570007324,0.1319444444444445,9,9,25,1.3443210124969482
300,van_rossum,superspike,0.6056211479223442,polyak,0.03714716514667592,True,,1.0373312206611278,0.952200725408912,nan,nan,nan,nan,3.414161131704442,0.48615830920162084,6.576990604400635,4.9963579177856445,7.081539154052734,training,4.9963579177856445,1.5806326866149902,0.07017543859649122,10,9,25,1.0934157371520996
301,guarino,superspike,2.887238826618065,polyak,0.002265077843692964,False,,0.6479490854716176,0.284005816335823,0.10347239401791168,10.728796735805636,4.147028539234563,0.177161222575717,nan,nan,0.727362871170044,0.4628776013851166,59.29310607910156,training,0.4628776013851166,0.26448526978492737,-1.0,36,9,25,1.2869482040405273
302,van_rossum,superspike,1.1469806764542592,polyak,0.000769858867798521,False,,1.2630293044863912,0.9152772055266487,nan,nan,nan,nan,3.2749924723276584,0.15424362209507125,4.755446910858154,4.725809574127197,4.839066505432129,training,4.725809574127197,0.02963733673095703,0.25694444444444436,7,9,25,1.1272270679473877
303,guarino,superspike,2.5259842573896605,polyak,5.2646365371832186e-05,False,,0.2355169862276878,0.7783025947510613,0.4091035346980637,15.185418317047311,1.369032973116068,0.08193996378200206,nan,nan,0.43102335929870605,0.4855392575263977,0.4855392575263977,warmstart,0.43102335929870605,-0.05451589822769165,0.8263888888888888,9,9,25,1.5087270736694336
304,guarino,superspike,0.6063577351701451,polyak,0.009331622556437352,False,,0.22597913614936943,0.2570200156484578,0.39885496348694666,11.15961763103149,1.2654816689507888,0.0006705614242191405,nan,nan,0.7990119457244873,1.4003229141235352,1.4003229141235352,warmstart,0.7990119457244873,-0.6013109683990479,0.007142857142857149,11,9,25,1.3494353294372559
305,guarino,superspike,0.9957461781754607,polyak,3.567951575560913e-05,False,,0.04474816201947762,0.30812696203626844,0.4558796105818074,16.795880391777537,8.068071377673519,0.17275008557454113,nan,nan,0.8799003958702087,0.9090675115585327,0.9090675115585327,warmstart,0.8799003958702087,-0.029167115688323975,-0.04166666666666662,9,9,25,1.2872838973999023
306,guarino,superspike,12.74795558380219,polyak,0.04445806846156661,False,,0.16445301865282558,0.4580585416184314,0.22160700571443762,10.29782473584437,11.539670957114867,0.00607762800532382,nan,nan,0.48473671078681946,0.4960593581199646,11.192922592163086,warmstart,0.48473671078681946,-0.011322647333145142,0.19377162629757788,8,9,25,1.3115651607513428
307,guarino,superspike,4.3119579608176855,polyak,1.5127446094669177e-05,True,,0.6313675492059232,0.4147542241619748,0.1972268863141576,19.41772388527314,4.323422102643658,0.04539234644256335,nan,nan,0.7031621932983398,0.13611631095409393,11.561134338378906,training,0.13611631095409393,0.5670458823442459,0.5397923875432526,8,9,25,1.323862075805664
308,guarino,superspike,0.5805662092109154,polyak,0.0009607621786581552,True,,0.9818549494184727,0.5363197772226286,0.157025923196806,16.741442017090396,19.432593713526565,0.1377588287076196,nan,nan,0.16702038049697876,0.7715893387794495,0.7715893387794495,warmstart,0.16702038049697876,-0.6045689582824707,-0.5625,9,9,1,1.2909669876098633
309,guarino,superspike,1.4487144898811535,polyak,0.0013629494093163707,True,,1.2756467767295494,0.9961272576386072,0.09824488063706328,6.156374523675704,7.79436599423844,0.14367552234300152,nan,nan,0.678583025932312,0.36053016781806946,0.3637559711933136,training,0.36053016781806946,0.31805285811424255,1.0,9,9,25,1.3095078468322754
310,van_rossum,superspike,0.8096019435440087,polyak,0.0003889522917668487,False,,0.6174835426946041,0.18771592244975877,nan,nan,nan,nan,19.272723979128436,0.3214006801424768,2.7540507316589355,3.162766218185425,3.3716464042663574,warmstart,2.7540507316589355,-0.40871548652648926,0.07017543859649122,10,9,25,2.352832078933716
311,guarino,superspike,1.5040164862151526,polyak,0.011291413960140174,True,,0.1271621141583671,0.41379980988414755,0.3980206796623178,17.160676928148085,14.933552118903664,0.1673660035499232,nan,nan,0.23602625727653503,0.6380422711372375,1.4280202388763428,warmstart,0.23602625727653503,-0.4020160138607025,-0.5625,9,9,25,1.3310878276824951
312,van_rossum,superspike,2.9534561949195535,polyak,0.001029521460050548,True,,0.1350825566732396,0.6662171653053798,nan,nan,nan,nan,29.56489263593157,0.1414312880258628,2.082797050476074,1.6808544397354126,1.6898685693740845,training,1.6808544397354126,0.4019426107406616,0.30555555555555564,9,9,25,2.845064878463745
313,guarino,superspike,18.578431854048368,polyak,0.00010209468701520093,False,,0.4256371437089007,0.07048950535691911,0.35747447653307357,1.0309861049674325,13.83922171965082,0.07511297969694693,nan,nan,1.3595269918441772,1.5193452835083008,1.5193452835083008,warmstart,1.3595269918441772,-0.15981829166412354,0.08333333333333325,7,9,25,1.3826706409454346
314,van_rossum,superspike,1.3750441697369562,polyak,0.017951725479176995,False,,0.24059520758412084,0.6605836755045515,nan,nan,nan,nan,19.17640387680146,0.03716066181935718,0.7571410536766052,1.0848603248596191,2.1101505756378174,warmstart,0.7571410536766052,-0.3277192711830139,-0.04166666666666662,9,9,25,2.5645511150360107
315,van_rossum,superspike,1.010162255903202,polyak,0.019297299856744367,True,,0.7338436007849851,0.07533066244570341,nan,nan,nan,nan,14.182012272272154,0.7906014890556002,6.614478588104248,6.660258769989014,30.704500198364258,warmstart,6.614478588104248,-0.045780181884765625,0.36678200692041524,8,9,25,1.8785860538482666
316,guarino,superspike,13.015844833249929,polyak,8.745971706520981e-05,True,,0.7451066710770964,0.729818921063804,0.14122478955320747,5.015456071977587,19.58281206770711,0.1303831082211618,nan,nan,0.4256533980369568,0.4468708634376526,0.4666306972503662,warmstart,0.4256533980369568,-0.0212174654006958,-0.38888888888888884,9,9,25,1.3663358688354492
317,van_rossum,superspike,6.611311433763489,polyak,0.00019378344787551865,True,,0.32669750283047233,0.10638064931096758,nan,nan,nan,nan,45.033192250187625,0.8641386768205322,6.269721508026123,5.535022258758545,5891.275390625,training,5.535022258758545,0.7346992492675781,-1.0,180,9,12,3.2220559120178223
318,guarino,superspike,2.5968370205345597,polyak,0.0011187825429770694,True,,0.3230357512191067,0.9386106707732477,0.3373660383487437,18.0924124902834,3.0761521546223536,0.18685528975685245,nan,nan,1.0671961307525635,1.1172983646392822,1.1237220764160156,warmstart,1.0671961307525635,-0.05010223388671875,0.4210526315789474,10,9,25,1.3332810401916504
319,guarino,superspike,1.3600890461112656,polyak,0.003926894137910471,True,,0.5105456672095949,0.6897519659404748,0.12913238717645267,5.197629382045335,4.812665882845431,0.0002778320194214756,nan,nan,0.5177967548370361,0.5394388437271118,11.59000015258789,warmstart,0.5177967548370361,-0.021642088890075684,0.19377162629757788,8,9,2,1.3162288665771484
320,van_rossum,superspike,2.7660024686738964,polyak,0.02385910709871105,False,,1.2039689120896366,0.12624143656628217,nan,nan,nan,nan,1.6271772379509957,0.41673225389404467,6.810031890869141,6.667851448059082,6.694578647613525,training,6.667851448059082,0.1421804428100586,0.0,0,9,25,0.9984571933746338
321,van_rossum,superspike,2.6763178649227926,polyak,2.149468568108089e-05,False,,0.612775005203782,0.8108987523339602,nan,nan,nan,nan,3.7864744907322816,0.8748972004725892,10.27934741973877,8.876415252685547,8.877846717834473,training,8.876415252685547,1.4029321670532227,0.24561403508771928,10,9,25,1.106226921081543
322,van_rossum,superspike,0.754020878876788,polyak,3.3848635409828315e-05,False,,0.11632751139219955,0.8746354118429396,nan,nan,nan,nan,40.181233231845894,0.046561151728786276,0.5587007403373718,1.1597955226898193,1.1597955226898193,warmstart,0.5587007403373718,-0.6010947823524475,-0.32525951557093424,8,9,25,3.2857069969177246
323,van_rossum,superspike,7.348872777046139,polyak,0.0007700080329256764,True,,1.0905236119025568,0.8545268680421961,nan,nan,nan,nan,4.78085029652289,0.6685854458209842,8.091582298278809,7.6119794845581055,8.036364555358887,training,7.6119794845581055,0.4796028137207031,-0.02807017543859652,6,9,25,1.170504093170166
324,van_rossum,superspike,1.983742093977163,polyak,3.432071109740943e-05,False,,0.4454081067265841,0.08644741326880623,nan,nan,nan,nan,5.333097433890639,0.16735726931104888,4.042200565338135,4.097092628479004,4.097092628479004,warmstart,4.042200565338135,-0.05489206314086914,0.24561403508771928,10,9,25,1.18868088722229
325,guarino,superspike,1.7836355922053797,polyak,0.002298671063141197,False,,0.22292975441535567,0.44679634469056895,0.2943800127096118,6.079321574693877,12.636464791457186,0.021048029845562952,nan,nan,0.5506182312965393,0.7669317722320557,0.7818397283554077,warmstart,0.5506182312965393,-0.21631354093551636,0.020761245674740504,8,9,25,1.406041145324707
326,guarino,superspike,1.7737641353512419,polyak,8.845117488278402e-05,True,,1.3639519734604058,0.7459443559358149,0.35680987116418883,1.9411638992706404,3.4928942535997405,0.19150198914289884,nan,nan,0.6042195558547974,0.6422393321990967,3.4957735538482666,warmstart,0.6042195558547974,-0.038019776344299316,0.19377162629757788,8,9,25,1.5403060913085938
327,guarino,superspike,4.8713239097801955,polyak,0.029891033657070305,True,,0.29500923943244445,0.5298006109074711,0.21384876300888878,10.168211573664397,18.558368330700095,0.16346749615940614,nan,nan,0.8425707221031189,0.9535242319107056,23.66347885131836,warmstart,0.8425707221031189,-0.11095350980758667,-0.5625,9,9,25,1.3094851970672607
328,guarino,superspike,3.2488783845817077,polyak,0.0005670591494273508,True,,0.4087328881757985,0.6588167668174209,0.3063402909408927,5.072563302007879,14.47884538616517,0.19322605720099215,nan,nan,0.8057911396026611,1.1691662073135376,1.3115986585617065,warmstart,0.8057911396026611,-0.36337506771087646,-0.5625,9,9,25,1.346128225326538
329,guarino,superspike,1.382300823655814,polyak,0.004187602729769323,True,,1.4964728911822656,0.9163020339149811,0.31338945706348564,19.37199563406368,17.49232859421792,0.0956695556521461,nan,nan,0.3229183852672577,0.5200322866439819,0.6086932420730591,warmstart,0.3229183852672577,-0.19711390137672424,0.47916666666666674,9,9,25,1.311141014099121
330,van_rossum,superspike,1.6030644773515763,polyak,5.318850961461459e-05,True,,0.2812971698583125,0.479213264641949,nan,nan,nan,nan,27.016916720477244,0.7580017651333465,5.605847358703613,4.723134517669678,19.923460006713867,training,4.723134517669678,0.8827128410339355,0.05333333333333338,16,9,25,2.75115966796875
331,guarino,superspike,4.484555072723083,polyak,0.0005558864445658573,False,,0.7762578665903237,0.680966600125159,0.2784689795899058,18.87160896518361,9.132535450052037,0.004774890911913276,nan,nan,0.6638767719268799,0.6706746220588684,1.5331059694290161,warmstart,0.6638767719268799,-0.006797850131988525,-0.04166666666666662,9,9,25,1.2717597484588623
332,guarino,superspike,6.71230901160333,polyak,0.00044169553641079646,True,,0.6032536487194831,0.17892478565644976,0.23629431931491818,15.949509542433235,18.270487105447796,0.17808395739538962,nan,nan,0.7040198445320129,2.3535661697387695,24.60521125793457,warmstart,0.7040198445320129,-1.6495463252067566,0.020761245674740504,8,9,25,1.318786859512329
333,guarino,superspike,0.7870033106198023,polyak,4.207589777555796e-05,False,,0.6374725533319212,0.2749316919703817,0.24308380219406872,8.501976961312014,6.727771691772323,0.04136987472358959,nan,nan,0.8280227184295654,0.8287993669509888,0.828801691532135,warmstart,0.8280227184295654,-0.0007766485214233398,0.020761245674740504,8,9,25,1.3107638359069824
334,guarino,superspike,0.6885602206490317,polyak,0.06284794513124323,False,,0.6945702101288711,0.6302354949729884,0.060467198054795494,6.295493430570458,10.602555436628338,0.2658654940168212,nan,nan,0.9441452026367188,0.6108484864234924,0.6108484864234924,training,0.6108484864234924,0.3332967162132263,0.1319444444444445,9,9,25,1.2994358539581299
335,guarino,superspike,5.209710328656335,polyak,0.0005416004568766354,True,,1.0438181523424133,0.5844710947114898,0.2836912583370614,11.533972351473588,5.216112279582648,0.20412931832773687,nan,nan,0.5220181941986084,0.8147462606430054,7452.90087890625,warmstart,0.5220181941986084,-0.292728066444397,-0.38888888888888884,9,9,25,1.3069281578063965
336,van_rossum,superspike,11.309522741661285,polyak,2.7303431075827933e-05,True,,1.0425575817148773,0.3938347561850223,nan,nan,nan,nan,49.9442556373584,0.2250236296846524,1.5779781341552734,2.431319236755371,2.431319236755371,warmstart,1.5779781341552734,-0.8533411026000977,-0.38888888888888884,9,9,25,3.9113259315490723
337,van_rossum,superspike,13.269706756247931,polyak,0.014776874585940817,True,,0.43273890471292153,0.17988646470252778,nan,nan,nan,nan,31.070351084418974,0.7101669404986963,7.51678466796875,3.3090391159057617,17.256471633911133,training,3.3090391159057617,4.207745552062988,-0.5625,9,9,25,3.220278024673462
338,guarino,superspike,2.087356929686041,polyak,0.05816938032384787,False,,0.4859693201277246,0.8149022590520024,0.38697215021075515,13.690553531112188,18.48760898624113,0.12237737831440262,nan,nan,0.6918811202049255,0.980735182762146,1.010979175567627,warmstart,0.6918811202049255,-0.28885406255722046,-0.5625,9,9,25,1.2957649230957031
339,guarino,superspike,2.9916130472645244,polyak,0.007356334720743174,False,,1.1365747812189813,0.6297877747249184,0.4044031531428669,5.7672829486233335,12.989534749927861,0.046120583846652574,nan,nan,0.5889759063720703,0.6119309067726135,15.049986839294434,warmstart,0.5889759063720703,-0.022955000400543213,0.47916666666666674,9,9,25,1.314471960067749
340,guarino,superspike,18.841239338454113,polyak,0.001336653769164299,True,,1.201007729939131,0.5951809731891021,0.4023897417153467,13.456288571750457,14.131508276213046,0.06834334532591521,nan,nan,0.5680659413337708,0.7287340760231018,0.8096091747283936,warmstart,0.5680659413337708,-0.16066813468933105,0.1319444444444445,9,9,25,1.3382768630981445
341,guarino,superspike,1.8930318917441102,polyak,0.00722038981146319,False,,0.23860763224125336,0.48635842326661893,0.15966353940472708,5.4775011558116375,1.175539506951741,0.11113487735938439,nan,nan,0.6074936985969543,0.649389386177063,1598363.875,warmstart,0.6074936985969543,-0.04189568758010864,0.5397923875432526,8,9,25,1.292067050933838
342,van_rossum,superspike,4.281900513945914,polyak,0.00044452776915639413,True,,0.6976528926961438,0.20827999443580514,nan,nan,nan,nan,23.95313249586335,0.9140047054509676,8.34744930267334,8.448766708374023,5559.970703125,warmstart,8.34744930267334,-0.1013174057006836,0.07017543859649122,10,9,25,2.6159989833831787
343,van_rossum,superspike,1.006456211944393,polyak,0.04759788961270031,False,,0.01031701655149958,0.8549451286305332,nan,nan,nan,nan,15.692198507554117,0.3553598703559985,4.32274055480957,3.4949746131896973,4.4921040534973145,training,3.4949746131896973,0.827765941619873,0.24561403508771928,10,9,25,1.985109806060791
344,guarino,superspike,5.767929594021031,polyak,0.011680087095420061,False,,0.2499542145427116,0.04385828341791598,0.24781431888560243,15.706457633856305,13.36481687590871,0.21056451612437738,nan,nan,0.17968933284282684,0.318839430809021,219516.390625,warmstart,0.17968933284282684,-0.13915009796619415,-0.38888888888888884,9,9,25,1.3474369049072266
345,guarino,superspike,3.239553283334485,polyak,0.0008847890445712659,False,,0.6561669007498754,0.9194733085100913,0.4279703423887347,17.70315557349613,12.960814856665314,0.19050237475824192,nan,nan,0.29554352164268494,0.40334847569465637,0.40335243940353394,warmstart,0.29554352164268494,-0.10780495405197144,0.1319444444444445,9,9,25,1.2904880046844482
346,van_rossum,superspike,0.5933953095015931,polyak,0.0012565523922966905,True,,0.9224816444244677,0.1981712296224356,nan,nan,nan,nan,33.252157292169834,0.190095771748375,2.4039225578308105,1.7041523456573486,4.369443893432617,training,1.7041523456573486,0.6997702121734619,0.6527777777777778,9,9,25,3.0212290287017822
347,guarino,superspike,19.918388106386534,polyak,8.291046387047535e-05,True,,0.23867662063570916,0.9802446252759475,0.15148555622738819,9.012082540888253,11.612717268590224,0.036085714546828,nan,nan,0.35771822929382324,0.4070872366428375,0.4091459810733795,warmstart,0.35771822929382324,-0.04936900734901428,0.30555555555555564,9,9,25,1.433168888092041
348,van_rossum,superspike,0.9061699321228496,polyak,0.0001615120902351959,False,,0.2173712352875098,0.9219213207742897,nan,nan,nan,nan,7.438651713636047,0.6235751477026844,5.477133750915527,5.72947883605957,5.96138858795166,warmstart,5.477133750915527,-0.25234508514404297,0.36678200692041524,8,9,25,1.316932201385498
349,van_rossum,superspike,18.8755711428012,polyak,7.821505457081562e-05,False,,0.2242676092340084,0.3499992327079726,nan,nan,nan,nan,16.54586188865998,0.17446214376057456,2.470782995223999,1.2675185203552246,28104.03125,training,1.2675185203552246,1.2032644748687744,1.0,9,9,25,2.3086109161376953
350,van_rossum,superspike,15.873674588636897,polyak,0.0001451714911318534,False,,0.6183459745315453,0.7588642402592863,nan,nan,nan,nan,3.8360164433225514,0.36435707133517936,5.112234115600586,5.121554851531982,5.121554851531982,warmstart,5.112234115600586,-0.009320735931396484,0.14736842105263157,6,9,25,1.1057748794555664
351,van_rossum,superspike,1.4820624610867577,polyak,1.2336756428516785e-05,True,,1.2382032498984294,0.4505398055116595,nan,nan,nan,nan,1.9047184659144287,0.2880820729356409,6.226633071899414,6.153177261352539,6.156955718994141,training,6.153177261352539,0.073455810546875,0.0,0,9,25,1.0771081447601318
352,guarino,superspike,15.244211926017087,polyak,0.002546068833382738,False,,1.150052381148429,0.05377470956855546,0.2777666700382678,12.82996380753508,6.829842957583963,0.12949506243037578,nan,nan,0.6916490197181702,0.7673637866973877,2.1467453259419484e+18,warmstart,0.6916490197181702,-0.07571476697921753,0.020761245674740504,8,9,4,1.2661471366882324
353,van_rossum,superspike,1.5101577248005014,polyak,5.020437779043519e-05,True,,0.7166283830294307,0.8745055991131784,nan,nan,nan,nan,7.072069666954015,0.05539206171529765,2.2012360095977783,2.1843388080596924,2.184364080429077,training,2.1843388080596924,0.016897201538085938,0.47916666666666674,9,9,25,1.3224992752075195
354,van_rossum,superspike,1.696435767804079,polyak,0.021866418239639158,True,,1.3438552769638261,0.4833350132161367,nan,nan,nan,nan,33.06516117869697,0.2768032873910471,3.3941328525543213,3.3435726165771484,17.64368438720703,training,3.3435726165771484,0.05056023597717285,0.0,0,9,2,2.5214219093322754
355,guarino,superspike,4.399804539947504,polyak,0.0006620966501687781,False,,1.4868000461643767,0.9395250399796778,0.1065439880768736,8.8870411067014,13.328091745878606,0.220047239258981,nan,nan,0.32718542218208313,0.6385143399238586,0.6385685205459595,warmstart,0.32718542218208313,-0.3113289177417755,-0.04166666666666662,9,9,25,1.2885410785675049
356,van_rossum,superspike,0.5943438397091092,polyak,4.98387190147647e-05,True,,0.07274187340794969,0.19211422424921132,nan,nan,nan,nan,1.0168955967399744,0.5042103016788663,7.662233352661133,7.927736759185791,8.073352813720703,warmstart,7.662233352661133,-0.2655034065246582,0.25296442687747034,2,9,25,1.0063459873199463
357,van_rossum,superspike,0.5435794772884193,polyak,0.0013240381324861814,False,,0.8587343636831701,0.60841674654393,nan,nan,nan,nan,14.38919128380338,0.12240884773046701,1.8298758268356323,2.5393619537353516,2.600060224533081,warmstart,1.8298758268356323,-0.7094861268997192,0.36678200692041524,8,9,25,1.8773789405822754
358,guarino,superspike,1.2917768486852408,polyak,4.8823795722878495e-05,True,,0.25534545088911553,0.45917703660615206,0.12655598252704256,1.3746599362182297,1.9896867244241099,0.2789653631858897,nan,nan,0.4549024999141693,0.5128701329231262,0.5128701329231262,warmstart,0.4549024999141693,-0.05796763300895691,0.30555555555555564,9,9,25,1.3170228004455566
359,guarino,superspike,2.6173681809557197,polyak,0.00031655896134247116,True,,0.439270258882063,0.12267346961198411,0.09606664850680524,11.656369885791369,2.8765322965576825,0.030879397138579078,nan,nan,0.8523576259613037,0.6397094130516052,1060.0836181640625,training,0.6397094130516052,0.2126482129096985,-1.0,190,9,25,1.3280589580535889
360,van_rossum,superspike,14.640542183036834,polyak,0.00042051122184066215,True,,0.6075400897514667,0.7124812837598667,nan,nan,nan,nan,11.61774125231307,0.18414018669340915,2.4602127075195312,2.462266683578491,37.287113189697266,warmstart,2.4602127075195312,-0.002053976058959961,0.7719298245614036,10,9,25,1.7423591613769531
361,guarino,superspike,2.7361329404218804,polyak,0.004095004065659033,False,,0.3021848433710163,0.10293904704739976,0.4198417083044152,10.106788971637929,2.180644498543667,0.07743644989486739,nan,nan,0.3604188561439514,1.3363268375396729,1.341054916381836,warmstart,0.3604188561439514,-0.9759079813957214,-0.5625,9,9,25,1.3157570362091064
362,van_rossum,superspike,5.515551994393411,polyak,0.0021891474999973615,False,,0.23229661714325384,0.8856629200453748,nan,nan,nan,nan,4.226845998549618,0.049738765521068484,2.6566858291625977,3.2580134868621826,3.2580134868621826,warmstart,2.6566858291625977,-0.601327657699585,0.24561403508771928,10,9,25,1.3902578353881836
363,van_rossum,superspike,11.92002326671844,polyak,0.0003369004946858268,True,,0.8660085046142239,0.7196840017403067,nan,nan,nan,nan,2.004717880546765,0.731393911774942,7.46195125579834,7.932494163513184,7.932494163513184,warmstart,7.46195125579834,-0.47054290771484375,0.0,0,9,25,1.0679712295532227
364,guarino,superspike,3.871092780907767,polyak,0.0001692486349559031,True,,0.9126755546906369,0.33210118784100473,0.25176099079780645,17.39061838930873,13.69516306032413,0.2287205519114149,nan,nan,0.6569394469261169,0.9490569233894348,28.555395126342773,warmstart,0.6569394469261169,-0.29211747646331787,0.36678200692041524,8,9,25,1.3477599620819092
365,van_rossum,superspike,7.277865001577498,polyak,0.00021967655222849598,False,,0.94834430563248,0.9986954925203827,nan,nan,nan,nan,3.165413985855092,0.18393445246901974,4.4666032791137695,4.483518123626709,4.483518123626709,warmstart,4.4666032791137695,-0.016914844512939453,0.5964912280701755,10,9,25,1.072230339050293
366,guarino,superspike,0.5795654515594776,polyak,0.04696453281401105,False,,0.6103289398722804,0.3281435160347943,0.08891788831042303,13.04948109250849,17.412674055011344,0.012345960015720091,nan,nan,0.7187215089797974,0.38171061873435974,0.595618486404419,training,0.38171061873435974,0.3370108902454376,0.47916666666666674,9,9,25,1.2918829917907715
367,van_rossum,superspike,7.737669736307505,polyak,9.705648461208035e-05,False,,0.5367150486230345,0.7756033922266312,nan,nan,nan,nan,15.166726336841066,0.6658537063562052,5.942680835723877,7.39833402633667,7.914364337921143,warmstart,5.942680835723877,-1.455653190612793,-0.5625,9,9,25,1.9273979663848877
368,van_rossum,superspike,0.64592107090846,polyak,0.007827769209902961,False,,1.1231062793235917,0.6661786521150226,nan,nan,nan,nan,2.2193089117625053,0.9132160585086049,8.811664581298828,9.045475959777832,11.558797836303711,warmstart,8.811664581298828,-0.2338113784790039,0.0,0,9,25,1.0150129795074463
369,guarino,superspike,1.912906137020411,polyak,0.018893628179227358,False,,0.11589904538048046,0.1421860130150272,0.4550836527971809,17.805464813985516,19.08481652525191,0.12835529019849712,nan,nan,0.5896495580673218,1.908724308013916,1.908724308013916,warmstart,0.5896495580673218,-1.3190747499465942,0.6527777777777778,9,9,1,1.2596158981323242
370,van_rossum,superspike,5.503628040418845,polyak,0.0053352818596797144,True,,0.3834416159536346,0.7215792442988508,nan,nan,nan,nan,2.331612457146409,0.8290382557516824,8.833027839660645,9.261281967163086,9.261281967163086,warmstart,8.833027839660645,-0.4282541275024414,0.0,0,9,25,1.0593609809875488
371,guarino,superspike,1.010602793065644,polyak,0.0006639320360941744,False,,0.8428167523395157,0.3876778482082255,0.49026660000011446,9.810514818204481,9.240964500062159,0.12349329506631705,nan,nan,1.030278205871582,1.0785470008850098,1.0807359218597412,warmstart,1.030278205871582,-0.048268795013427734,0.020761245674740504,8,9,25,1.2693018913269043
372,van_rossum,superspike,0.8584880009919851,polyak,0.0016255643875297049,False,,1.0940256674282094,0.35465557605636466,nan,nan,nan,nan,1.8951337391734837,0.22650558193117554,4.741148948669434,4.676894664764404,4.686270236968994,training,4.676894664764404,0.0642542839050293,0.8263888888888888,9,9,25,1.0008158683776855
373,guarino,superspike,0.5611487983371234,polyak,0.06914641643292609,False,,0.5301104646796371,0.3847946349957073,0.27024345466628596,15.923436424349243,1.1157153138274085,0.2797416154008224,nan,nan,0.7087153196334839,0.7017151713371277,2936089.5,training,0.7017151713371277,0.007000148296356201,-0.21527777777777773,9,9,21,1.256728172302246
374,guarino,superspike,5.664704265709953,polyak,0.0005101847102366818,False,,1.097509175201684,0.09184801608002957,0.42349399204319993,4.8795841531980795,18.93500458096973,0.046663739981180376,nan,nan,0.6720651984214783,0.6720682382583618,20.430965423583984,warmstart,0.6720651984214783,-3.039836883544922e-06,0.36678200692041524,8,9,25,1.4294610023498535
375,van_rossum,superspike,1.8321458906812582,polyak,0.0014112192837102881,True,,0.008775034010410854,0.5744621935391577,nan,nan,nan,nan,18.62044609914502,0.17455238357527125,2.296412229537964,2.22444224357605,1916849.375,training,2.22444224357605,0.07196998596191406,-1.0,3791,9,25,2.546232223510742
376,van_rossum,superspike,0.7521593319675497,polyak,2.6599274633108488e-05,True,,1.10991534477272,0.05520223320807116,nan,nan,nan,nan,23.756012528172906,0.7961487586478276,7.3264946937561035,6.249827861785889,7.5098466873168945,training,6.249827861785889,1.0766668319702148,0.4210526315789474,10,9,25,2.5572938919067383
377,guarino,superspike,6.208807727076356,polyak,3.2596104204848835e-05,True,,0.676424473325056,0.5730961413415162,0.49948845817625737,1.4925983337279387,1.0059739732376523,0.10511012841448439,nan,nan,1.5185538530349731,2.1496527194976807,224.21583557128906,warmstart,1.5185538530349731,-0.6310988664627075,-0.43750000000000006,7,9,25,1.3519690036773682
378,van_rossum,superspike,1.5841331742611295,polyak,0.004497302642291744,True,,0.355714294786638,0.32341925796080806,nan,nan,nan,nan,28.96304140238318,0.2505090360889951,2.2935867309570312,2.4886646270751953,2.4886646270751953,warmstart,2.2935867309570312,-0.19507789611816406,0.1319444444444445,9,9,25,2.815762758255005
379,guarino,superspike,5.034285754404335,polyak,0.031593393900702094,True,,0.25273907895810666,0.400024995784413,0.40368506965278217,12.238265807512317,2.9217210532244593,0.16115614629811,nan,nan,0.6926494836807251,0.9009631872177124,4769.046875,warmstart,0.6926494836807251,-0.2083137035369873,0.36678200692041524,8,9,25,1.3461170196533203
380,guarino,superspike,4.096882033543294,polyak,0.0005952210723282917,False,,0.37433577303983395,0.42942338302152816,0.35308483297777304,6.352310098473973,18.389669744577226,0.09190387115331174,nan,nan,1.0992517471313477,0.939414918422699,1321372.875,training,0.939414918422699,0.15983682870864868,0.07017543859649122,10,9,25,1.290235996246338
381,guarino,superspike,11.068229105571955,polyak,0.010201411527282829,False,,0.9100177728869607,0.3693902235197972,0.05047338765217466,19.274499086605307,11.442952445383899,0.17952978049973495,nan,nan,0.6640959978103638,1.0564645528793335,2581310.5,warmstart,0.6640959978103638,-0.3923685550689697,-0.456140350877193,10,9,25,1.2890441417694092
382,guarino,superspike,1.445909919328814,polyak,1.8088224047308928e-05,False,,0.5253452948518293,0.1760974292683921,0.3479397207156553,17.701073811251668,6.752342306667393,0.09986478762421397,nan,nan,1.15517258644104,1.160376787185669,1.160412073135376,warmstart,1.15517258644104,-0.005204200744628906,1.0,9,9,25,1.300050973892212
383,van_rossum,superspike,1.2441419369309736,polyak,0.004457334381474668,True,,0.2911525385231666,0.8792382188999776,nan,nan,nan,nan,1.7844484263053901,0.018750586736279162,3.496230125427246,4.37007474899292,4.735337257385254,warmstart,3.496230125427246,-0.8738446235656738,-0.20454545454545459,3,9,25,1.0430071353912354
384,guarino,superspike,8.015684933660387,polyak,0.006208248552648292,True,,0.5768461006963804,0.3243399932036394,0.37263136815251335,14.617547155367372,19.06117929693277,0.17059794535449668,nan,nan,0.9335668087005615,1.1433634757995605,2188814.5,warmstart,0.9335668087005615,-0.20979666709899902,0.7128027681660901,8,9,25,1.346116065979004
385,guarino,superspike,4.091548379361987,polyak,0.0034230649827157868,True,,0.6205825104962828,0.5744676592713583,0.26374885282146826,11.101472140908822,2.278777342710933,0.2691851002599304,nan,nan,0.3749779164791107,0.4132077991962433,589458.0625,warmstart,0.3749779164791107,-0.03822988271713257,0.1319444444444445,9,9,25,1.3036208152770996
386,guarino,superspike,0.5949314774882294,polyak,0.006975104698943039,True,,0.4303407357484708,0.651705330453108,0.33220668889045535,5.309988208012418,9.368594559109068,0.2506899777159973,nan,nan,0.14795991778373718,0.6524561643600464,1.4477654695510864,warmstart,0.14795991778373718,-0.5044962465763092,-0.5625,9,9,25,1.445746898651123
387,guarino,superspike,4.704729590030963,polyak,0.008697583682512893,True,,0.08846365558494174,0.30365841710986896,0.23957310224818576,4.415662448103324,8.993943552135187,0.021338860747677702,nan,nan,0.7480584979057312,0.7035170793533325,680.6550903320312,training,0.7035170793533325,0.04454141855239868,-1.0,180,9,25,1.6168959140777588
388,guarino,superspike,9.45727430010401,polyak,0.013671190054248787,False,,0.5633394636862623,0.6227140140877143,0.15239699096876966,12.027729887427984,2.5440291850029264,0.130381285235583,nan,nan,0.1340213418006897,0.4468322992324829,403676.5625,warmstart,0.1340213418006897,-0.3128109574317932,-0.5625,9,9,12,1.305967092514038
389,guarino,superspike,14.449172775229446,polyak,0.015771141551778677,False,,1.1200873144376975,0.4185307770366532,0.05692849473225644,11.038979087148219,3.470882361612456,0.0629802939280784,nan,nan,0.46144193410873413,0.25635606050491333,907968.1875,training,0.25635606050491333,0.2050858736038208,-1.0,31,9,25,1.3022880554199219
390,van_rossum,superspike,1.8984997822561505,polyak,0.0015723973656439503,True,,0.7738356006665004,0.9037907080779705,nan,nan,nan,nan,1.9062784244064983,0.5780607631866924,7.284716606140137,8.127340316772461,8.283286094665527,warmstart,7.284716606140137,-0.8426237106323242,0.0,0,9,25,1.0734009742736816
391,guarino,superspike,0.5288170672700397,polyak,1.9026301301445298e-05,True,,1.1539949392772284,0.8920395160337483,0.29553839330640014,3.005743787768346,11.153960092595074,0.25668163817908346,nan,nan,0.527317464351654,0.5794005393981934,0.5794364809989929,warmstart,0.527317464351654,-0.05208307504653931,-0.5625,9,9,25,1.3063549995422363
392,guarino,superspike,0.7156661595573292,polyak,1.7911606250307803e-05,True,,1.1379013457193892,0.536310621924958,0.2365466108406435,18.173381723544416,16.94676786928732,0.01728704146411698,nan,nan,0.5084327459335327,0.6828166842460632,0.6857696175575256,warmstart,0.5084327459335327,-0.17438393831253052,-0.21527777777777773,9,9,25,1.3322629928588867
393,guarino,superspike,10.53574030232046,polyak,0.09705696184946268,False,,0.1504939767675726,0.7633870541432835,0.0789594267724428,2.302642205232102,17.88751317718359,0.24013494369553526,nan,nan,0.3495844900608063,1.101128101348877,665.8922729492188,warmstart,0.3495844900608063,-0.7515436112880707,-0.2807017543859649,10,9,25,1.3419382572174072
394,van_rossum,superspike,6.161531044110758,polyak,0.038255011674574825,True,,0.2338519338809586,0.9522967977656314,nan,nan,nan,nan,10.990831369904052,0.6680350440934276,3.4395322799682617,3.5029385089874268,11.007040023803711,warmstart,3.4395322799682617,-0.06340622901916504,1.0,9,9,4,1.5539939403533936
395,van_rossum,superspike,0.6417008705035356,polyak,5.4020846270308e-05,True,,1.4529757100658394,0.9674133136983625,nan,nan,nan,nan,1.1548380306667736,0.38244816794941827,7.122254371643066,7.048081874847412,7.049112319946289,training,7.048081874847412,0.0741724967956543,0.0,0,9,25,1.0290110111236572
396,guarino,superspike,0.6083274174679947,polyak,2.0896699722008743e-05,False,,1.3663394245948624,0.7446459642015341,0.4693207917978277,9.9298087143375,8.85255748010328,0.10752218775062868,nan,nan,0.8764475584030151,0.7688377499580383,0.7688395380973816,training,0.7688377499580383,0.1076098084449768,0.020761245674740504,8,9,25,1.2901718616485596
397,van_rossum,superspike,1.1400966907158647,polyak,1.4132639913543674e-05,True,,0.8234719109026869,0.7239272795530837,nan,nan,nan,nan,1.4088627874240836,0.995526179061942,9.1305513381958,10.908778190612793,10.908778190612793,warmstart,9.1305513381958,-1.7782268524169922,0.0,0,9,25,1.0277378559112549
398,van_rossum,superspike,9.988051594431845,polyak,0.0007113879890428546,True,,1.229984921668159,0.6907048130213005,nan,nan,nan,nan,1.6789236719534815,0.11418440406452013,3.626861095428467,3.2696690559387207,5.542475700378418,training,3.2696690559387207,0.3571920394897461,-0.075,1,9,25,1.0424408912658691
399,guarino,superspike,4.662381209445104,polyak,0.010992618063397607,True,,0.7631413233287696,0.7269007026541818,0.36736904745816634,16.77658997165766,2.1884839392685937,0.22648563962459364,nan,nan,0.8562065362930298,0.6438488364219666,2.167232036590576,training,0.6438488364219666,0.21235769987106323,0.007142857142857149,11,9,3,1.2902319431304932
400,guarino,superspike,1.053022088345194,polyak,0.00025289241687734634,False,,0.6150757699439663,0.6959336024021688,0.43048397204520245,14.697445611494853,4.305763622322429,0.10986512544007722,nan,nan,0.6368455290794373,0.7148880958557129,0.7167052030563354,warmstart,0.6368455290794373,-0.07804256677627563,0.19377162629757788,8,9,25,1.430513858795166
401,guarino,superspike,1.7070353232038729,polyak,0.004106361187538878,True,,0.1445902312050666,0.8739915892735461,0.2806759616241329,9.993859250751843,4.770347396012984,0.11309814569116118,nan,nan,0.5508871078491211,0.46140530705451965,4.265939712524414,training,0.46140530705451965,0.08948180079460144,0.25694444444444436,7,9,25,1.5771088600158691
402,van_rossum,superspike,0.7233440387317273,polyak,0.01384682507798941,False,,1.4922921054579135,0.8636000698541542,nan,nan,nan,nan,1.097137792911094,0.251263550706466,5.387357711791992,3.393200397491455,8.334870338439941,training,3.393200397491455,1.994157314300537,1.0,9,9,25,0.9746549129486084
403,van_rossum,superspike,0.5598869482353552,polyak,0.0038374868111382314,True,,1.0095393955677407,0.33211751831222025,nan,nan,nan,nan,25.339375569735843,0.7155439971174821,4.632245063781738,4.444794178009033,6.643834590911865,training,4.444794178009033,0.18745088577270508,-0.04166666666666662,9,9,25,2.7009589672088623
404,guarino,superspike,2.91353138253762,polyak,0.0026886966973632817,False,,0.26460341228162243,0.7124966103632211,0.17645567337568782,6.9196046294852565,5.246473800408044,0.23556184078295728,nan,nan,0.4986432194709778,1.0975251197814941,1.7277389764785767,warmstart,0.4986432194709778,-0.5988819003105164,-0.5625,9,9,25,1.3238039016723633
405,guarino,superspike,17.67351456390288,polyak,0.002259722482345501,False,,1.2710259336287801,0.02754762129145616,0.3997187372331543,3.2154768658018145,16.97478387986821,0.15875286577135855,nan,nan,0.4839826226234436,0.8783649802207947,22.954526901245117,warmstart,0.4839826226234436,-0.3943823575973511,-0.5625,9,9,25,1.3342509269714355
406,guarino,superspike,5.211536929780859,polyak,0.00311971569252211,True,,0.4383526591980223,0.13368052355173354,0.4825275759035072,2.991156093724508,11.051201401397785,0.08177057725043407,nan,nan,0.49140554666519165,1.9018731117248535,18.17246437072754,warmstart,0.49140554666519165,-1.4104675650596619,-0.1522491349480969,8,9,25,1.3349621295928955
407,guarino,superspike,0.5175169166512811,polyak,0.00971472458048263,True,,0.8422402999052797,0.1693002820194507,0.4187297782104478,16.528172166287277,17.671605380306154,0.013781099132016849,nan,nan,0.42612746357917786,0.5438581705093384,1.1199769973754883,warmstart,0.42612746357917786,-0.11773070693016052,-0.21527777777777773,9,9,25,1.3234429359436035
408,guarino,superspike,2.1370528771877804,polyak,0.004192048801046461,False,,1.2540393053665904,0.6927415002668795,0.31744528015429546,3.8068426882803053,16.50619642928437,0.011182466397911605,nan,nan,0.5147125720977783,0.663787841796875,13.973174095153809,warmstart,0.5147125720977783,-0.14907526969909668,-0.5625,9,9,25,1.3050968647003174
409,guarino,superspike,2.708014692503225,polyak,1.521677484654087e-05,True,,0.961596544672804,0.5460522460754338,0.08387769482522926,13.693063728048228,6.868392343389958,0.004330440833706628,nan,nan,0.8253411054611206,1.2476611137390137,1.2476611137390137,warmstart,0.8253411054611206,-0.42232000827789307,0.020761245674740504,8,9,25,1.3040149211883545
410,guarino,superspike,4.938907703767717,polyak,0.015734955571781215,False,,0.5783341929656234,0.04680494181547046,0.2909504844764964,19.912772169345505,19.410845461161358,0.06630665818325046,nan,nan,0.724063515663147,0.3297889530658722,815544.875,training,0.3297889530658722,0.3942745625972748,0.0,0,9,25,1.2899537086486816
411,van_rossum,superspike,1.7303468345820607,polyak,0.004659926194309754,True,,0.06408584487064378,0.3780151073363489,nan,nan,nan,nan,41.12255177490408,0.48326248208841704,1.4054306745529175,4.754475116729736,4.754475116729736,warmstart,1.4054306745529175,-3.349044442176819,-0.32525951557093424,8,9,1,2.7339603900909424
412,van_rossum,superspike,10.142394870101766,polyak,0.027857963695257917,True,,1.2282658274136617,0.4554763784417377,nan,nan,nan,nan,1.5919746908327164,0.5691734267387764,7.6567792892456055,9.436469078063965,9.436469078063965,warmstart,7.6567792892456055,-1.7796897888183594,0.30555555555555564,9,9,25,1.0317959785461426
413,van_rossum,superspike,8.253644759648733,polyak,0.0065006620301061024,True,,0.9391534677138158,0.12048180413911769,nan,nan,nan,nan,1.25797988860175,0.1564121521056554,4.996163368225098,6.507270812988281,6.507270812988281,warmstart,4.996163368225098,-1.5111074447631836,0.2142857142857143,5,9,25,1.1437289714813232
414,van_rossum,superspike,11.028514162239313,polyak,0.03050306213782387,True,,0.22752842567473713,0.11679182777331754,nan,nan,nan,nan,37.11278760301726,0.17382664913450452,1.310009479522705,1.302674651145935,19.980241775512695,training,1.302674651145935,0.0073348283767700195,0.0,0,9,25,3.4425578117370605
415,van_rossum,superspike,1.428423914957819,polyak,7.592875712427818e-05,True,,0.6799790534670103,0.005599438864240636,nan,nan,nan,nan,21.08276966627224,0.9966670381420173,7.443039417266846,7.220207691192627,2054855.375,training,7.220207691192627,0.22283172607421875,0.8263888888888888,9,9,25,2.5284628868103027
416,van_rossum,superspike,3.73377689893488,polyak,0.0249036265169112,False,,0.337863454049418,0.027664180906311953,nan,nan,nan,nan,1.1612985531015116,0.13416880530685837,5.155712604522705,5.229884147644043,5.229884147644043,warmstart,5.155712604522705,-0.07417154312133789,0.0,0,9,25,0.971235990524292
417,guarino,superspike,1.7041938388804296,polyak,0.0302067167663879,False,,0.33929384993179323,0.2888010668157799,0.11141157404421007,18.453123532313494,1.9565710784929022,0.003853874566768267,nan,nan,0.5435225367546082,1.0891361236572266,1.0891361236572266,warmstart,0.5435225367546082,-0.5456135869026184,-0.2807017543859649,10,9,1,1.2668662071228027
418,guarino,superspike,1.0148366435700362,polyak,1.3559285405849672e-05,True,,0.8590562038997905,0.08328922038460107,0.0930928333369254,16.207163598167977,10.340582197041915,0.0724525356741429,nan,nan,0.5517221093177795,0.932548999786377,0.9326595067977905,warmstart,0.5517221093177795,-0.3808268904685974,-0.5625,9,9,25,1.3549871444702148
419,van_rossum,superspike,1.9907684209665826,polyak,1.8210023603089203e-05,False,,0.9575202176426855,0.13960278578624907,nan,nan,nan,nan,8.695527032876209,0.1977671216582646,2.744310140609741,3.0754570960998535,1164300.875,warmstart,2.744310140609741,-0.3311469554901123,0.1319444444444445,9,9,25,1.4056448936462402
420,guarino,superspike,4.5784767531508255,polyak,2.1844959220854852e-05,False,,0.5739832557212056,0.26117208401659076,0.47842259943501686,8.82013063379794,15.490746312402738,0.11601160905365213,nan,nan,0.5089501142501831,0.669192910194397,2.664661169052124,warmstart,0.5089501142501831,-0.16024279594421387,-0.5625,9,9,5,1.2669641971588135
421,guarino,superspike,0.638567948581383,polyak,0.00018679280119010503,True,,0.008129699727296935,0.5348019131804018,0.10249066163488373,6.4624294871366565,13.182606774225876,0.21753470664689314,nan,nan,0.6365741491317749,0.4639556109905243,0.4639556109905243,training,0.4639556109905243,0.1726185381412506,-1.0,180,9,1,1.4631259441375732
422,guarino,superspike,1.0051946038403834,polyak,4.234808978083278e-05,False,,0.14381930655162822,0.6401712481082494,0.32543701470585323,13.35309494568136,15.692700152178528,0.09790740383777274,nan,nan,0.40330982208251953,0.4237629771232605,0.4259759485721588,warmstart,0.40330982208251953,-0.020453155040740967,-0.04166666666666662,9,9,25,1.3842618465423584
423,guarino,superspike,0.7151851082317887,polyak,0.000638442818615517,True,,0.0059189400407917425,0.9314989394746928,0.3602015872645518,11.67509199425341,7.480938749038099,0.17116140440552224,nan,nan,0.4249758720397949,0.8849549293518066,0.9306696653366089,warmstart,0.4249758720397949,-0.4599790573120117,-0.5625,9,9,25,1.5983269214630127
424,van_rossum,superspike,2.3958372399574945,polyak,0.00037052781554947783,True,,0.6421702085475638,0.4255439680497215,nan,nan,nan,nan,48.199415921146496,0.7067782575093406,5.034205436706543,5.236905574798584,34.836421966552734,warmstart,5.034205436706543,-0.20270013809204102,0.30555555555555564,9,9,25,3.8713719844818115
425,van_rossum,superspike,1.0395660893639127,polyak,0.008168399414328953,False,,0.3938088234734956,0.6228746568569351,nan,nan,nan,nan,10.91400331734416,0.8397876238561816,7.014864444732666,7.100121974945068,17.325986862182617,warmstart,7.014864444732666,-0.08525753021240234,0.07017543859649122,10,9,25,1.6018786430358887
426,van_rossum,superspike,2.727944145016356,polyak,0.09100744744054738,False,,0.7588800201372965,0.49832382412209053,nan,nan,nan,nan,8.899662501280103,0.1860043703327412,2.383920907974243,2.2101404666900635,1187413.375,training,2.2101404666900635,0.1737804412841797,0.08333333333333325,7,9,4,1.3130731582641602
427,guarino,superspike,7.952212221425635,polyak,0.0003372517687068052,True,,0.3715170010352435,0.15539966623207313,0.29002460037572636,14.216736204128729,4.714372603957784,0.13090768422976926,nan,nan,0.8038859367370605,0.7013300657272339,1680782.0,training,0.7013300657272339,0.10255587100982666,-1.0,3791,9,25,1.5006940364837646
428,van_rossum,superspike,1.5782303234899882,polyak,0.0006441472667431122,False,,0.6506240391647613,0.9079331228185928,nan,nan,nan,nan,6.798074009780194,0.8184989038768744,8.215353965759277,6.855924606323242,8.473109245300293,training,6.855924606323242,1.3594293594360352,0.5964912280701755,10,9,25,1.3073968887329102
429,van_rossum,superspike,5.30157390373315,polyak,5.117623246463298e-05,False,,1.187532217765974,0.1670382074412864,nan,nan,nan,nan,1.4285462523069823,0.9375623209065953,9.902815818786621,9.81114673614502,9.81114673614502,training,9.81114673614502,0.09166908264160156,0.0,0,9,25,1.3215851783752441
430,guarino,superspike,14.493395502216005,polyak,0.04776498673246072,False,,0.9763288894854996,0.11074014027269186,0.2669867553462361,5.661238958257078,17.813397600505155,0.04152083970486057,nan,nan,0.4848291277885437,0.7192997932434082,14.370522499084473,warmstart,0.4848291277885437,-0.2344706654548645,-0.5625,9,9,8,1.293060064315796
431,guarino,superspike,0.5545488989961757,polyak,0.0007002659457498347,False,,0.8905780605097959,0.025816994211470434,0.06592529406334034,14.815821427266869,4.9931380873539215,0.19692513709822007,nan,nan,0.7140381336212158,0.8217853307723999,0.8242313861846924,warmstart,0.7140381336212158,-0.10774719715118408,0.07017543859649122,10,9,25,1.2931718826293945
432,van_rossum,superspike,3.956317698888963,polyak,0.001043905321262684,True,,1.4528322163541334,0.3345057599406708,nan,nan,nan,nan,32.614241912522765,0.7196878810646042,5.54511833190918,7.304330825805664,7.304330825805664,warmstart,5.54511833190918,-1.7592124938964844,0.1319444444444445,9,9,1,2.514289140701294
433,van_rossum,superspike,1.3986916708171586,polyak,0.0725425948949504,True,,0.7493630675376586,0.5214871128191862,nan,nan,nan,nan,1.8834027607992117,0.7225288223332409,8.122686386108398,9.654778480529785,12.019204139709473,warmstart,8.122686386108398,-1.5320920944213867,0.0,0,9,25,1.0870192050933838
434,guarino,superspike,16.756445528081166,polyak,4.081076859680138e-05,True,,1.0377892109584983,0.5058310965565258,0.2891746993245704,14.423304653413076,10.286069487392307,0.18009791760531502,nan,nan,0.2857634723186493,1.0915404558181763,28.663576126098633,warmstart,0.2857634723186493,-0.805776983499527,0.8263888888888888,9,9,25,1.9687049388885498
435,van_rossum,superspike,4.232852703900925,polyak,0.0004094445839056191,False,,0.6552670487844516,0.9576123259217423,nan,nan,nan,nan,7.330461365864087,0.4694895316998602,5.40976619720459,5.293393611907959,5.294068813323975,training,5.293393611907959,0.11637258529663086,0.9473684210526316,10,9,25,1.3960061073303223
436,van_rossum,superspike,14.11834389120903,polyak,0.03335890235682991,True,,0.6776757036569894,0.2840661922031963,nan,nan,nan,nan,12.12867379275653,0.9547049119060317,7.518392086029053,7.070517539978027,14.525574684143066,training,7.070517539978027,0.4478745460510254,0.0,0,9,25,1.7192540168762207
437,guarino,superspike,1.3718418924429923,polyak,0.0009989106856156543,False,,1.414146889031721,0.5079658434499622,0.2624253511838037,7.615728144942395,13.148732815540406,0.15601538358628433,nan,nan,0.7155107259750366,0.5232419371604919,558475.3125,training,0.5232419371604919,0.19226878881454468,0.19377162629757788,8,9,3,1.2913999557495117
438,guarino,superspike,12.901782322708137,polyak,1.6085355361796087e-05,True,,1.4599978645490674,0.7038177420203567,0.17793440798518284,4.885020345265355,6.625670454437361,0.2627177254999327,nan,nan,0.6408969163894653,0.37181973457336426,0.38690635561943054,training,0.37181973457336426,0.2690771818161011,-0.04166666666666662,9,9,25,1.3111329078674316
439,guarino,superspike,12.724185186465736,polyak,0.00012672921200877763,False,,1.464366435511004,0.20163992545416098,0.11149338653508942,12.894397101933945,7.05839984042581,0.04000476155414799,nan,nan,1.3028476238250732,1.2343827486038208,483.8699035644531,training,1.2343827486038208,0.06846487522125244,0.0,0,9,25,1.2763712406158447
440,van_rossum,superspike,1.0756956956221613,polyak,1.0224582646339388e-05,False,,0.7869512345929321,0.19468169686195091,nan,nan,nan,nan,17.00068466665207,0.9622138556176058,8.67569351196289,9.786293029785156,9.793253898620605,warmstart,8.67569351196289,-1.1105995178222656,-0.38888888888888884,9,9,25,2.1023848056793213
441,van_rossum,superspike,3.5886246839311373,polyak,4.26512217300636e-05,False,,0.30433769220902473,0.8780292726865745,nan,nan,nan,nan,14.921888146691312,0.3412388046547036,3.369863986968994,3.7694883346557617,3.76979923248291,warmstart,3.369863986968994,-0.3996243476867676,0.08333333333333325,7,9,25,1.8731279373168945
442,guarino,superspike,2.796803742098442,polyak,3.5143622144457295e-05,False,,0.616729706849408,0.4416227863618305,0.09909048365486901,18.416539243718947,12.383772624166443,0.11656065913688463,nan,nan,0.8044492602348328,0.733413815498352,1.049845814704895,training,0.733413815498352,0.07103544473648071,-0.49826989619377166,8,9,25,1.411571979522705
443,van_rossum,superspike,10.02599296319928,polyak,7.987977206054104e-05,False,,1.0351447795691215,0.4686422563413959,nan,nan,nan,nan,14.50799478829509,0.7606272321111164,5.7855000495910645,6.746174335479736,19.724199295043945,warmstart,5.7855000495910645,-0.9606742858886719,0.47916666666666674,9,9,25,1.8633170127868652
444,van_rossum,superspike,7.220057404604492,polyak,0.0011009060953739108,False,,1.0693075829505139,0.22496824779572533,nan,nan,nan,nan,17.99998623350626,0.7151240234570178,5.4209818840026855,5.906411170959473,96029.7265625,warmstart,5.4209818840026855,-0.4854292869567871,0.19377162629757788,8,9,25,2.430684804916382
445,van_rossum,superspike,2.199020431621464,polyak,0.0026842992617988623,True,,0.8526561170635777,0.11502760243036658,nan,nan,nan,nan,1.194498172493742,0.7903145097440284,9.159945487976074,9.09748649597168,9.09748649597168,training,9.09748649597168,0.06245899200439453,-1.0,638,9,1,0.9802870750427246
446,van_rossum,superspike,18.171848430474526,polyak,0.03581088609070104,True,,0.3818208176790137,0.6590592328025533,nan,nan,nan,nan,1.0836823485440303,0.9911067244295982,10.034706115722656,10.922708511352539,10.922708511352539,warmstart,10.034706115722656,-0.8880023956298828,0.0,0,9,25,1.005599021911621
447,guarino,superspike,2.852348547708937,polyak,0.0003135904678420153,False,,1.372263523053948,0.3269891143002891,0.3106669492248909,17.671787989123136,15.686912506926184,0.012219979441648798,nan,nan,0.3189668357372284,0.7743980288505554,0.7743980288505554,warmstart,0.3189668357372284,-0.455431193113327,-0.5625,9,9,1,1.2631597518920898
448,van_rossum,superspike,8.014758310146751,polyak,3.962953802511414e-05,False,,0.7041676905984593,0.7316480902109319,nan,nan,nan,nan,12.777341506789613,0.21060418611309517,1.5880602598190308,1.8956243991851807,2.119081735610962,warmstart,1.5880602598190308,-0.3075641393661499,0.8263888888888888,9,9,25,1.6683070659637451
449,van_rossum,superspike,1.527214441931559,polyak,1.2752149487989633e-05,False,,0.1254080774609656,0.27406759869572184,nan,nan,nan,nan,48.53211846140418,0.7046385189301544,6.337222099304199,4.016626834869385,4.016626834869385,training,4.016626834869385,2.3205952644348145,-1.0,4000,9,1,2.9596753120422363
450,van_rossum,superspike,13.443059244377222,polyak,9.699010505239935e-05,True,,1.3844879799830956,0.5179917725540955,nan,nan,nan,nan,2.752661204700138,0.8457858381026093,9.055402755737305,9.982034683227539,9.982034683227539,warmstart,9.055402755737305,-0.9266319274902344,0.0,0,9,25,1.0667181015014648
451,van_rossum,superspike,0.6680419705501879,polyak,4.362248153383803e-05,False,,1.281083269197269,0.14458536512678244,nan,nan,nan,nan,30.714490113446217,0.22973152661279372,1.7505466938018799,3.015411615371704,3.1105055809020996,warmstart,1.7505466938018799,-1.2648649215698242,-0.5625,9,9,25,2.8273370265960693
452,van_rossum,superspike,3.182357762832691,polyak,0.002926243717031095,True,,1.3475134593036433,0.6993123756941095,nan,nan,nan,nan,8.029115084965863,0.6451859606659763,6.339003086090088,6.343777656555176,6.343777656555176,warmstart,6.339003086090088,-0.004774570465087891,0.36678200692041524,8,9,1,1.2432372570037842
453,van_rossum,superspike,10.323761697810786,polyak,0.002552910492202972,True,,0.2670724428863316,0.47901845731392256,nan,nan,nan,nan,2.736233008480842,0.003494981109347095,0.45697665214538574,4.415751934051514,4.76618766784668,warmstart,0.45697665214538574,-3.958775281906128,0.6527777777777778,9,9,25,1.0851740837097168
454,guarino,superspike,19.9644789120381,polyak,0.0002490751668757706,True,,0.36660456521707163,0.26738248879475823,0.09200581055630239,8.486877733502952,1.3310760016212768,0.03431866722038268,nan,nan,1.0228981971740723,1.033721685409546,2220798.75,warmstart,1.0228981971740723,-0.010823488235473633,0.1319444444444445,9,9,25,1.3449699878692627
455,guarino,superspike,0.51899294592907,polyak,0.007258051029498579,False,,0.7642479077066622,0.11161604667215574,0.49338316545631217,3.3823100423291503,8.826592606195685,0.2554948507003398,nan,nan,0.6984856724739075,0.6668576598167419,0.7138022184371948,training,0.6668576598167419,0.03162801265716553,0.6527777777777778,9,9,25,1.2993102073669434
456,van_rossum,superspike,14.338767495526255,polyak,0.003691925227779106,False,,0.8745213993318632,0.2015895108623631,nan,nan,nan,nan,15.459219858600388,0.6772546436783458,6.167826175689697,6.249202728271484,17.33370018005371,warmstart,6.167826175689697,-0.08137655258178711,0.19377162629757788,8,9,25,1.9532830715179443
457,van_rossum,superspike,9.35013096115833,polyak,0.000350053266402228,True,,1.227381036980797,0.20609390633044067,nan,nan,nan,nan,3.7670822253462246,0.6282310077771303,8.82520580291748,7.0880818367004395,19.785486221313477,training,7.0880818367004395,1.737123966217041,0.0,0,9,25,1.138293981552124
458,van_rossum,superspike,5.908406086639893,polyak,0.001260025062200232,True,,0.7813799002758578,0.3769171484555517,nan,nan,nan,nan,10.44738609094487,0.9587913895457043,8.245203971862793,8.26619815826416,30.795141220092773,warmstart,8.245203971862793,-0.020994186401367188,1.0,9,9,25,1.701159954071045
459,guarino,superspike,7.005690897067268,polyak,0.01678349189200493,True,,0.2884259642134115,0.8447677434623754,0.21537875527399164,7.092924949167867,10.690307464715353,0.1305258723311753,nan,nan,0.46490758657455444,0.4796464741230011,0.4796464741230011,warmstart,0.46490758657455444,-0.014738887548446655,-0.21527777777777773,9,9,25,1.357598066329956
460,van_rossum,superspike,13.217107452567927,polyak,0.002372165075886339,True,,1.2367264068589927,0.22269101895928645,nan,nan,nan,nan,3.9756912448192745,0.9421322739280427,7.531723976135254,8.612751960754395,15.197214126586914,warmstart,7.531723976135254,-1.0810279846191406,0.19377162629757788,8,9,25,1.3491771221160889
461,van_rossum,superspike,2.6909876790098988,polyak,0.00013114746213608574,True,,0.1847408788093342,0.7217897413057226,nan,nan,nan,nan,8.82602978271324,0.23410342282489494,2.931248188018799,3.4275591373443604,3.769055128097534,warmstart,2.931248188018799,-0.4963109493255615,-0.49826989619377166,8,9,25,1.4375321865081787
462,guarino,superspike,4.675003344579143,polyak,4.2596915782563094e-05,True,,0.2320858485133146,0.856348715633756,0.19012434650152019,12.976334354493988,12.908688437829069,0.2517512626747905,nan,nan,0.42582693696022034,0.9315276741981506,1.361382246017456,warmstart,0.42582693696022034,-0.5057007372379303,0.1319444444444445,9,9,25,1.3625950813293457
463,guarino,superspike,0.8056217519083141,polyak,0.0004964019558949682,False,,0.05185749497734721,0.27513075532634,0.3883581386330976,11.98096585678288,16.317182438364572,0.16280641331422946,nan,nan,0.4579378068447113,0.4742852747440338,0.47968488931655884,warmstart,0.4579378068447113,-0.01634746789932251,0.1319444444444445,9,9,25,1.297734022140503
464,guarino,superspike,1.7009217208680476,polyak,0.0024790150832704294,True,,0.5431837962711724,0.0606149750075019,0.05380768359019891,2.8023785721125782,2.869782288280889,0.18326693321812498,nan,nan,0.2053426057100296,0.13614454865455627,0.13614454865455627,training,0.13614454865455627,0.06919805705547333,-1.0,180,9,1,1.3013238906860352
465,van_rossum,superspike,2.5189034886728807,polyak,2.1180485975579525e-05,False,,1.3277556499091003,0.41366027069371947,nan,nan,nan,nan,2.590915664965011,0.04397166822294529,4.080056190490723,4.1984405517578125,37.43538284301758,warmstart,4.080056190490723,-0.11838436126708984,0.5964912280701755,10,9,25,1.0394339561462402
466,guarino,superspike,10.286230762634354,polyak,0.00036952064445820406,False,,0.522758517893656,0.582988625878554,0.2591088879625166,19.56512648876058,10.81139904703532,0.11555160867480646,nan,nan,0.5471901893615723,0.6196491718292236,0.6196504831314087,warmstart,0.5471901893615723,-0.07245898246765137,-0.04166666666666662,9,9,25,1.2809028625488281
467,van_rossum,superspike,0.6258213061760229,polyak,0.004182343244603192,False,,0.6795391714299625,0.7192529907079513,nan,nan,nan,nan,19.42020585966955,0.8462608634124593,6.990883827209473,6.77118444442749,6.802382946014404,training,6.77118444442749,0.21969938278198242,0.007142857142857149,11,9,25,2.2978780269622803
468,van_rossum,superspike,1.0079219624423883,polyak,0.0016705078890923747,True,,0.2371526834154447,0.4072519392909919,nan,nan,nan,nan,13.430914642759943,0.4930716083141704,3.314269542694092,3.3235745429992676,3.556765556335449,warmstart,3.314269542694092,-0.009305000305175781,1.0,9,9,25,1.8244290351867676
469,van_rossum,superspike,0.9289961950216273,polyak,0.000139049652688697,False,,0.15873112905678494,0.5018048150760679,nan,nan,nan,nan,2.121505690017671,0.6341858894496586,7.520651340484619,13.100381851196289,14.034026145935059,warmstart,7.520651340484619,-5.57973051071167,0.05533596837944664,2,9,25,1.0181670188903809
470,guarino,superspike,4.16051485185337,polyak,0.0017112582202740787,False,,0.022463408904890958,0.8612420444018316,0.32898680627739113,15.149132218146775,10.384501016992777,0.1855207313724789,nan,nan,0.32470807433128357,0.7775138020515442,57.32000732421875,warmstart,0.32470807433128357,-0.4528057277202606,-0.2807017543859649,10,9,25,1.2905988693237305
471,van_rossum,superspike,13.617159616988346,polyak,0.006433069893972846,True,,1.0842423930631597,0.33925112340139596,nan,nan,nan,nan,10.506342976911911,0.07976664248556153,1.9838230609893799,2.129807949066162,10.780378341674805,warmstart,1.9838230609893799,-0.14598488807678223,0.24561403508771928,10,9,25,1.595031976699829
472,van_rossum,superspike,2.250314287450171,polyak,3.614405026509646e-05,True,,0.5053902715531629,0.2333716987156632,nan,nan,nan,nan,3.609067922571694,0.21502168839771651,4.787478923797607,4.940993309020996,4.940993309020996,warmstart,4.787478923797607,-0.15351438522338867,0.30555555555555564,9,9,25,1.1239469051361084
473,guarino,superspike,3.3744859363197026,polyak,1.4916957107009227e-05,False,,0.8452182023340904,0.6809662658546916,0.30526601712225665,9.3201680660876,7.652689303587566,0.06793055702993285,nan,nan,0.3438411355018616,0.5083868503570557,0.5083868503570557,warmstart,0.3438411355018616,-0.1645457148551941,-0.38888888888888884,9,9,25,1.2685027122497559
474,van_rossum,superspike,2.1688472726031396,polyak,0.016117591567022273,True,,1.4059669559569858,0.957040453732577,nan,nan,nan,nan,5.2852981672753,0.2643272242750323,2.0019724369049072,2.2717835903167725,4.57492208480835,warmstart,2.0019724369049072,-0.26981115341186523,1.0,9,9,25,1.409472942352295
475,guarino,superspike,0.7897066428550826,polyak,0.05071463267956543,True,,0.9027866088544825,0.9474737957401368,0.21202390737235755,11.014863694276787,14.219889606028033,0.09515090839747166,nan,nan,0.8473093509674072,0.591728925704956,1.2288212776184082,training,0.591728925704956,0.25558042526245117,-0.5625,9,9,25,1.618030071258545
476,guarino,superspike,4.620266670334668,polyak,0.0046389433485600155,True,,1.1098108572494016,0.7497313169463148,0.44858531718266886,7.637111829485052,13.416145766126302,0.08408712947905675,nan,nan,0.3622815012931824,0.2938217222690582,0.2938217222690582,training,0.2938217222690582,0.06845977902412415,-1.0,35,9,1,1.277796983718872
477,guarino,superspike,1.3071773565774025,polyak,0.04451926848038713,False,,1.4621390003184151,0.24147808521538172,0.37538198936647016,11.904162577864877,14.240530940971173,0.1931873839827543,nan,nan,0.8449686765670776,0.6674944162368774,726596.1875,training,0.6674944162368774,0.1774742603302002,-1.0,3990,9,8,1.271852731704712
478,van_rossum,superspike,3.782537034483374,polyak,0.0024340069923264,False,,0.5739439094768549,0.7738955250878552,nan,nan,nan,nan,16.953683248780738,0.7142994121931139,3.1237668991088867,6.7252984046936035,14.371042251586914,warmstart,3.1237668991088867,-3.601531505584717,-0.5625,9,9,25,2.0597541332244873
479,van_rossum,superspike,2.9074063308218783,polyak,0.00014217837486617374,True,,0.547121520436054,0.9091240710678165,nan,nan,nan,nan,4.038123589329775,0.17570699270212908,4.706291198730469,4.7070159912109375,4.923215866088867,warmstart,4.706291198730469,-0.00072479248046875,0.19377162629757788,8,9,25,1.156080961227417
480,van_rossum,superspike,4.054274194185159,polyak,0.012429409374734954,True,,0.5423548947639516,0.2487595236636393,nan,nan,nan,nan,41.31369656938254,0.5612175227827881,5.825901508331299,5.622498512268066,19.05155372619629,training,5.622498512268066,0.20340299606323242,-0.5625,9,9,25,3.3351080417633057
481,van_rossum,superspike,1.3759171607055452,polyak,0.011635855649394783,True,,0.9437969082443914,0.5977460849545931,nan,nan,nan,nan,1.2378493614574309,0.005181749835357574,3.969834327697754,4.651959419250488,6.668959617614746,warmstart,3.969834327697754,-0.6821250915527344,-0.2637362637362637,4,9,25,1.0026750564575195
482,guarino,superspike,7.523032508423614,polyak,0.0003677396832693759,True,,1.2957890907614742,0.7420497533209206,0.3844181495322736,18.129912216145815,12.37460597669599,0.15857232898865298,nan,nan,0.3963666558265686,1.499588131904602,1.5405793190002441,warmstart,0.3963666558265686,-1.1032214760780334,0.8858131487889275,8,9,25,1.342264175415039
483,guarino,superspike,18.34216078096898,polyak,1.0519732490705319e-05,False,,0.365077043679331,0.9675520052720562,0.22169374278255327,1.5183850990134378,1.5117795427668719,0.16601201151740658,nan,nan,0.4209050238132477,0.5733721256256104,0.5733742713928223,warmstart,0.4209050238132477,-0.15246710181236267,-0.5625,9,9,25,1.2955191135406494
484,guarino,superspike,1.2623676429816093,polyak,0.0028083921062443586,True,,1.3495391275443809,0.0009553334234805311,0.15302019843857503,4.988471703154825,3.3538378576427137,0.04983036382113056,nan,nan,0.28824445605278015,0.27885711193084717,640501.25,training,0.27885711193084717,0.009387344121932983,-1.0,3791,9,25,1.3360271453857422
485,guarino,superspike,0.6848890699282285,polyak,8.47422157384712e-05,False,,1.4435178026260682,0.38191888391834206,0.19660619349389777,10.690201062922242,6.542073737880614,0.293898735496669,nan,nan,0.35461661219596863,0.4688622057437897,4225337.5,warmstart,0.35461661219596863,-0.11424559354782104,0.8263888888888888,9,9,25,1.2787749767303467
486,van_rossum,superspike,4.3112996198646885,polyak,0.00042320281931234384,False,,0.2558050891761821,0.012336164449205822,nan,nan,nan,nan,2.9134131324700014,0.06182896069800192,3.6848974227905273,3.5829880237579346,7147554304.0,training,3.5829880237579346,0.10190939903259277,0.5397923875432526,8,9,25,1.0232570171356201
487,van_rossum,superspike,1.1135025165536623,polyak,0.0001638060813099336,False,,1.1949859785088828,0.4618127344629326,nan,nan,nan,nan,2.437395689225348,0.9934656902803698,7.968919277191162,14.350149154663086,14.350149154663086,warmstart,7.968919277191162,-6.381229877471924,-0.49826989619377166,8,9,25,1.0174109935760498
488,van_rossum,superspike,8.153209508817184,polyak,0.009610437715029344,True,,0.4073480558161164,0.18111938776368142,nan,nan,nan,nan,3.6096999829800285,0.4798444803773918,5.750726222991943,6.582335948944092,18.79550552368164,warmstart,5.750726222991943,-0.8316097259521484,0.24561403508771928,10,9,25,1.1085588932037354
489,guarino,superspike,1.1894304203478843,polyak,1.0989588772267615e-05,True,,0.3841744015719322,0.5719023269668166,0.07803579662767049,6.139872337493821,1.8506203097798917,0.19242537135403082,nan,nan,0.9938764572143555,1.167914628982544,1.167924165725708,warmstart,0.9938764572143555,-0.17403817176818848,0.020761245674740504,8,9,25,1.3074898719787598
490,guarino,superspike,9.79680924818724,polyak,0.03850527223161145,True,,0.5740658153964446,0.6900253122306106,0.15344936804587864,13.38524589607873,8.5839569695545,0.0020344798203914883,nan,nan,0.29818230867385864,0.912178099155426,8.682352066040039,warmstart,0.29818230867385864,-0.6139957904815674,-0.5625,9,9,25,1.444441795349121
491,van_rossum,superspike,1.5379833444248192,polyak,0.0006341049414235133,False,,0.19570133215864233,0.4223503686917177,nan,nan,nan,nan,3.3548893627919365,0.676774305864818,6.51505708694458,7.183823108673096,11428659.0,warmstart,6.51505708694458,-0.6687660217285156,0.4210526315789474,10,9,25,1.2735569477081299
492,guarino,superspike,0.7095374855823642,polyak,0.02558482423005534,True,,1.0859584516949496,0.33929458869331375,0.393711283548608,14.837678441472521,12.416933303659325,0.1675443520217533,nan,nan,0.8704599142074585,0.29849258065223694,0.8639417290687561,training,0.29849258065223694,0.5719673335552216,1.0,9,9,25,1.2847042083740234
493,van_rossum,superspike,1.019297328606205,polyak,4.590273319457754e-05,True,,0.6739425943297567,0.5707226929191692,nan,nan,nan,nan,22.690844942102324,0.9317144800492464,7.934486389160156,8.941346168518066,9.091404914855957,warmstart,7.934486389160156,-1.0068597793579102,-0.5625,9,9,25,2.515549898147583
494,guarino,superspike,7.536983293167664,polyak,0.003962225245957884,True,,0.5375951014587024,0.005730900713121323,0.10196864313032702,19.488152416831593,18.524330007990812,0.09752794892434359,nan,nan,0.34737634658813477,0.35837703943252563,3104.343017578125,warmstart,0.34737634658813477,-0.01100069284439087,0.30555555555555564,9,9,25,1.3249750137329102
495,guarino,superspike,1.6577818300260665,polyak,4.485687173789012e-05,True,,0.7899463998678373,0.2708631172953543,0.29923811658780863,10.361449096177523,16.12352227475453,0.28679528080206046,nan,nan,0.5604708194732666,0.5164942145347595,3680932.75,training,0.5164942145347595,0.04397660493850708,-1.0,3791,9,2,1.2799749374389648
496,van_rossum,superspike,18.72928236938122,polyak,0.0026670019270589934,False,,0.6034929358858881,0.5437688218921786,nan,nan,nan,nan,1.1718019470619179,0.17365095529166885,5.481715679168701,5.691980838775635,5.691980838775635,warmstart,5.481715679168701,-0.2102651596069336,0.0,0,9,25,0.9737081527709961
497,guarino,superspike,6.394581095708914,polyak,0.007283881188466256,True,,0.2934744547310916,0.21385247545599917,0.13916338854439742,10.951861627168297,3.576899915950741,0.19778575842580512,nan,nan,0.4027070105075836,0.5068532824516296,2537459.25,warmstart,0.4027070105075836,-0.10414627194404602,-0.5625,9,9,25,1.3150758743286133
498,guarino,superspike,1.0332539306209017,polyak,0.00031290436329931817,False,,0.9087733429973668,0.7819452750462824,0.2140593114843808,12.893448620812999,10.159138067308362,0.25394860387601953,nan,nan,0.270574152469635,0.24337615072727203,0.24337783455848694,training,0.24337615072727203,0.027198001742362976,1.0,9,9,25,1.2722678184509277
499,van_rossum,superspike,1.0339587211395636,polyak,0.01402889577172403,True,,0.8022169467117519,0.5139385865795684,nan,nan,nan,nan,28.178633787337606,0.6108727889034485,5.324518203735352,4.42756986618042,6.543487548828125,training,4.42756986618042,0.8969483375549316,0.6527777777777778,9,9,25,2.715897798538208
500,van_rossum,superspike,10.552138573491506,polyak,0.0015372229026738374,True,,0.03360819777342222,0.5624296180338006,nan,nan,nan,nan,1.2380698807512567,0.3203789596374804,6.552462100982666,6.431710720062256,6.431710720062256,training,6.431710720062256,0.12075138092041016,0.0,0,9,25,0.9999279975891113
501,guarino,superspike,6.858229172606804,polyak,0.010650553354096487,False,,0.9851319191592824,0.6121586173620351,0.382898732720477,14.654510127157314,2.6315451618168657,0.04747505428201828,nan,nan,0.7230061292648315,0.42977961897850037,353978.40625,training,0.42977961897850037,0.2932265102863312,0.07017543859649122,10,9,7,1.257802963256836
502,van_rossum,superspike,1.9460015065208065,polyak,0.00011704829895670597,False,,1.2433964722311988,0.14445139951927322,nan,nan,nan,nan,12.526767731141721,0.9838946637761669,4.753225803375244,8.1875581741333,158.5905303955078,warmstart,4.753225803375244,-3.4343323707580566,-0.1522491349480969,8,9,25,1.6583940982818604
503,van_rossum,superspike,2.9064071078136307,polyak,0.0013343996864604562,True,,0.10888713948549783,0.7870701269273584,nan,nan,nan,nan,1.6397202520753,0.3945700102883103,6.5810017585754395,6.60179328918457,6.604087829589844,warmstart,6.5810017585754395,-0.02079153060913086,0.0,0,9,25,1.0346260070800781
504,van_rossum,superspike,17.95982708207774,polyak,0.0006828656947043164,True,,0.49052956851687873,0.047482077778229326,nan,nan,nan,nan,1.1550736112789912,0.39288199564540205,6.731215953826904,9.322967529296875,353.5086364746094,warmstart,6.731215953826904,-2.5917515754699707,0.10256410256410257,4,9,25,1.0144109725952148
505,guarino,superspike,1.0911261009940167,polyak,0.03487828168396993,False,,0.9869534467414821,0.38904719882716354,0.4557791380837831,13.205234282596972,10.27678591534469,0.03964289075440155,nan,nan,0.4276910126209259,0.8846669793128967,18609.43359375,warmstart,0.4276910126209259,-0.4569759666919708,0.07017543859649122,10,9,3,1.2617416381835938
506,van_rossum,superspike,1.751350039886574,polyak,0.0008071179789044927,True,,0.3964743784964758,0.13008309093289716,nan,nan,nan,nan,1.155085350885825,0.1576465649121419,5.484273910522461,5.477741718292236,5.502493858337402,training,5.477741718292236,0.006532192230224609,0.0,0,9,25,1.160545825958252
507,guarino,superspike,5.620365360611491,polyak,0.0008246268251985064,True,,1.3456647659349799,0.8233725913706561,0.1328934714173294,2.737934475012592,4.2193714103559214,0.23505920748006917,nan,nan,0.4526294767856598,0.2949983775615692,0.4137645363807678,training,0.2949983775615692,0.15763109922409058,-0.04166666666666662,9,9,25,1.316314935684204
508,guarino,superspike,0.8564454269254203,polyak,2.0743316999611952e-05,True,,1.4358287238140095,0.42580255643157894,0.20773429020379303,7.769758610597898,8.199753818033969,0.2834990483683014,nan,nan,0.9392274022102356,1.001831293106079,1.0186386108398438,warmstart,0.9392274022102356,-0.0626038908958435,0.020761245674740504,8,9,25,1.6619651317596436
509,guarino,superspike,1.3085925772993534,polyak,1.13986158697342e-05,False,,1.1074784054285995,0.8554336896370037,0.45420612339637306,8.408366620227325,7.068860792167595,0.29995825446236624,nan,nan,0.9019062519073486,0.9348889589309692,0.9348913431167603,warmstart,0.9019062519073486,-0.032982707023620605,0.36678200692041524,8,9,25,1.292677879333496
510,van_rossum,superspike,17.21815038331255,polyak,0.0020064345121810915,False,,0.8837373666137001,0.2114711337538192,nan,nan,nan,nan,19.93839843954091,0.7372645200918427,5.813784122467041,6.141225814819336,246.49794006347656,warmstart,5.813784122467041,-0.3274416923522949,0.19377162629757788,8,9,25,2.3301000595092773
511,guarino,superspike,0.7138494562465786,polyak,2.6453606314746144e-05,True,,0.42412605897796274,0.49640580445979965,0.38693803898505197,4.547792138369213,19.860384095491195,0.04845657953109378,nan,nan,0.8944320678710938,0.8944321870803833,0.9548197984695435,warmstart,0.8944320678710938,-1.1920928955078125e-07,0.020761245674740504,8,9,25,1.337881088256836
512,van_rossum,superspike,2.480289655912454,polyak,2.2807396113583656e-05,False,,0.5366288428692365,0.22374279356973759,nan,nan,nan,nan,36.04504689621923,0.8800559990080575,7.302333354949951,6.763408660888672,1202175.625,training,6.763408660888672,0.5389246940612793,0.6206896551724138,20,9,25,3.1086840629577637
513,guarino,superspike,2.8591859501113106,polyak,0.0009048936757237456,True,,0.4712499178613788,0.4183895546635016,0.3214305634602154,19.160564914330457,11.23120758086176,0.21934917286296046,nan,nan,0.6211989521980286,0.5285080075263977,2815550.25,training,0.5285080075263977,0.09269094467163086,-1.0,3791,9,25,1.3606116771697998
514,van_rossum,superspike,16.8030210225581,polyak,1.032589476642299e-05,True,,0.3191873880622663,0.18019417370894997,nan,nan,nan,nan,21.25264261185892,0.5980800591118203,4.690298557281494,5.746847152709961,28.29551124572754,warmstart,4.690298557281494,-1.0565485954284668,0.30555555555555564,9,9,25,2.456775188446045
515,guarino,superspike,1.3767974382934884,polyak,0.0004991420403716644,False,,0.7543412047188676,0.9163864104223756,0.2975571715180841,15.607528572019017,6.578234883534545,0.23712404701332235,nan,nan,0.973044753074646,1.478777289390564,1.4819079637527466,warmstart,0.973044753074646,-0.505732536315918,0.7719298245614036,10,9,25,1.2977869510650635
516,guarino,superspike,0.7450712564866058,polyak,0.039425920453182765,True,,1.1156642748991565,0.3322445154020879,0.27602506031401947,13.573427483977408,1.4569590377921533,0.15046227362996853,nan,nan,0.747437596321106,0.3628996014595032,0.6367868185043335,training,0.3628996014595032,0.3845379948616028,-0.38888888888888884,9,9,25,1.3596689701080322
517,van_rossum,superspike,4.95085035234735,polyak,0.002160541930916717,False,,0.8177679639896607,0.059362880258923556,nan,nan,nan,nan,15.359767029228866,0.716336800129603,5.237499713897705,5.058429718017578,108263.0546875,training,5.058429718017578,0.17906999588012695,0.0,0,9,25,1.9723498821258545
518,van_rossum,superspike,2.7497325686943856,polyak,4.6503375526173124e-05,False,,0.28399245963394815,0.2302113587793363,nan,nan,nan,nan,21.186965135205224,0.7712878409517714,7.790841102600098,7.956324100494385,7.956324100494385,warmstart,7.790841102600098,-0.1654829978942871,-0.5625,9,9,25,2.4180562496185303
519,guarino,superspike,17.354173799901496,polyak,0.0010715648579267974,False,,0.19389891884309862,0.26807878240970484,0.47594590004480397,8.287486041746448,13.319716440518125,0.2928380337487768,nan,nan,0.8907425403594971,0.8446835875511169,2.6412057876586914,training,0.8446835875511169,0.04605895280838013,0.020761245674740504,8,9,25,1.299905776977539
520,guarino,superspike,5.9484185930867275,polyak,0.0001560698670914542,True,,0.3317421288109569,0.6830766011577799,0.4637894291533771,6.683642729990103,7.109623078348854,0.25627221755813184,nan,nan,1.0045737028121948,1.1824225187301636,1.2118099927902222,warmstart,1.0045737028121948,-0.17784881591796875,0.007142857142857149,11,9,25,1.3356437683105469
521,van_rossum,superspike,0.5723495937343598,polyak,0.0034317992780890537,False,,1.465005550209099,0.6501305992980432,nan,nan,nan,nan,41.10461742323203,0.07565946262506729,0.8738211989402771,0.9283322691917419,0.9283322691917419,warmstart,0.8738211989402771,-0.054511070251464844,0.020761245674740504,8,9,25,3.3621349334716797
522,van_rossum,superspike,1.2976672289239473,polyak,0.024419069389742372,False,,0.24072660490779346,0.7906494627008573,nan,nan,nan,nan,8.75004726392412,0.3773917714049878,2.907339096069336,4.685149192810059,11.377181053161621,warmstart,2.907339096069336,-1.7778100967407227,-0.38888888888888884,9,9,25,1.4119930267333984
523,van_rossum,superspike,9.966399721968013,polyak,0.0029160427854437263,True,,0.44891755818310564,0.7037061351632893,nan,nan,nan,nan,4.8656916434153015,0.5999988085596921,6.966721057891846,6.055389404296875,7.082643032073975,training,6.055389404296875,0.9113316535949707,-0.09027777777777786,7,9,25,1.3842840194702148
524,van_rossum,superspike,0.6359155084165484,polyak,0.00019523556669778918,True,,1.3448435098804619,0.7683525058504805,nan,nan,nan,nan,18.24028937243443,0.6679232304681411,4.160149097442627,3.792144298553467,3.820434808731079,training,3.792144298553467,0.36800479888916016,0.7128027681660901,8,9,25,2.2628848552703857
525,van_rossum,superspike,1.627218641886186,polyak,0.00928019426128943,False,,0.20709259342785707,0.41733604017340153,nan,nan,nan,nan,1.2411576187111961,0.9476983214653384,8.565515518188477,9.351616859436035,9.363767623901367,warmstart,8.565515518188477,-0.7861013412475586,0.0,0,9,25,1.3201820850372314
526,van_rossum,superspike,0.7679500935034287,polyak,1.0240341547081018e-05,True,,0.7453822983771698,0.9492321321243601,nan,nan,nan,nan,9.394364001605705,0.3729391380882292,4.7165913581848145,4.450800895690918,4.450818061828613,training,4.450800895690918,0.2657904624938965,0.08333333333333325,7,9,25,1.487441062927246
527,guarino,superspike,2.069015325936944,polyak,0.0001855769596713859,True,,1.2296737434897587,0.22244541739167467,0.28770398139939907,1.7715586003750716,5.070860635735777,0.2285284815966249,nan,nan,0.39565643668174744,0.8152598738670349,0.8152598738670349,warmstart,0.39565643668174744,-0.4196034371852875,-0.5625,9,9,25,1.351166009902954
528,van_rossum,superspike,15.747798848185452,polyak,3.814180311569919e-05,True,,0.6763099096503435,0.7716076001058686,nan,nan,nan,nan,4.216763517334468,0.6325084961536467,6.79335355758667,6.63163423538208,6.63163423538208,training,6.63163423538208,0.16171932220458984,0.32280701754385965,6,9,25,1.171792984008789
529,van_rossum,superspike,1.3307704117110062,polyak,0.07155331688037236,False,,1.459357650317044,0.996919572209523,nan,nan,nan,nan,13.739479189561079,0.4516854958057447,4.379515171051025,2.72939395904541,2.775447368621826,training,2.72939395904541,1.6501212120056152,1.0,9,9,25,1.8004379272460938
530,guarino,superspike,0.5620601382714705,polyak,0.0004956301549738947,False,,0.612531293128995,0.22479110186807127,0.16129547309289535,12.098652028407722,7.037657408250558,0.2490755727051869,nan,nan,0.15468831360340118,0.3925323188304901,0.3925323188304901,warmstart,0.15468831360340118,-0.23784400522708893,-0.5625,9,9,25,1.3286209106445312
531,guarino,superspike,3.2747565086012624,polyak,5.29432337535467e-05,True,,0.5595455836414358,0.6661311046544097,0.24566977557341874,15.807491368624184,9.093849872900151,0.0707313518921876,nan,nan,0.8350463509559631,0.9179232120513916,0.9179232120513916,warmstart,0.8350463509559631,-0.08287686109542847,-0.1522491349480969,8,9,1,1.3434250354766846
532,guarino,superspike,12.087149231733763,polyak,1.687035168688771e-05,False,,0.598834087803741,0.8566151423839511,0.2269295093318884,3.2396339443822386,6.0530405065701265,0.1800088325228845,nan,nan,0.1793450117111206,0.21818305552005768,0.21818320453166962,warmstart,0.1793450117111206,-0.03883804380893707,1.0,9,9,25,1.3103139400482178
533,guarino,superspike,7.621809507048126,polyak,0.0005773255401348642,False,,0.6607589627508906,0.507687779735764,0.2560289870720196,16.508592523217178,18.306175631817556,0.23603360256331019,nan,nan,0.7817171812057495,0.7721741795539856,3396470.0,training,0.7721741795539856,0.009543001651763916,0.4021164021164022,18,9,25,1.3213880062103271
534,van_rossum,superspike,13.974585496562081,polyak,0.024827380257611418,False,,0.6367301512237653,0.9090002020927456,nan,nan,nan,nan,1.6018514468519809,0.027986559208900363,4.0023674964904785,5.299936771392822,5.713115692138672,warmstart,4.0023674964904785,-1.2975692749023438,-0.2637362637362637,4,9,25,0.9961807727813721
535,van_rossum,superspike,0.5071777300889061,polyak,0.0081325774775913,False,,1.4666218014649441,0.6914175930297486,nan,nan,nan,nan,1.2266245215734148,0.09262780874197363,2.6857821941375732,5.158593654632568,6.73181676864624,warmstart,2.6857821941375732,-2.472811460494995,-0.5625,9,9,25,0.985457181930542
536,van_rossum,superspike,6.778170730224623,polyak,0.011305699714511962,False,,0.4419841332831124,0.5049147371706423,nan,nan,nan,nan,2.3925008566311807,0.3789296574554981,6.294109344482422,6.337591648101807,6.337591648101807,warmstart,6.294109344482422,-0.043482303619384766,0.0,0,9,25,1.0393822193145752
537,van_rossum,superspike,0.9600470123546825,polyak,0.0004463952435829983,True,,1.1029977850233572,0.24322079589035173,nan,nan,nan,nan,30.781742684199976,0.379551107074678,2.1563289165496826,1.459362268447876,17.960403442382812,training,1.459362268447876,0.6969666481018066,0.0,0,9,25,2.869969367980957
538,van_rossum,superspike,8.917279484418314,polyak,0.00022787726365273127,True,,1.417619078057103,0.03061060956023609,nan,nan,nan,nan,1.6821562934368797,0.5887870315604908,8.011543273925781,7.493424415588379,7.493424415588379,training,7.493424415588379,0.5181188583374023,0.0,0,9,25,1.0275931358337402
539,van_rossum,superspike,2.685491066197074,polyak,0.00391619366985495,True,,0.47633234083135945,0.25306413169772035,nan,nan,nan,nan,47.682906999807884,0.20685236170151533,1.821960210800171,1.8259053230285645,2584065.75,warmstart,1.821960210800171,-0.003945112228393555,0.30555555555555564,9,9,25,3.7107479572296143
540,guarino,superspike,6.4488360262381725,polyak,0.0025970663857293884,False,,0.5063193700409377,0.26073599775671463,0.37344235178666846,15.085866086047451,7.216911130098195,0.2628681332518511,nan,nan,0.5604557394981384,0.5836524367332458,3850477.0,warmstart,0.5604557394981384,-0.023196697235107422,0.47916666666666674,9,9,25,1.3048219680786133
541,guarino,superspike,1.105113903450463,polyak,0.006497430752410105,False,,1.2596418723754208,0.5812395946554776,0.2675512452982003,5.963870680604976,16.049251626734648,0.059061302569310165,nan,nan,0.7512064576148987,0.8965760469436646,0.8965760469436646,warmstart,0.7512064576148987,-0.14536958932876587,0.24561403508771928,10,9,25,1.5057342052459717
542,van_rossum,superspike,7.84602583138316,polyak,0.0007184614273641723,False,,0.02593953662217463,0.1842699986668217,nan,nan,nan,nan,10.006840145816009,0.6942170596879913,6.312335014343262,5.466076374053955,376.244873046875,training,5.466076374053955,0.8462586402893066,0.0,0,9,25,1.8504061698913574
543,van_rossum,superspike,8.792889038791554,polyak,0.07621959819954367,True,,0.4100477253529173,0.029409602623172826,nan,nan,nan,nan,3.6279515137199625,0.7084801187126533,9.292852401733398,9.28183364868164,26.076274871826172,training,9.28183364868164,0.011018753051757812,0.14736842105263157,6,9,25,1.1180620193481445
544,guarino,superspike,14.390822472301299,polyak,2.5855647064810325e-05,True,,0.22453383671719623,0.3834496792194131,0.34514692333830527,12.09750655266283,2.4068110618907075,0.28752744112394024,nan,nan,0.5685139298439026,0.5142996907234192,489178.53125,training,0.5142996907234192,0.0542142391204834,0.1833333333333335,21,9,25,1.3519458770751953
545,guarino,superspike,4.901631223294931,polyak,0.02067833503127707,False,,0.5432605137440107,0.9847585300318772,0.11344430317849723,8.807661023044476,17.594101298652543,0.2701442239517763,nan,nan,0.5495489239692688,0.7964802384376526,0.8182080984115601,warmstart,0.5495489239692688,-0.2469313144683838,-0.5625,9,9,25,1.3317468166351318
546,van_rossum,superspike,10.05807978015521,polyak,0.0020122276173346527,False,,1.2683169638310066,0.19377147152076724,nan,nan,nan,nan,2.0619623414227997,0.440376801584787,4.298993110656738,8.947815895080566,18.128271102905273,warmstart,4.298993110656738,-4.648822784423828,-0.49826989619377166,8,9,25,1.030897855758667
547,van_rossum,superspike,1.5440447038906069,polyak,7.225830507632347e-05,True,,0.3222290470882432,0.6228509494305482,nan,nan,nan,nan,1.9270915334800445,0.36270635917989036,5.752817630767822,6.266162872314453,6.605332374572754,warmstart,5.752817630767822,-0.5133452415466309,0.7777777777777777,7,9,25,1.0523011684417725
548,van_rossum,superspike,14.052539118511874,polyak,0.004179828482575976,False,,0.9209187947076757,0.8867346521661681,nan,nan,nan,nan,1.2573558027533223,0.8376795120075803,8.97556209564209,8.729146003723145,8.729146003723145,training,8.729146003723145,0.2464160919189453,0.0,0,9,25,1.0086841583251953
549,guarino,superspike,6.3997817917448065,polyak,0.00692802987131721,False,,1.2211967411484415,0.5102872691763625,0.43180550515179905,2.658422407103346,1.8137699827801037,0.1910971144483049,nan,nan,0.4425254166126251,0.4696097671985626,2747608.75,warmstart,0.4425254166126251,-0.0270843505859375,-0.04166666666666662,9,9,3,1.2720630168914795
550,van_rossum,superspike,13.988900502249669,polyak,0.0005971343755502637,True,,0.5975223126654698,0.896183667971543,nan,nan,nan,nan,37.57000122010255,0.972835948318037,7.1615495681762695,7.946560859680176,8.053919792175293,warmstart,7.1615495681762695,-0.7850112915039062,0.43055555555555547,7,9,25,3.503023147583008
551,van_rossum,superspike,16.274888066632407,polyak,2.375448319861817e-05,False,,0.08325544355570902,0.3391070522180205,nan,nan,nan,nan,1.697908207321085,0.4791350924629122,7.089094638824463,7.11649751663208,7.849403381347656,warmstart,7.089094638824463,-0.027402877807617188,0.5397923875432526,8,9,25,1.0133183002471924
552,van_rossum,superspike,6.671464081667682,polyak,0.001520430533903353,True,,1.223014094593819,0.8400843726481325,nan,nan,nan,nan,9.973097980366152,0.965927791853937,8.058343887329102,9.030845642089844,9.641817092895508,warmstart,8.058343887329102,-0.9725017547607422,-0.04166666666666662,9,9,25,1.6332471370697021
553,van_rossum,superspike,1.6954591826461618,polyak,0.0031793028411812993,True,,0.39544157890356607,0.9474080939024966,nan,nan,nan,nan,5.034790450427442,0.24498759429885453,3.21748685836792,0.9536038637161255,1.3788599967956543,training,0.9536038637161255,2.2638829946517944,1.0,9,9,25,1.220898151397705
554,van_rossum,superspike,4.013678945771955,polyak,0.000189371869042281,False,,0.0016381114685128928,0.8660961728784851,nan,nan,nan,nan,5.365529905882928,0.4920884850539967,6.889255046844482,5.027377605438232,5.027377605438232,training,5.027377605438232,1.86187744140625,0.08333333333333325,7,9,25,1.2195439338684082
555,van_rossum,superspike,1.0821913928153022,polyak,0.007259911386943973,False,,0.8244204558304663,0.6921838986439929,nan,nan,nan,nan,4.656721867614336,0.7513373397254689,5.90248966217041,7.686913967132568,12.80054759979248,warmstart,5.90248966217041,-1.7844243049621582,0.47916666666666674,9,9,4,1.0987119674682617
556,van_rossum,superspike,12.939302130684707,polyak,0.0038482644120405064,True,,0.34955883089787443,0.5441091147216865,nan,nan,nan,nan,19.244870655600923,0.9393633148727528,8.207226753234863,6.6663594245910645,10.543866157531738,training,6.6663594245910645,1.5408673286437988,-0.21527777777777773,9,9,25,2.623300790786743
557,van_rossum,superspike,1.1555220926767196,polyak,0.0006258993407929109,True,,0.7330307270504542,0.00882392580448621,nan,nan,nan,nan,2.5825396566024046,0.9784548304785041,10.049727439880371,9.686671257019043,10.931896209716797,training,9.686671257019043,0.3630561828613281,0.0,0,9,25,1.0838980674743652
558,van_rossum,superspike,16.003887905341283,polyak,4.919797553511899e-05,True,,0.694068252892236,0.10204299847463416,nan,nan,nan,nan,3.768675109037997,0.06509775476052648,2.510347604751587,5.124374866485596,5.612760066986084,warmstart,2.510347604751587,-2.614027261734009,-0.49826989619377166,8,9,25,1.1388070583343506
559,guarino,superspike,15.537332325448268,polyak,6.254598684079377e-05,True,,1.1230711328517484,0.7257194731003539,0.36463179672175944,1.4964152072752337,5.939234047773264,0.2519685533562898,nan,nan,0.8931500315666199,0.721663236618042,0.8301090002059937,training,0.721663236618042,0.17148679494857788,0.020761245674740504,8,9,25,1.5346198081970215
560,van_rossum,superspike,15.893984309072719,polyak,0.0021354067307349754,False,,0.5000435504356322,0.3971394463995984,nan,nan,nan,nan,17.078137431580142,0.3762726516860836,4.067282676696777,3.7522075176239014,24.261240005493164,training,3.7522075176239014,0.315075159072876,0.30555555555555564,9,9,25,2.358167886734009
561,van_rossum,superspike,4.72367750030878,polyak,0.0005760754234784687,True,,1.3542424613580668,0.8002836166454186,nan,nan,nan,nan,25.14150860144202,0.25840840856731295,3.0633304119110107,2.8508310317993164,2.8508310317993164,training,2.8508310317993164,0.21249938011169434,-1.0,65,9,4,2.929539203643799
562,guarino,superspike,1.4221997168439189,polyak,0.00022493618684228862,False,,0.9072368371142387,0.5835653219000632,0.16507028912084393,4.922061254890942,16.70080561135578,0.02781700130290996,nan,nan,0.575622022151947,0.9424625635147095,0.9424811005592346,warmstart,0.575622022151947,-0.36684054136276245,0.5397923875432526,8,9,25,1.3699960708618164
563,van_rossum,superspike,1.1040704405147241,polyak,9.22004925011176e-05,False,,0.5872716226201969,0.5529951203076955,nan,nan,nan,nan,2.4833160126895444,0.22234518111376567,4.686463832855225,7.906246662139893,7.906398296356201,warmstart,4.686463832855225,-3.219782829284668,-0.38888888888888884,9,9,25,1.031371831893921
564,van_rossum,superspike,6.373902334641527,polyak,0.0023394517864677613,True,,0.8094690771020203,0.07551038013625655,nan,nan,nan,nan,32.94695660132741,0.6255052154151076,5.928958415985107,5.723498344421387,6242.783203125,training,5.723498344421387,0.2054600715637207,-1.0,190,9,25,3.3833110332489014
565,guarino,superspike,2.179432059948226,polyak,0.05181011459726333,True,,0.6198495118883606,0.6239611230550356,0.41075366171714706,13.700761236389532,17.151039891335984,0.03419117611220949,nan,nan,0.8059377074241638,0.7497181296348572,13.168896675109863,training,0.7497181296348572,0.05621957778930664,-0.24175824175824182,12,9,25,1.3584299087524414
566,van_rossum,superspike,0.5422230335642569,polyak,0.08387108716198118,False,,0.3887197735653076,0.5931083088978353,nan,nan,nan,nan,3.2368039500552443,0.3706216202104349,6.036774635314941,nan,nan,warmstart,6.036774635314941,nan,0.46886446886446886,4,9,0,1.0275688171386719
567,van_rossum,superspike,4.695032594877117,polyak,8.880049919687237e-05,False,,1.2779021554377432,0.573981063944269,nan,nan,nan,nan,5.059140279235825,0.8119673220884834,7.474405765533447,7.465535640716553,8.405827522277832,training,7.465535640716553,0.008870124816894531,0.30555555555555564,9,9,2,1.1273250579833984
568,van_rossum,superspike,0.9117191420908296,polyak,0.06272666546485497,True,,0.983332668583299,0.23086066128452598,nan,nan,nan,nan,2.263482315342927,0.9238750391204216,11.975821495056152,11.12606430053711,11.12606430053711,training,11.12606430053711,0.849757194519043,0.5454545454545442,24,9,1,1.025658130645752
569,guarino,superspike,0.6218939732394143,polyak,0.06790312558895636,False,,0.5468202731406644,0.9438679297519796,0.1254768309327039,3.939004543512935,2.389124960174258,0.11738082227524521,nan,nan,0.28730475902557373,0.9120053052902222,0.9282788038253784,warmstart,0.28730475902557373,-0.6247005462646484,-0.6315789473684211,10,9,25,1.340019941329956
570,van_rossum,superspike,8.462658457092715,polyak,9.95407223758703e-05,False,,1.1392328954527913,0.5673975748963909,nan,nan,nan,nan,4.197914272305018,0.08349237801605769,2.206038475036621,2.300611734390259,8.489886283874512,warmstart,2.206038475036621,-0.0945732593536377,0.8858131487889275,8,9,25,1.1337709426879883
571,van_rossum,superspike,1.8137493939726916,polyak,0.0008913934576279785,False,,1.4621691420864789,0.7261373830764085,nan,nan,nan,nan,2.8409867744491564,0.3714716901680335,6.178285598754883,7.299227237701416,7.943880558013916,warmstart,6.178285598754883,-1.1209416389465332,-0.2637362637362637,4,9,25,1.0644221305847168
572,guarino,superspike,3.2114320024613705,polyak,2.6474667600421292e-05,False,,0.2515115815802491,0.4011012572201449,0.4617225552967486,7.637802869148038,5.746063363495259,0.22285866625478276,nan,nan,0.35902732610702515,0.3933979272842407,3396.60888671875,warmstart,0.35902732610702515,-0.034370601177215576,-0.5625,9,9,25,1.2827210426330566
573,guarino,superspike,0.5044614631596013,polyak,0.00023877281249172516,True,,0.5896699245137839,0.21917413965322596,0.2588030888603457,15.294621942669323,3.2692286490538143,0.20752561009399434,nan,nan,0.28597602248191833,1.402166485786438,136800.921875,warmstart,0.28597602248191833,-1.1161904633045197,-0.5625,9,9,25,1.3158819675445557
574,guarino,superspike,1.064012763997769,polyak,0.0015452816811151247,False,,1.3781166317732318,0.8703375100375215,0.18762312004917203,9.143353137557103,1.6943017825117628,0.16324905229474482,nan,nan,0.2574426829814911,1.07816743850708,1.2796931266784668,warmstart,0.2574426829814911,-0.820724755525589,-0.49826989619377166,8,9,25,1.3141191005706787
575,van_rossum,superspike,2.8906347172080844,polyak,5.8490843266677234e-05,False,,0.12042049049391751,0.5845879911684221,nan,nan,nan,nan,2.2981537710244244,0.6849364371235602,7.662842750549316,7.829784870147705,10.596467971801758,warmstart,7.662842750549316,-0.16694211959838867,0.5397923875432526,8,9,25,1.022535800933838
576,guarino,superspike,1.8508475468958927,polyak,0.021277916330270517,True,,0.7659872775700707,0.62699483994051,0.11339275851715042,1.440043316120712,1.9642228456747395,0.27117604445946475,nan,nan,0.774284839630127,0.2534223198890686,0.2674683928489685,training,0.2534223198890686,0.5208625197410583,0.47916666666666674,9,9,25,1.3467779159545898
577,guarino,superspike,13.60444192761777,polyak,4.3926800443121276e-05,True,,1.3515129437560622,0.4846169390945161,0.21780132168041008,11.519478103663074,19.646549323810117,0.03588913657231286,nan,nan,0.4846745729446411,1.003818392753601,13.288331031799316,warmstart,0.4846745729446411,-0.51914381980896,-0.5625,9,9,25,1.3204917907714844
578,van_rossum,superspike,5.216282843459789,polyak,0.002022050877776461,False,,1.0847408910822758,0.8364045329374012,nan,nan,nan,nan,4.955838568677401,0.42296727546222745,6.19625186920166,4.340680122375488,4.534493446350098,training,4.340680122375488,1.8555717468261719,0.25694444444444436,7,9,25,1.3523061275482178
579,van_rossum,superspike,4.2908166357879844,polyak,0.0005218264393345468,True,,1.0036148331407688,0.43495346329040097,nan,nan,nan,nan,5.7629589764523725,0.7014011293817086,4.925290107727051,10.256321907043457,763410.375,warmstart,4.925290107727051,-5.331031799316406,-0.5625,9,9,25,1.6566221714019775
580,guarino,superspike,0.9342092514670695,polyak,0.0022544670201162585,True,,1.251448330069029,0.9324140636453325,0.4213896707723453,4.590403520888707,14.538941422637297,0.264046484245753,nan,nan,0.5283967852592468,0.7257400751113892,0.7530570030212402,warmstart,0.5283967852592468,-0.19734328985214233,-0.5625,9,9,25,1.3441870212554932
581,van_rossum,superspike,16.216001104170775,polyak,0.026747878482864564,False,,0.14029522696189245,0.2801383876314065,nan,nan,nan,nan,27.036596656467832,0.655814507633216,6.124574661254883,5.848458766937256,2516689.25,training,5.848458766937256,0.27611589431762695,0.0,0,9,25,3.0244967937469482
582,van_rossum,superspike,0.5147808404105328,polyak,1.2607039179453034e-05,True,,1.3233240246023927,0.6452815277610775,nan,nan,nan,nan,19.789613896381322,0.784016000956908,5.725815296173096,6.840213775634766,6.841887474060059,warmstart,5.725815296173096,-1.11439847946167,0.08333333333333325,7,9,25,2.697427988052368
583,guarino,superspike,2.2920708471852045,polyak,0.028502180077180042,True,,0.6508893102153959,0.6800476495692706,0.09968695622713489,16.052818343330912,18.896149360049705,0.027280446323093576,nan,nan,0.3875594437122345,0.5543503165245056,0.5543503165245056,warmstart,0.3875594437122345,-0.16679087281227112,-0.38888888888888884,9,9,1,1.3072330951690674
584,van_rossum,superspike,3.8229219456876606,polyak,0.04752594764061747,True,,0.9832801126671341,0.65839665931507,nan,nan,nan,nan,27.126668907335684,0.6532456772924209,4.422989845275879,4.516350269317627,31.155364990234375,warmstart,4.422989845275879,-0.09336042404174805,0.1319444444444445,9,9,25,3.122694969177246
585,van_rossum,superspike,2.3240710888138976,polyak,1.2654327398772287e-05,False,,0.34761279613754725,0.7935820118319684,nan,nan,nan,nan,5.79876393926698,0.28031054303513314,4.315606117248535,2.921665668487549,2.921665668487549,training,2.921665668487549,1.3939404487609863,0.7128027681660901,8,9,25,1.2650179862976074
586,van_rossum,superspike,16.145519470657355,polyak,1.793487677889799e-05,True,,1.198852114947708,0.7087661482198349,nan,nan,nan,nan,2.2476582862008083,0.9317022663401231,7.217265605926514,6.779289245605469,13.223795890808105,training,6.779289245605469,0.4379763603210449,0.020761245674740504,8,9,25,1.0825059413909912
587,van_rossum,superspike,0.5113642978698335,polyak,1.1834179825413013e-05,True,,0.24290453006758445,0.5987384356281452,nan,nan,nan,nan,14.359450597596378,0.27936559294849683,2.8004446029663086,2.7009940147399902,2.7010748386383057,training,2.7009940147399902,0.09945058822631836,0.4210526315789474,10,9,25,2.1599409580230713
588,van_rossum,superspike,17.257777150222157,polyak,0.00037680366708808973,True,,0.8433413319323502,0.9287065948874371,nan,nan,nan,nan,1.8906497966615383,0.5504856032783381,7.483036041259766,7.309056758880615,7.309056758880615,training,7.309056758880615,0.1739792823791504,0.0,0,9,25,1.05466890335083
589,van_rossum,superspike,10.328748171432037,polyak,0.006017810090172019,True,,0.3970728265341103,0.6420535004227813,nan,nan,nan,nan,1.160365000025278,0.19689014389003456,5.781834602355957,5.592343330383301,5.592343330383301,training,5.592343330383301,0.18949127197265625,0.0,0,9,25,1.0414111614227295
590,guarino,superspike,0.9807551957634566,polyak,1.0711623062844519e-05,False,,0.47120216114706603,0.9741788715987626,0.2038564876142104,10.5817927098877,15.172779894513846,0.16532403062376483,nan,nan,0.734407365322113,0.7516005635261536,0.7516015768051147,warmstart,0.734407365322113,-0.017193198204040527,0.36678200692041524,8,9,25,1.3406050205230713
591,van_rossum,superspike,0.8555120981572504,polyak,0.005136826895974541,True,,0.4499496487452518,0.8745773278432823,nan,nan,nan,nan,3.2937897519602983,0.2438321193764973,3.802452325820923,2.576434373855591,3.307497024536133,training,2.576434373855591,1.226017951965332,1.0,9,9,25,1.119124174118042
592,van_rossum,superspike,9.355520721479303,polyak,0.0032479873041664138,True,,1.4155417474873722,0.8025075292560081,nan,nan,nan,nan,4.785629314260254,0.9508118432576832,10.053547859191895,10.514079093933105,17.56144905090332,warmstart,10.053547859191895,-0.46053123474121094,0.36678200692041524,8,9,25,1.2412590980529785
593,guarino,superspike,3.5899434037502163,polyak,1.0174179406355275e-05,True,,0.5428882316632926,0.14015843427795305,0.247062135652286,10.237368576287848,13.11065149942759,0.15736873210568392,nan,nan,0.3534376621246338,0.7518691420555115,0.7726836204528809,warmstart,0.3534376621246338,-0.3984314799308777,-0.5625,9,9,25,1.3157639503479004
594,van_rossum,superspike,2.4149705903365857,polyak,0.00043851883381173764,True,,0.8045079545810142,0.05059441289910327,nan,nan,nan,nan,3.2204775347304273,0.9878941735623735,9.912897109985352,15.016181945800781,446737.65625,warmstart,9.912897109985352,-5.10328483581543,-0.5625,9,9,25,1.1199018955230713
595,guarino,superspike,7.367048466841438,polyak,0.0037259842704565334,True,,0.17256422304330377,0.6338468673535771,0.30700224584247154,14.033982147064457,4.382739258901977,0.21797637186515012,nan,nan,0.32964444160461426,0.664967954158783,25923.16796875,warmstart,0.32964444160461426,-0.3353235125541687,-0.5625,9,9,25,1.3509387969970703
596,van_rossum,superspike,14.117950827123973,polyak,0.00044112054030271574,False,,1.2969980070466385,0.5086593435227916,nan,nan,nan,nan,7.556663721521435,0.005216321064894336,1.6404430866241455,1.9962413311004639,2.1850829124450684,warmstart,1.6404430866241455,-0.35579824447631836,-0.32525951557093424,8,9,25,1.408397912979126
597,guarino,superspike,1.4285320131296682,polyak,0.09087569330219886,False,,0.4790902322360525,0.32142147496464823,0.22072366441974317,14.010837450404562,5.707132174976327,0.13808080324081584,nan,nan,0.7957265973091125,0.6410731673240662,1987153.625,training,0.6410731673240662,0.1546534299850464,0.18571428571428572,11,9,25,1.5133860111236572
598,guarino,superspike,0.9959055260428356,polyak,0.0009202786640329536,False,,0.8457406622023184,0.4256520405975992,0.17264969289381232,6.293809910819153,19.850434970473884,0.2771032121970751,nan,nan,0.6695510149002075,1.150045394897461,1.1576018333435059,warmstart,0.6695510149002075,-0.4804943799972534,-0.5625,9,9,25,1.7053661346435547
599,guarino,superspike,1.8157114500879121,polyak,0.08749364367303576,False,,0.19100015925997083,0.7289720060005754,0.39984582200785856,13.773197405818543,15.747720746438581,0.20811647162795166,nan,nan,0.35285696387290955,0.40034347772598267,1.2549827098846436,warmstart,0.35285696387290955,-0.04748651385307312,0.30555555555555564,9,9,25,1.3034653663635254
600,guarino,superspike,1.2881778989265908,polyak,1.3418930799874615e-05,True,,1.2378203454739563,0.50599113381086,0.1969849095927899,1.217152999399434,1.671221449451006,0.23778698116808838,nan,nan,0.7158306837081909,0.9975528717041016,1.017366647720337,warmstart,0.7158306837081909,-0.28172218799591064,0.020761245674740504,8,9,25,1.3386821746826172
601,van_rossum,superspike,1.0849586549470043,polyak,0.0002369650655746873,False,,0.6300446087747278,0.12862779912128963,nan,nan,nan,nan,1.164210599485593,0.03545872694893892,4.590311527252197,5.674008369445801,5.678966045379639,warmstart,4.590311527252197,-1.0836968421936035,0.05533596837944664,2,9,25,0.9881031513214111
602,van_rossum,superspike,1.026655920388104,polyak,1.6768091848928426e-05,False,,0.7970146579054589,0.039627261458415775,nan,nan,nan,nan,23.103150267574044,0.4929620689458105,4.005668640136719,4.041531085968018,429113.5,warmstart,4.005668640136719,-0.03586244583129883,0.8858131487889275,8,9,25,2.6953189373016357
603,guarino,superspike,1.909410725172201,polyak,7.82376123219015e-05,False,,0.5675814018786022,0.4804494142867909,0.3934344092342007,6.206398516295191,11.212019768154784,0.10054837479860652,nan,nan,0.5927008390426636,0.9858677387237549,0.985882043838501,warmstart,0.5927008390426636,-0.3931668996810913,-0.5625,9,9,25,1.3076171875
604,van_rossum,superspike,2.1987170264863862,polyak,0.0059740068580301986,True,,1.28488992880317,0.7787437138620732,nan,nan,nan,nan,8.444676785407841,0.7226943202595297,6.631667613983154,6.40269136428833,7.041085720062256,training,6.40269136428833,0.22897624969482422,0.14736842105263157,6,9,25,1.4905540943145752
605,guarino,superspike,2.1273288706532067,polyak,5.917426139057827e-05,True,,0.1524231643464239,0.2699191530267564,0.34948429067586056,8.572357339533635,9.007792095214747,0.23937757588751676,nan,nan,0.21449792385101318,0.6841658353805542,54.88920211791992,warmstart,0.21449792385101318,-0.469667911529541,-0.5625,9,9,25,1.3472421169281006
606,guarino,superspike,6.047614283705231,polyak,5.229623298411607e-05,True,,0.672543241237143,0.7980804376193656,0.43986333332393296,5.509374780181069,12.323274025842592,0.04713057082153601,nan,nan,0.4158066511154175,0.2393648475408554,0.24517326056957245,training,0.2393648475408554,0.17644180357456207,1.0,9,9,25,1.3448920249938965
607,guarino,superspike,10.251584120073485,polyak,0.034792336336511825,False,,0.496197329197076,0.744340259012654,0.30177083969115087,12.25993816534822,10.071076619910775,0.18007834439066148,nan,nan,0.8215460181236267,0.9587281942367554,1.204898715019226,warmstart,0.8215460181236267,-0.13718217611312866,0.36678200692041524,8,9,25,1.3202390670776367
608,guarino,superspike,3.8005023215969382,polyak,1.2432900958816855e-05,True,,1.1827867257031734,0.9094683959294906,0.44619317410218695,16.637320774593114,19.8521124132178,0.17592058666137989,nan,nan,0.7588030695915222,1.4326626062393188,1.4350665807724,warmstart,0.7588030695915222,-0.6738595366477966,0.07017543859649122,10,9,25,1.3338098526000977
609,van_rossum,superspike,2.062839544907384,polyak,0.00039830876513744645,True,,1.1067068067215131,0.8797371026576145,nan,nan,nan,nan,30.763442205157276,0.7213396243862599,4.249057292938232,1.6144437789916992,5.423730373382568,training,1.6144437789916992,2.634613513946533,0.1319444444444445,9,9,7,2.7996790409088135
610,van_rossum,superspike,2.1083813545932393,polyak,2.120497310715646e-05,True,,0.9721752075362825,0.7311979996228418,nan,nan,nan,nan,1.9766773821065997,0.6944367193087689,8.436705589294434,8.331612586975098,8.722007751464844,training,8.331612586975098,0.10509300231933594,0.13333333333333336,1,9,25,1.0644817352294922
611,van_rossum,superspike,4.431514638563409,polyak,0.015462687873322445,False,,0.5864397119523369,0.1499421769268947,nan,nan,nan,nan,1.6983809964446293,0.597477596656598,7.177424430847168,7.982844352722168,7.982844352722168,warmstart,7.177424430847168,-0.805419921875,0.0,0,9,25,0.9983899593353271
612,van_rossum,superspike,2.0875771609725775,polyak,0.025876688697695202,False,,0.8939409149116768,0.06755343173266992,nan,nan,nan,nan,6.361759959604531,0.09033168302809258,1.2746517658233643,1.7548145055770874,4.689389705657959,warmstart,1.2746517658233643,-0.48016273975372314,1.0,9,9,25,1.2871849536895752
613,van_rossum,superspike,0.5435882064875732,polyak,0.0001648767104145621,True,,1.0356212575156825,0.1719966783661433,nan,nan,nan,nan,6.820688550714241,0.7219041809779858,7.840756416320801,5.111223220825195,5.115424633026123,training,5.111223220825195,2.7295331954956055,0.36678200692041524,8,9,25,1.3666298389434814
614,guarino,superspike,8.783052945198056,polyak,1.3939340343946397e-05,True,,1.1753839064482792,0.7063878798115087,0.3883940996757626,5.649839081598309,8.478313654375153,0.03592524816216569,nan,nan,0.7123458981513977,1.0182769298553467,1.018636703491211,warmstart,0.7123458981513977,-0.305931031703949,-0.2807017543859649,10,9,25,1.3320329189300537
615,van_rossum,superspike,1.7817384451216824,polyak,0.06174107088105424,True,,0.6102306801750761,0.8135253114345706,nan,nan,nan,nan,5.655235023624735,0.23462532290814597,3.593121290206909,3.688162326812744,3.688162326812744,warmstart,3.593121290206909,-0.09504103660583496,0.7719298245614036,10,9,1,1.1784400939941406
616,van_rossum,superspike,1.1234456223728735,polyak,0.02951921963932172,True,,1.1210506053994522,0.4102789884141841,nan,nan,nan,nan,18.60020361847445,0.006995941809373019,0.9231665730476379,0.9385870695114136,0.9385870695114136,warmstart,0.9231665730476379,-0.015420496463775635,-0.21527777777777773,9,9,1,2.428632974624634
617,guarino,superspike,4.753921684476514,polyak,0.00013335658230763974,False,,1.4423113057382981,0.8095299568090221,0.48132479886085755,5.138824694994416,1.338375084423741,0.13117847272143193,nan,nan,0.8172627091407776,0.6930228471755981,0.6930291652679443,training,0.6930228471755981,0.12423986196517944,0.24561403508771928,10,9,25,1.330467939376831
618,guarino,superspike,0.6086207253147652,polyak,0.007819038350786005,True,,0.6729432126925308,0.15789442193660497,0.18280670471807095,10.521789958726258,7.26337797312394,0.2909247680224777,nan,nan,1.0095396041870117,0.5172997713088989,1.2581053972244263,training,0.5172997713088989,0.4922398328781128,-0.5625,9,9,25,1.7115452289581299
619,guarino,superspike,1.995799037861009,polyak,0.006689529340988008,False,,0.5529827162326454,0.16741035183712405,0.2774669842614889,7.067954446636861,18.345628359753427,0.1603039920867152,nan,nan,0.47640666365623474,0.6900776624679565,0.6947422623634338,warmstart,0.47640666365623474,-0.2136709988117218,-0.5625,9,9,25,1.2950479984283447
620,guarino,superspike,14.82662983874455,polyak,0.007370127102368631,False,,0.9376650967027059,0.532492809411833,0.3062993162975789,13.135117246342617,16.70501610006196,0.17906656673865848,nan,nan,0.9621959924697876,0.8677735328674316,8.541830062866211,training,0.8677735328674316,0.09442245960235596,0.05333333333333338,16,9,25,1.3282380104064941
621,guarino,superspike,0.8421745405112111,polyak,0.00028954966553019893,False,,1.4000910909925914,0.836119534708821,0.2588403369607314,19.486526916750456,13.203289679022223,0.26209761959456734,nan,nan,0.4234113395214081,0.5457553863525391,0.547484278678894,warmstart,0.4234113395214081,-0.12234404683113098,-0.21527777777777773,9,9,25,1.3162498474121094
622,van_rossum,superspike,6.516520191312245,polyak,1.3456693011106193e-05,True,,0.6731120987185231,0.6841519369858398,nan,nan,nan,nan,32.48076581717409,0.29923010060165645,2.9582531452178955,2.8818187713623047,3.085481882095337,training,2.8818187713623047,0.07643437385559082,0.19377162629757788,8,9,25,3.2486257553100586
623,guarino,superspike,19.47795371571447,polyak,0.04310002072735152,False,,1.084244873663093,0.5240088946187819,0.3924187484886618,16.712661873681647,1.4412285479838078,0.023739608910194776,nan,nan,0.372251957654953,0.4517405927181244,0.4761132001876831,warmstart,0.372251957654953,-0.07948863506317139,0.8263888888888888,9,9,25,1.315222978591919
624,van_rossum,superspike,3.955471061458663,polyak,0.00027665414414526044,True,,0.0666105054417252,0.11093313244822389,nan,nan,nan,nan,1.7245828697907546,0.3648362904106063,7.389263153076172,7.268998622894287,7.268998622894287,training,7.268998622894287,0.12026453018188477,0.0,0,9,25,1.0836679935455322
625,guarino,superspike,0.6948105691513273,polyak,0.0021108591622581475,False,,1.180043548292625,0.8362183091872366,0.4677043082460487,13.094326564325222,19.903531882416473,0.009984470963895242,nan,nan,0.7008920311927795,0.9293578267097473,0.9293578267097473,warmstart,0.7008920311927795,-0.22846579551696777,0.19377162629757788,8,9,25,1.300466775894165
626,guarino,superspike,1.8773318748778598,polyak,0.002424904294469101,True,,1.0133407607374505,0.34706866674617887,0.1473072346862924,7.11207026832736,13.615187657041409,0.20306227010184316,nan,nan,0.41755300760269165,0.38444221019744873,26.814167022705078,training,0.38444221019744873,0.03311079740524292,0.0,0,9,25,1.355954885482788
627,guarino,superspike,1.891040620715662,polyak,2.9489509761861356e-05,True,,0.03684209236519881,0.09307716135256283,0.16983505297604515,16.57943504707888,11.006112688806805,0.12734936720733178,nan,nan,0.4541211426258087,0.8519891500473022,0.8521921038627625,warmstart,0.4541211426258087,-0.39786800742149353,-0.5625,9,9,25,1.3276689052581787
628,van_rossum,superspike,2.0888368781719877,polyak,0.0016848323454899015,False,,1.4551736786738358,0.3141934560558768,nan,nan,nan,nan,7.652378416940535,0.48037001564411563,4.744933605194092,4.289759635925293,4.289759635925293,training,4.289759635925293,0.45517396926879883,0.0,0,9,1,1.2678070068359375
629,guarino,superspike,18.871470782038145,polyak,0.0002878372303829275,True,,0.7117883922038203,0.4336638024692425,0.4305341157438297,3.950229513412257,11.785629421865679,0.1855804732066271,nan,nan,0.5666582584381104,0.31352871656417847,25.801664352416992,training,0.31352871656417847,0.2531295418739319,-0.075,1,9,25,1.3360841274261475
630,guarino,superspike,1.2912648163485767,polyak,0.002759530678832036,True,,0.4227058685132033,0.6495672790822176,0.09213926204615985,14.949572415512092,8.976576743311513,0.17619215360293103,nan,nan,0.8131422996520996,0.8901601433753967,1.711852788925171,warmstart,0.8131422996520996,-0.07701784372329712,-0.5625,9,9,25,1.4430749416351318
631,guarino,superspike,16.266015701923273,polyak,8.150347139786883e-05,False,,0.07476531605181208,0.7180997852669284,0.15729673406067188,9.578824144357316,7.987308911300707,0.03385210299520664,nan,nan,0.5669048428535461,0.6451714038848877,0.653640866279602,warmstart,0.5669048428535461,-0.07826656103134155,-0.5625,9,9,25,1.332247257232666
632,van_rossum,superspike,0.7434655065244574,polyak,8.329359005410938e-05,False,,0.6112765140864004,0.32536877297018474,nan,nan,nan,nan,29.581349893924425,0.6786456021965513,5.046386241912842,5.519747734069824,5.527290344238281,warmstart,5.046386241912842,-0.4733614921569824,0.36678200692041524,8,9,25,3.1782429218292236
633,guarino,superspike,0.9401951996855713,polyak,0.005109693804912531,False,,0.24026623750012516,0.9026081094988033,0.4988944166999391,10.264219078733769,10.412031387413407,0.23201962867123144,nan,nan,0.7423259019851685,1.047783613204956,1.0491048097610474,warmstart,0.7423259019851685,-0.3054577112197876,-0.6315789473684211,10,9,25,1.3242168426513672
634,guarino,superspike,7.837628226367643,polyak,0.002706701023882237,True,,1.1313312493908652,0.6590916729709847,0.25882971345585876,6.55838034609899,10.883383127352744,0.07754804217042915,nan,nan,0.641654372215271,0.6086230874061584,0.6086230874061584,training,0.6086230874061584,0.03303128480911255,-1.0,332,9,2,1.3046560287475586
635,guarino,superspike,17.408458333669202,polyak,0.0006134473031847149,False,,0.043794907638871394,0.8432543631122329,0.33162526188787295,8.911697941984649,5.665123187431039,0.22354122560261555,nan,nan,0.6620336771011353,0.9527126550674438,0.9527658820152283,warmstart,0.6620336771011353,-0.2906789779663086,-0.5625,9,9,25,1.6023190021514893
636,van_rossum,superspike,19.477069085129166,polyak,0.013702159460675782,True,,0.24327566744406537,0.9777094559131215,nan,nan,nan,nan,3.6053315302335465,0.33361960949254366,5.086888313293457,5.126815319061279,6.8329668045043945,warmstart,5.086888313293457,-0.039927005767822266,0.4210526315789474,10,9,25,1.5803778171539307
637,guarino,superspike,0.6376465646544427,polyak,0.014813911197756437,True,,1.3640080336831266,0.11596290016683253,0.18730537839234873,7.852466920744343,13.982314462349137,0.23632354893094648,nan,nan,0.7228856086730957,0.4560503363609314,1.1369946002960205,training,0.4560503363609314,0.2668352723121643,-0.04166666666666662,9,9,25,1.3410978317260742
638,guarino,superspike,2.8398325433915894,polyak,0.00028701212166565727,True,,0.9361169497940123,0.8286156771170003,0.15875650984315515,7.514641705947834,14.393549344053378,0.23338217962755908,nan,nan,0.4799507260322571,0.2731679677963257,0.4654410481452942,training,0.2731679677963257,0.2067827582359314,1.0,9,9,25,1.3437249660491943
639,van_rossum,superspike,0.7587297714111837,polyak,0.006643668554694933,False,,0.22619027495102612,0.7144532360072374,nan,nan,nan,nan,6.281612600486139,0.8528908846746432,9.526810646057129,7.737477779388428,11.298802375793457,training,7.737477779388428,1.7893328666687012,-0.02807017543859652,6,9,25,1.344862937927246
640,van_rossum,superspike,0.5902980313958025,polyak,0.026554130717865828,True,,0.06960534124374229,0.31350960638467396,nan,nan,nan,nan,37.41222831518981,0.9497451427295122,8.365727424621582,6.932138919830322,25.925758361816406,training,6.932138919830322,1.4335885047912598,0.007142857142857149,11,9,25,3.665431022644043
641,van_rossum,superspike,2.223375018299883,polyak,2.0802848675126016e-05,True,,1.2992874125851634,0.7034059324772127,nan,nan,nan,nan,1.3806686094346154,0.15990719972617584,3.53963303565979,9.594159126281738,9.610482215881348,warmstart,3.53963303565979,-6.054526090621948,-0.49826989619377166,8,9,25,1.0489530563354492
642,van_rossum,superspike,1.2338644939595829,polyak,0.0019051964682063422,False,,0.02005819968081196,0.465397660104255,nan,nan,nan,nan,27.139345680853747,0.9280575959855684,6.627968788146973,6.976928234100342,7.050858020782471,warmstart,6.627968788146973,-0.34895944595336914,0.19377162629757788,8,9,25,3.0682168006896973
643,guarino,superspike,16.102044630620963,polyak,0.035291482771909355,True,,1.164994333387414,0.09550413073219455,0.3831624089174408,6.366723462641379,3.577193604841384,0.2034573653710841,nan,nan,0.3990333676338196,0.4741179347038269,1199.7408447265625,warmstart,0.3990333676338196,-0.07508456707000732,-0.21527777777777773,9,9,25,1.3450379371643066
644,guarino,superspike,0.5950404287449057,polyak,0.0003264053943706038,True,,0.9192769193406412,0.6566806557530763,0.4227240916744482,8.993913388340737,11.416897841792407,0.17356811268264516,nan,nan,0.2770273983478546,0.7358973026275635,0.7994081377983093,warmstart,0.2770273983478546,-0.45886990427970886,-0.5625,9,9,25,1.322929859161377
645,van_rossum,superspike,2.1837663409452612,polyak,0.02157611433307898,True,,0.034112195158759406,0.7766940733566847,nan,nan,nan,nan,7.267345104313264,0.34701928908284685,4.012166500091553,4.66609001159668,10.277259826660156,warmstart,4.012166500091553,-0.653923511505127,0.1319444444444445,9,9,25,1.418869972229004
646,van_rossum,superspike,1.401055847841015,polyak,0.0006136150590283578,False,,0.9459385564645145,0.5127636307303778,nan,nan,nan,nan,19.786549519032285,0.2625677124679019,2.0019781589508057,3.500021457672119,28.30553436279297,warmstart,2.0019781589508057,-1.4980432987213135,-0.49826989619377166,8,9,25,2.674748182296753
647,van_rossum,superspike,17.817657022626303,polyak,0.0019706186992214957,True,,1.4981307086613194,0.17467729282147892,nan,nan,nan,nan,3.7162289528873607,0.1720621884171678,4.642607688903809,4.496364116668701,7.300112724304199,training,4.496364116668701,0.14624357223510742,0.10256410256410257,4,9,25,1.1918928623199463
648,van_rossum,superspike,10.21097867358699,polyak,9.096789074017178e-05,True,,0.01938893284327531,0.6294995922020511,nan,nan,nan,nan,27.25050210972078,0.5528501126104001,3.308469533920288,3.667590856552124,3.667590856552124,warmstart,3.308469533920288,-0.35912132263183594,-0.5625,9,9,25,3.1702866554260254
649,van_rossum,superspike,5.807019332429565,polyak,0.004454618713738369,False,,0.6958824669657705,0.7096004594987196,nan,nan,nan,nan,10.894613101471414,0.4899805623005431,4.636684417724609,5.257619857788086,8.712324142456055,warmstart,4.636684417724609,-0.6209354400634766,0.5397923875432526,8,9,25,1.764801025390625
650,van_rossum,superspike,11.941645987075502,polyak,0.0017546726937997918,True,,0.6024797198377714,0.7368252636964233,nan,nan,nan,nan,7.881236167523432,0.975851033915114,9.35583782196045,8.919183731079102,14.439202308654785,training,8.919183731079102,0.43665409088134766,0.0,0,9,25,1.5249319076538086
651,guarino,superspike,2.5400999863653206,polyak,0.0056841866958748065,False,,0.744516135054536,0.2061535869060216,0.3136096650135348,9.63582430577499,15.666583113085231,0.1666728192608844,nan,nan,0.5823712348937988,0.577944815158844,23.53607177734375,training,0.577944815158844,0.004426419734954834,0.0,0,9,25,1.3193609714508057
652,van_rossum,superspike,1.5054658728139079,polyak,0.00697417275867253,True,,0.4239094665032684,0.5426888375412618,nan,nan,nan,nan,7.846399330060794,0.24739087891180367,3.8434605598449707,3.7042555809020996,3.918959617614746,training,3.7042555809020996,0.1392049789428711,0.08333333333333325,7,9,25,1.4930272102355957
653,guarino,superspike,1.0634195071067782,polyak,5.1988883933991816e-05,True,,1.460074795077717,0.8772392627749948,0.061363347318309766,6.200805864784584,3.9878917198034207,0.2927033525693705,nan,nan,0.43981894850730896,0.473822683095932,0.47384363412857056,warmstart,0.43981894850730896,-0.03400373458862305,0.6527777777777778,9,9,25,1.3627209663391113
654,van_rossum,superspike,0.537032303476289,polyak,2.136284860985486e-05,False,,0.5473023389636589,0.9750163278748174,nan,nan,nan,nan,8.50660439116391,0.7547261030154672,3.765598773956299,3.013908624649048,3.066899538040161,training,3.013908624649048,0.751690149307251,1.0,9,9,25,1.514725685119629
655,van_rossum,superspike,1.26752650287115,polyak,0.0037356233100555277,False,,1.434603968216154,0.9046750477895155,nan,nan,nan,nan,4.719922276496273,0.9468697515382334,10.578312873840332,10.271284103393555,12.219917297363281,training,10.271284103393555,0.30702877044677734,-0.456140350877193,10,9,25,1.4515540599822998
656,van_rossum,superspike,1.0936409056982233,polyak,0.0057998709361036386,True,,0.9547923865241545,0.6311448648530038,nan,nan,nan,nan,2.2448322610778493,0.5793465943846096,6.484818935394287,12.03184700012207,12.03184700012207,warmstart,6.484818935394287,-5.547028064727783,-0.38888888888888884,9,9,1,1.0156941413879395
657,guarino,superspike,1.2587635007177214,polyak,0.016965081725558957,False,,1.3994726398469264,0.884565028321187,0.21226439622293733,6.797905686313273,3.6122469849591408,0.27489834478018677,nan,nan,0.7360523343086243,0.7219512462615967,0.7725381851196289,training,0.7219512462615967,0.014101088047027588,-0.5625,9,9,25,1.7131619453430176
658,guarino,superspike,10.139758677429121,polyak,0.00011201307215023365,False,,0.8122265462500484,0.6390388766305344,0.483037040108825,10.382422164717074,18.428999673470546,0.10645720240430966,nan,nan,0.7626715898513794,0.6587941646575928,0.6716117858886719,training,0.6587941646575928,0.10387742519378662,0.19377162629757788,8,9,25,1.3094518184661865
659,guarino,superspike,3.4541854870134245,polyak,0.0024609310692491363,False,,1.011707152807744,0.698561946604516,0.28628442154637407,3.8070731572191363,18.4645329339404,0.03451352470368458,nan,nan,0.5411218404769897,0.7074539065361023,5.545156002044678,warmstart,0.5411218404769897,-0.16633206605911255,-0.38888888888888884,9,9,25,1.2899160385131836
660,guarino,superspike,6.020356250995688,polyak,0.005012743049507849,True,,0.21026061599135798,0.05733740342171556,0.33141116319560143,13.41126179452961,11.577370967692385,0.07372873989722122,nan,nan,1.0057671070098877,1.0204967260360718,946606.5,warmstart,1.0057671070098877,-0.014729619026184082,0.8263888888888888,9,9,25,1.3469610214233398
661,van_rossum,superspike,0.606156886880066,polyak,0.0016608559011775327,True,,1.0235724474157106,0.11995563131168241,nan,nan,nan,nan,1.3335701273602925,0.7131227981836126,7.944875717163086,8.33008861541748,11.518356323242188,warmstart,7.944875717163086,-0.38521289825439453,0.0,0,9,25,1.0508620738983154
662,guarino,superspike,8.667999095825207,polyak,3.531360541755083e-05,True,,1.0865863188235774,0.09748634939465461,0.46096277388209045,13.108893467720891,10.37280094110536,0.14541877640014925,nan,nan,0.9336676001548767,0.9439513087272644,25.24128532409668,warmstart,0.9336676001548767,-0.010283708572387695,-0.21527777777777773,9,9,25,1.3484177589416504
663,van_rossum,superspike,2.123400095094496,polyak,5.382863335735615e-05,True,,0.7601981202984076,0.5280366475123655,nan,nan,nan,nan,46.485920864581125,0.3664061371704934,3.341700315475464,3.2797648906707764,3.280379295349121,training,3.2797648906707764,0.0619354248046875,0.020761245674740504,8,9,25,4.092747926712036
664,guarino,superspike,0.6497110993792973,polyak,0.002406063155799953,False,,1.0867077496095412,0.16794833192427694,0.37962518570319825,19.044790705300283,15.120345533797737,0.23541456587250986,nan,nan,0.3277292847633362,0.45881885290145874,0.4648440182209015,warmstart,0.3277292847633362,-0.13108956813812256,-0.04166666666666662,9,9,25,1.3427698612213135
665,van_rossum,superspike,1.1742101636780995,polyak,0.00019352927484174166,False,,0.03653621067601098,0.5712190773337057,nan,nan,nan,nan,23.655781474757607,0.6104433738241252,6.599946022033691,6.326750755310059,6.328520774841309,training,6.326750755310059,0.2731952667236328,-0.1522491349480969,8,9,25,2.8979849815368652
666,van_rossum,superspike,2.430458551020441,polyak,0.001006113652697196,False,,0.3003094546393818,0.4576855795588136,nan,nan,nan,nan,27.774642605765614,0.800955242218799,5.843878746032715,5.681744575500488,24.165739059448242,training,5.681744575500488,0.16213417053222656,-0.38888888888888884,9,9,25,3.186363935470581
667,van_rossum,superspike,2.153781833998783,polyak,0.0002779115196683766,False,,0.3959583232380338,0.834747923167292,nan,nan,nan,nan,1.3465091861968363,0.7407112007162109,7.508960247039795,10.483064651489258,10.565702438354492,warmstart,7.508960247039795,-2.974104404449463,-0.02807017543859652,6,9,25,1.0110681056976318
668,van_rossum,superspike,3.5897716076902317,polyak,0.0004057986683832517,True,,0.16390088033728234,0.5906340778251248,nan,nan,nan,nan,15.495534210778326,0.403996583181529,4.1716628074646,3.806873083114624,4.231009483337402,training,3.806873083114624,0.3647897243499756,0.5397923875432526,8,9,25,2.252681255340576
669,guarino,superspike,11.796730547825407,polyak,0.028368051272238064,False,,0.2283619543332015,0.44790223125776796,0.13356687787984203,14.98060159989838,2.1027551684087245,0.1649127997157598,nan,nan,0.7740579843521118,0.7232325673103333,760277.25,training,0.7232325673103333,0.050825417041778564,-0.5625,9,9,25,1.306412935256958
670,van_rossum,superspike,18.43385534111882,polyak,0.0001315670832246076,False,,0.46053830900934634,0.12710633043212105,nan,nan,nan,nan,19.1867462438402,0.924142810187282,3.2402031421661377,5.043496131896973,5.043496131896973,warmstart,3.2402031421661377,-1.803292989730835,0.30555555555555564,9,9,25,2.7326908111572266
671,guarino,superspike,3.023050985674563,polyak,0.000114410610840945,True,,1.2692940641216621,0.007949684301122306,0.37857357592491214,19.775650298946537,10.158375567418478,0.11137215898243039,nan,nan,0.3824063539505005,0.9764246344566345,1381864.375,warmstart,0.3824063539505005,-0.594018280506134,-0.6315789473684211,10,9,25,1.3436627388000488
672,van_rossum,superspike,2.0070286723131283,polyak,0.09404445756479136,False,,0.2643332478097737,0.07696816837530407,nan,nan,nan,nan,10.045613404657534,0.024266988421632996,1.3575254678726196,0.8297594785690308,0.8297594785690308,training,0.8297594785690308,0.5277659893035889,0.8263888888888888,9,9,25,1.6533701419830322
673,van_rossum,superspike,9.68715936515569,polyak,0.014825293939772772,False,,1.3413488748426985,0.8380252535954188,nan,nan,nan,nan,1.6841507815174102,0.9566794413234834,11.024190902709961,8.637985229492188,8.637985229492188,training,8.637985229492188,2.3862056732177734,0.0,0,9,25,1.0139689445495605
674,guarino,superspike,0.6629980794706453,polyak,9.522471488883903e-05,True,,1.3237856341897944,0.0376896957150501,0.3815013512292292,6.546926651077214,9.600156257807445,0.15930162957348257,nan,nan,0.6496098637580872,0.6588484644889832,0.6630758047103882,warmstart,0.6496098637580872,-0.009238600730895996,0.19377162629757788,8,9,25,1.3202629089355469
675,van_rossum,superspike,3.727839731470467,polyak,0.01290325022808936,False,,0.1773169017667951,0.6574893002963448,nan,nan,nan,nan,15.064455697311809,0.8145268553210703,6.324366092681885,9.316341400146484,172.51229858398438,warmstart,6.324366092681885,-2.9919753074645996,-0.21527777777777773,9,9,25,2.172631025314331
676,guarino,superspike,1.9982283584797556,polyak,7.33424208003993e-05,False,,1.354414356642898,0.23679888192999177,0.10437558169360864,1.66795091901573,1.8541159758156533,0.05747587049004507,nan,nan,0.7296617031097412,0.7613955140113831,0.7614036202430725,warmstart,0.7296617031097412,-0.031733810901641846,0.19377162629757788,8,9,25,1.539156198501587
677,van_rossum,superspike,6.336755890060658,polyak,0.008420738843493652,False,,1.302750242942615,0.6902881673309265,nan,nan,nan,nan,1.2480932181190754,0.4407667087014271,7.088891506195068,6.930953502655029,6.930953502655029,training,6.930953502655029,0.15793800354003906,0.0,0,9,25,1.026822805404663
678,guarino,superspike,0.5516963972116169,polyak,1.0502481571477195e-05,False,,0.5993315624990936,0.8842533654753777,0.41889293564806807,18.328870166744206,11.141864067249081,0.1346238701625493,nan,nan,0.8547129034996033,1.2761366367340088,1.2761366367340088,warmstart,0.8547129034996033,-0.4214237332344055,0.8858131487889275,8,9,25,1.725080966949463
679,van_rossum,superspike,1.1444218746940416,polyak,0.006911983869832788,True,,1.2743291733872744,0.008683598463870013,nan,nan,nan,nan,1.9475872234584273,0.4710468520447555,6.632265567779541,6.973215103149414,8.078117370605469,warmstart,6.632265567779541,-0.34094953536987305,-0.38888888888888884,9,9,25,1.0568046569824219
680,van_rossum,superspike,3.846353874062838,polyak,0.021839752710063505,False,,0.5847294726931351,0.3784721897419292,nan,nan,nan,nan,1.151864379646104,0.2540845784245549,6.097408294677734,5.715088367462158,5.715088367462158,training,5.715088367462158,0.38231992721557617,0.0,0,9,25,0.9936063289642334
681,van_rossum,superspike,3.3858815591859313,polyak,0.0010030112233115121,False,,0.7509063371401309,0.05993777660037991,nan,nan,nan,nan,37.41155409844414,0.05802755400260684,1.0186468362808228,0.8960262537002563,6141864.5,training,0.8960262537002563,0.1226205825805664,-1.0,267,9,25,3.5253779888153076
682,van_rossum,superspike,5.635639092786991,polyak,9.975688410506525e-05,True,,0.3036294138458923,0.35767793337702236,nan,nan,nan,nan,25.55239721588615,0.8619565483354555,6.4554243087768555,6.850653171539307,35.78126907348633,warmstart,6.4554243087768555,-0.39522886276245117,0.30555555555555564,9,9,25,3.0429210662841797
683,guarino,superspike,12.199734795387082,polyak,0.00984626961425478,True,,0.05879383677492023,0.9151304492310662,0.3086322700884059,10.572253289005857,1.201121574527842,0.2692986631302314,nan,nan,0.591971755027771,0.6438959240913391,1.0443626642227173,warmstart,0.591971755027771,-0.051924169063568115,-0.21527777777777773,9,9,25,1.359863042831421
684,guarino,superspike,1.0537716159320443,polyak,0.007082168376667161,False,,0.7520922008752035,0.59916117033487,0.36884411113605214,11.401135743000049,15.966175505657727,0.09566020678075574,nan,nan,0.6170023083686829,0.6649336218833923,0.7040446996688843,warmstart,0.6170023083686829,-0.04793131351470947,-0.5625,9,9,25,1.3062620162963867
685,guarino,superspike,4.008245572578619,polyak,0.0004482159037528991,False,,1.33693083263469,0.20467662915867413,0.29033600494483836,12.301293022807968,1.7742850293032921,0.02871369829630117,nan,nan,0.3338349759578705,1.0065500736236572,46419.08203125,warmstart,0.3338349759578705,-0.6727150976657867,-0.5625,9,9,25,1.3101129531860352
686,van_rossum,superspike,3.1547253392012924,polyak,6.602056010009652e-05,True,,1.3165534081332293,0.29137985830025415,nan,nan,nan,nan,3.0440598585385374,0.27277358179227873,4.669699192047119,5.230545520782471,423522.5625,warmstart,4.669699192047119,-0.5608463287353516,0.36678200692041524,8,9,25,1.099640130996704
687,guarino,superspike,0.5698619388944707,polyak,0.01887079511469491,True,,0.9476145543223792,0.5488679360598125,0.05200229239105275,19.892528968855487,16.472257760202446,0.1459413811910046,nan,nan,0.6266017556190491,0.6583701968193054,0.8965162038803101,warmstart,0.6266017556190491,-0.03176844120025635,-0.5625,9,9,4,1.3159091472625732
688,guarino,superspike,2.6342331980677867,polyak,3.735732744601189e-05,False,,1.4647328560635435,0.01549214278812805,0.05453282516782948,8.095385052139498,12.787150637589534,0.05389596804447847,nan,nan,0.5774916410446167,0.7442665100097656,2.977001190185547,warmstart,0.5774916410446167,-0.16677486896514893,0.020761245674740504,8,9,25,1.297010898590088
689,guarino,superspike,6.848725535604377,polyak,0.023005166893546064,False,,0.18879473155509935,0.2810474143872277,0.05537111691889818,19.734974592407365,12.369297424100344,0.18227683498906364,nan,nan,0.9206528663635254,2.403933048248291,27.747074127197266,warmstart,0.9206528663635254,-1.4832801818847656,0.43055555555555547,7,9,25,1.314220905303955
690,guarino,superspike,1.954092902627377,polyak,3.63090391198106e-05,False,,0.5339217940531403,0.4467470352447276,0.18920630243599634,4.141592394993408,8.094797565391454,0.14427233196493075,nan,nan,0.8885033130645752,0.8412349820137024,0.8571866750717163,training,0.8412349820137024,0.0472683310508728,-0.38888888888888884,9,9,25,1.2936460971832275
691,guarino,superspike,18.532808555713036,polyak,5.300117327925222e-05,True,,1.0876714744793585,0.5091827828619216,0.06976766460802322,4.072110345065112,18.769741540690724,0.030949497821708537,nan,nan,0.5812056064605713,0.6452212333679199,1.179182767868042,warmstart,0.5812056064605713,-0.06401562690734863,-0.04166666666666662,9,9,25,1.313321828842163
692,van_rossum,superspike,19.738704101417927,polyak,7.215877982752301e-05,False,,0.19381119695037752,0.9256914374814104,nan,nan,nan,nan,1.8841496395450439,0.8792799196294053,9.075366020202637,10.33740520477295,10.33740520477295,warmstart,9.075366020202637,-1.2620391845703125,0.0,0,9,25,1.0146980285644531
693,van_rossum,superspike,13.657276956781903,polyak,0.0030842994453476264,True,,0.8044178758225025,0.01493694422823244,nan,nan,nan,nan,7.05640829607462,0.6237695676599199,6.923542499542236,6.908568382263184,9.899445533752441,training,6.908568382263184,0.014974117279052734,0.2142857142857143,5,9,25,1.3766262531280518
694,guarino,superspike,0.5023548762791212,polyak,1.2391330081979997e-05,True,,1.0354503052025616,0.4126450975455027,0.42776192714551986,4.287292780238979,1.2627113669935452,0.11642470503411367,nan,nan,0.179519921541214,nan,nan,warmstart,0.179519921541214,nan,1.0,9,9,0,1.318831205368042
695,van_rossum,superspike,15.126954892853686,polyak,0.0003850708024239733,False,,0.33102764509365795,0.10563380953339352,nan,nan,nan,nan,7.7903230677456135,0.9072468719812243,9.517086029052734,9.006616592407227,1481.7774658203125,training,9.006616592407227,0.5104694366455078,0.0,0,9,25,1.4090161323547363
696,guarino,superspike,6.957450373719432,polyak,0.0011527653570675962,True,,0.33820145646401195,0.13229389224499655,0.4807647718069052,13.460438226923948,16.375588187894294,0.20909115871507247,nan,nan,0.5873792171478271,0.6845453977584839,27.27698516845703,warmstart,0.5873792171478271,-0.09716618061065674,0.8858131487889275,8,9,25,1.3347139358520508
697,van_rossum,superspike,12.322216004447615,polyak,0.004381922737479216,True,,1.4556493756354845,0.13950690090624507,nan,nan,nan,nan,2.483797919369544,0.9749672819047243,9.141231536865234,8.935564041137695,9.08881950378418,training,8.935564041137695,0.20566749572753906,0.0,0,9,25,1.2945280075073242
698,guarino,superspike,11.960349524604984,polyak,0.0002741332997765196,True,,0.5599011264310557,0.29769439027588473,0.1967585641812518,17.35268185948693,1.19963027520709,0.1308157863328574,nan,nan,0.5522690415382385,0.5879458785057068,14.456229209899902,warmstart,0.5522690415382385,-0.03567683696746826,-0.04166666666666662,9,9,25,1.4122779369354248
699,guarino,superspike,0.7979029883271284,polyak,4.508854038877902e-05,False,,0.01652501999330319,0.9501438855932477,0.10571859170463856,8.279828574832154,17.71102363458083,0.031970391057228674,nan,nan,0.7952651977539062,1.2156546115875244,1.2156546115875244,warmstart,0.7952651977539062,-0.42038941383361816,0.24561403508771928,10,9,25,1.7332828044891357
700,van_rossum,superspike,0.5931132559093687,polyak,1.0751245021888142e-05,False,,1.2380893246907574,0.32155736155906856,nan,nan,nan,nan,1.7142214504659061,0.5185512261629821,7.4055304527282715,7.603879928588867,8.092050552368164,warmstart,7.4055304527282715,-0.1983494758605957,0.13333333333333336,1,9,25,1.0305159091949463
701,van_rossum,superspike,0.5882962864960605,polyak,0.00022938418849330637,False,,0.5101908389795126,0.48768591212339063,nan,nan,nan,nan,22.03772127173104,0.31788261640281734,2.790834665298462,3.6936440467834473,3.711878776550293,warmstart,2.790834665298462,-0.9028093814849854,0.36678200692041524,8,9,25,2.7493813037872314
702,van_rossum,superspike,14.150747590409964,polyak,0.02021087970499471,True,,1.3391742350820777,0.1466878701814861,nan,nan,nan,nan,7.174773293257698,0.31790915875652337,4.838418960571289,4.220579147338867,82.20821380615234,training,4.220579147338867,0.6178398132324219,-0.015151515151515166,3,9,25,1.4339089393615723
703,guarino,superspike,5.725693679764671,polyak,0.031056402412701137,False,,0.3190255999291635,0.049165525539216604,0.07007628726277965,2.6874257582661505,12.016540336924603,0.10446535621219535,nan,nan,0.887808084487915,0.8578238487243652,0.8578238487243652,training,0.8578238487243652,0.029984235763549805,0.0,0,9,1,1.2695789337158203
704,van_rossum,superspike,14.941433281104041,polyak,2.491118362686164e-05,False,,1.0237059010292588,0.6288654771624883,nan,nan,nan,nan,23.690554254393312,0.6513877305621525,5.605380058288574,5.3417510986328125,5.341811180114746,training,5.3417510986328125,0.2636289596557617,0.25694444444444436,7,9,25,2.930025815963745
705,guarino,superspike,1.295611882456504,polyak,0.00027163702428698706,True,,0.6260451743703555,0.0027684757639128144,0.3042569461646015,14.376546610474628,11.680824000687402,0.20805599196146277,nan,nan,0.22391697764396667,0.25467512011528015,0.25467512011528015,warmstart,0.22391697764396667,-0.030758142471313477,1.0,9,9,1,1.3159799575805664
706,van_rossum,superspike,7.653100816322288,polyak,0.007897870228344067,True,,1.1070127165325097,0.07401970741518082,nan,nan,nan,nan,1.2808446780748435,0.36111994322943897,6.7747721672058105,6.482882976531982,6.482882976531982,training,6.482882976531982,0.2918891906738281,0.0,0,9,25,1.0641448497772217
707,van_rossum,superspike,0.9610557412006558,polyak,0.0002740905683961228,True,,0.4492656709614643,0.003356913887012647,nan,nan,nan,nan,2.5125988969684645,0.3376535588788737,4.941546440124512,7.926450729370117,7.926450729370117,warmstart,4.941546440124512,-2.9849042892456055,-0.21527777777777773,9,9,25,1.0856211185455322
708,guarino,superspike,18.72629270787215,polyak,0.04371617207773346,True,,0.4737191581741266,0.6915834123305803,0.1879493393652838,17.876012570662855,8.804304529379486,0.11276626257126963,nan,nan,0.36049896478652954,0.3821667432785034,53.656490325927734,warmstart,0.36049896478652954,-0.021667778491973877,1.0,9,9,25,1.3377180099487305
709,guarino,superspike,2.8638661854905134,polyak,0.00014651757168913462,True,,0.3348662167275847,0.696517313299113,0.43329574201644383,12.47026654403214,7.729019591963596,0.05636737265899539,nan,nan,0.9038312435150146,0.7475413680076599,0.9743938446044922,training,0.7475413680076599,0.15628987550735474,0.30555555555555564,9,9,25,1.340512990951538
710,guarino,superspike,2.5175293554201903,polyak,0.06633679470552506,True,,0.2992875313861909,0.1851361229388161,0.4506506306466615,17.942624216108836,10.481370224481802,0.03773590660619359,nan,nan,0.43694642186164856,0.5982229113578796,16.153942108154297,warmstart,0.43694642186164856,-0.16127648949623108,-0.5625,9,9,25,1.3306176662445068
711,van_rossum,superspike,2.3892794747158685,polyak,0.0021497623198010823,True,,0.3674978990394891,0.5729776937992509,nan,nan,nan,nan,10.914489225545683,0.5491071960244631,5.765745639801025,6.023428916931152,24.017459869384766,warmstart,5.765745639801025,-0.25768327713012695,0.08333333333333325,7,9,25,1.7680649757385254
712,guarino,superspike,3.031281264035982,polyak,0.001948862004567686,False,,1.49858109206082,0.7123267944552865,0.4318656441024098,7.581372741584351,10.669378969019384,0.29228069719855665,nan,nan,0.6702213287353516,0.6699919104576111,0.8664484024047852,training,0.6699919104576111,0.00022941827774047852,-0.04166666666666662,9,9,25,1.3031370639801025
713,guarino,superspike,1.1936845501699915,polyak,5.923458217707114e-05,False,,1.3328953557139323,0.3878530735986758,0.430334432370946,11.556647382500046,1.1446793802287718,0.05662101387096454,nan,nan,0.628560483455658,1.7204582691192627,1.72068190574646,warmstart,0.628560483455658,-1.0918977856636047,-0.21527777777777773,9,9,25,1.2899458408355713
714,guarino,superspike,0.534674929455208,polyak,0.06440934170745884,True,,0.5873853264062476,0.837992405744867,0.2951208131994878,11.728341317633944,7.828179875542552,0.24854177711345926,nan,nan,0.5262302756309509,0.7430908679962158,2.5549874305725098,warmstart,0.5262302756309509,-0.2168605923652649,-0.5625,9,9,25,1.3450241088867188
715,guarino,superspike,5.691689740736845,polyak,0.004972489844624844,True,,1.234949690790489,0.5407225609599173,0.136975173741452,13.913175990762053,2.4652435863510753,0.0656865067383552,nan,nan,0.1957237273454666,0.4738694727420807,449105.1875,warmstart,0.1957237273454666,-0.2781457453966141,-0.21527777777777773,9,9,25,1.3201069831848145
716,van_rossum,superspike,1.232187082221636,polyak,0.008010877627331324,False,,1.1637330479771428,0.5654889540141138,nan,nan,nan,nan,2.7121654616740236,0.5217418945268236,7.415313720703125,7.8581013679504395,402476.9375,warmstart,7.415313720703125,-0.44278764724731445,0.28571428571428575,4,9,25,1.0562670230865479
717,guarino,superspike,5.210525381089641,polyak,0.0025466652007105775,True,,0.28988895167154877,0.6832061362281295,0.47009824082150387,11.949402093276309,11.788449765631352,0.19400450841115155,nan,nan,0.7100892066955566,0.7235411405563354,6345.2470703125,warmstart,0.7100892066955566,-0.013451933860778809,0.36678200692041524,8,9,23,1.3297710418701172
718,van_rossum,superspike,3.232545780173204,polyak,0.0021822907872520707,False,,0.31488826498946165,0.20097023926897006,nan,nan,nan,nan,21.313290036139822,0.6718519170522066,2.8690779209136963,2.9706454277038574,122884952.0,warmstart,2.8690779209136963,-0.10156750679016113,1.0,9,9,25,3.013392925262451
719,guarino,superspike,17.62101361272504,polyak,0.0007690222282390045,True,,0.026763520882968628,0.7252578738476714,0.12717803212264125,4.568435011096122,9.05233723017275,0.07921817674603938,nan,nan,0.5706062912940979,0.6140520572662354,1.1862971782684326,warmstart,0.5706062912940979,-0.04344576597213745,-0.04166666666666662,9,9,25,1.3603730201721191
720,guarino,superspike,5.040811257100264,polyak,0.00013533166596658232,False,,0.7415561148149903,0.29772060382128973,0.4983173350890093,5.386003979520847,18.344332428295875,0.27538998954897503,nan,nan,0.8843189477920532,0.9677965641021729,155554.390625,warmstart,0.8843189477920532,-0.08347761631011963,0.020761245674740504,8,9,25,1.7811338901519775
721,guarino,superspike,11.409468200410071,polyak,2.1638234508322963e-05,False,,0.412287129176988,0.4757886050575182,0.45288003200198024,16.011497182573933,4.755010745611017,0.11162385852818296,nan,nan,0.796747088432312,1.1133201122283936,1.1133201122283936,warmstart,0.796747088432312,-0.31657302379608154,0.020761245674740504,8,9,25,1.317357063293457
722,van_rossum,superspike,0.5307813146696888,polyak,0.006607438149870779,True,,0.37629721118584575,0.8621589142138149,nan,nan,nan,nan,4.48970120393651,0.19961503775430023,4.218130111694336,5.9241557121276855,5.991607666015625,warmstart,4.218130111694336,-1.7060256004333496,-0.5625,9,9,25,1.1976709365844727
723,guarino,superspike,0.6397254688551585,polyak,0.0008627798502948957,False,,0.2954684223795591,0.8961449011441202,0.48836671385931,1.9831965726285472,16.119181217291217,0.1937149673824616,nan,nan,0.856829047203064,1.324312686920166,1.3244495391845703,warmstart,0.856829047203064,-0.46748363971710205,-0.5625,9,9,25,1.2936110496520996
724,van_rossum,superspike,2.6299736655142105,polyak,0.0631470009243054,False,,0.6580876025802145,0.9004445320023442,nan,nan,nan,nan,29.928211674713083,0.3441563160908433,2.6685562133789062,2.690845251083374,2.690845251083374,warmstart,2.6685562133789062,-0.022289037704467773,0.4210526315789474,10,9,1,2.693387985229492
725,van_rossum,superspike,8.724227921195352,polyak,0.010572910067524886,False,,0.12713721857233873,0.017288627185812477,nan,nan,nan,nan,21.322365560756793,0.5493764341898627,3.3052194118499756,3.77679705619812,100.89217376708984,warmstart,3.3052194118499756,-0.47157764434814453,1.0,9,9,9,2.4861199855804443
726,guarino,superspike,4.481804300902379,polyak,0.06428683182267923,True,,1.3597026315823137,0.749430390220571,0.05862075704521349,10.127352399724643,18.025936794203737,0.13009532643434318,nan,nan,0.2946346402168274,0.20406560599803925,20.91510581970215,training,0.20406560599803925,0.09056903421878815,0.0,0,9,25,1.3640236854553223
727,guarino,superspike,7.043311336433572,polyak,4.248987458691778e-05,True,,1.0348654837008509,0.7755409018641138,0.28333030722143926,19.180293026300184,18.581286317180933,0.14203111617233552,nan,nan,0.09908577054738998,0.4027867913246155,0.4191049039363861,warmstart,0.09908577054738998,-0.3037010207772255,-0.5625,9,9,25,1.3372111320495605
728,guarino,superspike,3.5691238245636727,polyak,0.049995553821107,True,,0.32154457464234426,0.9281584525516764,0.06410346865693498,15.614862349128455,18.47369448351974,0.11821565729595886,nan,nan,0.529448390007019,0.5384413599967957,16.502971649169922,warmstart,0.529448390007019,-0.008992969989776611,0.30555555555555564,9,9,14,1.3305039405822754
729,guarino,superspike,5.088934946308398,polyak,0.0005278647215763137,True,,1.2471603108764393,0.3246808321999267,0.4704917520447573,11.809743526576238,10.77568964631003,0.1269917832658077,nan,nan,0.575949490070343,0.5870282649993896,0.5870282649993896,warmstart,0.575949490070343,-0.01107877492904663,0.19377162629757788,8,9,1,1.2990567684173584
730,van_rossum,superspike,8.774441703601902,polyak,0.0004582534276319039,False,,0.7638353881450245,0.46934323519704535,nan,nan,nan,nan,5.401200332296379,0.6838995770678498,8.349846839904785,7.833783149719238,316.0325012207031,training,7.833783149719238,0.5160636901855469,-0.075,1,9,25,1.2421269416809082
731,van_rossum,superspike,2.428055259809413,polyak,0.01617866261950738,False,,0.34167914297017077,0.4725007611103369,nan,nan,nan,nan,1.3192925130643067,0.8978611096393875,8.797534942626953,10.896769523620605,10.909666061401367,warmstart,8.797534942626953,-2.0992345809936523,0.0,0,9,25,1.0120289325714111
732,guarino,superspike,15.68302207485758,polyak,0.0625693963306005,False,,1.1518062982856934,0.2044305830713875,0.1375024363088723,17.715658706733688,3.6964025372113705,0.17524124319974677,nan,nan,0.8063321709632874,0.7637724280357361,2519923.0,training,0.7637724280357361,0.04255974292755127,-1.0,3999,9,25,1.3213729858398438
733,guarino,superspike,14.226644717953944,polyak,0.00205318647090762,True,,1.0242538042971345,0.23715381712952643,0.07868096940869586,17.247117369221538,12.53797231328968,0.04946313036752065,nan,nan,0.42442047595977783,0.4489789605140686,14.357009887695312,warmstart,0.42442047595977783,-0.02455848455429077,0.1319444444444445,9,9,25,1.3462648391723633
734,guarino,superspike,3.771814615500888,polyak,0.000172804745922743,True,,1.0470828425791376,0.8333743944718691,0.4037546344204641,19.5639000689097,13.100252574671908,0.09636762946765959,nan,nan,0.39757710695266724,0.5602121949195862,0.6147183775901794,warmstart,0.39757710695266724,-0.16263508796691895,-0.5625,9,9,25,1.3268511295318604
735,van_rossum,superspike,0.8494928524946587,polyak,0.0002201840484046154,True,,1.0468022220994102,0.7593292133266495,nan,nan,nan,nan,5.952986562154737,0.4780293763989356,5.1608405113220215,5.698624610900879,6.046375274658203,warmstart,5.1608405113220215,-0.5377840995788574,0.5964912280701755,10,9,25,1.4330358505249023
736,van_rossum,superspike,0.5588749608323118,polyak,5.2395190368048164e-05,False,,0.15389035839576204,0.19593255356819417,nan,nan,nan,nan,22.475431964013065,0.29283213403043173,3.1671361923217773,2.566995859146118,2307237.25,training,2.566995859146118,0.6001403331756592,-1.0,4000,9,25,3.2609059810638428
737,guarino,superspike,3.1485959360833453,polyak,0.021096248940741268,True,,1.2723980397749717,0.6978729278677018,0.28875011323317695,16.729707105524263,17.59236588985012,0.1441453777976441,nan,nan,0.9056454300880432,0.9024428129196167,22.015851974487305,training,0.9024428129196167,0.0032026171684265137,0.0,0,9,25,1.418860673904419
738,van_rossum,superspike,2.82890194659915,polyak,0.0026266896838028093,False,,1.3175202425557728,0.8471138628934799,nan,nan,nan,nan,19.883153387011475,0.407694242611199,4.023557662963867,4.483179569244385,4.595798492431641,warmstart,4.023557662963867,-0.4596219062805176,-0.04166666666666662,9,9,25,2.959351062774658
739,van_rossum,superspike,6.088167031708362,polyak,0.020967827289570425,True,,0.7462648515787466,0.17597201392458994,nan,nan,nan,nan,11.074463383532024,0.2957580063243892,3.3942079544067383,3.734736919403076,16.825231552124023,warmstart,3.3942079544067383,-0.3405289649963379,0.30555555555555564,9,9,25,1.986293077468872
740,van_rossum,superspike,0.9342422685001965,polyak,0.08841329437403955,False,,1.497784141798968,0.7198479198896475,nan,nan,nan,nan,10.952832426430227,0.777006953099265,7.052567481994629,4.885715484619141,626845.6875,training,4.885715484619141,2.1668519973754883,0.4210526315789474,10,9,6,1.9327449798583984
741,guarino,superspike,1.8956286686345458,polyak,0.00036464475987621107,False,,0.5676065846340751,0.9410841254587267,0.4053463041936022,1.5252934766662074,16.552428758640772,0.2318572267315976,nan,nan,1.0103943347930908,1.9196566343307495,1.9196707010269165,warmstart,1.0103943347930908,-0.9092622995376587,0.6527777777777778,9,9,25,2.084019422531128
742,guarino,superspike,6.166907402886194,polyak,5.193897804439323e-05,False,,0.9671586546492106,0.46596694726376187,0.4278474182353018,10.21497612113189,18.666274756818275,0.2701407383656763,nan,nan,0.33888447284698486,0.29331591725349426,32.878761291503906,training,0.29331591725349426,0.0455685555934906,0.24561403508771928,10,9,25,2.0146849155426025
743,guarino,superspike,2.4388168034680797,polyak,0.01595481915267773,False,,0.0500643383324032,0.3022872154709001,0.24028293356137292,12.12605825544062,3.841013167479282,0.10058490615867743,nan,nan,0.6309011578559875,0.6186634302139282,28742.28125,training,0.6186634302139282,0.012237727642059326,-1.0,1314,9,5,1.5671050548553467
744,van_rossum,superspike,1.2565157982797568,polyak,0.09065993838545938,False,,1.3034880139788334,0.7377548964496445,nan,nan,nan,nan,1.7100328688064634,0.03022471118476666,3.9583892822265625,3.9714581966400146,2326.170166015625,warmstart,3.9583892822265625,-0.013068914413452148,0.9473684210526316,10,9,3,1.0359349250793457
745,van_rossum,superspike,0.9828853062078274,polyak,0.00016815679419852653,False,,1.3024177748230252,0.10179878563058609,nan,nan,nan,nan,2.6544065504366934,0.5945074695820506,7.270518779754639,7.245251655578613,7.245251655578613,training,7.245251655578613,0.02526712417602539,0.46886446886446886,4,9,25,1.0831611156463623
746,van_rossum,superspike,2.0987702556652272,polyak,0.0021931899769468996,True,,0.4523618613802718,0.7026640044149043,nan,nan,nan,nan,1.487118843711902,0.07164154309466397,4.288509845733643,5.627840995788574,5.627840995788574,warmstart,4.288509845733643,-1.3393311500549316,-0.08058608058608058,4,9,25,1.0942461490631104
747,guarino,superspike,2.442965104913509,polyak,0.00013439887215198888,False,,1.0359025844200267,0.5263880838900952,0.32503878563124644,9.234995808386552,15.447357820778155,0.01262954935388092,nan,nan,0.4039657711982727,0.4174063503742218,34.331356048583984,warmstart,0.4039657711982727,-0.013440579175949097,-0.5625,9,9,25,1.4718108177185059
748,van_rossum,superspike,7.242240143947333,polyak,0.012642206079044167,False,,0.9529511166340483,0.24423404855814423,nan,nan,nan,nan,23.34385927651558,0.21444250177846536,3.3230271339416504,1.8963394165039062,753657.125,training,1.8963394165039062,1.4266877174377441,0.0,0,9,25,4.442485094070435
749,guarino,superspike,4.68627492488855,polyak,0.007912505103318054,True,,0.4094172194208379,0.6307762729104237,0.3588541751606585,13.821145655950959,10.36701230787643,0.11730676446111032,nan,nan,0.2793595790863037,0.43306586146354675,374755.3125,warmstart,0.2793595790863037,-0.15370628237724304,-0.04166666666666662,9,9,2,1.4686100482940674
750,guarino,superspike,6.492598726138939,polyak,0.07808783533608238,False,,0.6820325754391126,0.14706112558473416,0.4181374447382089,5.967282042500677,19.91690277047373,0.168979249748118,nan,nan,0.6303972005844116,0.6303969025611877,40.38462448120117,training,0.6303969025611877,2.980232238769531e-07,0.0,0,9,25,2.103811025619507
751,van_rossum,superspike,11.992962964714868,polyak,0.0380167497629551,True,,0.7815087108429312,0.8499222201663773,nan,nan,nan,nan,4.376942533349499,0.06040757679563247,1.8213152885437012,4.680318832397461,5.398070812225342,warmstart,1.8213152885437012,-2.8590035438537598,-0.49826989619377166,8,9,25,1.4232029914855957
752,guarino,superspike,8.288145390749998,polyak,1.2332652261989793e-05,False,,0.15617426296729225,0.1618650900032781,0.1905882515926288,8.656757087458189,10.063301923912833,0.07359940388501925,nan,nan,0.602137565612793,0.6397374868392944,21.991323471069336,warmstart,0.602137565612793,-0.037599921226501465,0.19377162629757788,8,9,25,1.3624489307403564
753,van_rossum,superspike,5.643559442390279,polyak,0.004063386996675532,True,,1.4464588067909512,0.42671164190822175,nan,nan,nan,nan,11.178898438967654,0.8028070537341723,6.840275287628174,6.614802837371826,3396.552734375,training,6.614802837371826,0.22547245025634766,-1.0,190,9,25,1.9559218883514404
754,van_rossum,superspike,3.9140284492155395,polyak,0.047556920987145104,False,,1.3439672260860722,0.3599659271576924,nan,nan,nan,nan,2.7421306823536558,0.788793822670777,9.484236717224121,6.101268291473389,193997.109375,training,6.101268291473389,3.3829684257507324,0.3076923076923076,12,9,13,1.1313080787658691
755,guarino,superspike,14.822568338410559,polyak,0.004352019430044515,False,,0.7116186905094659,0.4546178240639299,0.47175768064133583,19.236037136627132,19.254579058698837,0.24566921817223286,nan,nan,0.839993953704834,0.5091634392738342,0.5225220322608948,training,0.5091634392738342,0.33083051443099976,0.47916666666666674,9,9,25,1.3059070110321045
756,guarino,superspike,17.93066779573298,polyak,0.061758478421539496,True,,0.8325863965834139,0.49188007465087036,0.4944382289455938,5.14540488702583,4.563074972010489,0.2889546893237505,nan,nan,0.07185711711645126,0.7251056432723999,19798.158203125,warmstart,0.07185711711645126,-0.6532485261559486,-0.5625,9,9,25,1.3830029964447021
757,guarino,superspike,3.8183002339027814,polyak,0.0350413111628827,True,,0.600132248479343,0.608061002434322,0.17564117570727383,9.570620627011053,5.177770098879715,0.15944167855967253,nan,nan,0.642052173614502,0.5923222899436951,4718.9140625,training,0.5923222899436951,0.049729883670806885,-1.0,180,9,25,1.4647672176361084
758,van_rossum,superspike,0.7726383662656638,polyak,0.09896616902100194,False,,0.3898747528335855,0.8960483154281321,nan,nan,nan,nan,10.838986178414892,0.715070166806815,6.413504600524902,3.6900837421417236,3.6900837421417236,training,3.6900837421417236,2.7234208583831787,1.0,9,9,25,1.9234580993652344
759,van_rossum,superspike,14.299513516071155,polyak,0.01626662613747535,True,,1.3189139582868874,0.9685664179784899,nan,nan,nan,nan,18.234805142377347,0.11991353084706802,1.647322416305542,1.6426047086715698,1.822918176651001,training,1.6426047086715698,0.004717707633972168,0.19377162629757788,8,9,25,3.4553921222686768
760,van_rossum,superspike,1.4494061873353083,polyak,0.07944650260453018,True,,0.8565083219093377,0.5167552418264589,nan,nan,nan,nan,4.847867650783514,0.13634420307768735,2.417344570159912,3.604802370071411,3.9541916847229004,warmstart,2.417344570159912,-1.187457799911499,-0.49826989619377166,8,9,25,1.3711628913879395
761,van_rossum,superspike,0.5391217765846089,polyak,0.020211661270330642,False,,1.4051094748277797,0.3777600413259651,nan,nan,nan,nan,2.7997809869129826,0.9950563387560393,9.314104080200195,10.922648429870605,414782.5625,warmstart,9.314104080200195,-1.6085443496704102,0.24561403508771928,10,9,25,1.138373851776123
762,guarino,superspike,17.555514691576622,polyak,0.00020572564730291106,True,,1.10794557317977,0.28537447728995946,0.32492886859917747,16.29100217614714,17.843240168564574,0.134614855283774,nan,nan,0.3368868827819824,0.3304947018623352,0.3304947018623352,training,0.3304947018623352,0.006392180919647217,1.0,9,9,25,1.3563692569732666
763,guarino,superspike,7.640190751709556,polyak,7.283462465895388e-05,False,,1.4038629725074536,0.08158969261721671,0.2365840311095405,11.958272655501283,5.374953596677506,0.08430374527041591,nan,nan,0.7158638834953308,0.6494894623756409,6032.0009765625,training,0.6494894623756409,0.06637442111968994,-0.10526315789473688,10,9,25,1.564596176147461
764,van_rossum,superspike,0.770709545863515,polyak,0.03072569277579592,True,,0.49074160159196323,0.9565115917053534,nan,nan,nan,nan,3.432113455617646,0.08287436325632047,3.8079211711883545,4.157037734985352,4.322490215301514,warmstart,3.8079211711883545,-0.34911656379699707,0.28571428571428575,4,9,25,1.1895711421966553
765,van_rossum,superspike,1.5766706626707732,polyak,0.09878616188955701,False,,0.8856172611127692,0.867117779215548,nan,nan,nan,nan,10.028198018596704,0.5527498667755334,4.766229629516602,5.1799092292785645,5.1799092292785645,warmstart,4.766229629516602,-0.4136795997619629,-0.5625,9,9,25,2.1771631240844727
766,van_rossum,superspike,0.891345906621297,polyak,0.0005373757525063255,True,,1.288637487820081,0.09441954911414663,nan,nan,nan,nan,13.59781071009448,0.6126187424860853,5.018161773681641,5.104448318481445,5.630625247955322,warmstart,5.018161773681641,-0.08628654479980469,-0.10526315789473688,10,9,4,2.0107812881469727
767,guarino,superspike,3.4038978529992834,polyak,2.6742332955843515e-05,True,,0.9779718225892844,0.4981923534383146,0.12462326098233026,7.897982334041009,9.416271814092667,0.20066244438989045,nan,nan,0.2416469156742096,0.30786675214767456,0.30786675214767456,warmstart,0.2416469156742096,-0.06621983647346497,1.0,9,9,25,1.3917639255523682
768,guarino,superspike,1.1375683687656684,polyak,2.181123651070793e-05,False,,1.1850701852127767,0.2404900817061728,0.1772094809053909,4.45412925551918,19.522820325678722,0.23431043918376132,nan,nan,0.6931002140045166,1.6115468740463257,1.6115468740463257,warmstart,0.6931002140045166,-0.9184466600418091,0.47916666666666674,9,9,1,1.2944278717041016
769,guarino,superspike,7.044682654322274,polyak,1.2667495107555473e-05,True,,1.0243276803822914,0.12344235380044144,0.0717313328466801,3.0750881276126263,14.12280890781883,0.041797577821410026,nan,nan,0.6088528633117676,1.3100920915603638,1278.8828125,warmstart,0.6088528633117676,-0.7012392282485962,0.19377162629757788,8,9,25,1.3778181076049805
770,guarino,superspike,0.9886922532257036,polyak,0.00011517821909032114,True,,0.2828363571654614,0.7195345389617299,0.16250399788515443,18.69754539019154,16.72517946328781,0.17652033827090197,nan,nan,0.8351219296455383,0.8104942440986633,0.8104942440986633,training,0.8104942440986633,0.024627685546875,-0.38888888888888884,9,9,25,1.3476438522338867
771,van_rossum,superspike,17.04343916292763,polyak,0.0020983691425195015,False,,0.6380951849728677,0.7012876809646438,nan,nan,nan,nan,36.68155821943842,0.5997550487160357,4.5228071212768555,4.667230129241943,8.11999225616455,warmstart,4.5228071212768555,-0.1444230079650879,0.9473684210526316,10,9,25,3.767277240753174
772,guarino,superspike,3.1819008890601332,polyak,7.631904357021657e-05,True,,0.5304846176532727,0.4081395661948063,0.10278028148755647,13.555052633119812,12.251122252757051,0.19431686335967321,nan,nan,0.40968042612075806,1.0654276609420776,26.273313522338867,warmstart,0.40968042612075806,-0.6557472348213196,-0.456140350877193,10,9,25,1.3651371002197266
773,guarino,superspike,5.881078764018897,polyak,5.1708416537794633e-05,False,,0.243795072924119,0.50840345653802,0.34046712943599006,16.4265723410951,3.4426819038279812,0.18485602421574904,nan,nan,0.44568416476249695,0.7657551765441895,0.765761137008667,warmstart,0.44568416476249695,-0.3200710117816925,0.5397923875432526,8,9,25,1.3394250869750977
774,van_rossum,superspike,3.4467189042340296,polyak,0.011878253983352854,False,,0.5572476331810857,0.6491026546276127,nan,nan,nan,nan,1.3498228341067202,0.48090564756860044,4.612456321716309,8.256444931030273,8.256444931030273,warmstart,4.612456321716309,-3.643988609313965,1.0,9,9,25,1.0155901908874512
775,guarino,superspike,19.55600764953913,polyak,1.6507454726215286e-05,True,,1.1104034002208034,0.5917617904918199,0.24748572431524424,15.385514712133471,15.057298262108075,0.04115350064694135,nan,nan,0.3688545227050781,0.5559656620025635,0.5559709668159485,warmstart,0.3688545227050781,-0.18711113929748535,-0.04166666666666662,9,9,25,1.3725297451019287
776,van_rossum,superspike,3.0551753658145895,polyak,0.0001001918606134808,False,,0.7930880721842225,0.46250818310651787,nan,nan,nan,nan,21.186231142577146,0.24009011344252895,2.894624948501587,2.9180305004119873,2.9180305004119873,warmstart,2.894624948501587,-0.02340555191040039,0.19377162629757788,8,9,25,3.1005868911743164
777,guarino,superspike,3.9549709892983853,polyak,0.03263312509546038,False,,0.4302592826046477,0.061980972002314894,0.11149983713674565,11.663130002396622,13.990467923983216,0.014900383066221167,nan,nan,1.0726122856140137,1.0718368291854858,23972.994140625,training,1.0718368291854858,0.000775456428527832,-1.0,2000,9,25,1.9728431701660156
778,van_rossum,superspike,0.8210207006854587,polyak,3.208690737023759e-05,False,,0.6111759916756925,0.30639113924994865,nan,nan,nan,nan,1.4316637915470398,0.6043034294274493,7.339635848999023,7.569979190826416,7.572507381439209,warmstart,7.339635848999023,-0.23034334182739258,0.0,0,9,25,1.2730097770690918
779,guarino,superspike,1.1618443622471935,polyak,0.02184795789264011,False,,0.24532604200694735,0.5516077158189412,0.2702310992155696,17.15033969746517,14.856346216947308,0.2628418460510261,nan,nan,0.3230562210083008,0.6454078555107117,0.7140587568283081,warmstart,0.3230562210083008,-0.3223516345024109,-0.5625,9,9,25,1.38193678855896
780,guarino,superspike,4.209737850221185,polyak,0.00010939902264852432,True,,1.3131585406319473,0.010816134878957717,0.15234798505726993,8.670916456604926,12.136985949447368,0.16826379610810677,nan,nan,0.8295563459396362,1.0676498413085938,24.27357292175293,warmstart,0.8295563459396362,-0.23809349536895752,0.36678200692041524,8,9,25,1.3948969841003418
781,guarino,superspike,1.827851851129457,polyak,0.00021857815829059906,True,,1.2896995831419165,0.14938995350554118,0.20332720095407153,14.148547346903888,1.8403968523282987,0.2489935905486671,nan,nan,0.6037184596061707,0.4541686773300171,1105066.25,training,0.4541686773300171,0.14954978227615356,0.0,0,9,25,1.3926048278808594
782,van_rossum,superspike,1.232198256993143,polyak,0.0008175505751555449,False,,0.7615235862943335,0.21757538174143332,nan,nan,nan,nan,10.993562751962545,0.1812058748383879,2.1094155311584473,2.4634652137756348,2.4634652137756348,warmstart,2.1094155311584473,-0.3540496826171875,1.0,9,9,25,1.8384068012237549
783,guarino,superspike,17.704988825669087,polyak,1.638619273818483e-05,True,,0.06059732828343084,0.14665332097079997,0.2581369032078732,3.9927545559969992,10.856353074313018,0.27681950483102086,nan,nan,0.5451474189758301,0.3134797215461731,34.108097076416016,training,0.3134797215461731,0.23166769742965698,0.0,0,9,25,1.369861125946045
784,guarino,superspike,15.072097995061867,polyak,4.8616444912077595e-05,True,,1.201092838958105,0.6315167498451273,0.41582603508217403,4.243173554109055,9.247642936403233,0.0386511685430858,nan,nan,0.4604182541370392,0.9474726319313049,0.9474726319313049,warmstart,0.4604182541370392,-0.48705437779426575,-0.5625,9,9,25,1.3581550121307373
785,guarino,superspike,5.474189684821735,polyak,5.886775545392939e-05,False,,0.8002382621705917,0.33364289028713,0.16326527507102842,3.663926685753119,14.416742389850477,0.05048481479832697,nan,nan,0.4553754925727844,0.7567856907844543,3520.89208984375,warmstart,0.4553754925727844,-0.3014101982116699,-0.5625,9,9,3,1.29274582862854
786,van_rossum,superspike,11.022396398578492,polyak,0.007335265627812925,True,,0.22294769975564943,0.9779273018640902,nan,nan,nan,nan,21.696339668328562,0.5727217686340125,4.216468334197998,2.228083372116089,2.2702786922454834,training,2.228083372116089,1.9883849620819092,0.30555555555555564,9,9,25,3.1863059997558594
787,van_rossum,superspike,1.0002073854222655,polyak,4.176423946011479e-05,False,,1.2294589573478285,0.5553862515796613,nan,nan,nan,nan,40.65970437440458,0.749486281359328,2.2954142093658447,2.2719171047210693,415060.0,training,2.2719171047210693,0.02349710464477539,1.0,9,9,20,3.9394710063934326
788,van_rossum,superspike,0.7796707386698674,polyak,2.0365247369416992e-05,True,,1.039350607673907,0.8347854319240385,nan,nan,nan,nan,1.8615166635136289,0.07414860796604472,3.5831618309020996,6.86684513092041,6.86684513092041,warmstart,3.5831618309020996,-3.2836833000183105,-0.04166666666666662,9,9,25,1.635822057723999
789,van_rossum,superspike,1.732370399399387,polyak,8.991927476187907e-05,False,,1.2739266121815638,0.3212447581651967,nan,nan,nan,nan,2.918841965791766,0.2677917195450501,6.142519950866699,6.03148889541626,6.4970316886901855,training,6.03148889541626,0.11103105545043945,0.32280701754385965,6,9,25,1.1248772144317627
790,guarino,superspike,10.98087581673838,polyak,0.0694248436290138,True,,0.5509374211937474,0.08834081988963716,0.38734059397366527,1.4047441977844841,5.236303355238679,0.01597520054194156,nan,nan,0.6577574014663696,0.6665555238723755,124.94380187988281,warmstart,0.6577574014663696,-0.00879812240600586,0.25694444444444436,7,9,25,1.4318790435791016
791,van_rossum,superspike,7.506473171107553,polyak,0.0005360159388507795,True,,1.2238323712463768,0.7570602985357707,nan,nan,nan,nan,4.763093757427123,0.3413718626101272,5.71547269821167,3.586273670196533,10.825506210327148,training,3.586273670196533,2.1291990280151367,0.007142857142857149,11,9,25,1.5131051540374756
792,van_rossum,superspike,11.314361111403713,polyak,0.003127529722473023,True,,0.9360946518610049,0.12393174655301664,nan,nan,nan,nan,15.40001592401869,0.280026410870473,2.2873876094818115,3.278873920440674,3855.68701171875,warmstart,2.2873876094818115,-0.9914863109588623,0.020761245674740504,8,9,25,2.8648388385772705
793,guarino,superspike,0.5547622268174456,polyak,4.7971791437613435e-05,False,,0.544958840187028,0.015942438966691785,0.49461018411957886,11.13418966140787,8.483724087115034,0.1556549685146494,nan,nan,0.5505849123001099,0.5875348448753357,2238188.75,warmstart,0.5505849123001099,-0.03694993257522583,-0.21527777777777773,9,9,2,1.810086965560913
794,guarino,superspike,11.924606712521706,polyak,0.0001673460846143681,False,,0.40694534749255334,0.9975371692110346,0.3129768224353346,3.337821676678815,6.044974427977849,0.10596797647989341,nan,nan,0.916565477848053,1.8528074026107788,1.8528074026107788,warmstart,0.916565477848053,-0.9362419247627258,0.1319444444444445,9,9,25,1.6196610927581787
795,van_rossum,superspike,0.529788301438118,polyak,0.03925857602754631,False,,0.11373481521361667,0.7236110778130539,nan,nan,nan,nan,20.40829827597675,0.6023070734286845,6.40280294418335,5.491160869598389,5.5746169090271,training,5.491160869598389,0.9116420745849609,0.5397923875432526,8,9,25,3.1689159870147705
796,van_rossum,superspike,0.9161573240967241,polyak,0.014433054189439748,False,,1.2110670356686328,0.842143211260892,nan,nan,nan,nan,1.2139889965592514,0.4278731612336244,6.987460613250732,7.119563102722168,8.567031860351562,warmstart,6.987460613250732,-0.13210248947143555,0.0,0,9,25,1.1130139827728271
797,van_rossum,superspike,0.8185475031689016,polyak,0.02757338446315696,False,,0.16725525768875876,0.7035276451933636,nan,nan,nan,nan,5.400665642314877,0.2040814153631757,3.047426700592041,3.6857495307922363,4.003902912139893,warmstart,3.047426700592041,-0.6383228302001953,0.36678200692041524,8,9,25,1.4019310474395752
798,guarino,superspike,0.8804621024773971,polyak,0.000534413309294163,False,,0.6839618685412737,0.7333125052307272,0.24893825451659438,12.270024810742939,16.817851957448674,0.2980004086531625,nan,nan,0.46927499771118164,0.8517858982086182,0.9949644804000854,warmstart,0.46927499771118164,-0.3825109004974365,-0.6315789473684211,10,9,25,1.4068729877471924
799,van_rossum,superspike,3.877863640672143,polyak,0.0009536833716126382,True,,0.4999630437179751,0.3827522955532656,nan,nan,nan,nan,29.558753293608216,0.9722085092600066,9.180869102478027,8.932963371276855,8.932963371276855,training,8.932963371276855,0.24790573120117188,-1.0,86,9,1,3.0667240619659424
800,guarino,superspike,5.936197347432065,polyak,0.00046442648575587356,True,,0.4107175992923412,0.38066100514096435,0.26422276791502863,14.562624691338844,2.6974896063486993,0.2546498819366837,nan,nan,0.5342872142791748,0.5047896504402161,319286.21875,training,0.5047896504402161,0.02949756383895874,0.13333333333333336,1,9,25,1.3700640201568604
801,guarino,superspike,0.7016101760780576,polyak,1.0350699809876913e-05,True,,0.78410336815786,0.23089294513094227,0.39989846044352745,17.292664028363117,3.7518273365905923,0.10110596122034105,nan,nan,0.7522083520889282,0.9609700441360474,0.9636861085891724,warmstart,0.7522083520889282,-0.20876169204711914,0.07017543859649122,10,9,25,1.3925321102142334
802,van_rossum,superspike,10.381843659688679,polyak,0.00016026414143589394,True,,0.3138310015560287,0.9784533737558676,nan,nan,nan,nan,3.498815769927594,0.6710680991808755,6.1341071128845215,5.362208843231201,5.363022327423096,training,5.362208843231201,0.7718982696533203,1.0,9,9,25,1.1983928680419922
803,van_rossum,superspike,6.8574991966344365,polyak,0.04448003449160022,False,,1.0917769892993112,0.0765112488302534,nan,nan,nan,nan,4.878472436609412,0.6088023698406829,4.075503349304199,4.942150115966797,4535.9423828125,warmstart,4.075503349304199,-0.8666467666625977,1.0,9,9,25,1.2575528621673584
804,van_rossum,superspike,3.4985651194719525,polyak,0.0017843968345049289,False,,0.8444951697774243,0.21312151378337207,nan,nan,nan,nan,10.43405887630646,0.3346236089441196,3.695512294769287,3.979386329650879,149589.125,warmstart,3.695512294769287,-0.2838740348815918,0.24561403508771928,10,9,25,1.7870829105377197
805,guarino,superspike,7.151364652705392,polyak,0.00418438077752246,True,,1.3334987931773088,0.4562952263104093,0.3512845168014491,9.388651144237498,13.123863484277654,0.14244709108888415,nan,nan,0.626530647277832,0.9512636065483093,21.838157653808594,warmstart,0.626530647277832,-0.3247329592704773,-0.5625,9,9,25,1.354923963546753
806,van_rossum,superspike,2.221786219575261,polyak,0.0006416366072107844,False,,1.3017455851709565,0.9623358656801378,nan,nan,nan,nan,27.17755614705338,0.8416567634189485,6.434202194213867,nan,nan,warmstart,6.434202194213867,nan,0.1319444444444445,9,9,0,2.80617618560791
807,guarino,superspike,1.3192552724635116,polyak,0.00016872605483466796,True,,1.098125845306325,0.5306854357241814,0.41888718416070286,16.445636699382547,8.406828823025744,0.23443118624622597,nan,nan,0.2989104390144348,0.6438637375831604,0.667335569858551,warmstart,0.2989104390144348,-0.3449532985687256,-0.5625,9,9,25,1.3932669162750244
808,guarino,superspike,5.533313908725677,polyak,0.0028599137711707765,False,,0.0815308318365855,0.09533968590820108,0.20811031067981348,17.011028735406008,17.525365010179886,0.0928838609123778,nan,nan,0.474944144487381,0.3637058138847351,7265.56396484375,training,0.3637058138847351,0.11123833060264587,-0.075,1,9,25,1.3218231201171875
809,guarino,superspike,0.5945548465022932,polyak,1.6159136247002276e-05,True,,1.0387106841658786,0.7001757858031274,0.1314364323748209,17.30147067910994,8.166086093425154,0.2893103705917253,nan,nan,0.9034353494644165,0.8949031829833984,0.8958842754364014,training,0.8949031829833984,0.008532166481018066,0.36678200692041524,8,9,25,1.3721609115600586
810,guarino,superspike,4.237580474719992,polyak,0.0004987886077727821,True,,1.4896675440805196,0.2904547181451199,0.23591480998450287,18.15435970942423,6.491157302829208,0.045804342638561334,nan,nan,1.1014447212219238,1.0079684257507324,1543.65185546875,training,1.0079684257507324,0.0934762954711914,-1.0,190,9,25,1.648163080215454
811,van_rossum,superspike,5.943504124810682,polyak,0.06884460001923232,False,,0.4496503826036682,0.5812252858218252,nan,nan,nan,nan,5.364992035204659,0.4737542723125783,5.093081474304199,5.623198509216309,9076.302734375,warmstart,5.093081474304199,-0.5301170349121094,0.14736842105263157,6,9,8,1.2209069728851318
812,van_rossum,superspike,1.1371713258620801,polyak,0.0003223206449584881,False,,0.7602261706030027,0.3415952947556604,nan,nan,nan,nan,12.665731360670202,0.22639751725071267,1.8181113004684448,1.9373557567596436,13.844261169433594,warmstart,1.8181113004684448,-0.11924445629119873,0.8858131487889275,8,9,25,2.615756034851074
813,van_rossum,superspike,4.2136804533688625,polyak,0.006267582331406569,False,,0.012209240585914272,0.6318576734090117,nan,nan,nan,nan,3.5296158362949797,0.7728689613478019,5.68045711517334,7.8243255615234375,12.442486763000488,warmstart,5.68045711517334,-2.1438684463500977,1.0,9,9,25,1.1620452404022217
814,van_rossum,superspike,3.041127323428239,polyak,0.00022985964516743023,True,,0.24983227393226382,0.28996052511074055,nan,nan,nan,nan,19.848215941922163,0.40940072454625576,4.19879674911499,4.456537246704102,4.456537246704102,warmstart,4.19879674911499,-0.25774049758911133,-0.21527777777777773,9,9,1,2.447929859161377
815,guarino,superspike,11.199318377684078,polyak,0.07195428962794727,True,,1.3998581338269838,0.9979945377232834,0.26878816066361927,14.762752101249394,13.232016426759929,0.07117944480022416,nan,nan,0.7960818409919739,0.7467546463012695,1.3151589632034302,training,0.7467546463012695,0.049327194690704346,-0.5625,9,9,25,1.367677927017212
816,guarino,superspike,1.4346436800250917,polyak,0.0007589086997191681,True,,0.2725557000378257,0.2465805280797264,0.09043251939158684,3.4086947196279525,4.999756106620894,0.1740702634127511,nan,nan,0.5211443305015564,0.5975735783576965,0.5975735783576965,warmstart,0.5211443305015564,-0.07642924785614014,0.8263888888888888,9,9,1,1.4161295890808105
817,guarino,superspike,14.534927235785256,polyak,0.026906260506741594,True,,0.802160333596227,0.45292607331858503,0.26697868059507424,15.615192176004646,10.74969044481503,0.052807409610732194,nan,nan,0.6210294365882874,0.7392953038215637,16.369768142700195,warmstart,0.6210294365882874,-0.11826586723327637,-0.5625,9,9,25,1.4065210819244385
818,guarino,superspike,1.1382893579920021,polyak,0.0015239379169370163,False,,0.9256300444417302,0.5321275318971607,0.4783354930476231,19.912182335428362,16.9105238063057,0.24158884346709064,nan,nan,0.6885196566581726,0.5717757344245911,148.67385864257812,training,0.5717757344245911,0.11674392223358154,0.12454212454212447,12,9,25,1.3262598514556885
819,guarino,superspike,4.726371905683675,polyak,0.005677446300122371,False,,0.7661786459913759,0.3768745384897739,0.4065713518184455,1.7389241739742245,1.9227480875434924,0.18606272961776396,nan,nan,0.6509787440299988,0.7067821025848389,983691.9375,warmstart,0.6509787440299988,-0.05580335855484009,0.020761245674740504,8,9,25,1.3295228481292725
820,van_rossum,superspike,0.7434132421180277,polyak,0.015262279858653879,True,,0.01735307199066044,0.4865132494033523,nan,nan,nan,nan,1.8223255731765269,0.598861703728065,9.181381225585938,8.316617012023926,10.566362380981445,training,8.316617012023926,0.8647642135620117,0.0,0,9,17,1.0785291194915771
821,van_rossum,superspike,0.7262870356278854,polyak,0.0004933196726703644,False,,0.4205130777437441,0.2785065576875697,nan,nan,nan,nan,16.381078191947225,0.6178438426509827,5.225341320037842,5.777764797210693,5.842990875244141,warmstart,5.225341320037842,-0.5524234771728516,0.7128027681660901,8,9,25,2.4509828090667725
822,guarino,superspike,18.95282090191496,polyak,0.018431456766075317,False,,1.1922117090619548,0.6675786009586593,0.49247058801742943,9.389701332883128,15.089246790485804,0.2096433863965564,nan,nan,0.7701460123062134,0.6150365471839905,3.7164392471313477,training,0.6150365471839905,0.1551094651222229,0.14736842105263157,6,9,25,1.3369731903076172
823,van_rossum,superspike,10.816148963156973,polyak,0.014258591652412375,False,,0.20992272973116377,0.6354552592323651,nan,nan,nan,nan,32.14305230264211,0.6431743633897312,5.380910873413086,3.8439671993255615,10.186440467834473,training,3.8439671993255615,1.5369436740875244,0.24561403508771928,10,9,25,3.509300947189331
824,guarino,superspike,1.2386252807706148,polyak,5.4940062234366e-05,False,,0.9472252597484122,0.14205309664310306,0.24412391141767284,10.943331546171688,9.326455066590427,0.25647885404217496,nan,nan,0.8363048434257507,0.676252543926239,0.6762555241584778,training,0.676252543926239,0.16005229949951172,-0.5625,9,9,25,1.3328168392181396
825,guarino,superspike,8.433569975512757,polyak,6.776349025411081e-05,False,,0.26697418398642536,0.7537849643321918,0.1606702462306011,5.810959951342162,3.0752246374656824,0.2161819370891615,nan,nan,0.35225343704223633,0.36326274275779724,0.3632715344429016,warmstart,0.35225343704223633,-0.011009305715560913,1.0,9,9,25,1.295888900756836
826,guarino,superspike,0.733409501141813,polyak,9.145783810839803e-05,False,,0.1109113936007628,0.4687387309924248,0.16261304932556103,17.83487484445265,10.82544378418278,0.07001053461878588,nan,nan,0.39525359869003296,0.6784271597862244,0.6805251836776733,warmstart,0.39525359869003296,-0.2831735610961914,-0.38888888888888884,9,9,25,1.3393950462341309
827,van_rossum,superspike,5.8509694094047,polyak,0.04835157817400328,True,,1.2855200037013856,0.3622728068539839,nan,nan,nan,nan,1.757854591559165,0.8047071000041969,7.078339099884033,12.763280868530273,646.2733154296875,warmstart,7.078339099884033,-5.68494176864624,-0.5625,9,9,25,1.0663259029388428
828,van_rossum,superspike,19.34490385903015,polyak,5.001438200714203e-05,False,,0.3829627124640657,0.23591576249461776,nan,nan,nan,nan,34.879095625452194,0.7636883927235304,7.20980167388916,6.397402286529541,6.766682147979736,training,6.397402286529541,0.8123993873596191,0.30555555555555564,9,9,25,3.6638920307159424
829,guarino,superspike,19.924079162609633,polyak,0.0454525245440442,True,,0.3267668609973683,0.27677772519746924,0.25229451472570413,7.132823467354569,1.4049642032638736,0.19687680243514036,nan,nan,0.919848620891571,1.5565204620361328,2013076.625,warmstart,0.919848620891571,-0.6366718411445618,0.1319444444444445,9,9,25,1.3582558631896973
830,guarino,superspike,8.562663512503692,polyak,4.110047617702718e-05,True,,0.47757482645299376,0.8678009793663987,0.27748928688521984,11.104896286873387,14.72575574401368,0.17336784456639795,nan,nan,0.7352430820465088,0.7451969981193542,0.7512134909629822,warmstart,0.7352430820465088,-0.009953916072845459,-0.21527777777777773,9,9,25,1.3625481128692627
831,van_rossum,superspike,2.0501478608563044,polyak,0.0014354715706375986,True,,0.7567146928213939,0.14018832463564923,nan,nan,nan,nan,1.418891316291093,0.4388587351883817,7.368903636932373,9.147700309753418,9.61827564239502,warmstart,7.368903636932373,-1.778796672821045,0.10256410256410257,4,9,25,1.0656111240386963
832,guarino,superspike,7.591551747412813,polyak,0.006327203875942093,False,,1.1913659892889936,0.3251913134277634,0.24622394857978636,4.198492519016769,19.32559264583349,0.025823204222364792,nan,nan,0.679855227470398,1.4800207614898682,390447.15625,warmstart,0.679855227470398,-0.8001655340194702,-0.2807017543859649,10,9,25,1.3109591007232666
833,van_rossum,superspike,2.4415830118603705,polyak,0.09120798925292918,False,,0.5886815149016935,0.9019649700484719,nan,nan,nan,nan,30.865927110653658,0.3235915778697842,2.368978500366211,2.6429104804992676,18.011449813842773,warmstart,2.368978500366211,-0.27393198013305664,0.7128027681660901,8,9,14,3.1793761253356934
834,van_rossum,superspike,3.1654950079842696,polyak,8.956671352580543e-05,True,,0.439154692438537,0.39208717720141006,nan,nan,nan,nan,6.94824405135302,0.3902589690884125,3.790672540664673,3.7811272144317627,16.0915584564209,training,3.7811272144317627,0.009545326232910156,0.0,0,9,25,1.4616308212280273
835,guarino,superspike,4.583536390341958,polyak,0.0027257026185768096,True,,1.0468545860157112,0.10335404612901644,0.18721499025776542,1.329608564280775,9.638188729527275,0.1288290233490862,nan,nan,0.6800024509429932,0.8189798593521118,1478.8463134765625,warmstart,0.6800024509429932,-0.13897740840911865,-0.5625,9,9,25,1.6746070384979248
836,van_rossum,superspike,1.7706338248832054,polyak,0.0003675301066084206,False,,1.0736239677775032,0.19922441507070066,nan,nan,nan,nan,40.70298482400475,0.9977619527941581,8.372302055358887,8.002302169799805,31.413705825805664,training,8.002302169799805,0.36999988555908203,0.0,0,9,25,3.9943878650665283
837,guarino,superspike,1.6730579151417055,polyak,0.01595772505002491,False,,0.7795700804016352,0.48031150031067316,0.3878306359489667,16.697602827852542,15.53208943552059,0.1153284150702623,nan,nan,1.3406352996826172,0.4487450122833252,90243.7109375,training,0.4487450122833252,0.891890287399292,0.0,0,9,25,1.794999122619629
838,van_rossum,superspike,1.034240143550733,polyak,0.0014707830103328336,True,,0.05487860013274071,0.8976499907316582,nan,nan,nan,nan,24.726541738375097,0.5244091917870659,3.4050674438476562,3.8435990810394287,3.913977861404419,warmstart,3.4050674438476562,-0.43853163719177246,0.47916666666666674,9,9,5,2.6392529010772705
839,guarino,superspike,5.080215221581275,polyak,4.8642959148513e-05,True,,0.10560938095316846,0.08110088284311612,0.25983128325340954,19.886179842636345,6.253808555642373,0.18375844822695678,nan,nan,0.6528049111366272,0.6849554181098938,5429.93603515625,warmstart,0.6528049111366272,-0.0321505069732666,0.19377162629757788,8,9,25,1.3463859558105469
840,guarino,superspike,13.270957405472657,polyak,0.00021379395870146288,False,,0.5710106469507232,0.30411880887769827,0.41428911889628284,18.67735243831782,12.990878732671208,0.18708903937789576,nan,nan,0.4486943185329437,0.5366204380989075,668884.125,warmstart,0.4486943185329437,-0.08792611956596375,-0.04166666666666662,9,9,16,1.3923137187957764
841,guarino,superspike,0.6857419745033306,polyak,0.00033909862302641325,False,,0.21879081845382337,0.146127875558568,0.1652925680522446,11.200145504144787,15.403816401733774,0.2558329929756418,nan,nan,0.5501622557640076,0.5862975716590881,0.5863025188446045,warmstart,0.5501622557640076,-0.036135315895080566,-0.5625,9,9,25,1.3411860466003418
842,guarino,superspike,1.6997778862555437,polyak,3.919847098733427e-05,False,,1.194896476010777,0.05536808433354379,0.353608359694034,17.42474366390368,10.451138592721977,0.02106023455246506,nan,nan,0.5618836879730225,0.5948787331581116,19.17641258239746,warmstart,0.5618836879730225,-0.03299504518508911,0.36678200692041524,8,9,25,1.3268392086029053
843,van_rossum,superspike,7.1874040006969615,polyak,1.8426189064302167e-05,True,,0.019451333143329086,0.5098074059285719,nan,nan,nan,nan,30.757971002953298,0.6095545346953284,6.164729595184326,5.150667190551758,5.539154529571533,training,5.150667190551758,1.0140624046325684,0.24561403508771928,10,9,25,3.4555599689483643
844,guarino,superspike,1.238920327414529,polyak,0.07569306631817321,True,,1.1480195277057401,0.6738945835846691,0.1503100958069515,10.748694261029197,16.628948584642995,0.2580780674196858,nan,nan,0.5930168628692627,0.808910608291626,0.808910608291626,warmstart,0.5930168628692627,-0.21589374542236328,-0.5625,9,9,1,1.340867042541504
845,guarino,superspike,8.259940412735698,polyak,1.2550362167630967e-05,False,,1.3569653671296265,0.7039971134546849,0.05189572486136576,6.928824112742582,15.50305075131535,0.1252802399931767,nan,nan,0.6099115610122681,1.1293314695358276,1.2622840404510498,warmstart,0.6099115610122681,-0.5194199085235596,-0.10526315789473688,10,9,25,1.3509337902069092
846,van_rossum,superspike,0.5936334394748097,polyak,3.7408951659161825e-05,False,,1.3040024044676126,0.17614766478046118,nan,nan,nan,nan,2.9712619146379944,0.13809478822040622,3.1500227451324463,5.790122032165527,459583.5625,warmstart,3.1500227451324463,-2.640099287033081,-0.5625,9,9,25,1.0977158546447754
847,guarino,superspike,16.671887552748064,polyak,0.06694504559237206,True,,0.9424432241147005,0.2019152441398746,0.29636230757020654,15.644995543363473,18.85661277130245,0.10176507697970157,nan,nan,0.2437264770269394,0.42785149812698364,117.00469970703125,warmstart,0.2437264770269394,-0.18412502110004425,-0.5625,9,9,25,1.3521652221679688
848,guarino,superspike,0.5799955664095932,polyak,6.44495923451569e-05,True,,0.21761764787961102,0.15443405242070252,0.2544118972798843,17.69219457564581,9.525742112287347,0.20054411935032398,nan,nan,0.9875682592391968,0.978107750415802,0.978107750415802,training,0.978107750415802,0.009460508823394775,0.07017543859649122,10,9,25,1.419825792312622
849,guarino,superspike,1.0013766131440747,polyak,0.0008568157672940766,True,,0.5506688838842435,0.8437847362753934,0.28991479127274544,9.88753081875486,17.315517042010654,0.13887534193984588,nan,nan,0.6194233894348145,0.5951193571090698,1.0503767728805542,training,0.5951193571090698,0.02430403232574463,0.7128027681660901,8,9,16,1.3519370555877686
850,van_rossum,superspike,1.1411282713965942,polyak,0.001755367053825489,False,,0.4034753470871056,0.6396683101283533,nan,nan,nan,nan,14.899136548930569,0.3012904106066503,3.4979684352874756,3.1195623874664307,3.1195623874664307,training,3.1195623874664307,0.3784060478210449,0.9473684210526316,10,9,25,2.2335121631622314
851,guarino,superspike,16.37917946203558,polyak,2.5526362497992492e-05,True,,1.2001933089618047,0.41973858036458456,0.11879022735532149,3.9614689297751835,18.51430945411315,0.07011139928347802,nan,nan,0.45182180404663086,0.8025957942008972,1.2159149646759033,warmstart,0.45182180404663086,-0.35077399015426636,-0.5625,9,9,25,1.362488031387329
852,guarino,superspike,1.2041259000288629,polyak,0.048566212472280906,True,,1.491314544913768,0.05190718807549677,0.2891206051661172,4.2645666941800835,12.812570863176868,0.29686279296446266,nan,nan,0.537487804889679,0.5461850166320801,0.5461850166320801,warmstart,0.537487804889679,-0.008697211742401123,-0.21527777777777773,9,9,1,1.3074891567230225
853,guarino,superspike,0.8823104402807515,polyak,1.1185374434846949e-05,True,,0.2846442702817992,0.07749018752561165,0.4404834965359215,15.819958365226356,5.835148449597879,0.23497731099336078,nan,nan,0.7496893405914307,1.1991928815841675,1.1994210481643677,warmstart,0.7496893405914307,-0.4495035409927368,-0.456140350877193,10,9,25,1.359602928161621
854,guarino,superspike,7.97711750259621,polyak,0.010290310950370647,True,,0.5344341274788653,0.518711768405828,0.3937003693632889,2.035454295929226,2.365878332716346,0.11286682199162319,nan,nan,0.5621763467788696,0.7531679272651672,1449413.875,warmstart,0.5621763467788696,-0.1909915804862976,0.020761245674740504,8,9,25,1.3441441059112549
855,van_rossum,superspike,2.1577284039507827,polyak,0.05491777068054773,True,,0.7915218687401633,0.2068504083355922,nan,nan,nan,nan,12.664528802448856,0.5917205250859561,4.84760856628418,4.616114139556885,3736.57275390625,training,4.616114139556885,0.23149442672729492,-1.0,190,9,25,2.0077359676361084
856,van_rossum,superspike,0.5048453507825499,polyak,0.0035519747102931475,True,,0.26770411475109535,0.2951926544584984,nan,nan,nan,nan,3.2021665432666375,0.4831296396371074,7.072685718536377,6.1655402183532715,6.1655402183532715,training,6.1655402183532715,0.9071455001831055,-1.0,3680,9,6,1.1274712085723877
857,guarino,superspike,1.3053641139449423,polyak,0.0258472525883967,False,,1.4613584715842112,0.7148374547182023,0.2767705994153364,2.8363602091604334,1.3457227784856567,0.16335965924458173,nan,nan,0.6216199398040771,0.6293140649795532,93172.5703125,warmstart,0.6216199398040771,-0.007694125175476074,-0.5625,9,9,25,1.3143229484558105
858,van_rossum,superspike,5.855504304796352,polyak,0.002647989690159765,False,,1.2151070521893041,0.44952927224227623,nan,nan,nan,nan,2.974510452371729,0.8363953592357555,9.084327697753906,8.304778099060059,8.816632270812988,training,8.304778099060059,0.7795495986938477,0.035714285714285705,5,9,25,1.139281988143921
859,van_rossum,superspike,0.8165472975278631,polyak,0.01707803786249639,True,,0.18825554854555043,0.07914948553522905,nan,nan,nan,nan,27.05705384752973,0.7786155456256356,7.524993896484375,6.551020622253418,2304836.75,training,6.551020622253418,0.973973274230957,-1.0,3791,9,25,3.4904837608337402
860,van_rossum,superspike,0.5632036859172719,polyak,0.002440274901856443,False,,1.033469322384161,0.6534904689480839,nan,nan,nan,nan,9.24768250144579,0.9660749488408352,5.6287994384765625,6.087050437927246,6.158908843994141,warmstart,5.6287994384765625,-0.4582509994506836,0.36678200692041524,8,9,25,1.6849229335784912
861,van_rossum,superspike,0.9720870740096726,polyak,0.0005622900215773493,True,,0.32314678962947296,0.00012490653719365863,nan,nan,nan,nan,2.738416971746363,0.487542449176412,6.58720064163208,6.32318115234375,8.66953182220459,training,6.32318115234375,0.2640194892883301,0.46886446886446886,4,9,25,1.6724178791046143
862,van_rossum,superspike,7.555482770543099,polyak,2.096218223366394e-05,False,,0.36407037724951297,0.8858952595401297,nan,nan,nan,nan,9.553690433904503,0.04658760906833226,1.6806942224502563,2.1211090087890625,2.121138095855713,warmstart,1.6806942224502563,-0.44041478633880615,0.020761245674740504,8,9,25,1.6496219635009766
863,guarino,superspike,6.667887432143023,polyak,0.001089573948208096,False,,0.7693007981751938,0.32738461069660096,0.09664729101891022,4.849819874705989,8.614821526567953,0.1654362924545336,nan,nan,0.8741158246994019,0.7544893026351929,69.30508422851562,training,0.7544893026351929,0.11962652206420898,0.0,0,9,25,1.3541228771209717
864,van_rossum,superspike,0.9129657432667299,polyak,5.263780677548385e-05,True,,0.8383614499718659,0.3754115459087124,nan,nan,nan,nan,6.320236267332815,0.3088888825562579,4.608570098876953,4.458423137664795,4.468180179595947,training,4.458423137664795,0.1501469612121582,0.24561403508771928,10,9,25,1.381511926651001
865,van_rossum,superspike,0.6790891118977922,polyak,0.0015231602971732218,False,,1.136900560610166,0.8479028431341171,nan,nan,nan,nan,2.1834461359134756,0.08153590546076306,4.09237003326416,7.67241096496582,8.032774925231934,warmstart,4.09237003326416,-3.58004093170166,-0.5625,9,9,25,1.0443267822265625
866,van_rossum,superspike,0.6778453456070417,polyak,0.0001613392688762241,False,,0.9088407935448668,0.2560250986070861,nan,nan,nan,nan,2.864199806940537,0.33957248402235085,5.186633110046387,7.547482967376709,7.547504425048828,warmstart,5.186633110046387,-2.3608498573303223,0.1319444444444445,9,9,25,1.1068828105926514
867,van_rossum,superspike,2.76767303532659,polyak,0.005213548418931772,True,,0.9435923660458252,0.24937847491985388,nan,nan,nan,nan,10.763946544046746,0.4018763360651161,4.434562683105469,5.861482620239258,18.152545928955078,warmstart,4.434562683105469,-1.426919937133789,-0.21527777777777773,9,9,25,1.861504077911377
868,guarino,superspike,7.982560582253242,polyak,0.0035143053565444395,True,,0.4939259968544562,0.05961817256501978,0.26161873796691143,10.581123408785317,15.642380551236553,0.19208686868758643,nan,nan,0.9754546284675598,1.1415483951568604,2464379.25,warmstart,0.9754546284675598,-0.16609376668930054,0.4210526315789474,10,9,25,1.3940470218658447
869,guarino,superspike,5.464578226047153,polyak,0.00037209629105625834,False,,1.367989756965836,0.9192260157195751,0.12068938282437952,4.877835354796698,15.343659565006174,0.18930296578272057,nan,nan,0.9101961255073547,0.9660601019859314,0.968591034412384,warmstart,0.9101961255073547,-0.05586397647857666,-0.32525951557093424,8,9,25,1.3080699443817139
870,van_rossum,superspike,0.8970876007402785,polyak,0.015042366261922823,True,,0.8356425601909758,0.47686706246278976,nan,nan,nan,nan,2.9384314753241636,0.9838455949248598,9.662759780883789,10.680825233459473,14.515256881713867,warmstart,9.662759780883789,-1.0180654525756836,0.0,0,9,18,1.1598780155181885
871,van_rossum,superspike,1.3723679066201642,polyak,0.00013395029653308355,False,,0.5021511324594082,0.7287107451466779,nan,nan,nan,nan,41.55470524750298,0.43930743677875883,3.8042383193969727,4.406464099884033,4.406464099884033,warmstart,3.8042383193969727,-0.6022257804870605,-0.04166666666666662,9,9,25,4.0484068393707275
872,van_rossum,superspike,3.359599219969464,polyak,0.0001972918236463865,True,,0.42226336451886287,0.41529746062389516,nan,nan,nan,nan,33.14545816423196,0.135370459787843,1.4155927896499634,1.8574731349945068,10.168846130371094,warmstart,1.4155927896499634,-0.44188034534454346,-0.21527777777777773,9,9,25,3.5723040103912354
873,van_rossum,superspike,1.342326008646179,polyak,0.0007740339102290655,False,,1.0953355192135787,0.9482759892683243,nan,nan,nan,nan,2.380885948360029,0.9531532077128283,9.605938911437988,8.914151191711426,8.914151191711426,training,8.914151191711426,0.6917877197265625,0.46886446886446886,4,9,25,1.081833839416504
874,van_rossum,superspike,2.32495216293134,polyak,0.03686193513417028,True,,0.4109878328597069,0.9236013243239269,nan,nan,nan,nan,1.7362908058181277,0.6069664660138833,7.662766933441162,7.029612064361572,10.280055046081543,training,7.029612064361572,0.6331548690795898,-0.09027777777777786,7,9,25,1.0594310760498047
875,van_rossum,superspike,1.6038354013293152,polyak,1.3796760039034743e-05,True,,0.17898301411675616,0.4632835272052358,nan,nan,nan,nan,18.413611738493305,0.2964443857818584,2.916700839996338,3.0720458030700684,3.349745988845825,warmstart,2.916700839996338,-0.15534496307373047,0.36678200692041524,8,9,25,2.721458911895752
876,van_rossum,superspike,9.80688520540622,polyak,0.0058461835958518345,True,,1.1272172621687786,0.7725693748561002,nan,nan,nan,nan,8.266108917306559,0.536062107902265,5.392019748687744,4.346129417419434,8.782746315002441,training,4.346129417419434,1.0458903312683105,-0.02807017543859652,6,9,25,1.6022510528564453
877,guarino,superspike,1.7862431901320555,polyak,0.0001035917003500137,False,,0.3465267767249413,0.6564898383508689,0.2809502576783548,3.896551293429933,5.909529018299435,0.15651803529096683,nan,nan,0.7869933843612671,0.7354350090026855,0.7354350090026855,training,0.7354350090026855,0.05155837535858154,-0.38888888888888884,9,9,25,1.3494582176208496
878,van_rossum,superspike,0.71355015193671,polyak,3.15899821453874e-05,True,,1.3064461276194639,0.663505235719258,nan,nan,nan,nan,5.506481066726001,0.6490234057258495,7.591108798980713,nan,nan,warmstart,7.591108798980713,nan,1.0,9,9,0,1.226186990737915
879,guarino,superspike,16.320546513403535,polyak,0.00023700380865202951,True,,1.3241144214323797,0.17078209525836174,0.14253739476584013,12.038214312614587,17.03267063067477,0.023684860566633503,nan,nan,0.21398895978927612,0.6519170999526978,12.312655448913574,warmstart,0.21398895978927612,-0.43792814016342163,-0.5625,9,9,25,1.3520119190216064
880,van_rossum,superspike,0.8634715537081233,polyak,0.05180581619788278,True,,1.1968969703034291,0.23381927426107785,nan,nan,nan,nan,3.2056517866863032,0.3815153279626775,5.960330486297607,6.833786964416504,7.379562854766846,warmstart,5.960330486297607,-0.8734564781188965,0.30555555555555564,9,9,2,1.0854499340057373
881,guarino,superspike,0.7433171035909311,polyak,0.00020129209465756328,False,,0.20226199147235163,0.5501341706974073,0.17132434016393008,14.212854896557543,1.5369913223510423,0.1407070294441719,nan,nan,0.4105947017669678,0.9995895624160767,1.0059232711791992,warmstart,0.4105947017669678,-0.5889948606491089,-0.5625,9,9,25,1.3198330402374268
882,guarino,superspike,4.314056899621959,polyak,0.0010433285519612047,True,,0.8992248934203624,0.33589713172919555,0.36965279919573024,15.813650996494673,15.78625344615067,0.08083793681810653,nan,nan,0.650348424911499,0.6688761711120605,0.6688761711120605,warmstart,0.650348424911499,-0.018527746200561523,0.19377162629757788,8,9,1,1.3044569492340088
883,van_rossum,superspike,0.5991233969033384,polyak,0.0017147908942878088,False,,1.3985864717741192,0.6551437946449565,nan,nan,nan,nan,1.4964061036561234,0.14674424254448049,5.26371431350708,5.496886730194092,5.676492691040039,warmstart,5.26371431350708,-0.23317241668701172,0.0,0,9,25,1.014045238494873
884,van_rossum,superspike,5.7697641157038,polyak,1.388082009023794e-05,True,,0.3983476145194195,0.2067667296794684,nan,nan,nan,nan,4.265723403924202,0.953053716545225,8.510896682739258,7.656888484954834,580298.875,training,7.656888484954834,0.8540081977844238,-1.0,3791,9,25,1.2354819774627686
885,van_rossum,superspike,5.641524709055813,polyak,0.022594694996719712,False,,0.2400890987905842,0.7430409461629872,nan,nan,nan,nan,1.6938081863617083,0.3737150117458109,6.984425067901611,6.635791301727295,6.635791301727295,training,6.635791301727295,0.3486337661743164,0.0,0,9,25,1.0204417705535889
886,van_rossum,superspike,3.175975012112167,polyak,0.0968583244004493,False,,0.849964015396866,0.4114957749920847,nan,nan,nan,nan,37.99175954944488,0.22249775536660854,2.301274061203003,2.2149252891540527,326363.90625,training,2.2149252891540527,0.0863487720489502,0.0,0,9,25,4.133040904998779
887,van_rossum,superspike,18.031795017989683,polyak,3.828712894816151e-05,False,,1.3986648473538634,0.6306288454833006,nan,nan,nan,nan,1.1604973826846594,0.07734400225577898,4.083101272583008,7.93697452545166,7.962563991546631,warmstart,4.083101272583008,-3.8538732528686523,0.1319444444444445,9,9,25,1.0078651905059814
888,guarino,superspike,12.961782942829307,polyak,0.00011508072219665362,True,,1.021941547187028,0.15237903185827417,0.127358913123117,18.12869109939201,3.241334903221132,0.007303660996558403,nan,nan,0.20297440886497498,0.6579648852348328,142583.96875,warmstart,0.20297440886497498,-0.4549904763698578,-0.5625,9,9,25,1.9113929271697998
889,guarino,superspike,0.7345381105215341,polyak,0.005623208617761156,False,,1.2999061564201062,0.9190356502319008,0.43207329286442875,7.124683201273776,5.495069862833467,0.26784019272233994,nan,nan,0.5439863801002502,0.5303007960319519,0.5303007960319519,training,0.5303007960319519,0.01368558406829834,0.1319444444444445,9,9,25,1.3179819583892822
890,van_rossum,superspike,1.3547112282957006,polyak,0.002181860025572691,True,,1.1855358817175143,0.3500109823441274,nan,nan,nan,nan,2.580420812000183,0.7250012136095562,9.29608154296875,8.646453857421875,8.77743148803711,training,8.646453857421875,0.649627685546875,0.10256410256410257,4,9,25,1.1308472156524658
891,guarino,superspike,0.5426557929251088,polyak,0.0010720177505031156,False,,0.4347315283900368,0.9271385771926535,0.11883600142394414,18.750415212220524,10.57232749020406,0.25148378281828104,nan,nan,0.5573667287826538,0.49015453457832336,0.5043748021125793,training,0.49015453457832336,0.06721219420433044,-0.21527777777777773,9,9,25,1.3041000366210938
892,van_rossum,superspike,0.7176541553869008,polyak,0.0034572427628449275,True,,0.09084616982287969,0.07699080812060333,nan,nan,nan,nan,10.340411031583539,0.5513679621540587,3.784074068069458,4.213634490966797,4.213634490966797,warmstart,3.784074068069458,-0.42956042289733887,0.5397923875432526,8,9,1,1.529798984527588
893,guarino,superspike,8.351656926017688,polyak,0.00024663914403478713,False,,0.6688313355178932,0.6078046670230125,0.42305691776220467,10.767115063529909,10.028290816087406,0.08009237508159091,nan,nan,1.0424731969833374,0.6552707552909851,0.656585693359375,training,0.6552707552909851,0.3872024416923523,0.7128027681660901,8,9,25,1.2991878986358643
894,van_rossum,superspike,14.686475123519628,polyak,0.00015931108458524748,True,,0.39657930614896736,0.40655983481013536,nan,nan,nan,nan,44.074341277649076,0.8452196744613539,6.157044410705566,6.128043174743652,6.342549800872803,training,6.128043174743652,0.029001235961914062,0.007142857142857149,11,9,25,4.085939884185791
895,van_rossum,superspike,1.0512280769489906,polyak,1.675770583522442e-05,True,,0.09290850292130981,0.3950134039208921,nan,nan,nan,nan,25.600035107239645,0.8442941484035814,7.075645923614502,7.066120147705078,5724.99755859375,training,7.066120147705078,0.009525775909423828,-1.0,190,9,25,3.1333110332489014
896,van_rossum,superspike,0.6670675255005946,polyak,0.009954708617657302,False,,0.9121889619479461,0.3944427387313236,nan,nan,nan,nan,15.028687065093713,0.9113806886912028,7.75231409072876,6.9894514083862305,5.818050660091822e+17,training,6.9894514083862305,0.7628626823425293,-0.075,1,9,3,1.9389722347259521
897,guarino,superspike,9.65746970716935,polyak,0.0003296722101885117,True,,0.5320024094197362,0.8397133446791534,0.2950098491861095,8.326879462336052,14.376612077361925,0.23599638738102668,nan,nan,0.7577306628227234,0.7885038256645203,0.9182625412940979,warmstart,0.7577306628227234,-0.030773162841796875,0.020761245674740504,8,9,25,1.372776985168457
898,van_rossum,superspike,2.6588909486322105,polyak,0.0026379884948927717,False,,1.480273352895997,0.260686111014103,nan,nan,nan,nan,2.4778833043620074,0.1768872665129827,2.396684408187866,8.368268966674805,369343.15625,warmstart,2.396684408187866,-5.9715845584869385,-0.5625,9,9,25,1.054429054260254
899,van_rossum,superspike,0.7572671881482328,polyak,2.703266526480754e-05,True,,0.5510191212574403,0.4728866021919116,nan,nan,nan,nan,2.603340289675713,0.3496775058773096,5.374323844909668,7.683398723602295,7.683398723602295,warmstart,5.374323844909668,-2.309074878692627,-0.04166666666666662,9,9,25,1.1138219833374023
900,van_rossum,superspike,4.951346048791087,polyak,2.425538696821647e-05,True,,1.4844741740887561,0.9755851708765133,nan,nan,nan,nan,6.244769762650739,0.10786921840629593,1.695628046989441,4.010789394378662,4.0107951164245605,warmstart,1.695628046989441,-2.315161347389221,-0.49826989619377166,8,9,25,1.3948068618774414
901,guarino,superspike,0.8680959294290499,polyak,0.021049693616727715,False,,0.5749447303935444,0.28149925605475035,0.15955012239817695,1.488717071060107,11.758774007161412,0.12037185625003827,nan,nan,0.8746643662452698,0.7583838701248169,0.7583838701248169,training,0.7583838701248169,0.11628049612045288,-0.04166666666666662,9,9,25,1.3089547157287598
902,guarino,superspike,8.924919519809182,polyak,0.020394610628937552,False,,0.08805509580050402,0.625369228462319,0.3474580401680541,3.768943473903741,11.497966504199042,0.0729596642039831,nan,nan,0.832952082157135,0.8727264404296875,63.1888542175293,warmstart,0.832952082157135,-0.03977435827255249,0.020761245674740504,8,9,6,1.2899730205535889
903,guarino,superspike,2.4206484729475353,polyak,0.0001339745380353781,True,,0.7291687508329263,0.7287611221416688,0.21043026429864228,3.4860500905771925,17.386273590269628,0.2484140825894054,nan,nan,0.35449740290641785,0.523971438407898,20.954984664916992,warmstart,0.35449740290641785,-0.1694740355014801,-0.5625,9,9,25,1.3408949375152588
904,guarino,superspike,0.9532049476902108,polyak,0.01339869283705953,False,,0.5723482232593162,0.035105424229590176,0.125436328570376,8.820362609626676,14.640349033318666,0.10904551254216928,nan,nan,0.6496371030807495,0.7693518996238708,0.7693518996238708,warmstart,0.6496371030807495,-0.11971479654312134,-0.5625,9,9,1,1.2784781455993652
905,guarino,superspike,0.6069081836230475,polyak,1.8117968904083504e-05,True,,1.2535888851245982,0.54367712363369,0.4763246844996548,11.222005724937757,12.94551531389735,0.05534518834214791,nan,nan,0.9371156692504883,0.8697039484977722,0.8697039484977722,training,0.8697039484977722,0.06741172075271606,-0.1522491349480969,8,9,25,1.3371882438659668
906,van_rossum,superspike,3.982767447670295,polyak,3.1428151064205664e-05,True,,0.9810229782612927,0.7990852849242002,nan,nan,nan,nan,3.8594789468646558,0.5145517019441572,6.447912693023682,5.1426520347595215,5.143139839172363,training,5.1426520347595215,1.3052606582641602,1.0,9,9,25,1.175117015838623
907,van_rossum,superspike,0.5131065455076358,polyak,5.423082217022353e-05,True,,0.6057517365012186,0.026213532467259992,nan,nan,nan,nan,43.41760496928316,0.15123291294056207,1.5201263427734375,1.4808348417282104,19.162683486938477,training,1.4808348417282104,0.03929150104522705,0.020761245674740504,8,9,25,4.1760499477386475
908,guarino,superspike,10.100505132062716,polyak,0.0004566577900232171,True,,0.6622140808449568,0.8868782740270206,0.06546776019185432,1.4334198739627007,4.91011148973542,0.24828649340560308,nan,nan,0.6892831325531006,0.8580212593078613,0.910012423992157,warmstart,0.6892831325531006,-0.16873812675476074,-0.5625,9,9,25,1.3530359268188477
909,guarino,superspike,19.448058951527223,polyak,4.505926147097334e-05,False,,0.7051497472480788,0.12912367972018846,0.10331877072316127,10.505625064966251,7.716883257914994,0.0703806897338981,nan,nan,0.6432439684867859,0.4342758357524872,1012668.4375,training,0.4342758357524872,0.2089681327342987,-1.0,4000,9,25,1.305274248123169
910,guarino,superspike,0.989125831206699,polyak,2.3918918644776663e-05,False,,0.11440600546074575,0.7531683854134263,0.17697341586641746,19.58996391284506,4.479301422103371,0.10633399500715436,nan,nan,0.5743065476417542,0.49732789397239685,0.49733415246009827,training,0.49732789397239685,0.0769786536693573,0.47916666666666674,9,9,25,1.2870211601257324
911,van_rossum,superspike,0.500364977757882,polyak,0.001363195955398124,True,,0.619152823863151,0.42030469987880803,nan,nan,nan,nan,4.629979241290647,0.891950122211263,9.203679084777832,9.206121444702148,10.61461067199707,warmstart,9.203679084777832,-0.0024423599243164062,0.7128027681660901,8,9,25,1.2624938488006592
912,guarino,superspike,0.9988791622648423,polyak,0.05567357746604833,True,,0.8706367413778742,0.611757953968084,0.2825606301133871,11.535433063853434,13.685832912033716,0.1965105765302579,nan,nan,0.3557378947734833,0.2883761525154114,0.38936036825180054,training,0.2883761525154114,0.0673617422580719,-0.38888888888888884,9,9,25,1.6700708866119385
913,van_rossum,superspike,2.698565501551205,polyak,0.0016060764318301518,True,,0.9793076608757055,0.7489288200900446,nan,nan,nan,nan,2.245251448849045,0.11039123373735693,4.876486301422119,5.843412399291992,5.843412399291992,warmstart,4.876486301422119,-0.966926097869873,-0.08058608058608058,4,9,25,1.0760493278503418
914,guarino,superspike,1.50398493733048,polyak,0.048187745449714096,False,,1.444962094711204,0.22884336115151804,0.44620371367279593,3.639440945937259,15.469191814709797,0.0039024481942114605,nan,nan,0.6496070623397827,0.5520588159561157,651.5736694335938,training,0.5520588159561157,0.09754824638366699,-0.075,1,9,25,1.9080162048339844
915,guarino,superspike,13.698055841951836,polyak,0.0002784771910107752,True,,0.3381967440456912,0.3389059287804632,0.13926879582003146,10.700996324388855,13.025702993487764,0.1300290326649974,nan,nan,0.3578668534755707,0.5595725178718567,0.5595725178718567,warmstart,0.3578668534755707,-0.201705664396286,-0.21527777777777773,9,9,1,1.3735270500183105
916,guarino,superspike,16.507361649198025,polyak,0.0013157731499799214,True,,1.4653465855456953,0.3100460441847964,0.30393225169978916,6.909679272818104,1.0706690762806121,0.2991924301336975,nan,nan,1.0235291719436646,1.2243757247924805,3104709.25,warmstart,1.0235291719436646,-0.20084655284881592,-0.6315789473684211,10,9,25,1.3898911476135254
917,van_rossum,superspike,8.47770991631127,polyak,0.001245254799773168,False,,0.2914070359898989,0.011032621440349888,nan,nan,nan,nan,2.7307214328083815,0.43497086171990695,5.6836161613464355,5.602801322937012,48446.25,training,5.602801322937012,0.08081483840942383,0.0,0,9,25,1.0697741508483887
918,guarino,superspike,4.926375302751526,polyak,6.653598925868743e-05,True,,1.4151767387548904,0.17486039476730653,0.11814232212970933,7.033817230203265,11.898505665427477,0.20444178959574125,nan,nan,0.626923143863678,0.7178692817687988,27.267105102539062,warmstart,0.626923143863678,-0.09094613790512085,-0.5625,9,9,25,1.3296411037445068
919,van_rossum,superspike,0.5815209012027299,polyak,6.110422969417751e-05,True,,1.1674491850676494,0.9837223383651236,nan,nan,nan,nan,13.199298182884727,0.5901391809188112,6.952250957489014,5.85811710357666,5.8685760498046875,training,5.85811710357666,1.0941338539123535,0.47916666666666674,9,9,25,2.0170419216156006
920,guarino,superspike,1.6209055662230019,polyak,0.0008816542925693981,False,,0.5702278208248526,0.11305933678187674,0.44002656833260095,14.324200574174295,1.7848684349969703,0.0347359275813919,nan,nan,0.2122262865304947,0.44213777780532837,0.4421543776988983,warmstart,0.2122262865304947,-0.22991149127483368,-0.38888888888888884,9,9,25,1.3101387023925781
921,van_rossum,superspike,4.827993812849857,polyak,0.007833831263695488,False,,1.333969305461501,0.7323430296357656,nan,nan,nan,nan,17.83291229875809,0.8040811727134838,8.008844375610352,9.060519218444824,9.060519218444824,warmstart,8.008844375610352,-1.0516748428344727,-0.04166666666666662,9,9,1,2.1522300243377686
922,van_rossum,superspike,1.5132772124908855,polyak,0.07585623608323669,False,,0.5683969089966159,0.24089260605108131,nan,nan,nan,nan,4.846727020912557,0.3013385202066774,4.661706924438477,6.838385581970215,34570916.0,warmstart,4.661706924438477,-2.1766786575317383,-0.49826989619377166,8,9,25,1.2170162200927734
923,van_rossum,superspike,14.217394932156898,polyak,6.650410426244652e-05,True,,1.1895989565608478,0.8643675331093843,nan,nan,nan,nan,2.7608979536753013,0.45083484597216006,5.858867645263672,5.135222911834717,5.535399436950684,training,5.135222911834717,0.7236447334289551,0.7128027681660901,8,9,25,1.1443898677825928
924,van_rossum,superspike,19.609714648691057,polyak,0.014908409308845972,False,,1.3038167996038799,0.7733322487976717,nan,nan,nan,nan,1.5134330927660455,0.06502900065367068,4.885593891143799,4.875765800476074,4.875765800476074,training,4.875765800476074,0.00982809066772461,0.0,0,9,25,1.0145702362060547
925,guarino,superspike,1.8929781079411914,polyak,0.0050851371196903895,False,,0.7331380042167295,0.17425991771551697,0.32302625405033664,3.2080525434465192,4.7550054640588595,0.24116669485299402,nan,nan,0.903948962688446,0.9102712869644165,1.0372862815856934,warmstart,0.903948962688446,-0.006322324275970459,0.020761245674740504,8,9,25,1.33367919921875
926,van_rossum,superspike,1.2288220527854459,polyak,0.0014013863880497682,False,,0.5784621176777035,0.7901975197716632,nan,nan,nan,nan,48.165646776315995,0.5265744426658336,2.9291844367980957,3.2972140312194824,6.411272048950195,warmstart,2.9291844367980957,-0.3680295944213867,0.19377162629757788,8,9,25,4.293148040771484
927,van_rossum,superspike,2.4947537143346366,polyak,0.0002470267883953152,True,,1.243386196178415,0.49853213228352744,nan,nan,nan,nan,3.647886765217742,0.30139401086301343,4.112561225891113,4.8970112800598145,11.999940872192383,warmstart,4.112561225891113,-0.7844500541687012,0.47916666666666674,9,9,25,1.1727819442749023
928,guarino,superspike,1.4831876061913112,polyak,0.06208903288481882,False,,0.18981563029951593,0.8848539027844743,0.07793455943156208,8.857058844198828,13.002700054459474,0.11101151524250426,nan,nan,0.5148441791534424,0.6811382174491882,2.8550162315368652,warmstart,0.5148441791534424,-0.16629403829574585,-0.2807017543859649,10,9,6,1.2887561321258545
929,guarino,superspike,0.611715508103413,polyak,0.0009979237154502931,False,,0.3985012701107468,0.6775903409082219,0.08454431692108426,4.965092547521419,15.01342182916047,0.04416666567780725,nan,nan,0.431908518075943,0.37862592935562134,0.378695011138916,training,0.37862592935562134,0.053282588720321655,1.0,9,9,25,1.3202059268951416
930,guarino,superspike,2.666580903961307,polyak,0.003875073739995014,True,,1.1339893597829385,0.9495438475079023,0.2074463209082512,4.098990601584855,6.017596081475874,0.044449333515537315,nan,nan,0.4596325755119324,0.7069368362426758,0.7569130063056946,warmstart,0.4596325755119324,-0.2473042607307434,0.36678200692041524,8,9,25,1.3509302139282227
931,guarino,superspike,8.813985725081919,polyak,0.019653313157801566,True,,0.9293271579967873,0.4323734507511886,0.16804712144298734,9.096257201374845,2.81051259597136,0.2120868340982678,nan,nan,0.25893881916999817,0.5103784203529358,6258.29150390625,warmstart,0.25893881916999817,-0.2514396011829376,-0.21527777777777773,9,9,25,1.3300490379333496
932,guarino,superspike,8.948441127175476,polyak,0.0001221850849198922,False,,1.227770089503991,0.36850457439042694,0.21597916668934317,15.260882452777201,10.695049718073953,0.06029322792296218,nan,nan,0.4887281358242035,1.2948800325393677,4.985955238342285,warmstart,0.4887281358242035,-0.8061518967151642,0.1319444444444445,9,9,25,1.3142290115356445
933,van_rossum,superspike,3.684140767061381,polyak,7.849498887971418e-05,True,,0.15126088244160402,0.7359242892362617,nan,nan,nan,nan,1.5135316592065795,0.6058126322747955,9.806550025939941,9.312148094177246,9.411376953125,training,9.312148094177246,0.4944019317626953,0.13333333333333336,1,9,25,1.035944938659668
934,guarino,superspike,7.8848282115143835,polyak,0.04074945496951745,False,,0.3945144554243234,0.9014756288113434,0.09891258171833914,19.57597790686768,4.132184676892593,0.07987091058068818,nan,nan,0.6577515602111816,0.4849341809749603,0.8370909690856934,training,0.4849341809749603,0.1728173792362213,0.30555555555555564,9,9,25,1.2912278175354004
935,guarino,superspike,9.13067488917388,polyak,1.749360677100459e-05,False,,1.3909732867635725,0.1184390852842464,0.2882857330447171,19.8641758142424,17.1997657319201,0.21454011778756782,nan,nan,0.41220858693122864,0.567578911781311,3098193.75,warmstart,0.41220858693122864,-0.1553703248500824,-0.04166666666666662,9,9,25,1.3132610321044922
936,guarino,superspike,0.8485475241213162,polyak,0.00035219080427091517,False,,1.306572663477907,0.3310857790319788,0.07819224916755788,19.22349692651085,13.932861270503501,0.16225702558126975,nan,nan,0.7324256896972656,0.7246145009994507,0.7246145009994507,training,0.7246145009994507,0.007811188697814941,0.1319444444444445,9,9,25,1.2948973178863525
937,guarino,superspike,5.692113998545179,polyak,0.003608508430495455,True,,1.4487605618592465,0.4722752881776897,0.4026750773884544,13.503807226356725,10.845513862748698,0.012628532163419493,nan,nan,0.5900477766990662,0.6430667042732239,13.022109031677246,warmstart,0.5900477766990662,-0.053018927574157715,0.1319444444444445,9,9,25,1.332871913909912
938,guarino,superspike,1.774479068062102,polyak,0.003071872351938221,True,,0.9268722021847384,0.05280598257326696,0.24027513375862217,5.232796248707173,4.791842576120062,0.19648856658816294,nan,nan,0.8048399686813354,1.1032943725585938,14054.046875,warmstart,0.8048399686813354,-0.2984544038772583,0.24561403508771928,10,9,25,1.331913948059082
939,van_rossum,superspike,6.512753615607028,polyak,0.030594622149999955,False,,0.12247976863803545,0.9937107843347391,nan,nan,nan,nan,1.0353646011604474,0.7081947536150259,8.283530235290527,7.654971599578857,7.654971599578857,training,7.654971599578857,0.6285586357116699,0.0,0,9,25,1.3297479152679443
940,van_rossum,superspike,1.545621415535995,polyak,0.03727739363420335,True,,0.6854892621745678,0.1644784619519467,nan,nan,nan,nan,28.28871699203286,0.9429256204246439,7.537683486938477,7.722117900848389,2342226.25,warmstart,7.537683486938477,-0.1844344139099121,1.0,9,9,25,3.2128782272338867
941,guarino,superspike,0.809672509139721,polyak,0.0090404661581678,False,,0.222729108801903,0.23000037648217175,0.407570866243522,12.842107011102373,15.45764667876347,0.029331971696411305,nan,nan,0.2611101567745209,0.41606616973876953,0.44624191522598267,warmstart,0.2611101567745209,-0.15495601296424866,0.1319444444444445,9,9,25,1.8727102279663086
942,van_rossum,superspike,16.87512518232633,polyak,0.0008558420448826581,False,,0.9121145341648869,0.12110690874959507,nan,nan,nan,nan,10.875051350937259,0.5553226932084637,5.452549934387207,5.693957805633545,15.530987739562988,warmstart,5.452549934387207,-0.2414078712463379,0.25694444444444436,7,9,25,1.7644438743591309
943,van_rossum,superspike,6.891105186583932,polyak,0.03191083003525722,False,,0.31241231280460063,0.19583803162918523,nan,nan,nan,nan,8.614745020675638,0.9955163763063611,8.916006088256836,8.653241157531738,22.296367645263672,training,8.653241157531738,0.26276493072509766,0.0,0,9,25,1.5793750286102295
944,guarino,superspike,7.177900606395975,polyak,0.00020040021514657015,False,,0.2528044668631347,0.5122437705256234,0.19554998268742918,8.467337645163504,6.995104524174411,0.0011950543076496456,nan,nan,0.40543675422668457,0.7112123966217041,4851.8125,warmstart,0.40543675422668457,-0.30577564239501953,-0.5625,9,9,25,1.3186910152435303
945,guarino,superspike,1.226574919228945,polyak,1.757358849462329e-05,False,,0.45837166064806717,0.09528214637638055,0.2846868705284553,3.3422348490072613,15.688770827680091,0.018473382971951866,nan,nan,0.6412765979766846,0.7089347243309021,0.7202447056770325,warmstart,0.6412765979766846,-0.06765812635421753,0.020761245674740504,8,9,2,1.286257028579712
946,van_rossum,superspike,5.47190257123689,polyak,4.066944549897196e-05,False,,0.9620956998964534,0.2526620649548932,nan,nan,nan,nan,11.014308821577588,0.08866120808360944,1.5822622776031494,2.396955966949463,16.18067169189453,warmstart,1.5822622776031494,-0.8146936893463135,-0.04166666666666662,9,9,25,1.7938008308410645
947,guarino,superspike,5.933384469926107,polyak,1.1849359205014406e-05,False,,0.9236147182928685,0.4213449792732371,0.24544073424229282,15.401917280847517,16.835930067181987,0.24237110289445554,nan,nan,0.5177531838417053,0.35604315996170044,0.35604315996170044,training,0.35604315996170044,0.16171002388000488,-0.38888888888888884,9,9,25,1.330505132675171
948,van_rossum,superspike,6.939937237623929,polyak,0.0016320699936838165,True,,1.313033031686218,0.8597142142737162,nan,nan,nan,nan,5.641344769574074,0.16853611212553654,3.872340679168701,3.450739860534668,5.0282979011535645,training,3.450739860534668,0.4216008186340332,-0.02807017543859652,6,9,25,1.3468091487884521
949,van_rossum,superspike,15.994346063667889,polyak,0.0005054757191452128,True,,0.6304942447649022,0.456166445424136,nan,nan,nan,nan,7.63365957672618,0.2743530801829511,3.4076197147369385,3.808694839477539,12.286191940307617,warmstart,3.4076197147369385,-0.4010751247406006,0.30555555555555564,9,9,25,1.524022102355957
950,van_rossum,superspike,16.703665961741958,polyak,0.0003810486370620225,False,,0.9091985945068883,0.5228431871665385,nan,nan,nan,nan,30.80878578395389,0.36911680077947906,4.360971927642822,3.4654886722564697,3.4654886722564697,training,3.4654886722564697,0.8954832553863525,0.36678200692041524,8,9,25,3.438415765762329
951,van_rossum,superspike,0.5198544556409505,polyak,0.022797939760955198,True,,0.841441373373965,0.23612847588431707,nan,nan,nan,nan,1.7934303301521666,0.628399562858418,8.20417308807373,10.948211669921875,10.948211669921875,warmstart,8.20417308807373,-2.7440385818481445,-0.38888888888888884,9,9,2,1.0304689407348633
952,guarino,superspike,2.1208443723651915,polyak,4.906168541811635e-05,False,,0.9089009943352118,0.3167280531777318,0.3971896779545372,3.177292848170347,11.568048271465605,0.17810335888249643,nan,nan,0.6201356053352356,0.7181885838508606,7.526587963104248,warmstart,0.6201356053352356,-0.098052978515625,-0.5625,9,9,3,1.3201720714569092
953,van_rossum,superspike,6.437878689880796,polyak,0.004763179783454153,True,,1.4502389259152157,0.5017751384886814,nan,nan,nan,nan,26.560826947910062,0.26252060287466383,2.4125983715057373,2.61820650100708,16.527889251708984,warmstart,2.4125983715057373,-0.20560812950134277,0.07017543859649122,10,9,25,3.231616973876953
954,van_rossum,superspike,1.7664802873656298,polyak,0.004312015947619629,True,,0.618373511369198,0.00903314982532244,nan,nan,nan,nan,2.4713367536395316,0.042386232858316,3.4341418743133545,3.89544677734375,3.89544677734375,warmstart,3.4341418743133545,-0.4613049030303955,0.43055555555555547,7,9,1,1.0559067726135254
955,van_rossum,superspike,3.2624155726149495,polyak,2.83683494292487e-05,True,,1.0802696685005033,0.6109678191132942,nan,nan,nan,nan,18.50860756847193,0.11889126812485673,1.4314180612564087,1.668786644935608,1.668786644935608,warmstart,1.4314180612564087,-0.23736858367919922,0.47916666666666674,9,9,1,2.3493640422821045
956,van_rossum,superspike,1.8986742391720495,polyak,5.525696102766216e-05,False,,0.8551510461878241,0.9130280253334802,nan,nan,nan,nan,3.4506965415675643,0.5080626097714577,6.346739292144775,8.039701461791992,8.083541870117188,warmstart,6.346739292144775,-1.6929621696472168,0.28571428571428575,4,9,25,1.1222968101501465
957,guarino,superspike,4.77116540958034,polyak,0.020386097581970308,True,,1.3651409191604815,0.35887980186433643,0.2413657429343698,17.99461463834445,18.02963255610672,0.1574576630734716,nan,nan,0.6967887878417969,0.7924191355705261,22.778879165649414,warmstart,0.6967887878417969,-0.09563034772872925,-0.5625,9,9,25,1.5864899158477783
958,van_rossum,superspike,2.92120160087997,polyak,0.0002561090140537094,False,,0.755418484980346,0.5699452909201765,nan,nan,nan,nan,48.25794022686212,0.8998950471892022,6.404313087463379,7.500094890594482,27733.7578125,warmstart,6.404313087463379,-1.0957818031311035,-0.09027777777777786,7,9,5,3.851188898086548
959,guarino,superspike,8.082937344906338,polyak,0.0003581460419869509,False,,0.586173018838916,0.5590705574658124,0.20008347383487154,14.10849160896425,13.30675211912959,0.1526587841480701,nan,nan,0.7206466197967529,0.7755789756774902,0.7755917310714722,warmstart,0.7206466197967529,-0.054932355880737305,0.19377162629757788,8,9,25,1.3607428073883057
960,guarino,superspike,0.5263407415312743,polyak,0.031191288613391776,True,,0.15365853790434042,0.9997136751048175,0.33263718312952445,2.2586830079889957,11.686304129109978,0.09939233773968441,nan,nan,0.3416990339756012,0.6192197203636169,0.7184629440307617,warmstart,0.3416990339756012,-0.27752068638801575,-0.5625,9,9,25,1.367335319519043
961,van_rossum,superspike,2.1702029707309034,polyak,0.00019876111747084256,False,,0.8818282723590409,0.8481848353039325,nan,nan,nan,nan,8.719328991676607,0.5823313901318106,4.964733600616455,7.8698601722717285,8.522586822509766,warmstart,4.964733600616455,-2.9051265716552734,-0.38888888888888884,9,9,25,1.6377370357513428
962,van_rossum,superspike,8.532424847145833,polyak,0.0002346564899305826,True,,1.0595085044261594,0.20698481460997364,nan,nan,nan,nan,1.2555115874553553,0.7913817396448508,8.050734519958496,8.592851638793945,8.592851638793945,warmstart,8.050734519958496,-0.5421171188354492,0.0,0,9,25,1.083765983581543
963,van_rossum,superspike,10.816525137164358,polyak,0.07870122247327421,False,,0.34088827057875315,0.38956313073298754,nan,nan,nan,nan,18.941758284535897,0.15696927880306155,1.6843030452728271,2.4559154510498047,16.867902755737305,warmstart,1.6843030452728271,-0.7716124057769775,-0.38888888888888884,9,9,25,2.7386720180511475
964,van_rossum,superspike,6.530888498194996,polyak,8.069942004644815e-05,False,,1.2011785750178077,0.8199256492831074,nan,nan,nan,nan,3.1740487667450723,0.024140762470689858,3.038290500640869,2.6559207439422607,3.673724889755249,training,2.6559207439422607,0.3823697566986084,0.43055555555555547,7,9,25,1.1063618659973145
965,van_rossum,superspike,4.566551599412715,polyak,0.00011741187294635187,False,,1.0523930718120216,0.9771683470502623,nan,nan,nan,nan,4.374615067927803,0.05876799916772013,2.7364561557769775,3.277479648590088,3.277480363845825,warmstart,2.7364561557769775,-0.5410234928131104,0.36678200692041524,8,9,25,1.2083160877227783
966,van_rossum,superspike,2.041213411194757,polyak,9.507782203085701e-05,False,,0.4122678234500161,0.4546686638561511,nan,nan,nan,nan,2.6399212508024856,0.4664399468694379,6.8703083992004395,4.986879825592041,15.127214431762695,training,4.986879825592041,1.8834285736083984,0.0,0,9,25,1.0736958980560303
967,van_rossum,superspike,18.501619274987167,polyak,0.06899954532456562,False,,1.3414075559123675,0.4480084193213887,nan,nan,nan,nan,21.760037288187995,0.9553345422567178,8.466988563537598,6.663360118865967,14.102280616760254,training,6.663360118865967,1.8036284446716309,-0.075,1,9,25,2.8913400173187256
968,van_rossum,superspike,1.2568731263999424,polyak,0.007016822883378734,True,,0.5690931990599881,0.5577725070366454,nan,nan,nan,nan,4.258398350726104,0.5216293528858401,5.565736293792725,5.538034439086914,5.538034439086914,training,5.538034439086914,0.027701854705810547,-1.0,50,9,1,1.518643856048584
969,guarino,superspike,4.296771575809302,polyak,0.005570943438187537,True,,0.4571529548096864,0.8452859146449596,0.1900059134041988,11.486278961671212,16.733897101071186,0.2169448815809071,nan,nan,0.5622934103012085,0.7264973521232605,0.9168475270271301,warmstart,0.5622934103012085,-0.164203941822052,-0.5625,9,9,25,1.3469467163085938
970,guarino,superspike,1.5317570291184506,polyak,0.02211108847610994,False,,1.4263056292482506,0.8316719542598827,0.22853445647206824,2.0741934940402933,10.834074036181272,0.11291475265894721,nan,nan,0.6260995268821716,0.9046297669410706,1.0479116439819336,warmstart,0.6260995268821716,-0.2785302400588989,0.19377162629757788,8,9,25,1.3687548637390137
971,guarino,superspike,4.545825920419267,polyak,0.06926820119612408,False,,0.9685689208218016,0.743832133607818,0.3736816345033644,14.114735958891258,10.431735270497278,0.17005412404199358,nan,nan,0.12830276787281036,0.3286305069923401,28.072040557861328,warmstart,0.12830276787281036,-0.20032773911952972,-0.21527777777777773,9,9,25,1.8504269123077393
972,van_rossum,superspike,0.7445788659533071,polyak,0.00022903118590200612,False,,0.564290202902445,0.7069259651130924,nan,nan,nan,nan,3.6776776967903757,0.00795581558463787,2.150820016860962,4.589151859283447,4.589152812957764,warmstart,2.150820016860962,-2.4383318424224854,-0.21527777777777773,9,9,25,1.107206106185913
973,van_rossum,superspike,0.5606593951591085,polyak,0.0003333665903530463,False,,0.39084368398489217,0.924973071500241,nan,nan,nan,nan,7.920878029710904,0.0924476918222058,1.9978361129760742,2.9257168769836426,2.9258174896240234,warmstart,1.9978361129760742,-0.9278807640075684,0.4210526315789474,10,9,25,1.4577240943908691
974,van_rossum,superspike,2.065369583080612,polyak,0.006147131651666513,False,,1.4533520087768426,0.4391982767814071,nan,nan,nan,nan,6.956827044660364,0.22016852895105443,2.985976219177246,2.6956400871276855,4.595689296722412,training,2.6956400871276855,0.29033613204956055,0.9473684210526316,10,9,25,1.4023749828338623
975,guarino,superspike,1.4126790884100633,polyak,0.00039836637353304427,False,,0.961340117148292,0.9402861430991164,0.19949040579904154,12.112292746501286,18.13272079695664,0.08706954238510276,nan,nan,0.49978703260421753,1.844395399093628,1.8759167194366455,warmstart,0.49978703260421753,-1.3446083664894104,-0.32525951557093424,8,9,25,1.3304688930511475
976,guarino,superspike,18.20270453165315,polyak,0.00010103741457551856,True,,1.188820683810966,0.5062331497548033,0.1295929640443427,13.227172233384437,16.056111224166457,0.17062674579701081,nan,nan,0.650297999382019,1.7416532039642334,24.20205307006836,warmstart,0.650297999382019,-1.0913552045822144,0.5397923875432526,8,9,25,1.3589859008789062
977,guarino,superspike,14.329520796655427,polyak,1.5980199690481327e-05,True,,1.1704779870807538,0.743814690178002,0.4332302738462148,15.048416358896121,18.99475083421112,0.14947786660501375,nan,nan,0.6720223426818848,0.7070388793945312,0.7139204144477844,warmstart,0.6720223426818848,-0.035016536712646484,-0.38888888888888884,9,9,25,1.3523740768432617
978,van_rossum,superspike,3.7136233936722753,polyak,0.012888339438997259,True,,1.256414214694362,0.26512827029518105,nan,nan,nan,nan,11.136079326691865,0.557110377480783,6.032815933227539,5.174261569976807,14.26120376586914,training,5.174261569976807,0.8585543632507324,0.0,0,9,25,1.8236310482025146
979,guarino,superspike,11.000633276208378,polyak,0.0019276217116675756,True,,1.3814564219763876,0.15565138462606176,0.197094943621986,9.30555912196202,15.021579870591651,0.25072403763772827,nan,nan,0.6131641268730164,0.34808191657066345,1437.3310546875,training,0.34808191657066345,0.2650822103023529,-1.0,86,9,25,1.3756122589111328
980,van_rossum,superspike,1.5915159211835723,polyak,0.05562612346426408,False,,0.8972599497807867,0.5387607343892877,nan,nan,nan,nan,35.9552962411311,0.8741985740996646,8.227736473083496,7.3978352546691895,7.3978352546691895,training,7.3978352546691895,0.8299012184143066,-1.0,397,9,1,3.0330917835235596
981,guarino,superspike,9.353087440569691,polyak,0.001202786812292899,True,,0.4019370437340318,0.32405959992264766,0.19447822483067695,17.675782239907804,13.578692689802786,0.22047518351070355,nan,nan,0.8657074570655823,1.2306832075119019,28.067623138427734,warmstart,0.8657074570655823,-0.3649757504463196,-0.6315789473684211,10,9,25,1.3692400455474854
982,van_rossum,superspike,0.5271986756796814,polyak,0.00020085267347335516,True,,1.1623967668949249,0.360099630475033,nan,nan,nan,nan,36.7018008585214,0.2184648924981305,2.2950329780578613,2.576899528503418,2.677460193634033,warmstart,2.2950329780578613,-0.28186655044555664,-0.5625,9,9,3,3.165773868560791
983,van_rossum,superspike,0.518277469330289,polyak,1.6844604501278258e-05,False,,1.2294632619918482,0.2368521217583356,nan,nan,nan,nan,3.6198136382641786,0.6099527786289806,7.75828742980957,6.961826324462891,7.106812953948975,training,6.961826324462891,0.7964611053466797,0.08333333333333325,7,9,25,1.1522259712219238
984,van_rossum,superspike,0.5287443391046092,polyak,0.0428579325740731,True,,1.4250588114836862,0.0024614834245593187,nan,nan,nan,nan,5.9954219347955515,0.41382194023866903,5.333474159240723,6.535218238830566,790685.625,warmstart,5.333474159240723,-1.2017440795898438,0.035714285714285705,5,9,25,1.4015660285949707
985,van_rossum,superspike,10.774833520099447,polyak,0.023918491710840928,False,,0.8075420744254322,0.9140082690118511,nan,nan,nan,nan,22.978608843438906,0.8824249949675781,7.290382385253906,7.033112525939941,8.825861930847168,training,7.033112525939941,0.25726985931396484,-0.5625,9,9,25,3.0031871795654297
986,van_rossum,superspike,2.6358169953647215,polyak,5.2547487967753874e-05,False,,1.117109019203953,0.6979409896782558,nan,nan,nan,nan,8.023151255574751,0.15671919122582145,2.5068986415863037,3.58225154876709,3.591932535171509,warmstart,2.5068986415863037,-1.0753529071807861,-0.49826989619377166,8,9,25,1.5413901805877686
987,van_rossum,superspike,12.601389111304877,polyak,0.0005047051717725537,False,,0.2046919687899596,0.36484315715995985,nan,nan,nan,nan,1.448567558690804,0.5609296292812848,8.048683166503906,8.019343376159668,8.019343376159668,training,8.019343376159668,0.02933979034423828,0.0,0,9,25,1.0260779857635498
988,van_rossum,superspike,19.112813692843716,polyak,0.0004926015059231957,False,,0.5572484736143162,0.03496126729883442,nan,nan,nan,nan,2.008712634834701,0.8091913550722803,9.783679008483887,9.002294540405273,9.002294540405273,training,9.002294540405273,0.7813844680786133,0.0,0,9,25,1.0544428825378418
989,van_rossum,superspike,4.221226019013834,polyak,0.0057305771731127955,True,,0.5045169664270287,0.45965408044166767,nan,nan,nan,nan,12.033482012678826,0.3142159523264475,3.536306858062744,4.438471794128418,12.280611038208008,warmstart,3.536306858062744,-0.9021649360656738,-0.5625,9,9,25,2.0412099361419678
990,van_rossum,superspike,0.6331748233773268,polyak,3.112107449447888e-05,False,,0.6437952932012807,0.8292606434644912,nan,nan,nan,nan,3.8106581347462103,0.4275314146474197,6.132320404052734,nan,nan,warmstart,6.132320404052734,nan,0.30555555555555564,9,9,0,1.1314208507537842
991,guarino,superspike,13.146579215287922,polyak,0.0811684382394617,False,,0.008613411081362488,0.7508855466946219,0.3078950776640211,2.7893233091472562,18.724323562712353,0.23286513876679105,nan,nan,0.4533314108848572,0.5640018582344055,0.5680902600288391,warmstart,0.4533314108848572,-0.11067044734954834,-0.21527777777777773,9,9,25,1.311554193496704
992,guarino,superspike,4.126150099594802,polyak,0.00010881773218955547,True,,1.1645990562998,0.8752443993025074,0.4629217715545004,18.72671444837057,18.206054765350608,0.19167971877797116,nan,nan,0.07716024667024612,0.8136797547340393,1.0230952501296997,warmstart,0.07716024667024612,-0.7365195080637932,-0.5625,9,9,25,1.3619310855865479
993,van_rossum,superspike,14.103210730348977,polyak,0.0009207151842114732,True,,0.6347005934716388,0.7075691599759386,nan,nan,nan,nan,1.4827475555554583,0.04858988592656155,4.507155895233154,5.839800834655762,6.049907684326172,warmstart,4.507155895233154,-1.3326449394226074,-0.08058608058608058,4,9,25,1.04813814163208
994,van_rossum,superspike,2.58414045992089,polyak,0.037478258784671134,False,,1.1063218237852182,0.2194431486932915,nan,nan,nan,nan,13.076941034180612,0.13225531850365768,1.7848583459854126,2.3211278915405273,2.3211278915405273,warmstart,1.7848583459854126,-0.5362695455551147,-0.5625,9,9,25,2.0102429389953613
995,van_rossum,superspike,12.933614747521332,polyak,0.000177958070341137,True,,0.5680435171826599,0.6971043316261096,nan,nan,nan,nan,3.908571199538173,0.0013173718800592038,1.9736368656158447,3.2918360233306885,4.307919979095459,warmstart,1.9736368656158447,-1.3181991577148438,-0.38888888888888884,9,9,25,1.206751823425293
996,van_rossum,superspike,1.0793603781920285,polyak,0.0489947956880504,False,,0.8495995226775898,0.4054200592670558,nan,nan,nan,nan,39.85912612831121,0.21501774387191086,2.1228156089782715,2.041041851043701,5.293875217437744,training,2.041041851043701,0.08177375793457031,0.0,0,9,3,3.247170925140381
997,van_rossum,superspike,9.748402233692197,polyak,0.032382595770605836,False,,1.1605974824596372,0.14714212222401812,nan,nan,nan,nan,15.35771809577216,0.3716624656000017,3.6242592334747314,3.973066806793213,3003.533935546875,warmstart,3.6242592334747314,-0.34880757331848145,0.7214285714285714,11,9,25,2.2836811542510986
998,van_rossum,superspike,6.706017741158496,polyak,0.005503484423247938,False,,0.9324509853826175,0.7305405412343178,nan,nan,nan,nan,22.329148359962307,0.911423282471824,4.059314250946045,4.1290435791015625,5.0587873458862305,warmstart,4.059314250946045,-0.06972932815551758,1.0,9,9,25,3.236316204071045
999,van_rossum,superspike,1.9301773813991223,polyak,0.0046172029077114094,True,,0.9856677496545728,0.2523176168092264,nan,nan,nan,nan,20.125234510383766,0.6640355507686939,4.457525253295898,5.084675312042236,2003900.25,warmstart,4.457525253295898,-0.6271500587463379,1.0,9,9,25,2.8528940677642822
1000,van_rossum,superspike,0.5630036311080001,polyak,0.0004086551501587227,False,,1.195730101454556,0.45043578058900335,nan,nan,nan,nan,26.63335444361292,0.0475293213607374,0.9507432579994202,0.9146122932434082,0.9146249294281006,training,0.9146122932434082,0.03613096475601196,0.5397923875432526,8,9,25,3.1579861640930176
1001,van_rossum,superspike,0.9308956953407365,polyak,0.018332718028715476,True,,0.13996095587354213,0.7657012906819606,nan,nan,nan,nan,15.769008965128958,0.8836797532844392,5.924962520599365,6.068897724151611,6.148189067840576,warmstart,5.924962520599365,-0.1439352035522461,-0.5625,9,9,25,2.9133458137512207
1002,guarino,superspike,0.7313239123726527,polyak,0.051641588201160486,True,,0.7322333918426644,0.8930407885720016,0.32961713487209604,13.757275393438487,15.686729277131871,0.020140827595250408,nan,nan,0.26855289936065674,0.27257102727890015,5.930483818054199,warmstart,0.26855289936065674,-0.004018127918243408,1.0,9,9,25,1.3825781345367432
1003,van_rossum,superspike,4.702263193233481,polyak,0.002808482496471735,False,,0.1333069289001313,0.6194165717642494,nan,nan,nan,nan,3.41856852322825,0.30142548500990074,5.282154560089111,5.831387996673584,6.860596179962158,warmstart,5.282154560089111,-0.5492334365844727,0.10256410256410257,4,9,25,1.1165242195129395
1004,guarino,superspike,0.8809022276510393,polyak,7.020162128021955e-05,False,,0.1443140757983623,0.5828791669869586,0.1771925192769033,18.345417200277165,12.654747691317478,0.1078831667306194,nan,nan,0.7325893044471741,0.8799731135368347,0.8821201324462891,warmstart,0.7325893044471741,-0.14738380908966064,0.36678200692041524,8,9,25,1.3187990188598633
1005,van_rossum,superspike,0.6350792227021341,polyak,0.001645318866977863,True,,0.056585793331273504,0.08695198532413306,nan,nan,nan,nan,1.0891900789039717,0.29401500448644635,6.005537986755371,6.391639232635498,6.391639232635498,warmstart,6.005537986755371,-0.38610124588012695,0.0,0,9,25,1.0203990936279297
1006,guarino,superspike,0.8573847651262367,polyak,0.0001624065363096904,True,,0.7751908424000797,0.9299934310131585,0.4991671257680582,15.870552988806788,14.856970250821915,0.1583046992136095,nan,nan,0.767941415309906,0.7453659772872925,0.7453881502151489,training,0.7453659772872925,0.022575438022613525,-0.5625,9,9,25,1.3516650199890137
1007,guarino,superspike,1.1659279924579395,polyak,0.0008698763710555218,False,,0.9727449488260416,0.07481981135393523,0.09665475008865203,6.261751223780211,15.771421434190136,0.09698686171260358,nan,nan,0.8698166012763977,1.0176441669464111,27823.177734375,warmstart,0.8698166012763977,-0.14782756567001343,-0.38888888888888884,9,9,2,1.353952169418335
1008,guarino,superspike,2.6381958861337114,polyak,0.05087580304838468,True,,1.4731400793316909,0.7741231076902921,0.4619589510395443,3.5935805984596305,13.434815193410376,0.05951038247172247,nan,nan,0.5566798448562622,0.6889517903327942,0.6889517903327942,warmstart,0.5566798448562622,-0.13227194547653198,-0.32525951557093424,8,9,1,1.3410799503326416
1009,van_rossum,superspike,13.225764954370124,polyak,0.02490175511425359,True,,0.797171989780795,0.736236597043577,nan,nan,nan,nan,45.53746830634185,0.011647273737110275,0.7185671925544739,0.6846681237220764,0.7129113078117371,training,0.6846681237220764,0.03389906883239746,-0.1522491349480969,8,9,25,4.275038003921509
1010,van_rossum,superspike,2.2417719727903678,polyak,3.769244716779417e-05,True,,0.9162787091386313,0.5226102363936188,nan,nan,nan,nan,46.57091080232359,0.7485262191212092,5.70857572555542,6.01305627822876,14.513442993164062,warmstart,5.70857572555542,-0.30448055267333984,0.007142857142857149,11,9,25,4.28003191947937
1011,guarino,superspike,0.5918925627532232,polyak,0.02255033662604507,True,,0.24380960067950452,0.6451808995438405,0.38198016523947265,11.594874912242622,7.027349158826,0.26428377065573816,nan,nan,0.5952635407447815,0.5725560784339905,1.219548225402832,training,0.5725560784339905,0.022707462310791016,-0.5625,9,9,25,1.3782751560211182
1012,guarino,superspike,10.943978960278251,polyak,0.03745732993421008,False,,0.9768354099900618,0.5983007620887452,0.09907169502721147,9.288203295512938,12.621243308314693,0.02456078174483183,nan,nan,0.34654250741004944,0.5917468070983887,12.82141399383545,warmstart,0.34654250741004944,-0.24520429968833923,-0.5625,9,9,25,1.3119008541107178
1013,guarino,superspike,9.231830393331556,polyak,0.0011219650470825388,False,,0.7240310854901935,0.05518729059477456,0.4220538712166423,3.1595036147093123,5.1221262843505,0.13798957283844865,nan,nan,0.6503286361694336,0.7433695793151855,0.7433695793151855,warmstart,0.6503286361694336,-0.09304094314575195,0.19377162629757788,8,9,1,1.289674997329712
1014,guarino,superspike,0.8006378719656487,polyak,0.0035143783192072902,True,,1.2963585812547391,0.7875556434281561,0.4708268106930761,14.691128238077953,8.485749763774031,0.27613541537724323,nan,nan,0.367857962846756,0.2535165250301361,0.25364071130752563,training,0.2535165250301361,0.11434143781661987,1.0,9,9,25,1.3486740589141846
1015,van_rossum,superspike,1.0615912418097977,polyak,0.013076085931410731,False,,0.27202853790046544,0.8328301724195284,nan,nan,nan,nan,6.089271333975831,0.5438561519010436,5.801833629608154,4.646960258483887,3848.215087890625,training,4.646960258483887,1.1548733711242676,0.0,0,9,12,1.2522261142730713
1016,van_rossum,superspike,1.7819399042119626,polyak,0.0013222704168227655,False,,1.034652670488776,0.17934517189631316,nan,nan,nan,nan,10.524290175382458,0.916976274528907,8.95144271850586,7.112048625946045,7.137185096740723,training,7.112048625946045,1.8393940925598145,0.5964912280701755,10,9,25,1.750349998474121
1017,guarino,superspike,12.749987668766176,polyak,7.97846204200712e-05,False,,0.9183574108912421,0.1636876659594949,0.3837683812918241,11.109538867611755,3.128490213799381,0.28481142097958095,nan,nan,0.726435124874115,0.9839749336242676,0.9839749336242676,warmstart,0.726435124874115,-0.2575398087501526,0.07017543859649122,10,9,25,1.3334662914276123
1018,guarino,superspike,7.844420005088892,polyak,0.0010470539127977008,False,,0.5228958849711094,0.7868918174796604,0.3275522363939936,10.638098953467935,15.689034838268299,0.1634485079418028,nan,nan,1.0916110277175903,1.2831811904907227,1.2832005023956299,warmstart,1.0916110277175903,-0.19157016277313232,0.5964912280701755,10,9,25,1.3058857917785645
1019,guarino,superspike,1.3753752356277116,polyak,0.0002868679814122455,True,,1.3911259678428962,0.8023402408025992,0.17406880072711797,17.8542313260694,1.624741392873271,0.12684104426715542,nan,nan,0.653319239616394,0.24173642694950104,0.2719619572162628,training,0.24173642694950104,0.411582812666893,1.0,9,9,25,1.3407642841339111
1020,van_rossum,superspike,3.0849195266236116,polyak,5.8423238419320954e-05,False,,0.4793508376814665,0.27729441917200814,nan,nan,nan,nan,15.986669964259388,0.4560206032945494,3.9836642742156982,4.47078275680542,73548.1328125,warmstart,3.9836642742156982,-0.4871184825897217,-0.21527777777777773,9,9,25,2.352842092514038
1021,guarino,superspike,3.8974276846381803,polyak,0.00308361348419723,True,,1.2225229382985188,0.11216400808381122,0.2370002019316629,17.4109986873795,17.88597048205083,0.14950332097162963,nan,nan,0.6201949119567871,0.6929579377174377,22.450523376464844,warmstart,0.6201949119567871,-0.07276302576065063,0.47916666666666674,9,9,25,1.3589880466461182
1022,van_rossum,superspike,2.9726369881046404,polyak,2.9637793356668373e-05,True,,1.232521380007594,0.6017635297005067,nan,nan,nan,nan,1.2547265893066715,0.6768682790089725,3.36257266998291,8.903213500976562,11.554375648498535,warmstart,3.36257266998291,-5.540640830993652,-0.5625,9,9,25,1.038295030593872
1023,van_rossum,superspike,0.5123398531765626,polyak,0.05077304443427872,False,,1.3065099052455362,0.01210928861687055,nan,nan,nan,nan,1.462742686073167,0.451408304602657,5.967104911804199,8.661670684814453,8.661670684814453,warmstart,5.967104911804199,-2.694565773010254,0.30555555555555564,9,9,1,0.9549190998077393
1024,van_rossum,superspike,14.303963291315162,polyak,0.0008322175908200483,False,,1.148170474694664,0.8482105282148957,nan,nan,nan,nan,1.4688272272772476,0.4408463077562448,7.108778476715088,7.1012163162231445,7.1012163162231445,training,7.1012163162231445,0.007562160491943359,0.0,0,9,25,1.0137200355529785
1025,guarino,superspike,4.457024010685192,polyak,0.00020519082057731333,True,,0.07392870453375378,0.06525997523876337,0.23662524287191347,7.364086545237991,12.700044395227057,0.011373050113141868,nan,nan,0.5917986035346985,0.5180123448371887,428.0779113769531,training,0.5180123448371887,0.07378625869750977,-1.0,190,9,25,1.331456184387207
1026,guarino,superspike,6.2634059060666205,polyak,0.00012726834041006574,True,,1.281667254550446,0.6118221794274022,0.3266000154533407,5.044120582612688,5.602044859386917,0.14242506523143142,nan,nan,0.20514045655727386,1.1176011562347412,1.1218032836914062,warmstart,0.20514045655727386,-0.9124606996774673,0.07017543859649122,10,9,25,1.3655920028686523
1027,guarino,superspike,0.5056387219547186,polyak,0.001477369582853344,False,,0.828718246440322,0.9354254134415833,0.44107142458256765,11.952166958830656,8.943335940135777,0.20950880132475194,nan,nan,0.739673376083374,1.0050249099731445,1.0202454328536987,warmstart,0.739673376083374,-0.2653515338897705,-0.5625,9,9,25,1.2902791500091553
1028,van_rossum,superspike,0.7409282478306289,polyak,0.013391446174351916,False,,1.034282557343108,0.5619031293366379,nan,nan,nan,nan,24.78275756266521,0.8513685107437633,6.371346473693848,6.511349201202393,6.511349201202393,warmstart,6.371346473693848,-0.14000272750854492,0.1319444444444445,9,9,1,2.8270678520202637
1029,van_rossum,superspike,0.6265592669214742,polyak,2.7810477522684853e-05,True,,0.9030164404536152,0.8318641811164996,nan,nan,nan,nan,4.831796037024162,0.09069544967102372,1.7610952854156494,1.8125416040420532,1.8125637769699097,warmstart,1.7610952854156494,-0.05144631862640381,1.0,9,9,25,1.2525508403778076
1030,van_rossum,superspike,1.299215493134211,polyak,0.0004249336719066839,True,,0.9205423974675283,0.4028707012449019,nan,nan,nan,nan,1.1283189054703884,0.22261599542950583,5.621640682220459,5.878348350524902,5.900852680206299,warmstart,5.621640682220459,-0.25670766830444336,0.0,0,9,25,1.692507266998291
1031,guarino,superspike,1.205119793911561,polyak,2.6310524563144035e-05,False,,0.704913809689325,0.8094068807001268,0.25595361885843787,8.881402827181976,6.678189597420008,0.059828361882107335,nan,nan,1.0660133361816406,0.8941172957420349,0.8941230773925781,training,0.8941172957420349,0.1718960404396057,-0.21527777777777773,9,9,25,1.337110996246338
1032,van_rossum,superspike,1.0909381363887727,polyak,0.0018352291761370447,True,,1.3746691538864166,0.6492589356124262,nan,nan,nan,nan,2.0089090334793744,0.7966777687549007,9.534637451171875,8.788084983825684,13.21787166595459,training,8.788084983825684,0.7465524673461914,0.0,0,9,25,1.0645790100097656
1033,van_rossum,superspike,2.6975589708288097,polyak,0.00019639496073336116,True,,0.5533776266075481,0.17008710672865168,nan,nan,nan,nan,3.5086230893888035,0.8768391929280482,10.907424926757812,12.565126419067383,12.656618118286133,warmstart,10.907424926757812,-1.6577014923095703,-0.08058608058608058,4,9,25,1.135396957397461
1034,guarino,superspike,8.656051625105142,polyak,0.0002566066924769529,True,,1.1983588652418316,0.9614842444200488,0.3837928326082404,14.522929406592802,9.21244194505838,0.2523960377426384,nan,nan,0.3822731375694275,1.2543237209320068,1.2543442249298096,warmstart,0.3822731375694275,-0.8720505833625793,0.24561403508771928,10,9,25,1.3594481945037842
1035,guarino,superspike,7.188302036129061,polyak,0.052011337832444965,True,,1.2921301161893606,0.8252957553419343,0.4375815273427831,7.537907651153222,10.009107015064941,0.25441005150891943,nan,nan,0.8833683729171753,0.8204669952392578,810270.4375,training,0.8204669952392578,0.06290137767791748,0.25000000000000006,13,9,3,1.304443120956421
1036,guarino,superspike,0.7593332483610811,polyak,0.00016405630275307244,True,,1.2855345097164474,0.3475549782700149,0.09626325939022808,6.739300856148486,16.327420693696357,0.14804385990574268,nan,nan,0.762107789516449,1.4518461227416992,1.4590414762496948,warmstart,0.762107789516449,-0.6897383332252502,0.19377162629757788,8,9,25,1.3815770149230957
1037,guarino,superspike,10.095923785535916,polyak,0.013957122736137273,True,,1.3404783932356867,0.38025891706282233,0.43894831091987035,1.5997454611093507,7.597375514364504,0.2565205434059506,nan,nan,0.806215763092041,0.8705006837844849,239.86810302734375,warmstart,0.806215763092041,-0.06428492069244385,0.5397923875432526,8,9,25,1.347357988357544
1038,van_rossum,superspike,5.720830066433631,polyak,0.0022449725156733925,False,,1.3276464106845907,0.47384464038782836,nan,nan,nan,nan,2.006296966072627,0.21458203741288162,4.760483741760254,4.660272598266602,13.763894081115723,training,4.660272598266602,0.10021114349365234,0.1250000000000001,15,9,25,1.0312209129333496
1039,guarino,superspike,10.385349912513483,polyak,2.5188095897511124e-05,False,,0.8737110269985138,0.8908685972372411,0.09212963285263702,7.433413020376954,13.527613803039932,0.2939790245580233,nan,nan,0.22577740252017975,0.41492319107055664,0.41492319107055664,warmstart,0.22577740252017975,-0.1891457885503769,-0.21527777777777773,9,9,25,1.306506872177124
1040,guarino,superspike,10.241658590217408,polyak,0.0330004176274426,True,,0.1706728966378947,0.2926393769049709,0.4892510902791234,11.350747039315909,4.3528133407921485,0.15091668995985816,nan,nan,0.7583503723144531,0.6926851868629456,4781.623046875,training,0.6926851868629456,0.06566518545150757,-1.0,190,9,25,1.3748021125793457
1041,van_rossum,superspike,0.9496814830244424,polyak,0.003158630180209955,False,,0.9382941519642986,0.563416622831408,nan,nan,nan,nan,16.434772560335084,0.6261099660231666,5.681119918823242,5.385666370391846,5.470053672790527,training,5.385666370391846,0.2954535484313965,0.07017543859649122,10,9,25,2.3667550086975098
1042,guarino,superspike,0.8591049633206567,polyak,0.011955569266292035,True,,0.27519816117778334,0.5280152804121624,0.1942359678337652,13.109354283563752,5.04206778699035,0.23862292000556776,nan,nan,0.9845972657203674,0.8383082151412964,0.8870319128036499,training,0.8383082151412964,0.14628905057907104,0.07017543859649122,10,9,25,1.3714861869812012
1043,van_rossum,superspike,2.1106702667638686,polyak,0.009444172622152374,True,,0.6415681447903712,0.6517019018329192,nan,nan,nan,nan,6.06195091455572,0.23797159571375093,2.684431791305542,3.311188220977783,3.9116079807281494,warmstart,2.684431791305542,-0.6267564296722412,1.0,9,9,25,1.3662209510803223
1044,van_rossum,superspike,3.536662615874121,polyak,1.8266363985729345e-05,False,,1.3858573854865663,0.4415449126850308,nan,nan,nan,nan,5.139394061698399,0.27294603183931065,4.43956995010376,4.590963363647461,731013.75,warmstart,4.43956995010376,-0.15139341354370117,0.24561403508771928,10,9,25,1.2792901992797852
1045,guarino,superspike,0.954165692642449,polyak,0.0004821772230857131,False,,0.08781833028021918,0.7951702038987456,0.27534046711631444,11.673505549016268,11.72333282730429,0.016850216687316066,nan,nan,0.4302639961242676,0.7323676347732544,0.7324011921882629,warmstart,0.4302639961242676,-0.3021036386489868,-0.5625,9,9,25,1.317361831665039
1046,guarino,superspike,1.8956267931574338,polyak,2.6656167257988005e-05,False,,1.4261915231396969,0.9614595897485434,0.1901696693852331,18.987615603092497,1.6682985277614264,0.29426879710086057,nan,nan,0.8527270555496216,1.1161646842956543,1.1161653995513916,warmstart,0.8527270555496216,-0.2634376287460327,0.24561403508771928,10,9,25,1.3266141414642334
1047,van_rossum,superspike,0.8602476567298062,polyak,2.9705881131943916e-05,True,,1.1118896180205469,0.3665992264115566,nan,nan,nan,nan,7.277570144210973,0.19545055680753265,3.342424154281616,3.55448055267334,3.65834903717041,warmstart,3.342424154281616,-0.21205639839172363,0.07017543859649122,10,9,25,1.4587819576263428
1048,van_rossum,superspike,11.334343188123976,polyak,1.6681099653615992e-05,False,,1.3399459677182652,0.26866117723809524,nan,nan,nan,nan,1.181076255937011,0.5624044218821825,7.659048080444336,7.836504936218262,7.836504936218262,warmstart,7.659048080444336,-0.17745685577392578,0.0,0,9,25,0.9970288276672363
1049,guarino,superspike,0.5781926527149844,polyak,0.018953987908791273,True,,0.26435821349553673,0.07000992196649158,0.19755497463738747,7.19702037402957,6.752659107362595,0.17795788193060325,nan,nan,0.5725982785224915,0.7030333280563354,0.8472330570220947,warmstart,0.5725982785224915,-0.130435049533844,-0.21527777777777773,9,9,25,1.346369981765747
1050,van_rossum,superspike,5.006568301925725,polyak,0.013248909335533684,False,,0.3263989311870474,0.6679855640970118,nan,nan,nan,nan,12.511609725521001,0.8596161262583144,6.545961856842041,6.543747425079346,1565654.125,training,6.543747425079346,0.0022144317626953125,0.007142857142857149,11,9,25,1.9460668563842773
1051,guarino,superspike,2.6471631038063665,polyak,0.0005534914404122205,False,,0.001036883870615457,0.5010266114566932,0.13295336610371516,13.289997393053245,13.927008396448043,0.15033795260807495,nan,nan,0.5934634804725647,1.1677422523498535,1519.095458984375,warmstart,0.5934634804725647,-0.5742787718772888,0.020761245674740504,8,9,25,1.3141400814056396
1052,guarino,superspike,13.060250591171595,polyak,0.00010979404077130166,True,,0.759268577724306,0.03898951152923191,0.4606279587746534,13.832437752904008,12.834629732357392,0.21980676029598095,nan,nan,1.010278582572937,1.18928062915802,2726176.0,warmstart,1.010278582572937,-0.179002046585083,0.020761245674740504,8,9,25,1.3334102630615234
1053,van_rossum,superspike,9.862631566611583,polyak,0.00015039879952591693,False,,0.18024363335759802,0.7541667316660561,nan,nan,nan,nan,1.8240182697461695,0.866823934924232,10.547200202941895,10.410968780517578,10.410968780517578,training,10.410968780517578,0.1362314224243164,0.0,0,9,25,1.0619258880615234
1054,van_rossum,superspike,1.5447995547117277,polyak,0.05818964886291237,False,,0.7299325168864832,0.26087793930576675,nan,nan,nan,nan,1.9475507780504233,0.018901419705438016,4.026723861694336,4.029916286468506,4.029916286468506,warmstart,4.026723861694336,-0.003192424774169922,0.25296442687747034,2,9,1,0.9860739707946777
1055,guarino,superspike,6.1128866769238375,polyak,0.0030350798065161694,True,,0.2759805127080886,0.7942677056789741,0.43918934767163387,19.553198501383,16.362437802364006,0.03713046024575508,nan,nan,0.5484715700149536,0.5162732005119324,13.008028030395508,training,0.5162732005119324,0.03219836950302124,0.0,0,9,25,1.3745198249816895
1056,van_rossum,superspike,2.2295624513892607,polyak,0.007856354322833803,True,,0.1377770702499731,0.7250582877384693,nan,nan,nan,nan,7.408359944712997,0.9003783853388477,8.918486595153809,8.971772193908691,9.08130931854248,warmstart,8.918486595153809,-0.05328559875488281,0.36678200692041524,8,9,25,1.477334976196289
1057,guarino,superspike,9.911403241521949,polyak,9.705492600197133e-05,False,,1.0084646706115263,0.3987652304398289,0.4259656192101406,13.127117567589327,6.4760796246050605,0.1793769826859089,nan,nan,0.5195563435554504,0.485183984041214,1318.5447998046875,training,0.485183984041214,0.03437235951423645,0.47916666666666674,9,9,25,1.328214168548584
1058,guarino,superspike,2.6780977964441033,polyak,2.4035549974026443e-05,False,,1.0875083167081399,0.607806265185139,0.1971183471751753,2.4493487544638746,18.59024677856844,0.0945011161642986,nan,nan,0.787550687789917,0.9074762463569641,0.9074841141700745,warmstart,0.787550687789917,-0.11992555856704712,-0.5625,9,9,25,1.6900639533996582
1059,guarino,superspike,4.029161428823689,polyak,8.459383372385251e-05,True,,0.9290507444811689,0.20491436020542675,0.45483611447895317,11.894234078113398,4.974517084680689,0.29373823190617243,nan,nan,0.920936644077301,0.9732174873352051,2.4012956619262695,warmstart,0.920936644077301,-0.05228084325790405,-0.1522491349480969,8,9,2,1.3209750652313232
1060,guarino,superspike,1.4051176758308472,polyak,4.437460009157662e-05,False,,0.8683915550526395,0.8942001967175515,0.3810783838556388,2.8275607451134768,8.616130545053132,0.0015887639716506195,nan,nan,0.6498876810073853,0.7046289443969727,0.704629123210907,warmstart,0.6498876810073853,-0.0547412633895874,0.4210526315789474,10,9,25,2.046717882156372
1061,van_rossum,superspike,6.20687617557367,polyak,0.03884228917088269,True,,0.8505963680915858,0.2972331000174744,nan,nan,nan,nan,3.2102215257241107,0.8753310898583561,9.378194808959961,9.19089126586914,29.93531608581543,training,9.19089126586914,0.1873035430908203,0.0,0,9,25,1.1443986892700195
1062,van_rossum,superspike,1.840806082915455,polyak,0.029501506108373304,False,,0.41108480870546055,0.2756194765932758,nan,nan,nan,nan,33.647467076106224,0.8305822531725856,7.399424076080322,6.464474678039551,2717913.0,training,6.464474678039551,0.9349493980407715,-1.0,4000,9,25,3.512619972229004
1063,guarino,superspike,1.2847297165116836,polyak,0.02604293280005998,True,,0.32266324689242276,0.9264656527218054,0.42030343868303827,6.040552376952359,19.259967248278127,0.08032167514261383,nan,nan,0.7469067573547363,0.9589734673500061,1.1982672214508057,warmstart,0.7469067573547363,-0.21206670999526978,-0.5625,9,9,25,1.3615689277648926
1064,van_rossum,superspike,0.9368932220181279,polyak,0.0002719528225990403,False,,0.21916302526213305,0.9461510281666101,nan,nan,nan,nan,16.5546657963699,0.7961916546491633,6.510305881500244,4.8102593421936035,4.876925468444824,training,4.8102593421936035,1.7000465393066406,0.36678200692041524,8,9,16,2.2837271690368652
1065,guarino,superspike,5.707249346613408,polyak,6.313239766200594e-05,True,,0.02232007503842831,0.5088498556215773,0.22712381859524433,17.727827752671306,14.71446218943657,0.010808446470868672,nan,nan,0.6800819635391235,1.0658822059631348,1.0666015148162842,warmstart,0.6800819635391235,-0.38580024242401123,0.020761245674740504,8,9,25,1.3811771869659424
1066,guarino,superspike,1.8178916676036452,polyak,0.0010462398692820073,False,,1.430570430296453,0.6155983684478118,0.19082257673905795,18.888837029323334,14.305157983764246,0.07982415704460101,nan,nan,0.2899850308895111,0.9471346139907837,0.9551504254341125,warmstart,0.2899850308895111,-0.6571495831012726,-0.5625,9,9,25,1.3085088729858398
1067,guarino,superspike,5.709344144296662,polyak,0.03519352852519956,False,,0.3148252783581818,0.9480344824842295,0.3997836969819938,7.575325582269777,7.795061353512936,0.14086016119990064,nan,nan,0.9340783357620239,0.8583127856254578,1.1026406288146973,training,0.8583127856254578,0.07576555013656616,-0.5625,9,9,25,1.3240928649902344
1068,van_rossum,superspike,0.5864975532334653,polyak,3.245859563172023e-05,True,,0.2702765577255719,0.2230507821396488,nan,nan,nan,nan,4.814838341166383,0.6554820068772782,5.531979084014893,5.615777969360352,22.04414939880371,warmstart,5.531979084014893,-0.08379888534545898,0.43055555555555547,7,9,25,1.2658979892730713
1069,guarino,superspike,0.7150559869073914,polyak,7.189907039689174e-05,False,,0.18894058197136837,0.10061779526352166,0.42165986514781856,3.2476834337886094,12.55301364833091,0.10560335486825106,nan,nan,0.6880534887313843,0.8964024782180786,0.8964024782180786,warmstart,0.6880534887313843,-0.20834898948669434,-0.38888888888888884,9,9,25,1.3111441135406494
1070,van_rossum,superspike,7.066547757257374,polyak,0.0001633063632823008,True,,0.5274848189955681,0.15633050950669047,nan,nan,nan,nan,10.191610460306409,0.9569090533316218,9.943103790283203,9.389503479003906,34.20777893066406,training,9.389503479003906,0.5536003112792969,0.0,0,9,25,1.7772338390350342
1071,guarino,superspike,1.667665110226293,polyak,2.201218999523003e-05,True,,1.4972232137383967,0.37475461323525905,0.12332526913681759,6.104163698673478,11.845237414993589,0.17068853605028086,nan,nan,0.8106439709663391,1.2299468517303467,1.253185749053955,warmstart,0.8106439709663391,-0.41930288076400757,-0.456140350877193,10,9,25,1.3735873699188232
1072,guarino,superspike,5.987362451255197,polyak,0.000575547514189857,True,,1.1969892291981223,0.5093165844104856,0.17858950344434404,19.118424280824986,18.936836717247544,0.028686418415503488,nan,nan,0.37293320894241333,0.8494678139686584,12.662623405456543,warmstart,0.37293320894241333,-0.4765346050262451,-0.5625,9,9,25,1.3581428527832031
1073,van_rossum,superspike,1.9447514016792633,polyak,0.001082681450740503,True,,0.8114193598933388,0.802574668743364,nan,nan,nan,nan,2.321225594659972,0.5534867619645172,6.6531081199646,6.927120685577393,8.990317344665527,warmstart,6.6531081199646,-0.27401256561279297,0.4210526315789474,10,9,25,1.1044518947601318
1074,van_rossum,superspike,6.1613351191870125,polyak,0.001999978910671271,True,,1.3002071202348375,0.2487985792700026,nan,nan,nan,nan,1.243981899339294,0.9625034538737999,9.280487060546875,8.928060531616211,8.928060531616211,training,8.928060531616211,0.35242652893066406,0.0,0,9,25,1.049617052078247
1075,van_rossum,superspike,3.4692144339095496,polyak,0.0002839843189395409,False,,0.3763579118540654,0.9517668084739433,nan,nan,nan,nan,2.9376592358957634,0.7518524426622003,8.194070816040039,9.430797576904297,9.430797576904297,warmstart,8.194070816040039,-1.2367267608642578,0.0,0,9,25,1.1019518375396729
1076,van_rossum,superspike,1.1014504633718234,polyak,0.005983673590233712,False,,0.16249294469015024,0.8010251105497124,nan,nan,nan,nan,11.533467060120104,0.1008575948836069,1.9677467346191406,2.0625016689300537,2.1689224243164062,warmstart,1.9677467346191406,-0.09475493431091309,0.19377162629757788,8,9,25,1.8784849643707275
1077,guarino,superspike,5.360644175536983,polyak,1.378403039022031e-05,True,,0.5240521576430351,0.6885380961614872,0.3499511416649131,6.287008004994839,5.105283346695022,0.2049376792143188,nan,nan,0.6287358403205872,0.4815863072872162,1.303402066230774,training,0.4815863072872162,0.14714953303337097,0.1319444444444445,9,9,25,1.355186939239502
1078,guarino,superspike,0.8662336034061341,polyak,0.0004195383331218074,True,,0.765639502957208,0.03170102804382746,0.32482275821132645,15.255990576452565,19.165397693409748,0.0609379057393229,nan,nan,0.28733256459236145,0.14843274652957916,0.1513679325580597,training,0.14843274652957916,0.1388998180627823,1.0,9,9,25,1.3689041137695312
1079,guarino,superspike,3.7862019564480773,polyak,0.0006320624122703237,True,,1.0966495102356189,0.32498838554527143,0.3363877337104591,10.962245356258899,3.5453883974152554,0.26451786240289815,nan,nan,0.2029963582754135,1.2738453149795532,7791.423828125,warmstart,0.2029963582754135,-1.0708489567041397,0.8263888888888888,9,9,2,1.3234491348266602
1080,guarino,superspike,2.273488567973544,polyak,0.00024114475262262884,False,,0.0058856793013197795,0.847123259091292,0.11474349125353395,10.518091180320017,15.90887863954686,0.18134441072994273,nan,nan,0.4114343523979187,0.4693775177001953,0.8133399486541748,warmstart,0.4114343523979187,-0.05794316530227661,-0.38888888888888884,9,9,25,1.332592248916626
1081,van_rossum,superspike,1.1499122531965469,polyak,0.013291692816773308,True,,1.1597802820138916,0.9675312003214016,nan,nan,nan,nan,9.843022785952408,0.9043135504101099,4.832333564758301,4.489840507507324,6.829104900360107,training,4.489840507507324,0.34249305725097656,-0.49826989619377166,8,9,7,1.5696370601654053
1082,van_rossum,superspike,10.352563696798365,polyak,1.7846719266510187e-05,False,,0.9497996469224111,0.5354760527328751,nan,nan,nan,nan,1.935634245311916,0.16512170926024317,2.475250005722046,3.0543212890625,3.0553174018859863,warmstart,2.475250005722046,-0.5790712833404541,1.0,9,9,25,1.0273568630218506
1083,guarino,superspike,9.626409373733464,polyak,3.182942661848608e-05,True,,1.420174390186805,0.3018610265161712,0.16481261767771474,19.49404055218968,2.6327118398177087,0.04820711637520424,nan,nan,0.5327339768409729,0.585658073425293,351231.28125,warmstart,0.5327339768409729,-0.05292409658432007,-0.04166666666666662,9,9,25,1.3554720878601074
1084,guarino,superspike,0.7680042078620573,polyak,0.043797665503180996,True,,1.4029608110390885,0.3030282177037976,0.42246884083234926,12.975235932358665,2.909286905216105,0.18083044779853324,nan,nan,0.40681272745132446,0.8958404064178467,2.474808692932129,warmstart,0.40681272745132446,-0.4890276789665222,-0.5625,9,9,5,1.3341529369354248
1085,van_rossum,superspike,4.647631134921614,polyak,0.00016141595103528716,False,,1.2410437799207936,0.48337717634640254,nan,nan,nan,nan,13.883969584430545,0.8605047001191455,4.086313247680664,4.9998626708984375,16.873815536499023,warmstart,4.086313247680664,-0.9135494232177734,0.8263888888888888,9,9,25,2.109545946121216
1086,van_rossum,superspike,15.210584802341153,polyak,0.09347111983325526,True,,0.6251064758785215,0.5392296757207439,nan,nan,nan,nan,1.9487720677582927,0.6939753672385983,9.97506332397461,9.47229290008545,9.494024276733398,training,9.47229290008545,0.5027704238891602,0.0,0,9,25,1.063838005065918
1087,van_rossum,superspike,3.618240158507715,polyak,0.010753828811124057,True,,0.11569414994126198,0.17985165343674625,nan,nan,nan,nan,8.02154697709228,0.6945476010634188,7.637937068939209,6.84262228012085,26.275875091552734,training,6.84262228012085,0.7953147888183594,0.0,0,9,25,1.5657918453216553
1088,van_rossum,superspike,1.3306666693902118,polyak,0.0001274952071700879,False,,0.09525118087498596,0.7075990162019328,nan,nan,nan,nan,2.8967022484986176,0.2985613481742777,5.945289611816406,7.644245147705078,7.644322872161865,warmstart,5.945289611816406,-1.6989555358886719,-0.32142857142857145,5,9,25,1.1068358421325684
1089,van_rossum,superspike,2.8641158291208657,polyak,0.007578115406729837,True,,0.0042470099306059494,0.6750396068442571,nan,nan,nan,nan,1.5906220459006888,0.4579650576825216,6.5471320152282715,7.4831743240356445,7.4831743240356445,warmstart,6.5471320152282715,-0.936042308807373,0.0,0,9,25,1.4307019710540771
1090,guarino,superspike,3.1032317986863185,polyak,7.265541850152829e-05,True,,0.7356713003812511,0.012789264022986413,0.49976492631295727,7.310174382146942,10.124220813162607,0.23543345041512198,nan,nan,0.7827548384666443,0.737664520740509,3021923.75,training,0.737664520740509,0.045090317726135254,-1.0,3791,9,25,1.381274700164795
1091,guarino,superspike,7.039774606790359,polyak,1.0460049987987546e-05,False,,1.0772541746124045,0.5654991724649827,0.24300543753555132,19.772470602381816,14.993722933829972,0.24218788725416762,nan,nan,0.6919712424278259,0.9164383411407471,0.91644287109375,warmstart,0.6919712424278259,-0.22446709871292114,0.19377162629757788,8,9,25,1.9800302982330322
1092,van_rossum,superspike,18.103910520501504,polyak,2.3573635739286948e-05,False,,1.1650801841573646,0.4808771196852435,nan,nan,nan,nan,5.147386065635342,0.025564993194898467,2.0078842639923096,3.62243914604187,3.64400315284729,warmstart,2.0078842639923096,-1.6145548820495605,-0.5625,9,9,25,1.2229630947113037
1093,van_rossum,superspike,2.480090891732397,polyak,0.03252965235411328,False,,0.1657499747153522,0.799603183658746,nan,nan,nan,nan,3.744656140560873,0.9355684220320085,7.285022258758545,12.340642929077148,12.340642929077148,warmstart,7.285022258758545,-5.0556206703186035,-0.21527777777777773,9,9,1,1.073673963546753
1094,guarino,superspike,3.569966661113037,polyak,0.0025600711255651803,True,,0.6432827567938985,0.08358278201459013,0.4679795744754424,7.254544160334403,6.944107700307656,0.05739743274984707,nan,nan,0.6862428784370422,0.6949008703231812,571.1985473632812,warmstart,0.6862428784370422,-0.008657991886138916,-0.5625,9,9,25,1.3628044128417969
1095,van_rossum,superspike,13.892271759599383,polyak,0.010909513123066098,False,,1.0531916048332506,0.9872543868608756,nan,nan,nan,nan,4.30737632210932,0.8815690030493142,8.892112731933594,9.035492897033691,9.320979118347168,warmstart,8.892112731933594,-0.14338016510009766,0.1319444444444445,9,9,25,1.191467046737671
1096,van_rossum,superspike,14.637456732245159,polyak,8.488066588463969e-05,False,,1.4258516671225854,0.09992304463514046,nan,nan,nan,nan,13.473948312352555,0.9656855561505012,5.576740741729736,3.2201333045959473,16.40164566040039,training,3.2201333045959473,2.356607437133789,0.05533596837944664,2,9,25,2.039633274078369
1097,guarino,superspike,1.4480661249419429,polyak,0.0198034718782757,True,,0.9216213335702836,0.9315586878189176,0.08999051228664905,19.12298417207688,2.9145294362152,0.10410526406475525,nan,nan,0.6353341937065125,0.5773228406906128,0.7428364753723145,training,0.5773228406906128,0.05801135301589966,0.47916666666666674,9,9,25,1.3684961795806885
1098,guarino,superspike,0.6064293546442847,polyak,0.0009191943699188887,False,,0.20630042826897604,0.3185969913871113,0.42819544367748374,19.024519911635988,16.61944299959322,0.0001945149487366571,nan,nan,0.5124874114990234,1.3633700609207153,1.3633700609207153,warmstart,0.5124874114990234,-0.8508826494216919,0.30555555555555564,9,9,25,1.3399128913879395
1099,guarino,superspike,5.355079235112628,polyak,0.06418919219277311,False,,1.2239815017639364,0.21689755571413916,0.11889857842878065,18.078471454795555,1.0351396829600485,0.22232572211186769,nan,nan,1.0537059307098389,1.0597457885742188,3197677.75,warmstart,1.0537059307098389,-0.006039857864379883,-0.21527777777777773,9,9,25,1.3176319599151611
1100,guarino,superspike,0.9237660433582429,polyak,0.0034892469246932457,False,,0.7454546980618688,0.07794226228138745,0.4800028507109837,6.973970878324433,1.040674534853801,0.2705070911512325,nan,nan,0.6506833434104919,0.51612788438797,0.5280607342720032,training,0.51612788438797,0.13455545902252197,0.8263888888888888,9,9,25,1.3210790157318115
1101,van_rossum,superspike,1.18368222319481,polyak,6.862957485792534e-05,True,,0.4228601180299601,0.24673679202981835,nan,nan,nan,nan,19.88927087018034,0.5697099061679207,5.314477443695068,4.392936706542969,19.040496826171875,training,4.392936706542969,0.9215407371520996,0.0,0,9,25,2.8753859996795654
1102,guarino,superspike,1.4122883503027386,polyak,3.150116819813493e-05,True,,1.1294234764499016,0.5678903845477898,0.33024207642090675,19.527153068203866,7.618097483176886,0.24022425876124615,nan,nan,0.4362127184867859,0.9117483496665955,9.496077537536621,warmstart,0.4362127184867859,-0.47553563117980957,-0.5625,9,9,25,1.3868160247802734
1103,van_rossum,superspike,2.6831502787605697,polyak,0.0013982617172886259,False,,0.7029074157001118,0.877370605949072,nan,nan,nan,nan,1.3458930969328728,0.9798181594307654,9.456167221069336,10.170210838317871,10.170210838317871,warmstart,9.456167221069336,-0.7140436172485352,0.0,0,9,25,1.011197805404663
1104,van_rossum,superspike,4.231126678910605,polyak,1.8109833070325592e-05,True,,0.6902013531024105,0.20850292801604553,nan,nan,nan,nan,44.0647074567892,0.10791794730905191,1.2796674966812134,1.3035787343978882,18.098155975341797,warmstart,1.2796674966812134,-0.023911237716674805,-0.04166666666666662,9,9,25,4.228349924087524
1105,guarino,superspike,5.722025001992093,polyak,0.00029015508446028566,True,,0.12542453906627615,0.10175125132087781,0.4817436434435825,15.980675773821103,5.654225749449138,0.15874417105123886,nan,nan,0.5129565596580505,0.7465928792953491,4698.5185546875,warmstart,0.5129565596580505,-0.23363631963729858,-0.5625,9,9,25,1.370490312576294
1106,van_rossum,superspike,0.5057087939417503,polyak,0.005768394342884316,False,,1.0608972894318636,0.9957226985969202,nan,nan,nan,nan,2.0302046135171152,0.73958032506574,6.401965141296387,6.0607075691223145,6.583177089691162,training,6.0607075691223145,0.34125757217407227,0.8858131487889275,8,9,25,1.0334327220916748
1107,van_rossum,superspike,3.1281173922577654,polyak,0.046832249356590035,False,,0.16516811001560344,0.3027226467987649,nan,nan,nan,nan,2.7722235044124024,0.8552616593777087,9.186192512512207,8.823781967163086,8.823781967163086,training,8.823781967163086,0.3624105453491211,0.0,0,9,25,1.1148948669433594
1108,van_rossum,superspike,1.3578164730118383,polyak,0.015571662718471298,False,,0.9510097202676335,0.4646260242233954,nan,nan,nan,nan,3.659154749028038,0.9006843630088608,8.892663955688477,7.916587829589844,10.045418739318848,training,7.916587829589844,0.9760761260986328,0.5964912280701755,10,9,25,1.1435399055480957
1109,van_rossum,superspike,13.613668920447214,polyak,0.00911718514415109,True,,0.6354412495408575,0.5073505036301726,nan,nan,nan,nan,2.1155981736688636,0.5953962455338484,6.756056308746338,6.747107982635498,686.3761596679688,training,6.747107982635498,0.008948326110839844,0.14736842105263157,6,9,25,1.0991859436035156
1110,guarino,superspike,0.5804893892042226,polyak,0.0005208467641100218,False,,0.6816913592227105,0.32025112844434855,0.3509508225039647,10.221512791362246,2.4081482602919806,0.10442135847398266,nan,nan,0.6595777273178101,1.3512201309204102,1.3582968711853027,warmstart,0.6595777273178101,-0.6916424036026001,0.19377162629757788,8,9,25,1.3317649364471436
1111,van_rossum,superspike,3.604675878954231,polyak,0.00017801161980298677,True,,0.9707062219316918,0.2897131876148469,nan,nan,nan,nan,2.660189475424942,0.9748255407742065,7.957204818725586,10.718192100524902,28.916587829589844,warmstart,7.957204818725586,-2.7609872817993164,0.020761245674740504,8,9,25,1.1276888847351074
1112,van_rossum,superspike,18.052062854348943,polyak,0.005971437228143577,False,,0.7107372672497995,0.307471646012353,nan,nan,nan,nan,4.186949348779103,0.6112281499601985,6.883203983306885,5.941504001617432,6.3746018409729,training,5.941504001617432,0.9416999816894531,0.25694444444444436,7,9,25,1.204470157623291
1113,van_rossum,superspike,9.177503096297722,polyak,0.05074846692649088,False,,0.618147326562288,0.2041254795701949,nan,nan,nan,nan,49.37194854411977,0.9295660096331743,5.437999248504639,7.196835994720459,40182452.0,warmstart,5.437999248504639,-1.7588367462158203,0.30555555555555564,9,9,25,4.497888088226318
1114,van_rossum,superspike,13.019659944680395,polyak,0.0001592335006135341,True,,0.5862069016043538,0.4548274019537464,nan,nan,nan,nan,1.111290773402769,0.8639692530521021,8.675554275512695,8.500335693359375,8.500335693359375,training,8.500335693359375,0.1752185821533203,0.0,0,9,25,1.0404276847839355
1115,guarino,superspike,16.25425008993687,polyak,0.0015979827124659026,False,,0.2989791825961843,0.9952478221984388,0.37363292919119817,5.139820855366139,2.7339294517159045,0.05978470319047375,nan,nan,0.703680694103241,0.891592264175415,0.9368617534637451,warmstart,0.703680694103241,-0.18791157007217407,0.8858131487889275,8,9,25,1.3063197135925293
1116,van_rossum,superspike,10.651586026220107,polyak,0.0001037484328616034,False,,1.3306407358325194,0.9081228185288022,nan,nan,nan,nan,42.723903047994355,0.1809832338848848,1.1101984977722168,1.0467020273208618,1.0471408367156982,training,1.0467020273208618,0.06349647045135498,0.8263888888888888,9,9,25,4.135267972946167
1117,van_rossum,superspike,1.299332695323075,polyak,0.05421700817652845,True,,0.11619060804760689,0.40730312852481476,nan,nan,nan,nan,1.304833857797381,0.9151941577934949,9.17544937133789,9.16411018371582,9.16411018371582,training,9.16411018371582,0.011339187622070312,0.0,0,9,25,1.0486838817596436
1118,guarino,superspike,2.8198390975635172,polyak,1.5433446583963287e-05,True,,0.04246702520555351,0.1381343329238678,0.31809411216187594,16.163888204889183,19.020849445198763,0.05260862378284403,nan,nan,0.7143572568893433,0.7216516137123108,0.7267681360244751,warmstart,0.7143572568893433,-0.007294356822967529,0.19377162629757788,8,9,25,1.3337528705596924
1119,van_rossum,superspike,1.2778244400200487,polyak,5.5152191899451824e-05,True,,0.37073032469422484,0.557528089864361,nan,nan,nan,nan,3.3390838293903107,0.7289447916156762,5.897397041320801,9.917543411254883,1905.87060546875,warmstart,5.897397041320801,-4.020146369934082,-0.1522491349480969,8,9,7,1.122927188873291
1120,van_rossum,superspike,3.1920929344924907,polyak,6.816160828570337e-05,True,,0.0022658346429257903,0.7069439640037537,nan,nan,nan,nan,13.36314304104815,0.665407116479567,6.798423767089844,5.764659404754639,7.225878715515137,training,5.764659404754639,1.033764362335205,-0.02807017543859652,6,9,25,2.0741829872131348
1121,van_rossum,superspike,2.474260513010129,polyak,0.0005550623155218396,False,,1.3416958092883997,0.24228599004374174,nan,nan,nan,nan,35.201458909092224,0.13796665634603278,0.8063754439353943,2.091830015182495,2.091830015182495,warmstart,0.8063754439353943,-1.2854545712471008,-0.5625,9,9,1,2.9961068630218506
1122,guarino,superspike,0.752982409684314,polyak,0.06456029652348876,False,,0.8238470522088388,0.8806410219243355,0.44109812389403785,1.2780570758732592,6.031973367750882,0.10107647388394575,nan,nan,1.268001675605774,1.225037693977356,1.7634261846542358,training,1.225037693977356,0.04296398162841797,0.08333333333333325,7,9,25,1.7735788822174072
1123,guarino,superspike,0.6489987293345457,polyak,5.122668617408053e-05,True,,0.9295767694781297,0.08732439888282173,0.42037105134987185,16.326523487801044,2.521177945294866,0.266459159319055,nan,nan,0.452869176864624,0.2811133861541748,0.2875789403915405,training,0.2811133861541748,0.17175579071044922,1.0,9,9,25,1.3744120597839355
1124,van_rossum,superspike,11.162608288653207,polyak,0.08191541216429464,True,,1.4888001932562491,0.07585770777602807,nan,nan,nan,nan,13.117782401242419,0.2730461771522924,2.9185187816619873,2.914207696914673,16.92990493774414,training,2.914207696914673,0.004311084747314453,0.17424242424242425,3,9,25,2.650797128677368
1125,van_rossum,superspike,1.5642054692455816,polyak,0.0007646571863180305,True,,1.0140481287591696,0.46308089881423575,nan,nan,nan,nan,7.422241342465864,0.043207680416432526,2.1975836753845215,2.0346362590789795,8.184600830078125,training,2.0346362590789795,0.162947416305542,0.0,0,9,25,1.513037919998169
1126,van_rossum,superspike,0.89949160481704,polyak,0.07038081198196192,False,,0.3358893036758271,0.40610920660078464,nan,nan,nan,nan,2.1045157921950235,0.7031428523891479,7.458990097045898,8.19168758392334,6960.12060546875,warmstart,7.458990097045898,-0.7326974868774414,0.6527777777777778,9,9,25,1.037688970565796
1127,van_rossum,superspike,17.032553886507444,polyak,0.006593006010075245,False,,1.3486393622307238,0.9643087558707376,nan,nan,nan,nan,1.3796926795876152,0.9973388324705817,10.282323837280273,9.311047554016113,9.80820083618164,training,9.311047554016113,0.9712762832641602,0.5397923875432526,8,9,25,1.0173609256744385
1128,guarino,superspike,4.7433380279424355,polyak,3.669985994474479e-05,False,,0.7453122397591929,0.5834576378346484,0.3360578318348146,3.7599816047452688,2.8163720443646367,0.07761244979260735,nan,nan,0.658128559589386,0.6203762292861938,267884.875,training,0.6203762292861938,0.03775233030319214,0.0,0,9,25,1.3496289253234863
1129,van_rossum,superspike,3.1722497091743542,polyak,2.523732873818935e-05,False,,1.0131153639978845,0.31990002960233843,nan,nan,nan,nan,1.0368445697822413,0.6216069621477621,7.316512107849121,7.617471694946289,7.617471694946289,warmstart,7.316512107849121,-0.30095958709716797,0.0,0,9,25,1.035484790802002
1130,van_rossum,superspike,1.3854146161824898,polyak,0.03724775091060856,False,,1.067254725491541,0.4043232688059525,nan,nan,nan,nan,19.708932712154706,0.3412058689229325,4.013235569000244,4.915571689605713,4.915571689605713,warmstart,4.013235569000244,-0.9023361206054688,-0.04166666666666662,9,9,25,2.8073737621307373
1131,guarino,superspike,0.5737526594261996,polyak,0.00047403690107909735,True,,0.609499300981631,0.2774592337705588,0.21610857809923975,13.206451172520675,17.934314679297046,0.19490274677325056,nan,nan,0.6487994194030762,0.672706663608551,26.194196701049805,warmstart,0.6487994194030762,-0.023907244205474854,0.19377162629757788,8,9,25,1.4571940898895264
1132,guarino,superspike,1.684799471464169,polyak,0.027484762220916982,True,,0.12866657089564865,0.4597123633359994,0.20815828942173648,4.830074401396897,8.077618884080417,0.19538343342418413,nan,nan,0.45961543917655945,0.324746698141098,127.77315521240234,training,0.324746698141098,0.13486874103546143,-0.04166666666666662,9,9,25,1.4053010940551758
1133,guarino,superspike,2.3257683629884425,polyak,0.0021419337867721747,True,,0.8519651456731105,0.8962507226086311,0.1749043363789877,16.520221166183944,11.602010528425525,0.14714714487680738,nan,nan,0.4672154486179352,0.5319837331771851,0.6110738515853882,warmstart,0.4672154486179352,-0.06476828455924988,-0.5625,9,9,25,1.4500000476837158
1134,guarino,superspike,5.77756103364088,polyak,0.06265490467956739,True,,0.7941211524293149,0.6544221424578042,0.26569862274254513,13.934823957281322,9.286224200803485,0.04135694362074732,nan,nan,0.431691437959671,0.37838584184646606,0.37838584184646606,training,0.37838584184646606,0.053305596113204956,-1.0,200,9,1,1.3755578994750977
1135,guarino,superspike,0.7920376839225169,polyak,3.192275643935071e-05,False,,1.1338401227123258,0.2273086246251792,0.4244034735813592,18.184255769110912,4.20275513338596,0.2126592127007823,nan,nan,0.6460866332054138,0.7811422944068909,0.7811447978019714,warmstart,0.6460866332054138,-0.13505566120147705,-0.38888888888888884,9,9,25,1.3965518474578857
1136,guarino,superspike,10.592994729561461,polyak,5.980669320223903e-05,False,,0.965095281380237,0.4510656397241962,0.09707390375750571,3.3927270820239945,6.348673848397723,0.22999550548622105,nan,nan,0.8244814872741699,0.8385912775993347,0.8386011123657227,warmstart,0.8244814872741699,-0.014109790325164795,-0.04166666666666662,9,9,25,1.4078309535980225
1137,van_rossum,superspike,13.1216418464375,polyak,0.00022468249019096117,False,,1.3448840621195532,0.14600697481950986,nan,nan,nan,nan,1.261315688886502,0.3142429780247745,5.91064453125,6.494145393371582,6.494145393371582,warmstart,5.91064453125,-0.583500862121582,0.0,0,9,25,1.0825700759887695
1138,van_rossum,superspike,1.1022786157652371,polyak,0.06180049262907069,True,,0.7688239987945426,0.7831449957744697,nan,nan,nan,nan,25.438589401834943,0.47881511733775006,3.2228434085845947,3.888432025909424,559172.375,warmstart,3.2228434085845947,-0.6655886173248291,0.25694444444444436,7,9,2,2.733757257461548
1139,van_rossum,superspike,16.447070989185995,polyak,0.0030149643296015567,True,,0.7541944445868476,0.3754843749260325,nan,nan,nan,nan,6.0587190009848495,0.04590701818551002,1.3455629348754883,2.946261167526245,7.4750142097473145,warmstart,1.3455629348754883,-1.6006982326507568,-0.21527777777777773,9,9,25,1.4236290454864502
1140,guarino,superspike,1.2724758254972008,polyak,0.02321442262660442,True,,0.25815444767124984,0.13087839539864243,0.37814161152902925,9.471575057381926,16.084546468593018,0.08476943860031874,nan,nan,0.788377046585083,0.6668893694877625,0.6668893694877625,training,0.6668893694877625,0.12148767709732056,-1.0,180,9,1,1.4048998355865479
1141,van_rossum,superspike,0.7805603236126074,polyak,0.0028020486843284174,True,,0.8071959437509293,0.48424760347356155,nan,nan,nan,nan,13.423916855452473,0.8518106554557561,7.281299591064453,4.081254959106445,4.193700313568115,training,4.081254959106445,3.200044631958008,0.8263888888888888,9,9,25,2.245231866836548
1142,van_rossum,superspike,0.6591463947807074,polyak,1.4090809391413878e-05,False,,0.8603895361784737,0.15547461055460587,nan,nan,nan,nan,23.65729642734751,0.8989527210333922,6.953157901763916,8.380827903747559,8.429197311401367,warmstart,6.953157901763916,-1.4276700019836426,-0.49826989619377166,8,9,25,3.0933380126953125
1143,van_rossum,superspike,3.1584942123348663,polyak,0.00023414553730439607,False,,1.3911052408090394,0.49680446650865606,nan,nan,nan,nan,3.3197238065238146,0.4826338195621567,6.536794662475586,6.1881866455078125,7.619682312011719,training,6.1881866455078125,0.34860801696777344,0.0,0,9,25,1.1613268852233887
1144,guarino,superspike,0.687010212667559,polyak,7.016031331094561e-05,True,,0.7975377868180583,0.257590994188999,0.056464343187485264,15.341028048309388,7.797668144163845,0.019830009725958553,nan,nan,0.4671892821788788,0.44455423951148987,0.44472822546958923,training,0.44455423951148987,0.022635042667388916,-0.5625,9,9,25,1.422050952911377
1145,guarino,superspike,5.259121205851589,polyak,0.00767523990531989,True,,0.2252556278206272,0.9072785317152614,0.1950220997208827,1.9830984444290967,2.581197755168424,0.13727321453990957,nan,nan,0.5264785885810852,0.40339165925979614,1.8032939434051514,training,0.40339165925979614,0.12308692932128906,0.36678200692041524,8,9,25,1.4288079738616943
1146,van_rossum,superspike,7.251219002602681,polyak,0.09916908706165478,False,,1.1956778794409315,0.5053570030351376,nan,nan,nan,nan,31.86307521186728,0.7079324249025358,4.86160135269165,4.627856731414795,4.853758335113525,training,4.627856731414795,0.23374462127685547,0.07017543859649122,10,9,2,2.9325990676879883
1147,van_rossum,superspike,6.736673962304906,polyak,0.00021148807228796638,True,,0.1922068695129538,0.1125129546723529,nan,nan,nan,nan,11.552305760213287,0.10881717806692537,1.8261678218841553,2.1639113426208496,2.1639113426208496,warmstart,1.8261678218841553,-0.33774352073669434,0.1319444444444445,9,9,1,1.7179639339447021
1148,guarino,superspike,5.714862177582596,polyak,0.0002723789154941814,False,,1.2344917943500842,0.6306183036301293,0.44596055866728485,12.82866200177345,15.806286364675225,0.20896178547141755,nan,nan,0.841506838798523,1.0833067893981934,1.9096260070800781,warmstart,0.841506838798523,-0.2417999505996704,-0.10526315789473688,10,9,25,1.3625898361206055
1149,van_rossum,superspike,0.7539302511390175,polyak,1.2362036065601333e-05,True,,0.23729176855940387,0.019892506610151628,nan,nan,nan,nan,1.6785691871658908,0.5591736053589743,7.03134298324585,8.884841918945312,11.134651184082031,warmstart,7.03134298324585,-1.853498935699463,0.3636363636363637,3,9,25,1.100438117980957
1150,van_rossum,superspike,3.111247524513789,polyak,0.004780773646252861,False,,0.9613345734894791,0.35709916413355336,nan,nan,nan,nan,15.770714344483075,0.2894853986634326,3.3738458156585693,3.5606489181518555,6.230384349822998,warmstart,3.3738458156585693,-0.18680310249328613,0.30555555555555564,9,9,25,2.377415895462036
1151,guarino,superspike,9.088256094768914,polyak,0.0004264940266350988,True,,0.9399753488411692,0.4369381056807642,0.08940760190608195,19.689817952267433,5.648575534638761,0.15328951664389365,nan,nan,0.7857665419578552,0.6663506031036377,3905.24169921875,training,0.6663506031036377,0.11941593885421753,-0.09027777777777786,7,9,25,1.4289491176605225
1152,guarino,superspike,14.39736402690392,polyak,2.8050027765730972e-05,True,,0.5531280796003508,0.5167714317696186,0.46398913065580166,16.51470325962687,8.343171356893869,0.26586312165319365,nan,nan,0.7321003079414368,0.91675865650177,0.9167954921722412,warmstart,0.7321003079414368,-0.18465834856033325,-0.5625,9,9,25,1.4175841808319092
1153,van_rossum,superspike,16.89792717356043,polyak,0.00012056929333407627,False,,1.0866486529538828,0.15851909520714969,nan,nan,nan,nan,22.501976762005,0.5829719616454273,4.129721641540527,3.922581672668457,3658457.5,training,3.922581672668457,0.2071399688720703,0.7128027681660901,8,9,25,2.9995710849761963
1154,guarino,superspike,2.018129689387654,polyak,2.0668659051364402e-05,True,,0.15123461918078607,0.654478509193851,0.21683826976535403,9.096498449570078,7.403900184820339,0.1396615697968734,nan,nan,0.3273840546607971,0.6850216388702393,0.6901330947875977,warmstart,0.3273840546607971,-0.35763758420944214,-0.5625,9,9,25,1.8900067806243896
1155,guarino,superspike,0.8809061981645875,polyak,0.001321224786090307,True,,0.9435475330670204,0.3727513826791602,0.1493306364494461,13.471500978219238,8.484245723207774,0.04728374115291738,nan,nan,0.8067054748535156,0.6724463105201721,0.8313971757888794,training,0.6724463105201721,0.1342591643333435,-0.5625,9,9,25,1.4220709800720215
1156,van_rossum,superspike,3.5543105306195235,polyak,0.004118427646368028,False,,0.7432232920908824,0.3902630841859357,nan,nan,nan,nan,40.13834515707914,0.7008208597422195,4.229333400726318,7.0084662437438965,281.0865173339844,warmstart,4.229333400726318,-2.779132843017578,-0.49826989619377166,8,9,25,3.968691110610962
1157,van_rossum,superspike,0.6600647483229282,polyak,0.002139213230716713,True,,1.4239516051836398,0.6466689761012863,nan,nan,nan,nan,8.790758890128975,0.19782113273308777,2.936713933944702,3.4078712463378906,3.78159236907959,warmstart,2.936713933944702,-0.4711573123931885,-0.21527777777777773,9,9,25,2.616834878921509
1158,guarino,superspike,2.7455927103936224,polyak,0.025413443165195726,True,,1.3415060120441775,0.7592491541084093,0.19383798047553993,1.7237006979449196,18.581383225633694,0.29760367549760075,nan,nan,0.32945308089256287,0.421927273273468,0.46677571535110474,warmstart,0.32945308089256287,-0.09247419238090515,-0.5625,9,9,25,1.593031883239746
1159,van_rossum,superspike,0.850159547398514,polyak,0.0009283208425516011,False,,1.012737668668561,0.4346018032915837,nan,nan,nan,nan,7.548280259324364,0.038601604701056225,1.9958314895629883,2.2716166973114014,6053.775390625,warmstart,1.9958314895629883,-0.2757852077484131,0.07017543859649122,10,9,2,1.3933062553405762
1160,guarino,superspike,0.5542717155186058,polyak,0.009427583381982626,False,,0.36438767736771444,0.6445773019008013,0.30161603348494126,9.185923566738582,12.215500562288936,0.20851162319119856,nan,nan,0.8870866894721985,0.7080550789833069,0.7981805205345154,training,0.7080550789833069,0.1790316104888916,0.1319444444444445,9,9,25,1.3818228244781494
1161,guarino,superspike,1.0864143134863624,polyak,0.007931433443754753,True,,1.3630656340024845,0.6248462107721586,0.07200530560547365,13.520975295216827,7.868770968610527,0.2789294533141936,nan,nan,1.0329594612121582,1.0538736581802368,1.0538736581802368,warmstart,1.0329594612121582,-0.020914196968078613,0.4210526315789474,10,9,1,1.3965320587158203
1162,guarino,superspike,14.044979493114331,polyak,0.004429582331979306,False,,0.45491088470808455,0.9978135271809002,0.3590977853095129,18.259905102393848,1.106124898563332,0.16570152286475573,nan,nan,0.7315582036972046,1.1049946546554565,1.104999303817749,warmstart,0.7315582036972046,-0.37343645095825195,-0.09027777777777786,7,9,25,1.3924310207366943
1163,guarino,superspike,10.45025846297403,polyak,0.029167584790099302,True,,0.7611632519224822,0.4020543608663515,0.20540029334170995,17.585067298215506,6.792590339963252,0.12085500355631751,nan,nan,0.9171995520591736,0.8316934108734131,718.27978515625,training,0.8316934108734131,0.0855061411857605,0.0,0,9,25,1.4501760005950928
1164,van_rossum,superspike,2.242945784234587,polyak,0.012691272198865849,False,,0.8124269024533723,0.05327627788716338,nan,nan,nan,nan,11.534629196386044,0.79530416888832,5.860743045806885,6.450023651123047,1469155.0,warmstart,5.860743045806885,-0.5892806053161621,0.18571428571428572,11,9,25,1.914773941040039
1165,van_rossum,superspike,0.6955402021611133,polyak,2.6979501913960867e-05,False,,0.7128941507432982,0.39233850741086496,nan,nan,nan,nan,9.419081849706442,0.05858307015644004,1.5735548734664917,1.5861819982528687,1245449.625,warmstart,1.5735548734664917,-0.012627124786376953,0.7777777777777777,7,9,25,1.7326369285583496
1166,van_rossum,superspike,5.921404716526873,polyak,1.7329396996156092e-05,False,,0.460844824184952,0.6156834804027174,nan,nan,nan,nan,2.324476414611262,0.0381891845942991,3.7144386768341064,5.652347564697266,6.357915878295898,warmstart,3.7144386768341064,-1.9379088878631592,-0.04166666666666662,9,9,25,1.3956141471862793
1167,guarino,superspike,9.09284338220939,polyak,4.210951316325123e-05,True,,0.5360479437374353,0.20630998901826092,0.08385545338836688,15.601243124993445,16.078923246192236,0.2990499871134071,nan,nan,0.42453864216804504,0.9252792000770569,0.9252792000770569,warmstart,0.42453864216804504,-0.5007405579090118,-0.5625,9,9,1,3.5655417442321777
1168,van_rossum,superspike,1.0415641194899619,polyak,0.0005699194610432241,False,,1.3402992014283515,0.4516738317704446,nan,nan,nan,nan,16.899254602289112,0.4625262101746933,3.3210489749908447,3.23298978805542,3.2333502769470215,training,3.23298978805542,0.0880591869354248,0.8263888888888888,9,9,25,3.8966190814971924
1169,guarino,superspike,0.5025327117685946,polyak,2.838117243251178e-05,False,,1.034906686471633,0.8179158769287559,0.381625549804044,14.741422576844752,19.89209167975826,0.2887793217962972,nan,nan,0.7069865465164185,0.7551741003990173,0.7551751732826233,warmstart,0.7069865465164185,-0.04818755388259888,-0.5625,9,9,25,1.5873689651489258
1170,guarino,superspike,4.805676284887274,polyak,0.002415074605036691,True,,1.1796115832098872,0.571693263542767,0.43297094269914227,2.6079742573715112,17.320343617642735,0.17700094823310106,nan,nan,0.9151700139045715,0.884734034538269,24.678665161132812,training,0.884734034538269,0.03043597936630249,0.36678200692041524,8,9,25,1.5148558616638184
1171,guarino,superspike,0.9817320364139739,polyak,0.0312636639620862,False,,1.4714075750024063,0.848252101454097,0.3345646612669206,3.703353266559451,4.132103228730378,0.1421098580389127,nan,nan,0.5264344811439514,0.45953822135925293,0.4899636209011078,training,0.45953822135925293,0.06689625978469849,1.0,9,9,25,1.3977291584014893
1172,van_rossum,superspike,7.473669277799451,polyak,0.00034815194440390045,True,,0.5903258089699912,0.012617570481470386,nan,nan,nan,nan,8.201237747398899,0.7607968058338668,7.20164155960083,6.884860515594482,29.987089157104492,training,6.884860515594482,0.31678104400634766,0.0,0,9,25,1.713346004486084
1173,van_rossum,superspike,14.133653601823914,polyak,0.06296969997938921,True,,0.3073593235670707,0.15400291449441106,nan,nan,nan,nan,1.2594637572049685,0.5819690798941232,7.557638645172119,7.342557430267334,7.342557430267334,training,7.342557430267334,0.21508121490478516,0.0,0,9,25,1.1061410903930664
1174,van_rossum,superspike,5.826771867981559,polyak,0.005456253908908769,False,,0.40564283500472803,0.0198230822371267,nan,nan,nan,nan,40.42964345734693,0.7552864064591722,4.603481769561768,3.848672389984131,4123016.5,training,3.848672389984131,0.7548093795776367,0.36428571428571427,11,9,25,4.15349006652832
1175,van_rossum,superspike,1.013145744658797,polyak,0.015498833628396621,True,,0.9576181249090405,0.2975015336385789,nan,nan,nan,nan,1.2542304088995966,0.16494422356404426,5.412491798400879,6.62128210067749,9.164653778076172,warmstart,5.412491798400879,-1.2087903022766113,0.13333333333333336,1,9,25,1.2735319137573242
1176,van_rossum,superspike,1.8742864614746673,polyak,0.0030442148998733446,True,,0.05342965168163699,0.04558871253671082,nan,nan,nan,nan,22.76140669942386,0.1244652678004402,1.540254831314087,1.727376103401184,5415.19189453125,warmstart,1.540254831314087,-0.18712127208709717,0.1319444444444445,9,9,25,3.242784023284912
1177,guarino,superspike,3.959528517141594,polyak,0.0014695740292420194,False,,1.1303444720525273,0.9640056579755196,0.11623399427116131,3.7592560711428815,14.959984369756512,0.13632492304988345,nan,nan,0.7283684611320496,0.8350375890731812,0.8511693477630615,warmstart,0.7283684611320496,-0.10666912794113159,-0.38888888888888884,9,9,25,1.4545729160308838
1178,van_rossum,superspike,2.071225017357345,polyak,1.1672346764091069e-05,True,,0.7650326894568161,0.2788542071248199,nan,nan,nan,nan,15.068538718254173,0.28783062243509194,3.24137282371521,4.015059947967529,18.35727310180664,warmstart,3.24137282371521,-0.7736871242523193,0.020761245674740504,8,9,25,2.3981728553771973
1179,van_rossum,superspike,0.8445930896154344,polyak,0.017158450191634242,True,,1.321101631356282,0.29242854482691194,nan,nan,nan,nan,3.18539651918552,0.32581994805540704,5.64013147354126,6.58784294128418,6.58784294128418,warmstart,5.64013147354126,-0.9477114677429199,-0.08058608058608058,4,9,3,1.1584320068359375
1180,van_rossum,superspike,3.7718819172707363,polyak,1.8804599118982186e-05,False,,1.185643379557149,0.8255012681970576,nan,nan,nan,nan,2.3022550253041487,0.7984181882349786,7.498584747314453,7.307802677154541,8.37137508392334,training,7.307802677154541,0.1907820701599121,0.8263888888888888,9,9,25,1.1724028587341309
1181,guarino,superspike,3.3475464181818477,polyak,0.0053411110945138585,False,,1.3797616892635345,0.7188739681446799,0.09353870742270746,17.510790847598006,15.129974458613813,0.09393804504982463,nan,nan,0.6987217664718628,0.8475235104560852,0.8487399220466614,warmstart,0.6987217664718628,-0.1488017439842224,-0.1522491349480969,8,9,25,1.37941312789917
1182,van_rossum,superspike,0.6490307383488471,polyak,0.0010339222067717337,True,,1.310498642759223,0.00315812429952822,nan,nan,nan,nan,5.53158414242766,0.5841987241196327,4.8474225997924805,4.157930374145508,12.282909393310547,training,4.157930374145508,0.6894922256469727,0.0,0,9,25,1.4957630634307861
1183,guarino,superspike,0.5857713993237651,polyak,0.07172310171910654,True,,0.521724048423524,0.27002736821836315,0.3150336778025244,19.758597453654314,6.513169659415206,0.2844813350238458,nan,nan,0.5634865760803223,0.6977824568748474,0.6977824568748474,warmstart,0.5634865760803223,-0.13429588079452515,-0.456140350877193,10,9,1,1.4054698944091797
1184,van_rossum,superspike,0.7319370595629734,polyak,0.00011689334320152755,True,,1.3813852480418332,0.6585408629075731,nan,nan,nan,nan,2.098585528982783,0.5920933114552815,9.600090026855469,8.057737350463867,8.281561851501465,training,8.057737350463867,1.5423526763916016,0.0,0,9,25,1.154491901397705
1185,van_rossum,superspike,10.724778057249758,polyak,0.00030683952418148494,False,,0.18154123858032456,0.873623987382533,nan,nan,nan,nan,1.3734156040816246,0.6288291915777666,8.453608512878418,10.8306303024292,10.830634117126465,warmstart,8.453608512878418,-2.3770217895507812,-0.2637362637362637,4,9,25,1.091737985610962
1186,guarino,superspike,9.429777643651123,polyak,0.003459927482771758,True,,0.641100695990428,0.05731535727469683,0.37298474309380253,14.304992674852334,3.2173438270857804,0.06902066248690972,nan,nan,0.4058787524700165,0.3563053607940674,0.3563053607940674,training,0.3563053607940674,0.0495733916759491,-1.0,86,9,1,1.4021072387695312
1187,guarino,superspike,1.8811548235144657,polyak,0.002679657095997674,False,,1.2926289522755456,0.029992284002114067,0.3769482008162163,6.969534347494045,16.934198203498966,0.022715087922303367,nan,nan,0.47178927063941956,0.48461538553237915,328878.34375,warmstart,0.47178927063941956,-0.012826114892959595,0.36678200692041524,8,9,25,1.5666649341583252
1188,guarino,superspike,3.3335595349041216,polyak,0.00011425323724915033,True,,0.45640769468616277,0.1570233087088193,0.44049386251034295,11.820858589654117,5.651856946922801,0.11802622731280284,nan,nan,0.6246281862258911,0.6802993416786194,503593.84375,warmstart,0.6246281862258911,-0.05567115545272827,-0.21527777777777773,9,9,2,1.8956317901611328
1189,van_rossum,superspike,13.586844237577305,polyak,2.1417445161248462e-05,False,,1.0927403292648368,0.7757103632666991,nan,nan,nan,nan,22.14473515681469,0.5072332717379955,4.588931560516357,2.9281435012817383,2.9301185607910156,training,2.9281435012817383,1.6607880592346191,-0.49826989619377166,8,9,25,3.1218149662017822
1190,guarino,superspike,8.672166582762193,polyak,0.00017756756786937989,False,,0.36071442640567314,0.26254915479489616,0.37111554833294536,6.448870840937786,8.650987363796618,0.16370042623175332,nan,nan,0.7555990219116211,0.7677701711654663,2353815.75,warmstart,0.7555990219116211,-0.012171149253845215,0.36678200692041524,8,9,25,1.4376811981201172
1191,van_rossum,superspike,0.646871103241289,polyak,0.0070148916197661365,False,,0.46466238872693394,0.00993800001827383,nan,nan,nan,nan,2.469137571117187,0.6056901775793923,7.328672885894775,7.492208480834961,7.492208480834961,warmstart,7.328672885894775,-0.16353559494018555,0.0,0,9,25,1.9376499652862549
1192,guarino,superspike,10.049407943880972,polyak,0.0034444102968004707,False,,1.3018314721442774,0.9944271126311246,0.14115479130462172,14.201607288499076,9.863817301195796,0.1480434182840461,nan,nan,0.8497623205184937,0.8819978833198547,0.882290244102478,warmstart,0.8497623205184937,-0.032235562801361084,-0.5625,9,9,25,1.4176371097564697
1193,van_rossum,superspike,7.647637715776065,polyak,0.0017158809824095273,False,,0.42347326871070406,0.7785793396350118,nan,nan,nan,nan,18.262790094905817,0.010410252541492748,1.0475317239761353,0.7729542851448059,12.540801048278809,training,0.7729542851448059,0.27457743883132935,0.5397923875432526,8,9,25,2.6981279850006104
1194,guarino,superspike,1.7355423830569974,polyak,1.2974602384869697e-05,False,,0.08609258843314727,0.9315724469297185,0.48897583094241015,1.107192308295148,18.11291404052013,0.052188009204246266,nan,nan,1.3569083213806152,1.518868327140808,1.5188729763031006,warmstart,1.3569083213806152,-0.16196000576019287,0.020761245674740504,8,9,25,1.4008328914642334
1195,van_rossum,superspike,1.060720435928498,polyak,1.0999016631671752e-05,False,,0.6436915512962147,0.3986197189264785,nan,nan,nan,nan,2.9400674985483723,0.025831926791167636,3.514187812805176,3.47263503074646,3.4726381301879883,training,3.47263503074646,0.04155278205871582,0.47916666666666674,9,9,25,1.1351900100708008
1196,van_rossum,superspike,17.227966899806756,polyak,0.028822834529389333,False,,1.3914522248021244,0.7063308823877971,nan,nan,nan,nan,2.1719904656934683,0.19522779265777446,4.1944355964660645,5.4455766677856445,6.263765335083008,warmstart,4.1944355964660645,-1.25114107131958,-0.32525951557093424,8,9,25,1.08310866355896
1197,van_rossum,superspike,0.5374558111272449,polyak,0.0072166468326765815,True,,0.15622041888544191,0.27199285494687864,nan,nan,nan,nan,8.498824946704612,0.8437649277466992,9.245871543884277,7.37082576751709,8.176091194152832,training,7.37082576751709,1.8750457763671875,0.08333333333333325,7,9,25,1.7089040279388428
1198,guarino,superspike,0.552123299114309,polyak,0.020767154366222392,True,,1.3825202604686448,0.6301110245510642,0.33140767936449383,3.8313365467241547,11.798037026005806,0.11255231818141871,nan,nan,0.6366856098175049,0.5875797867774963,0.893680214881897,training,0.5875797867774963,0.049105823040008545,-0.10526315789473688,10,9,25,1.462095022201538
1199,guarino,superspike,0.502437097892726,polyak,0.00012071389306036507,True,,0.8018183476704382,0.13107189937191988,0.3261637143575091,19.979563186276422,12.112471218960962,0.1582914527127763,nan,nan,0.7781808972358704,nan,nan,warmstart,0.7781808972358704,nan,0.36678200692041524,8,9,0,1.418701171875
1200,van_rossum,superspike,0.5915131960758323,polyak,0.040788692869149545,True,,0.03083304735469622,0.6025468129491236,nan,nan,nan,nan,2.938973617192576,0.4705635249410609,6.316617965698242,5.097897052764893,5.3586883544921875,training,5.097897052764893,1.2187209129333496,0.8263888888888888,9,9,25,1.2317769527435303
1201,van_rossum,superspike,7.572423340384048,polyak,0.000893075806688224,True,,0.7294701861325324,0.9302857853155366,nan,nan,nan,nan,23.128147035564236,0.15026023561012958,1.5291001796722412,2.940293073654175,3.1755735874176025,warmstart,1.5291001796722412,-1.4111928939819336,-0.43750000000000006,7,9,25,3.1784121990203857
1202,guarino,superspike,4.018640811289011,polyak,1.2991132432488585e-05,False,,0.8688963518554498,0.9024302050410231,0.05194853083316315,17.060772431384216,16.23664898788315,0.03183093893882558,nan,nan,0.44216233491897583,0.5793618559837341,0.5793938636779785,warmstart,0.44216233491897583,-0.1371995210647583,-0.21527777777777773,9,9,25,1.4351370334625244
1203,guarino,superspike,1.660386965108141,polyak,0.05288758357164382,True,,1.1041110745754714,0.9559364221216793,0.0526073089114069,5.645231024080371,13.50150529624751,0.1314814601811424,nan,nan,0.6026957631111145,0.6766742467880249,1.2816129922866821,warmstart,0.6026957631111145,-0.0739784836769104,-0.21527777777777773,9,9,25,1.5811436176300049
1204,van_rossum,superspike,0.5454816280640429,polyak,0.03596939592868134,False,,1.3938071922426838,0.4819887269040657,nan,nan,nan,nan,1.084095000115009,0.580871160223449,8.170701026916504,8.044012069702148,15.036449432373047,training,8.044012069702148,0.12668895721435547,0.451923076923077,17,9,13,1.0913028717041016
1205,van_rossum,superspike,3.1080921049126258,polyak,0.0005135585569479226,False,,1.3138361896817459,0.05482220579378905,nan,nan,nan,nan,2.5524461820792803,0.6214722757353176,7.401737689971924,6.447816371917725,15339424.0,training,6.447816371917725,0.9539213180541992,0.0,0,9,25,1.1443440914154053
1206,guarino,superspike,1.6772455979319185,polyak,1.1683243109078388e-05,False,,1.4224739813124117,0.06059424432054006,0.17189218323992278,18.506972919473228,14.971615709984563,0.173441941256232,nan,nan,0.2702704071998596,0.3213161528110504,49.29969024658203,warmstart,0.2702704071998596,-0.051045745611190796,1.0,9,9,25,1.462233066558838
1207,van_rossum,superspike,3.7377698390464946,polyak,3.736047385362363e-05,True,,1.171939132108399,0.21258807399910806,nan,nan,nan,nan,43.238009874445616,0.29548363864760685,2.8453283309936523,2.693392515182495,21.49199676513672,training,2.693392515182495,0.15193581581115723,0.0,0,9,25,4.336755990982056
1208,van_rossum,superspike,4.686228969629038,polyak,0.00040534393722269345,True,,0.10630975069732518,0.15969837918278196,nan,nan,nan,nan,10.734256546770437,0.9271738924174422,9.448319435119629,9.577102661132812,37.05925369262695,warmstart,9.448319435119629,-0.1287832260131836,0.25694444444444436,7,9,25,1.9253191947937012
1209,van_rossum,superspike,8.848142847611955,polyak,1.951833408346269e-05,False,,0.3926677280582223,0.921270561002413,nan,nan,nan,nan,21.383968954201922,0.10754484735838976,1.3597615957260132,2.949106216430664,2.949106216430664,warmstart,1.3597615957260132,-1.5893446207046509,0.020761245674740504,8,9,25,2.9813780784606934
1210,van_rossum,superspike,5.4731468115699755,polyak,9.169928443937616e-05,True,,1.1787141004590993,0.09126247133480792,nan,nan,nan,nan,24.546716192854127,0.21196685857949404,2.1246941089630127,2.2382290363311768,549833.0,warmstart,2.1246941089630127,-0.11353492736816406,0.07017543859649122,10,9,2,2.720525026321411
1211,guarino,superspike,10.541328944284226,polyak,0.0007112566599884579,False,,0.9323652568709895,0.43420959883398236,0.4401845274757161,8.663168727115583,18.908496250621763,0.2630814069972775,nan,nan,1.9628219604492188,2.265050172805786,874.1217651367188,warmstart,1.9628219604492188,-0.3022282123565674,0.18571428571428572,11,9,2,1.3645319938659668
1212,van_rossum,superspike,8.27263814352052,polyak,0.0072045599564803196,False,,0.2835807214775643,0.536874786154343,nan,nan,nan,nan,19.880154142740846,0.9470286627433728,8.802557945251465,7.042040824890137,7.042040824890137,training,7.042040824890137,1.7605171203613281,0.08333333333333325,7,9,1,2.436486005783081
1213,van_rossum,superspike,3.6929420741732284,polyak,4.380714256508253e-05,False,,0.2017412929975992,0.3626900012368419,nan,nan,nan,nan,4.785492041577628,0.11211041162539626,2.1505796909332275,2.968813180923462,11.117169380187988,warmstart,2.1505796909332275,-0.8182334899902344,0.4210526315789474,10,9,25,1.2857210636138916
1214,van_rossum,superspike,12.825719059046651,polyak,0.0029272554380860875,True,,0.9197331858044131,0.37148150905372423,nan,nan,nan,nan,2.653629557652445,0.4992708291532464,7.009428024291992,6.904821395874023,6.904821395874023,training,6.904821395874023,0.10460662841796875,0.0,0,9,25,1.1801540851593018
1215,van_rossum,superspike,3.527925138018378,polyak,0.024596307421882627,True,,0.9251214417519442,0.40969218319456746,nan,nan,nan,nan,2.132372536260424,0.9795778500860997,11.851791381835938,11.451478004455566,12.069872856140137,training,11.451478004455566,0.4003133773803711,0.14736842105263157,6,9,2,1.0932528972625732
1216,van_rossum,superspike,0.8612229351310093,polyak,0.007296686041890617,True,,0.7261251438906555,0.11038896419927591,nan,nan,nan,nan,8.838780879179668,0.9106756511028123,7.276395797729492,7.227460861206055,29.06244659423828,training,7.227460861206055,0.0489349365234375,0.0,0,9,25,1.7142181396484375
1217,guarino,superspike,0.9620648226397952,polyak,2.8350160534810713e-05,True,,0.7621898215205172,0.8420207768343164,0.10704144711497059,14.31176154046447,8.839794638048398,0.010567271691175838,nan,nan,0.682294487953186,0.9785059094429016,0.9848864078521729,warmstart,0.682294487953186,-0.2962114214897156,0.07017543859649122,10,9,25,1.4179589748382568
1218,van_rossum,superspike,16.019568651180993,polyak,6.56501074140781e-05,False,,0.1060423233350446,0.19270098738807973,nan,nan,nan,nan,24.239241658888087,0.6775562452645418,5.538961410522461,4.972248554229736,4.972248554229736,training,4.972248554229736,0.5667128562927246,-0.49826989619377166,8,9,25,3.146294116973877
1219,van_rossum,superspike,10.517107783717565,polyak,5.202101592530956e-05,False,,1.4993384737298039,0.6651401664553453,nan,nan,nan,nan,2.1518381478155253,0.1444366621953218,4.572948455810547,4.615219593048096,1774.1473388671875,warmstart,4.572948455810547,-0.04227113723754883,0.9473684210526316,10,9,25,1.1108012199401855
1220,van_rossum,superspike,0.981391155569819,polyak,0.0011203976329952868,False,,0.4987644912667864,0.4325192680146577,nan,nan,nan,nan,22.704541561642774,0.05340747094225906,1.0340511798858643,1.0059195756912231,1.0059195756912231,training,1.0059195756912231,0.028131604194641113,0.36678200692041524,8,9,25,3.062551259994507
1221,guarino,superspike,1.3414643245664062,polyak,1.6976074210357028e-05,True,,0.30079313490176396,0.1359125039519823,0.38232415516511037,5.037784829250809,5.2400029066072005,0.10214443552621309,nan,nan,0.8899852633476257,0.8155311346054077,0.8155311346054077,training,0.8155311346054077,0.07445412874221802,0.642857142857143,19,9,2,1.3920838832855225
1222,van_rossum,superspike,6.860261363553353,polyak,0.00018621097821558755,False,,1.2743720902888431,0.5861624558879867,nan,nan,nan,nan,11.941319368829872,0.5087902308777333,4.735904693603516,4.178470134735107,18.1787166595459,training,4.178470134735107,0.5574345588684082,0.8858131487889275,8,9,25,1.957167148590088
1223,guarino,superspike,1.2346558140202946,polyak,0.01605969359354331,True,,0.008606535455048525,0.019460639298323645,0.4902811752184541,11.636920795835943,10.291468005328513,0.27536282073249907,nan,nan,0.8375147581100464,0.9164629578590393,1.4966423511505127,warmstart,0.8375147581100464,-0.07894819974899292,0.1319444444444445,9,9,25,1.4486351013183594
1224,guarino,superspike,0.5333608531200135,polyak,0.019311571884945623,False,,0.6053806092672205,0.5444024935150081,0.15010804432963942,16.993986475204665,14.702918732381516,0.28600998845843945,nan,nan,0.6842771768569946,0.6224972605705261,1.1889375448226929,training,0.6224972605705261,0.061779916286468506,-0.38888888888888884,9,9,25,1.8210639953613281
1225,van_rossum,superspike,1.1395183377476037,polyak,0.00028148303986811187,True,,0.05848344002690142,0.700413119967275,nan,nan,nan,nan,3.2817516186828857,0.27183583637422215,4.89489221572876,4.86841344833374,4.86841344833374,training,4.86841344833374,0.02647876739501953,0.47916666666666674,9,9,25,1.2158560752868652
1226,guarino,superspike,8.825168824541148,polyak,4.4760608938404365e-05,False,,1.3995717907141214,0.9905927389552103,0.1050844010367702,13.97711175976144,9.853847839786816,0.16234375626315595,nan,nan,0.7535601258277893,1.105790615081787,1.1057932376861572,warmstart,0.7535601258277893,-0.3522304892539978,0.07017543859649122,10,9,25,2.2005369663238525
1227,van_rossum,superspike,7.60664872499016,polyak,0.001456771826660395,False,,0.6932026829905563,0.3416730596105393,nan,nan,nan,nan,40.50773290252653,0.2528578441476489,2.2229995727539062,2.22540545463562,2839657.5,warmstart,2.2229995727539062,-0.002405881881713867,0.19377162629757788,8,9,25,4.293593883514404
1228,guarino,superspike,3.26003703962276,polyak,0.053979930313974064,True,,0.6346984888439426,0.1355902579581939,0.19838549176085746,8.47102438924804,12.079504462690291,0.08235014732675279,nan,nan,0.44929465651512146,0.7782668471336365,0.7782668471336365,warmstart,0.44929465651512146,-0.328972190618515,-0.5625,9,9,1,1.457852840423584
1229,guarino,superspike,4.244718192622366,polyak,0.0001588509728545733,False,,0.4794941108415461,0.21203066071134924,0.45170319578118306,6.057080178124721,19.514040453609518,0.14770374351745957,nan,nan,0.6666563153266907,1.0026700496673584,16213943.0,warmstart,0.6666563153266907,-0.3360137343406677,-0.2807017543859649,10,9,25,1.5209178924560547
1230,guarino,superspike,1.5099406755626343,polyak,3.626994366020679e-05,False,,1.027898318881106,0.512321730993041,0.4727028077815419,7.957434460532333,1.7742327765093764,0.22849771895854,nan,nan,0.7724291682243347,1.0781667232513428,1.078183889389038,warmstart,0.7724291682243347,-0.30573755502700806,-0.2807017543859649,10,9,25,1.3956990242004395
1231,guarino,superspike,10.674815822686126,polyak,7.075427347269701e-05,True,,1.2918786255412096,0.876640906209768,0.2640733011109294,9.147446489215895,16.842031472483992,0.17384676688524422,nan,nan,0.6058409810066223,0.6107521057128906,0.6162850260734558,warmstart,0.6058409810066223,-0.0049111247062683105,0.6527777777777778,9,9,25,1.4701948165893555
1232,van_rossum,superspike,11.446947194994454,polyak,0.0015338493560909773,False,,1.3440659659872178,0.23252744395668068,nan,nan,nan,nan,5.589623726118868,0.5004162231951051,6.1656670570373535,5.938175678253174,4.336702352208691e+17,training,5.938175678253174,0.2274913787841797,0.0,0,9,3,1.2409112453460693
1233,van_rossum,superspike,0.5382778050276592,polyak,0.000672581452547928,False,,1.0803813159797058,0.07471993197503579,nan,nan,nan,nan,4.895726281106883,0.7854812311725559,8.142066955566406,7.869424819946289,8.19025707244873,training,7.869424819946289,0.2726421356201172,0.25694444444444436,7,9,25,1.3625938892364502
1234,van_rossum,superspike,2.8396058083265885,polyak,0.0035798935252416325,True,,0.34358420210882706,0.2260282909768756,nan,nan,nan,nan,18.737631149331186,0.29176520070467316,2.638077974319458,3.8517563343048096,4874.70458984375,warmstart,2.638077974319458,-1.2136783599853516,-0.5625,9,9,25,2.8899009227752686
1235,guarino,superspike,3.6612051123784553,polyak,0.04501412857549085,True,,0.43548910597965235,0.19454464199979737,0.3582263882097329,15.653824759544586,18.339110533430606,0.2717149750599316,nan,nan,0.804012656211853,1.1262410879135132,1.1262410879135132,warmstart,0.804012656211853,-0.32222843170166016,0.19377162629757788,8,9,1,1.404386043548584
1236,guarino,superspike,2.962685211703856,polyak,0.0005398703285716202,False,,0.4871566644399817,0.5377306523514364,0.05125590071311487,8.222837428072351,10.107537148923427,0.24099131586159014,nan,nan,0.29782673716545105,0.39745813608169556,48.4599494934082,warmstart,0.29782673716545105,-0.0996313989162445,-0.04166666666666662,9,9,25,1.4200048446655273
1237,guarino,superspike,0.9526614237484322,polyak,0.059889281749855,True,,0.22385528164487345,0.7694528615511991,0.2433841268835967,10.352098604093511,10.475074782704777,0.29051146833550306,nan,nan,0.5573611855506897,0.7213667035102844,1.475974440574646,warmstart,0.5573611855506897,-0.16400551795959473,-0.5625,9,9,25,1.4489541053771973
1238,van_rossum,superspike,8.06601577736772,polyak,0.008483517173915,True,,0.38068127448146244,0.9928397091714795,nan,nan,nan,nan,6.24902870380194,0.4174501022792231,4.5775885581970215,4.929028511047363,6.234399318695068,warmstart,4.5775885581970215,-0.3514399528503418,0.24561403508771928,10,9,25,1.4819772243499756
1239,van_rossum,superspike,3.118781332140762,polyak,0.07056500485951608,True,,0.5810683026999277,0.9169061357141745,nan,nan,nan,nan,11.89342678330255,0.7625173699968822,8.293219566345215,7.698726654052734,7.698726654052734,training,7.698726654052734,0.5944929122924805,-1.0,159,9,1,1.7624499797821045
1240,guarino,superspike,5.4378660381377,polyak,0.0003660174584055791,False,,1.1514928111386413,0.528378654487965,0.10826569183322197,1.2040696633039745,5.0365249637057845,0.21730394844613668,nan,nan,0.7338013052940369,0.833182692527771,1.0832246541976929,warmstart,0.7338013052940369,-0.09938138723373413,0.1319444444444445,9,9,25,1.4161899089813232
1241,van_rossum,superspike,0.6940198037461616,polyak,0.0005603692847274218,True,,0.34407724396989714,0.6704716701754788,nan,nan,nan,nan,39.31798042413531,0.7732033882633873,4.56188440322876,6.412171363830566,6.446881294250488,warmstart,4.56188440322876,-1.8502869606018066,-0.09027777777777786,7,9,25,4.04035210609436
1242,van_rossum,superspike,14.655431363546281,polyak,0.0015943058311017062,True,,0.46481977250138695,0.050986719658674295,nan,nan,nan,nan,23.70873616088012,0.6220099206934171,2.8709566593170166,4.093594074249268,29.561864852905273,warmstart,2.8709566593170166,-1.222637414932251,0.020761245674740504,8,9,25,3.1306350231170654
1243,van_rossum,superspike,0.7345162829363161,polyak,0.08402797621536691,False,,1.3800538553369577,0.7603414348326818,nan,nan,nan,nan,12.59494737485526,0.3266723816563636,3.354653835296631,2.2643659114837646,2.2643659114837646,training,2.2643659114837646,1.0902879238128662,1.0,9,9,25,2.046186923980713
1244,van_rossum,superspike,1.4235425639939743,polyak,3.688174121302107e-05,True,,0.12290414733528482,0.637878996824556,nan,nan,nan,nan,10.248232884605445,0.8586135721496693,6.585078239440918,14.93016529083252,14.93016529083252,warmstart,6.585078239440918,-8.345087051391602,-0.32142857142857145,5,9,1,1.660404920578003
1245,van_rossum,superspike,14.433921324780536,polyak,0.0004982988745984632,False,,0.17753430954739308,0.7631984204580421,nan,nan,nan,nan,29.293745159130157,0.457016740937051,3.9308979511260986,3.999986171722412,4.306973457336426,warmstart,3.9308979511260986,-0.06908822059631348,0.6527777777777778,9,9,25,3.4291210174560547
1246,van_rossum,superspike,13.317277481974884,polyak,0.02135750155075924,True,,0.2990228402541056,0.6775430985597185,nan,nan,nan,nan,27.53483581881471,0.930249381812539,8.135375022888184,8.427759170532227,24.73309898376465,warmstart,8.135375022888184,-0.29238414764404297,0.07017543859649122,10,9,25,3.4332468509674072
1247,guarino,superspike,14.4215326455587,polyak,0.0005020223242952863,True,,0.8149336100249678,0.6282858659173466,0.44121350894373396,11.270701530935005,2.7884582609019004,0.27804406779188334,nan,nan,0.6306973099708557,0.1287924200296402,279178.0625,training,0.1287924200296402,0.5019048899412155,-0.32525951557093424,8,9,25,1.460517168045044
1248,guarino,superspike,3.292738514989048,polyak,0.0519957908844973,True,,0.3942312520891463,0.9902350758760617,0.058707200500694334,3.252145898542901,4.527849814520828,0.023872718116357994,nan,nan,0.6368480920791626,0.698184072971344,1.3661606311798096,warmstart,0.6368480920791626,-0.061335980892181396,-0.5625,9,9,25,1.4361119270324707
1249,guarino,superspike,7.431861011348173,polyak,0.008084901587092077,False,,0.773092271376489,0.9261809589460742,0.16837188353684598,14.585529112029162,19.202969746583545,0.10818935268881771,nan,nan,0.6560224294662476,0.6934583783149719,0.7321857213973999,warmstart,0.6560224294662476,-0.037435948848724365,-0.5625,9,9,25,1.409816026687622
1250,van_rossum,superspike,13.445436083439004,polyak,0.0025177769431021023,True,,1.440840107189878,0.68699776674738,nan,nan,nan,nan,42.60805411130392,0.16153586673962972,1.9603843688964844,2.0534350872039795,10.960667610168457,warmstart,1.9603843688964844,-0.09305071830749512,-0.10526315789473688,10,9,25,4.222456693649292
1251,guarino,superspike,2.169534365605039,polyak,0.0004300659243272073,True,,0.3443308942052676,0.5375302816025037,0.4018222185253248,8.961917404155198,8.283703192133224,0.19515484605915515,nan,nan,0.5605296492576599,0.9645427465438843,1.0663851499557495,warmstart,0.5605296492576599,-0.40401309728622437,-0.38888888888888884,9,9,25,1.4354579448699951
1252,van_rossum,superspike,10.828494421242087,polyak,0.007910521326255445,True,,1.4142946815207942,0.6798784072529453,nan,nan,nan,nan,3.919789231908441,0.231723882514422,4.834291458129883,4.748436450958252,536562.0,training,4.748436450958252,0.08585500717163086,-1.0,79,9,25,1.276338815689087
1253,guarino,superspike,3.2636337137305533,polyak,7.363533707662452e-05,True,,0.7651228143451712,0.30129683891840187,0.16676050830826536,19.611914815651957,11.20534671087632,0.1686229894731948,nan,nan,0.7861635684967041,0.7984057664871216,24.966955184936523,warmstart,0.7861635684967041,-0.01224219799041748,0.36678200692041524,8,9,25,1.423403024673462
1254,guarino,superspike,2.9494083925735537,polyak,0.0001877721166593722,True,,0.9515383807302301,0.49630228451644387,0.4808520912386561,2.5807059118488596,16.020410489835566,0.0837259135388955,nan,nan,0.39746856689453125,0.37457045912742615,2.7933475971221924,training,0.37457045912742615,0.022898107767105103,0.24561403508771928,10,9,25,1.427635908126831
1255,guarino,superspike,1.7575041849581918,polyak,0.0009556072465874244,True,,1.113310400888394,0.7224434777679247,0.487366025501185,8.61088871948878,15.928825555385504,0.22235999122209205,nan,nan,0.500840425491333,0.51664137840271,0.51664137840271,warmstart,0.500840425491333,-0.015800952911376953,-0.04166666666666662,9,9,1,1.379702091217041
1256,guarino,superspike,9.32813295479828,polyak,0.008770904048731466,True,,1.127211702876263,0.9294581847738685,0.46135007686781315,8.205308170959675,1.5882689490241098,0.01160447804882001,nan,nan,0.42952531576156616,0.6651008725166321,0.8926180601119995,warmstart,0.42952531576156616,-0.23557555675506592,-0.5625,9,9,25,1.4379971027374268
1257,van_rossum,superspike,5.232087185652195,polyak,3.624292619388408e-05,True,,0.8331388727873069,0.538262431287172,nan,nan,nan,nan,25.776401315948913,0.9321717638406569,7.560130596160889,8.950470924377441,43.37784957885742,warmstart,7.560130596160889,-1.3903403282165527,0.5397923875432526,8,9,25,3.231367826461792
1258,guarino,superspike,11.017305353219134,polyak,2.5723326872345388e-05,False,,1.2361126679921242,0.30651200180303506,0.18915051644998512,2.9141935344093355,1.2520042481864753,0.10658658253361557,nan,nan,0.7933071851730347,0.6195109486579895,2.88558030128479,training,0.6195109486579895,0.17379623651504517,-0.04166666666666662,9,9,22,1.3862590789794922
1259,guarino,superspike,1.1714994006308006,polyak,0.03595595196505704,False,,1.0054338291302531,0.16401378048147897,0.22151713534320733,5.487370717022999,13.765066055019446,0.23397931625418833,nan,nan,0.3229171633720398,0.5142473578453064,3577473.75,warmstart,0.3229171633720398,-0.1913301944732666,-0.5625,9,9,25,1.8675317764282227
1260,van_rossum,superspike,7.079875928490641,polyak,2.078757747906416e-05,False,,0.5074286865396668,0.7817486806388066,nan,nan,nan,nan,18.72714534353938,0.6402896203728426,5.140991687774658,5.467367649078369,5.514633655548096,warmstart,5.140991687774658,-0.32637596130371094,0.19377162629757788,8,9,25,2.757901191711426
1261,guarino,superspike,2.8191858004466654,polyak,0.0007183166066219295,True,,1.176392445553779,0.7042093419104312,0.3017927933154249,18.59226302231206,6.4565551509940065,0.07860966643949804,nan,nan,0.5362896919250488,0.6765011548995972,0.7432858943939209,warmstart,0.5362896919250488,-0.14021146297454834,0.19377162629757788,8,9,25,2.290186882019043
1262,guarino,superspike,1.55538615719641,polyak,0.008988319143357822,True,,1.0381094043506347,0.7608110282212446,0.3226642114059473,9.743463552937676,9.529424834307807,0.21496036848553965,nan,nan,0.4464479684829712,0.7651911377906799,5.682619571685791,warmstart,0.4464479684829712,-0.31874316930770874,-0.5625,9,9,25,1.4412598609924316
1263,guarino,superspike,2.0536402626109873,polyak,8.935575559822223e-05,False,,0.4836798739560969,0.718336639054379,0.129537172919502,6.013274301407459,2.922915715138439,0.09943799961422302,nan,nan,0.7438362836837769,0.7040940523147583,0.7040940523147583,training,0.7040940523147583,0.039742231369018555,-0.21527777777777773,9,9,25,1.404703140258789
1264,van_rossum,superspike,12.149826094988283,polyak,0.0008726373680641931,False,,0.5266907777760887,0.9068349509589009,nan,nan,nan,nan,3.7792954476490057,0.9776973550861962,10.119939804077148,9.344735145568848,9.351722717285156,training,9.344735145568848,0.7752046585083008,0.08333333333333325,7,9,25,1.1577980518341064
1265,guarino,superspike,1.0674865032396816,polyak,0.0010046695469886886,False,,1.1091429653267735,0.6089222722467452,0.17245070325315764,8.89217941872497,5.678071065099046,0.08310522751223905,nan,nan,0.5050169825553894,1.0674678087234497,1.085585594177246,warmstart,0.5050169825553894,-0.5624508261680603,-0.5625,9,9,25,1.3967640399932861
1266,guarino,superspike,1.8203227877376527,polyak,1.062491560976326e-05,True,,1.326877967121781,0.5998045333368279,0.41782653267845304,9.265469597083344,7.729455777264734,0.19655683291437906,nan,nan,0.41347622871398926,0.8142178654670715,6428.03271484375,warmstart,0.41347622871398926,-0.4007416367530823,-0.5625,9,9,25,1.4154863357543945
1267,guarino,superspike,18.237996448844754,polyak,0.00010940452791513947,True,,0.4582983008075867,0.6939253749156737,0.4137646638291893,10.253203879839674,7.9716235907180275,0.22342539571915387,nan,nan,0.3784606456756592,0.312126100063324,0.3172438442707062,training,0.312126100063324,0.0663345456123352,1.0,9,9,25,1.4358439445495605
1268,van_rossum,superspike,1.6515404913191192,polyak,0.0004219142480272286,False,,1.1639360955898468,0.56750513291254,nan,nan,nan,nan,5.80485609650652,0.31877244867089605,4.194407939910889,4.4582133293151855,5.294790267944336,warmstart,4.194407939910889,-0.2638053894042969,0.5397923875432526,8,9,25,1.3411099910736084
1269,van_rossum,superspike,0.5897902782072366,polyak,0.0023754232734544164,True,,0.5658386022108591,0.9896838596675823,nan,nan,nan,nan,7.706753249543169,0.034188013362345115,1.2169195413589478,2.414024829864502,2.4618077278137207,warmstart,1.2169195413589478,-1.1971052885055542,-0.21527777777777773,9,9,25,1.5921838283538818
1270,guarino,superspike,6.0571223756548775,polyak,0.0006667525851257527,True,,1.3922562596607992,0.9019321674656063,0.11253203291874103,2.5190151795446805,6.933870951185014,0.18243979868030594,nan,nan,0.15774372220039368,0.9785875082015991,0.9785875082015991,warmstart,0.15774372220039368,-0.8208437860012054,0.8263888888888888,9,9,25,1.4454960823059082
1271,guarino,superspike,1.1790540673773593,polyak,7.257148864981501e-05,False,,0.5266573859084028,0.8364713333915073,0.2651081009797737,9.687161839686388,18.16500579427164,0.1322704221583281,nan,nan,0.6049542427062988,1.6678043603897095,1.6679455041885376,warmstart,0.6049542427062988,-1.0628501176834106,0.1319444444444445,9,9,25,1.393665075302124
1272,van_rossum,superspike,2.6697930135119736,polyak,2.555674820046195e-05,False,,0.9345563996820893,0.8034482104019519,nan,nan,nan,nan,11.516435876188186,0.9846140818253062,8.567741394042969,7.650801181793213,7.712540626525879,training,7.650801181793213,0.9169402122497559,0.08333333333333325,7,9,25,1.944674015045166
1273,guarino,superspike,14.743508261254085,polyak,1.31732141271431e-05,False,,0.5767511493859336,0.6674392128098823,0.09393634472490343,18.804526069336987,18.81075845696035,0.1558202442528335,nan,nan,0.6778382658958435,0.7877005934715271,0.7877008318901062,warmstart,0.6778382658958435,-0.1098623275756836,-0.5625,9,9,25,1.426781415939331
1274,van_rossum,superspike,1.0296944906860879,polyak,0.04525308189265515,True,,0.32394092787426865,0.16516169479102483,nan,nan,nan,nan,49.427807221197675,0.21341669445302824,1.300111174583435,1.4490147829055786,1.4490147829055786,warmstart,1.300111174583435,-0.14890360832214355,0.6527777777777778,9,9,1,3.856088161468506
1275,guarino,superspike,1.7783398694488985,polyak,3.536044098583496e-05,True,,0.9523304691785457,0.8430563005782071,0.4576750381316795,18.673521288781263,15.214177711018195,0.09208449457025919,nan,nan,0.5538115501403809,0.6093231439590454,0.6093231439590454,warmstart,0.5538115501403809,-0.05551159381866455,0.7128027681660901,8,9,25,1.499206781387329
1276,guarino,superspike,2.990587913712526,polyak,0.00011787842170299277,True,,0.13110461201854612,0.8557560871295988,0.23781587304935511,9.396528362117737,15.510709834418865,0.2549179487594429,nan,nan,0.39082419872283936,0.4042643904685974,0.4097704589366913,warmstart,0.39082419872283936,-0.013440191745758057,0.1319444444444445,9,9,25,1.4154062271118164
1277,guarino,superspike,5.240293113645578,polyak,0.0002990880970921035,True,,1.0232430485136041,0.7963275432084448,0.2072143572507643,17.591500192457985,5.160815779642206,0.16886946997878544,nan,nan,0.570045530796051,0.5712614059448242,0.621752917766571,warmstart,0.570045530796051,-0.0012158751487731934,0.8263888888888888,9,9,25,1.4526638984680176
1278,guarino,superspike,0.7013070654815414,polyak,0.003673549103595247,True,,1.3641919196477827,0.555201925399983,0.21295467422756414,16.07797478182768,14.541783063060263,0.03530776827658094,nan,nan,0.5947917103767395,0.6706557273864746,0.6706557273864746,warmstart,0.5947917103767395,-0.07586401700973511,0.19377162629757788,8,9,1,1.3916740417480469
1279,van_rossum,superspike,3.2630631858687673,polyak,0.08859286954294619,True,,0.5969053650882296,0.759883561595789,nan,nan,nan,nan,16.27558088270216,0.9667006430758821,8.975408554077148,8.401484489440918,4471.1328125,training,8.401484489440918,0.5739240646362305,-1.0,190,9,2,2.253016948699951
1280,guarino,superspike,2.198007015239225,polyak,3.442662525525698e-05,True,,0.4394883804371971,0.6335690159041251,0.0640631709998896,19.353801133674562,18.27281674143096,0.025380433897950905,nan,nan,0.5043142437934875,0.7368738055229187,12.180752754211426,warmstart,0.5043142437934875,-0.23255956172943115,-0.38888888888888884,9,9,25,1.8591217994689941
1281,guarino,superspike,7.097965173874554,polyak,0.006780855006300952,True,,0.8109850014956095,0.818945652120703,0.338612998080611,3.3825849851434566,16.394863767351367,0.09713043151333996,nan,nan,0.5413310527801514,0.2733912467956543,0.5956575870513916,training,0.2733912467956543,0.26793980598449707,-0.21527777777777773,9,9,25,1.524285078048706
1282,van_rossum,superspike,5.042760540893974,polyak,8.121365924415265e-05,True,,0.4743149509544267,0.7546276809393766,nan,nan,nan,nan,4.989172303105054,0.7324974184681805,8.073674201965332,7.624813556671143,7.73984956741333,training,7.624813556671143,0.44886064529418945,0.25694444444444436,7,9,25,1.5325801372528076
1283,van_rossum,superspike,3.019403289975542,polyak,0.011208606842282044,False,,0.624106222203481,0.679626846640612,nan,nan,nan,nan,9.48133040328178,0.5107111333978873,4.747905731201172,5.439128398895264,8.183197975158691,warmstart,4.747905731201172,-0.6912226676940918,-0.02807017543859652,6,9,25,1.7923448085784912
1284,guarino,superspike,19.69031564989148,polyak,0.00048080631845053224,False,,0.444936612994715,0.062065072626073525,0.06881187981371907,2.8076706616669913,1.0956237474301256,0.0981269938217821,nan,nan,0.5586958527565002,1.0163986682891846,1.0164127349853516,warmstart,0.5586958527565002,-0.4577028155326843,-0.5625,9,9,25,1.425766944885254
1285,guarino,superspike,0.8631020478010684,polyak,0.0002887162940206701,False,,0.3924045142944252,0.16839931701264688,0.3491493138510043,10.326739721253274,1.8978263003758857,0.23634219934991663,nan,nan,0.9170774817466736,1.1443101167678833,1.1443101167678833,warmstart,0.9170774817466736,-0.22723263502120972,0.07017543859649122,10,9,1,1.3658928871154785
1286,van_rossum,superspike,3.8424029409829776,polyak,0.00020054198314832725,True,,0.014237237864373808,0.5864497649769997,nan,nan,nan,nan,7.810816216344238,0.8118771778631032,8.579172134399414,9.450706481933594,2266.56787109375,warmstart,8.579172134399414,-0.8715343475341797,0.1319444444444445,9,9,25,1.631822109222412
1287,guarino,superspike,1.1407145439525814,polyak,5.41629876775984e-05,True,,0.34163745034597104,0.736971994496366,0.37011224499918455,1.634607898433047,17.740375983563357,0.23680653902801407,nan,nan,0.9204358458518982,0.8833237886428833,6989.9501953125,training,0.8833237886428833,0.03711205720901489,-0.5625,9,9,19,1.4185380935668945
1288,van_rossum,superspike,1.4786830421744528,polyak,0.002709772903549747,True,,0.587552419408264,0.3335241585010035,nan,nan,nan,nan,32.93082565086827,0.1420434586119319,1.835534930229187,1.6744028329849243,1.6767621040344238,training,1.6744028329849243,0.1611320972442627,0.36678200692041524,8,9,25,3.9582691192626953
1289,van_rossum,superspike,10.418742328711177,polyak,1.8796966213916104e-05,False,,0.7872959767360033,0.5769570325822859,nan,nan,nan,nan,1.4733963805285097,0.5386582446021755,7.117700576782227,6.97467041015625,6.97467041015625,training,6.97467041015625,0.14303016662597656,0.0,0,9,25,1.2205617427825928
1290,guarino,superspike,16.288731098924757,polyak,0.0045679999937168975,True,,0.4197351623091421,0.6417530811939492,0.48273055549394966,1.4476068626186724,12.905229133208891,0.047050488265934796,nan,nan,0.8628556132316589,0.9778885245323181,0.9778885245323181,warmstart,0.8628556132316589,-0.11503291130065918,0.14736842105263157,6,9,25,1.4570140838623047
1291,van_rossum,superspike,1.1779676212622572,polyak,2.145782093135836e-05,False,,0.75376285040868,0.047595261394701605,nan,nan,nan,nan,2.9892867950698365,0.3267486476430953,2.9053585529327393,8.55467700958252,8.55467700958252,warmstart,2.9053585529327393,-5.64931845664978,-0.5625,9,9,1,1.100675106048584
1292,van_rossum,superspike,2.340043437078528,polyak,0.0016734381004688426,False,,1.043470207203438,0.9451952608993744,nan,nan,nan,nan,2.8644542880390804,0.10374521964207539,3.6913928985595703,3.149308681488037,3.149308681488037,training,3.149308681488037,0.5420842170715332,0.9473684210526316,10,9,25,1.1321449279785156
1293,guarino,superspike,0.581085370488167,polyak,0.0014046202690270466,True,,1.3374476721786748,0.5010980657464822,0.12081984020515818,4.42108112324363,4.037480951945187,0.2815604622166683,nan,nan,0.738659143447876,0.6346153616905212,0.7288296818733215,training,0.6346153616905212,0.10404378175735474,-0.04166666666666662,9,9,25,1.4642469882965088
1294,van_rossum,superspike,3.055244732070981,polyak,0.004463993324420002,False,,1.3460046553689458,0.11042551092998354,nan,nan,nan,nan,32.79513377152889,0.9224149665938393,8.631019592285156,7.525455474853516,2697731.75,training,7.525455474853516,1.1055641174316406,-1.0,4000,9,25,4.050318956375122
1295,van_rossum,superspike,0.555618134454633,polyak,0.0006082544735408677,False,,0.6603492395461272,0.9118872854028065,nan,nan,nan,nan,4.953200926417366,0.3466861091019595,5.3376054763793945,5.654905319213867,5.6655659675598145,warmstart,5.3376054763793945,-0.31729984283447266,0.24561403508771928,10,9,25,1.3071868419647217
1296,van_rossum,superspike,5.363652051667508,polyak,0.0008689035115422786,False,,0.445317952570644,0.259907059716328,nan,nan,nan,nan,2.4083266323997945,0.5254508692581371,4.9593071937561035,8.443772315979004,8.443772315979004,warmstart,4.9593071937561035,-3.4844651222229004,0.1319444444444445,9,9,25,1.153527021408081
1297,van_rossum,superspike,6.190479914201641,polyak,0.030282056699257417,False,,0.6486906869841145,0.23714256850914162,nan,nan,nan,nan,8.426892055364734,0.5931635733179066,5.765118598937988,5.636245250701904,10703.294921875,training,5.636245250701904,0.12887334823608398,0.0,0,9,25,2.3990328311920166
1298,van_rossum,superspike,0.963765430434018,polyak,1.6667026353280525e-05,True,,0.44446693180719316,0.15679769816860312,nan,nan,nan,nan,15.193782780240403,0.005749164526665629,0.7628410458564758,0.8507863879203796,0.8507924675941467,warmstart,0.7628410458564758,-0.08794534206390381,0.6527777777777778,9,9,25,2.392285108566284
1299,guarino,superspike,19.773040255557227,polyak,5.260041474325593e-05,True,,1.4029861205101417,0.37054228525371846,0.14442636968143996,2.130255003991353,3.830205984720032,0.10656703209635573,nan,nan,0.5099763870239258,0.2027893215417862,59227.1484375,training,0.2027893215417862,0.3071870654821396,-0.09027777777777786,7,9,25,1.4844348430633545
1300,guarino,superspike,8.160112159344157,polyak,0.04100253587136982,True,,0.14007031325152225,0.5715152883564049,0.4590632877776693,14.664919966726165,2.8351133184342205,0.18418929326392705,nan,nan,0.5351897478103638,0.5037230849266052,2098.400634765625,training,0.5037230849266052,0.031466662883758545,-1.0,90,9,25,1.4485719203948975
1301,van_rossum,superspike,4.3750959342315845,polyak,0.0004087060710766668,False,,0.6499993420325915,0.877405087654474,nan,nan,nan,nan,22.128293544649964,0.8047718658491501,4.231993198394775,4.9933180809021,5.233303070068359,warmstart,4.231993198394775,-0.7613248825073242,0.6527777777777778,9,9,25,3.0529110431671143
1302,van_rossum,superspike,6.278537155105492,polyak,0.00047510870279923923,True,,0.6253547498314809,0.12279385027416034,nan,nan,nan,nan,3.2571174945265113,0.4442737205850066,4.812318325042725,9.15509033203125,18.515174865722656,warmstart,4.812318325042725,-4.342772006988525,-0.49826989619377166,8,9,25,1.2414238452911377
1303,van_rossum,superspike,6.68182883722533,polyak,0.013933658251963247,False,,0.8348763999403424,0.9605706890515447,nan,nan,nan,nan,2.5574128767861692,0.8037597428841746,8.413517951965332,9.512920379638672,10.137589454650879,warmstart,8.413517951965332,-1.0994024276733398,0.007142857142857149,11,9,25,1.1378819942474365
1304,guarino,superspike,6.215769775469698,polyak,2.685839525441136e-05,False,,0.1699734088542436,0.4002794669541091,0.05242004994902983,14.708184653503901,11.263932870321705,0.023452244764395246,nan,nan,0.47430217266082764,0.3938310146331787,14.031000137329102,training,0.3938310146331787,0.08047115802764893,0.0,0,9,25,1.4134998321533203
1305,van_rossum,superspike,2.0870910875930657,polyak,0.002227626194325015,True,,1.0724504469884635,0.5792861174595676,nan,nan,nan,nan,1.8702910063292666,0.6862688551777198,7.44964599609375,7.457285404205322,7.54634428024292,warmstart,7.44964599609375,-0.007639408111572266,0.0,0,9,25,1.135627031326294
1306,guarino,superspike,7.6038521134627475,polyak,0.039463844147148215,False,,1.4844557263054248,0.5839250640312897,0.3669232678264194,5.782293808230978,6.510881071522348,0.25523082807077846,nan,nan,0.8935788869857788,1.5164355039596558,4092285.5,warmstart,0.8935788869857788,-0.622856616973877,0.19377162629757788,8,9,25,1.4262568950653076
1307,guarino,superspike,1.7777515842234186,polyak,0.08810091915128487,False,,1.1408871193799421,0.13511469944054277,0.21405159796190598,13.931171454457823,1.410879507624529,0.13019294729283823,nan,nan,0.08385282009840012,1.0198286771774292,1891401.0,warmstart,0.08385282009840012,-0.9359758570790291,-0.5625,9,9,25,1.392409086227417
1308,van_rossum,superspike,4.636664846848287,polyak,0.01007292919463951,True,,0.5496114091270072,0.8732509359731118,nan,nan,nan,nan,9.743023236780644,0.5998349332065411,4.7285027503967285,4.718552589416504,7.623504638671875,training,4.718552589416504,0.00995016098022461,-0.2807017543859649,10,9,25,1.8712389469146729
1309,van_rossum,superspike,2.072892776610805,polyak,3.0198765546373717e-05,False,,0.8603013654010458,0.39144623820241986,nan,nan,nan,nan,25.58028228386511,0.6822062954204763,3.2784290313720703,2.759974718093872,125.5696792602539,training,2.759974718093872,0.5184543132781982,-0.075,1,9,25,3.227496862411499
1310,van_rossum,superspike,6.068340002322307,polyak,0.013425763089376421,False,,0.6377120709630831,0.010974475918825943,nan,nan,nan,nan,14.69779308897286,0.342564242537991,3.255575180053711,3.3302249908447266,1765924.0,warmstart,3.255575180053711,-0.07464981079101562,0.19377162629757788,8,9,25,2.328240156173706
1311,van_rossum,superspike,3.7636311682130974,polyak,0.0012974822058808542,False,,0.6696353625229108,0.1448996539063354,nan,nan,nan,nan,1.386767026167528,0.10913723595923452,5.201789379119873,4.638848781585693,4.897475719451904,training,4.638848781585693,0.5629405975341797,0.13333333333333336,1,9,25,1.0781381130218506
1312,guarino,superspike,4.2334114880702565,polyak,1.2399999224120712e-05,False,,2.8859274868175966e-05,0.8172485440189244,0.26394852132939484,2.354831792534662,7.525665960620418,0.15190633087523567,nan,nan,0.6870609521865845,0.9778327345848083,0.9778628349304199,warmstart,0.6870609521865845,-0.2907717823982239,-0.2807017543859649,10,9,25,1.4365651607513428
1313,van_rossum,superspike,2.880221134338637,polyak,0.0006739006214385557,False,,0.9262818229871754,0.011434938758926094,nan,nan,nan,nan,46.67884528062153,0.9426935861444679,7.499940395355225,10.273810386657715,95.29432678222656,warmstart,7.499940395355225,-2.7738699913024902,-0.09027777777777786,7,9,25,4.3474440574646
1314,van_rossum,superspike,0.7048336900975193,polyak,0.004838503885604914,True,,0.8811414030459506,0.6406696279148097,nan,nan,nan,nan,2.0967331118012167,0.4936098628119563,7.1900506019592285,nan,nan,warmstart,7.1900506019592285,nan,-0.2637362637362637,4,9,0,1.0910882949829102
1315,van_rossum,superspike,3.3408182818604746,polyak,0.021702462151512922,True,,0.13998796938244606,0.19798469353315307,nan,nan,nan,nan,1.053264732387394,0.8315242830597276,9.255597114562988,9.613245010375977,9.613245010375977,warmstart,9.255597114562988,-0.3576478958129883,0.0,0,9,25,1.116407871246338
1316,van_rossum,superspike,0.7267799445649047,polyak,0.002285555194131197,False,,1.156135591921219,0.5615717142012796,nan,nan,nan,nan,3.2789171675248867,0.7197348479057359,6.637110710144043,6.655280590057373,9503.537109375,warmstart,6.637110710144043,-0.018169879913330078,0.36678200692041524,8,9,2,1.098803997039795
1317,van_rossum,superspike,2.3796822633500407,polyak,4.386079230435385e-05,True,,1.033665099078368,0.00010879628343452019,nan,nan,nan,nan,8.16817181244776,0.5771614798825668,5.794254779815674,5.5814738273620605,12.342419624328613,training,5.5814738273620605,0.21278095245361328,0.47916666666666674,9,9,25,1.6269559860229492
1318,van_rossum,superspike,2.0026210073493096,polyak,0.00626684603013839,True,,0.8234485070861453,0.7622886211225538,nan,nan,nan,nan,32.30760434551836,0.5116832931203175,4.040872573852539,4.036395072937012,26.33381462097168,training,4.036395072937012,0.004477500915527344,0.0,0,9,25,3.635944128036499
1319,guarino,superspike,7.4786798138564725,polyak,1.9562485839182138e-05,True,,0.8721892151814034,0.21254742505116575,0.37901389900020627,5.361215444539274,16.97276828906255,0.1044820013033871,nan,nan,0.5956791639328003,0.5856888294219971,0.5857031941413879,training,0.5856888294219971,0.009990334510803223,0.36678200692041524,8,9,25,1.4370901584625244
1320,van_rossum,superspike,6.93889810584992,polyak,5.3679689019283596e-05,False,,0.7290941452602716,0.4685388807071128,nan,nan,nan,nan,6.706975178855236,0.031014006325993937,1.0053776502609253,0.7580004930496216,6.851853370666504,training,0.7580004930496216,0.2473771572113037,0.5397923875432526,8,9,25,1.472862958908081
1321,guarino,superspike,5.737775456069037,polyak,0.0013327558522086835,False,,0.3077132508215128,0.12034228757638321,0.21291086576180615,13.104275564872161,10.233377585751715,0.029577979829369692,nan,nan,1.0523450374603271,1.0617822408676147,47.479881286621094,warmstart,1.0523450374603271,-0.009437203407287598,0.08333333333333325,7,9,25,1.380047082901001
1322,van_rossum,superspike,18.834044455411814,polyak,1.1595277865035582e-05,False,,0.1908786507924523,0.836290180941736,nan,nan,nan,nan,1.716851142895173,0.28069689194107317,6.548572063446045,8.091682434082031,8.09171199798584,warmstart,6.548572063446045,-1.5431103706359863,-0.08058608058608058,4,9,25,1.0944828987121582
1323,guarino,superspike,9.299775731639288,polyak,0.029104638966788995,False,,0.07757065141725306,0.6979586828554397,0.36677238632693465,18.91843525802725,6.006088967851635,0.23590404885297764,nan,nan,0.6712045669555664,0.678422212600708,4906.8818359375,warmstart,0.6712045669555664,-0.0072176456451416016,-0.5625,9,9,25,1.4042060375213623
1324,van_rossum,superspike,10.10954723813335,polyak,3.3620170433551054e-05,False,,0.9569177689426168,0.9875560551846307,nan,nan,nan,nan,33.15915290696837,0.6711833283289502,5.055402755737305,5.567981243133545,5.571278095245361,warmstart,5.055402755737305,-0.5125784873962402,0.47916666666666674,9,9,25,3.781209945678711
1325,guarino,superspike,6.567351493525948,polyak,0.0009340637508086764,False,,0.7222345403080273,0.8462707791883289,0.27852575081828856,15.871271686635373,14.694158399475565,0.0798247621140392,nan,nan,0.8566149473190308,1.0074703693389893,1.00748610496521,warmstart,0.8566149473190308,-0.1508554220199585,-0.5625,9,9,25,1.39925217628479
1326,guarino,superspike,4.474024626373012,polyak,0.0018070657346711551,False,,0.30527137955027434,0.49140332112568985,0.4456616114493143,13.9300576148885,19.860433582884152,0.235366278298859,nan,nan,0.43675288558006287,1.3881652355194092,29.56939697265625,warmstart,0.43675288558006287,-0.9514123499393463,1.0,9,9,25,1.4035968780517578
1327,van_rossum,superspike,2.9256582619898057,polyak,3.539599250342893e-05,True,,1.1113233928935973,0.3736360831834403,nan,nan,nan,nan,18.64763439710024,0.5310513426422911,3.723679542541504,3.3151214122772217,25.438140869140625,training,3.3151214122772217,0.4085581302642822,0.0,0,9,25,2.8552918434143066
1328,van_rossum,superspike,17.2325413116191,polyak,0.010880765999099621,False,,0.36156042714868364,0.978799158731481,nan,nan,nan,nan,7.0594755846848365,0.5229237972645977,5.216421604156494,4.860648155212402,4.9204421043396,training,4.860648155212402,0.3557734489440918,0.36678200692041524,8,9,25,1.4695312976837158
1329,guarino,superspike,1.7940534321982777,polyak,0.0025735545209664085,False,,0.8694303856981418,0.048385752163867646,0.20934097909080399,15.212093223133195,2.982210343628374,0.21445123669665464,nan,nan,0.35262343287467957,0.4780222177505493,0.479594349861145,warmstart,0.35262343287467957,-0.12539878487586975,0.30555555555555564,9,9,25,1.4045510292053223
1330,van_rossum,superspike,2.2537417648233937,polyak,0.0031089742858913774,False,,1.0684084054882148,0.8401909297412762,nan,nan,nan,nan,15.791784746437298,0.777398993863311,7.453415393829346,4.131731986999512,4.131731986999512,training,4.131731986999512,3.321683406829834,0.1250000000000001,15,9,1,2.0307750701904297
1331,guarino,superspike,1.2864163830486697,polyak,0.0018551208243430522,True,,0.3022012506512196,0.004392713739444609,0.19468629292141876,10.807080787039936,18.654972577065724,0.06824280446589868,nan,nan,0.508955717086792,0.2736790180206299,0.39668357372283936,training,0.2736790180206299,0.2352766990661621,0.47916666666666674,9,9,25,1.4391400814056396
1332,guarino,superspike,2.517923770844014,polyak,0.002100389544110631,True,,0.04353958991897566,0.047215641115174845,0.08450033712196185,15.036179982129498,5.317455330697646,0.055334166892313526,nan,nan,0.699487030506134,0.7243202924728394,0.7243202924728394,warmstart,0.699487030506134,-0.024833261966705322,0.19377162629757788,8,9,1,1.9648869037628174
1333,guarino,superspike,8.045424563961388,polyak,0.00014397282899248612,False,,1.2814862820477462,0.6892638077160851,0.2645899020872917,6.232691685146134,3.5950545719937512,0.011226359024992938,nan,nan,0.6325667500495911,1.032002568244934,1.2755297422409058,warmstart,0.6325667500495911,-0.399435818195343,0.19377162629757788,8,9,25,1.483510971069336
1334,guarino,superspike,2.182240702451129,polyak,0.033796086814702996,True,,1.0791160509117321,0.9107325693100795,0.4382683813217535,18.506013536375654,19.620217555486523,0.09350893141783877,nan,nan,0.5626208186149597,0.676554799079895,0.7494386434555054,warmstart,0.5626208186149597,-0.1139339804649353,-0.10526315789473688,10,9,25,1.474560022354126
1335,van_rossum,superspike,5.079523200870389,polyak,0.0005526496736231843,False,,0.7583884063978306,0.1591692955414844,nan,nan,nan,nan,10.662052314972543,0.30996473032306915,3.46498441696167,3.42182993888855,222.9136505126953,training,3.42182993888855,0.04315447807312012,0.47916666666666674,9,9,25,2.7487969398498535
1336,guarino,superspike,0.5012632812375584,polyak,7.359490595377908e-05,True,,1.4945268372818432,0.7280953757136894,0.3400242672713038,14.795764736252545,8.757627553368113,0.23526291939788777,nan,nan,0.9215802550315857,0.5967485904693604,0.6118924021720886,training,0.5967485904693604,0.32483166456222534,-0.5625,9,9,25,1.5019199848175049
1337,van_rossum,superspike,2.148529930694954,polyak,0.029014451401516747,True,,0.6523504708720481,0.7847917181143582,nan,nan,nan,nan,1.2357216488504759,0.8131192509329653,10.771127700805664,9.658011436462402,9.658011436462402,training,9.658011436462402,1.1131162643432617,0.0,0,9,25,1.0961060523986816
1338,guarino,superspike,1.1671066505672256,polyak,1.4731588837860157e-05,False,,1.1739836031753292,0.5786954921738933,0.43179554054566144,19.28965404278562,12.592182347132681,0.06952605108540358,nan,nan,0.09657367318868637,0.35697031021118164,103.55372619628906,warmstart,0.09657367318868637,-0.26039663702249527,-0.38888888888888884,9,9,25,1.4067809581756592
1339,van_rossum,superspike,16.682112600496627,polyak,0.010569645149106471,False,,0.6536111280277173,0.48399844573688366,nan,nan,nan,nan,4.578943451049578,0.9463210203599299,6.995079040527344,12.645204544067383,12.645204544067383,warmstart,6.995079040527344,-5.650125503540039,-0.5625,9,9,25,1.2631688117980957
1340,guarino,superspike,13.52098928421221,polyak,0.004358954727275513,False,,0.6862511863069909,0.3035580990101162,0.189960864101923,6.764564365051588,3.4894912021578923,0.1391428614087231,nan,nan,0.5465025305747986,0.5220028758049011,1.8014131784439087,training,0.5220028758049011,0.02449965476989746,0.5964912280701755,10,9,25,1.4134490489959717
1341,guarino,superspike,5.607598797723879,polyak,0.052430671359170296,False,,0.8081983067673058,0.5450222571757909,0.43228896669113304,16.64901356872532,4.3944019104210525,0.18795032445553106,nan,nan,0.38342735171318054,1.2860233783721924,25614.984375,warmstart,0.38342735171318054,-0.9025960266590118,0.5964912280701755,10,9,25,1.3992283344268799
1342,van_rossum,superspike,2.8967660030215385,polyak,0.00015489408539461394,True,,0.5052967884511694,0.8566683550066461,nan,nan,nan,nan,29.624258403590964,0.8123756574128377,4.298863410949707,4.0068182945251465,6.816988468170166,training,4.0068182945251465,0.29204511642456055,-0.04166666666666662,9,9,2,2.904128074645996
1343,guarino,superspike,18.273958671292004,polyak,0.0002263293159422944,False,,0.8888766720879631,0.036641984075884704,0.4371507986360666,15.482027529850718,13.20726338025845,0.18437614202309147,nan,nan,0.6553431749343872,0.7657135128974915,63.03716278076172,warmstart,0.6553431749343872,-0.11037033796310425,-0.5625,9,9,25,1.4294068813323975
1344,guarino,superspike,3.910516175333619,polyak,0.00011305258179989388,False,,0.38094168741354284,0.9479442074063794,0.49655504472731027,16.41733333541762,2.0334476339346317,0.21858951316311853,nan,nan,0.3089185655117035,0.419198602437973,0.4207206070423126,warmstart,0.3089185655117035,-0.11028003692626953,0.47916666666666674,9,9,25,1.3874659538269043
1345,guarino,superspike,0.7096317710751557,polyak,0.01825597948641684,False,,0.10904023223995118,0.10312235713505202,0.485132621852966,5.617037135415757,19.36523237929021,0.20434787390937117,nan,nan,0.6159889698028564,0.5945936441421509,0.9835684299468994,training,0.5945936441421509,0.021395325660705566,-0.5625,9,9,25,1.3999857902526855
1346,guarino,superspike,6.520527579878768,polyak,0.0010094026596224467,True,,0.368243502923425,0.4745906150899969,0.40498207599988156,2.549320745701265,19.900588555969215,0.25792876315768065,nan,nan,0.4267303943634033,0.5832595825195312,7601.54638671875,warmstart,0.4267303943634033,-0.15652918815612793,-0.38888888888888884,9,9,25,1.451192855834961
1347,guarino,superspike,9.678076706028671,polyak,0.00015779569895086278,True,,1.4470337699728684,0.496659924663433,0.076950821022351,16.878426293608953,5.317370424645034,0.2636261258427075,nan,nan,0.48658594489097595,0.6589775681495667,0.6589775681495667,warmstart,0.48658594489097595,-0.1723916232585907,-0.5625,9,9,1,1.4055979251861572
1348,van_rossum,superspike,4.64551680159702,polyak,6.501497276532303e-05,True,,0.9794963617823569,0.33314118350081323,nan,nan,nan,nan,3.7514932555569365,0.4199881609405217,5.215807914733887,5.0503153800964355,15.841943740844727,training,5.0503153800964355,0.16549253463745117,0.8263888888888888,9,9,25,1.2623836994171143
1349,guarino,superspike,1.0271539713084468,polyak,0.07289995211164331,False,,0.7262495799600948,0.8046021356275161,0.39777134207613724,4.595128044420568,14.44800379417753,0.186686582593755,nan,nan,0.5996060371398926,0.3608918786048889,0.8687458634376526,training,0.3608918786048889,0.23871415853500366,1.0,9,9,25,1.404871940612793
1350,van_rossum,superspike,8.960279678789949,polyak,0.00014407711305553436,True,,0.08112466898717624,0.5746444629894164,nan,nan,nan,nan,1.1445549347676613,0.7141897742187122,8.696697235107422,8.479007720947266,8.479007720947266,training,8.479007720947266,0.21768951416015625,0.0,0,9,25,1.1109850406646729
1351,van_rossum,superspike,0.6788285350576017,polyak,0.00915689467729888,False,,0.8675822377738625,0.1692570870704544,nan,nan,nan,nan,2.253613129350274,0.23325425070783934,5.139527320861816,6.252536296844482,6.667062759399414,warmstart,5.139527320861816,-1.113008975982666,-0.14229249011857706,2,9,25,1.094689130783081
1352,van_rossum,superspike,2.8205538777673653,polyak,2.6865134374830014e-05,False,,0.8874483405278373,0.9983404178844073,nan,nan,nan,nan,1.9600149999069492,0.9566838473593954,10.152427673339844,11.059676170349121,11.059991836547852,warmstart,10.152427673339844,-0.9072484970092773,0.8858131487889275,8,9,25,1.1070470809936523
1353,guarino,superspike,7.711603517544784,polyak,0.003272610715065273,False,,0.43738555702297677,0.21610680037251984,0.23232895285948268,4.768713488950897,6.221763238887716,0.08880904057285381,nan,nan,0.7895618677139282,0.6372694969177246,1673.5811767578125,training,0.6372694969177246,0.1522923707962036,0.0,0,9,25,1.4141099452972412
1354,guarino,superspike,1.5143142645519303,polyak,0.00014105206316177883,True,,0.8323058798867814,0.8540321793221162,0.2555642156273588,5.727944815955172,11.751634560711732,0.1448827650077189,nan,nan,0.9548311233520508,0.8869916200637817,0.8869916200637817,training,0.8869916200637817,0.06783950328826904,0.020761245674740504,8,9,25,1.5426640510559082
1355,van_rossum,superspike,15.204949148742829,polyak,7.277854983819543e-05,True,,0.22838378251735486,0.8197843494123475,nan,nan,nan,nan,6.8012516190460754,0.3380465706592457,3.843409538269043,3.8527286052703857,3.9791603088378906,warmstart,3.843409538269043,-0.009319067001342773,0.8263888888888888,9,9,25,1.5319948196411133
1356,van_rossum,superspike,6.998879857986331,polyak,0.019401015298207442,True,,0.15185057185337908,0.0019887414501447154,nan,nan,nan,nan,1.2187384894127418,0.7067932591488119,7.843339920043945,8.28353500366211,8.28353500366211,warmstart,7.843339920043945,-0.44019508361816406,0.0,0,9,25,1.1094236373901367
1357,guarino,superspike,8.412336090260952,polyak,0.018848441937536816,True,,1.2947725099196687,0.3711825833199045,0.360641751450597,6.013124144098178,9.482362772856915,0.07274765074668546,nan,nan,0.690434992313385,0.4457072615623474,28.66963768005371,training,0.4457072615623474,0.2447277307510376,0.0,0,9,25,1.4685111045837402
1358,van_rossum,superspike,2.292915856442871,polyak,0.00013344074572536687,False,,0.861300045186902,0.9085171828510621,nan,nan,nan,nan,7.243326010759376,0.6755326599028617,5.273623466491699,5.690204620361328,5.748281955718994,warmstart,5.273623466491699,-0.4165811538696289,0.8858131487889275,8,9,25,1.5208051204681396
1359,guarino,superspike,2.690013432697521,polyak,6.875340053407348e-05,True,,1.4048993588023624,0.3029953242620417,0.37912396349750727,1.80069163337504,3.4379652417954603,0.09344337489146945,nan,nan,1.1056057214736938,1.1664470434188843,106382.3046875,warmstart,1.1056057214736938,-0.06084132194519043,-0.5625,9,9,25,1.4393715858459473
1360,guarino,superspike,1.437481175639278,polyak,4.4505326126440715e-05,True,,1.3297286237055723,0.5694439375014824,0.14541942637442212,8.853252010713272,2.274738365578931,0.14261283498071226,nan,nan,0.8323703408241272,0.8208034634590149,71916.765625,training,0.8208034634590149,0.011566877365112305,-1.0,719,9,2,1.4151408672332764
1361,van_rossum,superspike,8.563239516380479,polyak,0.00013174711851919466,False,,0.007593250197711732,0.07255113044952544,nan,nan,nan,nan,11.497636946443468,0.19254957438795972,2.2891082763671875,1.7156704664230347,231.03697204589844,training,1.7156704664230347,0.5734378099441528,0.0,0,9,25,1.969635009765625
1362,guarino,superspike,1.6918402640708876,polyak,0.0222261463166361,True,,0.5313816390084665,0.0069868412000030355,0.3245026549266562,5.591703346000714,3.3632447378770265,0.07750734300144421,nan,nan,0.6178443431854248,0.953216552734375,166.31105041503906,warmstart,0.6178443431854248,-0.3353722095489502,0.020761245674740504,8,9,25,1.4531631469726562
1363,guarino,superspike,2.0701055707142633,polyak,8.894017034723828e-05,True,,0.9889000482379655,0.31843945508659643,0.06090373243020392,14.982248454029431,12.715348497585216,0.06569963568040822,nan,nan,0.9946795105934143,0.7128958106040955,15.845015525817871,training,0.7128958106040955,0.28178369998931885,0.0,0,9,25,1.446925163269043
1364,van_rossum,superspike,1.4093350424143603,polyak,0.00032134379705329536,False,,1.2014236411158412,0.12095887438997588,nan,nan,nan,nan,2.2458924644658507,0.2282455124781988,5.638462543487549,6.109160900115967,339003.1875,warmstart,5.638462543487549,-0.47069835662841797,0.47916666666666674,9,9,25,1.1141667366027832
1365,van_rossum,superspike,1.0860293392265228,polyak,0.04084211537139976,True,,0.9634453550136657,0.12096930976784204,nan,nan,nan,nan,2.6998646620240154,0.7006085943555602,7.964888572692871,8.018229484558105,8.018229484558105,warmstart,7.964888572692871,-0.053340911865234375,0.0,0,9,1,1.120973825454712
1366,guarino,superspike,1.9737000921387307,polyak,0.0002062418649160654,True,,1.169131915109668,0.011546399496328519,0.12748645392746175,2.3635490559678747,10.72999676717401,0.18842130039857882,nan,nan,1.0269988775253296,1.0707391500473022,2417373.75,warmstart,1.0269988775253296,-0.043740272521972656,0.8858131487889275,8,9,25,1.4227631092071533
1367,van_rossum,superspike,6.627397536319018,polyak,0.0001528894543336756,True,,0.12029880323002778,0.3489059373979838,nan,nan,nan,nan,4.745786154658903,0.9041816563874451,9.725893020629883,9.084245681762695,31.71283531188965,training,9.084245681762695,0.6416473388671875,0.0,0,9,25,1.3809270858764648
1368,guarino,superspike,0.9716823790717519,polyak,0.006384453632987978,True,,0.2757840558651254,0.6000135548873039,0.15693106290315037,11.292263180912185,12.402999513767865,0.185556097532143,nan,nan,0.6959928274154663,0.7400148510932922,2.2491772174835205,warmstart,0.6959928274154663,-0.04402202367782593,-0.21527777777777773,9,9,18,1.4297170639038086
1369,guarino,superspike,2.0825537801853993,polyak,0.07402619494338793,True,,0.13230886987697216,0.7008864614379614,0.13736227967554246,6.436856891553775,8.190417768448194,0.23286763209251976,nan,nan,0.2903590202331543,0.6409350633621216,1.2570490837097168,warmstart,0.2903590202331543,-0.3505760431289673,-0.38888888888888884,9,9,25,1.9554200172424316
1370,guarino,superspike,18.48374263378943,polyak,5.567856343394273e-05,True,,0.5622838377852825,0.867598946146116,0.34249124618511867,18.813507128304956,13.00266698421784,0.09107099041224521,nan,nan,0.5415588617324829,0.5795137286186218,0.5795247554779053,warmstart,0.5415588617324829,-0.037954866886138916,0.19377162629757788,8,9,25,1.4742100238800049
1371,guarino,superspike,19.74546445100033,polyak,0.08110022609804066,False,,1.4326283735457548,0.35615544760644247,0.4324974458336089,13.062494999061371,14.624256168653622,0.21546087972127284,nan,nan,0.7907640337944031,1.1241899728775024,1844.9078369140625,warmstart,0.7907640337944031,-0.33342593908309937,-0.5625,9,9,25,1.4023218154907227
1372,van_rossum,superspike,7.956518738519473,polyak,0.040663457196053486,True,,0.41202435720709185,0.056069452386442564,nan,nan,nan,nan,7.280802316132625,0.8753404653767924,8.601762771606445,8.608933448791504,938273.8125,warmstart,8.601762771606445,-0.007170677185058594,-0.5625,9,9,25,2.422494888305664
1373,van_rossum,superspike,2.102586285049784,polyak,0.0021211175077607883,False,,0.3601822691471495,0.10187980276873587,nan,nan,nan,nan,17.601475104158983,0.952468966332923,1.7835944890975952,4.691455841064453,124921313230848.0,warmstart,1.7835944890975952,-2.907861351966858,1.0,9,9,25,2.645972967147827
1374,guarino,superspike,1.6360579705162634,polyak,2.4552038666265297e-05,False,,0.4635409534239776,0.6475701194161629,0.18008669997521184,3.7183702304656703,11.351151835489794,0.22596818117594492,nan,nan,0.624423086643219,0.808057427406311,0.8120077252388,warmstart,0.624423086643219,-0.18363434076309204,-0.5625,9,9,25,1.4218108654022217
1375,guarino,superspike,1.4575466781044435,polyak,0.00019022195017056505,False,,1.4263390549564692,0.20887534235284289,0.2936997099532822,19.833144027190187,12.757096654832504,0.06267321710345448,nan,nan,0.9455503821372986,0.9415601491928101,0.9416050314903259,training,0.9415601491928101,0.003990232944488525,-0.49826989619377166,8,9,25,1.4196250438690186
1376,van_rossum,superspike,10.290235927706908,polyak,1.3953529219000776e-05,False,,1.3937359768781845,0.042193526785013535,nan,nan,nan,nan,39.31434485025677,0.07369127583149615,0.543145477771759,1.023550033569336,1.023550033569336,warmstart,0.543145477771759,-0.4804045557975769,-0.5625,9,9,25,4.980739116668701
1377,van_rossum,superspike,5.137027088562981,polyak,0.07454690425030791,True,,0.78074370996876,0.09180062428923552,nan,nan,nan,nan,1.6889211980462409,0.7203508793400153,9.174269676208496,8.716585159301758,25.096763610839844,training,8.716585159301758,0.4576845169067383,0.0,0,9,25,1.2622058391571045
1378,guarino,superspike,0.7723222472638689,polyak,0.0002230010293797078,True,,0.07283806874838877,0.6530605081114493,0.35273267099468003,2.0924381564043535,7.374878884676489,0.27085151008110375,nan,nan,0.6935354471206665,0.6999789476394653,0.6999789476394653,warmstart,0.6935354471206665,-0.006443500518798828,0.36678200692041524,8,9,25,1.5031030178070068
1379,guarino,superspike,1.0935757823540138,polyak,1.3318157390932158e-05,True,,1.041347161747996,0.17765165284213735,0.4883857733489573,19.160147229679374,5.267358293569432,0.19410292591281314,nan,nan,0.6895235180854797,0.863409161567688,0.863409161567688,warmstart,0.6895235180854797,-0.17388564348220825,-0.1522491349480969,8,9,25,1.5162909030914307
1380,guarino,superspike,8.177431195493956,polyak,4.566902650912998e-05,True,,0.5408314694827737,0.7089314735864196,0.1954962694661956,14.490625738718087,7.387015774479485,0.053318836305362535,nan,nan,0.5524131059646606,0.6558171510696411,1.2159528732299805,warmstart,0.5524131059646606,-0.10340404510498047,0.5397923875432526,8,9,25,3.310529947280884
1381,van_rossum,superspike,4.16413023264482,polyak,0.0005514255206317317,False,,0.07651458253719268,0.666719676683535,nan,nan,nan,nan,2.2247919095919366,0.8601489603918417,8.594679832458496,9.265588760375977,9.265588760375977,warmstart,8.594679832458496,-0.6709089279174805,0.0,0,9,25,1.8471338748931885
1382,guarino,superspike,0.5815915811475079,polyak,9.542842117225288e-05,True,,0.8966111225753468,0.4151944533252637,0.33690029294598933,12.141682329636929,15.97179989009068,0.021270876042223785,nan,nan,0.3631313145160675,0.7471528053283691,12.065141677856445,warmstart,0.3631313145160675,-0.38402149081230164,-0.2807017543859649,10,9,25,4.568820953369141
1383,guarino,superspike,2.1784162964219593,polyak,0.007221368506983335,False,,1.320423783246748,0.8547707016974011,0.1585489283448393,1.3351358516435488,17.234944624371483,0.09873625923150987,nan,nan,0.9553295373916626,0.9516088962554932,0.9516088962554932,training,0.9516088962554932,0.0037206411361694336,0.24561403508771928,10,9,25,5.263925075531006
1384,guarino,superspike,1.3517087687769493,polyak,0.0077295819138614615,True,,0.692962664506607,0.40377272323910185,0.2117843906612761,3.7660383410697373,7.320041570135323,0.2637754591882446,nan,nan,0.3868563175201416,0.6672254800796509,1.1714370250701904,warmstart,0.3868563175201416,-0.2803691625595093,-0.38888888888888884,9,9,25,2.139672040939331
1385,guarino,superspike,0.8414420900049995,polyak,0.00326221438650561,False,,0.9667531455269857,0.8205832029295308,0.08459172994439527,17.04538833847787,1.714121770734386,0.2696478555866439,nan,nan,0.7246107459068298,0.6733428835868835,0.6733428835868835,training,0.6733428835868835,0.05126786231994629,-0.21527777777777773,9,9,25,1.8485181331634521
1386,van_rossum,superspike,2.648207825798028,polyak,0.003115519289287659,False,,0.7222077340507935,0.6771303258145621,nan,nan,nan,nan,5.805790885279793,0.042563803110388654,2.1382713317871094,2.341620922088623,2.970994472503662,warmstart,2.1382713317871094,-0.20334959030151367,0.19377162629757788,8,9,25,2.158921003341675
1387,guarino,superspike,5.435318137169371,polyak,1.472956199343015e-05,True,,1.0751275459800278,0.6351681628467243,0.35607307802929494,5.388437735779169,19.712890667922576,0.16751254864747367,nan,nan,0.8168690800666809,0.9149429798126221,0.9149523377418518,warmstart,0.8168690800666809,-0.09807389974594116,0.020761245674740504,8,9,25,2.504079818725586
1388,guarino,superspike,0.5306889878613815,polyak,5.021377089292191e-05,False,,0.07539850066449577,0.8470145692491788,0.1803972052839952,3.2405301011127903,7.729274940350232,0.02318679484990881,nan,nan,0.599731981754303,1.586253046989441,1.586295247077942,warmstart,0.599731981754303,-0.9865210652351379,-0.09027777777777786,7,9,25,2.1245739459991455
1389,van_rossum,superspike,6.286722044186381,polyak,1.101753003309506e-05,True,,0.5519451306564787,0.3532731215429955,nan,nan,nan,nan,4.9066506553915605,0.685282805308934,7.618045806884766,7.098038196563721,24.805315017700195,training,7.098038196563721,0.5200076103210449,0.9473684210526316,10,9,25,1.778555154800415
1390,guarino,superspike,17.311600436961633,polyak,0.005471570637118471,False,,1.1342273022409854,0.9477511814027457,0.1575206446174993,11.778528424153077,1.7737902853966818,0.03022760638670826,nan,nan,0.5734320878982544,0.6005527973175049,0.6054232716560364,warmstart,0.5734320878982544,-0.02712070941925049,0.30555555555555564,9,9,25,1.942746877670288
1391,guarino,superspike,0.6111431307091324,polyak,0.0021990468968701446,True,,0.40563784189414837,0.006547858602826584,0.30560465716403057,16.53452609976338,2.302352680544191,0.22094233721814227,nan,nan,0.16303633153438568,0.760406494140625,1.0824695825576782,warmstart,0.16303633153438568,-0.5973701626062393,-0.5625,9,9,25,1.9165291786193848
1392,guarino,superspike,11.314543970546891,polyak,0.008110428724281088,True,,1.2440399743500126,0.12432848098294058,0.3924119997861538,7.232647576698429,17.482401075897275,0.11106943979605775,nan,nan,0.585448145866394,0.5593316555023193,1425447.125,training,0.5593316555023193,0.026116490364074707,-1.0,88,9,25,2.635828971862793
1393,guarino,superspike,3.9985609601949097,polyak,0.0003477402927398039,True,,1.443831349680633,0.659861960700514,0.2378133026971699,11.304916350423474,18.34370315222724,0.20189677399866388,nan,nan,0.3901756703853607,0.438433438539505,849.7634887695312,warmstart,0.3901756703853607,-0.04825776815414429,-0.5625,9,9,25,2.0415029525756836
1394,van_rossum,superspike,0.7686953899954763,polyak,0.02087027685743623,True,,0.164904784152055,0.4783969532827629,nan,nan,nan,nan,14.44054573210043,0.4842491115117492,4.773957252502441,4.7206950187683105,4.793571472167969,training,4.7206950187683105,0.05326223373413086,0.5397923875432526,8,9,7,2.5970702171325684
1395,guarino,superspike,0.644378234669514,polyak,0.0014119458483755581,True,,0.4487398614241002,0.14075113813593232,0.4603285373729536,17.411243630177722,12.750250166535064,0.23598214611122284,nan,nan,0.3566410541534424,0.793574333190918,1.4595400094985962,warmstart,0.3566410541534424,-0.4369332790374756,-0.5625,9,9,25,1.917212963104248
1396,van_rossum,superspike,14.732330588959565,polyak,0.010344297946323583,False,,0.6027465200960971,0.9874918893490658,nan,nan,nan,nan,16.831062753670153,0.8254410818356916,6.500820159912109,6.488734245300293,6.6222734451293945,training,6.488734245300293,0.012085914611816406,0.14736842105263157,6,9,25,3.329918146133423
1397,van_rossum,superspike,8.857192585696973,polyak,0.015035966121278978,False,,0.6097923091895863,0.11505489070306096,nan,nan,nan,nan,25.772116241255258,0.6460064758246586,5.169952392578125,5.069902420043945,72.58051300048828,training,5.069902420043945,0.10004997253417969,0.0,0,9,25,3.9577841758728027
1398,guarino,superspike,9.866527336013009,polyak,4.5500901720412614e-05,True,,0.1521007486899023,0.630650799675364,0.3770536225725017,2.0080723470698905,4.818303672758587,0.16118039307674212,nan,nan,0.6459577083587646,0.6989366412162781,5.306108474731445,warmstart,0.6459577083587646,-0.05297893285751343,0.1319444444444445,9,9,25,1.9868102073669434
1399,guarino,superspike,0.783057197318028,polyak,0.010080080380815086,False,,0.2980875641048478,0.9330276943220671,0.4043922432974259,3.172929135647113,6.11018974297364,0.25483244475788874,nan,nan,0.762554943561554,1.4805233478546143,1.5023667812347412,warmstart,0.762554943561554,-0.7179684042930603,0.020761245674740504,8,9,25,1.9925410747528076
1400,guarino,superspike,6.887325959562011,polyak,1.0196973544746269e-05,True,,0.3029143992759069,0.7785736765535612,0.10676638067662471,7.201199213232408,4.493900631030137,0.033436360623193793,nan,nan,0.5400102138519287,0.5503265857696533,0.5529683232307434,warmstart,0.5400102138519287,-0.01031637191772461,-0.04166666666666662,9,9,25,1.8359465599060059
1401,guarino,superspike,10.823294066875865,polyak,0.015510953249577405,True,,0.5979952262430877,0.8225481897504123,0.3334919018049616,8.19498774072896,2.5327291536529506,0.020045673803621288,nan,nan,0.8172782063484192,0.7456136345863342,6.952001094818115,training,0.7456136345863342,0.07166457176208496,-0.1522491349480969,8,9,25,1.7955498695373535
1402,van_rossum,superspike,3.1460831899744677,polyak,0.06587893312709717,True,,1.0705397734819506,0.593654522119076,nan,nan,nan,nan,2.2697586882302563,0.24444395187078982,5.030001640319824,8.88068675994873,320677.375,warmstart,5.030001640319824,-3.8506851196289062,-0.49826989619377166,8,9,2,1.4175457954406738
1403,van_rossum,superspike,2.3418050291836723,polyak,0.035992395355799386,True,,0.7861870086177787,0.16019563265439307,nan,nan,nan,nan,2.88718818435164,0.8671667768190277,8.306859016418457,9.550124168395996,9.550124168395996,warmstart,8.306859016418457,-1.243265151977539,-0.08058608058608058,4,9,1,1.4224770069122314
1404,van_rossum,superspike,9.86247217455462,polyak,2.3193415680663965e-05,True,,0.33691675429554213,0.4130393168089177,nan,nan,nan,nan,2.676169899465956,0.10893814669799529,4.194513320922852,5.299205780029297,5.361149787902832,warmstart,4.194513320922852,-1.1046924591064453,0.1319444444444445,9,9,25,1.5249700546264648
1405,van_rossum,superspike,13.331619729608253,polyak,9.570586023643808e-05,False,,1.3376366701913929,0.6068823046039395,nan,nan,nan,nan,46.632724209347614,0.2461758223928069,1.6832300424575806,1.6722584962844849,1.6795244216918945,training,1.6722584962844849,0.010971546173095703,0.7128027681660901,8,9,25,5.3434813022613525
1406,van_rossum,superspike,0.9844107308894244,polyak,0.0761383913643294,False,,0.42210621309322505,0.8170473004522645,nan,nan,nan,nan,1.078905558474525,0.3218150610982008,6.5812273025512695,6.611357688903809,8.699543952941895,warmstart,6.5812273025512695,-0.030130386352539062,0.0,0,9,25,1.3495240211486816
1407,van_rossum,superspike,2.225720806774094,polyak,0.004280407133043464,False,,0.33026609680029495,0.4599807581599239,nan,nan,nan,nan,14.030238857954663,0.29324791112659143,2.5086684226989746,3.3491783142089844,424998.15625,warmstart,2.5086684226989746,-0.8405098915100098,0.30555555555555564,9,9,25,2.708791732788086
1408,van_rossum,superspike,11.61321906104637,polyak,0.0009070080354745384,False,,1.4030159847143273,0.9555423961141153,nan,nan,nan,nan,1.1276828029545165,0.38448097576889695,6.217522144317627,6.477475643157959,6.723332405090332,warmstart,6.217522144317627,-0.25995349884033203,0.28571428571428575,4,9,25,1.8928601741790771
1409,van_rossum,superspike,0.5189525448927704,polyak,0.07767283048020324,True,,0.8054258065790433,0.24636980928343966,nan,nan,nan,nan,10.72112065156222,0.03702659170039768,1.321412444114685,1.259354591369629,9.343838691711426,training,1.259354591369629,0.06205785274505615,-0.14285714285714288,5,9,4,2.1175689697265625
1410,guarino,superspike,0.526541489093077,polyak,2.6796807292530597e-05,False,,0.68821272660555,0.9412947788679003,0.16194101334509353,14.268055672750625,16.70532101892578,0.272035585254828,nan,nan,0.8754886388778687,0.8854612112045288,0.885471761226654,warmstart,0.8754886388778687,-0.009972572326660156,-0.5625,9,9,25,1.8014428615570068
1411,van_rossum,superspike,5.4985633493414445,polyak,0.015756672754563536,False,,0.9260211645356724,0.03673510800846924,nan,nan,nan,nan,3.205267968030565,0.8780197449615861,9.705077171325684,9.578064918518066,9.578064918518066,training,9.578064918518066,0.1270122528076172,0.0,0,9,25,2.593100070953369
1412,guarino,superspike,0.5435319528041942,polyak,0.03321683526228893,False,,1.1795352697242292,0.4491608307164643,0.29580821921308376,4.8819283255470385,8.829920706881502,0.04895862810343615,nan,nan,0.5410182476043701,0.5723545551300049,0.9125902652740479,warmstart,0.5410182476043701,-0.031336307525634766,-0.21527777777777773,9,9,25,1.8269531726837158
1413,guarino,superspike,0.8964654856145118,polyak,0.00594710571463881,True,,1.1446133461700159,0.7784376086460458,0.4378399460121949,15.756628364856383,11.802891795727144,0.21428288683800073,nan,nan,0.5693641304969788,0.8571802973747253,1.7724307775497437,warmstart,0.5693641304969788,-0.2878161668777466,-0.5625,9,9,25,1.9088749885559082
1414,van_rossum,superspike,7.551279595149361,polyak,0.07480205936152269,False,,0.46372466654997063,0.9124654181083803,nan,nan,nan,nan,25.356564094500364,0.7441094652712344,5.958113193511963,5.13077974319458,5.2969889640808105,training,5.13077974319458,0.8273334503173828,-0.5625,9,9,25,3.9567081928253174
1415,guarino,superspike,2.016333771604225,polyak,0.016322257835893677,False,,1.4627275763595637,0.20652587096001496,0.3071442928891791,11.939215008982693,4.344903346551401,0.17448846083083175,nan,nan,0.7072473764419556,0.8274322748184204,1.0935101509094238,warmstart,0.7072473764419556,-0.12018489837646484,0.36678200692041524,8,9,25,1.7689290046691895
1416,van_rossum,superspike,1.3064622691454175,polyak,0.0766428175399526,False,,0.11374359918171573,0.11708590720412604,nan,nan,nan,nan,45.97911691510602,0.77689477419072,3.738558292388916,5.884482383728027,5.884482383728027,warmstart,3.738558292388916,-2.1459240913391113,-0.5625,9,9,25,5.282599925994873
1417,guarino,superspike,4.969588307457978,polyak,0.0001497067013297289,True,,0.4252771301393104,0.15157581218450333,0.48220138040194316,19.330763232835682,14.015452738702063,0.2785157107788813,nan,nan,0.7825794219970703,1.441291093826294,32.99484634399414,warmstart,0.7825794219970703,-0.6587116718292236,0.24561403508771928,10,9,25,1.7860260009765625
1418,guarino,superspike,2.1036709642512146,polyak,0.09468359703684655,False,,0.8839724427225526,0.29619592969795183,0.2250474170187933,7.1287111860420636,9.504370170578254,0.13334599007749065,nan,nan,0.7981244921684265,0.774979829788208,1965404.875,training,0.774979829788208,0.023144662380218506,-1.0,4000,9,25,1.763390064239502
1419,van_rossum,superspike,9.245508399012218,polyak,2.758128955641198e-05,True,,0.9068809064672345,0.4811892428350897,nan,nan,nan,nan,15.315980059594638,0.9972631580895212,8.502775192260742,8.028264999389648,8.028264999389648,training,8.028264999389648,0.47451019287109375,-0.04166666666666662,9,9,25,2.904585123062134
1420,guarino,superspike,7.696518035045929,polyak,0.0044940520961542,False,,0.4956355026189947,0.9889893611000494,0.4229502722020302,11.251177065836442,19.819697788776526,0.24902719311848398,nan,nan,1.2225515842437744,1.2491662502288818,1.2491662502288818,warmstart,1.2225515842437744,-0.026614665985107422,0.7719298245614036,10,9,25,1.7411069869995117
1421,guarino,superspike,2.9301347947194976,polyak,0.014163727011119811,True,,0.04065735888141275,0.30324322190664277,0.3569674751163329,2.634179133631749,8.143331365095722,0.039939250500250635,nan,nan,0.20897385478019714,0.9648646116256714,0.9648646116256714,warmstart,0.20897385478019714,-0.7558907568454742,-0.5625,9,9,1,1.7849621772766113
1422,van_rossum,superspike,0.5872322598535652,polyak,1.3550974099585283e-05,True,,0.6471694034206599,0.3650954832245593,nan,nan,nan,nan,8.419611023674916,0.9934846172902484,7.762828350067139,7.759876728057861,7.767160415649414,training,7.759876728057861,0.0029516220092773438,0.24561403508771928,10,9,25,2.1077818870544434
1423,van_rossum,superspike,15.59174975172355,polyak,1.0065029990234116e-05,True,,0.7465380294855581,0.6067643692415541,nan,nan,nan,nan,5.816141911331379,0.26091862935232357,3.1757895946502686,3.020641565322876,3.02079439163208,training,3.020641565322876,0.15514802932739258,0.7128027681660901,8,9,25,1.775935173034668
1424,van_rossum,superspike,1.1724844925603455,polyak,0.0009814831623409328,False,,1.404362320741802,0.8760626716299819,nan,nan,nan,nan,6.936826310058757,0.3487624658260249,2.7593014240264893,1.7001203298568726,1.701220989227295,training,1.7001203298568726,1.0591810941696167,1.0,9,9,25,1.8283751010894775
1425,van_rossum,superspike,7.843027084757009,polyak,0.06208512994033812,True,,0.8024241274699412,0.32195191908664933,nan,nan,nan,nan,35.0149395062032,0.2877333831660933,2.879840850830078,2.363213539123535,5680.98779296875,training,2.363213539123535,0.516627311706543,-1.0,180,9,25,4.5588929653167725
1426,guarino,superspike,4.972165732414613,polyak,0.001362743525659208,True,,1.180323885697759,0.06374420255455882,0.414228755905673,15.409211278844715,11.061288995994136,0.0068960927239200215,nan,nan,0.5915583968162537,1.2061704397201538,12.091753005981445,warmstart,0.5915583968162537,-0.6146120429039001,0.19377162629757788,8,9,25,1.805354118347168
1427,van_rossum,superspike,1.6498522833898281,polyak,2.3883568438283838e-05,True,,0.4935240118558664,0.32559283698175656,nan,nan,nan,nan,5.923079293059088,0.24273402173534864,3.112379789352417,4.751950263977051,4.751950263977051,warmstart,3.112379789352417,-1.6395704746246338,-0.32525951557093424,8,9,1,1.6129729747772217
1428,van_rossum,superspike,0.5300979086477423,polyak,0.09452692744013794,True,,0.016264623099174758,0.5314859251023113,nan,nan,nan,nan,13.68049375563171,0.9141463079551363,8.770663261413574,7.748312950134277,7.902124404907227,training,7.748312950134277,1.0223503112792969,-0.5625,9,9,25,2.6459717750549316
1429,van_rossum,superspike,0.6463894828781572,polyak,0.00021953805082866942,False,,0.4851666195984418,0.6218553018155858,nan,nan,nan,nan,7.643083583565773,0.9366240133227147,7.241831302642822,11.168133735656738,11.168133735656738,warmstart,7.241831302642822,-3.926302433013916,-0.49826989619377166,8,9,25,1.8824262619018555
1430,guarino,superspike,15.73157587895026,polyak,0.004833952940353034,False,,1.393647579622705,0.9721861087879932,0.2961536027464377,12.58788995939494,13.470933652350263,0.2517507008639556,nan,nan,0.4793051481246948,0.3712913393974304,0.3715127408504486,training,0.3712913393974304,0.1080138087272644,0.47916666666666674,9,9,25,1.7477777004241943
1431,guarino,superspike,6.34686421062289,polyak,0.012753105292320205,False,,0.6110142502890664,0.769856380293839,0.4965061685658399,1.2212065727288124,6.0313563213929635,0.13945457457114208,nan,nan,1.41729736328125,1.3902519941329956,2.6980810165405273,training,1.3902519941329956,0.027045369148254395,0.020761245674740504,8,9,25,2.2013587951660156
1432,van_rossum,superspike,2.9107127355517903,polyak,0.015569612825606578,True,,0.43076125829370315,0.8301882530718321,nan,nan,nan,nan,25.086557219218257,0.2677021214430233,2.6809215545654297,2.726639747619629,2.726639747619629,warmstart,2.6809215545654297,-0.04571819305419922,-0.32525951557093424,8,9,22,3.9484140872955322
1433,van_rossum,superspike,0.9665384808854622,polyak,3.900595254609622e-05,True,,1.4971639077518577,0.15991327659359522,nan,nan,nan,nan,2.104799621720536,0.6947865854074224,7.443544387817383,8.421932220458984,8.503483772277832,warmstart,7.443544387817383,-0.9783878326416016,0.0,0,9,25,1.4797039031982422
1434,guarino,superspike,13.801541512219915,polyak,0.0016275218372548167,False,,0.3695104022373221,0.08835851620074231,0.09820350209217922,18.049255679130372,5.755866484429907,0.27210159048352284,nan,nan,0.8839172720909119,0.8657280206680298,450.29034423828125,training,0.8657280206680298,0.01818925142288208,-1.0,51,9,25,1.7493672370910645
1435,guarino,superspike,1.3152238387884685,polyak,0.0160324257424254,True,,1.1514780873880306,0.8898928207528701,0.3019497408668422,15.812612078940656,7.539540241299056,0.2355642206988046,nan,nan,0.6789791584014893,0.5162464380264282,1.2987614870071411,training,0.5162464380264282,0.16273272037506104,-0.21527777777777773,9,9,25,1.7789149284362793
1436,van_rossum,superspike,1.6913571508869634,polyak,0.08225135701172885,False,,0.5881656870220604,0.679406267436745,nan,nan,nan,nan,9.19350762302906,0.8898052718095136,8.711318016052246,8.201523780822754,8.201523780822754,training,8.201523780822754,0.5097942352294922,-1.0,26,9,1,1.8978800773620605
1437,guarino,superspike,0.6349070728876248,polyak,0.0974056954310252,True,,1.121289231462489,0.20102583525334594,0.4948367871152616,12.985053376354404,19.35543331947859,0.012773672187560824,nan,nan,0.6075160503387451,0.7461327910423279,0.7461327910423279,warmstart,0.6075160503387451,-0.13861674070358276,0.8858131487889275,8,9,1,1.8616409301757812
1438,van_rossum,superspike,9.55171699367896,polyak,0.04945965878847164,True,,1.0125188018966138,0.8773712706666522,nan,nan,nan,nan,7.26865909705427,0.12415863494219215,2.1328561305999756,1.8017547130584717,33.15343475341797,training,1.8017547130584717,0.3311014175415039,0.3076923076923076,12,9,6,1.8517107963562012
1439,guarino,superspike,15.32172597227677,polyak,0.0003012775544994649,False,,0.24979255126586863,0.4945154704089172,0.0859383470080116,14.649838336253469,16.106821250659003,0.16484049980859344,nan,nan,0.5672327280044556,0.43329882621765137,24.16221809387207,training,0.43329882621765137,0.1339339017868042,0.0,0,9,25,2.024305820465088
1440,guarino,superspike,6.25743213821801,polyak,0.004644519008150053,False,,0.9080522049175705,0.15783256689898395,0.17866188322570523,8.179370904370433,16.663941808700194,0.2046668510290399,nan,nan,0.6391464471817017,1.160391926765442,27.534366607666016,warmstart,0.6391464471817017,-0.5212454795837402,0.07017543859649122,10,9,16,1.7724769115447998
1441,guarino,superspike,1.6247657674019762,polyak,0.01415535504375037,False,,0.16713377562288279,0.12426401919151742,0.17141976106539852,4.84193562290485,1.2652612129982836,0.08295069407530638,nan,nan,0.7072542905807495,1.773180603981018,1.9566019773483276,warmstart,0.7072542905807495,-1.0659263134002686,-0.04166666666666662,9,9,25,1.7871549129486084
1442,guarino,superspike,13.669845274324764,polyak,0.05148456513894533,False,,1.0695918870399699,0.21569424774023638,0.26325434654305174,6.8030401737742014,16.167271913087585,0.008752232746110965,nan,nan,0.8579453825950623,0.5147561430931091,126952.984375,training,0.5147561430931091,0.3431892395019531,0.10256410256410257,4,9,25,1.8433687686920166
1443,van_rossum,superspike,1.2303130175900998,polyak,1.4946878787133482e-05,True,,0.7384600224352955,0.6187302242491833,nan,nan,nan,nan,6.759983113264216,0.61894020693306,6.895859241485596,6.023890972137451,6.0266594886779785,training,6.023890972137451,0.8719682693481445,0.24561403508771928,10,9,25,1.9331557750701904
1444,van_rossum,superspike,0.6113964074385528,polyak,0.01631683404093677,False,,1.297697626968413,0.24069475631502635,nan,nan,nan,nan,14.727166943932028,0.004950674062496829,1.1406159400939941,1.087848424911499,1.4971121549606323,training,1.087848424911499,0.05276751518249512,0.19377162629757788,8,9,25,2.968557119369507
1445,guarino,superspike,0.997285584763263,polyak,0.00044515932534318375,True,,0.007668769675560461,0.5751476946673746,0.22032164283521022,12.970038830299304,18.232502952195357,0.13226160348798002,nan,nan,0.7069693207740784,0.9798927307128906,1.0367428064346313,warmstart,0.7069693207740784,-0.27292340993881226,-0.5625,9,9,25,1.7947518825531006
1446,van_rossum,superspike,2.810475265517741,polyak,0.0040671203333783644,True,,0.2525124074821617,0.976808121180261,nan,nan,nan,nan,9.690449365746268,0.26166310810087956,2.700666666030884,2.283838987350464,2.5305285453796387,training,2.283838987350464,0.4168276786804199,0.8263888888888888,9,9,25,2.1845521926879883
1447,van_rossum,superspike,8.170571677136907,polyak,2.6306065793336137e-05,False,,1.4755533691070357,0.9162955287067758,nan,nan,nan,nan,42.037731647138685,0.06236406349639578,0.8244479894638062,0.8069260716438293,0.8078183531761169,training,0.8069260716438293,0.017521917819976807,0.6527777777777778,9,9,25,5.585005044937134
1448,guarino,superspike,1.459374872031956,polyak,0.0012508484742488977,True,,0.16866930841825217,0.7312027325564641,0.3282518995069596,12.413466840157769,9.319042707159777,0.08827324592819723,nan,nan,0.5705108046531677,0.7426921129226685,0.7568745017051697,warmstart,0.5705108046531677,-0.17218130826950073,0.19377162629757788,8,9,25,2.487452983856201
1449,van_rossum,superspike,0.7118420337880031,polyak,0.0027083217583930078,False,,1.1900280528294611,0.9973160121568533,nan,nan,nan,nan,18.388860843114355,0.8649288208049933,7.169292449951172,6.66384220123291,6.812835216522217,training,6.66384220123291,0.5054502487182617,0.36678200692041524,8,9,25,3.3839828968048096
1450,van_rossum,superspike,1.1106575942775705,polyak,0.033684923126592214,False,,0.21709797394608943,0.811348251802212,nan,nan,nan,nan,4.295651016259943,0.6635213755437992,7.175775051116943,7.4196391105651855,7.4196391105651855,warmstart,7.175775051116943,-0.2438640594482422,0.14736842105263157,6,9,1,1.5201902389526367
1451,van_rossum,superspike,9.2189430751795,polyak,0.009129183268145723,False,,0.433629960233892,0.9420410075640557,nan,nan,nan,nan,8.729556399214148,0.7544504012773732,5.863722324371338,5.865786552429199,5.893721103668213,warmstart,5.863722324371338,-0.002064228057861328,0.18571428571428572,11,9,25,3.0732202529907227
1452,guarino,superspike,11.553066232543964,polyak,0.000197731700514291,False,,0.4361578772812492,0.66865684939592,0.49985436308628917,3.4900826407375147,14.320152283874357,0.15808661637156549,nan,nan,0.6506854295730591,0.7653369307518005,0.7653369307518005,warmstart,0.6506854295730591,-0.11465150117874146,-0.38888888888888884,9,9,25,1.7930049896240234
1453,van_rossum,superspike,0.6397161092813924,polyak,0.013131585997630828,True,,0.13468552534041772,0.6054892285180937,nan,nan,nan,nan,18.86221958998129,0.19719451324438886,2.539919376373291,0.9267750382423401,0.9284485578536987,training,0.9267750382423401,1.613144338130951,1.0,9,9,25,3.378786087036133
1454,guarino,superspike,2.6106032816095497,polyak,0.001438506960343912,True,,0.23034367396942873,0.195157572120654,0.28924916544595297,5.26893487573634,16.3228423079432,0.1848654250146073,nan,nan,0.27816686034202576,0.3720526695251465,25.186046600341797,warmstart,0.27816686034202576,-0.09388580918312073,-0.5625,9,9,25,1.7778377532958984
1455,van_rossum,superspike,2.623304732193358,polyak,0.0009252573471568512,True,,0.5451485094001876,0.7252853012017616,nan,nan,nan,nan,1.058710062120074,0.1622042676448776,5.3614821434021,5.854082107543945,5.854082107543945,warmstart,5.3614821434021,-0.4925999641418457,0.0,0,9,25,1.3656220436096191
1456,guarino,superspike,0.8480677174994045,polyak,0.00025129352413924387,False,,0.17200442153264273,0.7582861351004835,0.27683119119401955,8.804527557443885,14.774004879936037,0.08786861191927992,nan,nan,0.4106540083885193,0.8341166377067566,0.8341695666313171,warmstart,0.4106540083885193,-0.4234626293182373,-0.5625,9,9,25,1.9771270751953125
1457,guarino,superspike,13.666458773994655,polyak,0.08167362450496395,False,,1.0949933551455229,0.5722467869412083,0.0912054347513248,19.09594299972973,9.676092569290027,0.26821893706845884,nan,nan,0.6677468419075012,0.6677476167678833,42.19730758666992,warmstart,0.6677468419075012,-7.748603820800781e-07,-0.5625,9,9,25,1.8225080966949463
1458,van_rossum,superspike,17.65164382880475,polyak,0.0006305122137614779,False,,0.7346365215880978,0.29942889597115463,nan,nan,nan,nan,1.3978453934753785,0.5882426783615048,8.052393913269043,8.467392921447754,8.467392921447754,warmstart,8.052393913269043,-0.41499900817871094,0.0,0,9,25,1.4867620468139648
1459,guarino,superspike,8.552292846613751,polyak,1.1159028017755972e-05,False,,0.7966285255079816,0.47614598843045786,0.47307439711380284,17.029492143887637,15.280449916576895,0.1542234399811078,nan,nan,0.7875524759292603,0.8324511647224426,0.8324571251869202,warmstart,0.7875524759292603,-0.04489868879318237,-0.5625,9,9,25,1.7952830791473389
1460,van_rossum,superspike,3.4429411418811258,polyak,3.965817290397569e-05,True,,1.3824697060560673,0.11284948992637966,nan,nan,nan,nan,44.38877081263295,0.44247710193066425,4.034555912017822,4.006699562072754,25.647289276123047,training,4.006699562072754,0.02785634994506836,0.0,0,9,25,5.183628082275391
1461,guarino,superspike,4.7411349443540045,polyak,1.0896431155135942e-05,True,,1.46347035562281,0.8584454286001958,0.15461177888851213,11.033306476671424,4.256766613216882,0.07897804420889966,nan,nan,0.5499308705329895,1.0070526599884033,1.0070708990097046,warmstart,0.5499308705329895,-0.4571217894554138,0.020761245674740504,8,9,25,1.762247085571289
1462,van_rossum,superspike,0.8622002515058722,polyak,0.0005003905158431947,False,,0.3531308520997247,0.8449347694783974,nan,nan,nan,nan,18.917122054194177,0.5363384308807269,2.7893199920654297,3.3484199047088623,3.629692316055298,warmstart,2.7893199920654297,-0.5590999126434326,0.30555555555555564,9,9,25,3.280228853225708
1463,guarino,superspike,10.000032047054251,polyak,1.1808107916004298e-05,True,,0.8761061597098276,0.019034250925496266,0.398394391785911,2.9295887199022204,11.258203092155064,0.09960118213114783,nan,nan,0.6045939326286316,0.6079221963882446,0.6079221963882446,warmstart,0.6045939326286316,-0.003328263759613037,0.30555555555555564,9,9,1,1.712928056716919
1464,guarino,superspike,2.7620004849210176,polyak,8.317464588391197e-05,False,,0.6876125094138137,0.24589047905749795,0.4132623761858565,12.58843111801236,13.031673728669865,0.03307898654125423,nan,nan,0.8503657579421997,0.6903188824653625,93.3655776977539,training,0.6903188824653625,0.16004687547683716,-1.0,62,9,25,1.7509260177612305
1465,van_rossum,superspike,6.63722884130401,polyak,1.828649268692886e-05,True,,0.3187923337866301,0.25452061578585916,nan,nan,nan,nan,1.1307657006692458,0.6273722227728666,7.211394309997559,7.577937126159668,7.577937126159668,warmstart,7.211394309997559,-0.3665428161621094,0.0,0,9,25,1.3623828887939453
1466,guarino,superspike,0.9204441147772388,polyak,0.06843416120748713,False,,1.226616396269419,0.07837647142421045,0.2810570131592404,6.070840261938866,1.6102415536369676,0.09669038126675107,nan,nan,0.5948631763458252,0.6951591968536377,0.6951591968536377,warmstart,0.5948631763458252,-0.1002960205078125,-0.5625,9,9,3,1.915306806564331
1467,guarino,superspike,3.143083695056212,polyak,0.0004692819364034423,True,,0.10146130589330321,0.5859513404485494,0.13714122712126053,8.133319211837636,11.382850387851366,0.22794283422680647,nan,nan,0.25347578525543213,1.064571499824524,1.1592897176742554,warmstart,0.25347578525543213,-0.8110957145690918,-0.5625,9,9,25,4.582948923110962
1468,van_rossum,superspike,2.217580735202223,polyak,0.0016900948038754552,True,,0.17932502861061778,0.055967773472927695,nan,nan,nan,nan,47.38755850068279,0.17889569210794343,1.8559589385986328,2.052737236022949,2.2712721824645996,warmstart,1.8559589385986328,-0.1967782974243164,0.30555555555555564,9,9,25,6.440690994262695
1469,guarino,superspike,9.500017969623455,polyak,0.00017666553340698777,False,,0.424215535725258,0.33129865777130474,0.4771909981623501,16.9691841755679,7.022391351782727,0.11858540733035064,nan,nan,0.7298864722251892,1.231215000152588,723.4075317382812,warmstart,0.7298864722251892,-0.5013285279273987,0.07017543859649122,10,9,25,1.790705919265747
1470,guarino,superspike,17.39162121519852,polyak,2.9217400693824622e-05,False,,1.1700988885229582,0.12703485752532695,0.3797723478667694,11.318702752691712,6.0282780046409705,0.16300112617252674,nan,nan,0.6014716625213623,0.7285392880439758,8641.404296875,warmstart,0.6014716625213623,-0.12706762552261353,-0.21527777777777773,9,9,25,1.7393450736999512
1471,guarino,superspike,1.2243871112159534,polyak,0.0073091412194795065,False,,0.11101737875645434,0.4096105395037529,0.29261236782134803,19.34694714931965,12.252212543839804,0.062496043838970235,nan,nan,1.0831005573272705,0.833541214466095,0.8652250170707703,training,0.833541214466095,0.24955934286117554,0.19377162629757788,8,9,25,1.7449281215667725
1472,van_rossum,superspike,0.5781860194963695,polyak,0.025088799094846827,True,,1.0819501784275751,0.33429827639951604,nan,nan,nan,nan,6.802405635931521,0.6399150401772083,3.049656867980957,6.288478374481201,11.923105239868164,warmstart,3.049656867980957,-3.238821506500244,-0.5625,9,9,2,1.6663689613342285
1473,van_rossum,superspike,4.685577408560498,polyak,0.01358302783544571,True,,0.5702151514422449,0.7425403780879463,nan,nan,nan,nan,1.4430676544079262,0.9786068342296788,9.011505126953125,9.518973350524902,9.518973350524902,warmstart,9.011505126953125,-0.5074682235717773,0.0,0,9,25,1.3862059116363525
1474,guarino,superspike,11.496955923892047,polyak,6.360933387523483e-05,False,,1.3186609066168966,0.5410852197856519,0.42944496244628166,10.369712887810843,12.560211535168687,0.2780358390522227,nan,nan,0.21910585463047028,0.9684381484985352,0.9829398393630981,warmstart,0.21910585463047028,-0.7493322938680649,-0.5625,9,9,25,1.7458410263061523
1475,guarino,superspike,0.5532115758319093,polyak,0.03816524724548506,False,,0.1699758119799577,0.07463679374126297,0.12283565634114413,16.331460621157223,14.738634527128587,0.19159595669743132,nan,nan,0.5250862836837769,1.073578953742981,1.073578953742981,warmstart,0.5250862836837769,-0.5484926700592041,-0.5625,9,9,1,1.6757581233978271
1476,guarino,superspike,3.75957222110274,polyak,0.017313112282173807,True,,0.26709674912039105,0.40540100818352354,0.33861308278650704,19.772318599986523,3.934922337263499,0.13560803406802863,nan,nan,0.24053479731082916,0.2910461723804474,1552.6302490234375,warmstart,0.24053479731082916,-0.050511375069618225,1.0,9,9,25,1.9715328216552734
1477,guarino,superspike,9.867267360000167,polyak,0.007635082096287145,True,,0.25662346605674946,0.30996935836971207,0.39584815833860637,4.107419914661531,3.7664960853221325,0.11491766416133417,nan,nan,0.6082795262336731,0.8682325482368469,3417.260498046875,warmstart,0.6082795262336731,-0.25995302200317383,-0.5625,9,9,25,2.2062392234802246
1478,van_rossum,superspike,3.5433041146678943,polyak,0.0010520463938736655,True,,0.025854704639894477,0.04745118934635961,nan,nan,nan,nan,7.387974376304121,0.9683092727130594,7.529278755187988,10.527685165405273,10.527685165405273,warmstart,7.529278755187988,-2.998406410217285,0.14736842105263157,6,9,1,1.9078960418701172
1479,van_rossum,superspike,4.266279566851492,polyak,0.004234374870587202,False,,0.6098773201575967,0.9532702845431832,nan,nan,nan,nan,47.70837812168038,0.5871378320553371,5.0599751472473145,4.690706253051758,4.926703929901123,training,4.690706253051758,0.36926889419555664,0.24561403508771928,10,9,25,5.2933502197265625
1480,guarino,superspike,0.7078130072661061,polyak,0.008441045510144893,True,,1.2912582953471199,0.10950621941550287,0.16105841130357015,8.445553713046001,16.89844630242894,0.1480293796509142,nan,nan,0.49478718638420105,0.8692686557769775,1.5042352676391602,warmstart,0.49478718638420105,-0.3744814693927765,-0.2807017543859649,10,9,25,1.7922449111938477
1481,van_rossum,superspike,7.49278430813849,polyak,0.028957426846960194,True,,0.9038778164362156,0.7810275835867573,nan,nan,nan,nan,7.520413285960678,0.13080432701283473,2.8683838844299316,3.5358736515045166,8.624551773071289,warmstart,2.8683838844299316,-0.667489767074585,0.32280701754385965,6,9,25,1.8839008808135986
1482,guarino,superspike,6.483029382993189,polyak,2.34126695136412e-05,True,,0.11634446626108957,0.8158691934099379,0.212316612621382,18.56139194468456,3.24670126597802,0.05963610358057242,nan,nan,0.5289281010627747,0.4765644669532776,0.47656482458114624,training,0.4765644669532776,0.05236363410949707,-0.04166666666666662,9,9,25,1.8065650463104248
1483,van_rossum,superspike,1.207498007783423,polyak,0.0025198316928968325,False,,1.1209180671331742,0.12752445666955436,nan,nan,nan,nan,49.9965748364817,0.09226689968743984,1.2562496662139893,1.465811014175415,28043.908203125,warmstart,1.2562496662139893,-0.20956134796142578,-0.5625,9,9,25,5.419329881668091
1484,van_rossum,superspike,4.252416407974222,polyak,4.9873184066969594e-05,True,,1.3862152119814115,0.1666115757134462,nan,nan,nan,nan,9.126899912864513,0.920002844661282,7.460737228393555,11.600943565368652,15.121465682983398,warmstart,7.460737228393555,-4.140206336975098,-0.5625,9,9,25,2.074528217315674
1485,van_rossum,superspike,1.3343268864030216,polyak,0.00044070874716390545,False,,1.1777120387861024,0.3695609901445672,nan,nan,nan,nan,1.5078808204878447,0.3532770072359468,6.028890132904053,9.913516998291016,10.37606430053711,warmstart,6.028890132904053,-3.884626865386963,0.1319444444444445,9,9,25,1.6797590255737305
1486,van_rossum,superspike,3.9406296896313533,polyak,0.0014372744438284773,False,,1.1530412117662472,0.7731228495022513,nan,nan,nan,nan,3.0534381480610757,0.8858614340697748,9.466482162475586,9.123659133911133,9.123659133911133,training,9.123659133911133,0.3428230285644531,0.0,0,9,25,4.445826053619385
1487,guarino,superspike,11.183953652395257,polyak,0.011390694912352173,False,,1.4957188305101081,0.24946136559406318,0.33878934107897607,7.101416145481803,9.69902156648897,0.10168394824315787,nan,nan,0.765996515750885,0.7823736667633057,227290.28125,warmstart,0.765996515750885,-0.016377151012420654,-0.38888888888888884,9,9,2,2.0998127460479736
1488,van_rossum,superspike,0.6753170354912041,polyak,6.072911677734512e-05,False,,0.07231838437507998,0.9461472043997438,nan,nan,nan,nan,9.23906637210624,0.39402436978193456,3.2119059562683105,3.3411331176757812,3.3411331176757812,warmstart,3.2119059562683105,-0.1292271614074707,0.5964912280701755,10,9,25,2.28994083404541
1489,van_rossum,superspike,0.8757312800117096,polyak,3.193089950900688e-05,True,,0.9279862010768252,0.21773701080664598,nan,nan,nan,nan,25.03550420029329,0.10525084532059559,1.5766279697418213,1.6061643362045288,16.71632957458496,warmstart,1.5766279697418213,-0.02953636646270752,0.36678200692041524,8,9,25,4.6881608963012695
1490,guarino,superspike,4.07539225950718,polyak,0.0004028449552672218,True,,1.1491339907937719,0.2592396944949066,0.39181641608833256,6.319695599794218,10.127234410568947,0.22175799547218336,nan,nan,0.48627448081970215,0.9107059240341187,32.993499755859375,warmstart,0.48627448081970215,-0.4244314432144165,-0.5625,9,9,25,1.8003151416778564
1491,guarino,superspike,1.9302851978491726,polyak,0.0009113642542653006,True,,1.2963884748853423,0.5387911049071252,0.23725201884861502,8.546505587608937,1.537862200046261,0.15566268642008876,nan,nan,0.766622006893158,0.7760314345359802,0.7760314345359802,warmstart,0.766622006893158,-0.009409427642822266,-0.5625,9,9,1,1.8260769844055176
1492,van_rossum,superspike,2.170040641045246,polyak,0.029081438511514564,False,,0.5371408953567729,0.4393628990686843,nan,nan,nan,nan,22.938020941284826,0.5918669023914298,4.825575351715088,5.067058563232422,2330799.25,warmstart,4.825575351715088,-0.24148321151733398,0.43055555555555547,7,9,25,4.941159963607788
1493,guarino,superspike,2.66463553522462,polyak,0.00013591541656044213,True,,0.7126641413083737,0.6462699822537848,0.20220516340855976,15.754012269055048,3.7750246850973714,0.0273875206266306,nan,nan,0.4072969853878021,0.3921325206756592,0.3921325206756592,training,0.3921325206756592,0.015164464712142944,-1.0,56,9,1,1.856661081314087
1494,van_rossum,superspike,0.7638430843444044,polyak,3.345977014719243e-05,False,,1.1711478065033347,0.601896265593443,nan,nan,nan,nan,3.2306786898802407,0.16207342040324946,4.565938472747803,3.9225902557373047,4.622574806213379,training,3.9225902557373047,0.643348217010498,0.43055555555555547,7,9,25,1.5410568714141846
1495,van_rossum,superspike,2.5161383498918695,polyak,2.242728844617443e-05,True,,1.2701801234984362,0.05178251782599497,nan,nan,nan,nan,6.4653009250482905,0.8732630760610351,7.651069641113281,6.989675045013428,29.449661254882812,training,6.989675045013428,0.6613945960998535,0.0,0,9,25,1.8645539283752441
1496,van_rossum,superspike,2.718505038201622,polyak,0.0032869395108819943,False,,1.2406774664786124,0.46133760838185633,nan,nan,nan,nan,44.58868085278191,0.5958569874552183,4.113968849182129,3.6884765625,23.939252853393555,training,3.6884765625,0.4254922866821289,0.0,0,9,25,5.1863977909088135
1497,guarino,superspike,1.8604751408149989,polyak,0.000568925008049601,False,,0.21108429604852136,0.3205010290538708,0.44101250007761933,16.29928943066656,2.9314285405415372,0.026342553684108237,nan,nan,0.5865853428840637,0.6316143274307251,434682.875,warmstart,0.5865853428840637,-0.04502898454666138,0.19377162629757788,8,9,25,1.7496159076690674
1498,guarino,superspike,8.470564889817476,polyak,0.008462647518602403,True,,1.410324241847543,0.4703027402251736,0.11700001132783311,10.441114170980446,16.48925294880062,0.2578628876896903,nan,nan,0.6252796053886414,1.0357774496078491,6.6943464279174805,warmstart,0.6252796053886414,-0.41049784421920776,-0.5625,9,9,2,1.7766878604888916
1499,guarino,superspike,8.293128467016835,polyak,0.0013445897334717794,False,,0.2839642795195197,0.2411406362659272,0.3617185479722001,17.18615856752562,4.367030789471961,0.24370371635825452,nan,nan,0.46259716153144836,0.5812492370605469,3503597.75,warmstart,0.46259716153144836,-0.11865207552909851,-0.5625,9,9,25,1.7550499439239502
1500,van_rossum,superspike,2.2060621014509145,polyak,0.0006774345853963861,False,,0.758017729187549,0.8975635754087848,nan,nan,nan,nan,4.995247638882802,0.2848108170410196,2.5357308387756348,3.0415914058685303,3.075620412826538,warmstart,2.5357308387756348,-0.5058605670928955,1.0,9,9,25,1.6546969413757324
1501,guarino,superspike,3.716187606177772,polyak,0.021281698410903598,True,,0.15378883006637967,0.8679967172410039,0.3278074172973424,1.6132924905839379,3.0612283488375414,0.01366026411410648,nan,nan,0.5301779508590698,0.4597589671611786,4.690868854522705,training,0.4597589671611786,0.07041898369789124,0.007142857142857149,11,9,3,1.7681939601898193
1502,guarino,superspike,3.4156946119941125,polyak,0.014295541048209775,True,,0.9442000370404748,0.5205384726396178,0.4767098849908257,10.416385220382118,17.95537893450936,0.010823289040460692,nan,nan,0.6459583044052124,0.6535988450050354,11.218721389770508,warmstart,0.6459583044052124,-0.007640540599822998,0.36678200692041524,8,9,25,1.8210201263427734
1503,guarino,superspike,15.862032266942117,polyak,0.00010063208761143614,False,,1.1578859289192844,0.40472425551224955,0.21009981585350304,7.0972891408121335,19.62840244953474,0.17150299592196475,nan,nan,0.7553207278251648,0.6701751947402954,0.9170101881027222,training,0.6701751947402954,0.08514553308486938,-0.5625,9,9,25,1.810431957244873
1504,van_rossum,superspike,2.659627982072506,polyak,0.009640414302621466,False,,0.6555977496930812,0.51800539916342,nan,nan,nan,nan,5.715944983588522,0.5268042799212918,5.78004264831543,6.024428367614746,9.41532039642334,warmstart,5.78004264831543,-0.2443857192993164,0.020761245674740504,8,9,25,1.7561290264129639
1505,van_rossum,superspike,3.705629177117691,polyak,0.0009375618169648171,True,,1.4875414704038112,0.42593219835132456,nan,nan,nan,nan,1.9076530930649411,0.8343068010869454,9.960309028625488,8.12065315246582,8.12065315246582,training,8.12065315246582,1.839655876159668,0.0,0,9,25,1.5045030117034912
1506,guarino,superspike,1.112288844960266,polyak,0.009473054975994483,False,,0.17416855916112856,0.49816023892456196,0.2956964694762515,7.447736395386695,16.130388068410745,0.016624743223737113,nan,nan,0.4687001705169678,0.9101082682609558,0.9510055184364319,warmstart,0.4687001705169678,-0.44140809774398804,0.19377162629757788,8,9,25,1.787473201751709
1507,guarino,superspike,19.307412275260813,polyak,1.352256505859749e-05,False,,0.2520252213319638,0.4079750664733717,0.1165760015785526,4.682683584020262,2.1586296658032755,0.002401063582155283,nan,nan,0.7197653651237488,0.8159656524658203,0.8159656524658203,warmstart,0.7197653651237488,-0.09620028734207153,0.020761245674740504,8,9,25,1.510580062866211
1508,van_rossum,superspike,3.039517037619965,polyak,0.0019041942924331832,False,,1.2861754165043433,0.5899002827341522,nan,nan,nan,nan,46.00726004392664,0.7268090892967259,5.221439361572266,4.695210933685303,6.8157429695129395,training,4.695210933685303,0.5262284278869629,-0.5625,9,9,25,4.474709987640381
1509,guarino,superspike,1.1582303159285168,polyak,0.00012189277478606569,True,,1.0839048352086533,0.14328161053436883,0.24185976488648597,5.619309357452569,16.767409284845385,0.2753390958058667,nan,nan,0.6144222617149353,0.5903561115264893,0.5915306210517883,training,0.5903561115264893,0.024066150188446045,-0.04166666666666662,9,9,25,1.4683070182800293
1510,van_rossum,superspike,6.4044236174046905,polyak,3.545727367911967e-05,False,,1.2598528450893904,0.7548371568554116,nan,nan,nan,nan,3.296303769024053,0.4987115197189682,6.795540809631348,5.569867134094238,5.569867134094238,training,5.569867134094238,1.2256736755371094,0.5397923875432526,8,9,25,1.192929744720459
1511,van_rossum,superspike,0.878349903912821,polyak,0.0091057492438713,True,,1.1134461853756326,0.3448774174246808,nan,nan,nan,nan,18.06751541086633,0.8265700568100571,6.424044609069824,5.789362907409668,6.888516902923584,training,5.789362907409668,0.6346817016601562,0.19377162629757788,8,9,25,2.851659059524536
1512,guarino,superspike,9.944321828977797,polyak,0.0009189356569339497,False,,0.06378639227704702,0.9726126856785379,0.40013003423697907,5.080360653236967,18.550216020024067,0.28060366759673405,nan,nan,0.23750846087932587,0.6432757377624512,0.6498726606369019,warmstart,0.23750846087932587,-0.4057672768831253,-0.5625,9,9,25,1.4562230110168457
1513,guarino,superspike,0.8850324897497658,polyak,0.0008166413594311308,False,,0.02783233261403989,0.6429271916942968,0.33788746745858034,9.645161250447089,18.012642989290047,0.04044570525601636,nan,nan,0.22621102631092072,0.3084959387779236,3.069859266281128,warmstart,0.22621102631092072,-0.08228491246700287,-0.04166666666666662,9,9,25,1.408479928970337
1514,guarino,superspike,9.959073948291506,polyak,0.04912411092039331,False,,0.8042096190072894,0.01905398694656435,0.20994569715013714,5.254856743700689,10.709342899358452,0.2047715367806339,nan,nan,1.1776344776153564,1.1886347532272339,1168.7738037109375,warmstart,1.1776344776153564,-0.011000275611877441,0.24561403508771928,10,9,2,1.3779547214508057
1515,guarino,superspike,0.871434532739977,polyak,1.1205390135070032e-05,True,,0.9001285977110527,0.5310306943695038,0.2364210631896261,11.051553344950818,4.68481822880329,0.24787281745084705,nan,nan,0.6300122737884521,0.22582033276557922,16498.85546875,training,0.22582033276557922,0.4041919410228729,0.0,0,9,25,1.4609601497650146
1516,van_rossum,superspike,0.9940871155489749,polyak,2.8084216436211202e-05,True,,0.8195305434667851,0.5874173366827583,nan,nan,nan,nan,10.340466091218477,0.16447822904091303,2.2304117679595947,2.182655096054077,2.478541851043701,training,2.182655096054077,0.04775667190551758,0.19377162629757788,8,9,25,1.8953161239624023
1517,guarino,superspike,5.081395299628192,polyak,8.257592405080925e-05,False,,0.2692716011820191,0.428811357077414,0.11143415242552825,7.421488096791048,4.7797007195382575,0.2448305618349325,nan,nan,0.7180446982383728,0.7416197657585144,0.7416197657585144,warmstart,0.7180446982383728,-0.0235750675201416,-0.38888888888888884,9,9,1,1.4379801750183105
1518,van_rossum,superspike,18.00403028221074,polyak,0.014756473449594222,False,,0.11728002412179683,0.158932382533298,nan,nan,nan,nan,1.109662708417532,0.1382263614382565,5.4919257164001465,5.468722343444824,5.468722343444824,training,5.468722343444824,0.023203372955322266,0.0,0,9,25,1.112865924835205
1519,van_rossum,superspike,2.0371004389672467,polyak,0.00022199819538164725,True,,0.7767926919249459,0.4200133889638339,nan,nan,nan,nan,6.702750964748434,0.3397339007492862,3.808549404144287,3.174262046813965,872809.25,training,3.174262046813965,0.6342873573303223,0.7128027681660901,8,9,25,1.6172590255737305
1520,guarino,superspike,12.930613737001835,polyak,0.0005967232883827065,False,,0.7164210411923425,0.6329525177148896,0.1471556297235284,5.129766328584964,10.686805040172667,0.02058294531608815,nan,nan,0.4888171851634979,0.9807916879653931,3.4314870834350586,warmstart,0.4888171851634979,-0.49197450280189514,0.19377162629757788,8,9,25,1.4954421520233154
1521,van_rossum,superspike,5.321778727432375,polyak,5.492631132393576e-05,False,,0.4582005847819565,0.7851563208214376,nan,nan,nan,nan,8.175216537418624,0.7796565486146969,7.3248467445373535,8.528485298156738,8.528485298156738,warmstart,7.3248467445373535,-1.2036385536193848,0.1319444444444445,9,9,25,1.6467268466949463
1522,guarino,superspike,2.7059629656702686,polyak,0.052546639731418654,True,,0.5905025030503203,0.3245726945417158,0.18277052329345428,1.4018880892974201,17.133734871663272,0.023770121328790295,nan,nan,0.3698914051055908,1.0423470735549927,12.265761375427246,warmstart,0.3698914051055908,-0.6724556684494019,0.8263888888888888,9,9,25,1.4723272323608398
1523,guarino,superspike,1.2437638574609657,polyak,0.04965017290911782,False,,1.4279316834670597,0.8136568274160046,0.37020997063683964,15.70587947635067,7.447589331138897,0.08876595222213365,nan,nan,0.1325594037771225,0.9321235418319702,2.3198368549346924,warmstart,0.1325594037771225,-0.7995641380548477,-0.5625,9,9,2,1.3550379276275635
1524,guarino,superspike,1.120804840627866,polyak,0.0004390974375035072,False,,0.17822168942645056,0.689433884760382,0.3819180449014274,14.705656817122701,9.933995966343309,0.25296486656020056,nan,nan,0.6574976444244385,0.5436115860939026,0.5482563376426697,training,0.5436115860939026,0.11388605833053589,-0.38888888888888884,9,9,25,1.4546589851379395
1525,guarino,superspike,2.3447461801783773,polyak,0.0007096449857969993,True,,0.16265820019418475,0.19936384788835326,0.4115599044945182,13.393132512402579,18.913988328355885,0.2463205060954391,nan,nan,0.29335251450538635,0.836860179901123,0.836860179901123,warmstart,0.29335251450538635,-0.5435076653957367,-0.5625,9,9,1,1.4069039821624756
1526,van_rossum,superspike,11.060469843167915,polyak,2.045252249698772e-05,False,,1.3932287906578582,0.62416604281347,nan,nan,nan,nan,1.918749309673104,0.8172624358079378,8.901566505432129,10.168526649475098,10.168526649475098,warmstart,8.901566505432129,-1.2669601440429688,0.0,0,9,25,1.128715991973877
1527,guarino,superspike,1.6165749919257912,polyak,0.004930483732538039,False,,0.6756170695069764,0.9319467587890101,0.4220383003578679,11.601934405591413,11.957610286425616,0.26610180519088594,nan,nan,0.26226377487182617,0.29835638403892517,0.3042105734348297,warmstart,0.26226377487182617,-0.036092609167099,1.0,9,9,25,1.4300873279571533
1528,guarino,superspike,9.366965349457342,polyak,0.04465863844083549,True,,0.6344342021822695,0.42232307331109487,0.11896364653214134,4.70198439270133,2.9474029233154675,0.2927701638965784,nan,nan,0.8368358612060547,1.1608163118362427,220668.75,warmstart,0.8368358612060547,-0.323980450630188,0.24561403508771928,10,9,25,1.45169997215271
1529,guarino,superspike,14.41711148461184,polyak,0.00010190834240199,False,,0.022875565287731936,0.5352314762690444,0.3766157089978815,16.939840409066598,16.981448841499223,0.08966035002602908,nan,nan,0.15045759081840515,0.3776188790798187,18.71046257019043,warmstart,0.15045759081840515,-0.22716128826141357,-0.5625,9,9,25,1.4234859943389893
1530,guarino,superspike,0.8529596166839304,polyak,0.002195503182521133,True,,0.18970163958783393,0.7044185328618452,0.17849547574154004,6.865231364654423,13.167320987186052,0.28168359711304203,nan,nan,0.39890944957733154,0.3717668354511261,33.24343490600586,training,0.3717668354511261,0.027142614126205444,0.8263888888888888,9,9,25,2.0371921062469482
1531,guarino,superspike,0.6583274899394267,polyak,0.01650334610613821,False,,0.2648775174596672,0.5853999019862456,0.4808506379310303,11.775137254528355,14.919320216518074,0.05632027904705352,nan,nan,0.8321412801742554,0.8791128396987915,0.8950814008712769,warmstart,0.8321412801742554,-0.04697155952453613,0.020761245674740504,8,9,25,1.5479130744934082
1532,guarino,superspike,1.0923938835408495,polyak,1.0823434042700196e-05,True,,0.11147587198597847,0.0004278850272756429,0.45742717197381016,12.811648209218808,3.630270232033702,0.027753876659532096,nan,nan,0.4722106158733368,1.4162362813949585,79838.5390625,warmstart,0.4722106158733368,-0.9440256655216217,0.08333333333333325,7,9,25,1.5479068756103516
1533,van_rossum,superspike,2.289788519093595,polyak,0.006071587054399917,True,,1.1668964956377006,0.22948628475047184,nan,nan,nan,nan,27.03331614991157,0.18585848391828685,2.064208984375,2.063451051712036,2304052.5,training,2.063451051712036,0.0007579326629638672,0.5416666666666667,15,9,25,4.502252101898193
1534,van_rossum,superspike,1.4932331919246582,polyak,0.0034061715832088293,False,,0.06684261672007769,0.041436385442046086,nan,nan,nan,nan,3.0825986312972025,0.276973361693828,4.347541332244873,4.393231391906738,117587.65625,warmstart,4.347541332244873,-0.045690059661865234,0.36678200692041524,8,9,25,1.1944499015808105
1535,van_rossum,superspike,4.88977665804226,polyak,0.0019094937727910507,True,,0.9946570104279693,0.13969471108450515,nan,nan,nan,nan,7.794498116618819,0.11611006073964214,3.060464859008789,2.9857397079467773,10.33137035369873,training,2.9857397079467773,0.07472515106201172,0.0,0,9,25,1.6291840076446533
1536,guarino,superspike,1.6933838640899845,polyak,0.055024963257443806,False,,1.0406738423541022,0.5754343202505798,0.42818882967399297,13.543557750605423,16.41176352730947,0.19714710065806595,nan,nan,0.7438052892684937,0.8137896060943604,228.4784393310547,warmstart,0.7438052892684937,-0.0699843168258667,-0.21527777777777773,9,9,25,1.441016674041748
1537,van_rossum,superspike,8.235181718080609,polyak,0.012640687089248247,False,,1.3552321989583827,0.7354593195420667,nan,nan,nan,nan,2.747588470356466,0.49948228517075755,7.821743965148926,7.313436985015869,7.314409255981445,training,7.313436985015869,0.5083069801330566,0.0,0,9,25,1.1580021381378174
1538,van_rossum,superspike,1.7736168548312388,polyak,0.020420518181012422,True,,0.09658491649140588,0.9818093895928307,nan,nan,nan,nan,19.92316024252548,0.9067160670736093,8.569901466369629,8.420984268188477,8.523872375488281,training,8.420984268188477,0.14891719818115234,0.25694444444444436,7,9,25,2.996825695037842
1539,guarino,superspike,12.607994493608999,polyak,2.7544225182244093e-05,True,,0.299314195946273,0.36620888641852645,0.18209741874837632,10.316374307537435,16.706568245149345,0.2626602272543175,nan,nan,0.8707932233810425,0.8697712421417236,0.8697712421417236,training,0.8697712421417236,0.0010219812393188477,-1.0,185,9,1,1.4256277084350586
1540,van_rossum,superspike,1.7267282809521516,polyak,1.8955168000941667e-05,True,,1.4518013208097158,0.9389113222571054,nan,nan,nan,nan,12.810348718076963,0.6818764131118148,5.409043788909912,5.615108489990234,6.039229869842529,warmstart,5.409043788909912,-0.20606470108032227,0.24561403508771928,10,9,25,2.170679807662964
1541,van_rossum,superspike,1.4550099859719747,polyak,0.00311244871869625,False,,0.4055178395065628,0.7681521087219072,nan,nan,nan,nan,1.3271171085069555,0.6249488241409268,8.095200538635254,9.908878326416016,9.969332695007324,warmstart,8.095200538635254,-1.8136777877807617,0.0,0,9,25,1.087172031402588
1542,van_rossum,superspike,3.8418319379180685,polyak,0.001441184696376017,False,,0.8155955263852452,0.4119875904518647,nan,nan,nan,nan,3.9755729525700167,0.3303545143539607,6.100337982177734,5.30912971496582,6.837564945220947,training,5.30912971496582,0.7912082672119141,-0.075,1,9,25,1.2283761501312256
1543,guarino,superspike,11.637999001897509,polyak,0.0076043969500783045,False,,1.3053494612153396,0.7010875235684093,0.11825547039134429,11.431861076287978,7.456733018883577,0.26573269069212724,nan,nan,0.3112061321735382,0.4750511348247528,0.48433682322502136,warmstart,0.3112061321735382,-0.1638450026512146,-0.5625,9,9,25,1.4688646793365479
1544,van_rossum,superspike,12.771124410453364,polyak,9.6427534511248e-05,True,,1.1961999964483778,0.6895077229722929,nan,nan,nan,nan,3.0051466753564187,0.42168575461089897,4.861486911773682,7.212066173553467,7.6364898681640625,warmstart,4.861486911773682,-2.350579261779785,0.5397923875432526,8,9,25,1.387080192565918
1545,guarino,superspike,1.3887585117204604,polyak,0.0035865801163435735,False,,1.2669713383339953,0.4289061207435837,0.32687396673848207,8.55993619849837,5.8644464462247825,0.141399631937026,nan,nan,0.23757989704608917,0.43882760405540466,12733.2509765625,warmstart,0.23757989704608917,-0.2012477070093155,-0.5625,9,9,25,1.452646017074585
1546,van_rossum,superspike,1.383762830979195,polyak,0.031597140683244936,True,,0.828910442625324,0.15207892768195175,nan,nan,nan,nan,18.026612326507614,0.15722850262005406,1.9785135984420776,1.7508291006088257,16.00446891784668,training,1.7508291006088257,0.22768449783325195,0.24561403508771928,10,9,25,2.879976272583008
1547,van_rossum,superspike,5.182708069441007,polyak,0.0003996661044496251,False,,1.1571245474032565,0.6963311990829958,nan,nan,nan,nan,2.8998977098152037,0.4693962867146625,6.453085422515869,4.879486083984375,626.7745971679688,training,4.879486083984375,1.5735993385314941,-0.02807017543859652,6,9,23,1.207988977432251
1548,van_rossum,superspike,0.9240557196093085,polyak,1.4446021021501899e-05,True,,0.15826282268388392,0.6062023767018667,nan,nan,nan,nan,5.204357052244599,0.19505136392789002,3.534909963607788,3.780383348464966,9.244193077087402,warmstart,3.534909963607788,-0.24547338485717773,0.1319444444444445,9,9,25,1.453253984451294
1549,van_rossum,superspike,2.3298542523410126,polyak,0.02569889622334678,False,,1.0296120910776143,0.43104630464937155,nan,nan,nan,nan,3.00992399476305,0.325179472947566,6.367478370666504,6.645937442779541,29.14068603515625,warmstart,6.367478370666504,-0.2784590721130371,0.2142857142857143,5,9,25,1.2172167301177979
1550,guarino,superspike,2.5760373525326323,polyak,7.867047542067904e-05,True,,0.43541824340244006,0.8547331206241424,0.1048519537209567,14.267050849569788,5.288114608833439,0.10595096404938897,nan,nan,0.8316265344619751,0.4888954758644104,0.508517324924469,training,0.4888954758644104,0.3427310585975647,-0.5625,9,9,25,1.523353099822998
1551,guarino,superspike,19.481353560421688,polyak,0.0036791789500953396,True,,0.7782912728242632,0.8680554992067058,0.11488463817997148,16.064185272854935,16.33534604308755,0.010838507393968999,nan,nan,0.6210187673568726,0.862770140171051,1.1520441770553589,warmstart,0.6210187673568726,-0.24175137281417847,0.19377162629757788,8,9,25,1.4799339771270752
1552,van_rossum,superspike,3.1051884058071755,polyak,0.0036246473820776967,True,,0.7114492934866983,0.41248439683116245,nan,nan,nan,nan,6.863635824222958,0.8995147680329882,7.073299407958984,7.577877044677734,7.577877044677734,warmstart,7.073299407958984,-0.50457763671875,0.2142857142857143,5,9,1,1.4242289066314697
1553,van_rossum,superspike,7.316458252188408,polyak,0.011883615752483433,False,,0.005181337285691312,0.7738402948469364,nan,nan,nan,nan,10.647209836574541,0.9881813824315056,7.973189830780029,5.3568902015686035,8.406936645507812,training,5.3568902015686035,2.616299629211426,0.2142857142857143,5,9,25,1.9178743362426758
1554,van_rossum,superspike,0.6913201394866776,polyak,0.008552592376534468,False,,0.5761930413836445,0.7557133223324669,nan,nan,nan,nan,6.755693600360846,0.8097893747467325,8.312403678894043,7.686583518981934,7.686583518981934,training,7.686583518981934,0.6258201599121094,-0.075,1,9,1,1.351628065109253
1555,guarino,superspike,1.1901216084209112,polyak,0.003278353241275728,False,,0.3961047934567001,0.3825316797007001,0.12197180194819413,19.753862880130967,13.220490694817428,0.052063454123768706,nan,nan,0.8339607119560242,0.8239366412162781,749560.6875,training,0.8239366412162781,0.010024070739746094,-1.0,4000,9,25,1.4434068202972412
1556,guarino,superspike,8.081360691294579,polyak,0.010363377668367158,True,,0.02282207614043269,0.8051507913586101,0.24760768765210017,14.179567575523972,6.169513887207243,0.23085859104596493,nan,nan,0.8847528696060181,0.9579600095748901,4.651796340942383,warmstart,0.8847528696060181,-0.07320713996887207,0.24561403508771928,10,9,2,1.4487290382385254
1557,van_rossum,superspike,1.4272804605248288,polyak,1.5530100591564804e-05,True,,0.8834238805620127,0.7584736329059119,nan,nan,nan,nan,10.589099711030578,0.5164574356805434,4.605625629425049,6.615161895751953,6.615161895751953,warmstart,4.605625629425049,-2.0095362663269043,-0.04166666666666662,9,9,25,1.9082660675048828
1558,guarino,superspike,8.109178451930624,polyak,0.0008701333151597681,True,,0.6437376088632021,0.12944251893613867,0.32683736327708157,1.9947196829545581,9.152412182951293,0.07131262881773827,nan,nan,0.41387903690338135,0.36406028270721436,8.25957202911377,training,0.36406028270721436,0.04981875419616699,0.19377162629757788,8,9,25,1.4750769138336182
1559,van_rossum,superspike,4.944959550126867,polyak,0.00056190126743599,False,,0.006223122807050396,0.8266008003132644,nan,nan,nan,nan,1.262261014555157,0.8702719089110332,10.884206771850586,9.478703498840332,9.478703498840332,training,9.478703498840332,1.405503273010254,0.0,0,9,25,1.0683650970458984
1560,guarino,superspike,2.838260907985189,polyak,2.1026919088207052e-05,False,,0.7444704672688023,0.02784682790317361,0.3398519515237245,8.418592808531697,4.635516629927639,0.005214870329192667,nan,nan,0.656795084476471,0.5891306400299072,17748.056640625,training,0.5891306400299072,0.06766444444656372,-0.02807017543859652,6,9,25,1.4068899154663086
1561,van_rossum,superspike,1.2691609872281695,polyak,0.0017595699457204788,True,,1.376134207708073,0.5095676788422517,nan,nan,nan,nan,2.496247385031024,0.6396325258679113,7.44516658782959,8.224119186401367,9.039254188537598,warmstart,7.44516658782959,-0.7789525985717773,0.13333333333333336,1,9,25,1.2132291793823242
1562,van_rossum,superspike,0.5213011778433276,polyak,0.002512764497413887,False,,0.8655124969370613,0.005279020955689995,nan,nan,nan,nan,1.7093573443014611,0.012436155878229438,3.28214168548584,3.4528167247772217,4.119792938232422,warmstart,3.28214168548584,-0.17067503929138184,0.8263888888888888,9,9,25,1.0980770587921143
1563,van_rossum,superspike,10.07391835688528,polyak,0.0001461709273469365,True,,0.8142387637966599,0.23375439247272511,nan,nan,nan,nan,3.748770367044414,0.45243722418905197,5.578935146331787,5.544566631317139,17.19394302368164,training,5.544566631317139,0.03436851501464844,0.0,0,9,25,1.2749660015106201
1564,van_rossum,superspike,19.492472219553115,polyak,0.011251517260450669,True,,0.3963483312973834,0.2290926653129043,nan,nan,nan,nan,1.8631413042790044,0.806145726203189,9.438793182373047,10.463483810424805,10.463483810424805,warmstart,9.438793182373047,-1.0246906280517578,-0.04166666666666662,9,9,25,1.201220989227295
1565,guarino,superspike,3.4056447404588956,polyak,0.016389120524448877,True,,0.8241059260025309,0.8083753405217361,0.24571781424937064,2.057531904591481,17.54017884368862,0.15797800556894423,nan,nan,0.3575213551521301,0.3164852559566498,23.136127471923828,training,0.3164852559566498,0.04103609919548035,0.13333333333333336,1,9,25,1.4747469425201416
1566,guarino,superspike,1.406054896597585,polyak,0.00016103659450364817,True,,0.5312834438367207,0.43212611639720133,0.30927376040961396,13.973326002213863,13.838100663859851,0.12710427477848818,nan,nan,0.570868730545044,0.5873212814331055,0.5873212814331055,warmstart,0.570868730545044,-0.016452550888061523,0.36678200692041524,8,9,1,1.4296598434448242
1567,guarino,superspike,7.577800475383698,polyak,0.006791342628583411,True,,0.9942857990404325,0.022308273576866933,0.38395501342344723,10.494001221065089,10.959537604299811,0.015261792063359224,nan,nan,0.7077440619468689,1.0473310947418213,12.921034812927246,warmstart,0.7077440619468689,-0.3395870327949524,0.19377162629757788,8,9,25,1.496612787246704
1568,van_rossum,superspike,14.958455095569667,polyak,0.0017711463773146998,True,,0.4134460212234665,0.07096331485159801,nan,nan,nan,nan,2.8321219703538025,0.6183645422995027,5.987490653991699,7.254574775695801,24043.1953125,warmstart,5.987490653991699,-1.2670841217041016,0.47916666666666674,9,9,2,1.1543419361114502
1569,guarino,superspike,1.3389946023886965,polyak,0.0008531179048978975,False,,1.063946297142826,0.1716248223687883,0.2732665698372855,19.22218862190291,11.104085196423297,0.07116284243552846,nan,nan,0.5598716735839844,0.6568365693092346,0.6568365693092346,warmstart,0.5598716735839844,-0.09696489572525024,0.020761245674740504,8,9,1,1.407128095626831
1570,guarino,superspike,17.617801367890863,polyak,0.002077681203641726,False,,0.3959939038876749,0.0006271689619691267,0.05305515052104276,6.217165920397362,11.01024106721629,0.1454673805938175,nan,nan,0.7117219567298889,0.47108951210975647,0.47108951210975647,training,0.47108951210975647,0.24063244462013245,0.0,0,9,2,1.3801779747009277
1571,guarino,superspike,1.0881848125938818,polyak,0.022214791111559443,False,,0.4884871383378392,0.4462812389004309,0.15145152564701084,11.693942076542093,7.808804720472814,0.26267259524046654,nan,nan,0.7757930755615234,0.7895721197128296,0.862906277179718,warmstart,0.7757930755615234,-0.013779044151306152,-0.5625,9,9,25,1.501715898513794
1572,guarino,superspike,5.750967774860455,polyak,0.01851280275519101,False,,1.4679593660047547,0.4572512359587363,0.35070806465925936,6.568961810984122,2.6618026326129485,0.07591731834459432,nan,nan,0.6255682110786438,0.6260650157928467,1099732.875,warmstart,0.6255682110786438,-0.0004968047142028809,-0.21527777777777773,9,9,25,1.4338209629058838
1573,van_rossum,superspike,0.9981513686905144,polyak,1.0563615301804191e-05,False,,0.04047757057037793,0.34174907670648524,nan,nan,nan,nan,12.109117010384553,0.3703745371585304,3.8967134952545166,3.625466823577881,2621286.0,training,3.625466823577881,0.27124667167663574,0.0,0,9,25,2.6330668926239014
1574,guarino,superspike,1.207728368954526,polyak,1.4035613246926917e-05,False,,1.4685505532734409,0.7340268272591296,0.14728348219611098,8.646250847942785,5.294460631325608,0.2054565857951404,nan,nan,0.18519064784049988,0.3694402277469635,0.3694402277469635,warmstart,0.18519064784049988,-0.18424957990646362,1.0,9,9,25,1.4173519611358643
1575,guarino,superspike,2.970810881089579,polyak,0.03426256984066318,True,,0.9559195219999295,0.6605585700933898,0.4644415104003277,10.826302973491778,4.453817350673952,0.14181712616350076,nan,nan,1.1395165920257568,1.1130867004394531,1.2831488847732544,training,1.1130867004394531,0.02642989158630371,-0.456140350877193,10,9,25,1.459831953048706
1576,van_rossum,superspike,7.053864273852278,polyak,0.001660687664189592,False,,0.11634716009913587,0.4697579174852792,nan,nan,nan,nan,1.1208521343669948,0.7898317031064264,9.992693901062012,10.862152099609375,12.153020858764648,warmstart,9.992693901062012,-0.8694581985473633,0.13333333333333336,1,9,25,2.1456458568573
1577,guarino,superspike,0.5123273388868118,polyak,0.0013246024100946714,False,,1.3188363030820331,0.6739220044652154,0.359100659213783,13.792327652982896,13.900195742072475,0.2241344569372342,nan,nan,0.08671711385250092,0.36091622710227966,0.3609794080257416,warmstart,0.08671711385250092,-0.27419911324977875,0.30555555555555564,9,9,25,1.4947597980499268
1578,van_rossum,superspike,2.3151272193188297,polyak,0.00034669454398778725,False,,0.1667104210794783,0.8305523010594501,nan,nan,nan,nan,19.28468665478575,0.3375387321311737,3.361832857131958,4.1911725997924805,4.1911725997924805,warmstart,3.361832857131958,-0.8293397426605225,-0.04166666666666662,9,9,25,2.7562460899353027
1579,van_rossum,superspike,5.199689941420963,polyak,0.005170284656243583,False,,1.4226531436036665,0.551508367250052,nan,nan,nan,nan,34.351130143928614,0.8148188850736438,7.776773452758789,7.227581024169922,103989600.0,training,7.227581024169922,0.5491924285888672,0.38735177865612636,14,9,5,3.139068841934204
1580,guarino,superspike,16.69469571758847,polyak,0.0002801296925702938,False,,0.35544989609580374,0.07782173743734844,0.28517891099192727,4.794093717753757,2.2313146596366304,0.24392083783551088,nan,nan,0.6369038820266724,1.356125831604004,1.356125831604004,warmstart,0.6369038820266724,-0.7192219495773315,0.30555555555555564,9,9,25,1.4175019264221191
1581,guarino,superspike,1.5744853500228464,polyak,2.7386404069669836e-05,False,,0.7435442443501681,0.13882925388476586,0.15055287888659472,4.1315357760742515,16.247202865349493,0.1349151203015706,nan,nan,0.6349911093711853,0.8064674735069275,0.8064675331115723,warmstart,0.6349911093711853,-0.1714763641357422,-0.5625,9,9,25,1.4284262657165527
1582,guarino,superspike,0.8276313079553126,polyak,0.04515935897204952,False,,1.0986093628407152,0.06626986046523897,0.4575649775627466,4.238838610350347,2.856873486349981,0.05196506932067494,nan,nan,0.5004217028617859,0.6943926215171814,0.7052534818649292,warmstart,0.5004217028617859,-0.1939709186553955,0.020761245674740504,8,9,25,1.4103209972381592
1583,guarino,superspike,6.878307565106646,polyak,0.00037942496198080155,True,,0.07764272394261251,0.775937829848425,0.3615221808017426,11.05670702835276,10.429841130242103,0.10110922847382231,nan,nan,0.14957940578460693,0.2802993655204773,0.7645156383514404,warmstart,0.14957940578460693,-0.13071995973587036,1.0,9,9,25,1.4786019325256348
1584,van_rossum,superspike,4.096922477548179,polyak,0.0053044065629982195,False,,0.6311075739241689,0.4086386990552422,nan,nan,nan,nan,9.548648866057414,0.5968275679658468,3.354008674621582,5.3678202629089355,12.392459869384766,warmstart,3.354008674621582,-2.0138115882873535,0.1319444444444445,9,9,25,1.7559559345245361
1585,van_rossum,superspike,7.311890502803146,polyak,6.252161999399628e-05,True,,1.3689794709289105,0.5227624306198083,nan,nan,nan,nan,1.2245756216949701,0.40555978458723485,6.98120641708374,6.997710704803467,6.997710704803467,warmstart,6.98120641708374,-0.016504287719726562,0.0,0,9,25,1.1217138767242432
1586,van_rossum,superspike,0.5563802395011603,polyak,0.00041633517332702384,False,,0.9704998663521813,0.1259044582066886,nan,nan,nan,nan,36.105169425254275,0.6305114899593964,5.504072666168213,5.493610382080078,5.494826316833496,training,5.493610382080078,0.010462284088134766,0.7128027681660901,8,9,25,3.9015448093414307
1587,van_rossum,superspike,4.962816660930078,polyak,0.042370355749403676,False,,0.08723782876374919,0.18946998357820488,nan,nan,nan,nan,4.703651732856277,0.34108955461512447,4.024956703186035,4.326281547546387,1.4672701352312832e+16,warmstart,4.024956703186035,-0.30132484436035156,0.24561403508771928,10,9,25,1.2945201396942139
1588,van_rossum,superspike,11.376738603823453,polyak,0.0006123757558790274,False,,1.087089964453544,0.8784487245006501,nan,nan,nan,nan,1.1436583925754722,0.2621620516958454,5.754123210906982,6.236245155334473,6.236245155334473,warmstart,5.754123210906982,-0.48212194442749023,0.0,0,9,25,1.0444228649139404
1589,van_rossum,superspike,1.1290845596380665,polyak,1.1392078011580088e-05,True,,1.0840474936920828,0.1602572754219892,nan,nan,nan,nan,6.790372580777086,0.16043388504493505,3.222576379776001,3.4407408237457275,3.440882921218872,warmstart,3.222576379776001,-0.21816444396972656,0.19377162629757788,8,9,25,1.5374529361724854
1590,van_rossum,superspike,2.63701654851929,polyak,0.0001482071132697396,True,,0.30645660578336587,0.745944032427188,nan,nan,nan,nan,12.320907924555483,0.2809419283531881,3.121403455734253,5.120881080627441,5.198995590209961,warmstart,3.121403455734253,-1.9994776248931885,-0.5625,9,9,25,2.118565797805786
1591,van_rossum,superspike,5.2616478113723115,polyak,1.8394845602447893e-05,False,,0.3329527180269275,0.49045073600350675,nan,nan,nan,nan,2.6283846026535755,0.831796154307461,8.24380111694336,9.427789688110352,15.122354507446289,warmstart,8.24380111694336,-1.1839885711669922,-0.6315789473684211,10,9,25,1.2071759700775146
1592,van_rossum,superspike,18.99602552191496,polyak,0.012118608280185341,False,,1.2912262675962949,0.40697283611196233,nan,nan,nan,nan,9.895961465791146,0.45055357055172884,4.591927528381348,4.851239204406738,1.2899284819505263e+20,warmstart,4.591927528381348,-0.2593116760253906,0.25694444444444436,7,9,3,1.628474235534668
1593,van_rossum,superspike,1.038865050820012,polyak,0.0029788282401480744,False,,0.3902282273932423,0.04085790351009644,nan,nan,nan,nan,11.748881982098013,0.7798549148714806,6.8973565101623535,6.7033491134643555,65727056.0,training,6.7033491134643555,0.19400739669799805,-1.0,4000,9,25,1.997349739074707
1594,guarino,superspike,3.108463957766613,polyak,6.904393527404854e-05,True,,0.8597768305953801,0.37209191580887624,0.20653899386468155,2.5649213964388418,2.3898350793382295,0.11363956589565306,nan,nan,0.7484460473060608,0.7287834286689758,501439.53125,training,0.7287834286689758,0.01966261863708496,0.0,0,9,25,1.4985542297363281
1595,guarino,superspike,2.145285141968455,polyak,3.349771241423487e-05,True,,1.2604410967123614,0.28746892829992543,0.3253650362490133,7.911434648787952,3.930297312528684,0.1948221934225859,nan,nan,0.699786901473999,1.001988410949707,1.0184733867645264,warmstart,0.699786901473999,-0.302201509475708,0.19377162629757788,8,9,25,1.4557921886444092
1596,van_rossum,superspike,0.6174376191101356,polyak,0.0002163103979186656,False,,0.5365194012797563,0.6978703420702284,nan,nan,nan,nan,3.6345927138489946,0.14039580417774822,2.7862837314605713,4.379990100860596,4.380000591278076,warmstart,2.7862837314605713,-1.5937063694000244,0.1319444444444445,9,9,25,1.2152650356292725
1597,guarino,superspike,0.7180587991561275,polyak,0.00807934127513289,False,,0.36155168358553746,0.3214618509201238,0.23675850387127684,6.086300033661305,6.488866455348751,0.24047711760559706,nan,nan,0.7393487691879272,0.6793481111526489,0.6793481111526489,training,0.6793481111526489,0.06000065803527832,0.19377162629757788,8,9,25,1.4632468223571777
1598,guarino,superspike,0.8413436411328491,polyak,3.199343211452946e-05,False,,1.0990770776254855,0.5915408843637119,0.2525721707159814,10.048395487147234,16.723627216251796,0.03650393368990239,nan,nan,0.3205924332141876,0.7675264477729797,0.7675309777259827,warmstart,0.3205924332141876,-0.4469340145587921,-0.5625,9,9,25,1.4200420379638672
1599,guarino,superspike,12.744251783583058,polyak,0.012921767427802286,False,,0.02538299135801636,0.47739142797999323,0.16674522206793752,6.206405749279446,6.126966124163611,0.11679410155378969,nan,nan,0.770552933216095,0.9074873924255371,1677930.375,warmstart,0.770552933216095,-0.13693445920944214,0.24561403508771928,10,9,25,1.412688970565796
1600,van_rossum,superspike,7.8630927961167885,polyak,0.00022692116679160848,False,,0.8643596598762688,0.7615222922385597,nan,nan,nan,nan,7.377235151974168,0.647151248530974,6.647514343261719,5.814288139343262,5.814288139343262,training,5.814288139343262,0.833226203918457,-0.1522491349480969,8,9,25,1.5854511260986328
1601,guarino,superspike,1.6924028975513004,polyak,0.027028721604389457,True,,0.42847534449150393,0.13224550180524286,0.401346650346903,11.948268914690471,19.305325608252456,0.12194735313911831,nan,nan,0.2522232234477997,0.2452143281698227,1564940.75,training,0.2452143281698227,0.00700889527797699,-1.0,3791,9,25,1.5008740425109863
1602,guarino,superspike,10.121984883947189,polyak,8.757298081441004e-05,False,,0.6883073565284052,0.6727382423624793,0.11715209272960073,11.094367204283184,17.096552081133378,0.17522422552982736,nan,nan,0.45801663398742676,0.2441854476928711,0.9220501780509949,training,0.2441854476928711,0.21383118629455566,0.8263888888888888,9,9,25,1.4102821350097656
1603,van_rossum,superspike,1.5306948244052492,polyak,0.0005511635844008317,False,,0.4507197643005445,0.8895570571156132,nan,nan,nan,nan,48.351357836899126,0.3067672957354898,2.95792555809021,2.5886971950531006,2.6080048084259033,training,2.5886971950531006,0.3692283630371094,-0.2807017543859649,10,9,25,4.5522620677948
1604,van_rossum,superspike,1.496781329402372,polyak,0.047557064709443646,False,,0.26296456381486777,0.17363896408860913,nan,nan,nan,nan,14.967007291041883,0.9523171069997972,8.567392349243164,10.972077369689941,10.972077369689941,warmstart,8.567392349243164,-2.4046850204467773,-0.5625,9,9,25,2.3065881729125977
1605,van_rossum,superspike,16.108228453313107,polyak,0.0003626015347645978,False,,1.088346312316411,0.26860786068493503,nan,nan,nan,nan,36.64688147181412,0.7791767912046089,5.0266432762146,4.925213813781738,5.359386444091797,training,4.925213813781738,0.10142946243286133,0.36678200692041524,8,9,25,3.9037539958953857
1606,van_rossum,superspike,0.7564573289601596,polyak,0.007497780001995057,True,,0.545532455511057,0.8706405934280971,nan,nan,nan,nan,30.387529169413778,0.3680898735038748,3.35811710357666,3.487837076187134,4.843601703643799,warmstart,3.35811710357666,-0.12971997261047363,0.6527777777777778,9,9,25,3.567852020263672
1607,van_rossum,superspike,3.6656191650145917,polyak,0.000597137896374423,True,,0.0205351758947509,0.8503049599765884,nan,nan,nan,nan,22.938848723796134,0.758752394254019,5.020876884460449,4.663215637207031,6.623307228088379,training,4.663215637207031,0.35766124725341797,0.5397923875432526,8,9,25,3.088090181350708
1608,guarino,superspike,2.319325266030186,polyak,0.003619809712276228,True,,1.1289115403039547,0.17371536844498714,0.12831720445172815,1.8285306428366912,3.98651572829152,0.07205196888890064,nan,nan,0.6070055365562439,0.5798887014389038,0.8521519303321838,training,0.5798887014389038,0.027116835117340088,0.30555555555555564,9,9,25,1.4646117687225342
1609,van_rossum,superspike,2.1167508397382737,polyak,0.00010132354597997211,False,,1.4547964141111502,0.37263983664795264,nan,nan,nan,nan,42.666006378572945,0.2531691596797929,1.8541823625564575,2.778430938720703,23.597965240478516,warmstart,1.8541823625564575,-0.9242485761642456,0.6527777777777778,9,9,25,4.22492527961731
1610,guarino,superspike,0.7699180274716977,polyak,0.007482744862630572,True,,0.3117770461044645,0.5815380148024186,0.43447044445789773,10.064540433219364,6.971416917130301,0.172663976162113,nan,nan,0.40689465403556824,0.4068945348262787,12488.90234375,training,0.4068945348262787,1.1920928955078125e-07,-1.0,277,9,2,1.4145679473876953
1611,guarino,superspike,2.1122779874651667,polyak,0.09710714449982824,False,,0.2312634567093147,0.8762618174844566,0.10861774657432154,18.434833809541228,13.767256364399968,0.1584488714771589,nan,nan,0.6700700521469116,0.7391524910926819,3.0557329654693604,warmstart,0.6700700521469116,-0.06908243894577026,-0.5625,9,9,25,1.4329400062561035
1612,van_rossum,superspike,0.6113497614178963,polyak,0.009345868831821614,True,,1.0847458486592414,0.01309387603292167,nan,nan,nan,nan,32.80670949899193,0.13219582532671925,1.7817200422286987,1.5526103973388672,1.5959926843643188,training,1.5526103973388672,0.22910964488983154,0.30555555555555564,9,9,25,3.678656816482544
1613,guarino,superspike,10.544856339848534,polyak,1.4140644460975642e-05,True,,0.8734609923433716,0.5112402605537932,0.2188209761755812,6.691688724652785,19.182002970461063,0.23560748261945683,nan,nan,1.6742053031921387,1.5256513357162476,15.307660102844238,training,1.5256513357162476,0.1485539674758911,0.007142857142857149,11,9,25,1.4489898681640625
1614,guarino,superspike,0.7443678999563679,polyak,0.000915160655243449,False,,0.6809598757920035,0.4382130800392191,0.29173624329892456,11.229083063940704,17.540730027749923,0.1037738438036017,nan,nan,0.6015610694885254,0.7356016635894775,0.8193916082382202,warmstart,0.6015610694885254,-0.13404059410095215,-0.5625,9,9,25,1.3933939933776855
1615,van_rossum,superspike,0.5886020065025025,polyak,0.005248700277225367,True,,0.6352995830863697,0.8380327774092649,nan,nan,nan,nan,5.162415595630735,0.14437152810335563,2.465737819671631,3.275648593902588,4.108658790588379,warmstart,2.465737819671631,-0.809910774230957,-0.5625,9,9,25,1.388733148574829
1616,van_rossum,superspike,2.1120789351017843,polyak,0.00024810130029947065,False,,1.3309057033993281,0.017296511094167966,nan,nan,nan,nan,39.4842158418993,0.35822167520172743,3.573343276977539,4.2428107261657715,2447658.5,warmstart,3.573343276977539,-0.6694674491882324,0.5397923875432526,8,9,25,3.9721720218658447
1617,van_rossum,superspike,7.03217558744035,polyak,0.0003713119961621261,True,,0.2552751551244215,0.04563178143557589,nan,nan,nan,nan,8.292559508369662,0.21533868480646745,2.8117430210113525,3.133322238922119,6.897231101989746,warmstart,2.8117430210113525,-0.3215792179107666,0.8858131487889275,8,9,25,1.6655731201171875
1618,guarino,superspike,0.7878321486683506,polyak,1.2371567450460932e-05,False,,0.6663710234180816,0.10081688539591105,0.3990395472483223,2.3677300933264136,18.494341398556294,0.16225617697261852,nan,nan,0.35748788714408875,0.7502793669700623,0.7503076195716858,warmstart,0.35748788714408875,-0.3927914798259735,-0.5625,9,9,25,2.0237700939178467
1619,guarino,superspike,1.3670719065221473,polyak,0.08426401903794008,False,,0.20688736242687106,0.3594596643866719,0.18674209147144846,9.012968819110183,12.850560991084,0.18094437997479182,nan,nan,0.5727156400680542,1.2592222690582275,2606483.75,warmstart,0.5727156400680542,-0.6865066289901733,-0.10526315789473688,10,9,25,1.3964011669158936
1620,van_rossum,superspike,7.023212008595354,polyak,4.511674093171477e-05,False,,1.353603397476419,0.32152733419153634,nan,nan,nan,nan,46.721248489191716,0.28541256298862483,1.609811544418335,1.7246675491333008,18.575885772705078,warmstart,1.609811544418335,-0.11485600471496582,1.0,9,9,25,4.371664762496948
1621,van_rossum,superspike,1.2573867190634374,polyak,0.00010951431126867741,True,,1.3880819954498738,0.13841838975706489,nan,nan,nan,nan,2.221772012889987,0.10681438624102724,4.4897141456604,6.116962909698486,6.116962909698486,warmstart,4.4897141456604,-1.627248764038086,-0.20454545454545459,3,9,25,2.334131956100464
1622,van_rossum,superspike,2.6908159621424663,polyak,0.0013101272941954826,False,,0.3085339992860087,0.7315763789367484,nan,nan,nan,nan,9.66942308226209,0.11217735500947823,2.447528839111328,2.6954987049102783,2.696671724319458,warmstart,2.447528839111328,-0.2479698657989502,-0.1522491349480969,8,9,25,1.661423921585083
1623,guarino,superspike,1.6234972418120739,polyak,0.0005435139115776765,True,,0.5485700763448556,0.5593336107029797,0.05261514153351331,8.313093955191658,18.954404833046144,0.23245401169950508,nan,nan,0.6387668251991272,0.8776957392692566,9.268723487854004,warmstart,0.6387668251991272,-0.2389289140701294,-0.5625,9,9,25,1.463338851928711
1624,van_rossum,superspike,0.6549147867358922,polyak,3.0020176010043516e-05,False,,0.0004393827373692094,0.35919976950293386,nan,nan,nan,nan,1.0957933299364766,0.43502179072678904,7.140746593475342,7.176286220550537,7.177014350891113,warmstart,7.140746593475342,-0.03553962707519531,0.0,0,9,25,1.055379867553711
1625,guarino,superspike,12.58804097135705,polyak,0.00033544534123914314,False,,0.7227583598692648,0.688622476361669,0.4538200278240114,9.377114234924978,15.39058970693312,0.26476189496063496,nan,nan,0.3012344241142273,0.6242282390594482,0.6244247555732727,warmstart,0.3012344241142273,-0.32299381494522095,-0.04166666666666662,9,9,25,1.413543939590454
1626,guarino,superspike,9.148342518641469,polyak,0.016072680380831057,False,,1.2859897346215319,0.692027913701495,0.11223859658777224,13.937912050960946,12.485190201917096,0.1001016277546213,nan,nan,0.4568859338760376,0.704094409942627,4.412525177001953,warmstart,0.4568859338760376,-0.24720847606658936,-0.21527777777777773,9,9,25,1.382781982421875
1627,van_rossum,superspike,1.5395832200240993,polyak,1.748427937590738e-05,False,,0.43917983897046725,0.8190794818137422,nan,nan,nan,nan,4.363207450851469,0.09844833288382937,3.7614753246307373,2.278392791748047,2.376768112182617,training,2.278392791748047,1.4830825328826904,0.8263888888888888,9,9,25,1.2438700199127197
1628,guarino,superspike,11.264019501801846,polyak,0.01138022120270424,True,,1.006189579795802,0.04781544901944135,0.4261589203221802,9.952578259488709,2.8680795040052978,0.09022530334500553,nan,nan,0.8404430150985718,0.7045595049858093,2982.8916015625,training,0.7045595049858093,0.13588351011276245,-1.0,190,9,25,1.464792013168335
1629,van_rossum,superspike,1.036551932034786,polyak,0.0024490752138136207,True,,0.6040776623712436,0.6236301992462796,nan,nan,nan,nan,13.046594490496036,0.030595693118689482,0.9507908225059509,1.843872308731079,3811.755126953125,warmstart,0.9507908225059509,-0.8930814862251282,-0.49826989619377166,8,9,2,1.8365681171417236
1630,guarino,superspike,16.25770071109217,polyak,0.004071118316116222,False,,0.842074832070982,0.291919540977177,0.31843652651749205,3.4936820268930946,8.908637813847967,0.08532838373542607,nan,nan,0.7714439034461975,1.231831431388855,1227495.875,warmstart,0.7714439034461975,-0.46038752794265747,0.1319444444444445,9,9,25,1.426316738128662
1631,van_rossum,superspike,7.678152906928068,polyak,0.00011772962869514333,True,,0.8993226930793805,0.7406117038427333,nan,nan,nan,nan,2.232163955704472,0.15741053551402484,3.9552834033966064,5.378599166870117,6.632412910461426,warmstart,3.9552834033966064,-1.4233157634735107,-0.04166666666666662,9,9,25,1.1548008918762207
1632,van_rossum,superspike,0.9282973340001959,polyak,0.0004236453703661524,False,,1.0763896507277226,0.9934178718010545,nan,nan,nan,nan,2.204544827073909,0.2659746345804469,5.440571308135986,7.992668151855469,7.998500347137451,warmstart,5.440571308135986,-2.5520968437194824,-0.2637362637362637,4,9,25,1.1183760166168213
1633,van_rossum,superspike,17.52901140780246,polyak,1.2289980072849415e-05,False,,0.6021391574537656,0.2541631512036776,nan,nan,nan,nan,45.84552068371659,0.17460046681255625,1.3973500728607178,1.3694648742675781,17.427352905273438,training,1.3694648742675781,0.02788519859313965,-0.2637362637362637,4,9,25,4.321125030517578
1634,guarino,superspike,6.984479573750982,polyak,0.0004325314340970895,False,,0.7105686943091971,0.5850155694072274,0.4889139637281385,15.215481858631403,13.994614706856693,0.12956791043559493,nan,nan,0.6840988397598267,0.903489351272583,1.4194658994674683,warmstart,0.6840988397598267,-0.21939051151275635,-0.5625,9,9,25,1.4357318878173828
1635,guarino,superspike,0.6971175751656625,polyak,0.006476278127934783,False,,0.787533697217326,0.6731826653667136,0.361671126152992,4.067400010632954,4.644226958245547,0.06245316911105842,nan,nan,0.4971083402633667,0.578850269317627,0.5999504923820496,warmstart,0.4971083402633667,-0.08174192905426025,0.19377162629757788,8,9,25,1.3957512378692627
1636,van_rossum,superspike,1.6966678857931676,polyak,0.05054836659223609,True,,0.8838005354516834,0.4144610989715055,nan,nan,nan,nan,17.654258876242164,0.5530646742657671,5.324304103851318,5.367793560028076,5.520545959472656,warmstart,5.324304103851318,-0.04348945617675781,0.24561403508771928,10,9,25,2.707301139831543
1637,guarino,superspike,1.61885562965854,polyak,0.00010075704565441086,False,,0.44983163870955034,0.12041829179843544,0.4022138714723555,4.973512601464217,4.132662845045253,0.25470029184775644,nan,nan,0.48307549953460693,0.8249815702438354,0.8249881267547607,warmstart,0.48307549953460693,-0.3419060707092285,-0.5625,9,9,25,1.4148900508880615
1638,guarino,superspike,0.9391325779034035,polyak,0.03889243453595069,False,,0.4222966232902633,0.49125290678116407,0.2905560203299373,19.24025887533581,6.728101290788686,0.15641738729700996,nan,nan,0.7476209998130798,0.8768390417098999,0.9724906086921692,warmstart,0.7476209998130798,-0.12921804189682007,0.24561403508771928,10,9,25,1.4548659324645996
1639,guarino,superspike,1.0707531203219023,polyak,0.015619347646359957,False,,0.6075003206317533,0.6923231274883913,0.47623969186281434,6.729324466283323,2.268269899559131,0.03293405017626111,nan,nan,0.6345425844192505,0.7592951059341431,1.145714521408081,warmstart,0.6345425844192505,-0.12475252151489258,0.19377162629757788,8,9,25,1.39603590965271
1640,van_rossum,superspike,0.6779049995962896,polyak,0.0001939842932628516,False,,1.0358609499062545,0.9783676888228467,nan,nan,nan,nan,2.1035723616160933,0.91455574762821,8.517361640930176,10.150209426879883,10.186895370483398,warmstart,8.517361640930176,-1.632847785949707,0.18571428571428572,11,9,25,1.106665849685669
1641,van_rossum,superspike,3.843579728234355,polyak,0.00020715577406272466,True,,0.402855159214562,0.24101029983460986,nan,nan,nan,nan,25.55141170337465,0.4000676062694897,3.2425832748413086,2.995649576187134,23.79589080810547,training,2.995649576187134,0.2469336986541748,-0.09027777777777786,7,9,25,3.2504069805145264
1642,van_rossum,superspike,0.6591713196177511,polyak,1.1064055262121278e-05,False,,0.21928062435110368,0.6403873792637772,nan,nan,nan,nan,2.1563641971762437,0.37778996449564606,7.269040584564209,7.242276668548584,7.242276668548584,training,7.242276668548584,0.026763916015625,0.0,0,9,25,1.1230120658874512
1643,van_rossum,superspike,17.635495830567343,polyak,3.777357427835466e-05,False,,1.2242492511937402,0.004096369527886612,nan,nan,nan,nan,8.996563756149923,0.0014123871371518604,1.4827840328216553,1.618401050567627,1198455.25,warmstart,1.4827840328216553,-0.13561701774597168,0.30555555555555564,9,9,25,1.7035000324249268
1644,guarino,superspike,0.5448707034373708,polyak,0.0024051003725486506,True,,0.775598417795199,0.34395721514212485,0.20064888933448302,16.179997138144874,8.257940392351582,0.023957906962897724,nan,nan,0.4036559462547302,0.7319815158843994,2.4026243686676025,warmstart,0.4036559462547302,-0.3283255696296692,0.6527777777777778,9,9,25,1.4635179042816162
1645,guarino,superspike,7.499301604377215,polyak,0.00011023663931265425,True,,1.1884914485727038,0.5911138179479495,0.25502597362894697,7.386134878283187,1.8569993495158394,0.27390630083020423,nan,nan,0.6162299513816833,0.8696164488792419,1079468.0,warmstart,0.6162299513816833,-0.2533864974975586,-0.5625,9,9,25,1.4444448947906494
1646,guarino,superspike,1.2195379899996042,polyak,1.5058026773668254e-05,False,,0.8190210606138753,0.4641137044050413,0.23961785238895414,15.900358930556106,12.39102906270226,0.00042454449877737943,nan,nan,0.44295334815979004,0.44494226574897766,0.4449426829814911,warmstart,0.44295334815979004,-0.001988917589187622,1.0,9,9,25,1.4366180896759033
1647,guarino,superspike,0.572510856818233,polyak,0.0005617285258433133,True,,0.002239441242517737,0.4929449916388078,0.1900055386433762,9.248342317166584,1.2228917602706875,0.12053460197526673,nan,nan,0.5032798647880554,0.45331108570098877,0.6754620671272278,training,0.45331108570098877,0.04996877908706665,0.1319444444444445,9,9,25,1.4277682304382324
1648,guarino,superspike,5.027750897253974,polyak,0.08598168694967165,True,,1.070123915568022,0.7242473232911479,0.08423803908909434,6.229840254794315,12.092384473868439,0.1567178031789906,nan,nan,0.6179198622703552,0.31825125217437744,16.465959548950195,training,0.31825125217437744,0.2996686100959778,-0.04166666666666662,9,9,25,1.4594712257385254
1649,van_rossum,superspike,4.930350567023237,polyak,0.0939234404658167,True,,0.17444226620356418,0.13255990816180785,nan,nan,nan,nan,5.4982883648613825,0.804949984798683,8.101563453674316,7.586953163146973,28.229726791381836,training,7.586953163146973,0.5146102905273438,0.0,0,9,25,1.4239139556884766
1650,guarino,superspike,2.816324665760831,polyak,0.0005272008447911404,False,,0.9068432100476687,0.5095452359860633,0.4890835079163209,18.105920307509656,6.587481770724289,0.03635304177785459,nan,nan,0.9816452860832214,0.7185876369476318,994.0254516601562,training,0.7185876369476318,0.2630576491355896,0.0,0,9,25,1.3945770263671875
1651,van_rossum,superspike,10.912242397487192,polyak,0.0003236251967337592,True,,1.4829784125074827,0.9677951848840384,nan,nan,nan,nan,18.217024738203815,0.37166277098593303,3.966294050216675,5.5529937744140625,5.677684783935547,warmstart,3.966294050216675,-1.5866997241973877,-0.38888888888888884,9,9,25,2.789340019226074
1652,van_rossum,superspike,9.88842500222609,polyak,0.0010481621760496762,False,,0.6292535157273192,0.3631446000537998,nan,nan,nan,nan,9.661313144964998,0.7798880602861596,7.2652130126953125,5.260196685791016,5.701403617858887,training,5.260196685791016,2.005016326904297,0.25694444444444436,7,9,25,1.7318227291107178
1653,van_rossum,superspike,2.1841591481170335,polyak,0.000879452729160742,False,,0.46189236741056144,0.7469132917135421,nan,nan,nan,nan,3.9958632666656997,0.5854894812852751,7.480703830718994,7.314906120300293,7.325990200042725,training,7.314906120300293,0.16579771041870117,0.36678200692041524,8,9,25,1.2683379650115967
1654,guarino,superspike,0.5499713568962676,polyak,0.002755161358067821,True,,0.05123558167933129,0.1159236969742371,0.22565335520043067,19.3306051295497,11.371103445182147,0.0936672517400339,nan,nan,0.5685057044029236,0.6190094947814941,0.6397180557250977,warmstart,0.5685057044029236,-0.05050379037857056,-0.04166666666666662,9,9,25,1.533200740814209
1655,van_rossum,superspike,10.16670312010156,polyak,0.0023506137059544794,True,,0.7259688916717006,0.5667192577926576,nan,nan,nan,nan,12.01175190457051,0.23633124409658046,2.564687490463257,3.018223762512207,14.856186866760254,warmstart,2.564687490463257,-0.4535362720489502,0.020761245674740504,8,9,25,2.0949409008026123
1656,guarino,superspike,0.8288507510300599,polyak,3.7854848177710955e-05,True,,1.2933822494356961,0.25710190639517017,0.32530391197567654,9.808604021170582,18.751058798284156,0.23462519642222285,nan,nan,0.9320228099822998,nan,nan,warmstart,0.9320228099822998,nan,0.020761245674740504,8,9,0,1.4179418087005615
1657,van_rossum,superspike,10.681441394891735,polyak,0.0016781615666207107,True,,0.2172146574629058,0.35570859338772187,nan,nan,nan,nan,21.393406416201994,0.30805570783652825,3.0729217529296875,2.409809112548828,20.01317024230957,training,2.409809112548828,0.6631126403808594,0.0,0,9,25,3.037196159362793
1658,van_rossum,superspike,0.8278103012458728,polyak,0.02180934631753651,False,,0.4239399418020752,0.8022465025940588,nan,nan,nan,nan,45.067416224877974,0.3319614062056262,2.98618483543396,2.5512807369232178,2.5512807369232178,training,2.5512807369232178,0.4349040985107422,0.19377162629757788,8,9,25,4.286638021469116
1659,guarino,superspike,1.3164354832926999,polyak,0.059152152150779,True,,0.7644229711502064,0.34988929506343414,0.21257123011453252,8.756139621119301,7.555853939939766,0.17997826767114383,nan,nan,0.7227426171302795,0.7592116594314575,247.1290740966797,warmstart,0.7227426171302795,-0.03646904230117798,-0.5625,9,9,25,1.4595508575439453
1660,van_rossum,superspike,1.0843126206271134,polyak,1.3284555552413316e-05,True,,1.2139126741276633,0.8554818472056638,nan,nan,nan,nan,2.5696328235825456,0.36003230149926646,5.559558868408203,10.159671783447266,10.159671783447266,warmstart,5.559558868408203,-4.6001129150390625,-0.5625,9,9,25,1.1842718124389648
1661,guarino,superspike,1.6130451447089302,polyak,0.00010064055004745736,False,,1.4920042299403151,0.4583517518089629,0.1037797541884376,19.66331933435151,5.610645893056582,0.021764112567667946,nan,nan,0.6395258903503418,0.5057542324066162,0.5057564377784729,training,0.5057542324066162,0.13377165794372559,0.30555555555555564,9,9,25,1.460803747177124
1662,guarino,superspike,6.706307481586408,polyak,0.009806026398306307,False,,0.83852288279726,0.2022554350002772,0.0528386635850769,15.008278066592073,12.39267539345593,0.12676387024135113,nan,nan,0.4479901194572449,0.5208179354667664,1823062.875,warmstart,0.4479901194572449,-0.07282781600952148,-0.21527777777777773,9,9,25,1.4089221954345703
1663,guarino,superspike,3.406909533706257,polyak,0.002318076127059855,True,,0.8196226500154179,0.06731845905410516,0.20523735732571977,12.938210090225931,7.3296740111464835,0.23038206843493522,nan,nan,0.806045651435852,0.8211101293563843,0.8211101293563843,warmstart,0.806045651435852,-0.015064477920532227,0.19377162629757788,8,9,1,2.025944948196411
1664,guarino,superspike,14.811793116222345,polyak,0.035900922918226504,False,,0.5991006820011539,0.7527238376707559,0.46110376210703063,6.953714800851343,7.245648528916749,0.16374188782641466,nan,nan,0.695800244808197,1.1452770233154297,5.1039886474609375,warmstart,0.695800244808197,-0.44947677850723267,-0.2807017543859649,10,9,25,1.4174489974975586
1665,guarino,superspike,1.7666167587084747,polyak,1.1598035837677272e-05,True,,0.17578489762191585,0.0772047208513752,0.4039668574998242,2.700630389568958,14.000988312078016,0.11395907272780294,nan,nan,0.906343936920166,1.200607419013977,1.2006568908691406,warmstart,0.906343936920166,-0.29426348209381104,-0.10526315789473688,10,9,25,1.4719312191009521
1666,guarino,superspike,1.0694912200215154,polyak,4.2400165474543926e-05,False,,0.3318051090435913,0.20504394342329946,0.4496845408218992,1.3797322589191525,17.72232768259947,0.012427412501116408,nan,nan,0.7416815161705017,0.7377561926841736,0.7377573847770691,training,0.7377561926841736,0.003925323486328125,0.020761245674740504,8,9,25,2.6498727798461914
1667,van_rossum,superspike,18.69929356407629,polyak,0.021256490476905966,False,,0.6138228005404097,0.6966303015013859,nan,nan,nan,nan,3.443379425041585,0.5465036186486468,5.351358413696289,6.704672813415527,10.251049995422363,warmstart,5.351358413696289,-1.3533143997192383,0.6527777777777778,9,9,25,1.161578893661499
1668,van_rossum,superspike,0.8065600566628955,polyak,0.008727798138010189,False,,0.33100917266606206,0.605454073732427,nan,nan,nan,nan,21.068424977563758,0.27242386338325053,3.0245227813720703,2.7327136993408203,554340.5,training,2.7327136993408203,0.29180908203125,-1.0,4000,9,15,2.809034824371338
1669,van_rossum,superspike,1.0607949853077003,polyak,0.0013257654283019263,False,,0.5735297356330149,0.5599881996862173,nan,nan,nan,nan,1.5266684323437858,0.21531362585140323,3.901118516921997,9.201017379760742,20.71849250793457,warmstart,3.901118516921997,-5.299898862838745,-0.49826989619377166,8,9,25,1.0926430225372314
1670,van_rossum,superspike,1.4218291342688367,polyak,0.03084745374933023,True,,0.10078664277115873,0.10242793841395881,nan,nan,nan,nan,40.73666260317154,0.6501851993537574,4.783628463745117,4.308455944061279,20.52988624572754,training,4.308455944061279,0.4751725196838379,0.0,0,9,25,4.062187671661377
1671,guarino,superspike,5.9321190616118775,polyak,0.0354082299464815,False,,0.013360880734974212,0.15821527567568805,0.4633797376110494,11.68590149812296,10.123799788713354,0.019577357481104174,nan,nan,0.6852744221687317,0.8142944574356079,46.49898147583008,warmstart,0.6852744221687317,-0.12902003526687622,-0.5625,9,9,25,1.4231140613555908
1672,van_rossum,superspike,12.659482350728757,polyak,0.0001426657561026616,True,,0.49319997563373197,0.5506283062196712,nan,nan,nan,nan,1.1694139397301173,0.3787621482452719,6.3277387619018555,6.373477458953857,6.373477458953857,warmstart,6.3277387619018555,-0.04573869705200195,0.0,0,9,25,1.115278959274292
1673,van_rossum,superspike,5.994847626244051,polyak,0.001763122218315135,False,,0.6369205778499611,0.08705605703019914,nan,nan,nan,nan,15.898067480178156,0.02468436803447882,0.6044180393218994,0.6540890336036682,205554.421875,warmstart,0.6044180393218994,-0.0496709942817688,1.0,9,9,10,2.167667865753174
1674,guarino,superspike,5.963615996073519,polyak,0.00010416878778187326,True,,1.2708954308990152,0.055064471802384274,0.17253457789310125,3.0548838963564973,9.49373416817492,0.19107815722605911,nan,nan,0.7954227924346924,0.8550604581832886,37.99110412597656,warmstart,0.7954227924346924,-0.05963766574859619,-0.32525951557093424,8,9,25,1.465468168258667
1675,van_rossum,superspike,2.5528878429346884,polyak,0.0013073426018770456,True,,0.4658356962894483,0.8542263510583245,nan,nan,nan,nan,2.253446296344254,0.03283212170828653,3.5123178958892822,3.474695920944214,4.199489593505859,training,3.474695920944214,0.03762197494506836,0.46886446886446886,4,9,25,1.1516852378845215
1676,guarino,superspike,4.425558511915659,polyak,0.0005268749292022558,False,,0.8329475650325564,0.9665637125333727,0.15687441151296527,3.822695590094351,9.04747343449838,0.151199568961104,nan,nan,0.6587423086166382,0.6127254366874695,0.6153615713119507,training,0.6127254366874695,0.0460168719291687,-0.5625,9,9,25,1.4220762252807617
1677,guarino,superspike,9.119893126101356,polyak,5.572613079343509e-05,False,,0.617603640921691,0.31754428739632545,0.3409151401147148,17.91317362404565,3.6345508649960947,0.16402647808483076,nan,nan,0.7344198822975159,0.7377147674560547,381458.625,warmstart,0.7344198822975159,-0.0032948851585388184,-0.38888888888888884,9,9,25,1.4135627746582031
1678,guarino,superspike,0.997524339574957,polyak,0.00940870625526857,True,,1.0005314324165904,0.07971103492529885,0.2051128940237022,1.5262876287518106,2.7135032530812246,0.08513604001699823,nan,nan,0.5039238929748535,0.23747572302818298,1.073642373085022,training,0.23747572302818298,0.26644816994667053,1.0,9,9,25,1.4550912380218506
1679,guarino,superspike,3.435001079537936,polyak,0.00402346063107112,False,,1.195524826086197,0.06442177752673961,0.37082762785413453,5.786775074860969,5.843132234289434,0.16417147351574865,nan,nan,0.6452820897102356,0.6785652041435242,272087.125,warmstart,0.6452820897102356,-0.033283114433288574,-0.21527777777777773,9,9,25,1.4160740375518799
1680,van_rossum,superspike,4.342717107030539,polyak,2.0969766447511546e-05,False,,1.4317518664519706,0.9075322549713224,nan,nan,nan,nan,2.1034783051503143,0.6631022765288972,7.097403049468994,7.010056972503662,7.143947124481201,training,7.010056972503662,0.08734607696533203,0.7719298245614036,10,9,25,1.1122822761535645
1681,guarino,superspike,14.845699418579853,polyak,0.08107224341805762,True,,0.6464252949136351,0.6207649226613337,0.45195722972993807,4.030997284905025,7.3465312033453625,0.23937894351030586,nan,nan,0.7742417454719543,0.7349223494529724,333.88714599609375,training,0.7349223494529724,0.039319396018981934,-0.10526315789473688,10,9,25,1.473747968673706
1682,van_rossum,superspike,14.043526012674771,polyak,2.963251735280807e-05,True,,0.9622545208198314,0.8401100363445436,nan,nan,nan,nan,21.721412736681987,0.009938322534245758,0.4070962965488434,0.8059813976287842,0.8059871792793274,warmstart,0.4070962965488434,-0.3988851010799408,-0.04166666666666662,9,9,25,3.0435128211975098
1683,guarino,superspike,1.2298925821783313,polyak,0.0003277159579992206,True,,1.2719521535625926,0.19450518322077281,0.10829798475518528,14.788008770912983,3.4098146740458537,0.12309583414455409,nan,nan,0.6729406118392944,0.9770310521125793,1.0426121950149536,warmstart,0.6729406118392944,-0.3040904402732849,0.19377162629757788,8,9,25,1.4524991512298584
1684,van_rossum,superspike,5.698721471840878,polyak,1.3879904850819759e-05,False,,0.17369241419051928,0.28355183131508377,nan,nan,nan,nan,1.5159898341605291,0.03951246900530825,4.482285022735596,4.7086286544799805,4.708630084991455,warmstart,4.482285022735596,-0.22634363174438477,0.13333333333333336,1,9,25,1.1091289520263672
1685,van_rossum,superspike,18.07334831199488,polyak,1.2145302317657763e-05,False,,1.0682115731464181,0.33007363734255557,nan,nan,nan,nan,1.2833604093412951,0.3009581361836765,4.931527137756348,4.855919361114502,6.865543842315674,training,4.855919361114502,0.0756077766418457,-0.075,1,9,25,1.0649030208587646
1686,van_rossum,superspike,9.284802006109121,polyak,0.0011056799101674883,True,,1.4375173567360255,0.29003369448849536,nan,nan,nan,nan,10.628991721784903,0.8080526003107557,5.790085792541504,6.900035858154297,1287645.375,warmstart,5.790085792541504,-1.109950065612793,-0.49826989619377166,8,9,25,1.883944034576416
1687,guarino,superspike,2.3667919625382927,polyak,0.04796763458280735,False,,0.7447592232959552,0.14684532604880252,0.22935722016385898,3.6349005931891165,2.3020251248938983,0.2719534150335601,nan,nan,1.0856457948684692,1.062076210975647,3927491.0,training,1.062076210975647,0.023569583892822266,-1.0,4000,9,25,1.4413001537322998
1688,guarino,superspike,3.5788858275143567,polyak,0.007564120749005639,False,,0.7307846021666824,0.8208024548924167,0.4628241164923794,16.33644098613428,19.173341447726763,0.2787107914457633,nan,nan,0.22278442978858948,0.351296603679657,6.914482116699219,warmstart,0.22278442978858948,-0.1285121738910675,-0.04166666666666662,9,9,25,1.4407341480255127
1689,van_rossum,superspike,10.677475636990668,polyak,0.006740075752684911,False,,0.06986474648634283,0.460474527941964,nan,nan,nan,nan,1.1415725880313627,0.09237004794976,3.4335777759552,6.376927375793457,6752552.5,warmstart,3.4335777759552,-2.943349599838257,0.6736842105263159,6,9,25,1.0439560413360596
1690,guarino,superspike,2.9164993513118516,polyak,0.0017183185497325316,True,,0.9727262697963053,0.5398982528768816,0.3034342050146804,15.145943250163265,16.322956045146633,0.09184981902556127,nan,nan,0.4936850368976593,1.0613199472427368,17.701892852783203,warmstart,0.4936850368976593,-0.5676349103450775,-0.21527777777777773,9,9,25,1.4972116947174072
1691,van_rossum,superspike,3.9625090108160888,polyak,0.0742303533279492,True,,0.9209702610745745,0.09602429733300855,nan,nan,nan,nan,6.019667873674864,0.38273502253338765,5.0876264572143555,4.681833744049072,4.681833744049072,training,4.681833744049072,0.4057927131652832,-1.0,190,9,1,1.3332788944244385
1692,guarino,superspike,3.3756133565726016,polyak,0.02031926862019624,True,,1.4719080634180113,0.3781078645204755,0.46039852286411576,15.766272505932385,3.833344818602448,0.2507784921576015,nan,nan,0.4679665267467499,0.9796780347824097,58961.64453125,warmstart,0.4679665267467499,-0.5117115080356598,-0.456140350877193,10,9,25,1.4939239025115967
1693,guarino,superspike,18.113179907862985,polyak,0.004429642201813433,False,,1.2883219282690623,0.12378321941089909,0.20138489352023034,16.882783458245,18.517657831512945,0.2268280266158617,nan,nan,0.4177837669849396,0.5958467125892639,4.3086066246032715,warmstart,0.4177837669849396,-0.17806294560432434,-0.5625,9,9,25,1.4100489616394043
1694,guarino,superspike,3.1445951586635066,polyak,0.05423381744263054,False,,0.9198877177970702,0.2289794001156329,0.2750349105678525,9.847506502890718,6.897681227024988,0.22088985353117788,nan,nan,0.7323676943778992,0.7975128293037415,1.0009984970092773,warmstart,0.7323676943778992,-0.06514513492584229,-0.38888888888888884,9,9,25,1.403386116027832
1695,guarino,superspike,1.4483853195428504,polyak,0.012340906698725847,True,,0.06698547905628399,0.07336557510105324,0.47022335638847734,3.81087699714228,19.606493480205057,0.24846663953817982,nan,nan,0.34148919582366943,1.2899399995803833,497.45526123046875,warmstart,0.34148919582366943,-0.9484508037567139,-0.49826989619377166,8,9,25,1.4581499099731445
1696,guarino,superspike,11.085266185908532,polyak,0.004242645503644776,True,,0.0699249884169616,0.5951893436337499,0.3474574855699849,4.817062024341791,15.480240114075086,0.18806801088876848,nan,nan,0.8009130954742432,1.1117589473724365,25.412071228027344,warmstart,0.8009130954742432,-0.31084585189819336,0.020761245674740504,8,9,25,1.4330499172210693
1697,guarino,superspike,1.5007515881530777,polyak,0.014886910085188443,True,,0.19957951639650562,0.7080741036951562,0.37556690243596447,10.771103974956269,19.91957329172502,0.08504378193843128,nan,nan,0.4696902930736542,0.8446372151374817,0.8538409471511841,warmstart,0.4696902930736542,-0.3749469220638275,-0.6315789473684211,10,9,25,1.4518120288848877
1698,van_rossum,superspike,9.453487154330942,polyak,0.004896370308322809,True,,0.9925975418160646,0.7303005658328212,nan,nan,nan,nan,6.912606300495457,0.40179981808783527,5.226962089538574,3.752382278442383,5.584949493408203,training,3.752382278442383,1.4745798110961914,-0.32525951557093424,8,9,25,1.5603878498077393
1699,van_rossum,superspike,1.283698473493449,polyak,0.0005045178916630451,True,,0.2547699179930978,0.7563457186426641,nan,nan,nan,nan,1.2980082948522857,0.285026143929189,5.147573471069336,6.530524253845215,6.771291732788086,warmstart,5.147573471069336,-1.382950782775879,0.8263888888888888,9,9,25,1.1239240169525146
1700,guarino,superspike,1.1709499467080802,polyak,8.628498893740575e-05,False,,0.9118039597528882,0.10847559101161375,0.10811545092466124,11.892738928248027,9.53742327541736,0.18358003974785952,nan,nan,0.7583189606666565,0.7437446117401123,0.7437446117401123,training,0.7437446117401123,0.01457434892654419,-0.1522491349480969,8,9,25,1.4548921585083008
1701,guarino,superspike,2.01288245717738,polyak,0.000610201896775453,True,,0.5020747697477765,0.31510082532891637,0.4496078455179716,5.76835406206296,13.206484176418384,0.09799011387637183,nan,nan,0.8283931016921997,1.0360159873962402,1.145830512046814,warmstart,0.8283931016921997,-0.20762288570404053,0.020761245674740504,8,9,25,1.450148105621338
1702,guarino,superspike,0.7323401217653742,polyak,0.0007516709690647831,True,,1.281769459659793,0.6384832910912689,0.44553622706785445,16.187957989914107,6.946249132070281,0.058519613811485245,nan,nan,0.5895475745201111,0.5916582345962524,0.5922137498855591,warmstart,0.5895475745201111,-0.0021106600761413574,-0.5625,9,9,25,1.4405052661895752
1703,guarino,superspike,2.75154933917694,polyak,0.0010282705701976306,False,,1.1216852719626653,0.8493722303214569,0.36405524830518843,19.070342428680984,5.892512148210993,0.04821902816603348,nan,nan,0.6768602132797241,1.1307214498519897,1.1307648420333862,warmstart,0.6768602132797241,-0.4538612365722656,0.020761245674740504,8,9,25,1.420564889907837
1704,van_rossum,superspike,7.5203345771770245,polyak,0.0005951199723987357,False,,0.8081457117210371,0.7735817330190617,nan,nan,nan,nan,2.5387255118287335,0.88450951311169,10.023999214172363,8.189274787902832,9.984573364257812,training,8.189274787902832,1.8347244262695312,0.28571428571428575,4,9,25,1.1298108100891113
1705,guarino,superspike,19.9404360326105,polyak,0.06985389775161938,True,,1.0875863826589067,0.2607720537157331,0.20340490320973884,5.565898303764078,16.78036683906869,0.2681256977263711,nan,nan,0.9311763048171997,1.3706040382385254,20799.65625,warmstart,0.9311763048171997,-0.4394277334213257,0.6527777777777778,9,9,25,1.4738519191741943
1706,van_rossum,superspike,2.209958079450788,polyak,0.026849507203912926,True,,1.014532335095347,0.5917436110805564,nan,nan,nan,nan,24.634380022889918,0.47302961709252744,4.278339385986328,4.175509452819824,4.811391830444336,training,4.175509452819824,0.1028299331665039,0.1319444444444445,9,9,25,3.360956907272339
1707,guarino,superspike,1.2100097592145558,polyak,5.855367880881575e-05,True,,0.8862883460839996,0.37739265901204977,0.4306012029273191,16.678049247519123,3.106854081172716,0.17018568792396901,nan,nan,0.5096043944358826,0.7285258173942566,0.7418386936187744,warmstart,0.5096043944358826,-0.21892142295837402,-0.2807017543859649,10,9,25,1.4648921489715576
1708,van_rossum,superspike,0.7497970177565005,polyak,0.01863226588191446,True,,0.8155026780015455,0.21106345043666475,nan,nan,nan,nan,20.30819230739613,0.03778242831949119,0.8791750073432922,0.8048632144927979,13.160158157348633,training,0.8048632144927979,0.07431179285049438,0.0,0,9,25,3.596328020095825
1709,van_rossum,superspike,0.6950734601590024,polyak,2.734190302508943e-05,False,,0.30127116450444996,0.3036610712176726,nan,nan,nan,nan,14.54023661368713,0.060723222589137205,1.6472424268722534,2.6080832481384277,2.6081109046936035,warmstart,1.6472424268722534,-0.9608408212661743,-0.26388888888888895,7,9,25,2.237093925476074
1710,guarino,superspike,3.5190395710108997,polyak,1.7263177907347976e-05,True,,1.4123127983559438,0.1435615546325113,0.07460942468009255,1.863092254803937,16.700363056813394,0.045905762817381665,nan,nan,0.10818470269441605,0.3113158643245697,0.3113158643245697,warmstart,0.10818470269441605,-0.20313116163015366,1.0,9,9,1,1.4456079006195068
1711,guarino,superspike,1.7181269505124743,polyak,0.0030938991158514693,False,,0.5227612779757027,0.1439130276382049,0.2100832723253391,15.404942792173037,15.95455269248669,0.23566528718583696,nan,nan,0.5184522271156311,0.17451152205467224,0.17451152205467224,training,0.17451152205467224,0.34394070506095886,0.0,0,9,1,1.460758924484253
1712,guarino,superspike,0.6849640543965377,polyak,0.0001604345973422502,False,,0.5441633338292574,0.7088879366364993,0.21338452006738093,1.0598196227239751,18.4218847127089,0.1768212572695392,nan,nan,1.1456401348114014,2.3684167861938477,2.3684167861938477,warmstart,1.1456401348114014,-1.2227766513824463,-0.21527777777777773,9,9,25,2.6944236755371094
1713,guarino,superspike,9.537144640269178,polyak,1.1010539763466565e-05,False,,0.5538217995073884,0.3345857589338799,0.49647033216062525,14.69646751604151,5.859780462900154,0.22573252645223107,nan,nan,0.29975655674934387,0.3390491306781769,0.3390516936779022,warmstart,0.29975655674934387,-0.03929257392883301,-0.04166666666666662,9,9,25,1.4142420291900635
1714,guarino,superspike,1.5453609101182302,polyak,3.727378953823424e-05,True,,1.2193511622934925,0.21325912167690297,0.09236765751842319,13.699503321338169,1.1407080143218487,0.24972617810256514,nan,nan,0.1300148367881775,0.3979342579841614,0.3979342579841614,warmstart,0.1300148367881775,-0.2679194211959839,-0.21527777777777773,9,9,1,1.4493749141693115
1715,van_rossum,superspike,2.790422804484961,polyak,0.01401364939527208,False,,1.382014397713454,0.1855087229926915,nan,nan,nan,nan,26.38273445696653,0.4946317837248777,4.016206741333008,4.02799654006958,2490550.25,warmstart,4.016206741333008,-0.011789798736572266,-0.2807017543859649,10,9,25,3.159747838973999
1716,guarino,superspike,1.1771812255762328,polyak,0.003902779842110085,True,,0.391410488389851,0.829006819526861,0.36702420115901263,8.33570273269579,13.530156703615235,0.0975408461060024,nan,nan,0.6967260837554932,0.6400718688964844,6.105721473693848,training,0.6400718688964844,0.05665421485900879,-0.09027777777777786,7,9,25,2.079188108444214
1717,guarino,superspike,19.119435586019268,polyak,0.03665071243670337,True,,0.6906759844622123,0.908476708530152,0.1491188937731351,8.189524485115022,18.99200166655484,0.2328187124067086,nan,nan,0.8256494402885437,0.47144487500190735,0.7727290391921997,training,0.47144487500190735,0.35420456528663635,-0.5625,9,9,25,1.7610900402069092
1718,van_rossum,superspike,0.9653987198949198,polyak,0.00923871318812153,False,,1.0414359559605484,0.8917261478666751,nan,nan,nan,nan,3.455362980154341,0.6217440612349193,5.756683826446533,6.491866588592529,7.612757205963135,warmstart,5.756683826446533,-0.7351827621459961,-0.5625,9,9,25,2.267375946044922
1719,guarino,superspike,10.094965201349627,polyak,4.053067211275491e-05,True,,0.3978984965062225,0.5412720487467817,0.16786246677686747,1.9515924587009204,11.303299237410823,0.11013612319058859,nan,nan,0.5574360489845276,1.16273033618927,1.1632483005523682,warmstart,0.5574360489845276,-0.6052942872047424,0.24561403508771928,10,9,25,2.1741671562194824
1720,van_rossum,superspike,0.6967403655776279,polyak,1.0659439048126284e-05,False,,0.07684522905760172,0.5922147892006929,nan,nan,nan,nan,1.390695745065394,0.8685015915147873,8.637954711914062,8.642398834228516,8.642498016357422,warmstart,8.637954711914062,-0.004444122314453125,0.0,0,9,25,1.411473035812378
1721,guarino,superspike,0.5527948417588304,polyak,0.025191734721538402,True,,0.8225751597099401,0.7059421022301209,0.40105451159041494,14.958763583936637,10.395920307427142,0.24980533178181255,nan,nan,0.6792880296707153,0.8234332203865051,1.261004090309143,warmstart,0.6792880296707153,-0.1441451907157898,-0.5625,9,9,25,1.8777098655700684
1722,van_rossum,superspike,16.247742679836808,polyak,2.6427599231937196e-05,False,,0.41062499999517876,0.8300781600665549,nan,nan,nan,nan,4.816111312429181,0.7588037312372031,7.78568172454834,11.840093612670898,11.840290069580078,warmstart,7.78568172454834,-4.054411888122559,-0.5625,9,9,25,1.916762113571167
1723,guarino,superspike,2.080451298687716,polyak,0.004993193024323364,False,,1.078098199111491,0.7268620453712626,0.06397463227740716,18.132535852019753,16.660087890714063,0.0813204958021566,nan,nan,0.6435609459877014,0.4041776657104492,0.42047789692878723,training,0.4041776657104492,0.2393832802772522,-0.04166666666666662,9,9,25,1.9794511795043945
1724,guarino,superspike,0.8314677338419866,polyak,0.0031920329399994824,True,,1.191671615761842,0.33784116694386457,0.28715249674040955,12.909989528596858,10.697917586139168,0.29973735284079844,nan,nan,0.9472301006317139,0.847942590713501,1.7283064126968384,training,0.847942590713501,0.09928750991821289,0.36678200692041524,8,9,25,3.9918508529663086
1725,van_rossum,superspike,2.1331987603553664,polyak,1.1767255491195011e-05,True,,0.014621689024444329,0.39645726625640054,nan,nan,nan,nan,8.76360049196823,0.16058320109492008,2.4110493659973145,3.8572776317596436,11.953490257263184,warmstart,2.4110493659973145,-1.446228265762329,-0.43750000000000006,7,9,25,3.2201740741729736
1726,guarino,superspike,0.8878864681062605,polyak,0.026161141155648156,True,,1.0136864053905692,0.6379356161889506,0.14914902575141553,3.9100266765928406,17.587503063656435,0.05382418458666444,nan,nan,0.5524885058403015,0.7222126722335815,1.0372246503829956,warmstart,0.5524885058403015,-0.16972416639328003,-0.5625,9,9,25,5.687376976013184
1727,van_rossum,superspike,2.8995694424386915,polyak,0.014723799383384448,True,,1.054850911101017,0.5572204594214688,nan,nan,nan,nan,27.076345646320686,0.7759010958512353,3.7142248153686523,6.5814337730407715,5855.93896484375,warmstart,3.7142248153686523,-2.867208957672119,0.1319444444444445,9,9,25,4.804681777954102
1728,guarino,superspike,6.33995813309597,polyak,0.0008540756638476978,False,,1.2901519953665193,0.20863192911070427,0.05103480732567559,3.4792495393760783,6.122590623615825,0.19567331052461853,nan,nan,0.9127033948898315,2.286269187927246,13887.185546875,warmstart,0.9127033948898315,-1.3735657930374146,0.020761245674740504,8,9,25,1.8007500171661377
1729,van_rossum,superspike,1.6266924246592966,polyak,0.07610043137512203,True,,0.012164843804286063,0.006163336151336907,nan,nan,nan,nan,39.6959888341677,0.2811806304757877,2.5343282222747803,2.0390408039093018,2.7796738147735596,training,2.0390408039093018,0.4952874183654785,0.1319444444444445,9,9,25,5.112586975097656
1730,guarino,superspike,7.196448500830123,polyak,0.0013122356285795163,False,,0.6089490691718118,0.19446753795214966,0.47544591137949926,4.2731024968685976,6.039741750299736,0.09728943726292104,nan,nan,0.6095646619796753,0.5090779066085815,0.5090779066085815,training,0.5090779066085815,0.10048675537109375,-0.38888888888888884,9,9,25,1.8611030578613281
1731,van_rossum,superspike,3.27690008922617,polyak,0.00019382150430576474,True,,0.8967697063249009,0.7825043299791973,nan,nan,nan,nan,12.718461073268463,0.7877193148325587,7.1819376945495605,5.684070110321045,5.745934009552002,training,5.684070110321045,1.4978675842285156,0.30555555555555564,9,9,25,2.7063817977905273
1732,van_rossum,superspike,1.02928024408644,polyak,0.009909973055715105,False,,1.1366300762725714,0.6157348446404495,nan,nan,nan,nan,5.205116618466515,0.3102340169289104,2.643132209777832,4.694640636444092,739573.125,warmstart,2.643132209777832,-2.0515084266662598,0.8263888888888888,9,9,25,1.8994641304016113
1733,van_rossum,superspike,11.301727747314358,polyak,0.09363562363157624,True,,0.6798065208476602,0.7660605411220227,nan,nan,nan,nan,3.5136216749233333,0.5405179760141204,6.580809116363525,7.532641887664795,7.570668697357178,warmstart,6.580809116363525,-0.9518327713012695,-0.2637362637362637,4,9,25,1.73368501663208
1734,van_rossum,superspike,0.8679428607007345,polyak,0.0172679026425672,False,,1.328957245895713,0.904721945730014,nan,nan,nan,nan,24.884617001771147,0.13728922317612924,1.8921905755996704,1.9221280813217163,2.1267964839935303,warmstart,1.8921905755996704,-0.0299375057220459,-0.21527777777777773,9,9,25,5.473957061767578
1735,guarino,superspike,4.2136126310470425,polyak,0.028632180926072424,False,,1.130336167250006,0.7490262004073018,0.40550956092947094,16.409917035891826,8.456795999054476,0.10906687278786523,nan,nan,0.7952762842178345,1.0156809091567993,2.216386318206787,warmstart,0.7952762842178345,-0.22040462493896484,0.24561403508771928,10,9,25,1.9299559593200684
1736,guarino,superspike,1.4620296976920761,polyak,0.00012247091583399998,True,,0.19617626353360113,0.48118044100982726,0.1798386781523707,14.055350888932537,3.5673670517062894,0.07419374480866994,nan,nan,0.29703426361083984,0.6362936496734619,214224.40625,warmstart,0.29703426361083984,-0.33925938606262207,-0.5625,9,9,12,2.0322399139404297
1737,guarino,superspike,13.735200488119144,polyak,0.0007314073930832611,True,,0.9236359326263426,0.3498698160781397,0.16915956472377736,3.2444730835740536,8.840370928139732,0.14823081483886325,nan,nan,0.5966657400131226,0.8882546424865723,2746.7041015625,warmstart,0.5966657400131226,-0.2915889024734497,-0.5625,9,9,3,1.8639113903045654
1738,guarino,superspike,3.0961344701944484,polyak,8.586661525946152e-05,False,,0.051150329846142095,0.2938431128598039,0.4263628290951147,16.349299649403292,4.434264715531654,0.19389004969729765,nan,nan,0.5991752743721008,1.0403854846954346,1.8651657104492188,warmstart,0.5991752743721008,-0.44121021032333374,-0.5625,9,9,25,1.8090479373931885
1739,van_rossum,superspike,3.6711882456700913,polyak,0.00021590261759501665,True,,0.29252286518336046,0.1398539900980409,nan,nan,nan,nan,1.4176384515088947,0.8513259465224111,8.611788749694824,8.942432403564453,8.942432403564453,warmstart,8.611788749694824,-0.3306436538696289,0.0,0,9,25,1.4259228706359863
1740,guarino,superspike,3.3187916685073895,polyak,3.077838191648364e-05,True,,1.4677759986190493,0.39502854139075994,0.19354759883934278,3.279827398584567,1.2399627988995867,0.1811020017455942,nan,nan,0.30840006470680237,0.4654400944709778,4806.6640625,warmstart,0.30840006470680237,-0.15704002976417542,-0.5625,9,9,24,4.973398923873901
1741,guarino,superspike,11.902262936472757,polyak,0.08616121934426654,True,,1.0471961791472504,0.8655472143287579,0.06212155136695771,18.25323272942751,10.483830864526054,0.167024778120702,nan,nan,0.16093111038208008,1.376825213432312,26.65414047241211,warmstart,0.16093111038208008,-1.215894103050232,1.0,9,9,25,3.10817289352417
1742,van_rossum,superspike,12.434161120147882,polyak,0.003188728074127513,True,,0.2980400156416011,0.34722313002670224,nan,nan,nan,nan,1.8007517683300713,0.8219306149895984,9.798449516296387,9.234275817871094,9.234275817871094,training,9.234275817871094,0.564173698425293,0.0,0,9,25,1.7309389114379883
1743,van_rossum,superspike,2.5198447229021848,polyak,0.00017931524091204095,False,,0.0473692048721307,0.041997352724737036,nan,nan,nan,nan,14.960671680019054,0.33657466551029114,3.625432014465332,3.644676685333252,1.3716823094591488e+16,warmstart,3.625432014465332,-0.019244670867919922,0.08333333333333325,7,9,25,3.004307985305786
1744,guarino,superspike,6.8188003218463695,polyak,0.007798763193227288,True,,0.92385119127258,0.9776765146884322,0.1849127154600548,15.876780568253642,8.886483182030462,0.046625892627178735,nan,nan,0.4914829134941101,0.43062588572502136,0.5590232610702515,training,0.43062588572502136,0.060857027769088745,-0.04166666666666662,9,9,25,2.3839449882507324
1745,van_rossum,superspike,1.0831953566652737,polyak,2.0381636588171608e-05,False,,0.8733278813181324,0.6799893849658314,nan,nan,nan,nan,24.287200904149326,0.026756644956565045,0.36574044823646545,0.8151426911354065,0.8499918580055237,warmstart,0.36574044823646545,-0.44940224289894104,-0.1522491349480969,8,9,25,5.120280981063843
1746,van_rossum,superspike,0.8886756693458011,polyak,1.581973076812381e-05,True,,0.16710099200875805,0.49490458234777757,nan,nan,nan,nan,12.208888309448223,0.5705210658161808,6.021496772766113,5.352874755859375,5.39105749130249,training,5.352874755859375,0.6686220169067383,0.24561403508771928,10,9,25,3.1494171619415283
1747,van_rossum,superspike,17.47667543806669,polyak,0.05982389630227493,False,,0.4790018681063583,0.014109890875930176,nan,nan,nan,nan,11.832683601742136,0.4313038468370678,3.90059494972229,4.061822414398193,1499051.5,warmstart,3.90059494972229,-0.16122746467590332,0.7128027681660901,8,9,25,2.91264009475708
1748,van_rossum,superspike,0.626964561782779,polyak,0.02417751666266322,True,,0.9799334115913679,0.277032899371888,nan,nan,nan,nan,11.742636264346539,0.13654278496817895,2.134077787399292,2.264674186706543,3.8073842525482178,warmstart,2.134077787399292,-0.13059639930725098,0.36678200692041524,8,9,2,2.588567018508911
1749,van_rossum,superspike,0.6928502712339727,polyak,0.044731175550681054,True,,0.5271237988435507,0.7934388816752619,nan,nan,nan,nan,2.40797670323527,0.0303930859079643,3.3493242263793945,3.8630123138427734,5.052964687347412,warmstart,3.3493242263793945,-0.5136880874633789,0.8263888888888888,9,9,25,1.8343439102172852
1750,van_rossum,superspike,1.071499676344994,polyak,2.25988725228368e-05,True,,1.170822084016082,0.34883382859886913,nan,nan,nan,nan,6.042183958451062,0.9921290254555735,6.76416015625,9.345290184020996,1634.625244140625,warmstart,6.76416015625,-2.581130027770996,0.30555555555555564,9,9,4,2.098426103591919
1751,guarino,superspike,2.447506716934409,polyak,0.0006960996099439652,True,,1.405700724579801,0.7650655888620086,0.22210251818465968,19.423316090238792,16.025792274142642,0.008385541821786479,nan,nan,0.5410463213920593,0.16644461452960968,0.21267858147621155,training,0.16644461452960968,0.37460170686244965,1.0,9,9,25,2.2841529846191406
1752,guarino,superspike,1.0935907239110334,polyak,0.07637010311092267,False,,0.7708226871361017,0.0730597713366602,0.08639357945833598,13.830560956924181,10.401121891522788,0.18726924433466874,nan,nan,0.8802823424339294,0.9096927046775818,2705311.5,warmstart,0.8802823424339294,-0.029410362243652344,-0.6315789473684211,10,9,25,2.2587671279907227
1753,guarino,superspike,2.470645753530027,polyak,0.00145472664397504,False,,0.9306558727208425,0.39245587443623675,0.3009280486981334,8.502630887774155,18.13357971313654,0.11202470420994497,nan,nan,0.6946224570274353,0.6399076581001282,1.1188448667526245,training,0.6399076581001282,0.05471479892730713,-0.5625,9,9,25,2.1800472736358643
1754,guarino,superspike,2.500112199712952,polyak,0.04518145645530656,True,,1.314334456431982,0.7623873153302388,0.4258403128192233,14.87253915259533,10.733860783476752,0.16572574534258205,nan,nan,0.5875415205955505,0.4967927038669586,1.3835278749465942,training,0.4967927038669586,0.09074881672859192,0.8858131487889275,8,9,25,2.2480130195617676
1755,guarino,superspike,1.2833285022398182,polyak,0.0036374870155238053,True,,0.049753689287731495,0.3297380297120216,0.21486096454075743,5.451716734633835,6.439985546014657,0.2114782284686557,nan,nan,0.5221372842788696,0.6757797002792358,1212.208251953125,warmstart,0.5221372842788696,-0.1536424160003662,-0.5625,9,9,25,3.333683967590332
1756,van_rossum,superspike,1.0665057045793302,polyak,0.0022280256116589746,False,,0.5381079710327883,0.5443762590907324,nan,nan,nan,nan,12.23895456463129,0.8389400678583439,7.356956481933594,6.957310676574707,7.992361545562744,training,6.957310676574707,0.3996458053588867,0.14736842105263157,6,9,25,3.0757272243499756
1757,guarino,superspike,0.5134892911139646,polyak,0.005217732882949689,True,,0.22181785568392082,0.5639022742013978,0.49279322876957543,6.106357984576066,14.885479910280765,0.04863077328403594,nan,nan,0.5382101535797119,1.0475752353668213,1.4076759815216064,warmstart,0.5382101535797119,-0.5093650817871094,-0.38888888888888884,9,9,25,2.514535903930664
1758,guarino,superspike,13.732733120525364,polyak,0.000889374519819305,True,,0.23403547981146833,0.25859302223281,0.47440135278308315,4.060953143867677,6.9262299020867015,0.04366130238633886,nan,nan,0.9654325842857361,1.5782984495162964,561361.0625,warmstart,0.9654325842857361,-0.6128658652305603,0.07017543859649122,10,9,25,2.820028305053711
1759,guarino,superspike,0.9658057824566646,polyak,0.009431856169756447,False,,0.4567161372902381,0.5647880710378321,0.3846666057961748,13.879946080222032,19.780064394211763,0.08268817872647342,nan,nan,0.6298393607139587,1.321541666984558,1.321541666984558,warmstart,0.6298393607139587,-0.6917023062705994,0.07017543859649122,10,9,1,4.4766528606414795
1760,van_rossum,superspike,11.259984810991542,polyak,0.00042703503341902236,True,,1.3138221532818308,0.43375091650641584,nan,nan,nan,nan,1.5618103229341653,0.5481313509756724,8.574374198913574,7.75662088394165,7.75662088394165,training,7.75662088394165,0.8177533149719238,0.0,0,9,25,3.8700671195983887
1761,guarino,superspike,1.0254477212190458,polyak,0.0001794244464915974,True,,1.4846564771794521,0.2639168304463918,0.12441353578831356,2.350571851467497,15.322571568538343,0.15840007663859398,nan,nan,0.7527382969856262,0.8963807821273804,23.260986328125,warmstart,0.7527382969856262,-0.14364248514175415,-0.38888888888888884,9,9,25,11.45414400100708
1762,van_rossum,superspike,1.2159378028279606,polyak,1.7990016588630316e-05,False,,0.0746448774398557,0.719985349626125,nan,nan,nan,nan,2.806176065971914,0.38446499526865496,6.456573963165283,6.3102593421936035,6.3102593421936035,training,6.3102593421936035,0.1463146209716797,0.5964912280701755,10,9,25,2.9179861545562744
1763,guarino,superspike,0.9964861968937541,polyak,1.9526976230165946e-05,True,,0.6174507117062332,0.7704269139193984,0.10970200896487937,12.463660511942814,1.2467538497760042,0.07014899540372663,nan,nan,0.6863147616386414,0.7326845526695251,0.7326845526695251,warmstart,0.6863147616386414,-0.04636979103088379,0.24561403508771928,10,9,25,2.430468797683716
1764,van_rossum,superspike,0.6597773765757603,polyak,0.0003202090478398812,False,,0.3612090607652736,0.3056913948168857,nan,nan,nan,nan,3.8183096525722355,0.39717780730076147,6.195672035217285,6.02406644821167,9.712584495544434,training,6.02406644821167,0.17160558700561523,0.46886446886446886,4,9,25,1.9708161354064941
1765,guarino,superspike,0.872618499683108,polyak,0.02554488927421346,False,,0.2760509957527287,0.7512078556593581,0.3457284478123936,18.960695573354243,17.67811601181261,0.20829460858373897,nan,nan,0.36569374799728394,1.3502715826034546,3.3971786499023438,warmstart,0.36569374799728394,-0.9845778346061707,0.5964912280701755,10,9,25,2.644014835357666
1766,van_rossum,superspike,3.655863009372918,polyak,4.027152535297413e-05,True,,1.2837986125178027,0.5368963476251111,nan,nan,nan,nan,5.7732462862991705,0.4997181691907383,4.853631973266602,4.636454105377197,19.06529998779297,training,4.636454105377197,0.2171778678894043,0.36678200692041524,8,9,25,2.3968448638916016
1767,van_rossum,superspike,0.5627311104883216,polyak,0.012128849188536949,True,,0.5249654490077565,0.40984901000663543,nan,nan,nan,nan,18.474179062658912,0.986554740870456,5.893789291381836,4.356360912322998,5.64324951171875,training,4.356360912322998,1.537428379058838,0.36678200692041524,8,9,25,4.16314172744751
1768,guarino,superspike,19.797418718750084,polyak,0.00020929104255488576,True,,1.4689857199681848,0.6925129668307063,0.15713879010306467,1.0591270484767215,13.992931354719728,0.06671390416809952,nan,nan,1.108742356300354,0.7846990823745728,2.3829026222229004,training,0.7846990823745728,0.32404327392578125,-0.5625,9,9,25,2.7256319522857666
1769,van_rossum,superspike,0.8968167649802681,polyak,0.02827206284461752,True,,1.2181834935262497,0.7238202640188586,nan,nan,nan,nan,31.003844338648854,0.5168598948837766,2.837787628173828,3.0345282554626465,8.058710098266602,warmstart,2.837787628173828,-0.19674062728881836,0.7128027681660901,8,9,20,6.265347003936768
1770,guarino,superspike,2.6690517510165885,polyak,0.002420493746697405,True,,0.9908251246094335,0.3614234088316629,0.27682387898752975,8.506858566710788,15.544308735613418,0.2389271095333179,nan,nan,0.5003809332847595,0.6603977084159851,3065038.0,warmstart,0.5003809332847595,-0.16001677513122559,-0.5625,9,9,25,4.844510793685913
1771,guarino,superspike,8.452433373299401,polyak,3.751136763571472e-05,True,,0.9921099254271865,0.8429295737248922,0.49560950633312784,10.054547280954244,14.288818399780515,0.212988281538178,nan,nan,0.895993709564209,1.3814549446105957,1.3875963687896729,warmstart,0.895993709564209,-0.4854612350463867,0.1319444444444445,9,9,25,4.076772928237915
1772,guarino,superspike,3.075804943189793,polyak,0.06348132968941,False,,1.0149908101971898,0.5855613452051699,0.19665178649756235,6.555714847863262,1.6227756177591464,0.17589966808539606,nan,nan,0.6920923590660095,0.6451729536056519,0.6451729536056519,training,0.6451729536056519,0.046919405460357666,-1.0,50,9,1,3.5728039741516113
1773,van_rossum,superspike,2.749858834672904,polyak,0.00024921117501472883,False,,1.3119250297660778,0.2677547505909814,nan,nan,nan,nan,2.38421783377934,0.9605473241530351,9.875382423400879,11.121291160583496,11.121291160583496,warmstart,9.875382423400879,-1.2459087371826172,0.0,0,9,25,4.815230846405029
1774,guarino,superspike,0.8148753503418513,polyak,0.08550902751214888,False,,0.04179567511340271,0.03163609357351849,0.18946063959893752,17.039839201302556,19.58093830530181,0.03555831686474065,nan,nan,0.15771041810512543,0.4700136184692383,0.7833965420722961,warmstart,0.15771041810512543,-0.31230320036411285,-0.04166666666666662,9,9,25,7.948336124420166
1775,guarino,superspike,8.197818772391738,polyak,0.0001263629269988719,False,,1.0255032627311804,0.6454145208666119,0.39531250442486,2.427555910718673,5.939443905736925,0.15652124029221817,nan,nan,1.1726360321044922,0.6830235123634338,0.7863166332244873,training,0.6830235123634338,0.48961251974105835,0.36678200692041524,8,9,25,6.966139316558838
1776,guarino,superspike,13.991605180852346,polyak,0.0015001879831921033,False,,0.7220236651425117,0.7433346899442594,0.05454181917277539,3.2477592552462413,2.892451789466063,0.03650013332247074,nan,nan,0.7188835144042969,0.8032664060592651,0.8611112833023071,warmstart,0.7188835144042969,-0.08438289165496826,-0.1522491349480969,8,9,25,2.9699079990386963
1777,van_rossum,superspike,0.5983934512999518,polyak,9.112394233228927e-05,True,,0.6335884729767796,0.690699247139789,nan,nan,nan,nan,26.65766747900329,0.05953510888428348,0.9588725566864014,0.9449435472488403,0.9449435472488403,training,0.9449435472488403,0.013929009437561035,0.47916666666666674,9,9,25,8.228009939193726
1778,guarino,superspike,9.513291682223967,polyak,7.976652584232534e-05,False,,1.239318770179639,0.31234140043644554,0.4951146520573572,6.1377730346224695,14.014255261279377,0.2400581270414547,nan,nan,0.770799994468689,0.7669727206230164,94015.6796875,training,0.7669727206230164,0.0038272738456726074,-0.21527777777777773,9,9,25,5.001341819763184
1779,van_rossum,superspike,14.658283398255454,polyak,0.01308422222297854,False,,0.130824596880866,0.9977373538155191,nan,nan,nan,nan,17.65862225214147,0.6267916368944986,5.621397495269775,5.138436794281006,5.15030574798584,training,5.138436794281006,0.48296070098876953,0.020761245674740504,8,9,25,10.215993165969849
1780,guarino,superspike,0.6496294777956811,polyak,0.04341163690284408,False,,1.1452533688622106,0.35639606474498686,0.4927677112555314,6.911056183849364,8.040651632961012,0.2924027096645845,nan,nan,0.7711957693099976,0.8347920179367065,0.8811982870101929,warmstart,0.7711957693099976,-0.06359624862670898,-0.5625,9,9,25,8.90064787864685
1781,van_rossum,superspike,4.009536961698687,polyak,0.0014637666682875783,True,,0.06880365737082461,0.6163843259242697,nan,nan,nan,nan,22.373052551832313,0.45703858415392373,3.62433123588562,3.897244930267334,3.897244930267334,warmstart,3.62433123588562,-0.27291369438171387,-0.2807017543859649,10,9,1,4.946515321731567
1782,guarino,superspike,4.5943914028665,polyak,0.0341906835388837,False,,0.3192198475609564,0.13508315655412284,0.07738173553151302,14.798048394967685,18.11008581637038,0.20711808789212213,nan,nan,0.77223801612854,0.7852379679679871,17251354.0,warmstart,0.77223801612854,-0.012999951839447021,0.19377162629757788,8,9,25,2.3340201377868652
1783,van_rossum,superspike,3.492029650001782,polyak,0.00046405101924220125,False,,0.9510787675581007,0.7475172960417429,nan,nan,nan,nan,24.09638773180399,0.3078368198392957,3.3021316528320312,2.7918124198913574,3.1145100593566895,training,2.7918124198913574,0.5103192329406738,0.19377162629757788,8,9,25,4.699992895126343
1784,guarino,superspike,1.4491950656220318,polyak,0.010954337150836884,False,,1.209365393763865,0.5042665290472177,0.05724625011823134,10.535103893032629,1.5917915383140337,0.08441863343836441,nan,nan,0.5890024304389954,0.44183120131492615,0.44183120131492615,training,0.44183120131492615,0.1471712291240692,0.020761245674740504,8,9,1,2.512791872024536
1785,van_rossum,superspike,3.847535097227737,polyak,0.035941663373330386,True,,0.8919602705516827,0.9546087018301889,nan,nan,nan,nan,1.6248691267302693,0.26278066571452374,3.888981580734253,6.488316535949707,7.138545513153076,warmstart,3.888981580734253,-2.599334955215454,0.47916666666666674,9,9,25,1.9922549724578857
1786,guarino,superspike,9.106952609524587,polyak,0.0005852859205137116,True,,0.06594155130685198,0.8410270905397582,0.4112318634149998,5.510234294670729,7.470021050156616,0.15377769933452354,nan,nan,0.7693086266517639,0.7907257080078125,0.8480622172355652,warmstart,0.7693086266517639,-0.021417081356048584,0.24561403508771928,10,9,25,2.5658349990844727
1787,van_rossum,superspike,17.84893857580372,polyak,0.00019888436668702135,True,,0.14760539641338372,0.4780141503152684,nan,nan,nan,nan,8.666636309526341,0.1228106170655,2.2152063846588135,3.5000340938568115,3.803574800491333,warmstart,2.2152063846588135,-1.284827709197998,-0.5625,9,9,25,2.969176769256592
1788,guarino,superspike,16.750320960403304,polyak,0.012381108550584824,False,,0.7937954629942874,0.6594551313728957,0.34249014776311654,5.9845551921375355,2.645548901361707,0.16648162854603787,nan,nan,0.6405514478683472,0.33905619382858276,0.3410719335079193,training,0.33905619382858276,0.3014952540397644,-0.04166666666666662,9,9,25,5.029046058654785
1789,van_rossum,superspike,2.282083592841649,polyak,1.5045897885945156e-05,False,,0.19377730992367764,0.1045015042259485,nan,nan,nan,nan,13.303546432442923,0.10281233547285917,0.688403844833374,2.2829456329345703,2.706655740737915,warmstart,0.688403844833374,-1.5945417881011963,-0.5625,9,9,3,7.736717939376831
1790,guarino,superspike,10.56587713441742,polyak,0.00024916180672963624,True,,0.946616130027121,0.6241858873273239,0.18644343001584357,3.253802703010533,13.967824594100536,0.08042042036719202,nan,nan,0.6694542765617371,1.3640358448028564,16.870166778564453,warmstart,0.6694542765617371,-0.6945815682411194,-0.2807017543859649,10,9,25,4.629173040390015
1791,van_rossum,superspike,1.6135380709469955,polyak,0.00016153831441601785,False,,0.98007641007798,0.6855340324326067,nan,nan,nan,nan,1.2406651276482898,0.1049725337323012,4.340507984161377,8.413198471069336,8.413198471069336,warmstart,4.340507984161377,-4.072690486907959,-0.26388888888888895,7,9,1,3.484166145324707
1792,guarino,superspike,2.7164815973696848,polyak,0.00010842113639010872,True,,1.4344259244342976,0.27658313845245064,0.16371277749375818,4.907974731470302,11.118173751635485,0.032155305409553234,nan,nan,0.5154273509979248,0.4554385244846344,1.0638779401779175,training,0.4554385244846344,0.059988826513290405,-0.49826989619377166,8,9,25,7.987159729003906
1793,van_rossum,superspike,12.878603769539902,polyak,0.0016593391835705066,True,,1.3877692122717535,0.502189880007898,nan,nan,nan,nan,34.852725830652034,0.39314586629239134,2.810164451599121,2.842691659927368,18.206056594848633,warmstart,2.810164451599121,-0.03252720832824707,-0.49826989619377166,8,9,25,14.811537265777588
1794,guarino,superspike,6.449472109983284,polyak,1.789067331719369e-05,False,,0.7216534364323038,0.1920795278927626,0.15889257432348702,19.616488797878123,3.1561069461517146,0.22731216144838395,nan,nan,0.5633417367935181,0.2450651228427887,0.2450651228427887,training,0.2450651228427887,0.31827661395072937,0.30555555555555564,9,9,25,7.736989974975586
1795,van_rossum,superspike,1.6261530139461384,polyak,0.02275566154070856,True,,0.7110297366794067,0.6523152996429152,nan,nan,nan,nan,4.161965576996476,0.3540828310372919,4.707726001739502,7.070220470428467,7.070220470428467,warmstart,4.707726001739502,-2.362494468688965,-0.21527777777777773,9,9,1,3.287235736846924
1796,van_rossum,superspike,3.9813526274663724,polyak,0.0012063580166178222,False,,0.2058965967621894,0.24599688801778818,nan,nan,nan,nan,1.100382273656159,0.5939531029652596,8.393383979797363,9.93639850616455,9.93639850616455,warmstart,8.393383979797363,-1.5430145263671875,0.0,0,9,25,6.8641839027404785
1797,guarino,superspike,1.7060175423818345,polyak,0.06512890129591054,True,,0.40508938133379685,0.8323989527345078,0.4663208858790264,9.897426460390442,11.260926926973589,0.015857515069858164,nan,nan,0.6274681091308594,0.6162506937980652,432.6855163574219,training,0.6162506937980652,0.01121741533279419,-1.0,599,9,8,2.924481153488159
1798,guarino,superspike,3.2427744992636582,polyak,1.3757903531921557e-05,False,,1.1583794176610145,0.21101788869162252,0.45652445906159866,10.045796982139821,9.688010802239205,0.10810558573631607,nan,nan,0.22423042356967926,0.6092044115066528,3.584468364715576,warmstart,0.22423042356967926,-0.38497398793697357,-0.5625,9,9,25,3.970656156539917
1799,guarino,superspike,10.344054336839752,polyak,0.027877311067735364,True,,0.04602588720176115,0.5610335066040344,0.424917006254612,7.949883515615027,6.3736235653383995,0.09641304148871872,nan,nan,1.0821646451950073,0.8766252994537354,1238190.75,training,0.8766252994537354,0.20553934574127197,-1.0,1895,9,25,2.9307451248168945
1800,guarino,superspike,1.4874645888178284,polyak,3.290572708683203e-05,True,,0.2990225493133333,0.2965848066126413,0.28515158230557125,2.2600929193109844,17.243899434570004,0.2632429933092658,nan,nan,0.781006932258606,1.0112109184265137,1.026115894317627,warmstart,0.781006932258606,-0.23020398616790771,0.19377162629757788,8,9,25,3.8897809982299805
1801,guarino,superspike,0.5177412409239097,polyak,0.03153490601369302,True,,0.6681161383445264,0.23177938411220356,0.44456335531165725,8.306149742474409,4.403256333791724,0.18239786571803523,nan,nan,0.7746448516845703,0.7659883499145508,2340132.0,training,0.7659883499145508,0.008656501770019531,0.25000000000000006,13,9,25,2.767828941345215
1802,van_rossum,superspike,9.436141191222985,polyak,0.00012606352351424022,False,,1.110104330345735,0.471792441602625,nan,nan,nan,nan,31.811456926981236,0.3591490955618347,3.5495641231536865,3.5616917610168457,4.018405437469482,warmstart,3.5495641231536865,-0.01212763786315918,0.19377162629757788,8,9,25,12.093794107437134
1803,guarino,superspike,2.509046979709995,polyak,4.897626305461209e-05,False,,1.2128831524049142,0.7395251255214805,0.2539994142632853,5.922991659245494,7.162897955678794,0.061309249051323594,nan,nan,0.762203574180603,0.7420192956924438,0.7880469560623169,training,0.7420192956924438,0.02018427848815918,0.19377162629757788,8,9,25,9.216603994369507
1804,van_rossum,superspike,2.213244209977966,polyak,2.783763246535563e-05,False,,0.16164962834183477,0.7126110168640718,nan,nan,nan,nan,49.901750228612286,0.19448161871182545,1.3234531879425049,2.3942575454711914,2.3942575454711914,warmstart,1.3234531879425049,-1.0708043575286865,-0.5625,9,9,25,19.97162890434265
1805,van_rossum,superspike,0.5685996037876746,polyak,4.282155370857524e-05,True,,0.7320464541911987,0.11393690987779492,nan,nan,nan,nan,32.92065443289358,0.6778589110565958,5.175727367401123,6.170797348022461,6.189019203186035,warmstart,5.175727367401123,-0.9950699806213379,0.30555555555555564,9,9,25,10.069961071014404
1806,van_rossum,superspike,16.800744410796433,polyak,0.011377219849856814,True,,1.0641181779931232,0.22187149342044565,nan,nan,nan,nan,25.826310958503292,0.38966475296156833,3.5953712463378906,3.2059919834136963,23.49210548400879,training,3.2059919834136963,0.38937926292419434,0.0,0,9,25,6.0831849575042725
1807,guarino,superspike,0.7981740176372671,polyak,0.0030183463026241582,False,,0.5178252372068919,0.8895221982134598,0.2538797133559294,17.99558961439376,10.361622352159065,0.05365014250662452,nan,nan,0.3259599804878235,0.49453747272491455,0.4979678690433502,warmstart,0.3259599804878235,-0.16857749223709106,0.1319444444444445,9,9,25,5.234649896621704
1808,van_rossum,superspike,0.982211527260369,polyak,0.0034251053296111577,True,,0.16977848855360878,0.80551584622419,nan,nan,nan,nan,2.5140183374449876,0.4275754781454735,6.127111434936523,6.72383451461792,6.731030464172363,warmstart,6.127111434936523,-0.5967230796813965,0.1319444444444445,9,9,25,1.9463469982147217
1809,guarino,superspike,4.535380622490391,polyak,7.350092396686108e-05,False,,1.2257416783574562,0.9262613704162029,0.47241312908023,14.301687940389735,2.499297312337022,0.13278999206829556,nan,nan,0.5471857190132141,0.6257399320602417,0.6257427930831909,warmstart,0.5471857190132141,-0.07855421304702759,-0.04166666666666662,9,9,25,4.748133182525635
1810,guarino,superspike,1.0544372587118458,polyak,1.2475299880672659e-05,True,,0.8221163068021706,0.9692337716212825,0.17037394130863312,8.765736622318348,5.506171208412922,0.16739548742713173,nan,nan,0.4503544569015503,0.5593496561050415,0.5611832737922668,warmstart,0.4503544569015503,-0.10899519920349121,-0.04166666666666662,9,9,25,7.302277088165283
1811,guarino,superspike,1.5297716600108933,polyak,0.00018024072369101458,True,,0.2878667686534171,0.13242678925042373,0.21756428733872224,3.4790337361147725,5.384470103969905,0.16050713436590136,nan,nan,0.9590833783149719,1.0019042491912842,1.0530911684036255,warmstart,0.9590833783149719,-0.042820870876312256,-0.5625,9,9,25,5.041899919509888
1812,guarino,superspike,5.510607865141253,polyak,0.0007956162688894256,False,,0.6120334293769808,0.37098329191170776,0.49002485479507335,17.368437648155027,10.545801075380046,0.2509357860788247,nan,nan,0.7625753283500671,0.7325336337089539,33.03855895996094,training,0.7325336337089539,0.03004169464111328,0.07017543859649122,10,9,25,2.315095901489258
1813,van_rossum,superspike,5.207456313410878,polyak,0.00031980467839445897,True,,0.16285046278820547,0.8530795798859218,nan,nan,nan,nan,1.119167769159942,0.8182123843872696,9.184393882751465,8.704181671142578,8.704181671142578,training,8.704181671142578,0.4802122116088867,0.0,0,9,25,1.8033838272094727
1814,van_rossum,superspike,2.3289336890080046,polyak,0.00011012454194540185,False,,0.19077324520915984,0.25974141814225626,nan,nan,nan,nan,28.912941745317916,0.7155001407460266,6.701230525970459,6.131978988647461,2584961.75,training,6.131978988647461,0.569251537322998,-1.0,4000,9,25,5.131850004196167
1815,guarino,superspike,4.653167888273234,polyak,4.56356116429694e-05,True,,0.8602840534514602,0.7238391605033258,0.22240789351000356,14.397954615092548,7.953343805350205,0.029336129153764722,nan,nan,0.6081346869468689,0.30206140875816345,0.30206140875816345,training,0.30206140875816345,0.30607327818870544,1.0,9,9,25,2.6512019634246826
1816,van_rossum,superspike,0.990923444958119,polyak,0.08607002340919401,False,,0.4681541387239103,0.4292844551006979,nan,nan,nan,nan,1.3442723514371795,0.7893303032493076,9.470451354980469,9.71900749206543,13.156529426574707,warmstart,9.470451354980469,-0.24855613708496094,0.0,0,9,25,5.856533050537109
1817,van_rossum,superspike,3.3398094320449276,polyak,0.057813709262397865,False,,0.5524050162620159,0.7714098369296952,nan,nan,nan,nan,7.234823525152592,0.5391117247571666,4.600332260131836,3.8237762451171875,32.17649841308594,training,3.8237762451171875,0.7765560150146484,0.08333333333333325,7,9,8,7.702981948852539
1818,guarino,superspike,2.602735019799305,polyak,5.762913854884779e-05,True,,0.3046288185650749,0.05127648823515463,0.0953278226730786,6.723171865326085,2.9486955630721194,0.2613274284412224,nan,nan,1.1884541511535645,1.2262396812438965,220243.875,warmstart,1.1884541511535645,-0.03778553009033203,0.24561403508771928,10,9,25,8.304197072982788
1819,guarino,superspike,2.913757407871836,polyak,0.00019449830213549954,False,,0.8711207235054492,0.34963971538424166,0.2588598448521091,10.428250256495055,1.46557201805732,0.04909469025298132,nan,nan,0.7157514691352844,0.8750468492507935,0.8750468492507935,warmstart,0.7157514691352844,-0.15929538011550903,0.6527777777777778,9,9,1,2.4320151805877686
1820,guarino,superspike,5.5138804925665355,polyak,0.005269237264397458,False,,1.4662453496765475,0.49298084924990027,0.16229067491165508,7.881645004212628,18.5264161875255,0.18981287294442106,nan,nan,0.9841550588607788,1.54314386844635,9154.1748046875,warmstart,0.9841550588607788,-0.5589888095855713,0.47916666666666674,9,9,25,2.5100579261779785
1821,van_rossum,superspike,15.975472680857635,polyak,0.0012651748994060607,True,,0.8330036545680641,0.7762609581766916,nan,nan,nan,nan,19.842326015673077,0.7584041919597146,4.839275360107422,6.571386337280273,7.129995346069336,warmstart,4.839275360107422,-1.7321109771728516,0.14736842105263157,6,9,25,4.474215269088745
1822,guarino,superspike,2.8268159139424696,polyak,0.0020867778291027823,True,,1.0287378795989155,0.6883215827990927,0.18996671171761018,6.561141707195038,17.859591025701498,0.28110334200419823,nan,nan,0.5578610897064209,1.0041004419326782,33.20024871826172,warmstart,0.5578610897064209,-0.4462393522262573,0.07017543859649122,10,9,25,2.698876142501831
1823,guarino,superspike,16.088568140244718,polyak,0.001176215647879908,True,,0.7206142195855626,0.578177632949089,0.33751197112705256,7.6162240840457756,8.36065624134652,0.16492897064647366,nan,nan,0.5788697004318237,0.7820332646369934,3.2257487773895264,warmstart,0.5788697004318237,-0.20316356420516968,-0.456140350877193,10,9,25,2.8014309406280518
1824,guarino,superspike,4.647388287917242,polyak,0.04117092878677501,False,,0.08008346283245799,0.19714984340625175,0.3542676934629685,16.383404932775832,2.6461642577143127,0.10912135809414827,nan,nan,0.6421687006950378,0.8418980836868286,3082380.25,warmstart,0.6421687006950378,-0.19972938299179077,0.19377162629757788,8,9,25,2.5127487182617188
1825,van_rossum,superspike,1.2065778864972525,polyak,1.2863335348204813e-05,True,,0.3064158648596064,0.8357310701469315,nan,nan,nan,nan,8.043058131612765,0.2886636266918967,3.3719165325164795,4.061315536499023,4.077174186706543,warmstart,3.3719165325164795,-0.689399003982544,0.36678200692041524,8,9,25,2.901768922805786
1826,guarino,superspike,8.243407941176343,polyak,0.0010273902780488565,True,,0.01459738034633723,0.6666702018088329,0.0953349408507374,19.267835665912678,5.736034308904371,0.11019988815636,nan,nan,0.4984290897846222,0.5228319764137268,9.222086906433105,warmstart,0.4984290897846222,-0.024402886629104614,-0.04166666666666662,9,9,25,2.5645952224731445
1827,guarino,superspike,3.5871259530798816,polyak,0.03135514542210101,True,,0.36888027623407466,0.009123507232059236,0.382316235429199,14.064127527969582,6.2576860695011876,0.038974641444525594,nan,nan,0.7673842310905457,1.6669952869415283,1.6669952869415283,warmstart,0.7673842310905457,-0.8996110558509827,0.020761245674740504,8,9,1,2.3185341358184814
1828,guarino,superspike,19.332086157720145,polyak,0.009188440174482657,True,,0.8509855008969789,0.8100112296496652,0.30373324971165394,9.217786659555129,1.6175946262763374,0.19289411790086453,nan,nan,1.0430604219436646,0.8330261707305908,0.9196712970733643,training,0.8330261707305908,0.21003425121307373,-0.10526315789473688,10,9,25,2.3174662590026855
1829,guarino,superspike,1.898445646856535,polyak,0.0003867720651112802,True,,0.2547805160709421,0.8629795922195603,0.13787767196370684,19.636905246854454,9.518515775172126,0.22002913673221772,nan,nan,0.8922035694122314,0.791438102722168,0.836616039276123,training,0.791438102722168,0.10076546669006348,0.36678200692041524,8,9,25,2.302968740463257
1830,van_rossum,superspike,6.218498879503349,polyak,0.0001542175987673717,True,,1.1903129001127306,0.3116205748550972,nan,nan,nan,nan,3.8250459181016074,0.39885085974889545,5.554590225219727,5.476496696472168,16.5133056640625,training,5.476496696472168,0.0780935287475586,0.0,0,9,25,2.112536668777466
1831,van_rossum,superspike,12.509183844427097,polyak,0.0010143477737338763,True,,0.5708300490287603,0.4162510126059834,nan,nan,nan,nan,3.3093374654067933,0.7121885168863853,9.051270484924316,4.003259181976318,20.749950408935547,training,4.003259181976318,5.048011302947998,0.451923076923077,17,9,25,1.9872162342071533
1832,van_rossum,superspike,3.801706202674731,polyak,0.000969844495461685,False,,1.1738749510338105,0.8601994632955838,nan,nan,nan,nan,16.244996167108848,0.9714547070609464,8.912577629089355,7.918362140655518,9.069304466247559,training,7.918362140655518,0.9942154884338379,0.25694444444444436,7,9,25,3.7276039123535156
1833,van_rossum,superspike,1.5958619521094215,polyak,7.75494467622279e-05,False,,0.23763771458610294,0.03576781407899199,nan,nan,nan,nan,3.3024596583010166,0.3378629357671038,5.138784885406494,4.9872236251831055,5.005850791931152,training,4.9872236251831055,0.15156126022338867,0.5397923875432526,8,9,25,1.8965201377868652
1834,guarino,superspike,0.7336846352947191,polyak,1.4277486925338865e-05,False,,0.28036430621980457,0.829211646846384,0.30845727456416705,3.6622466419962763,3.520088520947185,0.26745088138054546,nan,nan,1.2802131175994873,1.2851524353027344,1.2851552963256836,warmstart,1.2802131175994873,-0.00493931770324707,0.19377162629757788,8,9,25,2.611426830291748
1835,van_rossum,superspike,1.7416529953951922,polyak,0.09991729192624045,False,,0.9614397825858008,0.6874524404918596,nan,nan,nan,nan,49.239838954841545,0.010781644477474095,0.2278698831796646,0.14176899194717407,8.699491500854492,training,0.14176899194717407,0.08610089123249054,-0.08058608058608058,4,9,25,7.512436866760254
1836,van_rossum,superspike,8.777352177589114,polyak,4.8297834495042866e-05,False,,0.23808151689088403,0.4419326099689391,nan,nan,nan,nan,1.5945850914529216,0.6415118530914204,8.146247863769531,8.153435707092285,8.153435707092285,warmstart,8.146247863769531,-0.007187843322753906,0.0,0,9,25,1.849194049835205
1837,van_rossum,superspike,1.1680313612220485,polyak,3.121208454419247e-05,True,,0.3880336416242211,0.08169882710586007,nan,nan,nan,nan,32.314905366499474,0.18520108162124016,1.5486809015274048,1.8853634595870972,1.885472059249878,warmstart,1.5486809015274048,-0.3366825580596924,0.19377162629757788,8,9,25,5.641067028045654
1838,van_rossum,superspike,5.492753217089386,polyak,0.0005893031146944859,True,,1.0118693133612018,0.7802835108169833,nan,nan,nan,nan,1.5538138962751933,0.4352983550524089,6.894479274749756,6.384319305419922,6.384319305419922,training,6.384319305419922,0.510159969329834,0.0,0,9,25,1.7638468742370605
1839,guarino,superspike,1.5946598906639853,polyak,0.09397106507604838,False,,1.2441229511558682,0.5306354196741428,0.4462347581635834,19.655361569592404,19.260578765759874,0.256275915086614,nan,nan,0.556971549987793,0.596222460269928,3688724.5,warmstart,0.556971549987793,-0.03925091028213501,-0.6315789473684211,10,9,25,2.8626868724823
1840,guarino,superspike,8.593634485430995,polyak,2.7917558555203653e-05,False,,0.5055398285105029,0.5904339722270955,0.2890286829834658,17.969480686038004,13.515074603957077,0.23671343357312863,nan,nan,0.5916100144386292,0.7170177102088928,0.7170190811157227,warmstart,0.5916100144386292,-0.12540769577026367,-0.5625,9,9,25,6.2062437534332275
1841,guarino,superspike,8.282200266685397,polyak,0.0005615045427208713,True,,0.6467150000705226,0.6467672837423061,0.4946307229468896,6.70083093983691,14.412920702209348,0.10046103094821753,nan,nan,0.6338729858398438,0.5946240425109863,13.213398933410645,training,0.5946240425109863,0.03924894332885742,-0.04166666666666662,9,9,25,2.5546512603759766
1842,guarino,superspike,1.4619051949784643,polyak,0.018527990291731678,True,,0.09303982761832441,0.17580345196226577,0.3974128527862062,7.7381850887540455,13.954202143387091,0.29955170331196995,nan,nan,0.8830346465110779,0.8172407746315002,0.8172407746315002,training,0.8172407746315002,0.06579387187957764,-1.0,300,9,1,2.262766122817993
1843,van_rossum,superspike,9.128155695721773,polyak,0.0024786208548805205,False,,1.221659369125225,0.0020265337300942043,nan,nan,nan,nan,32.26537428187016,0.8186092257271673,7.042736530303955,6.762319564819336,35.87086486816406,training,6.762319564819336,0.28041696548461914,0.0,0,9,25,5.573849201202393
1844,guarino,superspike,2.5104934717608693,polyak,0.07282707277944296,True,,0.41666065628628646,0.4187504597301117,0.3652946601444584,6.254323667325378,14.752410792417658,0.21261374792022789,nan,nan,0.45062094926834106,0.6167647838592529,1.5238078832626343,warmstart,0.45062094926834106,-0.16614383459091187,-0.21527777777777773,9,9,25,2.6295759677886963
1845,van_rossum,superspike,0.5000870832671387,polyak,0.0015156990486427518,True,,0.2876140103374062,0.4008205033177461,nan,nan,nan,nan,21.940872702892367,0.06668272103829354,0.9029834866523743,1.2157173156738281,5315.54248046875,warmstart,0.9029834866523743,-0.31273382902145386,0.1319444444444445,9,9,25,6.056931018829346
1846,van_rossum,superspike,1.219721208829294,polyak,0.04495349167081892,True,,1.1637569785020903,0.08093583784082226,nan,nan,nan,nan,12.013891994553658,0.9206260032651093,6.957648277282715,7.327383041381836,35.66407012939453,warmstart,6.957648277282715,-0.3697347640991211,1.0,9,9,25,3.2180731296539307
1847,guarino,superspike,13.845209269922938,polyak,0.0010240180467089683,True,,0.3828331109162916,0.28101783065543173,0.2574923651348064,5.386178431967441,10.83087673768758,0.057607046970804106,nan,nan,0.5455226898193359,0.5997856259346008,0.752366304397583,warmstart,0.5455226898193359,-0.05426293611526489,-0.5625,9,9,25,3.2038469314575195
1848,guarino,superspike,6.444750062223872,polyak,1.3569392409270136e-05,False,,0.6548829724540384,0.08979779703937973,0.25794590196801637,12.688790692131423,16.138048266601523,0.16506573385334458,nan,nan,0.7540169954299927,0.7227373123168945,0.7227373123168945,training,0.7227373123168945,0.031279683113098145,0.0,0,9,1,2.1998178958892822
1849,van_rossum,superspike,14.145837061399222,polyak,0.0001909991743470997,True,,1.1508090403013664,0.300536257299585,nan,nan,nan,nan,1.0905135164333433,0.45660459018404764,6.977916240692139,7.4424028396606445,7.4424028396606445,warmstart,6.977916240692139,-0.46448659896850586,0.0,0,9,25,3.540006160736084
1850,guarino,superspike,12.929341910440485,polyak,5.568915113856059e-05,False,,0.597096556953428,0.10352728911520392,0.15318543877880428,10.221719516182581,5.475384799654805,0.19772479536551568,nan,nan,0.7426729202270508,0.8580737113952637,5064.783203125,warmstart,0.7426729202270508,-0.11540079116821289,-0.5625,9,9,25,3.0409719944000244
1851,guarino,superspike,5.913043490228657,polyak,0.0033356614022981663,False,,0.04677862574491748,0.02812586139317763,0.18266517502606866,2.524428436503329,7.9554815735443345,0.2617262102487567,nan,nan,0.32362881302833557,0.398221880197525,157.2951202392578,warmstart,0.32362881302833557,-0.07459306716918945,-0.5625,9,9,25,2.4069581031799316
1852,van_rossum,superspike,2.161545754000333,polyak,6.0292304564888424e-05,False,,1.4634024734168831,0.3109953178466536,nan,nan,nan,nan,3.820670309425941,0.42985644488301844,5.409054279327393,5.674565315246582,5.674565315246582,warmstart,5.409054279327393,-0.26551103591918945,0.14736842105263157,6,9,1,3.1626698970794678
1853,guarino,superspike,16.91693715033176,polyak,0.006826874888044949,True,,1.2864158780614847,0.6247460929073976,0.3019138928195792,10.672898158528014,14.101129431768145,0.2105474398140543,nan,nan,0.7769134640693665,0.6010336875915527,0.6170823574066162,training,0.6010336875915527,0.17587977647781372,0.020761245674740504,8,9,25,3.7620389461517334
1854,guarino,superspike,3.291033097930654,polyak,0.010024285481314229,True,,1.1362393374836743,0.3295827544070429,0.20783876983330957,1.3132347591715066,3.1526258995508467,0.07869752294548135,nan,nan,0.6117841601371765,0.9390167593955994,0.9390167593955994,warmstart,0.6117841601371765,-0.32723259925842285,0.19377162629757788,8,9,1,5.327879905700684
1855,guarino,superspike,6.927855946780498,polyak,0.000266227109926093,False,,0.3810773040173026,0.6970890812787294,0.4630806478681257,12.93753971331657,15.610116445514828,0.004237022743705465,nan,nan,0.9680260419845581,0.9275407195091248,0.9322259426116943,training,0.9275407195091248,0.04048532247543335,0.7128027681660901,8,9,25,5.061876058578491
1856,guarino,superspike,7.424478467800061,polyak,0.015829098313387087,False,,0.16300027857488886,0.9215960230170906,0.4277869976160625,11.949414480776378,19.587473996923748,0.2647402924957878,nan,nan,0.35368627309799194,0.232508584856987,1.0277783870697021,training,0.232508584856987,0.12117768824100494,1.0,9,9,25,3.044259786605835
1857,van_rossum,superspike,2.584175300851742,polyak,0.001961276964133348,False,,1.2681862769024763,0.11515595634083098,nan,nan,nan,nan,9.754854321838879,0.5862204843285147,4.179088115692139,nan,nan,warmstart,4.179088115692139,nan,0.5964912280701755,10,9,0,5.217949151992798
1858,guarino,superspike,0.6831790745968581,polyak,0.005717935862910507,False,,0.8392384683846459,0.6793936751994114,0.30739842847479476,14.8014436811266,3.9432759081723954,0.06468544172802743,nan,nan,0.12191858887672424,0.1339573860168457,0.1354333609342575,warmstart,0.12191858887672424,-0.01203879714012146,1.0,9,9,25,4.9646289348602295
1859,guarino,superspike,2.8919657772621488,polyak,0.05802860295783843,True,,1.1819155037322853,0.042194214762939275,0.20535933130635345,13.516844180005538,15.744018213106042,0.17765556363907642,nan,nan,0.2347792088985443,0.23359040915966034,0.23359040915966034,training,0.23359040915966034,0.0011887997388839722,-1.0,180,9,1,4.637387037277222
1860,van_rossum,superspike,2.143491025527569,polyak,0.00038910747474123447,True,,0.2651695839765942,0.00028752278650090446,nan,nan,nan,nan,6.082193808855446,0.8308412513470813,7.911538124084473,7.740121841430664,12.92465591430664,training,7.740121841430664,0.1714162826538086,0.05533596837944664,2,9,25,2.7007789611816406
1861,van_rossum,superspike,2.956113501652298,polyak,0.002978858755009082,False,,0.3976687607465871,0.15773729504460587,nan,nan,nan,nan,5.039418479349821,0.8930365385727946,8.006489753723145,9.96768856048584,300927264.0,warmstart,8.006489753723145,-1.9611988067626953,0.07017543859649122,10,9,25,2.1706292629241943
1862,van_rossum,superspike,5.684787871277022,polyak,0.02113517898952331,False,,0.28416064417598347,0.9022583360271142,nan,nan,nan,nan,13.0883837617835,0.7382905470899914,6.672226428985596,6.620894908905029,6.852584362030029,training,6.620894908905029,0.051331520080566406,0.19377162629757788,8,9,25,3.0491042137145996
1863,guarino,superspike,0.5681926523435353,polyak,0.00011419120615252819,True,,1.0001409281192903,0.7333465042892064,0.31802183631450115,3.205180976610526,9.19942286876136,0.2002216803800702,nan,nan,0.49489229917526245,1.54239821434021,1.557585597038269,warmstart,0.49489229917526245,-1.0475059151649475,0.6527777777777778,9,9,25,2.4492578506469727
1864,van_rossum,superspike,15.687870704158822,polyak,0.04034417292627216,False,,1.242713089462389,0.8911271286448085,nan,nan,nan,nan,36.08230364608226,0.7463572657266073,5.981886386871338,4.139425277709961,7.444025039672852,training,4.139425277709961,1.842461109161377,0.08333333333333325,7,9,25,6.349085807800293
1865,van_rossum,superspike,2.651123327487842,polyak,3.311611328558311e-05,False,,0.543812490056951,0.2485389469638981,nan,nan,nan,nan,11.68794155167146,0.954367672154945,8.545289039611816,8.178829193115234,197.1118621826172,training,8.178829193115234,0.36645984649658203,0.0,0,9,25,3.3718202114105225
1866,guarino,superspike,18.932829043472807,polyak,0.0001845084574898443,True,,0.8779912137246215,0.7944041885404219,0.14545757293878347,16.5480637414945,7.743682004104641,0.03330687897146911,nan,nan,0.5493821501731873,0.47645658254623413,0.4782178997993469,training,0.47645658254623413,0.07292556762695312,0.36678200692041524,8,9,25,2.22713303565979
1867,guarino,superspike,15.621462402420082,polyak,0.03249243859578935,False,,1.1594115155018125,0.8196581841549295,0.26980897748866767,3.287959414853223,7.3470795759938445,0.2966433837900628,nan,nan,0.5310218334197998,0.45827430486679077,0.7481898069381714,training,0.45827430486679077,0.07274752855300903,-0.5625,9,9,25,2.249255895614624
1868,guarino,superspike,1.6171936956130952,polyak,0.00020779146138449515,True,,0.5393995928050581,0.3480588797578572,0.07812643851693582,6.881911992679741,13.300233702724883,0.270591883225865,nan,nan,0.2783315181732178,0.5401278734207153,32.33872985839844,warmstart,0.2783315181732178,-0.26179635524749756,-0.5625,9,9,25,2.334476947784424
1869,guarino,superspike,2.9508899697940763,polyak,0.04609013687294093,True,,0.8656829475680098,0.9328416549468189,0.20250626482277612,3.9863408147381905,3.4553869061803693,0.24656168847007723,nan,nan,0.9293743371963501,0.7596393823623657,1.3818672895431519,training,0.7596393823623657,0.16973495483398438,-0.05860805860805866,12,9,9,1.9944992065429688
1870,van_rossum,superspike,12.086672623115303,polyak,0.010972526055842313,False,,0.44243141253661095,0.7165742163280036,nan,nan,nan,nan,18.13157937304368,0.31126307635501727,1.3438067436218262,1.8932157754898071,7.0774149894714355,warmstart,1.3438067436218262,-0.549409031867981,0.30555555555555564,9,9,25,4.066187858581543
1871,van_rossum,superspike,1.7096075923967817,polyak,0.00012073695182480038,False,,1.10863830262215,0.193587476831514,nan,nan,nan,nan,30.573530820579972,0.25527602208171163,1.6366589069366455,2.5575976371765137,2.5575976371765137,warmstart,1.6366589069366455,-0.9209387302398682,0.8263888888888888,9,9,25,5.310506820678711
1872,guarino,superspike,0.866723079815223,polyak,2.0717588810044e-05,False,,0.7794554390215325,0.8028072437503436,0.07467115593550981,15.80872696802037,9.228060644970194,0.2824285958934409,nan,nan,0.8297674655914307,1.322550892829895,1.3227322101593018,warmstart,0.8297674655914307,-0.49278342723846436,0.30555555555555564,9,9,25,2.1600630283355713
1873,van_rossum,superspike,3.0137647035832282,polyak,0.00017188263014099783,True,,1.307868890819528,0.7323073856113583,nan,nan,nan,nan,1.973458541965446,0.838597837180107,10.469865798950195,9.220345497131348,9.220345497131348,training,9.220345497131348,1.2495203018188477,0.0,0,9,25,1.388120174407959
1874,van_rossum,superspike,1.926614079714121,polyak,0.02936733403165385,False,,0.9430920845171682,0.48622743931452483,nan,nan,nan,nan,17.606609653151317,0.07589503937887121,0.7241905927658081,1.8558201789855957,1.8651492595672607,warmstart,0.7241905927658081,-1.1316295862197876,-0.5625,9,9,21,2.835657835006714
1875,van_rossum,superspike,2.225239093784484,polyak,1.065602795547768e-05,False,,1.060666657832222,0.9019634827195265,nan,nan,nan,nan,1.8309024148968585,0.8571657376911755,9.990835189819336,9.610566139221191,9.610566139221191,training,9.610566139221191,0.38026905059814453,0.0,0,9,25,1.1812801361083984
1876,van_rossum,superspike,1.0134735323982416,polyak,0.00010243934397465921,True,,1.3516677445666943,0.4716848600071232,nan,nan,nan,nan,8.636376744009883,0.9586253018281231,6.518244743347168,6.9596710205078125,6.9596710205078125,warmstart,6.518244743347168,-0.44142627716064453,0.47916666666666674,9,9,25,1.920295000076294
1877,guarino,superspike,0.8934354720955178,polyak,0.0004403730828662565,True,,0.682487400141396,0.2705659417110976,0.2391327662397046,9.463748397677877,14.813478983494033,0.2606250243150412,nan,nan,0.7440906763076782,0.8476001620292664,0.9057186841964722,warmstart,0.7440906763076782,-0.10350948572158813,-0.5625,9,9,25,1.8640329837799072
1878,van_rossum,superspike,4.785281119894373,polyak,0.0027930443054516602,True,,0.42194786885872054,0.09788543220400592,nan,nan,nan,nan,2.0975115942741933,0.21620509254715803,6.0938849449157715,6.489902019500732,6.489902019500732,warmstart,6.0938849449157715,-0.39601707458496094,-0.08058608058608058,4,9,25,1.28035306930542
1879,guarino,superspike,7.132368253229837,polyak,0.0007548172617788774,False,,0.8210845667253286,0.30406657385538927,0.30703275475378283,4.2911422545509685,10.16844728572535,0.05809206061865497,nan,nan,0.30581891536712646,0.4334985315799713,25.585487365722656,warmstart,0.30581891536712646,-0.12767961621284485,0.30555555555555564,9,9,25,1.4889578819274902
1880,van_rossum,superspike,10.06262057409467,polyak,0.0013813438610421186,True,,1.4913206379509956,0.24113187816856607,nan,nan,nan,nan,18.23125868613984,0.4323266545594936,4.098424434661865,3.7964460849761963,4303.7373046875,training,3.7964460849761963,0.30197834968566895,-1.0,180,9,25,3.160205602645874
1881,guarino,superspike,4.927535796075645,polyak,0.0004077072197950042,False,,0.03163905630132324,0.92532430894659,0.0854693746405253,7.256878838339838,4.618619754475786,0.14823818283497528,nan,nan,0.3110227882862091,0.6001163721084595,0.6001163721084595,warmstart,0.3110227882862091,-0.28909358382225037,-0.21527777777777773,9,9,25,1.5079741477966309
1882,guarino,superspike,1.0834459433428565,polyak,0.0061291627528676,True,,0.6452563266183501,0.19700857807356376,0.1580200317279685,11.019342507848517,8.193948793344285,0.154117002198099,nan,nan,0.7845344543457031,0.8620616793632507,1.2046916484832764,warmstart,0.7845344543457031,-0.07752722501754761,-0.6315789473684211,10,9,25,1.541003942489624
1883,van_rossum,superspike,4.326215467646056,polyak,0.004778958774793076,True,,0.6900113263585177,0.757612564721148,nan,nan,nan,nan,5.930732722213452,0.6564860352341393,6.883376121520996,8.943294525146484,10.996198654174805,warmstart,6.883376121520996,-2.0599184036254883,-0.5625,9,9,25,1.5357160568237305
1884,van_rossum,superspike,0.6270985672352747,polyak,0.00190957640802991,False,,0.022721926678533677,0.8424209510811689,nan,nan,nan,nan,40.70951466521245,0.9755789953540711,7.1671528816223145,7.715620040893555,7.726911544799805,warmstart,7.1671528816223145,-0.5484671592712402,-0.10526315789473688,10,9,25,4.658472061157227
1885,van_rossum,superspike,7.386675408485639,polyak,0.07544625838216829,True,,0.7572326442919433,0.15661251912833762,nan,nan,nan,nan,11.28788304401674,0.6438534985047755,6.317686080932617,6.286194324493408,13.641676902770996,training,6.286194324493408,0.031491756439208984,0.0,0,9,25,2.2500009536743164
1886,guarino,superspike,4.1070732684213525,polyak,0.00183743335003065,False,,0.7660772749817564,0.058065547566172104,0.3706675232765281,14.894141576319502,10.199511511308668,0.27047188991386256,nan,nan,0.36637017130851746,0.40671882033348083,14.666358947753906,warmstart,0.36637017130851746,-0.04034864902496338,0.47916666666666674,9,9,25,1.712346076965332
1887,van_rossum,superspike,0.8718349784316863,polyak,4.066592908013603e-05,False,,1.1033707614091266,0.5013942085798236,nan,nan,nan,nan,22.85182324575237,0.769788431217136,2.028874397277832,3.3979580402374268,5.912502288818359,warmstart,2.028874397277832,-1.3690836429595947,0.30555555555555564,9,9,25,3.693804979324341
1888,guarino,superspike,4.255740716350233,polyak,0.024457709104792755,False,,1.3070537943193987,0.5569743324148823,0.487360918960099,10.898404506526655,1.7810455621601966,0.1688085499596598,nan,nan,0.5184391736984253,0.528768002986908,2442041.0,warmstart,0.5184391736984253,-0.010328829288482666,-0.5625,9,9,25,1.4623608589172363
1889,van_rossum,superspike,1.1733846350723545,polyak,0.02738777406466751,False,,1.3427353748746211,0.8343738752092635,nan,nan,nan,nan,1.6581090146547324,0.9604706370350286,8.017257690429688,17.143653869628906,17.143653869628906,warmstart,8.017257690429688,-9.126396179199219,-0.5625,9,9,1,1.081942081451416
1890,guarino,superspike,1.5319754196856163,polyak,2.099312148601623e-05,True,,1.2907457793821266,0.43202029838061684,0.3094035923926481,19.7120301698247,10.133472387348792,0.02012955388033144,nan,nan,0.7467136979103088,0.9594045877456665,0.9594045877456665,warmstart,0.7467136979103088,-0.21269088983535767,0.4210526315789474,10,9,25,1.664853811264038
1891,guarino,superspike,14.325038724932815,polyak,0.00015885079085205036,True,,1.411369272628873,0.38232682088893044,0.4732515750248584,17.724452963569643,9.938825502368761,0.1154884985873776,nan,nan,0.16251853108406067,0.40047529339790344,26.02157974243164,warmstart,0.16251853108406067,-0.23795676231384277,-0.5625,9,9,25,1.5231728553771973
1892,guarino,superspike,2.393734792620668,polyak,3.096204903842104e-05,False,,0.40682996135683086,0.783020138768217,0.36819518717390404,8.642186963939519,11.971990858223924,0.13750009287391504,nan,nan,0.8108610510826111,0.8955609202384949,0.8986106514930725,warmstart,0.8108610510826111,-0.08469986915588379,-0.32525951557093424,8,9,25,1.488023042678833
1893,guarino,superspike,4.365657315382542,polyak,0.001989115297154232,False,,1.4979742678721912,0.0924932883088283,0.4528865698314216,10.33879728655696,5.2313942621825475,0.03383961956019088,nan,nan,0.3204594552516937,0.4240679442882538,12534946.0,warmstart,0.3204594552516937,-0.10360848903656006,-0.38888888888888884,9,9,25,1.492522954940796
1894,guarino,superspike,2.122123743181293,polyak,0.023167023206459896,True,,0.9534003527521411,0.526978317667806,0.3247723831326244,3.047267489163376,3.382581358763896,0.21801115993068343,nan,nan,0.5290980935096741,0.582831859588623,0.582831859588623,warmstart,0.5290980935096741,-0.053733766078948975,-0.5625,9,9,1,1.5690109729766846
1895,guarino,superspike,0.5647989563072294,polyak,0.008277079610656846,False,,0.6572699760133509,0.7341361560881792,0.1063827421403439,9.41231013233349,3.1176474245068526,0.10425242625369946,nan,nan,0.3283946216106415,0.5323569774627686,0.5695871710777283,warmstart,0.3283946216106415,-0.20396235585212708,-0.38888888888888884,9,9,25,1.6130881309509277
1896,guarino,superspike,4.877876089073917,polyak,4.077361272771953e-05,True,,1.3933120307388236,0.8081291468381168,0.15774156008640505,8.682191905548633,9.139292172779157,0.17625191206769192,nan,nan,0.8646844625473022,0.864565372467041,0.8699847459793091,training,0.864565372467041,0.00011909008026123047,0.020761245674740504,8,9,25,1.5075080394744873
1897,guarino,superspike,2.689476206792596,polyak,0.01590717333707162,False,,1.381048543442823,0.7165133649548961,0.39993667194227794,9.709897802337581,4.295538506667808,0.2736555259194689,nan,nan,1.070634365081787,1.2622020244598389,1.3961673974990845,warmstart,1.070634365081787,-0.19156765937805176,-0.1522491349480969,8,9,25,1.4433200359344482
1898,van_rossum,superspike,15.49209674695954,polyak,0.02076014304300191,True,,0.76971250257597,0.4479909073978878,nan,nan,nan,nan,1.1390176946693658,0.35118841029378933,6.453118324279785,6.16513204574585,6.16513204574585,training,6.16513204574585,0.28798627853393555,0.0,0,9,25,1.1209542751312256
1899,van_rossum,superspike,0.5251701906532529,polyak,0.006639375549967272,False,,0.9593959040321567,0.3008856396687867,nan,nan,nan,nan,2.2926531355999265,0.628081477037436,6.305063724517822,4.410029888153076,4.562351226806641,training,4.410029888153076,1.895033836364746,1.0,9,9,25,1.1589579582214355
1900,guarino,superspike,19.80299820743651,polyak,0.0006175074073141973,False,,0.30803495853653695,0.43674768842337075,0.32137787586374156,1.0577558310893533,6.702537604560829,0.16089907528724257,nan,nan,1.0302016735076904,1.0219504833221436,822.0922241210938,training,1.0219504833221436,0.008251190185546875,0.19377162629757788,8,9,25,1.4808571338653564
1901,guarino,superspike,1.40261153478433,polyak,0.00015640106301027663,True,,0.841225190227257,0.4069013914449163,0.3345423323253235,13.21309147184245,1.2490817108064123,0.10171785390497963,nan,nan,0.4065244495868683,0.4109170138835907,7.2635297775268555,warmstart,0.4065244495868683,-0.004392564296722412,0.8263888888888888,9,9,25,1.6937260627746582
1902,guarino,superspike,2.0914832067832347,polyak,0.00013324685538486692,True,,0.9123649831493559,0.7282810410468923,0.49666887840419277,12.747677573597676,10.323937917074574,0.039920403344812845,nan,nan,0.4396319091320038,0.8396785259246826,0.8396785259246826,warmstart,0.4396319091320038,-0.40004661679267883,-0.10526315789473688,10,9,25,2.285573720932007
1903,van_rossum,superspike,5.506172133221312,polyak,8.609727728063355e-05,False,,1.4230027814580617,0.2655211096323137,nan,nan,nan,nan,5.631519577415521,0.894787941580865,9.550951957702637,10.598139762878418,10.6092529296875,warmstart,9.550951957702637,-1.0471878051757812,0.30555555555555564,9,9,25,1.4211840629577637
1904,van_rossum,superspike,0.546709591198832,polyak,8.384543020344805e-05,True,,0.39194329283430446,0.11747040668925735,nan,nan,nan,nan,1.1420862363739848,0.3529475069797985,6.6566314697265625,6.496541500091553,6.520992755889893,training,6.496541500091553,0.16008996963500977,0.0,0,9,25,1.7459650039672852
1905,guarino,superspike,0.5808512447123022,polyak,0.000587451659236762,True,,0.818622777976993,0.7026430761868,0.18941482225228698,4.693739628461692,16.6202194118968,0.049592080952100735,nan,nan,0.2100699543952942,0.2649472653865814,0.2774069309234619,warmstart,0.2100699543952942,-0.05487731099128723,1.0,9,9,25,1.8568730354309082
1906,van_rossum,superspike,1.617567730510808,polyak,0.05854255152286258,True,,0.3077202784491826,0.11295811733640126,nan,nan,nan,nan,8.017617890439555,0.976480870708742,8.338814735412598,7.964584827423096,7.964584827423096,training,7.964584827423096,0.37422990798950195,-1.0,180,9,1,4.194037199020386
1907,van_rossum,superspike,3.3811613623671,polyak,0.06714839250565416,True,,0.5057070926071432,0.8822170863049728,nan,nan,nan,nan,13.224505665910455,0.5581730053126772,5.761116027832031,5.1370673179626465,6.8811516761779785,training,5.1370673179626465,0.6240487098693848,0.06060606060606066,13,9,25,2.5209500789642334
1908,van_rossum,superspike,1.612310701376227,polyak,0.0958846835928836,True,,0.5358152611995999,0.353713027632807,nan,nan,nan,nan,42.8638158749468,0.6550648821908748,4.874033451080322,4.484457969665527,4.484457969665527,training,4.484457969665527,0.3895754814147949,-1.0,180,9,1,4.9458839893341064
1909,van_rossum,superspike,0.9241853453890947,polyak,0.0003972596287453657,True,,1.4115155065782385,0.3243006642619931,nan,nan,nan,nan,1.9642467442279772,0.02342083872613021,3.286628007888794,4.40731143951416,5.358532905578613,warmstart,3.286628007888794,-1.1206834316253662,0.46886446886446886,4,9,3,1.507396936416626
1910,guarino,superspike,13.900007812721652,polyak,0.000711949734788235,False,,0.39184677138895446,0.8997558913540183,0.11882816503200548,19.922926866204968,12.651792302800427,0.2746042393207703,nan,nan,0.5521561503410339,0.45378658175468445,0.4559986889362335,training,0.45378658175468445,0.09836956858634949,0.30555555555555564,9,9,25,1.971937894821167
1911,van_rossum,superspike,2.1044093279731766,polyak,0.0001919100037153775,True,,1.0725794211920359,0.5185178307956108,nan,nan,nan,nan,2.46382031465651,0.8074926336255411,8.434342384338379,9.617509841918945,9.617509841918945,warmstart,8.434342384338379,-1.1831674575805664,0.0,0,9,25,1.5463318824768066
1912,guarino,superspike,7.6606144844173745,polyak,1.318521009658041e-05,True,,0.9067788478532794,0.778451417150494,0.3281614620000029,1.5460570470468595,3.2832125854025893,0.24048668627719744,nan,nan,0.7200603485107422,0.7771785855293274,0.7821148633956909,warmstart,0.7200603485107422,-0.057118237018585205,0.19377162629757788,8,9,25,1.8131277561187744
1913,van_rossum,superspike,1.9012411441191468,polyak,0.0001729052443067437,True,,1.1665570865017116,0.597948729013385,nan,nan,nan,nan,5.51235209670799,0.9120866183548543,9.313305854797363,10.055583953857422,10.923155784606934,warmstart,9.313305854797363,-0.7422780990600586,-0.17142857142857143,11,9,25,2.070969820022583
1914,van_rossum,superspike,1.5669453957147652,polyak,0.00010207904941153363,False,,0.2601880778291874,0.9477851172875768,nan,nan,nan,nan,19.479379863935957,0.4334055009368878,4.0435967445373535,3.8442249298095703,3.8442249298095703,training,3.8442249298095703,0.1993718147277832,-0.38888888888888884,9,9,25,3.6287176609039307
1915,van_rossum,superspike,9.86258670050625,polyak,2.6033068098403686e-05,False,,1.3434105790119582,0.8104630842591234,nan,nan,nan,nan,16.948053352512698,0.5874048685553932,6.227388858795166,5.842967987060547,5.843377113342285,training,5.842967987060547,0.38442087173461914,-0.04166666666666662,9,9,25,3.032461166381836
1916,van_rossum,superspike,0.87675949903439,polyak,0.00024101891300376655,False,,1.2875298165197258,0.9474191007977811,nan,nan,nan,nan,1.9073451418974736,0.2310746113619494,5.783120632171631,5.797956943511963,5.806883811950684,warmstart,5.783120632171631,-0.014836311340332031,0.0,0,9,25,1.3275940418243408
1917,van_rossum,superspike,3.396542682280753,polyak,5.194934494485366e-05,False,,0.7715292538844981,0.9959767688157165,nan,nan,nan,nan,6.548190408404268,0.1512396807516294,3.0239999294281006,4.302467346191406,4.302467346191406,warmstart,3.0239999294281006,-1.2784674167633057,-0.02807017543859652,6,9,25,1.8997278213500977
1918,van_rossum,superspike,1.2651779270893349,polyak,0.003202584035102897,True,,0.6940329091353594,0.48207869534837766,nan,nan,nan,nan,8.64223582831121,0.5701374491400635,5.417045593261719,5.085147857666016,5.1127610206604,training,5.085147857666016,0.3318977355957031,0.36678200692041524,8,9,25,2.167186975479126
1919,van_rossum,superspike,2.8101355889964434,polyak,0.0001617279834260156,True,,0.7652870959180291,0.009755061208099436,nan,nan,nan,nan,4.595258080871799,0.3706549026588255,5.069889068603516,5.233864784240723,1570.6009521484375,warmstart,5.069889068603516,-0.16397571563720703,0.19377162629757788,8,9,25,1.7348322868347168
1920,van_rossum,superspike,1.4954156634856983,polyak,1.92345567155434e-05,False,,1.2699758647249653,0.8953293361763911,nan,nan,nan,nan,10.661852674399945,0.8909909269440446,9.536728858947754,6.9229631423950195,6.931594371795654,training,6.9229631423950195,2.6137657165527344,0.08333333333333325,7,9,25,2.3499722480773926
1921,guarino,superspike,9.527248597102945,polyak,0.016145812723910826,True,,1.499935636920136,0.3864203046243545,0.47392922734483256,12.974979300636008,14.992025359375601,0.2751231153231741,nan,nan,0.4730152189731598,0.48194584250450134,8101.53515625,warmstart,0.4730152189731598,-0.008930623531341553,0.1319444444444445,9,9,25,1.9007740020751953
1922,van_rossum,superspike,3.6197077624964096,polyak,0.0004426916755283512,False,,0.0961278352971468,0.1802133514710682,nan,nan,nan,nan,19.28384700589736,0.2342287663320447,2.733395576477051,3.231066942214966,88595.9375,warmstart,2.733395576477051,-0.49767136573791504,-0.5625,9,9,25,3.5029549598693848
1923,van_rossum,superspike,2.0824543383287666,polyak,1.5296915387975578e-05,True,,0.6263637059305234,0.492315298129534,nan,nan,nan,nan,5.634566579169538,0.6545735565496681,4.986183166503906,4.8393754959106445,9.480924606323242,training,4.8393754959106445,0.14680767059326172,-0.14229249011857706,2,9,25,1.7639412879943848
1924,van_rossum,superspike,0.8868041091826773,polyak,0.007197472000044816,False,,0.8434882693581349,0.534617140596427,nan,nan,nan,nan,1.3781624922097042,0.1640762053479683,5.417211532592773,5.859508037567139,6.721133708953857,warmstart,5.417211532592773,-0.44229650497436523,0.46886446886446886,4,9,25,1.3608729839324951
1925,van_rossum,superspike,3.913498137612635,polyak,6.36374930029483e-05,False,,0.23768412284767093,0.7129148600631223,nan,nan,nan,nan,5.867092338803297,0.5814606152841834,7.795460224151611,7.046396255493164,7.327940940856934,training,7.046396255493164,0.7490639686584473,-0.21527777777777773,9,9,25,1.8486123085021973
1926,van_rossum,superspike,2.355628148339589,polyak,0.0012130621376842835,False,,1.2649669333497338,0.7201602856236312,nan,nan,nan,nan,7.448157857775314,0.7638468108090827,5.199080467224121,8.445308685302734,9.37809944152832,warmstart,5.199080467224121,-3.2462282180786133,-0.04166666666666662,9,9,2,1.7235581874847412
1927,van_rossum,superspike,13.029094032333884,polyak,0.0009839016612768628,False,,0.1901778419120131,0.2443094740718087,nan,nan,nan,nan,4.28871574512308,0.526560825605715,5.081454277038574,4.183271408081055,618903.5625,training,4.183271408081055,0.8981828689575195,-1.0,35,9,25,1.6100959777832031
1928,guarino,superspike,2.4550468783356565,polyak,9.773848563429998e-05,False,,0.5539485998531717,0.824014022189522,0.2002534930734423,4.322328542727563,5.416600816487969,0.010307185190579915,nan,nan,0.7257900238037109,0.7069726586341858,0.8311099410057068,training,0.7069726586341858,0.018817365169525146,0.24561403508771928,10,9,25,1.9141931533813477
1929,guarino,superspike,10.469790188535246,polyak,0.009412423627964423,True,,1.1433717418669649,0.09393361589960247,0.1411563125014899,3.021206527982682,5.526680211324734,0.06785816248939328,nan,nan,0.7111707925796509,0.86366868019104,2258.198974609375,warmstart,0.7111707925796509,-0.15249788761138916,0.020761245674740504,8,9,25,1.869793176651001
1930,van_rossum,superspike,1.7826080382315275,polyak,5.5485237820098455e-05,False,,0.26725698895176353,0.6475366827977042,nan,nan,nan,nan,39.86664785520534,0.012481678219650738,0.4622461497783661,0.5714643001556396,0.5714643001556396,warmstart,0.4622461497783661,-0.10921815037727356,-0.5625,9,9,25,5.088181972503662
1931,guarino,superspike,2.8683216589305496,polyak,0.004094053670346623,False,,0.7311533352967732,0.9769962533877247,0.345417289992636,14.285038227368057,16.545937219335684,0.22017549121983457,nan,nan,0.7401601672172546,0.8019447326660156,0.83062744140625,warmstart,0.7401601672172546,-0.061784565448760986,-0.38888888888888884,9,9,25,1.7954962253570557
1932,van_rossum,superspike,1.4840744975393638,polyak,0.00010339814580859967,False,,0.3855374734878791,0.6721023379507536,nan,nan,nan,nan,30.798730592643864,0.6816302485708399,5.615951061248779,4.788521766662598,4.788521766662598,training,4.788521766662598,0.8274292945861816,0.10256410256410257,4,9,22,4.515588045120239
1933,guarino,superspike,0.8863166251333179,polyak,0.0029877125981535692,False,,0.5239555888079568,0.9293078173401694,0.43441680261282645,12.074198305163192,2.144479452530103,0.00516475119727704,nan,nan,0.928129255771637,0.7960956692695618,0.8001971244812012,training,0.7960956692695618,0.1320335865020752,-0.49826989619377166,8,9,25,1.839111089706421
1934,guarino,superspike,3.003768953912788,polyak,2.5634636906427743e-05,True,,0.7525116068264377,0.8694928233577937,0.24760175294736583,3.8454855856473538,11.982149994679812,0.27881578346948543,nan,nan,1.084481954574585,1.2091718912124634,1.209313988685608,warmstart,1.084481954574585,-0.12468993663787842,0.020761245674740504,8,9,25,1.8111989498138428
1935,guarino,superspike,12.414038713272966,polyak,0.003708242841965866,True,,0.3848196636520359,0.6497106079132287,0.4543186253050498,1.7310488886265443,8.127850080029239,0.28069785365618916,nan,nan,1.0351524353027344,1.143444299697876,1.144346833229065,warmstart,1.0351524353027344,-0.1082918643951416,0.1319444444444445,9,9,25,1.8471410274505615
1936,guarino,superspike,4.002471789517664,polyak,0.0055735504828444615,False,,0.23518536847143084,0.4563823418410149,0.3029158393151565,1.9443671463348255,5.25137332894682,0.27566872126591174,nan,nan,0.8874695301055908,0.8289940357208252,0.8977521657943726,training,0.8289940357208252,0.058475494384765625,0.020761245674740504,8,9,25,1.7974331378936768
1937,van_rossum,superspike,2.808515594097018,polyak,3.707858991723131e-05,False,,0.597448013894181,0.6456068905754083,nan,nan,nan,nan,1.4191957914741733,0.8349177603407857,8.472036361694336,8.516059875488281,8.516059875488281,warmstart,8.472036361694336,-0.04402351379394531,0.0,0,9,25,1.3316261768341064
1938,guarino,superspike,1.3564480216789612,polyak,0.0007698405309673522,True,,0.731799382696819,0.25371146591063387,0.40412875607293497,12.737185694781248,8.037000696399444,0.1264968684045428,nan,nan,1.4316908121109009,0.9537126421928406,0.9537126421928406,training,0.9537126421928406,0.4779781699180603,-0.10526315789473688,10,9,25,1.9259147644042969
1939,van_rossum,superspike,6.896295713248474,polyak,0.05274201558088326,False,,0.28458380778704484,0.07261102994632507,nan,nan,nan,nan,5.637930566305702,0.33114746358809577,5.25754451751709,5.135259628295898,10045291.0,training,5.135259628295898,0.1222848892211914,0.0,0,9,25,1.925551176071167
1940,guarino,superspike,0.7567903714400218,polyak,1.834118771811431e-05,False,,1.0716733610150202,0.24734051739873386,0.34645863927794224,16.494661782797493,10.499729235069148,0.03991579643286832,nan,nan,0.517270028591156,0.5322188138961792,0.5322193503379822,warmstart,0.517270028591156,-0.014948785305023193,0.19377162629757788,8,9,2,2.0857129096984863
1941,van_rossum,superspike,4.0520439377301045,polyak,3.805122560895958e-05,True,,0.5009627578414695,0.8938474925790577,nan,nan,nan,nan,25.659126731401425,0.27581318010003686,2.8907015323638916,3.3982248306274414,3.421168327331543,warmstart,2.8907015323638916,-0.5075232982635498,-0.09027777777777786,7,9,25,4.157224893569946
1942,guarino,superspike,0.614504978193934,polyak,0.011186246638185673,False,,0.783514322193007,0.5576023259469378,0.16198878622872087,11.1038874344328,11.355107995456684,0.12413142074608749,nan,nan,0.7128613591194153,0.8115738034248352,1.105727195739746,warmstart,0.7128613591194153,-0.09871244430541992,-0.5625,9,9,25,1.8279409408569336
1943,guarino,superspike,0.8909451259356433,polyak,2.3572104105209524e-05,False,,1.3795859052126915,0.9390956122822158,0.303469016464195,3.2456160018777354,9.67525690922264,0.12532790767239493,nan,nan,0.2975941300392151,1.1327381134033203,1.1327661275863647,warmstart,0.2975941300392151,-0.8351439833641052,-0.6315789473684211,10,9,25,1.7180359363555908
1944,guarino,superspike,0.5383207792820371,polyak,0.005624214480772527,False,,0.9911786527834718,0.1603523844372664,0.4398012757500832,13.589832023284865,3.927045361514747,0.08628387437069246,nan,nan,0.3922908902168274,0.8877818584442139,0.8883124589920044,warmstart,0.3922908902168274,-0.4954909682273865,-0.5625,9,9,25,1.8406908512115479
1945,van_rossum,superspike,9.593317761774085,polyak,0.0029449470847372847,False,,0.4821049963162994,0.8788879414758693,nan,nan,nan,nan,1.7576258195764007,0.2544871352963467,6.1927971839904785,5.838691234588623,6.184340476989746,training,5.838691234588623,0.35410594940185547,0.7128027681660901,8,9,25,1.4085097312927246
1946,guarino,superspike,1.5943067693969655,polyak,0.00047158741131938375,False,,1.3409778834227675,0.9684526631278706,0.48829912115096813,16.177903119836333,6.509945562495578,0.013605220847693,nan,nan,0.9760590195655823,1.6203292608261108,1.6279226541519165,warmstart,0.9760590195655823,-0.6442702412605286,-0.21527777777777773,9,9,25,1.8311340808868408
1947,guarino,superspike,8.224769327199773,polyak,0.002291435475492382,True,,1.0150343436052927,0.5629937130930746,0.09682674467234151,9.878012932547685,18.455377348624086,0.06353805716745571,nan,nan,0.5447983145713806,0.72965407371521,15.694565773010254,warmstart,0.5447983145713806,-0.18485575914382935,-0.21527777777777773,9,9,25,1.8424770832061768
1948,van_rossum,superspike,1.301875373827526,polyak,0.012314778865144095,True,,1.4821829250145209,0.9540210656785383,nan,nan,nan,nan,10.69386783810898,0.15173916973476442,2.089322566986084,2.0355470180511475,2.1307101249694824,training,2.0355470180511475,0.05377554893493652,0.6527777777777778,9,9,25,2.3157799243927
1949,guarino,superspike,14.102804263104625,polyak,1.7469969132915203e-05,False,,1.2222001018864146,0.18373221798871375,0.14906193109946228,19.537470881334453,18.334922417070374,0.24382780142206037,nan,nan,0.9471766948699951,1.0113208293914795,29.849653244018555,warmstart,0.9471766948699951,-0.06414413452148438,0.020761245674740504,8,9,25,1.7286572456359863
1950,guarino,superspike,0.6035298026511134,polyak,0.0014970128976571303,True,,0.10627489733853862,0.06175353258437599,0.1536046222254959,18.5864644688661,13.137773178541103,0.19542045120614834,nan,nan,0.5883356332778931,0.4769323468208313,1.2094441652297974,training,0.4769323468208313,0.11140328645706177,-0.04166666666666662,9,9,25,1.8651518821716309
1951,van_rossum,superspike,19.75027856977606,polyak,0.0008979427104305445,False,,0.34376722643509017,0.19684893887181631,nan,nan,nan,nan,3.2404574378633844,0.36050216244773137,2.0859947204589844,6.164944171905518,476269.96875,warmstart,2.0859947204589844,-4.078949451446533,1.0,9,9,25,1.543734073638916
1952,van_rossum,superspike,3.750604811438371,polyak,0.0008530935378741261,True,,1.279991271422952,0.1588757522205071,nan,nan,nan,nan,9.431094578714417,0.9319271562111245,8.048813819885254,11.985822677612305,15.30189323425293,warmstart,8.048813819885254,-3.937008857727051,-0.5625,9,9,25,2.5854759216308594
1953,van_rossum,superspike,16.68296553855684,polyak,0.0035778661815476305,True,,1.2498515942083985,0.32965628129808633,nan,nan,nan,nan,16.35031717599922,0.2640285261077333,3.864107370376587,3.7344436645507812,14.122762680053711,training,3.7344436645507812,0.12966370582580566,-1.0,27,9,25,3.1381969451904297
1954,guarino,superspike,6.056477644288288,polyak,0.0001480622399659453,False,,0.04594081025390234,0.7691862012248887,0.3313368096234238,5.758641874025142,19.269278855723634,0.2695284089441042,nan,nan,0.500460684299469,0.8706440329551697,0.8721790909767151,warmstart,0.500460684299469,-0.3701833486557007,-0.5625,9,9,25,3.8331151008605957
1955,van_rossum,superspike,3.2873458183907007,polyak,0.00034484999512762623,True,,0.014293360394345478,0.5242776102294425,nan,nan,nan,nan,14.224027574175988,0.7537599840482704,7.576756477355957,7.3377366065979,31.875518798828125,training,7.3377366065979,0.23901987075805664,0.0,0,9,25,3.1347458362579346
1956,van_rossum,superspike,1.9862951316301027,polyak,0.0007299608464783761,False,,0.6545006032153826,0.49047193099862707,nan,nan,nan,nan,18.994993897093575,0.1420167390314192,1.98647141456604,2.1388328075408936,2.138843059539795,warmstart,1.98647141456604,-0.15236139297485352,0.30555555555555564,9,9,25,6.476801156997681
1957,guarino,superspike,1.0844377244548689,polyak,3.7256210369178034e-05,True,,0.8581800195510076,0.7048747830502877,0.4468511617234343,12.179472325557475,4.425398863339063,0.21399504739210695,nan,nan,0.33785271644592285,0.36869940161705017,0.3731236159801483,warmstart,0.33785271644592285,-0.03084668517112732,0.30555555555555564,9,9,25,2.014014959335327
1958,guarino,superspike,1.6733927077304713,polyak,0.0004195222520740047,False,,0.9219303804620862,0.8522040869885862,0.3267124820957039,14.795545791924367,6.560488626258246,0.1762245171548143,nan,nan,0.7800738215446472,0.8668349385261536,0.9283657670021057,warmstart,0.7800738215446472,-0.08676111698150635,-0.49826989619377166,8,9,25,1.8429529666900635
1959,van_rossum,superspike,2.8298875589062056,polyak,0.008492443656620491,True,,0.18385867894378222,0.9247144717363909,nan,nan,nan,nan,13.225839153311291,0.47207234885153215,4.400043964385986,1.912658452987671,4.3415350914001465,training,1.912658452987671,2.4873855113983154,1.0,9,9,25,2.8885788917541504
1960,guarino,superspike,14.175703099050853,polyak,0.08380754184623063,True,,1.1650649807395124,0.70401322147579,0.2839738856041564,3.0089514710348237,11.637224114092348,0.16897590628924367,nan,nan,0.574929416179657,0.6889915466308594,1.3065506219863892,warmstart,0.574929416179657,-0.11406213045120239,0.07017543859649122,10,9,25,4.558902025222778
1961,guarino,superspike,0.9402729361066983,polyak,0.0016020809457956387,True,,0.24194633814967953,0.6137121819014334,0.45761781134043394,15.06482293547766,4.981583557639819,0.07152184610135699,nan,nan,0.5909807682037354,0.5619066953659058,0.575678825378418,training,0.5619066953659058,0.02907407283782959,0.020761245674740504,8,9,25,2.500502109527588
1962,van_rossum,superspike,18.075208984533244,polyak,0.0007058489046500016,False,,1.0760844906688556,0.42527148759526157,nan,nan,nan,nan,26.84780100844499,0.9085178895200433,9.7938871383667,8.199495315551758,11.647249221801758,training,8.199495315551758,1.5943918228149414,0.06060606060606066,13,9,3,4.213335037231445
1963,guarino,superspike,1.3559016852815635,polyak,4.859601281172074e-05,False,,0.19534060498106048,0.26116605348524646,0.41957569639572034,6.462923249523012,18.246089936963592,0.07356873501204467,nan,nan,0.808619499206543,1.136474370956421,1.1364786624908447,warmstart,0.808619499206543,-0.32785487174987793,0.9473684210526316,10,9,25,1.828009843826294
1964,van_rossum,superspike,8.81023656154161,polyak,0.00039716076285760437,False,,0.12961013002153982,0.27875359925262033,nan,nan,nan,nan,9.524150530413552,0.9934869048718982,4.952546119689941,7.771104335784912,7.771104335784912,warmstart,4.952546119689941,-2.8185582160949707,-0.5625,9,9,25,2.2299861907958984
1965,van_rossum,superspike,1.5484667032642134,polyak,0.01244556553514931,True,,0.25704033558836403,0.28573971325346015,nan,nan,nan,nan,3.6127700867058676,0.3230294026882299,5.279513359069824,4.801380157470703,7.599880218505859,training,4.801380157470703,0.4781332015991211,-0.007905138339921132,14,9,25,1.620755910873413
1966,guarino,superspike,0.6588012558334893,polyak,0.0001606417089022658,True,,1.0033254752336487,0.7641703142252281,0.08083074867963118,12.544735994938481,3.6056393044911044,0.2271719893190786,nan,nan,0.35520410537719727,0.8698116540908813,0.8940853476524353,warmstart,0.35520410537719727,-0.5146075487136841,-0.5625,9,9,25,1.854963779449463
1967,van_rossum,superspike,0.6980926145324438,polyak,0.002377979418099476,False,,0.7650763819564698,0.5209001456603295,nan,nan,nan,nan,5.958181701247746,0.6396155149429257,5.7870378494262695,8.351491928100586,33028.33984375,warmstart,5.7870378494262695,-2.5644540786743164,0.020761245674740504,8,9,5,1.6318540573120117
1968,guarino,superspike,2.499461193935942,polyak,9.655796729393277e-05,False,,1.1431808107587065,0.08694130420285084,0.29660144313013587,6.498536778023804,4.927930006179697,0.2626916042987745,nan,nan,0.19377176463603973,0.1217711940407753,3776512.75,training,0.1217711940407753,0.07200057059526443,1.0,9,9,25,1.9386870861053467
1969,van_rossum,superspike,1.8796261337898186,polyak,6.637697761347702e-05,True,,0.18578090421206145,0.9430426908083844,nan,nan,nan,nan,40.58332553112422,0.5079329975220271,3.730952262878418,4.321907997131348,4.321913242340088,warmstart,3.730952262878418,-0.5909557342529297,0.30555555555555564,9,9,25,5.128915786743164
1970,van_rossum,superspike,8.042148167678633,polyak,0.006505994470207257,False,,0.2789283240302603,0.30241481518332103,nan,nan,nan,nan,14.595796489296049,0.49436529642132665,4.264984130859375,5.724166393280029,198810.546875,warmstart,4.264984130859375,-1.4591822624206543,-0.5625,9,9,25,2.775993824005127
1971,guarino,superspike,2.5332974451483716,polyak,0.038856976133601624,True,,0.08645320502639542,0.8451689806270761,0.3252571128888716,1.3082933765437392,8.251394609626084,0.26642713668574325,nan,nan,1.5045803785324097,1.349997878074646,3.2681751251220703,training,1.349997878074646,0.15458250045776367,0.035714285714285705,5,9,9,1.8358030319213867
1972,van_rossum,superspike,2.30106215203344,polyak,5.8297386563470105e-05,True,,0.6295959412939011,0.7329127109494125,nan,nan,nan,nan,6.418331828814149,0.7320966846050432,7.849098205566406,9.637357711791992,11.16765308380127,warmstart,7.849098205566406,-1.788259506225586,-0.08058608058608058,4,9,25,1.8615398406982422
1973,van_rossum,superspike,1.8203503864188102,polyak,0.003216524265690151,True,,0.5864381827955563,0.4752015711614158,nan,nan,nan,nan,4.9302000374377215,0.025868607974236513,2.3323557376861572,2.194526433944702,3.2789323329925537,training,2.194526433944702,0.13782930374145508,0.36678200692041524,8,9,25,1.705915927886963
1974,guarino,superspike,3.0391275260522894,polyak,0.023908036351425365,True,,0.11618253199113948,0.6131883133805259,0.21719772905783208,6.8300134004431055,18.92919555728362,0.25914224974559064,nan,nan,0.4315005838871002,1.7741093635559082,3324268.0,warmstart,0.4315005838871002,-1.342608779668808,-0.04166666666666662,9,9,25,1.8361120223999023
1975,guarino,superspike,0.590251293420647,polyak,0.0014129457674149871,True,,0.6466139825701589,0.919405710026515,0.163657737466082,13.063458667454043,4.837803438436108,0.1829540237059882,nan,nan,0.6628091931343079,0.7120267152786255,0.7484773397445679,warmstart,0.6628091931343079,-0.04921752214431763,0.19377162629757788,8,9,25,1.8168697357177734
1976,van_rossum,superspike,0.5979948594761145,polyak,0.007610820317116179,False,,0.28033849635782193,0.8001665355191346,nan,nan,nan,nan,43.570957465469306,0.14796454041617413,1.6736419200897217,1.8301581144332886,1.867232322692871,warmstart,1.6736419200897217,-0.1565161943435669,-0.21527777777777773,9,9,25,5.143817901611328
1977,van_rossum,superspike,0.8820155353856921,polyak,1.0417323666751362e-05,True,,0.023786430480783938,0.880416601094507,nan,nan,nan,nan,7.933771213961509,0.9300857026247007,6.928953647613525,6.940736293792725,6.941235065460205,warmstart,6.928953647613525,-0.011782646179199219,0.07017543859649122,10,9,25,1.9560530185699463
1978,guarino,superspike,2.6752226165506414,polyak,0.0017153990302930606,True,,0.348384583757521,0.4044272287292764,0.1058889344150797,8.785622997060955,9.871716647400469,0.2573316262903371,nan,nan,0.6801809668540955,0.641860842704773,0.9399148225784302,training,0.641860842704773,0.03832012414932251,-0.04166666666666662,9,9,25,1.7520461082458496
1979,van_rossum,superspike,3.0939447198518386,polyak,2.0527724002116843e-05,True,,1.0108322526420426,0.07961508991011457,nan,nan,nan,nan,4.405983093151893,0.8716218660219226,7.520353317260742,10.585172653198242,29.71477699279785,warmstart,7.520353317260742,-3.0648193359375,-0.49826989619377166,8,9,25,1.6284518241882324
1980,guarino,superspike,6.073380729129934,polyak,0.00031912797499372665,True,,1.2503181652999413,0.10333620513771213,0.10711754863439091,4.753696501989108,15.507685633598301,0.12266871291062516,nan,nan,0.6368367671966553,1.9300451278686523,3643.6357421875,warmstart,0.6368367671966553,-1.293208360671997,0.19377162629757788,8,9,25,1.851928949356079
1981,van_rossum,superspike,1.286217016052601,polyak,3.918976995741641e-05,False,,0.7693631882272809,0.7834571958778959,nan,nan,nan,nan,3.137798631546328,0.22530241839944243,4.625578880310059,6.315031051635742,6.315036773681641,warmstart,4.625578880310059,-1.6894521713256836,-0.2637362637362637,4,9,25,1.449678897857666
1982,van_rossum,superspike,0.7605376997853168,polyak,0.001870130180020273,True,,0.027586336836807446,0.3253739638170887,nan,nan,nan,nan,19.640900678166247,0.5671612650260006,5.540268898010254,5.584000587463379,6.022651195526123,warmstart,5.540268898010254,-0.043731689453125,0.30555555555555564,9,9,25,3.5557920932769775
1983,guarino,superspike,3.166236636712821,polyak,0.025888283016309837,False,,0.8256278223348745,0.030789987938643293,0.09200168357462618,5.1937350136672125,14.67457119317637,0.012332645233892535,nan,nan,0.4609734117984772,0.6388823986053467,6986760.5,warmstart,0.4609734117984772,-0.1779089868068695,0.30555555555555564,9,9,25,1.7185132503509521
1984,guarino,superspike,3.2508434690238603,polyak,0.01725873359744461,False,,0.9766427301749732,0.8358760260701193,0.08891880901305517,12.553337175364545,12.422881941384667,0.18212956034860497,nan,nan,0.49158787727355957,0.5109207630157471,7.509110450744629,warmstart,0.49158787727355957,-0.0193328857421875,0.8263888888888888,9,9,3,1.6799218654632568
1985,guarino,superspike,5.621414775273429,polyak,0.0004634399351920568,False,,1.3649264633134663,0.9001758790394554,0.29250119891446696,9.711508622126486,6.138373613061844,0.1379706132000255,nan,nan,0.3695298433303833,0.3856458365917206,0.38733425736427307,warmstart,0.3695298433303833,-0.01611599326133728,0.30555555555555564,9,9,25,2.9379420280456543
1986,guarino,superspike,1.5906856190555554,polyak,8.379979981666924e-05,False,,0.08871250082816867,0.5030221006475523,0.2189499103632457,1.7662545873590152,16.435725972812527,0.24248527913986184,nan,nan,1.09151029586792,0.5269421339035034,0.5304726958274841,training,0.5269421339035034,0.5645681619644165,-0.21527777777777773,9,9,25,2.0484862327575684
1987,guarino,superspike,17.94904769123484,polyak,0.00026431601944882716,True,,0.19282731950048526,0.8839277032445828,0.056722278792381654,18.24162077556756,2.1736684598945706,0.22579780745248446,nan,nan,0.7359906435012817,1.5036996603012085,1.5078307390213013,warmstart,0.7359906435012817,-0.7677090167999268,0.1319444444444445,9,9,25,1.8267498016357422
1988,guarino,superspike,4.089114913447619,polyak,0.00013313700113076984,True,,1.0198228057018008,0.7696290236599684,0.49107872567818595,9.35561701689594,8.11719222433748,0.2919524579580449,nan,nan,0.4485945999622345,0.8187371492385864,2.254215955734253,warmstart,0.4485945999622345,-0.37014254927635193,-0.5625,9,9,25,1.797123908996582
1989,guarino,superspike,18.941465831982597,polyak,0.023349571365786057,False,,0.16869753979870838,0.8821175076099885,0.18548900468903234,14.231330039159948,3.238615772938827,0.05116010169554997,nan,nan,0.3571641147136688,0.3571641147136688,0.8611197471618652,warmstart,0.3571641147136688,0.0,0.8263888888888888,9,9,25,1.742729902267456
1990,guarino,superspike,2.3467857131878223,polyak,0.06175771402194687,True,,1.2893769161361766,0.4508064053934434,0.061187019039710557,19.486059861222966,1.1913572174284563,0.25683890150701155,nan,nan,0.41429415345191956,0.6257416009902954,2664339.5,warmstart,0.41429415345191956,-0.21144744753837585,-0.5625,9,9,25,1.851410150527954
1991,guarino,superspike,3.4999230143244784,polyak,0.00041667779524360286,False,,1.3385670551715823,0.6173459102698032,0.4844155143460413,8.127413914093575,2.671435243882671,0.014295691158452594,nan,nan,0.5388283729553223,0.608538806438446,0.6085516810417175,warmstart,0.5388283729553223,-0.06971043348312378,-0.04166666666666662,9,9,25,1.7254600524902344
1992,van_rossum,superspike,2.644321825419608,polyak,0.022497647861802472,True,,0.9660122381010438,0.36473923633451977,nan,nan,nan,nan,16.655723031105012,0.3196134369203022,3.165287971496582,3.2285563945770264,19.125572204589844,warmstart,3.165287971496582,-0.06326842308044434,0.19377162629757788,8,9,25,3.052309036254883
1993,guarino,superspike,5.189171429052917,polyak,0.0014441567006621026,False,,0.30746742501261126,0.70042108267938,0.2604451264984486,9.862918815145065,1.0455734036359257,0.09083945918818105,nan,nan,0.4322102665901184,0.5314426422119141,0.735816240310669,warmstart,0.4322102665901184,-0.09923237562179565,0.1319444444444445,9,9,25,1.706146001815796
1994,van_rossum,superspike,1.128544162675403,polyak,0.007176383974719945,True,,0.3657822018838065,0.03179229969678765,nan,nan,nan,nan,1.3393031070977832,0.04654153059819277,4.678918838500977,4.503964900970459,4.503964900970459,training,4.503964900970459,0.17495393753051758,0.25296442687747034,2,9,25,1.3401470184326172
1995,van_rossum,superspike,3.8561730666034713,polyak,1.8191414900142884e-05,True,,0.6447520233390206,0.1724114368826134,nan,nan,nan,nan,4.302649723084829,0.3367550321837147,4.74782657623291,5.252343654632568,1477.9754638671875,warmstart,4.74782657623291,-0.5045170783996582,0.24561403508771928,10,9,25,1.5610578060150146
1996,van_rossum,superspike,5.646906533299584,polyak,0.044957805980427805,True,,0.8122587962157652,0.07372331281340994,nan,nan,nan,nan,16.357548370702112,0.16227227137325584,1.7417877912521362,2.8899600505828857,1768608.25,warmstart,1.7417877912521362,-1.1481722593307495,-0.5625,9,9,25,2.932737112045288
1997,guarino,superspike,0.7412926935603257,polyak,0.000319831833918695,False,,1.1760082775200704,0.6841401293327246,0.24141056540380454,9.39681440793682,5.292933398279881,0.04114275028174508,nan,nan,0.5428179502487183,0.680305540561676,1.2894517183303833,warmstart,0.5428179502487183,-0.13748759031295776,0.07017543859649122,10,9,7,1.6273777484893799
1998,van_rossum,superspike,5.973279840634336,polyak,0.01733711786727645,False,,1.0507226961030023,0.8962986382104764,nan,nan,nan,nan,2.505109146103701,0.6613851460624768,6.7378668785095215,9.720325469970703,15596.8232421875,warmstart,6.7378668785095215,-2.9824585914611816,0.43055555555555547,7,9,8,1.3317513465881348
1999,guarino,superspike,6.142414952101263,polyak,0.029154235674939747,False,,0.48949705450467207,0.2335699383724712,0.2399274578647094,15.601077912485371,10.553304558106724,0.1554872183753704,nan,nan,0.23061273992061615,0.39033016562461853,2236090.5,warmstart,0.23061273992061615,-0.15971742570400238,1.0,9,9,25,1.6805100440979004
